x_m,y_m,pressure_Pa,permeability_m2,velocity_x_m_s,velocity_y_m_s
6.250000000000000130e-04,3.125000000000000065e-04,9.954695620591493821e+01,1.000000000000000036e-10,7.249524646477936100e-05,-4.119705582752430038e-09
1.874999999999999931e-03,3.125000000000000065e-04,9.864066263246557753e+01,1.000000000000000036e-10,7.252839843005573354e-05,-1.245627705429796658e-08
3.125000000000000173e-03,3.125000000000000065e-04,9.773374624516354459e+01,1.000000000000000036e-10,7.259548357419019077e-05,-2.108629501321956620e-08
4.375000000000000416e-03,3.125000000000000065e-04,9.682577554311082224e+01,1.000000000000000036e-10,7.269808006412061744e-05,-3.021194994971664687e-08
5.624999999999999792e-03,3.125000000000000065e-04,9.591629424356052880e+01,1.000000000000000036e-10,7.283859455282026222e-05,-4.004529439953329821e-08
6.875000000000000035e-03,3.125000000000000065e-04,9.500481067929031553e+01,1.000000000000000036e-10,7.302030958227247160e-05,-5.081222032913500953e-08
8.125000000000000278e-03,3.125000000000000065e-04,9.409078650400371657e+01,1.000000000000000036e-10,7.324744689729184902e-05,-6.275643718254285940e-08
9.374999999999999653e-03,3.125000000000000065e-04,9.317362450685801889e+01,1.000000000000000036e-10,7.352524657479930022e-05,-7.614340157033436965e-08
1.062500000000000076e-02,3.125000000000000065e-04,9.225265533963373343e+01,1.000000000000000036e-10,7.386006158975475444e-05,-9.126410590511111080e-08
1.187500000000000014e-02,3.125000000000000065e-04,9.132712296711414979e+01,1.000000000000000036e-10,7.425946694605157627e-05,-1.084385722401748207e-07
1.312499999999999951e-02,3.125000000000000065e-04,9.039616866598244371e+01,1.000000000000000036e-10,7.473238171825981335e-05,-1.280188138605353536e-07
1.437500000000000062e-02,3.125000000000000065e-04,8.945881342415765403e+01,1.000000000000000036e-10,7.528920117527604003e-05,-1.503909146481418743e-07
1.562500000000000000e-02,3.125000000000000065e-04,8.851393863660054251e+01,1.000000000000000036e-10,7.594193445986376035e-05,-1.759757276442996638e-07
1.687500000000000111e-02,3.125000000000000065e-04,8.756026506266105969e+01,1.000000000000000036e-10,7.670434091922571397e-05,-2.052275020332671758e-07
1.812499999999999875e-02,3.125000000000000065e-04,8.659633011361989929e+01,1.000000000000000036e-10,7.759205493351315397e-05,-2.386295051076103125e-07
1.937499999999999986e-02,3.125000000000000065e-04,8.562046368932323048e+01,1.000000000000000036e-10,7.862268476316329371e-05,-2.766854097103532165e-07
2.062500000000000097e-02,3.125000000000000065e-04,8.463076299454081663e+01,1.000000000000000036e-10,7.981586532682569102e-05,-3.199048721171493058e-07
2.187500000000000208e-02,3.125000000000000065e-04,8.362506705615258795e+01,1.000000000000000036e-10,8.119323777205976565e-05,-3.687813504996028205e-07
2.312499999999999972e-02,3.125000000000000065e-04,8.260093205023932228e+01,1.000000000000000036e-10,8.277832018377861891e-05,-4.237598553572751430e-07
2.437500000000000083e-02,3.125000000000000065e-04,8.155560905155812179e+01,1.000000000000000036e-10,8.459622403256501571e-05,-4.851920690327914578e-07
2.562500000000000194e-02,3.125000000000000065e-04,8.048602644942519646e+01,1.000000000000000036e-10,8.667316071491539030e-05,-5.532762721429662091e-07
2.687499999999999958e-02,3.125000000000000065e-04,7.938878003368523650e+01,1.000000000000000036e-10,8.903567326730464984e-05,-6.279800040556436626e-07
2.812500000000000069e-02,3.125000000000000065e-04,7.826013461774257962e+01,1.000000000000000036e-10,9.170952265480819847e-05,-7.089446896952720756e-07
2.937500000000000180e-02,3.125000000000000065e-04,7.709604196731503123e+01,1.000000000000000036e-10,9.471816000380383640e-05,-7.953739848005625034e-07
3.062499999999999944e-02,3.125000000000000065e-04,7.589218061764748313e+01,1.000000000000000036e-10,9.808073137792176321e-05,-8.859117022564077288e-07
3.187500000000000056e-02,3.125000000000000065e-04,7.464402368286698675e+01,1.000000000000000036e-10,1.018095967918435237e-04,-9.785210047004964516e-07
3.312500000000000167e-02,3.125000000000000065e-04,7.334694069785139448e+01,1.000000000000000036e-10,1.059074058235506550e-04,-1.070383511151930775e-06
3.437500000000000278e-02,3.125000000000000065e-04,7.199633853727821986e+01,1.000000000000000036e-10,1.103638591285851817e-04,-1.157843141363627918e-06
3.562500000000000389e-02,3.125000000000000065e-04,7.058784421963676436e+01,1.000000000000000036e-10,1.151523874638183927e-04,-1.236421026251264031e-06
3.687499999999999806e-02,3.125000000000000065e-04,6.911752885068275987e+01,1.000000000000000036e-10,1.202270682006729866e-04,-1.300919342178303586e-06
3.812499999999999917e-02,3.125000000000000065e-04,6.758216751461993965e+01,1.000000000000000036e-10,1.255201285673575567e-04,-1.345610841167399251e-06
3.937500000000000028e-02,3.125000000000000065e-04,6.597952563649882052e+01,1.000000000000000036e-10,1.309403245072121341e-04,-1.364487128761311223e-06
4.062500000000000139e-02,3.125000000000000065e-04,6.430865940193963581e+01,1.000000000000000036e-10,1.363723889548680167e-04,-1.351545095064920732e-06
4.187500000000000250e-02,3.125000000000000065e-04,6.257021591262711979e+01,1.000000000000000036e-10,1.416778088915790902e-04,-1.301164873289053256e-06
4.312500000000000361e-02,3.125000000000000065e-04,6.076671417965015820e+01,1.000000000000000036e-10,1.466976063178460771e-04,-1.208733839843602888e-06
4.437499999999999778e-02,3.125000000000000065e-04,5.890277575468096671e+01,1.000000000000000036e-10,1.512582877816987339e-04,-1.071606892081149198e-06
4.562499999999999889e-02,3.125000000000000065e-04,5.698525698510768933e+01,1.000000000000000036e-10,1.551818036979625147e-04,-8.901510660501797298e-07
4.687500000000000000e-02,3.125000000000000065e-04,5.502323066223190295e+01,1.000000000000000036e-10,1.582990071189078226e-04,-6.684506444207726563e-07
4.812500000000000111e-02,3.125000000000000065e-04,5.302778180713499268e+01,1.000000000000000036e-10,1.604651445326370684e-04,-4.146180624428551893e-07
4.937500000000000222e-02,3.125000000000000065e-04,5.101160204891597516e+01,1.000000000000000036e-10,1.615753542403452927e-04,-1.404867914135365615e-07
5.062500000000000333e-02,3.125000000000000065e-04,4.898839795112635898e+01,1.000000000000000036e-10,1.615753542403487080e-04,1.404867914101259569e-07
5.187500000000000444e-02,3.125000000000000065e-04,4.697221819290725620e+01,1.000000000000000036e-10,1.604651445326441971e-04,4.146180624417183123e-07
5.312499999999999861e-02,3.125000000000000065e-04,4.497676933781025355e+01,1.000000000000000036e-10,1.582990071189197760e-04,6.684506444213410154e-07
5.437499999999999972e-02,3.125000000000000065e-04,4.301474301493426111e+01,1.000000000000000036e-10,1.551818036979795909e-04,8.901510660496112648e-07
5.562500000000000083e-02,3.125000000000000065e-04,4.109722424536076346e+01,1.000000000000000036e-10,1.512582877817186290e-04,1.071606892080580839e-06
5.687500000000000194e-02,3.125000000000000065e-04,3.923328582039129486e+01,1.000000000000000036e-10,1.466976063178722335e-04,1.208733839843602888e-06
5.812500000000000305e-02,3.125000000000000065e-04,3.742978408741395668e+01,1.000000000000000036e-10,1.416778088916089058e-04,1.301164873288484686e-06
5.937500000000000416e-02,3.125000000000000065e-04,3.569134059810107118e+01,1.000000000000000036e-10,1.363723889549009764e-04,1.351545095065489091e-06
6.062499999999999833e-02,3.125000000000000065e-04,3.402047436354143173e+01,1.000000000000000036e-10,1.309403245072482381e-04,1.364487128761311223e-06
6.187499999999999944e-02,3.125000000000000065e-04,3.241783248541986495e+01,1.000000000000000036e-10,1.255201285673962085e-04,1.345610841163988673e-06
6.312500000000000056e-02,3.125000000000000065e-04,3.088247114935652604e+01,1.000000000000000036e-10,1.202270682007153111e-04,1.300919342174608828e-06
6.437500000000000167e-02,3.125000000000000065e-04,2.941215578040198153e+01,1.000000000000000036e-10,1.151523874638614355e-04,1.236421026250695672e-06
6.562500000000000278e-02,3.125000000000000065e-04,2.800366146275998958e+01,1.000000000000000036e-10,1.103638591286316533e-04,1.157843141364196277e-06
6.687500000000000389e-02,3.125000000000000065e-04,2.665305930218618968e+01,1.000000000000000036e-10,1.059074058235999591e-04,1.070383511151646596e-06
6.812500000000000500e-02,3.125000000000000065e-04,2.535597631716998990e+01,1.000000000000000036e-10,1.018095967918948336e-04,9.785210047007806311e-07
6.937500000000000611e-02,3.125000000000000065e-04,2.410781938238881850e+01,1.000000000000000036e-10,9.808073137797974092e-05,8.859117022572603734e-07
7.062500000000000722e-02,3.125000000000000065e-04,2.290395803272049591e+01,1.000000000000000036e-10,9.471816000386552750e-05,7.953739847999940385e-07
7.187500000000000833e-02,3.125000000000000065e-04,2.173986538229218013e+01,1.000000000000000036e-10,9.170952265487413151e-05,7.089446896955563611e-07
7.312499999999999556e-02,3.125000000000000065e-04,2.061121996634864217e+01,1.000000000000000036e-10,8.903567326737485193e-05,6.279800040539383735e-07
7.437499999999999667e-02,3.125000000000000065e-04,1.951397355060780825e+01,1.000000000000000036e-10,8.667316071498786922e-05,5.532762721387028806e-07
7.562499999999999778e-02,3.125000000000000065e-04,1.844439094847394500e+01,1.000000000000000036e-10,8.459622403264558548e-05,4.851920690322230987e-07
7.687499999999999889e-02,3.125000000000000065e-04,1.739906794979166804e+01,1.000000000000000036e-10,8.277832018386589719e-05,4.237598553581278405e-07
7.812500000000000000e-02,3.125000000000000065e-04,1.637493294387729748e+01,1.000000000000000036e-10,8.119323777215100126e-05,3.687813504998870530e-07
7.937500000000000111e-02,3.125000000000000065e-04,1.536923700548789284e+01,1.000000000000000036e-10,7.981586532691890530e-05,3.199048721167229835e-07
8.062500000000000222e-02,3.125000000000000065e-04,1.437953631070432436e+01,1.000000000000000036e-10,7.862268476326333847e-05,2.766854097110637712e-07
8.187500000000000333e-02,3.125000000000000065e-04,1.340366988640630908e+01,1.000000000000000036e-10,7.759205493362400009e-05,2.386295051088892793e-07
8.312500000000000444e-02,3.125000000000000065e-04,1.243973493736372404e+01,1.000000000000000036e-10,7.670434091934031414e-05,2.052275020332671758e-07
8.437500000000000555e-02,3.125000000000000065e-04,1.148606136342280060e+01,1.000000000000000036e-10,7.594193445998383574e-05,1.759757276451523083e-07
8.562500000000000666e-02,3.125000000000000065e-04,1.054118657586412766e+01,1.000000000000000036e-10,7.528920117540031671e-05,1.503909146467207913e-07
8.687500000000000777e-02,3.125000000000000065e-04,9.603831334037792544e+00,1.000000000000000036e-10,7.473238171838629909e-05,1.280188138602511211e-07
8.812499999999999500e-02,3.125000000000000065e-04,8.672877032904469985e+00,1.000000000000000036e-10,7.425946694618525839e-05,1.084385722403169370e-07
8.937499999999999611e-02,3.125000000000000065e-04,7.747344660383160608e+00,1.000000000000000036e-10,7.386006158989448099e-05,9.126410590504006591e-08
9.062499999999999722e-02,3.125000000000000065e-04,6.826375493157107677e+00,1.000000000000000036e-10,7.352524657494539646e-05,7.614340156962382812e-08
9.187499999999999833e-02,3.125000000000000065e-04,5.909213496009525279e+00,1.000000000000000036e-10,7.324744689744450469e-05,6.275643718097966010e-08
9.312499999999999944e-02,3.125000000000000065e-04,4.995189320720994530e+00,1.000000000000000036e-10,7.302030958242751251e-05,5.081222032757181022e-08
9.437500000000000056e-02,3.125000000000000065e-04,4.083705756448837043e+00,1.000000000000000036e-10,7.283859455297446287e-05,4.004529439903591120e-08
9.562500000000000167e-02,3.125000000000000065e-04,3.174224456896632240e+00,1.000000000000000036e-10,7.269808006427918201e-05,3.021194994865083458e-08
9.687500000000000278e-02,3.125000000000000065e-04,2.266253754841856871e+00,1.000000000000000036e-10,7.259548357435802526e-05,2.108629501204717003e-08
9.812500000000000389e-02,3.125000000000000065e-04,1.359337367537681418e+00,1.000000000000000036e-10,7.252839843022810813e-05,1.245627705294793503e-08
9.937500000000000500e-02,3.125000000000000065e-04,4.530437940861540280e-01,1.000000000000000036e-10,7.249524646495340255e-05,4.119705584382238061e-09
6.250000000000000130e-04,9.374999999999999653e-04,9.954700770223472261e+01,1.000000000000000036e-10,7.248695847346083368e-05,-1.233482667657881138e-08
1.874999999999999931e-03,9.374999999999999653e-04,9.864081833592875626e+01,1.000000000000000036e-10,7.251991513534050086e-05,-3.729546953877614912e-08
3.125000000000000173e-03,9.374999999999999653e-04,9.773400982385120983e+01,1.000000000000000036e-10,7.258660573774248928e-05,-6.313497579299108503e-08
4.375000000000000416e-03,9.374999999999999653e-04,9.682615319248519370e+01,1.000000000000000036e-10,7.268860056442745911e-05,-9.045892746939895413e-08
5.624999999999999792e-03,9.374999999999999653e-04,9.591679480974052296e+01,1.000000000000000036e-10,7.282829441763053542e-05,-1.199024878303589220e-07
6.875000000000000035e-03,9.374999999999999653e-04,9.500544583204442972e+01,1.000000000000000036e-10,7.300895401088097097e-05,-1.521423382530428827e-07
8.125000000000000278e-03,9.374999999999999653e-04,9.409157095946849836e+01,1.000000000000000036e-10,7.323478130667125359e-05,-1.879086246617589206e-07
9.374999999999999653e-03,9.374999999999999653e-04,9.317457629937764807e+01,1.000000000000000036e-10,7.351099274043802452e-05,-2.279967697234041567e-07
1.062500000000000076e-02,9.374999999999999653e-04,9.225379614095754732e+01,1.000000000000000036e-10,7.384391400441981572e-05,-2.732788772175353443e-07
1.187500000000000014e-02,9.374999999999999653e-04,9.132847844926715197e+01,1.000000000000000036e-10,7.424108959207386814e-05,-3.247142729003370871e-07
1.312499999999999951e-02,9.374999999999999653e-04,9.039776890115570041e+01,1.000000000000000036e-10,7.471140554705584067e-05,-3.833584767892261682e-07
1.437500000000000062e-02,9.374999999999999653e-04,8.946069331059075580e+01,1.000000000000000036e-10,7.526522271838415935e-05,-4.503695658900141378e-07
1.562500000000000000e-02,9.374999999999999653e-04,8.851613833319609626e+01,1.000000000000000036e-10,7.591451616617119814e-05,-5.270104425858333650e-07
1.687500000000000111e-02,9.374999999999999653e-04,8.756283040643647553e+01,1.000000000000000036e-10,7.667301403049405439e-05,-6.146449489267524117e-07
1.812499999999999875e-02,9.374999999999999653e-04,8.659931298243374442e+01,1.000000000000000036e-10,7.755632597967461017e-05,-7.147250399430047433e-07
1.937499999999999986e-02,9.374999999999999653e-04,8.562392225694460990e+01,1.000000000000000036e-10,7.858204707965853186e-05,-8.287653396791937482e-07
2.062500000000000097e-02,9.374999999999999653e-04,8.463476180544228100e+01,1.000000000000000036e-10,7.976981735643106069e-05,-9.583003623549754554e-07
2.187500000000000208e-02,9.374999999999999653e-04,8.362967682303383299e+01,1.000000000000000036e-10,8.114131028043970262e-05,-1.104818544878298550e-06
2.312499999999999972e-02,9.374999999999999653e-04,8.260622904843128822e+01,1.000000000000000036e-10,8.272011482451203457e-05,-1.269666138869069865e-06
2.437500000000000083e-02,9.374999999999999653e-04,8.156167395242103169e+01,1.000000000000000036e-10,8.453146582417217134e-05,-1.453913209737720084e-06
2.562500000000000194e-02,9.374999999999999653e-04,8.049294240282698354e+01,1.000000000000000036e-10,8.660176674740396483e-05,-1.658173934218893597e-06
2.687499999999999958e-02,9.374999999999999653e-04,7.939662978373593205e+01,1.000000000000000036e-10,8.895783905852850347e-05,-1.882374773731498331e-06
2.812500000000000069e-02,9.374999999999999653e-04,7.826899642636377052e+01,1.000000000000000036e-10,9.162582566443573857e-05,-2.125467916719116888e-06
2.937500000000000180e-02,9.374999999999999653e-04,7.710598414212503826e+01,1.000000000000000036e-10,9.462967649752327434e-05,-2.385094848813195875e-06
3.062499999999999944e-02,9.374999999999999653e-04,7.590325451392568823e+01,1.000000000000000036e-10,9.798915786797180089e-05,-2.657217210523867548e-06
3.187500000000000056e-02,9.374999999999999653e-04,7.465625519542574295e+01,1.000000000000000036e-10,1.017173608873957614e-04,-2.935749713099084145e-06
3.312500000000000167e-02,9.374999999999999653e-04,7.336032049174079361e+01,1.000000000000000036e-10,1.058177447552190772e-04,-3.212251252515442759e-06
3.437500000000000278e-02,9.374999999999999653e-04,7.201081157654526521e+01,1.000000000000000036e-10,1.102808403710355174e-04,-3.475749860422182873e-06
3.562500000000000389e-02,9.374999999999999653e-04,7.060329948246490517e+01,1.000000000000000036e-10,1.150808493634110412e-04,-3.712782970994793720e-06
3.687499999999999806e-02,9.374999999999999653e-04,6.913379034245998866e+01,1.000000000000000036e-10,1.201724732932149097e-04,-3.907709730763143879e-06
3.812499999999999917e-02,9.374999999999999653e-04,6.759898765013453215e+01,1.000000000000000036e-10,1.254883446740660510e-04,-4.043286326345877914e-06
3.937500000000000028e-02,9.374999999999999653e-04,6.599658172560833691e+01,1.000000000000000036e-10,1.309373573802633732e-04,-4.101415966607646110e-06
4.062500000000000139e-02,9.374999999999999653e-04,6.432555371562794733e+01,1.000000000000000036e-10,1.364040500826041512e-04,-4.063994832215483768e-06
4.187500000000000250e-02,9.374999999999999653e-04,6.258648047354323296e+01,1.000000000000000036e-10,1.417492145191897256e-04,-3.914007322784412873e-06
4.312500000000000361e-02,9.374999999999999653e-04,6.078182335264820324e+01,1.000000000000000036e-10,1.468123853084500391e-04,-3.637375498109917300e-06
4.437499999999999778e-02,9.374999999999999653e-04,5.891617084083198108e+01,1.000000000000000036e-10,1.514175791685954515e-04,-3.225902895809439846e-06
4.562499999999999889e-02,9.374999999999999653e-04,5.699638387343331658e+01,1.000000000000000036e-10,1.553833818217927021e-04,-2.680514347049437983e-06
4.687500000000000000e-02,9.374999999999999653e-04,5.503158629528716261e+01,1.000000000000000036e-10,1.585367736207115197e-04,-2.013384973350297762e-06
4.812500000000000111e-02,9.374999999999999653e-04,5.303296453291552837e+01,1.000000000000000036e-10,1.607291264591407111e-04,-1.248928859590136951e-06
4.937500000000000222e-02,9.374999999999999653e-04,5.101335813380864437e+01,1.000000000000000036e-10,1.618529066672717864e-04,-4.231709521860693248e-07
5.062500000000000333e-02,9.374999999999999653e-04,4.898664186623373240e+01,1.000000000000000036e-10,1.618529066672763400e-04,4.231709521843639828e-07
5.187500000000000444e-02,9.374999999999999653e-04,4.696703546712673472e+01,1.000000000000000036e-10,1.607291264591497913e-04,1.248928859589000021e-06
5.312499999999999861e-02,9.374999999999999653e-04,4.496841370475498678e+01,1.000000000000000036e-10,1.585367736207237170e-04,2.013384973352003263e-06
5.437499999999999972e-02,9.374999999999999653e-04,4.300361612660864097e+01,1.000000000000000036e-10,1.553833818218091820e-04,2.680514347048869624e-06
5.562500000000000083e-02,9.374999999999999653e-04,4.108382915920975620e+01,1.000000000000000036e-10,1.514175791686156176e-04,3.225902895809439846e-06
5.687500000000000194e-02,9.374999999999999653e-04,3.921817664739324982e+01,1.000000000000000036e-10,1.468123853084761954e-04,3.637375498110485659e-06
5.812500000000000305e-02,9.374999999999999653e-04,3.741351952649785062e+01,1.000000000000000036e-10,1.417492145192198664e-04,3.914007322782707796e-06
5.937500000000000416e-02,9.374999999999999653e-04,3.567444628441275256e+01,1.000000000000000036e-10,1.364040500826373820e-04,4.063994832216620486e-06
6.062499999999999833e-02,9.374999999999999653e-04,3.400341827443191534e+01,1.000000000000000036e-10,1.309373573802974713e-04,4.101415966607646110e-06
6.187499999999999944e-02,9.374999999999999653e-04,3.240101234990531509e+01,1.000000000000000036e-10,1.254883446741028325e-04,4.043286326343604477e-06
6.312500000000000056e-02,9.374999999999999653e-04,3.086620965757934343e+01,1.000000000000000036e-10,1.201724732932586573e-04,3.907709730760017481e-06
6.437500000000000167e-02,9.374999999999999653e-04,2.939670051757384783e+01,1.000000000000000036e-10,1.150808493634562253e-04,3.712782970993088643e-06
6.562500000000000278e-02,9.374999999999999653e-04,2.798918842349293712e+01,1.000000000000000036e-10,1.102808403710821245e-04,3.475749860424740913e-06
6.687500000000000389e-02,9.374999999999999653e-04,2.663967950829679410e+01,1.000000000000000036e-10,1.058177447552682458e-04,3.212251252515159003e-06
6.812500000000000500e-02,9.374999999999999653e-04,2.534374480461123014e+01,1.000000000000000036e-10,1.017173608874476405e-04,2.935749713100505467e-06
6.937500000000000611e-02,9.374999999999999653e-04,2.409674548611060274e+01,1.000000000000000036e-10,9.798915786802934492e-05,2.657217210525856805e-06
7.062500000000000722e-02,9.374999999999999653e-04,2.289401585791049598e+01,1.000000000000000036e-10,9.462967649758466729e-05,2.385094848812342913e-06
7.187500000000000833e-02,9.374999999999999653e-04,2.173100357367098567e+01,1.000000000000000036e-10,9.162582566450110241e-05,2.125467916721958683e-06
7.312499999999999556e-02,9.374999999999999653e-04,2.060337021629796794e+01,1.000000000000000036e-10,8.895783905859642874e-05,1.882374773730361613e-06
7.437499999999999667e-02,9.374999999999999653e-04,1.950705759720607446e+01,1.000000000000000036e-10,8.660176674747701296e-05,1.658173934216904129e-06
7.562499999999999778e-02,9.374999999999999653e-04,1.843832604761104221e+01,1.000000000000000036e-10,8.453146582425530254e-05,1.453913209739141405e-06
7.687499999999999889e-02,9.374999999999999653e-04,1.739377095159969144e+01,1.000000000000000036e-10,8.272011482459971942e-05,1.269666138870206584e-06
7.812500000000000000e-02,9.374999999999999653e-04,1.637032317699604889e+01,1.000000000000000036e-10,8.114131028053028771e-05,1.104818544880288018e-06
7.937500000000000111e-02,9.374999999999999653e-04,1.536523819458643381e+01,1.000000000000000036e-10,7.976981735652449181e-05,9.583003623556861161e-07
8.062500000000000222e-02,9.374999999999999653e-04,1.437607774308293607e+01,1.000000000000000036e-10,7.858204707975941688e-05,8.287653396827464161e-07
8.187500000000000333e-02,9.374999999999999653e-04,1.340068701759244796e+01,1.000000000000000036e-10,7.755632597978510392e-05,7.147250399451364075e-07
8.312500000000000444e-02,9.374999999999999653e-04,1.243716959358830820e+01,1.000000000000000036e-10,7.667301403060846482e-05,6.146449489278892358e-07
8.437500000000000555e-02,9.374999999999999653e-04,1.148386166682723619e+01,1.000000000000000036e-10,7.591451616629056880e-05,5.270104425882493148e-07
8.562500000000000666e-02,9.374999999999999653e-04,1.053930668943104365e+01,1.000000000000000036e-10,7.526522271850786682e-05,4.503695658871719187e-07
8.687500000000000777e-02,9.374999999999999653e-04,9.602231098864539405e+00,1.000000000000000036e-10,7.471140554718308535e-05,3.833584767897945273e-07
8.812499999999999500e-02,9.374999999999999653e-04,8.671521550751466023e+00,1.000000000000000036e-10,7.424108959220765869e-05,3.247142728999107649e-07
8.937499999999999611e-02,9.374999999999999653e-04,7.746203859059347607e+00,1.000000000000000036e-10,7.384391400455913570e-05,2.732788772152615902e-07
9.062499999999999722e-02,9.374999999999999653e-04,6.825423700637487379e+00,1.000000000000000036e-10,7.351099274058336182e-05,2.279967697220541185e-07
9.187499999999999833e-02,9.374999999999999653e-04,5.908429040544763033e+00,1.000000000000000036e-10,7.323478130682348913e-05,1.879086246593430768e-07
9.312499999999999944e-02,9.374999999999999653e-04,4.994554167966899882e+00,1.000000000000000036e-10,7.300895401103654043e-05,1.521423382513375671e-07
9.437500000000000056e-02,9.374999999999999653e-04,4.083205190268849094e+00,1.000000000000000036e-10,7.282829441778500713e-05,1.199024878278720333e-07
9.562500000000000167e-02,9.374999999999999653e-04,3.173846807522274105e+00,1.000000000000000036e-10,7.268860056458569842e-05,9.045892746748050392e-08
9.687500000000000278e-02,9.374999999999999653e-04,2.265990176154206281e+00,1.000000000000000036e-10,7.258660573791016115e-05,6.313497579174764067e-08
9.812500000000000389e-02,9.374999999999999653e-04,1.359181664074519569e+00,1.000000000000000036e-10,7.251991513551427136e-05,3.729546953625372471e-08
9.937500000000000500e-02,9.374999999999999653e-04,4.529922977663492500e-01,1.000000000000000036e-10,7.248695847363473971e-05,1.233482667818197343e-08
6.250000000000000130e-04,1.562500000000000087e-03,9.954711039124839544e+01,1.000000000000000036e-10,7.247043131667168484e-05,-2.047720039854538934e-08
1.874999999999999931e-03,1.562500000000000087e-03,9.864112882583481223e+01,1.000000000000000036e-10,7.250299835549753390e-05,-6.191494617382885404e-08
3.125000000000000173e-03,1.562500000000000087e-03,9.773453543236095697e+01,1.000000000000000036e-10,7.256890184522489626e-05,-1.048125452189196795e-07
4.375000000000000416e-03,1.562500000000000087e-03,9.682690627970418973e+01,1.000000000000000036e-10,7.266969630810193490e-05,-1.501760028179432566e-07
5.624999999999999792e-03,1.562500000000000087e-03,9.591779302465840829e+01,1.000000000000000036e-10,7.280775284742842333e-05,-1.990606087474588698e-07
6.875000000000000035e-03,1.562500000000000087e-03,9.500671245851847857e+01,1.000000000000000036e-10,7.298630651385677184e-05,-2.525908471841375671e-07
8.125000000000000278e-03,1.562500000000000087e-03,9.409313536181198856e+01,1.000000000000000036e-10,7.320951968155666823e-05,-3.119803474771742173e-07
9.374999999999999653e-03,1.562500000000000087e-03,9.317647446647956144e+01,1.000000000000000036e-10,7.348256144852142167e-05,-3.785516472692051798e-07
1.062500000000000076e-02,1.562500000000000087e-03,9.225607132559895263e+01,1.000000000000000036e-10,7.381170283816628993e-05,-4.537553264833603510e-07
1.187500000000000014e-02,1.562500000000000087e-03,9.133118189552540400e+01,1.000000000000000036e-10,7.420442714626572837e-05,-5.391877715101144357e-07
1.312499999999999951e-02,1.562500000000000087e-03,9.040096064694230904e+01,1.000000000000000036e-10,7.466955407176497652e-05,-6.366064184192054570e-07
1.437500000000000062e-02,1.562500000000000087e-03,8.946444304373127920e+01,1.000000000000000036e-10,7.521737519237773077e-05,-7.479407702294337496e-07
1.562500000000000000e-02,1.562500000000000087e-03,8.852052626713286543e+01,1.000000000000000036e-10,7.585979676834539985e-05,-8.752967501197871603e-07
1.687500000000000111e-02,1.562500000000000087e-03,8.756794812452264409e+01,1.000000000000000036e-10,7.661048362054713305e-05,-1.020950999653678054e-06
1.812499999999999875e-02,1.562500000000000087e-03,8.660526417661918686e+01,1.000000000000000036e-10,7.748499473813693251e-05,-1.187330522599267783e-06
1.937499999999999986e-02,1.562500000000000087e-03,8.563082325606922041e+01,1.000000000000000036e-10,7.850089710195730602e-05,-1.376971588915694038e-06
2.062500000000000097e-02,1.562500000000000087e-03,8.464274174907025383e+01,1.000000000000000036e-10,7.967783872422612814e-05,-1.592450062630632449e-06
2.187500000000000208e-02,1.562500000000000087e-03,8.363887728796356669e+01,1.000000000000000036e-10,8.103755488380270065e-05,-1.836273386390985027e-06
2.312499999999999972e-02,1.562500000000000087e-03,8.261680287697518565e+01,1.000000000000000036e-10,8.260377285134891238e-05,-2.110722553161394439e-06
2.437500000000000083e-02,1.562500000000000087e-03,8.157378296667984330e+01,1.000000000000000036e-10,8.440197013489009908e-05,-2.417630937039802331e-06
2.562500000000000194e-02,1.562500000000000087e-03,8.050675362360293263e+01,1.000000000000000036e-10,8.645892993291850266e-05,-2.758086567533836570e-06
2.687499999999999958e-02,1.562500000000000087e-03,7.941230971835688024e+01,1.000000000000000036e-10,8.880202627605454169e-05,-3.132046467536610552e-06
2.812500000000000069e-02,1.562500000000000087e-03,7.828670296670156858e+01,1.000000000000000036e-10,9.145816261726735308e-05,-3.537857696469472567e-06
2.937500000000000180e-02,1.562500000000000087e-03,7.712585565292519618e+01,1.000000000000000036e-10,9.445228535690146170e-05,-3.971691855419976104e-06
3.062499999999999944e-02,1.562500000000000087e-03,7.592539583277903148e+01,1.000000000000000036e-10,9.780540394577880679e-05,-4.426920183576611717e-06
3.187500000000000056e-02,1.562500000000000087e-03,7.468072055428072531e+01,1.000000000000000036e-10,1.015320797708477401e-04,-4.893486162288807974e-06
3.312500000000000167e-02,1.562500000000000087e-03,7.338709383850783752e+01,1.000000000000000036e-10,1.056374057498890963e-04,-5.357369726756359156e-06
3.437500000000000278e-02,1.562500000000000087e-03,7.203978541053349716e+01,1.000000000000000036e-10,1.101135932693455096e-04,-5.800272953816828397e-06
3.562500000000000389e-02,1.562500000000000087e-03,7.063425400677419930e+01,1.000000000000000036e-10,1.149364075286478978e-04,-6.199671503436546150e-06
3.687499999999999806e-02,1.562500000000000087e-03,6.916637522231729918e+01,1.000000000000000036e-10,1.200618165229974102e-04,-6.529337660390409478e-06
3.812499999999999917e-02,1.562500000000000087e-03,6.763270859369926313e+01,1.000000000000000036e-10,1.254232754494352827e-04,-6.760323550353175868e-06
3.937500000000000028e-02,1.562500000000000087e-03,6.603079333608141610e+01,1.000000000000000036e-10,1.309299702542773185e-04,-6.862232498116326490e-06
4.062500000000000139e-02,1.562500000000000087e-03,6.435945933734232938e+01,1.000000000000000036e-10,1.364660932767796286e-04,-6.804586163126485661e-06
4.187500000000000250e-02,1.562500000000000087e-03,6.261914100416192497e+01,1.000000000000000036e-10,1.418911185586318796e-04,-6.558510851087929272e-06
4.312500000000000361e-02,1.562500000000000087e-03,6.081218137337653218e+01,1.000000000000000036e-10,1.470416585313335666e-04,-6.099727350783722021e-06
4.437499999999999778e-02,1.562500000000000087e-03,5.894309954087858472e+01,1.000000000000000036e-10,1.517367183572289791e-04,-5.413677886152753898e-06
4.562499999999999889e-02,1.562500000000000087e-03,5.701876341444580731e+01,1.000000000000000036e-10,1.557880626591920913e-04,-4.501312834282770271e-06
4.687500000000000000e-02,1.562500000000000087e-03,5.504839797439878168e+01,1.000000000000000036e-10,1.590147998626374878e-04,-3.382650987296641955e-06
4.812500000000000111e-02,1.562500000000000087e-03,5.304339341787986939e+01,1.000000000000000036e-10,1.612602515432191809e-04,-2.098565105148395575e-06
4.937500000000000222e-02,1.562500000000000087e-03,5.101689168581830103e+01,1.000000000000000036e-10,1.624114041462325396e-04,-7.110011121966407744e-07
5.062500000000000333e-02,1.562500000000000087e-03,4.898310831422405442e+01,1.000000000000000036e-10,1.624114041462362530e-04,7.110011121977775985e-07
5.187500000000000444e-02,1.562500000000000087e-03,4.695660658216239369e+01,1.000000000000000036e-10,1.612602515432280171e-04,2.098565105147258434e-06
5.312499999999999861e-02,1.562500000000000087e-03,4.495160202564335350e+01,1.000000000000000036e-10,1.590147998626497122e-04,3.382650987298915391e-06
5.437499999999999972e-02,1.562500000000000087e-03,4.298123658559615023e+01,1.000000000000000036e-10,1.557880626592083001e-04,4.501312834282201912e-06
5.562500000000000083e-02,1.562500000000000087e-03,4.105690045916314546e+01,1.000000000000000036e-10,1.517367183572494163e-04,5.413677886153890616e-06
5.687500000000000194e-02,1.562500000000000087e-03,3.918781862666491378e+01,1.000000000000000036e-10,1.470416585313588827e-04,6.099727350785427099e-06
5.812500000000000305e-02,1.562500000000000087e-03,3.738085899587917282e+01,1.000000000000000036e-10,1.418911185586619933e-04,6.558510851087929272e-06
5.937500000000000416e-02,1.562500000000000087e-03,3.564054066269836341e+01,1.000000000000000036e-10,1.364660932768134286e-04,6.804586163128759097e-06
6.062499999999999833e-02,1.562500000000000087e-03,3.396920666395883615e+01,1.000000000000000036e-10,1.309299702543117148e-04,6.862232498117463208e-06
6.187499999999999944e-02,1.562500000000000087e-03,3.236729140634056989e+01,1.000000000000000036e-10,1.254232754494723895e-04,6.760323550353176715e-06
6.312500000000000056e-02,1.562500000000000087e-03,3.083362477772202581e+01,1.000000000000000036e-10,1.200618165230400464e-04,6.529337660392682915e-06
6.437500000000000167e-02,1.562500000000000087e-03,2.936574599326456791e+01,1.000000000000000036e-10,1.149364075286938002e-04,6.199671503436830753e-06
6.562500000000000278e-02,1.562500000000000087e-03,2.796021458950468030e+01,1.000000000000000036e-10,1.101135932693926860e-04,5.800272953820238551e-06
6.687500000000000389e-02,1.562500000000000087e-03,2.661290616152975019e+01,1.000000000000000036e-10,1.056374057499378583e-04,5.357369726755790797e-06
6.812500000000000500e-02,1.562500000000000087e-03,2.531927944575623357e+01,1.000000000000000036e-10,1.015320797709001884e-04,4.893486162290229295e-06
6.937500000000000611e-02,1.562500000000000087e-03,2.407460416725724528e+01,1.000000000000000036e-10,9.780540394583564609e-05,4.426920183578601397e-06
7.062500000000000722e-02,1.562500000000000087e-03,2.287414434711034161e+01,1.000000000000000036e-10,9.445228535696355938e-05,3.971691855419123142e-06
7.187500000000000833e-02,1.562500000000000087e-03,2.171329703333315564e+01,1.000000000000000036e-10,9.145816261733313705e-05,3.537857696473735260e-06
7.312499999999999556e-02,1.562500000000000087e-03,2.058769028167701265e+01,1.000000000000000036e-10,8.880202627612233143e-05,3.132046467537747271e-06
7.437499999999999667e-02,1.562500000000000087e-03,1.949324637643009694e+01,1.000000000000000036e-10,8.645892993299225551e-05,2.758086567536962968e-06
7.562499999999999778e-02,1.562500000000000087e-03,1.842621703335220573e+01,1.000000000000000036e-10,8.440197013497224095e-05,2.417630937043497512e-06
7.687499999999999889e-02,1.562500000000000087e-03,1.738319712305579046e+01,1.000000000000000036e-10,8.260377285143646170e-05,2.110722553162815760e-06
7.812500000000000000e-02,1.562500000000000087e-03,1.636112271206629387e+01,1.000000000000000036e-10,8.103755488389373298e-05,1.836273386394111214e-06
7.937500000000000111e-02,1.562500000000000087e-03,1.535725825095844677e+01,1.000000000000000036e-10,7.967783872432014202e-05,1.592450062631911257e-06
8.062500000000000222e-02,1.562500000000000087e-03,1.436917674395829003e+01,1.000000000000000036e-10,7.850089710205806906e-05,1.376971588920667604e-06
8.187500000000000333e-02,1.562500000000000087e-03,1.339473582340699487e+01,1.000000000000000036e-10,7.748499473824657245e-05,1.187330522601115161e-06
8.312500000000000444e-02,1.562500000000000087e-03,1.243205187550212543e+01,1.000000000000000036e-10,7.661048362066188229e-05,1.020950999652967393e-06
8.437500000000000555e-02,1.562500000000000087e-03,1.147947373289044748e+01,1.000000000000000036e-10,7.585979676846348301e-05,8.752967501219187187e-07
8.562500000000000666e-02,1.562500000000000087e-03,1.053555695629053801e+01,1.000000000000000036e-10,7.521737519250107232e-05,7.479407702268758160e-07
8.687500000000000777e-02,1.562500000000000087e-03,9.599039353077920111e+00,1.000000000000000036e-10,7.466955407189266843e-05,6.366064184174999562e-07
8.812499999999999500e-02,1.562500000000000087e-03,8.668818104493221099e+00,1.000000000000000036e-10,7.420442714639800103e-05,5.391877715081249671e-07
8.937499999999999611e-02,1.562500000000000087e-03,7.743928674417969837e+00,1.000000000000000036e-10,7.381170283830555570e-05,4.537553264779602512e-07
9.062499999999999722e-02,1.562500000000000087e-03,6.823525533535581999e+00,1.000000000000000036e-10,7.348256144866743660e-05,3.785516472669313728e-07
9.187499999999999833e-02,1.562500000000000087e-03,5.906864638201283491e+00,1.000000000000000036e-10,7.320951968170914771e-05,3.119803474742610593e-07
9.312499999999999944e-02,1.562500000000000087e-03,4.993287541492852810e+00,1.000000000000000036e-10,7.298630651401177209e-05,2.525908471789506020e-07
9.437500000000000056e-02,1.562500000000000087e-03,4.082206975350988643e+00,1.000000000000000036e-10,7.280775284758254267e-05,1.990606087409218665e-07
9.562500000000000167e-02,1.562500000000000087e-03,3.173093720303288734e+00,1.000000000000000036e-10,7.266969630826113644e-05,1.501760028151011169e-07
9.687500000000000278e-02,1.562500000000000087e-03,2.265464567644460026e+00,1.000000000000000036e-10,7.256890184539240550e-05,1.048125452162906745e-07
9.812500000000000389e-02,1.562500000000000087e-03,1.358871174168478246e+00,1.000000000000000036e-10,7.250299835567130440e-05,6.191494617018732705e-08
9.937500000000000500e-02,1.562500000000000087e-03,4.528896087526767533e-01,1.000000000000000036e-10,7.247043131684618718e-05,2.047720039654254354e-08
6.250000000000000130e-04,2.187500000000000208e-03,9.954726366723970443e+01,1.000000000000000036e-10,7.244576240017465071e-05,-2.849873787340583571e-08
1.874999999999999931e-03,2.187500000000000208e-03,9.864159227275592912e+01,1.000000000000000036e-10,7.247774746293031347e-05,-8.616945948915597461e-08
3.125000000000000173e-03,2.187500000000000208e-03,9.773531998066644633e+01,1.000000000000000036e-10,7.254247520942043643e-05,-1.458736500080703718e-07
4.375000000000000416e-03,2.187500000000000208e-03,9.682803039252041799e+01,1.000000000000000036e-10,7.264147653266318089e-05,-2.090127910855698655e-07
5.624999999999999792e-03,2.187500000000000208e-03,9.591928306734986620e+01,1.000000000000000036e-10,7.277708699544743775e-05,-2.770573215320836945e-07
6.875000000000000035e-03,2.187500000000000208e-03,9.500860321763423144e+01,1.000000000000000036e-10,7.295249414151610537e-05,-3.515745406480163315e-07
8.125000000000000278e-03,2.187500000000000208e-03,9.409547071381196304e+01,1.000000000000000036e-10,7.317180090662871801e-05,-4.342566204195462648e-07
9.374999999999999653e-03,2.187500000000000208e-03,9.317930819496851313e+01,1.000000000000000036e-10,7.344010525093493580e-05,-5.269484299651593241e-07
1.062500000000000076e-02,2.187500000000000208e-03,9.225946808253858933e+01,1.000000000000000036e-10,7.376359594229937909e-05,-6.316745842946146256e-07
1.187500000000000014e-02,2.187500000000000208e-03,9.133521829641102840e+01,1.000000000000000036e-10,7.414966404610594209e-05,-7.506647196521497163e-07
1.312499999999999951e-02,2.187500000000000208e-03,9.040572648138594047e+01,1.000000000000000036e-10,7.460702904769617291e-05,-8.863754338244687606e-07
1.437500000000000062e-02,2.187500000000000208e-03,8.947004257021862372e+01,1.000000000000000036e-10,7.514587755253385420e-05,-1.041506567548821976e-06
1.562500000000000000e-02,2.187500000000000208e-03,8.852707954257259360e+01,1.000000000000000036e-10,7.577801105145906958e-05,-1.219008490246551157e-06
1.687500000000000111e-02,2.187500000000000208e-03,8.757559229393214650e+01,1.000000000000000036e-10,7.651699714425431662e-05,-1.422075732026541740e-06
1.812499999999999875e-02,2.187500000000000208e-03,8.661415461396623527e+01,1.000000000000000036e-10,7.737831568504360694e-05,-1.654120619411969204e-06
1.937499999999999986e-02,2.187500000000000208e-03,8.564113440180605608e+01,1.000000000000000036e-10,7.837948730964283640e-05,-1.918718486306261152e-06
2.062500000000000097e-02,2.187500000000000208e-03,8.465466743122516391e+01,1.000000000000000036e-10,7.954016645769341435e-05,-2.219513550394367437e-06
2.187500000000000208e-02,2.187500000000000208e-03,8.365263024036372030e+01,1.000000000000000036e-10,8.088217403517432226e-05,-2.560071767153430732e-06
2.312499999999999972e-02,2.187500000000000208e-03,8.263261308034580566e+01,1.000000000000000036e-10,8.242943604918763598e-05,-2.943664163174161829e-06
2.437500000000000083e-02,2.187500000000000208e-03,8.159189433913402922e+01,1.000000000000000036e-10,8.420778381698594138e-05,-3.372961852689967883e-06
2.562500000000000194e-02,2.187500000000000208e-03,8.052741848492115651e+01,1.000000000000000036e-10,8.624455898215556242e-05,-3.849623133475005396e-06
2.687499999999999958e-02,2.187500000000000208e-03,7.943578036458013969e+01,1.000000000000000036e-10,8.856795349406067870e-05,-4.373755329108916162e-06
2.812500000000000069e-02,2.187500000000000208e-03,7.831321964756963894e+01,1.000000000000000036e-10,9.120600297049404309e-05,-4.943241743719680559e-06
2.937500000000000180e-02,2.187500000000000208e-03,7.715563029031778797e+01,1.000000000000000036e-10,9.418514525396970731e-05,-5.552940319723801569e-06
3.062499999999999944e-02,2.187500000000000208e-03,7.595859101622039589e+01,1.000000000000000036e-10,9.752826071453738030e-05,-6.193788743991034719e-06
3.187500000000000056e-02,2.187500000000000208e-03,7.471742377245435307e+01,1.000000000000000036e-10,1.012521361158059084e-04,-6.851893215041397937e-06
3.312500000000000167e-02,2.187500000000000208e-03,7.342728761332524812e+01,1.000000000000000036e-10,1.053643513594550835e-04,-7.507733285345919428e-06
3.437500000000000278e-02,2.187500000000000208e-03,7.208331498846797558e+01,1.000000000000000036e-10,1.098596894826954311e-04,-8.135672216574219620e-06
3.562500000000000389e-02,2.187500000000000208e-03,7.068079537625786202e+01,1.000000000000000036e-10,1.147163170101242371e-04,-8.703993134042775046e-06
3.687499999999999806e-02,2.187500000000000208e-03,6.921540706321486880e+01,1.000000000000000036e-10,1.198921472697565805e-04,-9.175635656770282059e-06
3.812499999999999917e-02,2.187500000000000208e-03,6.768349169451394687e+01,1.000000000000000036e-10,1.253218972552030941e-04,-9.509630009907822266e-06
3.937500000000000028e-02,2.187500000000000208e-03,6.608235963183479100e+01,1.000000000000000036e-10,1.309152260738767170e-04,-9.662937850314389968e-06
4.062500000000000139e-02,2.187500000000000208e-03,6.441061104266702841e+01,1.000000000000000036e-10,1.365559109061183392e-04,-9.592284738299665809e-06
4.187500000000000250e-02,2.187500000000000208e-03,6.266846185918183210e+01,1.000000000000000036e-10,1.421016439253611121e-04,-9.256191426458710290e-06
4.312500000000000361e-02,2.187500000000000208e-03,6.085806994453299978e+01,1.000000000000000036e-10,1.473848017909176462e-04,-8.618895694539785744e-06
4.437499999999999778e-02,2.187500000000000208e-03,5.898384181440889051e+01,1.000000000000000036e-10,1.522167864268458935e-04,-7.658031773307241876e-06
4.562499999999999889e-02,2.187500000000000208e-03,5.705265028386185122e+01,1.000000000000000036e-10,1.563988952712207670e-04,-6.373685520294997489e-06
4.687500000000000000e-02,2.187500000000000208e-03,5.507386943262837065e+01,1.000000000000000036e-10,1.597381474852786905e-04,-4.793273010034225689e-06
4.812500000000000111e-02,2.187500000000000208e-03,5.305919659672988331e+01,1.000000000000000036e-10,1.620649513966906897e-04,-2.974070878406109587e-06
4.937500000000000222e-02,2.187500000000000208e-03,5.102224564771110238e+01,1.000000000000000036e-10,1.632576897759448979e-04,-1.007440830068162402e-06
5.062500000000000333e-02,2.187500000000000208e-03,4.897775435233126018e+01,1.000000000000000036e-10,1.632576897759483131e-04,1.007440830069867691e-06
5.187500000000000444e-02,2.187500000000000208e-03,4.694080340331239398e+01,1.000000000000000036e-10,1.620649513967003662e-04,2.974070878404972868e-06
5.312499999999999861e-02,2.187500000000000208e-03,4.492613056741375033e+01,1.000000000000000036e-10,1.597381474852911860e-04,4.793273010035930767e-06
5.437499999999999972e-02,2.187500000000000208e-03,4.294734971618011343e+01,1.000000000000000036e-10,1.563988952712366777e-04,6.373685520294428283e-06
5.562500000000000083e-02,2.187500000000000208e-03,4.101615818563283256e+01,1.000000000000000036e-10,1.522167864268672522e-04,7.658031773307811082e-06
5.687500000000000194e-02,2.187500000000000208e-03,3.914193005550843196e+01,1.000000000000000036e-10,1.473848017909432334e-04,8.618895694541491668e-06
5.812500000000000305e-02,2.187500000000000208e-03,3.733153814085925148e+01,1.000000000000000036e-10,1.421016439253915240e-04,9.256191426459279496e-06
5.937500000000000416e-02,2.187500000000000208e-03,3.558938895737364305e+01,1.000000000000000036e-10,1.365559109061521663e-04,9.592284738302508452e-06
6.062499999999999833e-02,2.187500000000000208e-03,3.391764036820544703e+01,1.000000000000000036e-10,1.309152260739097039e-04,9.662937850316094199e-06
6.187499999999999944e-02,2.187500000000000208e-03,3.231650830552590037e+01,1.000000000000000036e-10,1.253218972552404449e-04,9.509630009910095702e-06
6.312500000000000056e-02,2.187500000000000208e-03,3.078459293682443487e+01,1.000000000000000036e-10,1.198921472698004907e-04,9.175635656773405916e-06
6.437500000000000167e-02,2.187500000000000208e-03,2.931920462378088743e+01,1.000000000000000036e-10,1.147163170101700040e-04,8.703993134045048482e-06
6.562500000000000278e-02,2.187500000000000208e-03,2.791668501157018412e+01,1.000000000000000036e-10,1.098596894827416046e-04,8.135672216576493056e-06
6.687500000000000389e-02,2.187500000000000208e-03,2.657271238671234670e+01,1.000000000000000036e-10,1.053643513595032492e-04,7.507733285347340749e-06
6.812500000000000500e-02,2.187500000000000208e-03,2.528257622758260226e+01,1.000000000000000036e-10,1.012521361158590343e-04,6.851893215041682540e-06
6.937500000000000611e-02,2.187500000000000208e-03,2.404140898381587022e+01,1.000000000000000036e-10,9.752826071459378592e-05,6.193788743993591911e-06
7.062500000000000722e-02,2.187500000000000208e-03,2.284436970971775693e+01,1.000000000000000036e-10,9.418514525403223867e-05,5.552940319722380248e-06
7.187500000000000833e-02,2.187500000000000208e-03,2.168678035246506397e+01,1.000000000000000036e-10,9.120600297056040981e-05,4.943241743721953996e-06
7.312499999999999556e-02,2.187500000000000208e-03,2.056421963545374609e+01,1.000000000000000036e-10,8.856795349412803476e-05,4.373755329111758805e-06
7.437499999999999667e-02,2.187500000000000208e-03,1.947258151511186242e+01,1.000000000000000036e-10,8.624455898222988448e-05,3.849623133478132642e-06
7.562499999999999778e-02,2.187500000000000208e-03,1.840810566089799849e+01,1.000000000000000036e-10,8.420778381706823233e-05,3.372961852693946820e-06
7.687499999999999889e-02,2.187500000000000208e-03,1.736738691968515624e+01,1.000000000000000036e-10,8.242943604927502267e-05,2.943664163176719869e-06
7.812500000000000000e-02,2.187500000000000208e-03,1.634736975966612249e+01,1.000000000000000036e-10,8.088217403526482604e-05,2.560071767155704169e-06
7.937500000000000111e-02,2.187500000000000208e-03,1.534533256880353491e+01,1.000000000000000036e-10,7.954016645778778059e-05,2.219513550395787911e-06
8.062500000000000222e-02,2.187500000000000208e-03,1.435886559822142772e+01,1.000000000000000036e-10,7.837948730974401957e-05,1.918718486310381968e-06
8.187500000000000333e-02,2.187500000000000208e-03,1.338584538605993401e+01,1.000000000000000036e-10,7.737831568515124111e-05,1.654120619414384942e-06
8.312500000000000444e-02,2.187500000000000208e-03,1.242440770609264611e+01,1.000000000000000036e-10,7.651699714436886257e-05,1.422075732023983912e-06
8.437500000000000555e-02,2.187500000000000208e-03,1.147292045745071221e+01,1.000000000000000036e-10,7.577801105157751867e-05,1.219008490245982798e-06
8.562500000000000666e-02,2.187500000000000208e-03,1.052995742980320770e+01,1.000000000000000036e-10,7.514587755265563721e-05,1.041506567545695577e-06
8.687500000000000777e-02,2.187500000000000208e-03,9.594273518634320652e+00,1.000000000000000036e-10,7.460702904782371575e-05,8.863754338196369670e-07
8.812499999999999500e-02,2.187500000000000208e-03,8.664781703607614460e+00,1.000000000000000036e-10,7.414966404623788950e-05,7.506647196468917593e-07
8.937499999999999611e-02,2.187500000000000208e-03,7.740531917478373103e+00,1.000000000000000036e-10,7.376359594243853644e-05,6.316745842860171353e-07
9.062499999999999722e-02,2.187500000000000208e-03,6.820691805046650735e+00,1.000000000000000036e-10,7.344010525108151993e-05,5.269484299573433276e-07
9.187499999999999833e-02,2.187500000000000208e-03,5.904529286201334770e+00,1.000000000000000036e-10,7.317180090677950343e-05,4.342566204146435852e-07
9.312499999999999944e-02,2.187500000000000208e-03,4.991396782377162999e+00,1.000000000000000036e-10,7.295249414166987234e-05,3.515745406424740890e-07
9.437500000000000056e-02,2.187500000000000208e-03,4.080716932659587570e+00,1.000000000000000036e-10,7.277708699560310208e-05,2.770573215259019421e-07
9.562500000000000167e-02,2.187500000000000208e-03,3.171969607487085341e+00,1.000000000000000036e-10,7.264147653282338531e-05,2.090127910810224103e-07
9.687500000000000278e-02,2.187500000000000208e-03,2.264680019339002648e+00,1.000000000000000036e-10,7.254247520958771527e-05,1.458736500027057681e-07
9.812500000000000389e-02,2.187500000000000208e-03,1.358407727247392227e+00,1.000000000000000036e-10,7.247774746310439568e-05,8.616945948604735046e-08
9.937500000000000500e-02,2.187500000000000208e-03,4.527363327613924682e-01,1.000000000000000036e-10,7.244576240035137567e-05,2.849873786977762964e-08
6.250000000000000130e-04,2.812499999999999896e-03,9.954746662547181302e+01,1.000000000000000036e-10,7.241309721799041191e-05,-3.635196387676841439e-08
1.874999999999999931e-03,2.812499999999999896e-03,9.864220594407842668e+01,1.000000000000000036e-10,7.244431089943019627e-05,-1.099156055784078428e-07
3.125000000000000173e-03,2.812499999999999896e-03,9.773635885298605785e+01,1.000000000000000036e-10,7.250748017942668620e-05,-1.860760171518904380e-07
4.375000000000000416e-03,2.812499999999999896e-03,9.682951893959275935e+01,1.000000000000000036e-10,7.260410447233992968e-05,-2.666232320098060069e-07
5.624999999999999792e-03,2.812499999999999896e-03,9.592125624117755933e+01,1.000000000000000036e-10,7.273647197264721974e-05,-3.534358621482169401e-07
6.875000000000000035e-03,2.812499999999999896e-03,9.501110714027657878e+01,1.000000000000000036e-10,7.290770686441304317e-05,-4.485170189445852333e-07
8.125000000000000278e-03,2.812499999999999896e-03,9.409856356956723289e+01,1.000000000000000036e-10,7.312183273689809408e-05,-5.540304609189660222e-07
9.374999999999999653e-03,2.812499999999999896e-03,9.318306132185412594e+01,1.000000000000000036e-10,7.338385246658389355e-05,-6.723366264611739574e-07
1.062500000000000076e-02,2.812499999999999896e-03,9.226396725790263531e+01,1.000000000000000036e-10,7.369984469332278875e-05,-8.060278468428803618e-07
1.187500000000000014e-02,2.812499999999999896e-03,9.134056520452105588e+01,1.000000000000000036e-10,7.407707672150080469e-05,-9.579615230893520785e-07
1.312499999999999951e-02,2.812499999999999896e-03,9.041204033986511490e+01,1.000000000000000036e-10,7.452413314781664510e-05,-1.131289344340302650e-06
1.437500000000000062e-02,2.812499999999999896e-03,8.947746187582563948e+01,1.000000000000000036e-10,7.505105866416668804e-05,-1.329479667623445234e-06
1.562500000000000000e-02,2.812499999999999896e-03,8.853576387326094732e+01,1.000000000000000036e-10,7.566951218610652567e-05,-1.556328900603602713e-06
1.687500000000000111e-02,2.812499999999999896e-03,8.758572407117297587e+01,1.000000000000000036e-10,7.639292755596440560e-05,-1.815956052990941187e-06
1.812499999999999875e-02,2.812499999999999896e-03,8.662594068436183647e+01,1.000000000000000036e-10,7.723667336099706475e-05,-2.112772471349444398e-06
1.937499999999999986e-02,2.812499999999999896e-03,8.565480723714804867e+01,1.000000000000000036e-10,7.821820063646611580e-05,-2.451416084400079336e-06
2.062500000000000097e-02,2.812499999999999896e-03,8.467048566845018343e+01,1.000000000000000036e-10,7.935716208380254886e-05,-2.836636249988941215e-06
2.187500000000000208e-02,2.812499999999999896e-03,8.367087818505298458e+01,1.000000000000000036e-10,8.067547957741282548e-05,-3.273111603098185839e-06
2.312499999999999972e-02,2.812499999999999896e-03,8.265359867901486268e+01,1.000000000000000036e-10,8.219732780858065376e-05,-3.765179449812875771e-06
2.437500000000000083e-02,2.812499999999999896e-03,8.161594498983846790e+01,1.000000000000000036e-10,8.394899064973967984e-05,-4.316451870524814192e-06
2.562500000000000194e-02,2.812499999999999896e-03,8.055487391277137021e+01,1.000000000000000036e-10,8.595853319470902619e-05,-4.929291970702251150e-06
2.687499999999999958e-02,2.812499999999999896e-03,7.946698165997074170e+01,1.000000000000000036e-10,8.825521697093221597e-05,-5.604125635937861327e-06
2.812500000000000069e-02,2.812499999999999896e-03,7.834849348849806461e+01,1.000000000000000036e-10,9.086857012195989386e-05,-6.338572750620413739e-06
2.937500000000000180e-02,2.812499999999999896e-03,7.719526740692174371e+01,1.000000000000000036e-10,9.382701185676579436e-05,-7.126401321957017736e-06
3.062499999999999944e-02,2.812499999999999896e-03,7.600281819207891942e+01,1.000000000000000036e-10,9.715592749812002851e-05,-7.956343292712515940e-06
3.187500000000000056e-02,2.812499999999999896e-03,7.476636921946874281e+01,1.000000000000000036e-10,1.008751075001703041e-04,-8.810866367977039236e-06
3.312500000000000167e-02,2.812499999999999896e-03,7.348094050457466153e+01,1.000000000000000036e-10,1.049955162491226948e-04,-9.665072128701692806e-06
3.437500000000000278e-02,2.812499999999999896e-03,7.214148131324067492e+01,1.000000000000000036e-10,1.095154633449970793e-04,-1.048597598276955778e-05
3.562500000000000389e-02,2.812499999999999896e-03,7.074305392094973399e+01,1.000000000000000036e-10,1.144164258085498750e-04,-1.123248436333369430e-05
3.687499999999999806e-02,2.812499999999999896e-03,6.928107066802692771e+01,1.000000000000000036e-10,1.196589980850648984e-04,-1.185634569554849761e-05
3.812499999999999917e-02,2.812499999999999896e-03,6.775157896882311093e+01,1.000000000000000036e-10,1.251796243526632406e-04,-1.230410809764179909e-05
3.937500000000000028e-02,2.812499999999999896e-03,6.615158005921034601e+01,1.000000000000000036e-10,1.308886428900814052e-04,-1.251963344061891398e-05
4.062500000000000139e-02,2.812499999999999896e-03,6.447936289657107523e+01,1.000000000000000036e-10,1.366694664887074329e-04,-1.244634336342983070e-05
4.187500000000000250e-02,2.812499999999999896e-03,6.273484339699265888e+01,1.000000000000000036e-10,1.423778130805117823e-04,-1.202917260684784939e-05
4.312500000000000361e-02,2.812499999999999896e-03,6.091991756955827952e+01,1.000000000000000036e-10,1.478407383579093126e-04,-1.121895608562397054e-05
4.437499999999999778e-02,2.812499999999999896e-03,5.903882493804492526e+01,1.000000000000000036e-10,1.528593234443513613e-04,-9.983256243405093055e-06
4.562499999999999889e-02,2.812499999999999896e-03,5.709843448344949479e+01,1.000000000000000036e-10,1.572204420408285989e-04,-8.320074770618360237e-06
4.687500000000000000e-02,2.812499999999999896e-03,5.510831388702420952e+01,1.000000000000000036e-10,1.607146071835819300e-04,-6.263592438112935263e-06
4.812500000000000111e-02,2.812499999999999896e-03,5.308056930385994576e+01,1.000000000000000036e-10,1.631531676332022155e-04,-3.886433630839291052e-06
4.937500000000000222e-02,2.812499999999999896e-03,5.102948469619415306e+01,1.000000000000000036e-10,1.644021600004705438e-04,-1.315943450891836581e-06
5.062500000000000333e-02,2.812499999999999896e-03,4.897051530384818108e+01,1.000000000000000036e-10,1.644021600004728207e-04,1.315943450894678588e-06
5.187500000000000444e-02,2.812499999999999896e-03,4.691943069618233153e+01,1.000000000000000036e-10,1.631531676332110246e-04,3.886433630841565336e-06
5.312499999999999861e-02,2.812499999999999896e-03,4.489168611301790435e+01,1.000000000000000036e-10,1.607146071835944255e-04,6.263592438114071981e-06
5.437499999999999972e-02,2.812499999999999896e-03,4.290156551659246986e+01,1.000000000000000036e-10,1.572204420408442114e-04,8.320074770621202880e-06
5.562500000000000083e-02,2.812499999999999896e-03,4.096117506199679781e+01,1.000000000000000036e-10,1.528593234443729641e-04,9.983256243406229773e-06
5.687500000000000194e-02,2.812499999999999896e-03,3.908008243048314512e+01,1.000000000000000036e-10,1.478407383579346287e-04,1.121895608562453975e-05
5.812500000000000305e-02,2.812499999999999896e-03,3.726515660304843180e+01,1.000000000000000036e-10,1.423778130805424924e-04,1.202917260685012113e-05
5.937500000000000416e-02,2.812499999999999896e-03,3.552063710346958203e+01,1.000000000000000036e-10,1.366694664887418563e-04,1.244634336343380837e-05
6.062499999999999833e-02,2.812499999999999896e-03,3.384841994082988492e+01,1.000000000000000036e-10,1.308886428901155034e-04,1.251963344062175662e-05
6.187499999999999944e-02,2.812499999999999896e-03,3.224842103121669368e+01,1.000000000000000036e-10,1.251796243527010521e-04,1.230410809765032533e-05
6.312500000000000056e-02,2.812499999999999896e-03,3.071892933201235820e+01,1.000000000000000036e-10,1.196589980851075347e-04,1.185634569555275818e-05
6.437500000000000167e-02,2.812499999999999896e-03,2.925694607908900480e+01,1.000000000000000036e-10,1.144164258085953438e-04,1.123248436333909329e-05
6.562500000000000278e-02,2.812499999999999896e-03,2.785851868679747412e+01,1.000000000000000036e-10,1.095154633450438355e-04,1.048597598277296793e-05
6.687500000000000389e-02,2.812499999999999896e-03,2.651905949546290842e+01,1.000000000000000036e-10,1.049955162491704539e-04,9.665072128707378091e-06
6.812500000000000500e-02,2.812499999999999896e-03,2.523363078056821251e+01,1.000000000000000036e-10,1.008751075002232945e-04,8.810866367979028070e-06
6.937500000000000611e-02,2.812499999999999896e-03,2.399718180795732536e+01,1.000000000000000036e-10,9.715592749817600045e-05,7.956343292714789376e-06
7.062500000000000722e-02,2.812499999999999896e-03,2.280473259311381184e+01,1.000000000000000036e-10,9.382701185682774296e-05,7.126401321959006569e-06
7.187500000000000833e-02,2.812499999999999896e-03,2.165150651153663119e+01,1.000000000000000036e-10,9.086857012202781913e-05,6.338572750622687175e-06
7.312499999999999556e-02,2.812499999999999896e-03,2.053301834006311566e+01,1.000000000000000036e-10,8.825521697100041228e-05,5.604125635941839840e-06
7.437499999999999667e-02,2.812499999999999896e-03,1.944512608726162028e+01,1.000000000000000036e-10,8.595853319478334825e-05,4.929291970707083473e-06
7.562499999999999778e-02,2.812499999999999896e-03,1.838405501019353139e+01,1.000000000000000036e-10,8.394899064982153710e-05,4.316451870527941438e-06
7.687499999999999889e-02,2.812499999999999896e-03,1.734640132101608145e+01,1.000000000000000036e-10,8.219732780866733572e-05,3.765179449817423067e-06
7.812500000000000000e-02,2.812499999999999896e-03,1.632912181497684756e+01,1.000000000000000036e-10,8.067547957750327505e-05,3.273111603101881020e-06
7.937500000000000111e-02,2.812499999999999896e-03,1.532951433157849941e+01,1.000000000000000036e-10,7.935716208389747076e-05,2.836636249991925312e-06
8.062500000000000222e-02,2.812499999999999896e-03,1.434519276287941025e+01,1.000000000000000036e-10,7.821820063656735318e-05,2.451416084402921132e-06
8.187500000000000333e-02,2.812499999999999896e-03,1.337405931566431505e+01,1.000000000000000036e-10,7.723667336110337078e-05,2.112772471351149475e-06
8.312500000000000444e-02,2.812499999999999896e-03,1.241427592885182563e+01,1.000000000000000036e-10,7.639292755607767762e-05,1.815956052992077905e-06
8.437500000000000555e-02,2.812499999999999896e-03,1.146423612676237269e+01,1.000000000000000036e-10,7.566951218622433779e-05,1.556328900600476314e-06
8.562500000000000666e-02,2.812499999999999896e-03,1.052253812419621681e+01,1.000000000000000036e-10,7.505105866428790184e-05,1.329479667620745105e-06
8.687500000000000777e-02,2.812499999999999896e-03,9.587959660155174646e+00,1.000000000000000036e-10,7.452413314794326636e-05,1.131289344333481282e-06
8.812499999999999500e-02,2.812499999999999896e-03,8.659434795497634951e+00,1.000000000000000036e-10,7.407707672163119355e-05,9.579615230828151017e-07
8.937499999999999611e-02,2.812499999999999896e-03,7.736032742114394622e+00,1.000000000000000036e-10,7.369984469346078058e-05,8.060278468359171157e-07
9.062499999999999722e-02,2.812499999999999896e-03,6.816938678161115206e+00,1.000000000000000036e-10,7.338385246673175162e-05,6.723366264512974474e-07
9.187499999999999833e-02,2.812499999999999896e-03,5.901436430446100445e+00,1.000000000000000036e-10,7.312183273705171198e-05,5.540304609121448659e-07
9.312499999999999944e-02,2.812499999999999896e-03,4.988892859734821883e+00,1.000000000000000036e-10,7.290770686456740646e-05,4.485170189420983446e-07
9.437500000000000056e-02,2.812499999999999896e-03,4.078743758831914867e+00,1.000000000000000036e-10,7.273647197280182696e-05,3.534358621429588772e-07
9.562500000000000167e-02,2.812499999999999896e-03,3.170481060414775953e+00,1.000000000000000036e-10,7.260410447249953780e-05,2.666232320053295966e-07
9.687500000000000278e-02,2.812499999999999896e-03,2.263641147019426203e+00,1.000000000000000036e-10,7.250748017959492728e-05,1.860760171488351107e-07
9.812500000000000389e-02,2.812499999999999896e-03,1.357794055924902654e+00,1.000000000000000036e-10,7.244431089960484769e-05,1.099156055768801395e-07
9.937500000000000500e-02,2.812499999999999896e-03,4.525333745293045329e-01,1.000000000000000036e-10,7.241309721816827528e-05,3.635196387384186262e-08
6.250000000000000130e-04,3.437500000000000017e-03,9.954771806678816404e+01,1.000000000000000036e-10,7.237262861544706727e-05,-4.399026138912630664e-08
1.874999999999999931e-03,3.437500000000000017e-03,9.864296621782565921e+01,1.000000000000000036e-10,7.240288543629275599e-05,-1.330125592005515307e-07
3.125000000000000173e-03,3.437500000000000017e-03,9.773764593088084496e+01,1.000000000000000036e-10,7.246412139620472337e-05,-2.251816834757391510e-07
4.375000000000000416e-03,3.437500000000000017e-03,9.683136318292054057e+01,1.000000000000000036e-10,7.255779661016501588e-05,-3.226673191159079149e-07
5.624999999999999792e-03,3.437500000000000017e-03,9.592370101562671891e+01,1.000000000000000036e-10,7.268614010198006783e-05,-4.277472711009976699e-07
6.875000000000000035e-03,3.437500000000000017e-03,9.501420968037103876e+01,1.000000000000000036e-10,7.285219684213074332e-05,-5.428514259551774567e-07
8.125000000000000278e-03,3.437500000000000017e-03,9.410239609457345011e+01,1.000000000000000036e-10,7.305989110287042720e-05,-6.706061205250079100e-07
9.374999999999999653e-03,3.437500000000000017e-03,9.318771240279927781e+01,1.000000000000000036e-10,7.331410655797297228e-05,-8.138785592382189042e-07
1.062500000000000076e-02,3.437500000000000017e-03,9.226954343062412534e+01,1.000000000000000036e-10,7.362078349398528320e-05,-9.758204954221124714e-07
1.187500000000000014e-02,3.437500000000000017e-03,9.134719281544964531e+01,1.000000000000000036e-10,7.398703329735721655e-05,-1.159909790271740075e-06
1.312499999999999951e-02,3.437500000000000017e-03,9.041986759819019426e+01,1.000000000000000036e-10,7.442126997542912231e-05,-1.369987629345814253e-06
1.437500000000000062e-02,3.437500000000000017e-03,8.948666106606391679e+01,1.000000000000000036e-10,7.493335777440220872e-05,-1.610288040278646615e-06
1.562500000000000000e-02,3.437500000000000017e-03,8.854653365383013863e+01,1.000000000000000036e-10,7.553477285877533516e-05,-1.885454831106016695e-06
1.687500000000000111e-02,3.437500000000000017e-03,8.759829174459453327e+01,1.000000000000000036e-10,7.623877535888139948e-05,-2.200539057467949338e-06
1.812499999999999875e-02,3.437500000000000017e-03,8.664056426985810333e+01,1.000000000000000036e-10,7.706058566933903257e-05,-2.560967524615306816e-06
1.937499999999999986e-02,3.437500000000000017e-03,8.567177710286105707e+01,1.000000000000000036e-10,7.801755542032309180e-05,-2.972469544359909780e-06
2.062500000000000097e-02,3.437500000000000017e-03,8.469012538435002568e+01,1.000000000000000036e-10,7.912931869834436088e-05,-3.440945152705125124e-06
2.187500000000000208e-02,3.437500000000000017e-03,8.369354413540244764e+01,1.000000000000000036e-10,8.041790243526235414e-05,-3.972253315644138293e-06
2.312499999999999972e-02,3.437500000000000017e-03,8.267967782346846661e+01,1.000000000000000036e-10,8.190776591547431354e-05,-4.571893592956256845e-06
2.437500000000000083e-02,3.437500000000000017e-03,8.164584998751558942e+01,1.000000000000000036e-10,8.362572755654125835e-05,-5.244549968489308412e-06
2.562500000000000194e-02,3.437500000000000017e-03,8.058903463455493466e+01,1.000000000000000036e-10,8.560072209944904944e-05,-5.993462416665805502e-06
2.687499999999999958e-02,3.437500000000000017e-03,7.950583193502936297e+01,1.000000000000000036e-10,8.786331310410160121e-05,-6.819592580405923259e-06
2.812500000000000069e-02,3.437500000000000017e-03,7.839245180695239412e+01,1.000000000000000036e-10,9.044486512748447886e-05,-7.720558393355075771e-06
2.937500000000000180e-02,3.437500000000000017e-03,7.724471030684225070e+01,1.000000000000000036e-10,9.337625998292365282e-05,-8.689333974333520670e-06
3.062499999999999944e-02,3.437500000000000017e-03,7.605804530737930236e+01,1.000000000000000036e-10,9.668602819152736193e-05,-9.712752565303614066e-06
3.187500000000000056e-02,3.437500000000000017e-03,7.482755960205406609e+01,1.000000000000000036e-10,1.003977716978113056e-04,-1.076991884954509035e-05
3.312500000000000167e-02,3.437500000000000017e-03,7.354810101493401930e+01,1.000000000000000036e-10,1.045267965520588183e-04,-1.183073644872478931e-05
3.437500000000000278e-02,3.437500000000000017e-03,7.221438968825259508e+01,1.000000000000000036e-10,1.090759833653794227e-04,-1.285487861733827043e-05
3.562500000000000389e-02,3.437500000000000017e-03,7.082120143079953323e+01,1.000000000000000036e-10,1.140311321537347663e-04,-1.379163735471365405e-05
3.687499999999999806e-02,3.437500000000000017e-03,6.936361138440922502e+01,1.000000000000000036e-10,1.193563354026025425e-04,-1.458108046685310544e-05
3.812499999999999917e-02,3.437500000000000017e-03,6.783729304573446939e+01,1.000000000000000036e-10,1.249902533826678826e-04,-1.515664545016079246e-05
3.937500000000000028e-02,3.437500000000000017e-03,6.623885504984252748e+01,1.000000000000000036e-10,1.308441084409826707e-04,-1.544853288596072864e-05
4.062500000000000139e-02,3.437500000000000017e-03,6.456619033470990132e+01,1.000000000000000036e-10,1.368011413230038435e-04,-1.538637215840935640e-05
4.187500000000000250e-02,3.437500000000000017e-03,6.281882651676743023e+01,1.000000000000000036e-10,1.427153375642640490e-04,-1.490041522839532919e-05
4.312500000000000361e-02,3.437500000000000017e-03,6.099830689560329944e+01,1.000000000000000036e-10,1.484077599726389956e-04,-1.392538730695434696e-05
4.437499999999999778e-02,3.437500000000000017e-03,5.910863251745145419e+01,1.000000000000000036e-10,1.536662270843487232e-04,-1.241535112114433844e-05
4.562499999999999889e-02,3.437500000000000017e-03,5.715665121849458075e+01,1.000000000000000036e-10,1.582587271738668450e-04,-1.036478923587253232e-05
4.687500000000000000e-02,3.437500000000000017e-03,5.515216433810478236e+01,1.000000000000000036e-10,1.619549680551682141e-04,-7.814080984882706499e-06
4.812500000000000111e-02,3.437500000000000017e-03,5.310777701711537446e+01,1.000000000000000036e-10,1.645387758903012426e-04,-4.847129226443484076e-06
4.937500000000000222e-02,3.437500000000000017e-03,5.103869494084725034e+01,1.000000000000000036e-10,1.658588783168118692e-04,-1.639795252174849082e-06
5.062500000000000333e-02,3.437500000000000017e-03,4.896130505919507669e+01,1.000000000000000036e-10,1.658588783168150134e-04,1.639795252178828231e-06
5.187500000000000444e-02,3.437500000000000017e-03,4.689222298292687441e+01,1.000000000000000036e-10,1.645387758903100518e-04,4.847129226447462590e-06
5.312499999999999861e-02,3.437500000000000017e-03,4.484783566193732440e+01,1.000000000000000036e-10,1.619549680551810077e-04,7.814080984884979935e-06
5.437499999999999972e-02,3.437500000000000017e-03,4.284334878154734838e+01,1.000000000000000036e-10,1.582587271738827557e-04,1.036478923587708089e-05
5.562500000000000083e-02,3.437500000000000017e-03,4.089136748259025467e+01,1.000000000000000036e-10,1.536662270843688893e-04,1.241535112114831610e-05
5.687500000000000194e-02,3.437500000000000017e-03,3.900169310443812520e+01,1.000000000000000036e-10,1.484077599726651791e-04,1.392538730695775542e-05
5.812500000000000305e-02,3.437500000000000017e-03,3.718117348327362492e+01,1.000000000000000036e-10,1.427153375642961684e-04,1.490041522840158199e-05
5.937500000000000416e-02,3.437500000000000017e-03,3.543380966533072041e+01,1.000000000000000036e-10,1.368011413230379688e-04,1.538637215841503830e-05
6.062499999999999833e-02,3.437500000000000017e-03,3.376114495019767503e+01,1.000000000000000036e-10,1.308441084410179344e-04,1.544853288596584133e-05
6.187499999999999944e-02,3.437500000000000017e-03,3.216270695430527127e+01,1.000000000000000036e-10,1.249902533827059381e-04,1.515664545017215964e-05
6.312500000000000056e-02,3.437500000000000017e-03,3.063638861563002536e+01,1.000000000000000036e-10,1.193563354026448806e-04,1.458108046686162998e-05
6.437500000000000167e-02,3.437500000000000017e-03,2.917879856923914872e+01,1.000000000000000036e-10,1.140311321537801131e-04,1.379163735472246489e-05
6.562500000000000278e-02,3.437500000000000017e-03,2.778561031178552199e+01,1.000000000000000036e-10,1.090759833654257453e-04,1.285487861734537534e-05
6.687500000000000389e-02,3.437500000000000017e-03,2.645189898510350446e+01,1.000000000000000036e-10,1.045267965521062793e-04,1.183073644873360015e-05
6.812500000000000500e-02,3.437500000000000017e-03,2.517244039798286437e+01,1.000000000000000036e-10,1.003977716978627375e-04,1.076991884955191066e-05
6.937500000000000611e-02,3.437500000000000017e-03,2.394195469265693532e+01,1.000000000000000036e-10,9.668602819158378110e-05,9.712752565308160939e-06
7.062500000000000722e-02,3.437500000000000017e-03,2.275528969319326933e+01,1.000000000000000036e-10,9.337625998298618418e-05,8.689333974340340979e-06
7.187500000000000833e-02,3.437500000000000017e-03,2.160754819308228036e+01,1.000000000000000036e-10,9.044486512755183492e-05,7.720558393359622644e-06
7.312499999999999556e-02,3.437500000000000017e-03,2.049416806500447308e+01,1.000000000000000036e-10,8.786331310417023121e-05,6.819592580409901773e-06
7.437499999999999667e-02,3.437500000000000017e-03,1.941096536547802387e+01,1.000000000000000036e-10,8.560072209952293782e-05,5.993462416672912108e-06
7.562499999999999778e-02,3.437500000000000017e-03,1.835415001251639922e+01,1.000000000000000036e-10,8.362572755662340022e-05,5.244549968494992850e-06
7.687499999999999889e-02,3.437500000000000017e-03,1.732032217656243844e+01,1.000000000000000036e-10,8.190776591556199839e-05,4.571893592960236206e-06
7.812500000000000000e-02,3.437500000000000017e-03,1.630645586462734897e+01,1.000000000000000036e-10,8.041790243535208542e-05,3.972253315647263845e-06
7.937500000000000111e-02,3.437500000000000017e-03,1.530987461567863583e+01,1.000000000000000036e-10,7.912931869843829345e-05,3.440945152708393825e-06
8.062500000000000222e-02,3.437500000000000017e-03,1.432822289716639119e+01,1.000000000000000036e-10,7.801755542042362445e-05,2.972469544360904196e-06
8.187500000000000333e-02,3.437500000000000017e-03,1.335943573016804464e+01,1.000000000000000036e-10,7.706058566944582649e-05,2.560967524614454277e-06
8.312500000000000444e-02,3.437500000000000017e-03,1.240170825543024513e+01,1.000000000000000036e-10,7.623877535899351954e-05,2.200539057468091216e-06
8.437500000000000555e-02,3.437500000000000017e-03,1.145346634619320625e+01,1.000000000000000036e-10,7.553477285889185979e-05,1.885454831102464027e-06
8.562500000000000666e-02,3.437500000000000017e-03,1.051333893395794838e+01,1.000000000000000036e-10,7.493335777452214859e-05,1.610288040271967336e-06
8.687500000000000777e-02,3.437500000000000017e-03,9.580132401830152133e+00,1.000000000000000036e-10,7.442126997555474069e-05,1.369987629338566827e-06
8.812499999999999500e-02,3.437500000000000017e-03,8.652807184569079268e+00,1.000000000000000036e-10,7.398703329748910974e-05,1.159909790267192567e-06
8.937499999999999611e-02,3.437500000000000017e-03,7.730456569392924138e+00,1.000000000000000036e-10,7.362078349412278714e-05,9.758204954199811248e-07
9.062499999999999722e-02,3.437500000000000017e-03,6.812287597216009516e+00,1.000000000000000036e-10,7.331410655811963772e-05,8.138785592339557873e-07
9.187499999999999833e-02,3.437500000000000017e-03,5.897603905439932959e+00,1.000000000000000036e-10,7.305989110302489890e-05,6.706061205174760930e-07
9.312499999999999944e-02,3.437500000000000017e-03,4.985790319640386770e+00,1.000000000000000036e-10,7.285219684228528279e-05,5.428514259490667492e-07
9.437500000000000056e-02,3.437500000000000017e-03,4.076298984382800583e+00,1.000000000000000036e-10,7.268614010213470217e-05,4.277472710943896482e-07
9.562500000000000167e-02,3.437500000000000017e-03,3.168636817087018720e+00,1.000000000000000036e-10,7.255779661032631805e-05,3.226673191092997874e-07
9.687500000000000278e-02,3.437500000000000017e-03,2.262354069124642209e+00,1.000000000000000036e-10,7.246412139637347944e-05,2.251816834738206743e-07
9.812500000000000389e-02,3.437500000000000017e-03,1.357033782177681225e+00,1.000000000000000036e-10,7.240288543646689241e-05,1.330125592004626981e-07
9.937500000000000500e-02,3.437500000000000017e-03,4.522819332129694447e-01,1.000000000000000036e-10,7.237262861562601484e-05,4.399026138906412913e-08
6.250000000000000130e-04,4.062500000000000139e-03,9.954801650373917710e+01,1.000000000000000036e-10,7.232459580769555983e-05,-5.136811514489635512e-08
1.874999999999999931e-03,4.062500000000000139e-03,9.864386860106843358e+01,1.000000000000000036e-10,7.235371518838688257e-05,-1.553228062084599219e-07
3.125000000000000173e-03,4.062500000000000139e-03,9.773917362402950459e+01,1.000000000000000036e-10,7.241265279946900552e-05,-2.629582219628900332e-07
4.375000000000000416e-03,4.062500000000000139e-03,9.683355228108170820e+01,1.000000000000000036e-10,7.250282167852730667e-05,-3.768128271326530706e-07
5.624999999999999792e-03,4.062500000000000139e-03,9.592660308206632180e+01,1.000000000000000036e-10,7.262637991922756670e-05,-4.995526293339479845e-07
6.875000000000000035e-03,4.062500000000000139e-03,9.501789278310101849e+01,1.000000000000000036e-10,7.278627743970104568e-05,-6.340231980345832593e-07
8.125000000000000278e-03,4.062500000000000139e-03,9.410694614607379549e+01,1.000000000000000036e-10,7.298631917025658511e-05,-7.833023440923623906e-07
9.374999999999999653e-03,4.062500000000000139e-03,9.319323480384460368e+01,1.000000000000000036e-10,7.323124527913533121e-05,-9.507531176507198710e-07
1.062500000000000076e-02,4.062500000000000139e-03,9.227616501409541172e+01,1.000000000000000036e-10,7.352682907780602891e-05,-1.140076304338890380e-06
1.187500000000000014e-02,4.062500000000000139e-03,9.135506407689945263e+01,1.000000000000000036e-10,7.387999315453894363e-05,-1.355360921398869073e-06
1.312499999999999951e-02,4.062500000000000139e-03,9.042916518523193758e+01,1.000000000000000036e-10,7.429894402281319405e-05,-1.601130271382089384e-06
1.437500000000000062e-02,4.062500000000000139e-03,8.949759047632912257e+01,1.000000000000000036e-10,7.479332506328659116e-05,-1.882379817953960609e-06
1.562500000000000000e-02,4.062500000000000139e-03,8.855933205864977253e+01,1.000000000000000036e-10,7.537438667751188257e-05,-2.204601402723937710e-06
1.687500000000000111e-02,4.062500000000000139e-03,8.761323080939132524e+01,1.000000000000000036e-10,7.605517120920977610e-05,-2.573786001751158737e-06
1.812499999999999875e-02,4.062500000000000139e-03,8.665795277841952782e+01,1.000000000000000036e-10,7.685070811755108453e-05,-2.996394189727879348e-06
1.937499999999999986e-02,4.062500000000000139e-03,8.569196310645254755e+01,1.000000000000000036e-10,7.777821182242120241e-05,-3.479279607169017922e-06
2.062500000000000097e-02,4.062500000000000139e-03,8.471349748285899750e+01,1.000000000000000036e-10,7.885727019816044349e-05,-4.029545916774849047e-06
2.187500000000000208e-02,4.062500000000000139e-03,8.372053135149853631e+01,1.000000000000000036e-10,8.011000535728724945e-05,-4.654311999598802812e-06
2.312499999999999972e-02,4.062500000000000139e-03,8.271074734892681590e+01,1.000000000000000036e-10,8.156117948215807251e-05,-5.360353711544120275e-06
2.437500000000000083e-02,4.062500000000000139e-03,8.168150186444458427e+01,1.000000000000000036e-10,8.323820623788491567e-05,-6.153584048290666545e-06
2.562500000000000194e-02,4.062500000000000139e-03,8.062979219297969280e+01,1.000000000000000036e-10,8.517101188875072766e-05,-7.038328433739024528e-06
2.687499999999999958e-02,4.062500000000000139e-03,7.955222656722581576e+01,1.000000000000000036e-10,8.739166898258757829e-05,-8.016350612565472435e-06
2.812500000000000069e-02,4.062500000000000139e-03,7.844500046841500307e+01,1.000000000000000036e-10,8.993369942499610447e-05,-9.085591594082414283e-06
2.937500000000000180e-02,4.062500000000000139e-03,7.730388408160091274e+01,1.000000000000000036e-10,9.283091477079152267e-05,-1.023860587421495200e-05
3.062499999999999944e-02,4.062500000000000139e-03,7.612422759914521464e+01,1.000000000000000036e-10,9.611563506051423690e-05,-1.146072491457402722e-05
3.187500000000000056e-02,4.062500000000000139e-03,7.490099320508805647e+01,1.000000000000000036e-10,9.981611555845971398e-05,-1.272805850238000415e-05
3.312500000000000167e-02,4.062500000000000139e-03,7.362882471018372144e+01,1.000000000000000036e-10,1.039530363652261098e-04,-1.400556962639256921e-05
3.437500000000000278e-02,4.062500000000000139e-03,7.230216729595740333e+01,1.000000000000000036e-10,1.085350128920026410e-04,-1.524562710971735746e-05
3.562500000000000389e-02,4.062500000000000139e-03,7.091544938788365471e+01,1.000000000000000036e-10,1.135533248837924372e-04,-1.638761925240487198e-05
3.687499999999999806e-02,4.062500000000000139e-03,6.946333417386259157e+01,1.000000000000000036e-10,1.189764940373413309e-04,-1.735928477036395438e-05
3.812499999999999917e-02,4.062500000000000139e-03,6.794103703695012086e+01,1.000000000000000036e-10,1.247458981431094171e-04,-1.808010218956155417e-05
3.937500000000000028e-02,4.062500000000000139e-03,6.634468672028485514e+01,1.000000000000000036e-10,1.307737795359570961e-04,-1.846594437213638597e-05
4.062500000000000139e-02,4.062500000000000139e-03,6.467169254855119220e+01,1.000000000000000036e-10,1.369435253174901301e-04,-1.843235000400454457e-05
4.187500000000000250e-02,4.062500000000000139e-03,6.292109858734760053e+01,1.000000000000000036e-10,1.431083055062393108e-04,-1.789392559780139343e-05
4.312500000000000361e-02,4.062500000000000139e-03,6.109398491089520888e+01,1.000000000000000036e-10,1.490832704115347936e-04,-1.676557059437584196e-05
4.437499999999999778e-02,4.062500000000000139e-03,5.919401682705922951e+01,1.000000000000000036e-10,1.546396224798922653e-04,-1.498257742375073745e-05
4.562499999999999889e-02,4.062500000000000139e-03,5.722799434889790149e+01,1.000000000000000036e-10,1.595210771089594149e-04,-1.253454029255862845e-05
4.687500000000000000e-02,4.062500000000000139e-03,5.520598989933524336e+01,1.000000000000000036e-10,1.634734371882964410e-04,-9.468630408514966011e-06
4.812500000000000111e-02,4.062500000000000139e-03,5.314115841919048933e+01,1.000000000000000036e-10,1.662403104995561413e-04,-5.867920376006166802e-06
4.937500000000000222e-02,4.062500000000000139e-03,5.104998213684633868e+01,1.000000000000000036e-10,1.676456222397817118e-04,-1.981711185979406660e-06
5.062500000000000333e-02,4.062500000000000139e-03,4.895001786319594572e+01,1.000000000000000036e-10,1.676456222397839887e-04,1.981711185984522315e-06
5.187500000000000444e-02,4.062500000000000139e-03,4.685884158085173823e+01,1.000000000000000036e-10,1.662403104995641102e-04,5.867920376009009444e-06
5.312499999999999861e-02,4.062500000000000139e-03,4.479401010070684208e+01,1.000000000000000036e-10,1.634734371883092346e-04,9.468630408518947066e-06
5.437499999999999972e-02,4.062500000000000139e-03,4.277200565114400632e+01,1.000000000000000036e-10,1.595210771089758948e-04,1.253454029256146940e-05
5.562500000000000083e-02,4.062500000000000139e-03,4.080598317298244382e+01,1.000000000000000036e-10,1.546396224799132988e-04,1.498257742375642273e-05
5.687500000000000194e-02,4.062500000000000139e-03,3.890601508914617312e+01,1.000000000000000036e-10,1.490832704115612481e-04,1.676557059438209306e-05
5.812500000000000305e-02,4.062500000000000139e-03,3.707890141269341200e+01,1.000000000000000036e-10,1.431083055062711321e-04,1.789392559780821713e-05
5.937500000000000416e-02,4.062500000000000139e-03,3.532830745148939400e+01,1.000000000000000036e-10,1.369435253175239843e-04,1.843235000401136488e-05
6.062499999999999833e-02,4.062500000000000139e-03,3.365531327975531184e+01,1.000000000000000036e-10,1.307737795359940674e-04,1.846594437214491390e-05
6.187499999999999944e-02,4.062500000000000139e-03,3.205896296308954163e+01,1.000000000000000036e-10,1.247458981431489363e-04,1.808010218957292135e-05
6.312500000000000056e-02,4.062500000000000139e-03,3.053666582617658776e+01,1.000000000000000036e-10,1.189764940373826797e-04,1.735928477037759499e-05
6.437500000000000167e-02,4.062500000000000139e-03,2.908455061215497395e+01,1.000000000000000036e-10,1.135533248838372148e-04,1.638761925241453494e-05
6.562500000000000278e-02,4.062500000000000139e-03,2.769783270408065690e+01,1.000000000000000036e-10,1.085350128920493972e-04,1.524562710972673750e-05
6.687500000000000389e-02,4.062500000000000139e-03,2.637117528985373838e+01,1.000000000000000036e-10,1.039530363652737063e-04,1.400556962640279798e-05
6.812500000000000500e-02,4.062500000000000139e-03,2.509900679494881359e+01,1.000000000000000036e-10,9.981611555851059017e-05,1.272805850238966880e-05
6.937500000000000611e-02,4.062500000000000139e-03,2.387577240089097330e+01,1.000000000000000036e-10,9.611563506057023594e-05,1.146072491458255345e-05
7.062500000000000722e-02,4.062500000000000139e-03,2.269611591843455756e+01,1.000000000000000036e-10,9.283091477085348483e-05,1.023860587422347824e-05
7.187500000000000833e-02,4.062500000000000139e-03,2.155499953161963589e+01,1.000000000000000036e-10,8.993369942506262028e-05,9.085591594088667080e-06
7.312499999999999556e-02,4.062500000000000139e-03,2.044777343280799187e+01,1.000000000000000036e-10,8.739166898265706210e-05,8.016350612574000363e-06
7.437499999999999667e-02,4.062500000000000139e-03,1.937020780705320888e+01,1.000000000000000036e-10,8.517101188882590353e-05,7.038328433749824198e-06
7.562499999999999778e-02,4.062500000000000139e-03,1.831849813558734397e+01,1.000000000000000036e-10,8.323820623796520084e-05,6.153584048300330344e-06
7.687499999999999889e-02,4.062500000000000139e-03,1.728925265110407850e+01,1.000000000000000036e-10,8.156117948224346698e-05,5.360353711547246674e-06
7.812500000000000000e-02,4.062500000000000139e-03,1.627946864853125675e+01,1.000000000000000036e-10,8.011000535737734666e-05,4.654311999599087415e-06
7.937500000000000111e-02,4.062500000000000139e-03,1.528650251716964448e+01,1.000000000000000036e-10,7.885727019825430830e-05,4.029545916776270368e-06
8.062500000000000222e-02,4.062500000000000139e-03,1.430803689357489894e+01,1.000000000000000036e-10,7.777821182252039336e-05,3.479279607168734166e-06
8.187500000000000333e-02,4.062500000000000139e-03,1.334204722160663437e+01,1.000000000000000036e-10,7.685070811765695687e-05,2.996394189727737470e-06
8.312500000000000444e-02,4.062500000000000139e-03,1.238676919063347448e+01,1.000000000000000036e-10,7.605517120932167932e-05,2.573786001748884877e-06
8.437500000000000555e-02,4.062500000000000139e-03,1.144066794137359189e+01,1.000000000000000036e-10,7.537438667762627945e-05,2.204601402720669010e-06
8.562500000000000666e-02,4.062500000000000139e-03,1.050240952369281722e+01,1.000000000000000036e-10,7.479332506340596182e-05,1.882379817949270588e-06
8.687500000000000777e-02,4.062500000000000139e-03,9.570834814788442557e+00,1.000000000000000036e-10,7.429894402294085886e-05,1.601130271378394626e-06
8.812499999999999500e-02,4.062500000000000139e-03,8.644935923119295040e+00,1.000000000000000036e-10,7.387999315467189392e-05,1.355360921395600584e-06
8.937499999999999611e-02,4.062500000000000139e-03,7.723834985921644858e+00,1.000000000000000036e-10,7.352682907794415627e-05,1.140076304338748290e-06
9.062499999999999722e-02,4.062500000000000139e-03,6.806765196170690757e+00,1.000000000000000036e-10,7.323124527928049233e-05,9.507531176490144760e-07
9.187499999999999833e-02,4.062500000000000139e-03,5.893053853939631992e+00,1.000000000000000036e-10,7.298631917040926788e-05,7.833023440858254138e-07
9.312499999999999944e-02,4.062500000000000139e-03,4.982107216910458547e+00,1.000000000000000036e-10,7.278627743985586975e-05,6.340231980274778175e-07
9.437500000000000056e-02,4.062500000000000139e-03,4.073396917943234996e+00,1.000000000000000036e-10,7.262637991938192998e-05,4.995526293285478319e-07
9.562500000000000167e-02,4.062500000000000139e-03,3.166447718925909705e+00,1.000000000000000036e-10,7.250282167868924582e-05,3.768128271257607635e-07
9.687500000000000278e-02,4.062500000000000139e-03,2.260826375976003444e+00,1.000000000000000036e-10,7.241265279964049920e-05,2.629582219582714802e-07
9.812500000000000389e-02,4.062500000000000139e-03,1.356131398934896870e+00,1.000000000000000036e-10,7.235371518856246911e-05,1.553228062085132056e-07
9.937500000000000500e-02,4.062500000000000139e-03,4.519834962619412311e-01,1.000000000000000036e-10,7.232459580787351807e-05,5.136811514595772711e-08
6.250000000000000130e-04,4.687499999999999827e-03,9.954836016822747524e+01,1.000000000000000036e-10,7.226928315477037807e-05,-5.844135371035006987e-08
1.874999999999999931e-03,4.687499999999999827e-03,9.864490775290326496e+01,1.000000000000000036e-10,7.229709038288374278e-05,-1.767128720473465091e-07
3.125000000000000173e-03,4.687499999999999827e-03,9.774093290865538108e+01,1.000000000000000036e-10,7.235337638574263126e-05,-2.991799630910918102e-07
4.375000000000000416e-03,4.687499999999999827e-03,9.683607334325969873e+01,1.000000000000000036e-10,7.243949940647951093e-05,-4.287370358849783863e-07
5.624999999999999792e-03,4.687499999999999827e-03,9.592994542349339326e+01,1.000000000000000036e-10,7.255753491652909776e-05,-5.684252959440526247e-07
6.875000000000000035e-03,4.687499999999999827e-03,9.502213497034647105e+01,1.000000000000000036e-10,7.271032198475153765e-05,-7.214928257701557220e-07
8.125000000000000278e-03,4.687499999999999827e-03,9.411218737387460465e+01,1.000000000000000036e-10,7.290152614306235810e-05,-8.914556607817302502e-07
9.374999999999999653e-03,4.687499999999999827e-03,9.319959681676991181e+01,1.000000000000000036e-10,7.313571957784972257e-05,-1.082159572782756996e-06
1.062500000000000076e-02,4.687499999999999827e-03,9.228379438442836147e+01,1.000000000000000036e-10,7.341847959211121697e-05,-1.297841755666695232e-06
1.187500000000000014e-02,4.687499999999999827e-03,9.136413482696713118e+01,1.000000000000000036e-10,7.375650631383562817e-05,-1.543190869294903539e-06
1.312499999999999951e-02,4.687499999999999827e-03,9.043988172658247038e+01,1.000000000000000036e-10,7.415776052715157877e-05,-1.823402864272338452e-06
1.437500000000000062e-02,4.687499999999999827e-03,8.951019081378834130e+01,1.000000000000000036e-10,7.463162220873128562e-05,-2.144228586076905810e-06
1.562500000000000000e-02,4.687499999999999827e-03,8.857409117136418786e+01,1.000000000000000036e-10,7.518906976687672529e-05,-2.512007220776694676e-06
1.687500000000000111e-02,4.687499999999999827e-03,8.763046406961642276e+01,1.000000000000000036e-10,7.584287896537942675e-05,-2.933677048791877690e-06
1.812499999999999875e-02,4.687499999999999827e-03,8.667801919722970183e+01,1.000000000000000036e-10,7.660783886663009726e-05,-3.416751547475768817e-06
1.937499999999999986e-02,4.687499999999999827e-03,8.571526809795066981e+01,1.000000000000000036e-10,7.750097955679960632e-05,-3.969244446933543512e-06
2.062500000000000097e-02,4.687499999999999827e-03,8.474049470830971131e+01,1.000000000000000036e-10,7.854180250212947903e-05,-4.599521737537769508e-06
2.187500000000000208e-02,4.687499999999999827e-03,8.375172303539743268e+01,1.000000000000000036e-10,7.975249853787771937e-05,-5.316051776268295354e-06
2.312499999999999972e-02,4.687499999999999827e-03,8.274668224486276813e+01,1.000000000000000036e-10,8.115812989112838210e-05,-6.127016673929118675e-06
2.437500000000000083e-02,4.687499999999999827e-03,8.172276978811922277e+01,1.000000000000000036e-10,8.278674019544381385e-05,-7.039739615925097983e-06
2.562500000000000194e-02,4.687499999999999827e-03,8.067701373997667247e+01,1.000000000000000036e-10,8.466933881731163506e-05,-8.059875002471698528e-06
2.687499999999999958e-02,4.687499999999999827e-03,7.960603631768643140e+01,1.000000000000000036e-10,8.683968152392991481e-05,-9.190303944055811669e-06
2.812500000000000069e-02,4.687499999999999827e-03,7.850602170187842432e+01,1.000000000000000036e-10,8.933373749665972298e-05,-1.042968147015471669e-05
2.937500000000000180e-02,4.687499999999999827e-03,7.737269288026993763e+01,1.000000000000000036e-10,9.218869332267785313e-05,-1.177060158404060277e-05
3.062499999999999944e-02,4.687499999999999827e-03,7.620130436881147773e+01,1.000000000000000036e-10,9.544130187744484517e-05,-1.319739362698441874e-05
3.187500000000000056e-02,4.687499999999999827e-03,7.498666033333381620e+01,1.000000000000000036e-10,9.912534934190202868e-05,-1.468365377116356019e-05
3.312500000000000167e-02,4.687499999999999827e-03,7.372317063526392644e+01,1.000000000000000036e-10,1.032680122483901425e-04,-1.618976621423598341e-05
3.437500000000000278e-02,4.687499999999999827e-03,7.240496002712406209e+01,1.000000000000000036e-10,1.078849585523732713e-04,-1.766089193725860641e-05
3.562500000000000389e-02,4.687499999999999827e-03,7.102604667145459416e+01,1.000000000000000036e-10,1.129743033234114789e-04,-1.902618280627620700e-05
3.687499999999999806e-02,4.687499999999999827e-03,6.958060244403877448e+01,1.000000000000000036e-10,1.185100939340241895e-04,-2.020020109857113792e-05
3.812499999999999917e-02,4.687499999999999827e-03,6.806329432310398886e+01,1.000000000000000036e-10,1.244369235817816498e-04,-2.108730273811715744e-05
3.937500000000000028e-02,4.687499999999999827e-03,6.646967935449423237e+01,1.000000000000000036e-10,1.306679845337612128e-04,-2.158821499599070722e-05
4.062500000000000139e-02,4.687499999999999827e-03,6.479659470975995816e+01,1.000000000000000036e-10,1.370871507101713500e-04,-2.160453535911528673e-05
4.187500000000000250e-02,4.687499999999999827e-03,6.304250058673994772e+01,1.000000000000000036e-10,1.435487272690784172e-04,-2.103491861651263594e-05
4.312500000000000361e-02,4.687499999999999827e-03,6.120787652803299750e+01,1.000000000000000036e-10,1.498634340596643490e-04,-1.976941342359679577e-05
4.437499999999999778e-02,4.687499999999999827e-03,5.929591473524833845e+01,1.000000000000000036e-10,1.557817422352573240e-04,-1.771606471649874571e-05
4.562499999999999889e-02,4.687499999999999827e-03,5.731333297215156364e+01,1.000000000000000036e-10,1.610157006814847325e-04,-1.485875953745391650e-05
4.687500000000000000e-02,4.687499999999999827e-03,5.527052221821121947e+01,1.000000000000000036e-10,1.652882780134444399e-04,-1.125687986926493273e-05
4.812500000000000111e-02,4.687499999999999827e-03,5.318112602181545157e+01,1.000000000000000036e-10,1.682822355015690236e-04,-6.960086314944645639e-06
4.937500000000000222e-02,4.687499999999999827e-03,5.106346633067199292e+01,1.000000000000000036e-10,1.697836940978072356e-04,-2.342930415269392846e-06
5.062500000000000333e-02,4.687499999999999827e-03,4.893653366937027016e+01,1.000000000000000036e-10,1.697836940978092143e-04,2.342930415273371360e-06
5.187500000000000444e-02,4.687499999999999827e-03,4.681887397822676178e+01,1.000000000000000036e-10,1.682822355015772906e-04,6.960086314947487434e-06
5.312499999999999861e-02,4.687499999999999827e-03,4.472947778183083756e+01,1.000000000000000036e-10,1.652882780134572334e-04,1.125687986927061801e-05
5.437499999999999972e-02,4.687499999999999827e-03,4.268666702789032996e+01,1.000000000000000036e-10,1.610157006815015105e-04,1.485875953745960178e-05
5.562500000000000083e-02,4.687499999999999827e-03,4.070408526479329936e+01,1.000000000000000036e-10,1.557817422352792249e-04,1.771606471650556940e-05
5.687500000000000194e-02,4.687499999999999827e-03,3.879212347200834898e+01,1.000000000000000036e-10,1.498634340596910475e-04,1.976941342360475788e-05
5.812500000000000305e-02,4.687499999999999827e-03,3.695749941330102217e+01,1.000000000000000036e-10,1.435487272691107806e-04,2.103491861652173308e-05
5.937500000000000416e-02,4.687499999999999827e-03,3.520340529028057830e+01,1.000000000000000036e-10,1.370871507102063155e-04,2.160453535912551550e-05
6.062499999999999833e-02,4.687499999999999827e-03,3.353032064554586356e+01,1.000000000000000036e-10,1.306679845337987262e-04,2.158821499600150858e-05
6.187499999999999944e-02,4.687499999999999827e-03,3.193670567693560969e+01,1.000000000000000036e-10,1.244369235818223074e-04,2.108730273812710161e-05
6.312500000000000056e-02,4.687499999999999827e-03,3.041939755600030537e+01,1.000000000000000036e-10,1.185100939340656874e-04,2.020020109858421272e-05
6.437500000000000167e-02,4.687499999999999827e-03,2.897395332858396699e+01,1.000000000000000036e-10,1.129743033234546844e-04,1.902618280628728958e-05
6.562500000000000278e-02,4.687499999999999827e-03,2.759503997291393773e+01,1.000000000000000036e-10,1.078849585524198785e-04,1.766089193726741894e-05
6.687500000000000389e-02,4.687499999999999827e-03,2.627682936477346942e+01,1.000000000000000036e-10,1.032680122484377525e-04,1.618976621424365753e-05
6.812500000000000500e-02,4.687499999999999827e-03,2.501333966670299347e+01,1.000000000000000036e-10,9.912534934195262027e-05,1.468365377117435986e-05
6.937500000000000611e-02,4.687499999999999827e-03,2.379869563122465337e+01,1.000000000000000036e-10,9.544130187750068158e-05,1.319739362699436799e-05
7.062500000000000722e-02,4.687499999999999827e-03,2.262730711976547582e+01,1.000000000000000036e-10,9.218869332273923252e-05,1.177060158405197165e-05
7.187500000000000833e-02,4.687499999999999827e-03,2.149397829815617200e+01,1.000000000000000036e-10,8.933373749672709259e-05,1.042968147016409673e-05
7.312499999999999556e-02,4.687499999999999827e-03,2.039396368234729806e+01,1.000000000000000036e-10,8.683968152400082163e-05,9.190303944065190018e-06
7.437499999999999667e-02,4.687499999999999827e-03,1.932298626005615105e+01,1.000000000000000036e-10,8.466933881738609264e-05,8.059875002481928992e-06
7.562499999999999778e-02,4.687499999999999827e-03,1.827723021191264507e+01,1.000000000000000036e-10,8.278674019552210680e-05,7.039739615931636230e-06
7.687499999999999889e-02,4.687499999999999827e-03,1.725331775516809785e+01,1.000000000000000036e-10,8.115812989121137778e-05,6.127016673933097189e-06
7.812500000000000000e-02,4.687499999999999827e-03,1.624827696463236038e+01,1.000000000000000036e-10,7.975249853796659684e-05,5.316051776270284187e-06
7.937500000000000111e-02,4.687499999999999827e-03,1.525950529171893244e+01,1.000000000000000036e-10,7.854180250222312699e-05,4.599521737540043792e-06
8.062500000000000222e-02,4.687499999999999827e-03,1.428473190207678201e+01,1.000000000000000036e-10,7.750097955689936647e-05,3.969244446935674647e-06
8.187500000000000333e-02,4.687499999999999827e-03,1.332198080279644792e+01,1.000000000000000036e-10,7.660783886673590184e-05,3.416751547475342336e-06
8.312500000000000444e-02,4.687499999999999827e-03,1.236953593040838406e+01,1.000000000000000036e-10,7.584287896548998827e-05,2.933677048792588350e-06
8.437500000000000555e-02,4.687499999999999827e-03,1.142590882865919788e+01,1.000000000000000036e-10,7.518906976699204375e-05,2.512007220774278938e-06
8.562500000000000666e-02,4.687499999999999827e-03,1.048980918623358249e+01,1.000000000000000036e-10,7.463162220885100864e-05,2.144228586076621631e-06
8.687500000000000777e-02,4.687499999999999827e-03,9.560118273437922198e+00,1.000000000000000036e-10,7.415776052727791542e-05,1.823402864271059432e-06
8.812499999999999500e-02,4.687499999999999827e-03,8.635865173051634258e+00,1.000000000000000036e-10,7.375650631396928319e-05,1.543190869292913859e-06
8.937499999999999611e-02,4.687499999999999827e-03,7.716205615588689781e+00,1.000000000000000036e-10,7.341847959224947985e-05,1.297841755665984783e-06
9.062499999999999722e-02,4.687499999999999827e-03,6.800403183245396832e+00,1.000000000000000036e-10,7.313571957799316252e-05,1.082159572782330515e-06
9.187499999999999833e-02,4.687499999999999827e-03,5.887812626138860139e+00,1.000000000000000036e-10,7.290152614321411930e-05,8.914556607781064315e-07
9.312499999999999944e-02,4.687499999999999827e-03,4.977865029665043295e+00,1.000000000000000036e-10,7.271032198490664632e-05,7.214928257660344832e-07
9.437500000000000056e-02,4.687499999999999827e-03,4.070054576516193734e+00,1.000000000000000036e-10,7.255753491668384052e-05,5.684252959387235169e-07
9.562500000000000167e-02,4.687499999999999827e-03,3.163926656747946708e+00,1.000000000000000036e-10,7.243949940664119258e-05,4.287370358835217543e-07
9.687500000000000278e-02,4.687499999999999827e-03,2.259067091350163814e+00,1.000000000000000036e-10,7.235337638591485677e-05,2.991799630882851665e-07
9.812500000000000389e-02,4.687499999999999827e-03,1.355092247100074809e+00,1.000000000000000036e-10,7.229709038306073878e-05,1.767128720446997164e-07
9.937500000000000500e-02,4.687499999999999827e-03,4.516398317736449730e-01,1.000000000000000036e-10,7.226928315494878354e-05,5.844135371020353318e-08
6.250000000000000130e-04,5.312500000000000382e-03,9.954874702066055647e+01,1.000000000000000036e-10,7.220701869481671283e-05,-6.516738954815080605e-08
1.874999999999999931e-03,5.312500000000000382e-03,9.864607751196902541e+01,1.000000000000000036e-10,7.223334588369651919e-05,-1.970540447075563593e-07
3.125000000000000173e-03,5.312500000000000382e-03,9.774291337356814324e+01,1.000000000000000036e-10,7.228664071755018798e-05,-3.336292087840319496e-07
4.375000000000000416e-03,5.312500000000000382e-03,9.683891149403027043e+01,1.000000000000000036e-10,7.236819901210082113e-05,-4.781284478269752982e-07
5.624999999999999792e-03,5.312500000000000382e-03,9.593370839826562246e+01,1.000000000000000036e-10,7.248000202428499304e-05,-6.339531451089895910e-07
6.875000000000000035e-03,5.312500000000000382e-03,9.502691144342314544e+01,1.000000000000000036e-10,7.262476225728219776e-05,-8.047386272119182606e-07
8.125000000000000278e-03,5.312500000000000382e-03,9.411808934183356712e+01,1.000000000000000036e-10,7.280598579675027918e-05,-9.944237082220295544e-07
9.374999999999999653e-03,5.312500000000000382e-03,9.320676179850438814e+01,1.000000000000000036e-10,7.302805223169285401e-05,-1.207321460194634397e-06
1.062500000000000076e-02,5.312500000000000382e-03,9.229238803604124541e+01,1.000000000000000036e-10,7.329631342954995754e-05,-1.448190474310422036e-06
1.187500000000000014e-02,5.312500000000000382e-03,9.137435396276563893e+01,1.000000000000000036e-10,7.361721260023613208e-05,-1.722305096852778233e-06
1.312499999999999951e-02,5.312500000000000382e-03,9.045195772103534182e+01,1.000000000000000036e-10,7.399842516442217450e-05,-2.035522025456657053e-06
1.437500000000000062e-02,5.312500000000000382e-03,8.952439333365508389e+01,1.000000000000000036e-10,7.444902288503440796e-05,-2.394339125983150759e-06
1.562500000000000000e-02,5.312500000000000382e-03,8.859073214890948123e+01,1.000000000000000036e-10,7.497966244615438371e-05,-2.805940240499466492e-06
1.687500000000000111e-02,5.312500000000000382e-03,8.764990177250122372e+01,1.000000000000000036e-10,7.560279904586023861e-05,-3.278216928169967546e-06
1.812499999999999875e-02,5.312500000000000382e-03,8.670066217276297493e+01,1.000000000000000036e-10,7.633292441848026771e-05,-3.819754305029618189e-06
1.937499999999999986e-02,5.312500000000000382e-03,8.574157866203921685e+01,1.000000000000000036e-10,7.718682672739018936e-05,-4.439763188912592573e-06
2.062500000000000097e-02,5.312500000000000382e-03,8.477099150457821963e+01,1.000000000000000036e-10,7.818386653349305190e-05,-5.147934371268547284e-06
2.187500000000000208e-02,5.312500000000000382e-03,8.378698199870189001e+01,1.000000000000000036e-10,7.934625788909157402e-05,-5.954182838204358870e-06
2.312499999999999972e-02,5.312500000000000382e-03,8.278733505735092990e+01,1.000000000000000036e-10,8.069933556232966696e-05,-6.868240125230611835e-06
2.437500000000000083e-02,5.312500000000000382e-03,8.176949860964364802e+01,1.000000000000000036e-10,8.227177707361362532e-05,-7.899042072418750466e-06
2.562500000000000194e-02,5.312500000000000382e-03,8.073054063051058904e+01,1.000000000000000036e-10,8.409572972468536828e-05,-9.053848182445561467e-06
2.687499999999999958e-02,5.312500000000000382e-03,7.966710536652651342e+01,1.000000000000000036e-10,8.620676574874606328e-05,-1.033702012942057721e-05
2.812500000000000069e-02,5.312500000000000382e-03,7.857537148679193706e+01,1.000000000000000036e-10,8.864355060500371400e-05,-1.174838569927942340e-05
2.937500000000000180e-02,5.312500000000000382e-03,7.745101660140142030e+01,1.000000000000000036e-10,9.144705869237667673e-05,-1.328112931160375991e-05
3.062499999999999944e-02,5.312500000000000382e-03,7.628919501948251991e+01,1.000000000000000036e-10,9.465910896695275988e-05,-1.491919531408598059e-05
3.187500000000000056e-02,5.312500000000000382e-03,7.508453887722760101e+01,1.000000000000000036e-10,9.831992926483392402e-05,-1.663428596522635255e-05
3.312500000000000167e-02,5.312500000000000382e-03,7.383119678786167128e+01,1.000000000000000036e-10,1.024644172821785918e-04,-1.838270948208900926e-05
3.437500000000000278e-02,5.312500000000000382e-03,7.252292844517313597e+01,1.000000000000000036e-10,1.071168045959825410e-04,-2.010261547830054598e-05
3.562500000000000389e-02,5.312500000000000382e-03,7.115327667296210734e+01,1.000000000000000036e-10,1.122836703031361799e-04,-2.171256450433133245e-05
3.687499999999999806e-02,5.312500000000000382e-03,6.971583668759473085e+01,1.000000000000000036e-10,1.179459340714208608e-04,-2.311284658997123713e-05
3.812499999999999917e-02,5.312500000000000382e-03,6.820462832117658536e+01,1.000000000000000036e-10,1.240518911943996579e-04,-2.419105063208689456e-05
3.937500000000000028e-02,5.312500000000000382e-03,6.661453940773473903e+01,1.000000000000000036e-10,1.305151632254580450e-04,-2.483163359353511028e-05
4.062500000000000139e-02,5.312500000000000382e-03,6.494174924054013331e+01,1.000000000000000036e-10,1.372201735072291911e-04,-2.492320499065612800e-05
4.187500000000000250e-02,5.312500000000000382e-03,6.318403507005400854e+01,1.000000000000000036e-10,1.440258664739985529e-04,-2.434988374780345312e-05
4.312500000000000361e-02,5.312500000000000382e-03,6.134110257869016891e+01,1.000000000000000036e-10,1.507426973615417641e-04,-2.297021713136359090e-05
4.437499999999999778e-02,5.312500000000000382e-03,5.941546763601546388e+01,1.000000000000000036e-10,1.570949494229637337e-04,-2.065054112723430001e-05
4.562499999999999889e-02,5.312500000000000382e-03,5.741372884311607550e+01,1.000000000000000036e-10,1.627506695325763248e-04,-1.736912240463368295e-05
4.687500000000000000e-02,5.312500000000000382e-03,5.534670089770105506e+01,1.000000000000000036e-10,1.674227737995510976e-04,-1.321885780155013975e-05
4.812500000000000111e-02,5.312500000000000382e-03,5.322815949812729741e+01,1.000000000000000036e-10,1.706972852265539189e-04,-8.132342840222575291e-06
4.937500000000000222e-02,5.312500000000000382e-03,5.107926876703720609e+01,1.000000000000000036e-10,1.722971306048907199e-04,-2.721325877279240772e-06
5.062500000000000333e-02,5.312500000000000382e-03,4.892073123300502857e+01,1.000000000000000036e-10,1.722971306048924275e-04,2.721325877280377490e-06
5.187500000000000444e-02,5.312500000000000382e-03,4.677184050191489462e+01,1.000000000000000036e-10,1.706972852265627280e-04,8.132342840224850421e-06
5.312499999999999861e-02,5.312500000000000382e-03,4.465329910234095934e+01,1.000000000000000036e-10,1.674227737995653007e-04,1.321885780155525752e-05
5.437499999999999972e-02,5.312500000000000382e-03,4.258627115692576126e+01,1.000000000000000036e-10,1.627506695325933739e-04,1.736912240464277669e-05
5.562500000000000083e-02,5.312500000000000382e-03,4.058453236402612418e+01,1.000000000000000036e-10,1.570949494229858514e-04,2.065054112724225874e-05
5.687500000000000194e-02,5.312500000000000382e-03,3.865889742135111362e+01,1.000000000000000036e-10,1.507426973615693300e-04,2.297021713137439565e-05
5.812500000000000305e-02,5.312500000000000382e-03,3.681596492998689030e+01,1.000000000000000036e-10,1.440258664740315126e-04,2.434988374781425449e-05
5.937500000000000416e-02,5.312500000000000382e-03,3.505825075950032499e+01,1.000000000000000036e-10,1.372201735072638585e-04,2.492320499066749519e-05
6.062499999999999833e-02,5.312500000000000382e-03,3.338546059230529295e+01,1.000000000000000036e-10,1.305151632254948537e-04,2.483163359354591165e-05
6.187499999999999944e-02,5.312500000000000382e-03,3.179537167886295279e+01,1.000000000000000036e-10,1.240518911944402884e-04,2.419105063209655752e-05
6.312500000000000056e-02,5.312500000000000382e-03,3.028416331244428505e+01,1.000000000000000036e-10,1.179459340714627787e-04,2.311284658997862665e-05
6.437500000000000167e-02,5.312500000000000382e-03,2.884672332707638276e+01,1.000000000000000036e-10,1.122836703031788162e-04,2.171256450434042959e-05
6.562500000000000278e-02,5.312500000000000382e-03,2.747707155486481412e+01,1.000000000000000036e-10,1.071168045960275896e-04,2.010261547830963973e-05
6.687500000000000389e-02,5.312500000000000382e-03,2.616880321217569261e+01,1.000000000000000036e-10,1.024644172822271776e-04,1.838270948209639878e-05
6.812500000000000500e-02,5.312500000000000382e-03,2.491546112280913405e+01,1.000000000000000036e-10,9.831992926488593862e-05,1.663428596523800434e-05
6.937500000000000611e-02,5.312500000000000382e-03,2.371080498055354369e+01,1.000000000000000036e-10,9.465910896700902998e-05,1.491919531409734777e-05
7.062500000000000722e-02,5.312500000000000382e-03,2.254898339863390788e+01,1.000000000000000036e-10,9.144705869243834073e-05,1.328112931161711931e-05
7.187500000000000833e-02,5.312500000000000382e-03,2.142462851324258466e+01,1.000000000000000036e-10,8.864355060506922692e-05,1.174838569929050598e-05
7.312499999999999556e-02,5.312500000000000382e-03,2.033289463350717696e+01,1.000000000000000036e-10,8.620676574881598077e-05,1.033702012942882054e-05
7.437499999999999667e-02,5.312500000000000382e-03,1.926945936952218474e+01,1.000000000000000036e-10,8.409572972475912113e-05,9.053848182454372304e-06
7.562499999999999778e-02,5.312500000000000382e-03,1.823050139038819850e+01,1.000000000000000036e-10,8.227177707369079341e-05,7.899042072425570775e-06
7.687499999999999889e-02,5.312500000000000382e-03,1.721266494267991476e+01,1.000000000000000036e-10,8.069933556241279816e-05,6.868240125234591195e-06
7.812500000000000000e-02,5.312500000000000382e-03,1.621301800132787818e+01,1.000000000000000036e-10,7.934625788918081742e-05,5.954182838208622834e-06
7.937500000000000111e-02,5.312500000000000382e-03,1.522900849545039392e+01,1.000000000000000036e-10,7.818386653358699802e-05,5.147934371272099740e-06
8.062500000000000222e-02,5.312500000000000382e-03,1.425842133798820299e+01,1.000000000000000036e-10,7.718682672748803861e-05,4.439763188916429632e-06
8.187500000000000333e-02,5.312500000000000382e-03,1.329933782726319258e+01,1.000000000000000036e-10,7.633292441858542177e-05,3.819754305028623772e-06
8.312500000000000444e-02,5.312500000000000382e-03,1.235009822752356712e+01,1.000000000000000036e-10,7.560279904597115249e-05,3.278216928170109424e-06
8.437500000000000555e-02,5.312500000000000382e-03,1.140926785111391339e+01,1.000000000000000036e-10,7.497966244626829270e-05,2.805940240497761415e-06
8.562500000000000666e-02,5.312500000000000382e-03,1.047560666636685944e+01,1.000000000000000036e-10,7.444902288515434783e-05,2.394339125981161502e-06
8.687500000000000777e-02,5.312500000000000382e-03,9.548042278985054310e+00,1.000000000000000036e-10,7.399842516454902615e-05,2.035522025456514752e-06
8.812499999999999500e-02,5.312500000000000382e-03,8.625646037253133613e+00,1.000000000000000036e-10,7.361721260036935342e-05,1.722305096852209874e-06
8.937499999999999611e-02,5.312500000000000382e-03,7.707611963975820046e+00,1.000000000000000036e-10,7.329631342968887095e-05,1.448190474307650968e-06
9.062499999999999722e-02,5.312500000000000382e-03,6.793238201510911622e+00,1.000000000000000036e-10,7.302805223183655146e-05,1.207321460195771327e-06
9.187499999999999833e-02,5.312500000000000382e-03,5.881910658179905660e+00,1.000000000000000036e-10,7.280598579690111881e-05,9.944237082221716442e-07
9.312499999999999944e-02,5.312500000000000382e-03,4.973088556588383113e+00,1.000000000000000036e-10,7.262476225743618157e-05,8.047386272083654867e-07
9.437500000000000056e-02,5.312500000000000382e-03,4.066291601744000950e+00,1.000000000000000036e-10,7.248000202444068447e-05,6.339531451057211027e-07
9.562500000000000167e-02,5.312500000000000382e-03,3.161088505977365681e+00,1.000000000000000036e-10,7.236819901226403421e-05,4.781284478262647435e-07
9.687500000000000278e-02,5.312500000000000382e-03,2.257086626437399879e+00,1.000000000000000036e-10,7.228664071772108535e-05,3.336292087802660411e-07
9.812500000000000389e-02,5.312500000000000382e-03,1.353922488034338123e+00,1.000000000000000036e-10,7.223334588387343388e-05,1.970540447036306263e-07
9.937500000000000500e-02,5.312500000000000382e-03,4.512529793405636869e-01,1.000000000000000036e-10,7.220701869499606697e-05,6.516738954593925597e-08
6.250000000000000130e-04,5.937500000000000069e-03,9.954917476059682713e+01,1.000000000000000036e-10,7.213817243764252679e-05,-7.150545636477544398e-08
1.874999999999999931e-03,5.937500000000000069e-03,9.864737092846210942e+01,1.000000000000000036e-10,7.216285947326580967e-05,-2.162230901353723016e-07
3.125000000000000173e-03,5.937500000000000069e-03,9.774510327376518148e+01,1.000000000000000036e-10,7.221283918418292425e-05,-3.660974357353551361e-07
4.375000000000000416e-03,5.937500000000000069e-03,9.684204994885753592e+01,1.000000000000000036e-10,7.228933743831701957e-05,-5.246884952134676704e-07
5.624999999999999792e-03,5.937500000000000069e-03,9.593786983780725564e+01,1.000000000000000036e-10,7.239422982683662384e-05,-6.957407980667084417e-07
6.875000000000000035e-03,5.937500000000000069e-03,9.503219420318662003e+01,1.000000000000000036e-10,7.253008670319500994e-05,-8.832595289254639806e-07
8.125000000000000278e-03,5.937500000000000069e-03,9.412461767022738002e+01,1.000000000000000036e-10,7.270023472657100331e-05,-1.091588587925116103e-06
9.374999999999999653e-03,5.937500000000000069e-03,9.321468833502234475e+01,1.000000000000000036e-10,7.290883619480551013e-05,-1.325490532072990328e-06
1.062500000000000076e-02,5.937500000000000069e-03,9.230189676535724175e+01,1.000000000000000036e-10,7.316098777378213171e-05,-1.590227790843527763e-06
1.187500000000000014e-02,5.937500000000000069e-03,9.138566364067779091e+01,1.000000000000000036e-10,7.346284053826250928e-05,-1.891643747896978036e-06
1.312499999999999951e-02,5.937500000000000069e-03,9.046532575190067860e+01,1.000000000000000036e-10,7.382174351258638848e-05,-2.236241143663164259e-06
1.437500000000000062e-02,5.937500000000000069e-03,8.954012005286313070e+01,1.000000000000000036e-10,7.424641310120987645e-05,-2.631253662386825074e-06
1.562500000000000000e-02,5.937500000000000069e-03,8.860916542437043120e+01,1.000000000000000036e-10,7.474713086578331923e-05,-3.084704366933691872e-06
1.687500000000000111e-02,5.937500000000000069e-03,8.767144178121854736e+01,1.000000000000000036e-10,7.533597193311435006e-05,-3.605441635251053550e-06
1.812499999999999875e-02,5.937500000000000069e-03,8.672576612604257207e+01,1.000000000000000036e-10,7.602706573625879851e-05,-4.203139185822237531e-06
1.937499999999999986e-02,5.937500000000000069e-03,8.577076513781207723e+01,1.000000000000000036e-10,7.683688952368014516e-05,-4.888241356277375065e-06
2.062500000000000097e-02,5.937500000000000069e-03,8.480484388795056816e+01,1.000000000000000036e-10,7.778459267748358741e-05,-5.671827683854643749e-06
2.187500000000000208e-02,5.937500000000000069e-03,8.382615032087498719e+01,1.000000000000000036e-10,7.889234566089667778e-05,-6.565361695119234633e-06
2.312499999999999972e-02,5.937500000000000069e-03,8.283253524642815080e+01,1.000000000000000036e-10,8.018570027402118969e-05,-7.580277411489076385e-06
2.437500000000000083e-02,5.937500000000000069e-03,8.182150781402445716e+01,1.000000000000000036e-10,8.169393616683633141e-05,-8.727343488203584854e-06
2.562500000000000194e-02,5.937500000000000069e-03,8.079018684225724201e+01,1.000000000000000036e-10,8.345034978881073185e-05,-1.001572990318550131e-05
2.687499999999999958e-02,5.937500000000000069e-03,7.973524906930418865e+01,1.000000000000000036e-10,8.549241276551298638e-05,-1.145168790906154463e-05
2.812500000000000069e-02,5.937500000000000069e-03,7.865287652311941713e+01,1.000000000000000036e-10,8.786168290556814519e-05,-1.303674541779059678e-05
2.937500000000000180e-02,5.937500000000000069e-03,7.753870699666498467e+01,1.000000000000000036e-10,9.060328851527456437e-05,-1.476532644163171166e-05
3.062499999999999944e-02,5.937500000000000069e-03,7.638779431023755251e+01,1.000000000000000036e-10,9.376472355063353021e-05,-1.662174083902413880e-05
3.187500000000000056e-02,5.937500000000000069e-03,7.519458890789914562e+01,1.000000000000000036e-10,9.739359225790049910e-05,-1.857658494285942160e-05
3.312500000000000167e-02,5.937500000000000069e-03,7.395295450379003910e+01,1.000000000000000036e-10,1.015338474918530407e-04,-2.058278213009770766e-05
3.437500000000000278e-02,5.937500000000000069e-03,7.265624272060281896e+01,1.000000000000000036e-10,1.062200310412521114e-04,-2.257182826188568005e-05
3.562500000000000389e-02,5.937500000000000069e-03,7.129745372775873591e+01,1.000000000000000036e-10,1.114691877675761316e-04,-2.445136293748532269e-05
3.687499999999999806e-02,5.937500000000000069e-03,6.986951302641341499e+01,1.000000000000000036e-10,1.172708508701464153e-04,-2.610601159224642658e-05
3.812499999999999917e-02,5.937500000000000069e-03,6.836568245600507510e+01,1.000000000000000036e-10,1.235775300799997370e-04,-2.740420379622719195e-05
3.937500000000000028e-02,5.937500000000000069e-03,6.678007477441342132e+01,1.000000000000000036e-10,1.303019073544765859e-04,-2.821230508215989322e-05
4.062500000000000139e-02,5.937500000000000069e-03,6.510813477214315981e+01,1.000000000000000036e-10,1.373280256330371802e-04,-2.840809778219181121e-05
4.187500000000000250e-02,5.937500000000000069e-03,6.334687413358749097e+01,1.000000000000000036e-10,1.445252211987246502e-04,-2.786643522249277730e-05
4.312500000000000361e-02,5.937500000000000069e-03,6.149500424217504246e+01,1.000000000000000036e-10,1.517131053699489205e-04,-2.640602318605658110e-05
4.437499999999999778e-02,5.937500000000000069e-03,5.955404649933876726e+01,1.000000000000000036e-10,1.585822895986222847e-04,-2.382545321758356590e-05
4.562499999999999889e-02,5.937500000000000069e-03,5.753044700220948471e+01,1.000000000000000036e-10,1.647315423443268024e-04,-2.009669674193673389e-05
4.687500000000000000e-02,5.937500000000000069e-03,5.543575794073059626e+01,1.000000000000000036e-10,1.699066677956499911e-04,-1.541489832339606959e-05
4.812500000000000111e-02,5.937500000000000069e-03,5.328278030731823378e+01,1.000000000000000036e-10,1.735310014637044722e-04,-9.385724865906011505e-06
4.937500000000000222e-02,5.937500000000000069e-03,5.109748290413798344e+01,1.000000000000000036e-10,1.752105284565587027e-04,-3.107630037189322998e-06
5.062500000000000333e-02,5.937500000000000069e-03,4.890251709590426543e+01,1.000000000000000036e-10,1.752105284565612505e-04,3.107630037187049561e-06
5.187500000000000444e-02,5.937500000000000069e-03,4.671721969272395114e+01,1.000000000000000036e-10,1.735310014637147179e-04,9.385724865908854148e-06
5.312499999999999861e-02,5.937500000000000069e-03,4.456424205931139682e+01,1.000000000000000036e-10,1.699066677956662000e-04,1.541489832339948144e-05
5.437499999999999972e-02,5.937500000000000069e-03,4.246955299783229520e+01,1.000000000000000036e-10,1.647315423443449899e-04,2.009669674194639684e-05
5.562500000000000083e-02,5.937500000000000069e-03,4.044595350070277107e+01,1.000000000000000036e-10,1.585822895986450259e-04,2.382545321759436727e-05
5.687500000000000194e-02,5.937500000000000069e-03,3.850499575786616901e+01,1.000000000000000036e-10,1.517131053699770555e-04,2.640602318606795167e-05
5.812500000000000305e-02,5.937500000000000069e-03,3.665312586645334392e+01,1.000000000000000036e-10,1.445252211987573389e-04,2.786643522250357866e-05
5.937500000000000416e-02,5.937500000000000069e-03,3.489186522789723455e+01,1.000000000000000036e-10,1.373280256330721458e-04,2.840809778220431680e-05
6.062499999999999833e-02,5.937500000000000069e-03,3.321992522562653960e+01,1.000000000000000036e-10,1.303019073545132590e-04,2.821230508217126379e-05
6.187499999999999944e-02,5.937500000000000069e-03,3.163431754403440266e+01,1.000000000000000036e-10,1.235775300800386598e-04,2.740420379623599771e-05
6.312500000000000056e-02,5.937500000000000069e-03,3.013048697362557249e+01,1.000000000000000036e-10,1.172708508701876149e-04,2.610601159225353149e-05
6.437500000000000167e-02,5.937500000000000069e-03,2.870254627227971156e+01,1.000000000000000036e-10,1.114691877676201909e-04,2.445136293749356263e-05
6.562500000000000278e-02,5.937500000000000069e-03,2.734375727943506718e+01,1.000000000000000036e-10,1.062200310412978648e-04,2.257182826189619342e-05
6.687500000000000389e-02,5.937500000000000069e-03,2.604704549624726440e+01,1.000000000000000036e-10,1.015338474919019247e-04,2.058278213010936283e-05
6.812500000000000500e-02,5.937500000000000069e-03,2.480541109213751838e+01,1.000000000000000036e-10,9.739359225795308291e-05,1.857658494287193059e-05
6.937500000000000611e-02,5.937500000000000069e-03,2.361220568979843648e+01,1.000000000000000036e-10,9.376472355069023399e-05,1.662174083903579058e-05
7.062500000000000722e-02,5.937500000000000069e-03,2.246129300337026180e+01,1.000000000000000036e-10,9.060328851533580824e-05,1.476532644164279593e-05
7.187500000000000833e-02,5.937500000000000069e-03,2.134712347691504064e+01,1.000000000000000036e-10,8.786168290563293982e-05,1.303674541780054264e-05
7.312499999999999556e-02,5.937500000000000069e-03,2.026475093072943778e+01,1.000000000000000036e-10,8.549241276558275479e-05,1.145168790907120927e-05
7.437499999999999667e-02,5.937500000000000069e-03,1.920981315777547138e+01,1.000000000000000036e-10,8.345034978888448470e-05,1.001572990319061570e-05
7.562499999999999778e-02,5.937500000000000069e-03,1.817849218600732542e+01,1.000000000000000036e-10,8.169393616691222556e-05,8.727343488210406857e-06
7.687499999999999889e-02,5.937500000000000069e-03,1.716746475360266544e+01,1.000000000000000036e-10,8.018570027410289788e-05,7.580277411495329182e-06
7.812500000000000000e-02,5.937500000000000069e-03,1.617384967915475258e+01,1.000000000000000036e-10,7.889234566098535196e-05,6.565361695124066109e-06
7.937500000000000111e-02,5.937500000000000069e-03,1.519515611207803119e+01,1.000000000000000036e-10,7.778459267757703208e-05,5.671827683858622263e-06
8.062500000000000222e-02,5.937500000000000069e-03,1.422923486221532663e+01,1.000000000000000036e-10,7.683688952377762849e-05,4.888241356279649348e-06
8.187500000000000333e-02,5.937500000000000069e-03,1.327423387398359012e+01,1.000000000000000036e-10,7.602706573636274640e-05,4.203139185825220781e-06
8.312500000000000444e-02,5.937500000000000069e-03,1.232855821880625768e+01,1.000000000000000036e-10,7.533597193322455921e-05,3.605441635250769794e-06
8.437500000000000555e-02,5.937500000000000069e-03,1.139083457565297586e+01,1.000000000000000036e-10,7.474713086589758059e-05,3.084704366932270974e-06
8.562500000000000666e-02,5.937500000000000069e-03,1.045987994715881797e+01,1.000000000000000036e-10,7.424641310133038553e-05,2.631253662387251131e-06
8.687500000000000777e-02,5.937500000000000069e-03,9.534674248119715756e+00,1.000000000000000036e-10,7.382174351271342987e-05,2.236241143661742937e-06
8.812499999999999500e-02,5.937500000000000069e-03,8.614336359340981630e+00,1.000000000000000036e-10,7.346284053839484971e-05,1.891643747896267376e-06
8.937499999999999611e-02,5.937500000000000069e-03,7.698103234659844141e+00,1.000000000000000036e-10,7.316098777392126195e-05,1.590227790841112025e-06
9.062499999999999722e-02,5.937500000000000069e-03,6.785311664992949687e+00,1.000000000000000036e-10,7.290883619495044086e-05,1.325490532074411226e-06
9.187499999999999833e-02,5.937500000000000069e-03,5.875382329786082991e+00,1.000000000000000036e-10,7.270023472672043348e-05,1.091588587926253033e-06
9.312499999999999944e-02,5.937500000000000069e-03,4.967805796824938724e+00,1.000000000000000036e-10,7.253008670334842455e-05,8.832595289227638513e-07
9.437500000000000056e-02,5.937500000000000069e-03,4.062130162202372219e+00,1.000000000000000036e-10,7.239422982699278961e-05,6.957407980669214705e-07
9.562500000000000167e-02,5.937500000000000069e-03,3.157950051150118398e+00,1.000000000000000036e-10,7.228933743847845727e-05,5.246884952105900877e-07
9.687500000000000278e-02,5.937500000000000069e-03,2.254896726240410487e+00,1.000000000000000036e-10,7.221283918435353701e-05,3.660974357299195140e-07
9.812500000000000389e-02,5.937500000000000069e-03,1.352629071541279426e+00,1.000000000000000036e-10,7.216285947344357817e-05,2.162230901328498639e-07
9.937500000000000500e-02,5.937500000000000069e-03,4.508252394043207323e-01,1.000000000000000036e-10,7.213817243782399513e-05,7.150545636521064686e-08
6.250000000000000130e-04,6.562499999999999757e-03,9.954964083886511617e+01,1.000000000000000036e-10,7.206315442156662984e-05,-7.741684292341231048e-08
1.874999999999999931e-03,6.562499999999999757e-03,9.864878030059571756e+01,1.000000000000000036e-10,7.208604989401121870e-05,-2.341029576029995438e-07
3.125000000000000173e-03,6.562499999999999757e-03,9.774748959151483518e+01,1.000000000000000036e-10,7.213240801501113412e-05,-3.963864842069141302e-07
4.375000000000000416e-03,6.562499999999999757e-03,9.684547010022043878e+01,1.000000000000000036e-10,7.220337733093513315e-05,-5.681332317487885207e-07
5.624999999999999792e-03,6.562499999999999757e-03,9.594240515824145632e+01,1.000000000000000036e-10,7.230071650742898610e-05,-7.534118440264590197e-07
6.875000000000000035e-03,6.562499999999999757e-03,9.503795218753471374e+01,1.000000000000000036e-10,7.242683836235298323e-05,-9.565778486000906383e-07
8.125000000000000278e-03,6.562499999999999757e-03,9.413173419918263107e+01,1.000000000000000036e-10,7.258487029517652310e-05,-1.182360246342568393e-06
9.374999999999999653e-03,6.562499999999999757e-03,9.322333043015530052e+01,1.000000000000000036e-10,7.277873263023364723e-05,-1.435950775298806274e-06
1.062500000000000076e-02,6.562499999999999757e-03,9.231226588342678951e+01,1.000000000000000036e-10,7.301323682163795691e-05,-1.723095432804484170e-06
1.187500000000000014e-02,6.562499999999999757e-03,9.139799950961435115e+01,1.000000000000000036e-10,7.329420592382631023e-05,-2.050187039264983216e-06
1.312499999999999951e-02,6.562499999999999757e-03,9.047991073533113138e+01,1.000000000000000036e-10,7.362862020717726220e-05,-2.424356481130870857e-06
1.437500000000000062e-02,6.562499999999999757e-03,8.955728400443491921e+01,1.000000000000000036e-10,7.402479127339914712e-05,-2.853558652336686726e-06
1.562500000000000000e-02,6.562499999999999757e-03,8.862929095349615238e+01,1.000000000000000036e-10,7.449256845972227837e-05,-3.346646852421598774e-06
1.687500000000000111e-02,6.562499999999999757e-03,8.769496979294186190e+01,1.000000000000000036e-10,7.504358163641597107e-05,-3.913426271765273717e-06
1.812499999999999875e-02,6.562499999999999757e-03,8.675320141258575291e+01,1.000000000000000036e-10,7.569152455796709510e-05,-4.564672911646992765e-06
1.937499999999999986e-02,6.562499999999999757e-03,8.580268167899268406e+01,1.000000000000000036e-10,7.645248247837400446e-05,-5.312098484359919904e-06
2.062500000000000097e-02,6.562499999999999757e-03,8.484188935062640269e+01,1.000000000000000036e-10,7.734530636407213101e-05,-6.168234075519193633e-06
2.187500000000000208e-02,6.562499999999999757e-03,8.386904901989088046e+01,1.000000000000000036e-10,7.839203302527434627e-05,-7.146195125758366674e-06
2.312499999999999972e-02,6.562499999999999757e-03,8.288208852499454338e+01,1.000000000000000036e-10,7.961834466578749693e-05,-8.259277107663363937e-06
2.437500000000000083e-02,6.562499999999999757e-03,8.187859040324619286e+01,1.000000000000000036e-10,8.105405082776541794e-05,-9.520314819422991107e-06
2.562500000000000194e-02,6.562499999999999757e-03,8.085573725430040781e+01,1.000000000000000036e-10,8.273355751425639517e-05,-1.094071872619792670e-05
2.687499999999999958e-02,6.562499999999999757e-03,7.981025146538978277e+01,1.000000000000000036e-10,8.469625799144351978e-05,-1.252908081299210289e-05
2.812500000000000069e-02,6.562499999999999757e-03,7.873833080451431954e+01,1.000000000000000036e-10,8.698673133871862625e-05,-1.428922425752602665e-05
2.937500000000000180e-02,6.562499999999999757e-03,7.763558318192181673e+01,1.000000000000000036e-10,8.965456098175989810e-05,-1.621756522827126572e-05
3.062499999999999944e-02,6.562499999999999757e-03,7.649696677997032168e+01,1.000000000000000036e-10,9.275347971633890237e-05,-1.829967893734987843e-05
3.187500000000000056e-02,6.562499999999999757e-03,7.531674618901334384e+01,1.000000000000000036e-10,9.633940861929714467e-05,-2.050604564964032106e-05
3.312500000000000167e-02,6.562499999999999757e-03,7.408848156448789268e+01,1.000000000000000036e-10,1.004667956226654440e-04,-2.278714254196984252e-05
3.437500000000000278e-02,6.562499999999999757e-03,7.280507629844670703e+01,1.000000000000000036e-10,1.051825141922887200e-04,-2.506841890951590603e-05
3.562500000000000389e-02,6.562499999999999757e-03,7.145891870968067394e+01,1.000000000000000036e-10,1.105165786379558117e-04,-2.724638287584525202e-05
3.687499999999999806e-02,6.562499999999999757e-03,7.004216183249781125e+01,1.000000000000000036e-10,1.164695136420499261e-04,-2.918829070721244177e-05
3.812499999999999917e-02,6.562499999999999757e-03,6.854718086862942528e+01,1.000000000000000036e-10,1.229987444494429314e-04,-3.073987968988262245e-05
3.937500000000000028e-02,6.562499999999999757e-03,6.696719322126173779e+01,1.000000000000000036e-10,1.300132162324757490e-04,-3.174605371726214881e-05
4.062500000000000139e-02,6.562499999999999757e-03,6.529685046281753102e+01,1.000000000000000036e-10,1.373931084370627457e-04,-3.207735438866620396e-05
4.187500000000000250e-02,6.562499999999999757e-03,6.353236551033516832e+01,1.000000000000000036e-10,1.450269037720661679e-04,-3.161267406636568053e-05
4.312500000000000361e-02,6.562499999999999757e-03,6.167117786851587624e+01,1.000000000000000036e-10,1.527631883639963715e-04,-3.012186872375877689e-05
4.437499999999999778e-02,6.562499999999999757e-03,5.971328580123525853e+01,1.000000000000000036e-10,1.602496126450236370e-04,-2.728741193472614200e-05
4.562499999999999889e-02,6.562499999999999757e-03,5.766493755239028474e+01,1.000000000000000036e-10,1.669559469796700712e-04,-2.306253156496495136e-05
4.687500000000000000e-02,6.562499999999999757e-03,5.553938712674350597e+01,1.000000000000000036e-10,1.727782597375664207e-04,-1.794778260497536810e-05
4.812500000000000111e-02,6.562499999999999757e-03,5.334548105895112258e+01,1.000000000000000036e-10,1.768509193696572702e-04,-1.070133723439539382e-05
4.937500000000000222e-02,6.562499999999999757e-03,5.111811414250207264e+01,1.000000000000000036e-10,1.785438080564372208e-04,-3.478225508509352882e-06
5.062500000000000333e-02,6.562499999999999757e-03,4.888188585754019044e+01,1.000000000000000036e-10,1.785438080564415034e-04,3.478225508509352882e-06
5.187500000000000444e-02,6.562499999999999757e-03,4.665451894109103392e+01,1.000000000000000036e-10,1.768509193696689524e-04,1.070133723439823646e-05
5.312499999999999861e-02,6.562499999999999757e-03,4.446061287329846579e+01,1.000000000000000036e-10,1.727782597375840932e-04,1.794778260497877656e-05
5.437499999999999972e-02,6.562499999999999757e-03,4.233506244765143123e+01,1.000000000000000036e-10,1.669559469796908337e-04,2.306253156497404849e-05
5.562500000000000083e-02,6.562499999999999757e-03,4.028671419880619453e+01,1.000000000000000036e-10,1.602496126450466492e-04,2.728741193474035860e-05
5.687500000000000194e-02,6.562499999999999757e-03,3.832882213152526418e+01,1.000000000000000036e-10,1.527631883640239374e-04,3.012186872377014407e-05
5.812500000000000305e-02,6.562499999999999757e-03,3.646763448970559551e+01,1.000000000000000036e-10,1.450269037720997240e-04,3.161267406637762031e-05
5.937500000000000416e-02,6.562499999999999757e-03,3.470314953722277096e+01,1.000000000000000036e-10,1.373931084370977112e-04,3.207735438867927538e-05
6.062499999999999833e-02,6.562499999999999757e-03,3.303280677877815208e+01,1.000000000000000036e-10,1.300132162325106874e-04,3.174605371727238096e-05
6.187499999999999944e-02,6.562499999999999757e-03,3.145281913141000274e+01,1.000000000000000036e-10,1.229987444494814205e-04,3.073987968989029318e-05
6.312500000000000056e-02,6.562499999999999757e-03,2.995783816754111584e+01,1.000000000000000036e-10,1.164695136420915730e-04,2.918829070722267054e-05
6.437500000000000167e-02,6.562499999999999757e-03,2.854108129035771313e+01,1.000000000000000036e-10,1.105165786380001556e-04,2.724638287585491158e-05
6.562500000000000278e-02,6.562499999999999757e-03,2.719492370159111161e+01,1.000000000000000036e-10,1.051825141923354897e-04,2.506841890952841501e-05
6.687500000000000389e-02,6.562499999999999757e-03,2.591151843554932555e+01,1.000000000000000036e-10,1.004667956227150462e-04,2.278714254198461816e-05
6.812500000000000500e-02,6.562499999999999757e-03,2.468325381102323490e+01,1.000000000000000036e-10,9.633940861934915927e-05,2.050604564965538809e-05
6.937500000000000611e-02,6.562499999999999757e-03,2.350303322006559625e+01,1.000000000000000036e-10,9.275347971639445418e-05,1.829967893736209942e-05
7.062500000000000722e-02,6.562499999999999757e-03,2.236441681811337290e+01,1.000000000000000036e-10,8.965456098182072184e-05,1.621756522828206708e-05
7.187500000000000833e-02,6.562499999999999757e-03,2.126166919552007784e+01,1.000000000000000036e-10,8.698673133878342088e-05,1.428922425753483580e-05
7.312499999999999556e-02,6.562499999999999757e-03,2.018974853464378683e+01,1.000000000000000036e-10,8.469625799151101137e-05,1.252908081300034622e-05
7.437499999999999667e-02,6.562499999999999757e-03,1.914426274573230202e+01,1.000000000000000036e-10,8.273355751432871145e-05,1.094071872620247526e-05
7.562499999999999778e-02,6.562499999999999757e-03,1.812140959678556840e+01,1.000000000000000036e-10,8.105405082784312813e-05,9.520314819428390095e-06
7.687499999999999889e-02,6.562499999999999757e-03,1.711791147503622312e+01,1.000000000000000036e-10,7.961834466586962525e-05,8.259277107669615040e-06
7.812500000000000000e-02,6.562499999999999757e-03,1.613095098013882733e+01,1.000000000000000036e-10,7.839203302536246480e-05,7.146195125762060585e-06
7.937500000000000111e-02,6.562499999999999757e-03,1.515811064940216113e+01,1.000000000000000036e-10,7.734530636416478964e-05,6.168234075523456750e-06
8.062500000000000222e-02,6.562499999999999757e-03,1.419731832103470737e+01,1.000000000000000036e-10,7.645248247847133871e-05,5.312098484361483527e-06
8.187500000000000333e-02,6.562499999999999757e-03,1.324679858744037730e+01,1.000000000000000036e-10,7.569152455807098877e-05,4.564672911651967390e-06
8.312500000000000444e-02,6.562499999999999757e-03,1.230503020708293249e+01,1.000000000000000036e-10,7.504358163652467589e-05,3.913426271767974058e-06
8.437500000000000555e-02,6.562499999999999757e-03,1.137070904652726000e+01,1.000000000000000036e-10,7.449256845983652617e-05,3.346646852423446576e-06
8.562500000000000666e-02,6.562499999999999757e-03,1.044271599558701880e+01,1.000000000000000036e-10,7.402479127351908699e-05,2.853558652338108048e-06
8.687500000000000777e-02,6.562499999999999757e-03,9.520089264689282516e+00,1.000000000000000036e-10,7.362862020730353110e-05,2.424356481127318401e-06
8.812499999999999500e-02,6.562499999999999757e-03,8.602000490404430266e+00,1.000000000000000036e-10,7.329420592395904368e-05,2.050187039263277715e-06
8.937499999999999611e-02,6.562499999999999757e-03,7.687734116590306144e+00,1.000000000000000036e-10,7.301323682177792741e-05,1.723095432802139371e-06
9.062499999999999722e-02,6.562499999999999757e-03,6.776669569859981479e+00,1.000000000000000036e-10,7.277873263037912006e-05,1.435950775298379793e-06
9.187499999999999833e-02,6.562499999999999757e-03,5.868265800830827494e+00,1.000000000000000036e-10,7.258487029532530274e-05,1.182360246344486923e-06
9.312499999999999944e-02,6.562499999999999757e-03,4.962047812476848563e+00,1.000000000000000036e-10,7.242683836250650626e-05,9.565778486003748178e-07
9.437500000000000056e-02,6.562499999999999757e-03,4.057594841768164429e+00,1.000000000000000036e-10,7.230071650758459621e-05,7.534118440282354596e-07
9.562500000000000167e-02,6.562499999999999757e-03,3.154529899787233305e+00,1.000000000000000036e-10,7.220337733109552731e-05,5.681332317511333197e-07
9.687500000000000278e-02,6.562499999999999757e-03,2.252510408490775884e+00,1.000000000000000036e-10,7.213240801518222122e-05,3.963864842087971374e-07
9.812500000000000389e-02,6.562499999999999757e-03,1.351219699407677499e+00,1.000000000000000036e-10,7.208604989419108784e-05,2.341029576047581430e-07
9.937500000000000500e-02,6.562499999999999757e-03,4.503591611359985536e-01,1.000000000000000036e-10,7.206315442174704108e-05,7.741684292517979031e-08
6.250000000000000130e-04,7.187500000000000312e-03,9.955014247113336978e+01,1.000000000000000036e-10,7.198241253737931462e-05,-8.286512227869023805e-08
1.874999999999999931e-03,7.187500000000000312e-03,9.865029721543214691e+01,1.000000000000000036e-10,7.200337465262406414e-05,-2.505834720921029277e-07
3.125000000000000173e-03,7.187500000000000312e-03,9.775005810481776791e+01,1.000000000000000036e-10,7.204582404711002731e-05,-4.243097274479622495e-07
4.375000000000000416e-03,7.187500000000000312e-03,9.684915161425439578e+01,1.000000000000000036e-10,7.211082475840725281e-05,-6.081950021041392415e-07
5.624999999999999792e-03,7.187500000000000312e-03,9.594728748585758638e+01,1.000000000000000036e-10,7.220000751841096289e-05,-8.066110419156300814e-07
6.875000000000000035e-03,7.187500000000000312e-03,9.504415142629412117e+01,1.000000000000000036e-10,7.231561250203695176e-05,-1.024242069985348034e-06
8.125000000000000278e-03,7.187500000000000312e-03,9.413939717330666213e+01,1.000000000000000036e-10,7.246054826322162750e-05,-1.266179871959138587e-06
9.374999999999999653e-03,7.187500000000000312e-03,9.323263771971357983e+01,1.000000000000000036e-10,7.263846860157455426e-05,-1.538022486386125444e-06
1.062500000000000076e-02,7.187500000000000312e-03,9.232343545826729780e+01,1.000000000000000036e-10,7.285386964179905870e-05,-1.845976337526735290e-06
1.187500000000000014e-02,7.187500000000000312e-03,9.141129097866860320e+01,1.000000000000000036e-10,7.311221001409931922e-05,-2.196960871782493626e-06
1.312499999999999951e-02,7.187500000000000312e-03,9.049563020791481449e+01,1.000000000000000036e-10,7.342005770605053482e-05,-2.598713636258479848e-06
1.437500000000000062e-02,7.187500000000000312e-03,8.957578953601733929e+01,1.000000000000000036e-10,7.378526791556451567e-05,-3.059892135070185231e-06
1.562500000000000000e-02,7.187500000000000312e-03,8.865099851002570119e+01,1.000000000000000036e-10,7.421719705606902404e-05,-3.590166533095952306e-06
1.687500000000000111e-02,7.187500000000000312e-03,8.772035960961561329e+01,1.000000000000000036e-10,7.472695890350166217e-05,-4.200294103147824760e-06
1.812499999999999875e-02,7.187500000000000312e-03,8.678282453743815950e+01,1.000000000000000036e-10,7.532772962996146229e-05,-4.902161904267358461e-06
1.937499999999999986e-02,7.187500000000000312e-03,8.583716636886657625e+01,1.000000000000000036e-10,7.603510894174403964e-05,-5.708778107826899582e-06
2.062500000000000097e-02,7.187500000000000312e-03,8.488194681389455809e+01,1.000000000000000036e-10,7.686754435678436106e-05,-6.634184102415473130e-06
2.187500000000000208e-02,7.187500000000000312e-03,8.391547775994696678e+01,1.000000000000000036e-10,7.784682414482459601e-05,-7.693248323480473877e-06
2.312499999999999972e-02,7.187500000000000312e-03,8.293577621027394287e+01,1.000000000000000036e-10,7.899864042718887874e-05,-8.901287871375413851e-06
2.437500000000000083e-02,7.187500000000000312e-03,8.194051174926724457e+01,1.000000000000000036e-10,8.035321535756906612e-05,-1.027344460188373751e-05
2.562500000000000194e-02,7.187500000000000312e-03,8.092694582633471612e+01,1.000000000000000036e-10,8.194596679202617172e-05,-1.182371800420014421e-05
2.687499999999999958e-02,7.187500000000000312e-03,7.989186257946658998e+01,1.000000000000000036e-10,8.381815999984891692e-05,-1.356352837748658882e-05
2.812500000000000069e-02,7.187500000000000312e-03,7.883149182633849250e+01,1.000000000000000036e-10,8.601744069792856208e-05,-1.549965371570465088e-05
2.937500000000000180e-02,7.187500000000000312e-03,7.774142656201837553e+01,1.000000000000000036e-10,8.859806117536263509e-05,-1.763136083032577043e-05
3.062499999999999944e-02,7.187500000000000312e-03,7.661654029695442603e+01,1.000000000000000036e-10,9.162048333994900423e-05,-1.994655378486981709e-05
3.187500000000000056e-02,7.187500000000000312e-03,7.545091447851964972e+01,1.000000000000000036e-10,9.514986045559053400e-05,-2.241682381141344474e-05
3.312500000000000167e-02,7.187500000000000312e-03,7.423779378556466213e+01,1.000000000000000036e-10,9.925266086191524484e-05,-2.499145808504180767e-05
3.437500000000000278e-02,7.187500000000000312e-03,7.296959795697176787e+01,1.000000000000000036e-10,1.039904108743144016e-04,-2.759083765745003441e-05
3.562500000000000389e-02,7.187500000000000312e-03,7.163803351370680161e+01,1.000000000000000036e-10,1.094092518687278688e-04,-3.010041684794032056e-05
3.687499999999999806e-02,7.187500000000000312e-03,7.023436666025357056e+01,1.000000000000000036e-10,1.155241024631277317e-04,-3.236814953435440754e-05
3.812499999999999917e-02,7.187500000000000312e-03,6.874993095212860794e+01,1.000000000000000036e-10,1.222986485749748818e-04,-3.421190932235276203e-05
3.937500000000000028e-02,7.187500000000000312e-03,6.717690044587919829e+01,1.000000000000000036e-10,1.296331700050848087e-04,-3.544852069135685595e-05
4.062500000000000139e-02,7.187500000000000312e-03,6.550910170200148741e+01,1.000000000000000036e-10,1.373947154584854178e-04,-3.594560624356971784e-05
4.187500000000000250e-02,7.187500000000000312e-03,6.374203255941706203e+01,1.000000000000000036e-10,1.455029640311783891e-04,-3.561544416531318914e-05
4.312500000000000361e-02,7.187500000000000312e-03,6.187152760122202722e+01,1.000000000000000036e-10,1.538757364357686897e-04,-3.417362712306555388e-05
4.437499999999999778e-02,7.187500000000000312e-03,5.989513914852284415e+01,1.000000000000000036e-10,1.621119581780191806e-04,-3.109697654705711491e-05
4.562499999999999889e-02,7.187500000000000312e-03,5.781872864677154666e+01,1.000000000000000036e-10,1.694013570092022165e-04,-2.625083353554998069e-05
4.687500000000000000e-02,7.187500000000000312e-03,5.566010522329278842e+01,1.000000000000000036e-10,1.760872649609347674e-04,-2.101359098920226818e-05
4.812500000000000111e-02,7.187500000000000312e-03,5.341654702274817623e+01,1.000000000000000036e-10,1.807657800119374675e-04,-1.201111619170887684e-05
4.937500000000000222e-02,7.187500000000000312e-03,5.114096072299435036e+01,1.000000000000000036e-10,1.823003098280110519e-04,-3.782155802614964924e-06
5.062500000000000333e-02,7.187500000000000312e-03,4.885903927704789851e+01,1.000000000000000036e-10,1.823003098280150634e-04,3.782155802619512644e-06
5.187500000000000444e-02,7.187500000000000312e-03,4.658345297729397316e+01,1.000000000000000036e-10,1.807657800119494209e-04,1.201111619171285620e-05
5.312499999999999861e-02,7.187500000000000312e-03,4.433989477674916202e+01,1.000000000000000036e-10,1.760872649609541204e-04,2.101359098920738426e-05
5.437499999999999972e-02,7.187500000000000312e-03,4.218127135327011956e+01,1.000000000000000036e-10,1.694013570092257979e-04,2.625083353555964703e-05
5.562500000000000083e-02,7.187500000000000312e-03,4.010486085151851654e+01,1.000000000000000036e-10,1.621119581780430601e-04,3.109697654707076230e-05
5.687500000000000194e-02,7.187500000000000312e-03,3.812847239881904216e+01,1.000000000000000036e-10,1.538757364357956864e-04,3.417362712307804931e-05
5.812500000000000305e-02,7.187500000000000312e-03,3.625796744062362365e+01,1.000000000000000036e-10,1.455029640312119181e-04,3.561544416532739219e-05
5.937500000000000416e-02,7.187500000000000312e-03,3.449089829803874352e+01,1.000000000000000036e-10,1.373947154585195159e-04,3.594560624357938080e-05
6.062499999999999833e-02,7.187500000000000312e-03,3.282309955416063474e+01,1.000000000000000036e-10,1.296331700051187442e-04,3.544852069136936493e-05
6.187499999999999944e-02,7.187500000000000312e-03,3.125006904791077389e+01,1.000000000000000036e-10,1.222986485750138046e-04,3.421190932236469503e-05
6.312500000000000056e-02,7.187500000000000312e-03,2.976563333978528902e+01,1.000000000000000036e-10,1.155241024631699343e-04,3.236814953436804816e-05
6.437500000000000167e-02,7.187500000000000312e-03,2.836196648633152506e+01,1.000000000000000036e-10,1.094092518687730530e-04,3.010041684795480821e-05
6.562500000000000278e-02,7.187500000000000312e-03,2.703040204306596195e+01,1.000000000000000036e-10,1.039904108743627299e-04,2.759083765746424424e-05
6.687500000000000389e-02,7.187500000000000312e-03,2.576220621447245662e+01,1.000000000000000036e-10,9.925266086196541629e-05,2.499145808505687130e-05
6.812500000000000500e-02,7.187500000000000312e-03,2.454908552151682599e+01,1.000000000000000036e-10,9.514986045564184387e-05,2.241682381143050059e-05
6.937500000000000611e-02,7.187500000000000312e-03,2.338345970308141020e+01,1.000000000000000036e-10,9.162048334000358026e-05,1.994655378488402692e-05
7.062500000000000722e-02,7.187500000000000312e-03,2.225857343801673593e+01,1.000000000000000036e-10,8.859806117542218490e-05,1.763136083033771021e-05
7.187500000000000833e-02,7.187500000000000312e-03,2.116850817369585513e+01,1.000000000000000036e-10,8.601744069799206922e-05,1.549965371571431383e-05
7.312499999999999556e-02,7.187500000000000312e-03,2.010813742056693343e+01,1.000000000000000036e-10,8.381815999991657114e-05,1.356352837749596717e-05
7.437499999999999667e-02,7.187500000000000312e-03,1.907305417369794043e+01,1.000000000000000036e-10,8.194596679209850156e-05,1.182371800420923795e-05
7.562499999999999778e-02,7.187500000000000312e-03,1.805948825076447051e+01,1.000000000000000036e-10,8.035321535764580053e-05,1.027344460189197914e-05
7.687499999999999889e-02,7.187500000000000312e-03,1.706422378975679521e+01,1.000000000000000036e-10,7.899864042726973312e-05,8.901287871381099136e-06
7.812500000000000000e-02,7.187500000000000312e-03,1.608452224008272680e+01,1.000000000000000036e-10,7.784682414491226731e-05,7.693248323483599428e-06
7.937500000000000111e-02,7.187500000000000312e-03,1.511805318613398796e+01,1.000000000000000036e-10,7.686754435687673508e-05,6.634184102418599529e-06
8.062500000000000222e-02,7.187500000000000312e-03,1.416283363116080807e+01,1.000000000000000036e-10,7.603510894184188889e-05,5.708778107830169129e-06
8.187500000000000333e-02,7.187500000000000312e-03,1.321717546258794052e+01,1.000000000000000036e-10,7.532772963006597938e-05,4.902161904271479276e-06
8.312500000000000444e-02,7.187500000000000312e-03,1.227964039040915800e+01,1.000000000000000036e-10,7.472695890361029923e-05,4.200294103150525101e-06
8.437500000000000555e-02,7.187500000000000312e-03,1.134900148999768277e+01,1.000000000000000036e-10,7.421719705618263488e-05,3.590166533100073121e-06
8.562500000000000666e-02,7.187500000000000312e-03,1.042421046400459161e+01,1.000000000000000036e-10,7.378526791568232779e-05,3.059892135070753590e-06
8.687500000000000777e-02,7.187500000000000312e-03,9.504369792105624271e+00,1.000000000000000036e-10,7.342005770617603122e-05,2.598713636256774771e-06
8.812499999999999500e-02,7.187500000000000312e-03,8.588709021350190653e+00,1.000000000000000036e-10,7.311221001423225596e-05,2.196960871779224926e-06
8.937499999999999611e-02,7.187500000000000312e-03,7.676564541749817394e+00,1.000000000000000036e-10,7.285386964193881236e-05,1.845976337524816761e-06
9.062499999999999722e-02,7.187500000000000312e-03,6.767362280301719935e+00,1.000000000000000036e-10,7.263846860172161273e-05,1.538022486384988514e-06
9.187499999999999833e-02,7.187500000000000312e-03,5.860602826706776902e+00,1.000000000000000036e-10,7.246054826337142358e-05,1.266179871960346456e-06
9.312499999999999944e-02,7.187500000000000312e-03,4.955848573717434036e+00,1.000000000000000036e-10,7.231561250219028505e-05,1.024242069985063854e-06
9.437500000000000056e-02,7.187500000000000312e-03,4.052712514152019274e+00,1.000000000000000036e-10,7.220000751856817220e-05,8.066110419158433219e-07
9.562500000000000167e-02,7.187500000000000312e-03,3.150848385753229230e+00,1.000000000000000036e-10,7.211082475856874473e-05,6.081950021080471339e-07
9.687500000000000278e-02,7.187500000000000312e-03,2.249941895187800522e+00,1.000000000000000036e-10,7.204582404728035547e-05,4.243097274530427002e-07
9.812500000000000389e-02,7.187500000000000312e-03,1.349702784571219949e+00,1.000000000000000036e-10,7.200337465280176488e-05,2.505834720955490813e-07
9.937500000000000500e-02,7.187500000000000312e-03,4.498575288677559847e-01,1.000000000000000036e-10,7.198241253755903468e-05,8.286512227784646089e-08
6.250000000000000130e-04,7.812500000000000000e-03,9.955067665289359979e+01,1.000000000000000036e-10,7.189643012438123892e-05,-8.781637531569683658e-08
1.874999999999999931e-03,7.812500000000000000e-03,9.865191259399686885e+01,1.000000000000000036e-10,7.191532759142659262e-05,-2.655620102007104812e-07
3.125000000000000173e-03,7.812500000000000000e-03,9.775279346310793471e+01,1.000000000000000036e-10,7.195360225000510881e-05,-4.496932158701838015e-07
4.375000000000000416e-03,7.812500000000000000e-03,9.685307253774674052e+01,1.000000000000000036e-10,7.201222667370130799e-05,-6.446240811760616662e-07
5.624999999999999792e-03,7.812500000000000000e-03,9.595248779626540170e+01,1.000000000000000036e-10,7.209269297348837964e-05,-8.550064927385391551e-07
6.875000000000000035e-03,7.812500000000000000e-03,9.505075521340953060e+01,1.000000000000000036e-10,7.219705394733124857e-05,-1.085829597893734688e-06
8.125000000000000278e-03,7.812500000000000000e-03,9.414756144758212031e+01,1.000000000000000036e-10,7.232798008697613619e-05,-1.342523294463262507e-06
9.374999999999999653e-03,7.812500000000000000e-03,9.324255571123512709e+01,1.000000000000000036e-10,7.248883439744985724e-05,-1.631066388292765060e-06
1.062500000000000076e-02,7.812500000000000000e-03,9.233534058764587371e+01,1.000000000000000036e-10,7.268376762893977812e-05,-1.958099571469347067e-06
1.187500000000000014e-02,7.812500000000000000e-03,9.142546152051163233e+01,1.000000000000000036e-10,7.291783727446043647e-05,-2.331042646740115482e-06
1.312499999999999951e-02,7.812500000000000000e-03,9.051239465578436239e+01,1.000000000000000036e-10,7.319715457553341428e-05,-2.758214357797896145e-06
1.437500000000000062e-02,7.812500000000000000e-03,8.959553265612329653e+01,1.000000000000000036e-10,7.352906482498041936e-05,-3.248951642997326092e-06
1.562500000000000000e-02,7.812500000000000000e-03,8.867416803515985180e+01,1.000000000000000036e-10,7.392236747568345606e-05,-3.813722920764347852e-06
1.687500000000000111e-02,7.812500000000000000e-03,8.774747346923120972e+01,1.000000000000000036e-10,7.438758395083026800e-05,-4.464226876760903298e-06
1.812499999999999875e-02,7.812500000000000000e-03,8.681447843638909490e+01,1.000000000000000036e-10,7.493728255562756785e-05,-5.213463796276300134e-06
1.937499999999999986e-02,7.812500000000000000e-03,8.587404140534052033e+01,1.000000000000000036e-10,7.558647137929993696e-05,-6.075760283536054487e-06
2.062500000000000097e-02,7.812500000000000000e-03,8.492481665190659612e+01,1.000000000000000036e-10,7.635307125624534895e-05,-7.066719572690088636e-06
2.187500000000000208e-02,7.812500000000000000e-03,8.396521462393438640e+01,1.000000000000000036e-10,7.725848114079438608e-05,-8.203057689491969874e-06
2.312499999999999972e-02,7.812500000000000000e-03,8.299335462338673608e+01,1.000000000000000036e-10,7.832824652658586088e-05,-9.502269339433266999e-06
2.437500000000000083e-02,7.812500000000000000e-03,8.200700846076973960e+01,1.000000000000000036e-10,7.959283576135304768e-05,-1.098204521639672542e-05
2.562500000000000194e-02,7.812500000000000000e-03,8.100353372935290963e+01,1.000000000000000036e-10,8.108851562645496528e-05,-1.265933303946326113e-05
2.687499999999999958e-02,7.812500000000000000e-03,7.997979557010836515e+01,1.000000000000000036e-10,8.285829013569126814e-05,-1.454889720074561151e-05
2.812500000000000069e-02,7.812500000000000000e-03,7.893207647596062770e+01,1.000000000000000036e-10,8.495281511229903714e-05,-1.666118772978051766e-05
2.937500000000000180e-02,7.812500000000000000e-03,7.785597519230088892e+01,1.000000000000000036e-10,8.743111094717731838e-05,-1.899928497239784423e-05
3.062499999999999944e-02,7.812500000000000000e-03,7.674629870228119444e+01,1.000000000000000036e-10,9.036074822579506522e-05,-2.155465936439213395e-05
3.187500000000000056e-02,7.812500000000000000e-03,7.559695648665601198e+01,1.000000000000000036e-10,9.381695646921114939e-05,-2.430151091141851522e-05
3.312500000000000167e-02,7.812500000000000000e-03,7.440087479055091535e+01,1.000000000000000036e-10,9.787978869964716606e-05,-2.718958730341909655e-05
3.437500000000000278e-02,7.812500000000000000e-03,7.314996176916483250e+01,1.000000000000000036e-10,1.026280348108394669e-04,-3.013570650086534709e-05
3.562500000000000389e-02,7.812500000000000000e-03,7.183517392027992798e+01,1.000000000000000036e-10,1.081279226995036252e-04,-3.301491244605585175e-05
3.687499999999999806e-02,7.812500000000000000e-03,7.044676370167724144e+01,1.000000000000000036e-10,1.144137674048436952e-04,-3.565400158610258834e-05
3.812499999999999917e-02,7.812500000000000000e-03,6.897482973515883486e+01,1.000000000000000036e-10,1.214585588709416733e-04,-3.783572605956918994e-05
3.937500000000000028e-02,7.812500000000000000e-03,6.741029972990369856e+01,1.000000000000000036e-10,1.291463677718672541e-04,-3.933586911964993523e-05
4.062500000000000139e-02,7.812500000000000000e-03,6.574617054086215262e+01,1.000000000000000036e-10,1.373096467000845791e-04,-4.002067000608348462e-05
4.187500000000000250e-02,7.812500000000000000e-03,6.397755856240158323e+01,1.000000000000000036e-10,1.459128933323182431e-04,-3.989612800526116796e-05
4.312500000000000361e-02,7.812500000000000000e-03,6.209834820755419571e+01,1.000000000000000036e-10,1.550224221731243883e-04,-3.863409390581181352e-05
4.437499999999999778e-02,7.812500000000000000e-03,6.010199800807347259e+01,1.000000000000000036e-10,1.642110094387813982e-04,-3.534891426826617772e-05
4.562499999999999889e-02,7.812500000000000000e-03,5.799307297158465957e+01,1.000000000000000036e-10,1.719976397585975115e-04,-2.953691038984401619e-05
4.687500000000000000e-02,7.812500000000000000e-03,5.580205701410853436e+01,1.000000000000000036e-10,1.798981184094870268e-04,-2.502070743621572180e-05
4.812500000000000111e-02,7.812500000000000000e-03,5.349562001134748357e+01,1.000000000000000036e-10,1.854666369629509332e-04,-1.312751654692135393e-05
4.937500000000000222e-02,7.812500000000000000e-03,5.116539109003475971e+01,1.000000000000000036e-10,1.864404440536014359e-04,-3.919923900757566181e-06
5.062500000000000333e-02,7.812500000000000000e-03,4.883460891000744653e+01,1.000000000000000036e-10,1.864404440536054203e-04,3.919923900763818978e-06
5.187500000000000444e-02,7.812500000000000000e-03,4.650437998869462319e+01,1.000000000000000036e-10,1.854666369629628866e-04,1.312751654692817423e-05
5.312499999999999861e-02,7.812500000000000000e-03,4.419794298593337345e+01,1.000000000000000036e-10,1.798981184095074641e-04,2.502070743622197629e-05
5.437499999999999972e-02,7.812500000000000000e-03,4.200692702845693560e+01,1.000000000000000036e-10,1.719976397586225024e-04,2.953691038985197491e-05
5.562500000000000083e-02,7.812500000000000000e-03,3.989800199196780994e+01,1.000000000000000036e-10,1.642110094388058469e-04,3.534891426827527146e-05
5.687500000000000194e-02,7.812500000000000000e-03,3.790165179248678839e+01,1.000000000000000036e-10,1.550224221731522523e-04,3.863409390582488493e-05
5.812500000000000305e-02,7.812500000000000000e-03,3.602244143763900297e+01,1.000000000000000036e-10,1.459128933323503626e-04,3.989612800527594699e-05
5.937500000000000416e-02,7.812500000000000000e-03,3.425382945917802857e+01,1.000000000000000036e-10,1.373096467001187044e-04,4.002067000609484842e-05
6.062499999999999833e-02,7.812500000000000000e-03,3.258970027013603499e+01,1.000000000000000036e-10,1.291463677719033309e-04,3.933586911966415183e-05
6.187499999999999944e-02,7.812500000000000000e-03,3.102517026488044394e+01,1.000000000000000036e-10,1.214585588709807588e-04,3.783572605958652362e-05
6.312500000000000056e-02,7.812500000000000000e-03,2.955323629836151511e+01,1.000000000000000036e-10,1.144137674048866296e-04,3.565400158611879038e-05
6.437500000000000167e-02,7.812500000000000000e-03,2.816482607975827790e+01,1.000000000000000036e-10,1.081279226995482536e-04,3.301491244607489305e-05
6.562500000000000278e-02,7.812500000000000000e-03,2.685003823087280850e+01,1.000000000000000036e-10,1.026280348108865213e-04,3.013570650088154913e-05
6.687500000000000389e-02,7.812500000000000000e-03,2.559912520948611458e+01,1.000000000000000036e-10,9.787978869969817777e-05,2.718958730343274056e-05
6.812500000000000500e-02,7.812500000000000000e-03,2.440304351338035360e+01,1.000000000000000036e-10,9.381695646926271675e-05,2.430151091143329425e-05
6.937500000000000611e-02,7.812500000000000000e-03,2.325370129775454586e+01,1.000000000000000036e-10,9.036074822584805560e-05,2.155465936440662499e-05
7.062500000000000722e-02,7.812500000000000000e-03,2.214402480773415149e+01,1.000000000000000036e-10,8.743111094723586530e-05,1.899928497241120025e-05
7.187500000000000833e-02,7.812500000000000000e-03,2.106792352407364888e+01,1.000000000000000036e-10,8.495281511236255783e-05,1.666118772979302326e-05
7.312499999999999556e-02,7.812500000000000000e-03,2.002020442992508720e+01,1.000000000000000036e-10,8.285829013575847512e-05,1.454889720075896922e-05
7.437499999999999667e-02,7.812500000000000000e-03,1.899646627067968652e+01,1.000000000000000036e-10,8.108851562652672591e-05,1.265933303947349159e-05
7.562499999999999778e-02,7.812500000000000000e-03,1.799299153926191863e+01,1.000000000000000036e-10,7.959283576142907736e-05,1.098204521640496875e-05
7.687499999999999889e-02,7.812500000000000000e-03,1.700664537664395937e+01,1.000000000000000036e-10,7.832824652666544132e-05,9.502269339439519796e-06
7.812500000000000000e-02,7.812500000000000000e-03,1.603478537609528232e+01,1.000000000000000036e-10,7.725848114088120356e-05,8.203057689497936374e-06
7.937500000000000111e-02,7.812500000000000000e-03,1.507518334812192862e+01,1.000000000000000036e-10,7.635307125633806178e-05,7.066719572693783393e-06
8.062500000000000222e-02,7.812500000000000000e-03,1.412595859468683024e+01,1.000000000000000036e-10,7.558647137939777266e-05,6.075760283541454322e-06
8.187500000000000333e-02,7.812500000000000000e-03,1.318552156363698380e+01,1.000000000000000036e-10,7.493728255573116337e-05,5.213463796281699969e-06
8.312500000000000444e-02,7.812500000000000000e-03,1.225252653079355092e+01,1.000000000000000036e-10,7.438758395093898637e-05,4.464226876765024114e-06
8.437500000000000555e-02,7.812500000000000000e-03,1.132583196486350907e+01,1.000000000000000036e-10,7.392236747579664677e-05,3.813722920771452764e-06
8.562500000000000666e-02,7.812500000000000000e-03,1.040446734389863437e+01,1.000000000000000036e-10,7.352906482509743188e-05,3.248951642999883708e-06
8.687500000000000777e-02,7.812500000000000000e-03,9.487605344236072824e+00,1.000000000000000036e-10,7.319715457565777227e-05,2.758214357801875506e-06
8.812499999999999500e-02,7.812500000000000000e-03,8.574538479507189948e+00,1.000000000000000036e-10,7.291783727459306150e-05,2.331042646739262520e-06
8.937499999999999611e-02,7.812500000000000000e-03,7.664659412371245928e+00,1.000000000000000036e-10,7.268376762908081927e-05,1.958099571468991737e-06
9.062499999999999722e-02,7.812500000000000000e-03,6.757444288780169117e+00,1.000000000000000036e-10,7.248883439759690216e-05,1.631066388292907361e-06
9.187499999999999833e-02,7.812500000000000000e-03,5.852438552431323160e+00,1.000000000000000036e-10,7.232798008712534952e-05,1.342523294463617625e-06
9.312499999999999944e-02,7.812500000000000000e-03,4.949244786602035262e+00,1.000000000000000036e-10,7.219705394748425660e-05,1.085829597893095390e-06
9.437500000000000056e-02,7.812500000000000000e-03,4.047512203744216386e+00,1.000000000000000036e-10,7.209269297364609040e-05,8.550064927382548697e-07
9.562500000000000167e-02,7.812500000000000000e-03,3.146927462260882713e+00,1.000000000000000036e-10,7.201222667386412805e-05,6.446240811768432658e-07
9.687500000000000278e-02,7.812500000000000000e-03,2.247206536897612850e+00,1.000000000000000036e-10,7.195360225017596552e-05,4.496932158728482495e-07
9.812500000000000389e-02,7.812500000000000000e-03,1.348087406006483135e+00,1.000000000000000036e-10,7.191532759160348021e-05,2.655620102013144686e-07
9.937500000000000500e-02,7.812500000000000000e-03,4.493233471075254726e-01,1.000000000000000036e-10,7.189643012456033557e-05,8.781637531500850319e-08
6.250000000000000130e-04,8.437500000000000555e-03,9.955124017582481599e+01,1.000000000000000036e-10,7.180572334462112006e-05,-9.223940728816157844e-08
1.874999999999999931e-03,8.437500000000000555e-03,9.865361674055965580e+01,1.000000000000000036e-10,7.182243623234682659e-05,-2.789441556114979325e-07
3.125000000000000173e-03,8.437500000000000555e-03,9.775567927001614521e+01,1.000000000000000036e-10,7.185629301162236877e-05,-4.723767893801777128e-07
4.375000000000000416e-03,8.437500000000000555e-03,9.685720941526909655e+01,1.000000000000000036e-10,7.190816811997307874e-05,-6.771902736784340322e-07
5.624999999999999792e-03,8.437500000000000555e-03,9.595797506701681812e+01,1.000000000000000036e-10,7.197940476005214522e-05,-8.982917701609947522e-07
6.875000000000000035e-03,8.437500000000000555e-03,9.505772429626779285e+01,1.000000000000000036e-10,7.207185410117460025e-05,-1.140949477945695945e-06
8.125000000000000278e-03,8.437500000000000555e-03,9.415617871448745291e+01,1.000000000000000036e-10,7.218792986802213211e-05,-1.410904367651255443e-06
9.374999999999999653e-03,8.437500000000000555e-03,9.325302604956723940e+01,1.000000000000000036e-10,7.233068046307151685e-05,-1.714487767865193381e-06
1.062500000000000076e-02,8.437500000000000555e-03,9.234791170291066464e+01,1.000000000000000036e-10,7.250388151257537120e-05,-2.058745332386706529e-06
1.187500000000000014e-02,8.437500000000000555e-03,9.144042901175285465e+01,1.000000000000000036e-10,7.271215262093504595e-05,-2.451567262748994385e-06
1.312499999999999951e-02,8.437500000000000555e-03,9.053010788738728820e+01,1.000000000000000036e-10,7.296110320792193989e-05,-2.901823685807584241e-06
1.437500000000000062e-02,8.437500000000000555e-03,8.961640143155480587e+01,1.000000000000000036e-10,7.325751363408127838e-05,-3.419502652781147256e-06
1.562500000000000000e-02,8.437500000000000555e-03,8.869867004653525555e+01,1.000000000000000036e-10,7.360955943918722887e-05,-4.015846138881896847e-06
1.687500000000000111e-02,8.437500000000000555e-03,8.777616244557512459e+01,1.000000000000000036e-10,7.402708846574567586e-05,-4.703476409492849745e-06
1.812499999999999875e-02,8.437500000000000555e-03,8.684799283489161326e+01,1.000000000000000036e-10,7.452196292657389982e-05,-5.496500796350573960e-06
1.937499999999999986e-02,8.437500000000000555e-03,8.591311337241077695e+01,1.000000000000000036e-10,7.510848105353714666e-05,-6.410576758772775951e-06
2.062500000000000097e-02,8.437500000000000555e-03,8.497028080855318422e+01,1.000000000000000036e-10,7.580389565380640294e-05,-7.462910336054163902e-06
2.187500000000000208e-02,8.437500000000000555e-03,8.401801598106561642e+01,1.000000000000000036e-10,7.662904926145300429e-05,-8.672148672220599463e-06
2.312499999999999972e-02,8.437500000000000555e-03,8.305455457701685873e+01,1.000000000000000036e-10,7.760914666373648911e-05,-1.005810975073813786e-05
2.437500000000000083e-02,8.437500000000000555e-03,8.207778731447220366e+01,1.000000000000000036e-10,7.877468350755405127e-05,-1.164126784438394443e-05
2.562500000000000194e-02,8.437500000000000555e-03,8.108518748932800690e+01,1.000000000000000036e-10,8.016254079985172783e-05,-1.344187899017242395e-05
2.687499999999999958e-02,8.437500000000000555e-03,8.007372379447591015e+01,1.000000000000000036e-10,8.181723265469030559e-05,-1.547858443206905413e-05
2.812500000000000069e-02,8.437500000000000555e-03,7.903975667296074903e+01,1.000000000000000036e-10,8.379224681210245334e-05,-1.776627006546163781e-05
2.937500000000000180e-02,8.437500000000000555e-03,7.797891762417334860e+01,1.000000000000000036e-10,8.615132535805684389e-05,-2.031288982712567046e-05
3.062499999999999944e-02,8.437500000000000555e-03,7.688597353900932774e+01,1.000000000000000036e-10,8.896937037043868568e-05,-2.311489565515784754e-05
3.187500000000000056e-02,8.437500000000000555e-03,7.575468336491238119e+01,1.000000000000000036e-10,9.233239648607705270e-05,-2.615089180018002722e-05
3.312500000000000167e-02,8.437500000000000555e-03,7.457766362685740091e+01,1.000000000000000036e-10,9.633556306719182213e-05,-2.937320582043298099e-05
3.437500000000000278e-02,8.437500000000000555e-03,7.334629428823258479e+01,1.000000000000000036e-10,1.010777483029960189e-04,-3.269730365734743803e-05
3.562500000000000389e-02,8.437500000000000555e-03,7.205071991928249986e+01,1.000000000000000036e-10,1.066501043261092380e-04,-3.598943724546415035e-05
3.687499999999999806e-02,8.437500000000000555e-03,7.068004168007985299e+01,1.000000000000000036e-10,1.131136956563710491e-04,-3.905419480449608409e-05
3.812499999999999917e-02,8.437500000000000555e-03,6.922287752787322290e+01,1.000000000000000036e-10,1.204577148082012117e-04,-4.162993815013805012e-05
3.937500000000000028e-02,8.437500000000000555e-03,6.766859880987482256e+01,1.000000000000000036e-10,1.285406980318276647e-04,-4.342705309135453057e-05
4.062500000000000139e-02,8.437500000000000555e-03,6.600936007707753106e+01,1.000000000000000036e-10,1.371145860156798048e-04,-4.429806949040766546e-05
4.187500000000000250e-02,8.437500000000000555e-03,6.424073415948282673e+01,1.000000000000000036e-10,1.461962520813142315e-04,-4.446118486986846426e-05
4.312500000000000361e-02,8.437500000000000555e-03,6.235445377504467501e+01,1.000000000000000036e-10,1.561493433042661578e-04,-4.360034707308271947e-05
4.437499999999999778e-02,8.437500000000000555e-03,6.033700057687617146e+01,1.000000000000000036e-10,1.666605499360031013e-04,-4.023255804969209259e-05
4.562499999999999889e-02,8.437500000000000555e-03,5.818794002664459697e+01,1.000000000000000036e-10,1.745654604252274106e-04,-3.249903701294157543e-05
4.687500000000000000e-02,8.437500000000000555e-03,5.597286406624548505e+01,1.000000000000000036e-10,1.842919618823961087e-04,-3.087207086714385064e-05
4.812500000000000111e-02,8.437500000000000555e-03,5.358064097958469318e+01,1.000000000000000036e-10,1.913161717796665775e-04,-1.357251734135558801e-05
4.937500000000000222e-02,8.437500000000000555e-03,5.118995977175381995e+01,1.000000000000000036e-10,1.908240300518536663e-04,-3.715755787740135575e-06
5.062500000000000333e-02,8.437500000000000555e-03,4.881004022828835076e+01,1.000000000000000036e-10,1.908240300518579218e-04,3.715755787745251230e-06
5.187500000000000444e-02,8.437500000000000555e-03,4.641935902045737095e+01,1.000000000000000036e-10,1.913161717796785038e-04,1.357251734136184250e-05
5.312499999999999861e-02,8.437500000000000555e-03,4.402713593379638723e+01,1.000000000000000036e-10,1.842919618824160038e-04,3.087207086715181275e-05
5.437499999999999972e-02,8.437500000000000555e-03,4.181205997339696978e+01,1.000000000000000036e-10,1.745654604252524285e-04,3.249903701294555309e-05
5.562500000000000083e-02,8.437500000000000555e-03,3.966299942316507554e+01,1.000000000000000036e-10,1.666605499360295016e-04,4.023255804969891629e-05
5.687500000000000194e-02,8.437500000000000555e-03,3.764554622499623093e+01,1.000000000000000036e-10,1.561493433042960275e-04,4.360034707309579766e-05
5.812500000000000305e-02,8.437500000000000555e-03,3.575926584055767421e+01,1.000000000000000036e-10,1.461962520813468930e-04,4.446118486988210488e-05
5.937500000000000416e-02,8.437500000000000555e-03,3.399063992296255776e+01,1.000000000000000036e-10,1.371145860157136319e-04,4.429806949042300692e-05
6.062499999999999833e-02,8.437500000000000555e-03,3.233140119016483283e+01,1.000000000000000036e-10,1.285406980318645818e-04,4.342705309136930960e-05
6.187499999999999944e-02,8.437500000000000555e-03,3.077712247216594221e+01,1.000000000000000036e-10,1.204577148082411374e-04,4.162993815015539057e-05
6.312500000000000056e-02,8.437500000000000555e-03,2.931995831995880408e+01,1.000000000000000036e-10,1.131136956564141190e-04,3.905419480451284857e-05
6.437500000000000167e-02,8.437500000000000555e-03,2.794928008075558878e+01,1.000000000000000036e-10,1.066501043261544493e-04,3.598943724548319843e-05
6.562500000000000278e-02,8.437500000000000555e-03,2.665370571180494252e+01,1.000000000000000036e-10,1.010777483030416367e-04,3.269730365736335547e-05
6.687500000000000389e-02,8.437500000000000555e-03,2.542233637317954731e+01,1.000000000000000036e-10,9.633556306724128885e-05,2.937320582044747542e-05
6.812500000000000500e-02,8.437500000000000555e-03,2.424531663512390978e+01,1.000000000000000036e-10,9.233239648612878269e-05,2.615089180019196700e-05
6.937500000000000611e-02,8.437500000000000555e-03,2.311402646102632730e+01,1.000000000000000036e-10,8.896937037049254342e-05,2.311489565517206075e-05
7.062500000000000722e-02,8.437500000000000555e-03,2.202108237586159589e+01,1.000000000000000036e-10,8.615132535811539081e-05,2.031288982713959568e-05
7.187500000000000833e-02,8.437500000000000555e-03,2.096024332707344229e+01,1.000000000000000036e-10,8.379224681216596048e-05,1.776627006547641685e-05
7.312499999999999556e-02,8.437500000000000555e-03,1.992627620555744627e+01,1.000000000000000036e-10,8.181723265475680784e-05,1.547858443208411438e-05
7.437499999999999667e-02,8.437500000000000555e-03,1.891481251070452174e+01,1.000000000000000036e-10,8.016254079992149624e-05,1.344187899018265611e-05
7.562499999999999778e-02,8.437500000000000555e-03,1.792221268555940838e+01,1.000000000000000036e-10,7.877468350762880701e-05,1.164126784439190316e-05
7.687499999999999889e-02,8.437500000000000555e-03,1.694544542301380119e+01,1.000000000000000036e-10,7.760914666381621863e-05,1.005810975074240183e-05
7.812500000000000000e-02,8.437500000000000555e-03,1.598198401896400256e+01,1.000000000000000036e-10,7.662904926153940165e-05,8.672148672227704376e-06
7.937500000000000111e-02,8.437500000000000555e-03,1.502971919147531565e+01,1.000000000000000036e-10,7.580389565389847881e-05,7.462910336056864243e-06
8.062500000000000222e-02,8.437500000000000555e-03,1.408688662761653987e+01,1.000000000000000036e-10,7.510848105363583617e-05,6.410576758779312504e-06
8.187500000000000333e-02,8.437500000000000555e-03,1.315200716513441925e+01,1.000000000000000036e-10,7.452196292667776639e-05,5.496500796356115250e-06
8.312500000000000444e-02,8.437500000000000555e-03,1.222383755444959519e+01,1.000000000000000036e-10,7.402708846585516673e-05,4.703476409498391881e-06
8.437500000000000555e-02,8.437500000000000555e-03,1.130132995348803959e+01,1.000000000000000036e-10,7.360955943930006721e-05,4.015846138887865888e-06
8.562500000000000666e-02,8.437500000000000555e-03,1.038359856846709306e+01,1.000000000000000036e-10,7.325751363419754551e-05,3.419502652785694976e-06
8.687500000000000777e-02,8.437500000000000555e-03,9.469892112633100822e+00,1.000000000000000036e-10,7.296110320804571512e-05,2.901823685812700320e-06
8.812499999999999500e-02,8.437500000000000555e-03,8.559570988265949865e+00,1.000000000000000036e-10,7.271215262106582784e-05,2.451567262751410123e-06
8.937499999999999611e-02,8.437500000000000555e-03,7.652088297106454995e+00,1.000000000000000036e-10,7.250388151271563986e-05,2.058745332388695786e-06
9.062499999999999722e-02,8.437500000000000555e-03,6.746973950448058588e+00,1.000000000000000036e-10,7.233068046321892769e-05,1.714487767863630182e-06
9.187499999999999833e-02,8.437500000000000555e-03,5.843821285525981679e+00,1.000000000000000036e-10,7.218792986817152162e-05,1.410904367652107982e-06
9.312499999999999944e-02,8.437500000000000555e-03,4.942275703743770343e+00,1.000000000000000036e-10,7.207185410132760828e-05,1.140949477947046116e-06
9.437500000000000056e-02,8.437500000000000555e-03,4.042024932992791086e+00,1.000000000000000036e-10,7.197940476021004572e-05,8.982917701622027271e-07
9.562500000000000167e-02,8.437500000000000555e-03,3.142790584738518689e+00,1.000000000000000036e-10,7.190816812013603432e-05,6.771902736812762512e-07
9.687500000000000278e-02,8.437500000000000555e-03,2.244320729989389918e+00,1.000000000000000036e-10,7.185629301179260206e-05,4.723767893845475558e-07
9.812500000000000389e-02,8.437500000000000555e-03,1.346383259443703517e+00,1.000000000000000036e-10,7.182243623252284681e-05,2.789441556107695900e-07
9.937500000000000500e-02,8.437500000000000555e-03,4.487598241763183782e-01,1.000000000000000036e-10,7.180572334480086723e-05,9.223940728809498048e-08
6.250000000000000130e-04,9.062499999999999375e-03,9.955182964548470181e+01,1.000000000000000036e-10,7.171083834293140078e-05,-9.610595582330458581e-08
1.874999999999999931e-03,9.062499999999999375e-03,9.865539939594201257e+01,1.000000000000000036e-10,7.172525890038056726e-05,-2.906443296569704477e-07
3.125000000000000173e-03,9.062499999999999375e-03,9.775869817297518694e+01,1.000000000000000036e-10,7.175447919097164315e-05,-4.922151502614723265e-07
4.375000000000000416e-03,9.062499999999999375e-03,9.686153741616772095e+01,1.000000000000000036e-10,7.179926918331089010e-05,-7.056844631347301656e-07
5.624999999999999792e-03,9.062499999999999375e-03,9.596371644339241413e+01,1.000000000000000036e-10,7.186081337135474519e-05,-9.361879947584836960e-07
6.875000000000000035e-03,9.062499999999999375e-03,9.506501708188385180e+01,1.000000000000000036e-10,7.194074764858609996e-05,-1.189245062519148365e-06
8.125000000000000278e-03,9.062499999999999375e-03,9.416519775217776100e+01,1.000000000000000036e-10,7.204121094201638748e-05,-1.470878313211869378e-06
9.374999999999999653e-03,9.062499999999999375e-03,9.326398680833344201e+01,1.000000000000000036e-10,7.216491391508213064e-05,-1.787740606355327748e-06
1.062500000000000076e-02,9.062499999999999375e-03,9.236107490430070754e+01,1.000000000000000036e-10,7.231522788149787994e-05,-2.147250001844440567e-06
1.187500000000000014e-02,9.062499999999999375e-03,9.145610611129599476e+01,1.000000000000000036e-10,7.249629809775000799e-05,-2.557733255584934824e-06
1.312499999999999951e-02,9.062499999999999375e-03,9.054866745185695720e+01,1.000000000000000036e-10,7.271318688051734759e-05,-3.028577377842793222e-06
1.437500000000000062e-02,9.062499999999999375e-03,8.963827643928306088e+01,1.000000000000000036e-10,7.297205359844324824e-05,-3.570387532784024527e-06
1.562500000000000000e-02,9.062499999999999375e-03,8.872436611189587552e+01,1.000000000000000036e-10,7.328038059732760990e-05,-4.195147660874453478e-06
1.687500000000000111e-02,9.062499999999999375e-03,8.780626692434987035e+01,1.000000000000000036e-10,7.364725662209592309e-05,-4.916377413164809074e-06
1.812499999999999875e-02,9.062499999999999375e-03,8.688318469634347707e+01,1.000000000000000036e-10,7.408373238098760433e-05,-5.749274902535716117e-06
1.937499999999999986e-02,9.062499999999999375e-03,8.595417361482518004e+01,1.000000000000000036e-10,7.460326660944813183e-05,-6.710828830299531977e-06
2.062500000000000097e-02,9.062499999999999375e-03,8.501810303110727318e+01,1.000000000000000036e-10,7.522228529952142660e-05,-7.819874909695270705e-06
2.187500000000000208e-02,9.062499999999999375e-03,8.407361648233714391e+01,1.000000000000000036e-10,7.596088143345240164e-05,-9.097058969366569845e-06
2.312499999999999972e-02,9.062499999999999375e-03,8.311908099527096283e+01,1.000000000000000036e-10,7.684368694050417738e-05,-1.056465090825440555e-05
2.437500000000000083e-02,9.062499999999999375e-03,8.215252430882453893e+01,1.000000000000000036e-10,7.790095114163590718e-05,-1.224612720933464352e-05
2.562500000000000194e-02,9.062499999999999375e-03,8.117155721673006497e+01,1.000000000000000036e-10,7.916985733261240111e-05,-1.416540136685170859e-05
2.687499999999999958e-02,9.062499999999999375e-03,8.017327787550922835e+01,1.000000000000000036e-10,8.069609459804665528e-05,-1.634552661552447615e-05
2.812500000000000069e-02,9.062499999999999375e-03,7.915415485177889821e+01,1.000000000000000036e-10,8.253566241477072220e-05,-1.880661886907887000e-05
2.937500000000000180e-02,9.062499999999999375e-03,7.810988631513995983e+01,1.000000000000000036e-10,8.475679815232920844e-05,-2.156264816526458529e-05
3.062499999999999944e-02,9.062499999999999375e-03,7.703523489797066759e+01,1.000000000000000036e-10,8.744174723926789023e-05,-2.461663436667662968e-05
3.187500000000000056e-02,9.062499999999999375e-03,7.592384263415826240e+01,1.000000000000000036e-10,9.068780138657357758e-05,-2.795369322013015857e-05
3.312500000000000167e-02,9.062499999999999375e-03,7.476803986330632767e+01,1.000000000000000036e-10,9.460658277106345727e-05,-3.153137838328120331e-05
3.437500000000000278e-02,9.062499999999999375e-03,7.355867806488167560e+01,1.000000000000000036e-10,9.931991909832388560e-05,-3.526689187602755060e-05
3.562500000000000389e-02,9.062499999999999375e-03,7.228504188584822998e+01,1.000000000000000036e-10,1.049494771259293021e-04,-3.902080605214563243e-05
3.687499999999999806e-02,9.062499999999999375e-03,7.093494113673344259e+01,1.000000000000000036e-10,1.115935169525067623e-04,-4.257664157623480003e-05
3.812499999999999917e-02,9.062499999999999375e-03,6.949520396203556061e+01,1.000000000000000036e-10,1.192721297275124704e-04,-4.561880734181385428e-05
3.937500000000000028e-02,9.062499999999999375e-03,6.795313789354563028e+01,1.000000000000000036e-10,1.278123021017324532e-04,-4.774976169859313521e-05
4.062500000000000139e-02,9.062499999999999375e-03,6.629989640949224849e+01,1.000000000000000036e-10,1.367925808108276021e-04,-4.875244422963191069e-05
4.187500000000000250e-02,9.062499999999999375e-03,6.453332337327493917e+01,1.000000000000000036e-10,1.462617545409807093e-04,-4.928223002853200256e-05
4.312500000000000361e-02,9.062499999999999375e-03,6.264335254596772984e+01,1.000000000000000036e-10,1.571367355832126080e-04,-4.919333804700727186e-05
4.437499999999999778e-02,9.062499999999999375e-03,6.060490498369462387e+01,1.000000000000000036e-10,1.697616644688520007e-04,-4.620763483445385837e-05
4.562499999999999889e-02,9.062499999999999375e-03,5.839931093424642938e+01,1.000000000000000036e-10,1.766778833498716054e-04,-3.393452491329752472e-05
4.687500000000000000e-02,9.062499999999999375e-03,5.618795789994783263e+01,1.000000000000000036e-10,1.893613782452800189e-04,-4.064158114307245913e-05
4.812500000000000111e-02,9.062499999999999375e-03,5.366527647811442847e+01,1.000000000000000036e-10,1.990447945026528229e-04,-1.215682014274875491e-05
4.937500000000000222e-02,9.062499999999999375e-03,5.121183803738151141e+01,1.000000000000000036e-10,1.950845806181518557e-04,-2.905275180190755332e-06
5.062500000000000333e-02,9.062499999999999375e-03,4.878816196266063088e+01,1.000000000000000036e-10,1.950845806181564094e-04,2.905275180193029192e-06
5.187500000000000444e-02,9.062499999999999375e-03,4.633472352192760013e+01,1.000000000000000036e-10,1.990447945026661857e-04,1.215682014275330179e-05
5.312499999999999861e-02,9.062499999999999375e-03,4.381204210009397571e+01,1.000000000000000036e-10,1.893613782452993448e-04,4.064158114308269129e-05
5.437499999999999972e-02,9.062499999999999375e-03,4.160068906579511605e+01,1.000000000000000036e-10,1.766778833498960813e-04,3.393452491330435519e-05
5.562500000000000083e-02,9.062499999999999375e-03,3.939509501634657340e+01,1.000000000000000036e-10,1.697616644688809760e-04,4.620763483446238291e-05
5.687500000000000194e-02,9.062499999999999375e-03,3.735664745407309084e+01,1.000000000000000036e-10,1.571367355832438330e-04,4.919333804702033649e-05
5.812500000000000305e-02,9.062499999999999375e-03,3.546667662676547650e+01,1.000000000000000036e-10,1.462617545410139944e-04,4.928223002854735079e-05
5.937500000000000416e-02,9.062499999999999375e-03,3.370010359054774085e+01,1.000000000000000036e-10,1.367925808108622966e-04,4.875244422964952897e-05
6.062499999999999833e-02,9.062499999999999375e-03,3.204686210649391853e+01,1.000000000000000036e-10,1.278123021017695329e-04,4.774976169861416873e-05
6.187499999999999944e-02,9.062499999999999375e-03,3.050479603800350148e+01,1.000000000000000036e-10,1.192721297275525452e-04,4.561880734183090336e-05
6.312500000000000056e-02,9.062499999999999375e-03,2.906505886330510435e+01,1.000000000000000036e-10,1.115935169525505234e-04,4.257664157625241832e-05
6.437500000000000167e-02,9.062499999999999375e-03,2.771495811418973787e+01,1.000000000000000036e-10,1.049494771259734969e-04,3.902080605216297967e-05
6.562500000000000278e-02,9.062499999999999375e-03,2.644132193515576645e+01,1.000000000000000036e-10,9.931991909836864960e-05,3.526689187604317667e-05
6.687500000000000389e-02,9.062499999999999375e-03,2.523196013673052107e+01,1.000000000000000036e-10,9.460658277111247676e-05,3.153137838329796779e-05
6.812500000000000500e-02,9.062499999999999375e-03,2.407615736587795396e+01,1.000000000000000036e-10,9.068780138662502297e-05,2.795369322014266416e-05
6.937500000000000611e-02,9.062499999999999375e-03,2.296476510206489507e+01,1.000000000000000036e-10,8.744174723932188350e-05,2.461663436669140871e-05
7.062500000000000722e-02,9.062499999999999375e-03,2.189011368489490650e+01,1.000000000000000036e-10,8.475679815238805351e-05,2.156264816527709088e-05
7.187500000000000833e-02,9.062499999999999375e-03,2.084584514825519364e+01,1.000000000000000036e-10,8.253566241483482565e-05,1.880661886909194480e-05
7.312499999999999556e-02,9.062499999999999375e-03,1.982672212452403571e+01,1.000000000000000036e-10,8.069609459811159899e-05,1.634552661553555534e-05
7.437499999999999667e-02,9.062499999999999375e-03,1.882844278330240329e+01,1.000000000000000036e-10,7.916985733268062453e-05,1.416540136686449879e-05
7.562499999999999778e-02,9.062499999999999375e-03,1.784747569120701982e+01,1.000000000000000036e-10,7.790095114170894175e-05,1.224612720934345266e-05
7.687499999999999889e-02,9.062499999999999375e-03,1.688091900475967932e+01,1.000000000000000036e-10,7.684368694058333769e-05,1.056465090826122586e-05
7.812500000000000000e-02,9.062499999999999375e-03,1.592638351769243599e+01,1.000000000000000036e-10,7.596088143353844663e-05,9.097058969371260714e-06
7.937500000000000111e-02,9.062499999999999375e-03,1.498189696892121781e+01,1.000000000000000036e-10,7.522228529961388194e-05,7.819874909697544142e-06
8.062500000000000222e-02,9.062499999999999375e-03,1.404582638520208882e+01,1.000000000000000036e-10,7.460326660954741764e-05,6.710828830303795094e-06
8.187500000000000333e-02,9.062499999999999375e-03,1.311681530368253235e+01,1.000000000000000036e-10,7.408373238109069840e-05,5.749274902538983970e-06
8.312500000000000444e-02,9.062499999999999375e-03,1.219373307567482101e+01,1.000000000000000036e-10,7.364725662220484475e-05,4.916377413170066608e-06
8.437500000000000555e-02,9.062499999999999375e-03,1.127563388812741074e+01,1.000000000000000036e-10,7.328038059744029916e-05,4.195147660876869216e-06
8.562500000000000666e-02,9.062499999999999375e-03,1.036172356073881318e+01,1.000000000000000036e-10,7.297205359855985418e-05,3.570387532789140606e-06
8.687500000000000777e-02,9.062499999999999375e-03,9.451332548163414060e+00,1.000000000000000036e-10,7.271318688064062137e-05,3.028577377845493564e-06
8.812499999999999500e-02,9.062499999999999375e-03,8.543893888722797314e+00,1.000000000000000036e-10,7.249629809788106093e-05,2.557733255589055639e-06
8.937499999999999611e-02,9.062499999999999375e-03,7.638925095716387226e+00,1.000000000000000036e-10,7.231522788163692887e-05,2.147250001849059014e-06
9.062499999999999722e-02,9.062499999999999375e-03,6.736013191681873735e+00,1.000000000000000036e-10,7.216491391522859280e-05,1.787740606356038408e-06
9.187499999999999833e-02,9.062499999999999375e-03,5.834802247835671807e+00,1.000000000000000036e-10,7.204121094216703737e-05,1.470878313214214389e-06
9.312499999999999944e-02,9.062499999999999375e-03,4.934982918127697182e+00,1.000000000000000036e-10,7.194074764873929773e-05,1.189245062521208985e-06
9.437500000000000056e-02,9.062499999999999375e-03,4.036283556617188850e+00,1.000000000000000036e-10,7.186081337151320133e-05,9.361879947602600300e-07
9.562500000000000167e-02,9.062499999999999375e-03,3.138462583839866760e+00,1.000000000000000036e-10,7.179926918347529581e-05,7.056844631396684736e-07
9.687500000000000278e-02,9.062499999999999375e-03,2.241301827030306004e+00,1.000000000000000036e-10,7.175447919114071092e-05,4.922151502654514755e-07
9.812500000000000389e-02,9.062499999999999375e-03,1.344600604061348514e+00,1.000000000000000036e-10,7.172525890055524579e-05,2.906443296574856025e-07
9.937500000000000500e-02,9.062499999999999375e-03,4.481703545164242852e-01,1.000000000000000036e-10,7.171083834311089045e-05,9.610595582457025156e-08
6.250000000000000130e-04,9.687499999999999931e-03,9.955244150027260730e+01,1.000000000000000036e-10,7.161234820188098907e-05,-9.939088881424138732e-08
1.874999999999999931e-03,9.687499999999999931e-03,9.865724979468036793e+01,1.000000000000000036e-10,7.162438163512773283e-05,-3.005863920077444305e-07
3.125000000000000173e-03,9.687499999999999931e-03,9.776183195939441362e+01,1.000000000000000036e-10,7.164877294488347496e-05,-5.090788880784202088e-07
4.375000000000000416e-03,9.687499999999999931e-03,9.686603047105828068e+01,1.000000000000000036e-10,7.168618169772456538e-05,-7.299200979082341963e-07
5.624999999999999792e-03,9.687499999999999931e-03,9.596967741695129916e+01,1.000000000000000036e-10,7.173762446035993490e-05,-9.684458353206081634e-07
6.875000000000000035e-03,9.687499999999999931e-03,9.507258985954928221e+01,1.000000000000000036e-10,7.180450894194790375e-05,-1.230396601361007730e-06
8.125000000000000278e-03,9.687499999999999931e-03,9.417456469340260128e+01,1.000000000000000036e-10,7.188868209610403204e-05,-1.522044998163209658e-06
9.374999999999999653e-03,9.687499999999999931e-03,9.327537280714668100e+01,1.000000000000000036e-10,7.199249461875523951e-05,-1.850331669256774748e-06
1.062500000000000076e-02,9.687499999999999931e-03,9.237475232793372015e+01,1.000000000000000036e-10,7.211888518796057232e-05,-2.223011206743876119e-06
1.187500000000000014e-02,9.687499999999999931e-03,9.147240067744766634e+01,1.000000000000000036e-10,7.227148893293585882e-05,-2.648809031293239198e-06
1.312499999999999951e-02,9.687499999999999931e-03,9.056796510461032312e+01,1.000000000000000036e-10,7.245477606932239334e-05,-3.137589561700905757e-06
1.437500000000000062e-02,9.687499999999999931e-03,8.966103127571460618e+01,1.000000000000000036e-10,7.267422849256546054e-05,-3.700534919501023072e-06
1.562500000000000000e-02,9.687499999999999931e-03,8.875110939229618623e+01,1.000000000000000036e-10,7.293656449899684380e-05,-4.350331776811343799e-06
1.687500000000000111e-02,9.687499999999999931e-03,8.783761716323968471e+01,1.000000000000000036e-10,7.325002484491504370e-05,-5.101361482568335196e-06
1.812499999999999875e-02,9.687499999999999931e-03,8.691985877117330972e+01,1.000000000000000036e-10,7.362473721800652906e-05,-5.969884899120641813e-06
1.937499999999999986e-02,9.687499999999999931e-03,8.599699873278952111e+01,1.000000000000000036e-10,7.407318104995736852e-05,-6.974207863920581146e-06
2.062500000000000097e-02,9.687499999999999931e-03,8.506802924492437512e+01,1.000000000000000036e-10,7.461078058427288401e-05,-8.134804988263791801e-06
2.187500000000000208e-02,9.687499999999999931e-03,8.413172921818269856e+01,1.000000000000000036e-10,7.525666126217343517e-05,-9.474367296704713022e-06
2.312499999999999972e-02,9.687499999999999931e-03,8.318661271337003882e+01,1.000000000000000036e-10,7.603461254375245312e-05,-1.101772097522029712e-05
2.437500000000000083e-02,9.687499999999999931e-03,8.223086390458888673e+01,1.000000000000000036e-10,7.697430827825540653e-05,-1.279153711017670165e-05
2.562500000000000194e-02,9.687499999999999931e-03,8.126225500641365329e+01,1.000000000000000036e-10,7.811284109675680474e-05,-1.482371097074519485e-05
2.687499999999999958e-02,9.687499999999999931e-03,8.027804287716996612e+01,1.000000000000000036e-10,7.949662390357672319e-05,-1.714222704775693101e-05
2.812500000000000069e-02,9.687499999999999931e-03,7.927483940882423497e+01,1.000000000000000036e-10,8.118368603723239200e-05,-1.977323341203941363e-05
2.937500000000000180e-02,9.687499999999999931e-03,7.824845072623915598e+01,1.000000000000000036e-10,8.324631760925795389e-05,-2.273791727709521530e-05
3.062499999999999944e-02,9.687499999999999931e-03,7.719368146859278568e+01,1.000000000000000036e-10,8.577384784300589227e-05,-2.604760491518504409e-05
3.187500000000000056e-02,9.687499999999999931e-03,7.610410453016400822e+01,1.000000000000000036e-10,8.887502447777476588e-05,-2.969633806265391533e-05
3.312500000000000167e-02,9.687499999999999931e-03,7.497180585664841601e+01,1.000000000000000036e-10,9.267896373924314982e-05,-3.365009386373230254e-05
3.437500000000000278e-02,9.687499999999999931e-03,7.378713043668292926e+01,1.000000000000000036e-10,9.733303446856381115e-05,-3.783187992386046389e-05
3.562500000000000389e-02,9.687499999999999931e-03,7.253847999493432042e+01,1.000000000000000036e-10,1.029952294760056337e-04,-4.210169452183093800e-05
3.687499999999999806e-02,9.687499999999999931e-03,7.121224969978278807e+01,1.000000000000000036e-10,1.098146950115369449e-04,-4.622750578759791029e-05
3.812499999999999917e-02,9.687499999999999931e-03,6.979311261964589619e+01,1.000000000000000036e-10,1.178711547470220238e-04,-4.983547938568675913e-05
3.937500000000000028e-02,9.687499999999999931e-03,6.826547083110723690e+01,1.000000000000000036e-10,1.269738795879186196e-04,-5.235453826227284119e-05
4.062500000000000139e-02,9.687499999999999931e-03,6.661876562994793005e+01,1.000000000000000036e-10,1.363483518507103542e-04,-5.332504315189111311e-05
4.187500000000000250e-02,9.687499999999999931e-03,6.485676203483947688e+01,1.000000000000000036e-10,1.459758051726265271e-04,-5.425794463230203279e-05
4.312500000000000361e-02,9.687499999999999931e-03,6.296937050063226593e+01,1.000000000000000036e-10,1.576866409013052603e-04,-5.551053182868712977e-05
4.437499999999999778e-02,9.687499999999999931e-03,6.091459601230684484e+01,1.000000000000000036e-10,1.742899565028579545e-04,-5.450456329636550377e-05
4.562499999999999889e-02,9.687499999999999931e-03,5.861212158806081618e+01,1.000000000000000036e-10,1.773484872709181102e-04,-3.062497127592052148e-05
4.687500000000000000e-02,9.687499999999999931e-03,5.648088383053389094e+01,1.000000000000000036e-10,1.951808142676705003e-04,-5.920904572652657769e-05
4.812500000000000111e-02,9.687499999999999931e-03,5.373260123136905264e+01,1.000000000000000036e-10,2.101843247611074163e-04,-5.932818934700195174e-06
4.937500000000000222e-02,9.687499999999999931e-03,5.122627571150620440e+01,1.000000000000000036e-10,1.983550777133245662e-04,-1.234545922097811266e-06
5.062500000000000333e-02,9.687499999999999931e-03,4.877372428853593789e+01,1.000000000000000036e-10,1.983550777133299601e-04,1.234545922097980037e-06
5.187500000000000444e-02,9.687499999999999931e-03,4.626739876867295465e+01,1.000000000000000036e-10,2.101843247611233541e-04,5.932818934702047635e-06
5.312499999999999861e-02,9.687499999999999931e-03,4.351911616950785344e+01,1.000000000000000036e-10,1.951808142676915068e-04,5.920904572653796182e-05
5.437499999999999972e-02,9.687499999999999931e-03,4.138787841198066531e+01,1.000000000000000036e-10,1.773484872709422608e-04,3.062497127592962200e-05
5.562500000000000083e-02,9.687499999999999931e-03,3.908540398773429558e+01,1.000000000000000036e-10,1.742899565028875261e-04,5.450456329637687434e-05
5.687500000000000194e-02,9.687499999999999931e-03,3.703062949940847659e+01,1.000000000000000036e-10,1.576866409013384911e-04,5.551053182870190202e-05
5.812500000000000305e-02,9.687499999999999931e-03,3.514323796520083221e+01,1.000000000000000036e-10,1.459758051726614927e-04,5.425794463231965107e-05
5.937500000000000416e-02,9.687499999999999931e-03,3.338123437009193850e+01,1.000000000000000036e-10,1.363483518507470273e-04,5.332504315191043901e-05
6.062499999999999833e-02,9.687499999999999931e-03,3.173452916893215559e+01,1.000000000000000036e-10,1.269738795879552656e-04,5.235453826229444392e-05
6.187499999999999944e-02,9.687499999999999931e-03,3.020688738039305576e+01,1.000000000000000036e-10,1.178711547470602555e-04,4.983547938570580043e-05
6.312500000000000056e-02,9.687499999999999931e-03,2.878775030025564874e+01,1.000000000000000036e-10,1.098146950115801504e-04,4.622750578761922842e-05
6.437500000000000167e-02,9.687499999999999931e-03,2.746152000510355151e+01,1.000000000000000036e-10,1.029952294760498285e-04,4.210169452184828523e-05
6.562500000000000278e-02,9.687499999999999931e-03,2.621286956335440266e+01,1.000000000000000036e-10,9.733303446860913080e-05,3.783187992387978979e-05
6.687500000000000389e-02,9.687499999999999931e-03,2.502819414338832260e+01,1.000000000000000036e-10,9.267896373929103090e-05,3.365009386374935162e-05
6.812500000000000500e-02,9.687499999999999931e-03,2.389589546987212643e+01,1.000000000000000036e-10,8.887502447782550654e-05,2.969633806266926696e-05
6.937500000000000611e-02,9.687499999999999931e-03,2.280631853144268462e+01,1.000000000000000036e-10,8.577384784305976356e-05,2.604760491520209317e-05
7.062500000000000722e-02,9.687499999999999931e-03,2.175154927379563219e+01,1.000000000000000036e-10,8.324631760931564700e-05,2.273791727710885931e-05
7.187500000000000833e-02,9.687499999999999931e-03,2.072516059120979293e+01,1.000000000000000036e-10,8.118368603729519441e-05,1.977323341205021500e-05
7.312499999999999556e-02,9.687499999999999931e-03,1.972195712286325175e+01,1.000000000000000036e-10,7.949662390364307636e-05,1.714222704776574015e-05
7.437499999999999667e-02,9.687499999999999931e-03,1.873774499361871548e+01,1.000000000000000036e-10,7.811284109682544829e-05,1.482371097075826626e-05
7.562499999999999778e-02,9.687499999999999931e-03,1.776913609544261519e+01,1.000000000000000036e-10,7.697430827832718071e-05,1.279153711018522789e-05
7.687499999999999889e-02,9.687499999999999931e-03,1.681338728666053584e+01,1.000000000000000036e-10,7.603461254383012265e-05,1.101772097523166769e-05
7.812500000000000000e-02,9.687499999999999931e-03,1.586827078184686179e+01,1.000000000000000036e-10,7.525666126225756926e-05,9.474367296710679522e-06
7.937500000000000111e-02,9.687499999999999931e-03,1.493197075510409633e+01,1.000000000000000036e-10,7.461078058436477014e-05,8.134804988267772856e-06
8.062500000000000222e-02,9.687499999999999931e-03,1.400300126723774241e+01,1.000000000000000036e-10,7.407318105005655947e-05,6.974207863921433261e-06
8.187500000000000333e-02,9.687499999999999931e-03,1.308014122885268193e+01,1.000000000000000036e-10,7.362473721811091062e-05,5.969884899123058398e-06
8.312500000000000444e-02,9.687499999999999931e-03,1.216238283678496934e+01,1.000000000000000036e-10,7.325002484502411444e-05,5.101361482572456011e-06
8.437500000000000555e-02,9.687499999999999931e-03,1.124889060772707872e+01,1.000000000000000036e-10,7.293656449910960082e-05,4.350331776813759537e-06
8.562500000000000666e-02,9.687499999999999931e-03,1.033896872430722880e+01,1.000000000000000036e-10,7.267422849268184964e-05,3.700534919506565208e-06
8.687500000000000777e-02,9.687499999999999931e-03,9.432034895410032149e+00,1.000000000000000036e-10,7.245477606944566713e-05,3.137589561706306015e-06
8.812499999999999500e-02,9.687499999999999931e-03,8.527599322571086660e+00,1.000000000000000036e-10,7.227148893306760294e-05,2.648809031298071098e-06
8.937499999999999611e-02,9.687499999999999931e-03,7.625247672083341755e+00,1.000000000000000036e-10,7.211888518809911981e-05,2.223011206747500150e-06
9.062499999999999722e-02,9.687499999999999931e-03,6.724627192868608105e+00,1.000000000000000036e-10,7.199249461890149838e-05,1.850331669261179954e-06
9.187499999999999833e-02,9.687499999999999931e-03,5.825435306610803998e+00,1.000000000000000036e-10,7.188868209625408562e-05,1.522044998164133347e-06
9.312499999999999944e-02,9.687499999999999931e-03,4.927410140462255228e+00,1.000000000000000036e-10,7.180450894210062718e-05,1.230396601362499990e-06
9.437500000000000056e-02,9.687499999999999931e-03,4.030322583058287833e+00,1.000000000000000036e-10,7.173762446051928552e-05,9.684458353231662029e-07
9.562500000000000167e-02,9.687499999999999931e-03,3.133969528949272831e+00,1.000000000000000036e-10,7.168618169788861872e-05,7.299200979112894442e-07
9.687500000000000278e-02,9.687499999999999931e-03,2.238168040611071774e+00,1.000000000000000036e-10,7.164877294505149919e-05,5.090788880798413183e-07
9.812500000000000389e-02,9.687499999999999931e-03,1.342750205322984947e+00,1.000000000000000036e-10,7.162438163530241136e-05,3.005863920104267721e-07
9.937500000000000500e-02,9.687499999999999931e-03,4.475584997285112498e-01,1.000000000000000036e-10,7.161234820205984177e-05,9.939088881509403186e-08
6.250000000000000130e-04,1.031250000000000049e-02,9.955307203159487983e+01,1.000000000000000036e-10,7.151084970252041947e-05,-1.020723904139231118e-07
1.874999999999999931e-03,1.031250000000000049e-02,9.865915672584210938e+01,1.000000000000000036e-10,7.152041490074848907e-05,-3.087042061417832723e-07
3.125000000000000173e-03,1.031250000000000049e-02,9.776506165907616719e+01,1.000000000000000036e-10,7.153981233802141505e-05,-5.228554474524570079e-07
4.375000000000000416e-03,1.031250000000000049e-02,9.687066141739157388e+01,1.000000000000000036e-10,7.156958570968980640e-05,-7.497346007858139996e-07
5.624999999999999792e-03,1.031250000000000049e-02,9.597582201633392174e+01,1.000000000000000036e-10,7.161057511962836731e-05,-9.948474187274310965e-07
6.875000000000000035e-03,1.031250000000000049e-02,9.508039703940086440e+01,1.000000000000000036e-10,7.166394806716480811e-05,-1.264123732511279468e-06
8.125000000000000278e-03,1.031250000000000049e-02,9.418422331465480113e+01,1.000000000000000036e-10,7.173124340806848957e-05,-1.564052114542846182e-06
9.374999999999999653e-03,1.031250000000000049e-02,9.328711595419915170e+01,1.000000000000000036e-10,7.181443081079178555e-05,-1.901824515565521798e-06
1.062500000000000076e-02,1.031250000000000049e-02,9.238886254438500600e+01,1.000000000000000036e-10,7.191598920047964465e-05,-2.285492839876041643e-06
1.187500000000000014e-02,1.031250000000000049e-02,9.148921622418716026e+01,1.000000000000000036e-10,7.203900892027148280e-05,-2.724139130539242093e-06
1.312499999999999951e-02,1.031250000000000049e-02,9.058788732137821853e+01,1.000000000000000036e-10,7.218732393641345163e-05,-3.228060538713179568e-06
1.437500000000000062e-02,1.031250000000000049e-02,8.968453312577682368e+01,1.000000000000000036e-10,7.236568249088803917e-05,-3.808969431343028909e-06
1.562500000000000000e-02,1.031250000000000049e-02,8.877874525910601733e+01,1.000000000000000036e-10,7.257996731579395002e-05,-4.480207680634292803e-06
1.687500000000000111e-02,1.031250000000000049e-02,8.787003394288197455e+01,1.000000000000000036e-10,7.283748006094126985e-05,-5.256972124273032513e-06
1.812499999999999875e-02,1.031250000000000049e-02,8.695780825758248511e+01,1.000000000000000036e-10,7.314730919031147923e-05,-6.156545008642523670e-06
1.937499999999999986e-02,1.031250000000000049e-02,8.604135121312418732e+01,1.000000000000000036e-10,7.352080656487656107e-05,-7.198518357649843866e-06
2.062500000000000097e-02,1.031250000000000049e-02,8.511978809346057062e+01,1.000000000000000036e-10,7.397220558312935304e-05,-8.404993770807319862e-06
2.187500000000000208e-02,1.031250000000000049e-02,8.419204607354595282e+01,1.000000000000000036e-10,7.451942343997414728e-05,-9.800727781521343602e-06
2.312499999999999972e-02,1.031250000000000049e-02,8.325680250746121658e+01,1.000000000000000036e-10,7.518510203376820001e-05,-1.141317542808337649e-05
2.437500000000000083e-02,1.031250000000000049e-02,8.231241852270174775e+01,1.000000000000000036e-10,7.599795614387345154e-05,-1.327235757961261545e-05
2.562500000000000194e-02,1.031250000000000049e-02,8.135685360386437992e+01,1.000000000000000036e-10,7.699451236382231015e-05,-1.541043502053298305e-05
2.687499999999999958e-02,1.031250000000000049e-02,8.038755571360619001e+01,1.000000000000000036e-10,7.822133337739956113e-05,-1.786080490816743615e-05
2.812500000000000069e-02,1.031250000000000049e-02,7.940132026942939092e+01,1.000000000000000036e-10,7.973781730010159191e-05,-2.065642857980264560e-05
2.937500000000000180e-02,1.031250000000000049e-02,7.839411028110365010e+01,1.000000000000000036e-10,8.161961240075638643e-05,-2.382693544566563600e-05
3.062499999999999944e-02,1.031250000000000049e-02,7.736082995941048068e+01,1.000000000000000036e-10,8.396253684648852158e-05,-2.739381408635266794e-05
3.187500000000000056e-02,1.031250000000000049e-02,7.629504685994143642e+01,1.000000000000000036e-10,8.688655691229994836e-05,-3.136272724177728533e-05
3.312500000000000167e-02,1.031250000000000049e-02,7.518866603660298153e+01,1.000000000000000036e-10,9.053881184046017961e-05,-3.571180177942095654e-05
3.437500000000000278e-02,1.031250000000000049e-02,7.403157656392993147e+01,1.000000000000000036e-10,9.509411876927457465e-05,-4.037486083723478442e-05
3.562500000000000389e-02,1.031250000000000049e-02,7.281131306737111686e+01,1.000000000000000036e-10,1.007516641940605756e-04,-4.521858382456342765e-05
3.687499999999999806e-02,1.031250000000000049e-02,7.151278495907841659e+01,1.000000000000000036e-10,1.077266245205788517e-04,-5.000782941588112062e-05
3.812499999999999917e-02,1.031250000000000049e-02,7.011814745435664520e+01,1.000000000000000036e-10,1.162086134901749981e-04,-5.432438010993336007e-05
3.937500000000000028e-02,1.031250000000000049e-02,6.860756962182404095e+01,1.000000000000000036e-10,1.260675202186302695e-04,-5.734645332269791156e-05
4.062500000000000139e-02,1.031250000000000049e-02,6.696645944889088753e+01,1.000000000000000036e-10,1.358408776258130334e-04,-5.790704292645271602e-05
4.187500000000000250e-02,1.031250000000000049e-02,6.521154768117871470e+01,1.000000000000000036e-10,1.451690102025827078e-04,-5.915373780708135456e-05
4.312500000000000361e-02,1.031250000000000049e-02,6.333723419382631903e+01,1.000000000000000036e-10,1.570134262511808454e-04,-6.239236454254408178e-05
4.437499999999999778e-02,1.031250000000000049e-02,6.128621202489919284e+01,1.000000000000000036e-10,1.822044447452352879e-04,-6.851989763030585880e-05
4.562499999999999889e-02,1.031250000000000049e-02,5.878212307519543600e+01,1.000000000000000036e-10,1.743256421347910820e-04,-1.419950102078552909e-05
4.687500000000000000e-02,1.031250000000000049e-02,5.692807097152941509e+01,1.000000000000000036e-10,7.641972995019677840e-05,-3.559772338774247344e-05
4.812500000000000111e-02,1.031250000000000049e-02,5.407779314454003128e+01,9.999999999999999799e-13,3.378170948758580021e-06,-5.251170194838608668e-07
4.937500000000000222e-02,1.031250000000000049e-02,5.127648028153345194e+01,9.999999999999999799e-13,2.141709370412578813e-06,-1.093935242483952446e-07
5.062500000000000333e-02,1.031250000000000049e-02,4.872351971850858376e+01,9.999999999999999799e-13,2.141709370412627094e-06,1.093935242487061983e-07
5.187500000000000444e-02,1.031250000000000049e-02,4.592220685550188364e+01,9.999999999999999799e-13,3.378170948758824814e-06,5.251170194841095769e-07
5.312499999999999861e-02,1.031250000000000049e-02,4.307192902851225114e+01,1.000000000000000036e-10,7.641972995020634648e-05,3.559772338774884313e-05
5.437499999999999972e-02,1.031250000000000049e-02,4.121787692484599575e+01,1.000000000000000036e-10,1.743256421348155037e-04,1.419950102078966600e-05
5.562500000000000083e-02,1.031250000000000049e-02,3.871378797514186232e+01,1.000000000000000036e-10,1.822044447452671092e-04,6.851989763032178301e-05
5.687500000000000194e-02,1.031250000000000049e-02,3.666276580621431691e+01,1.000000000000000036e-10,1.570134262512152146e-04,6.239236454256114441e-05
5.812500000000000305e-02,1.031250000000000049e-02,3.478845231886148071e+01,1.000000000000000036e-10,1.451690102026182154e-04,5.915373780710011804e-05
5.937500000000000416e-02,1.031250000000000049e-02,3.303354055114886023e+01,1.000000000000000036e-10,1.358408776258496794e-04,5.790704292647261113e-05
6.062499999999999833e-02,1.031250000000000049e-02,3.139243037821523785e+01,1.000000000000000036e-10,1.260675202186672408e-04,5.734645332271952106e-05
6.187499999999999944e-02,1.031250000000000049e-02,2.988185254568217886e+01,1.000000000000000036e-10,1.162086134902149239e-04,5.432438010995667042e-05
6.312500000000000056e-02,1.031250000000000049e-02,2.848721504095986390e+01,1.000000000000000036e-10,1.077266245206217590e-04,5.000782941590756160e-05
6.437500000000000167e-02,1.031250000000000049e-02,2.718868693266663428e+01,1.000000000000000036e-10,1.007516641941037675e-04,4.521858382458474577e-05
6.562500000000000278e-02,1.031250000000000049e-02,2.596842343610726900e+01,1.000000000000000036e-10,9.509411876931918957e-05,4.037486083725694958e-05
6.687500000000000389e-02,1.031250000000000049e-02,2.481133396343365405e+01,1.000000000000000036e-10,9.053881184050722043e-05,3.571180177943858160e-05
6.812500000000000500e-02,1.031250000000000049e-02,2.370495314009458809e+01,1.000000000000000036e-10,8.688655691235139375e-05,3.136272724179292495e-05
6.937500000000000611e-02,1.031250000000000049e-02,2.263917004062486882e+01,1.000000000000000036e-10,8.396253684654167459e-05,2.739381408636858877e-05
7.062500000000000722e-02,1.031250000000000049e-02,2.160588971893104571e+01,1.000000000000000036e-10,8.161961240081210087e-05,2.382693544568126884e-05
7.187500000000000833e-02,1.031250000000000049e-02,2.059867973060456592e+01,1.000000000000000036e-10,7.973781730016325591e-05,2.065642857981401278e-05
7.312499999999999556e-02,1.031250000000000049e-02,1.961244428642696391e+01,1.000000000000000036e-10,7.822133337746561615e-05,1.786080490817794952e-05
7.437499999999999667e-02,1.031250000000000049e-02,1.864314639616792491e+01,1.000000000000000036e-10,7.699451236389035739e-05,1.541043502054207680e-05
7.562499999999999778e-02,1.031250000000000049e-02,1.768758147732970443e+01,1.000000000000000036e-10,7.599795614394563230e-05,1.327235757962142459e-05
7.687499999999999889e-02,1.031250000000000049e-02,1.674319749256928347e+01,1.000000000000000036e-10,7.518510203384607283e-05,1.141317542809417616e-05
7.812500000000000000e-02,1.031250000000000049e-02,1.580795392648355246e+01,1.000000000000000036e-10,7.451942344005650599e-05,9.800727781530296740e-06
7.937500000000000111e-02,1.031250000000000049e-02,1.488021190656787063e+01,1.000000000000000036e-10,7.397220558321926051e-05,8.404993770814568770e-06
8.062500000000000222e-02,1.031250000000000049e-02,1.395864878690307087e+01,1.000000000000000036e-10,7.352080656497504728e-05,7.198518357652827963e-06
8.187500000000000333e-02,1.031250000000000049e-02,1.304219174244349411e+01,1.000000000000000036e-10,7.314730919041621316e-05,6.156545008645507767e-06
8.312500000000000444e-02,1.031250000000000049e-02,1.212996605714266529e+01,1.000000000000000036e-10,7.283748006105020506e-05,5.256972124276869572e-06
8.437500000000000555e-02,1.031250000000000049e-02,1.122125474091723873e+01,1.000000000000000036e-10,7.257996731590735757e-05,4.480207680638698222e-06
8.562500000000000666e-02,1.031250000000000049e-02,1.031546687424498110e+01,1.000000000000000036e-10,7.236568249100612234e-05,3.808969431346865968e-06
8.687500000000000777e-02,1.031250000000000049e-02,9.412112678642085228e+00,1.000000000000000036e-10,7.218732393653637305e-05,3.228060538719147762e-06
8.812499999999999500e-02,1.031250000000000049e-02,8.510783775831571418e+00,1.000000000000000036e-10,7.203900892040165482e-05,2.724139130542226190e-06
8.937499999999999611e-02,1.031250000000000049e-02,7.611137455632043469e+00,1.000000000000000036e-10,7.191598920061847674e-05,2.285492839879878702e-06
9.062499999999999722e-02,1.031250000000000049e-02,6.712884045816108980e+00,1.000000000000000036e-10,7.181443081093691957e-05,1.901824515568719347e-06
9.187499999999999833e-02,1.031250000000000049e-02,5.815776685358620135e+00,1.000000000000000036e-10,7.173124340821770289e-05,1.564052114540501383e-06
9.312499999999999944e-02,1.031250000000000049e-02,4.919602960610665932e+00,1.000000000000000036e-10,7.166394806731881902e-05,1.264123732513055908e-06
9.437500000000000056e-02,1.031250000000000049e-02,4.024177983675649273e+00,1.000000000000000036e-10,7.161057511978759595e-05,9.948474187292077481e-07
9.562500000000000167e-02,1.031250000000000049e-02,3.129338582615975639e+00,1.000000000000000036e-10,7.156958570985364290e-05,7.497346007877324234e-07
9.687500000000000278e-02,1.031250000000000049e-02,2.234938340929307987e+00,1.000000000000000036e-10,7.153981233819027953e-05,5.228554474537716030e-07
9.812500000000000389e-02,1.031250000000000049e-02,1.340843274161218179e+00,1.000000000000000036e-10,7.152041490092288299e-05,3.087042061448740955e-07
9.937500000000000500e-02,1.031250000000000049e-02,4.469279684062356095e-01,1.000000000000000036e-10,7.151084970269814731e-05,1.020723904143139116e-07
6.250000000000000130e-04,1.093750000000000104e-02,9.955371740515278134e+01,1.000000000000000036e-10,7.140695990360312385e-05,-1.041321332866118371e-07
1.874999999999999931e-03,1.093750000000000104e-02,9.866110859725714022e+01,1.000000000000000036e-10,7.141399010660846489e-05,-3.149421638829608004e-07
3.125000000000000173e-03,1.093750000000000104e-02,9.776836765248756933e+01,1.000000000000000036e-10,7.142825774756144763e-05,-5.334500288188336832e-07
4.375000000000000416e-03,1.093750000000000104e-02,9.687540215356810336e+01,1.000000000000000036e-10,7.145018571208706796e-05,-7.649906875099075612e-07
5.624999999999999792e-03,1.093750000000000104e-02,9.598211300968539206e+01,1.000000000000000036e-10,7.148042989449718406e-05,-1.015208128173980867e-06
6.875000000000000035e-03,1.093750000000000104e-02,9.508839140620567321e+01,1.000000000000000036e-10,7.151990659404018689e-05,-1.290187846600474265e-06
8.125000000000000278e-03,1.093750000000000104e-02,9.419411534483438686e+01,1.000000000000000036e-10,7.156983170457691861e-05,-1.596598226166178984e-06
9.374999999999999653e-03,1.093750000000000104e-02,9.329914561359125003e+01,1.000000000000000036e-10,7.163177425608863755e-05,-1.941843381055149798e-06
1.062500000000000076e-02,1.093750000000000104e-02,9.240332098843217068e+01,1.000000000000000036e-10,7.170772788047370476e-05,-2.334229981419183736e-06
1.187500000000000014e-02,1.093750000000000104e-02,9.150645241657940687e+01,1.000000000000000036e-10,7.180020508351729050e-05,-2.783150450404718617e-06
1.312499999999999951e-02,1.093750000000000104e-02,9.060831586134423787e+01,1.000000000000000036e-10,7.191236091892049464e-05,-3.299284644614317102e-06
1.437500000000000062e-02,1.093750000000000104e-02,8.970864339360639406e+01,1.000000000000000036e-10,7.204815492160490794e-05,-3.894821604015987303e-06
1.562500000000000000e-02,1.093750000000000104e-02,8.880711198830411490e+01,1.000000000000000036e-10,7.221256315253184242e-05,-4.583702035870373489e-06
1.687500000000000111e-02,1.093750000000000104e-02,8.790332931479309764e+01,1.000000000000000036e-10,7.241185618091092657e-05,-5.381880655792201019e-06
1.812499999999999875e-02,1.093750000000000104e-02,8.699681558378134127e+01,1.000000000000000036e-10,7.265396410131811787e-05,-6.307605002004947209e-06
1.937499999999999986e-02,1.093750000000000104e-02,8.608698021226014419e+01,1.000000000000000036e-10,7.294895666887497127e-05,-7.381703335337304519e-06
2.062500000000000097e-02,1.093750000000000104e-02,8.517309166705946666e+01,1.000000000000000036e-10,7.330967587233712694e-05,-8.627867903962850457e-06
2.187500000000000208e-02,1.093750000000000104e-02,8.425423831545171538e+01,1.000000000000000036e-10,7.375257043353540347e-05,-1.007290985737767867e-05
2.312499999999999972e-02,1.093750000000000104e-02,8.332927740622108104e+01,1.000000000000000036e-10,7.429879764470682143e-05,-1.174694625470578893e-05
2.437500000000000083e-02,1.093750000000000104e-02,8.239676837433404444e+01,1.000000000000000036e-10,7.497567848203060155e-05,-1.368345422669903863e-05
2.562500000000000194e-02,1.093750000000000104e-02,8.145488544417031562e+01,1.000000000000000036e-10,7.581861743247939609e-05,-1.591908595863969608e-05
2.687499999999999958e-02,1.093750000000000104e-02,8.050130293852205909e+01,1.000000000000000036e-10,7.687362712394188175e-05,-1.849306932257945642e-05
2.812500000000000069e-02,1.093750000000000104e-02,7.953304476607176809e+01,1.000000000000000036e-10,7.820062076848327852e-05,-2.144590294900808021e-05
2.937500000000000180e-02,1.093750000000000104e-02,7.854628741930997649e+01,1.000000000000000036e-10,7.987762485598293594e-05,-2.481686067053259927e-05
3.062499999999999944e-02,1.093750000000000104e-02,7.753610414467219414e+01,1.000000000000000036e-10,8.200595194495007099e-05,-2.863951462883619018e-05
3.187500000000000056e-02,1.093750000000000104e-02,7.649613862068622439e+01,1.000000000000000036e-10,8.471603063124061989e-05,-3.293407607534390051e-05
3.312500000000000167e-02,1.093750000000000104e-02,7.541820337889117809e+01,1.000000000000000036e-10,8.817289694151438334e-05,-3.769501356506565343e-05
3.437500000000000278e-02,1.093750000000000104e-02,7.429181619714836415e+01,1.000000000000000036e-10,9.257964344599258237e-05,-4.287267576823409419e-05
3.562500000000000389e-02,1.093750000000000104e-02,7.310371229274136340e+01,1.000000000000000036e-10,9.817874518668246895e-05,-4.834909247629637634e-05
3.687499999999999806e-02,1.093750000000000104e-02,7.183734756748130224e+01,1.000000000000000036e-10,1.052617968688519855e-04,-5.390632676848780601e-05
3.812499999999999917e-02,1.093750000000000104e-02,7.047216737102006334e+01,1.000000000000000036e-10,1.142018427936136249e-04,-5.913690020450189486e-05
3.937500000000000028e-02,1.093750000000000104e-02,6.898230149764096097e+01,1.000000000000000036e-10,1.251825481796589416e-04,-6.295373928537399905e-05
4.062500000000000139e-02,1.093750000000000104e-02,6.734260366652858920e+01,1.000000000000000036e-10,1.354447096085186462e-04,-6.231751638179500999e-05
4.187500000000000250e-02,1.093750000000000104e-02,6.559618375742799401e+01,1.000000000000000036e-10,1.437331443645808375e-04,-6.355154801815158497e-05
4.312500000000000361e-02,1.093750000000000104e-02,6.374927505741406719e+01,1.000000000000000036e-10,1.530035609896929845e-04,-6.855197066832600537e-05
4.437499999999999778e-02,1.093750000000000104e-02,6.177109473268566830e+01,1.000000000000000036e-10,8.119502426709051840e-05,-3.905153239024596604e-05
4.562499999999999889e-02,1.093750000000000104e-02,5.916048299426800128e+01,9.999999999999999799e-13,3.005531179754633494e-06,-6.337184119545931540e-07
4.687500000000000000e-02,1.093750000000000104e-02,5.681618323976788787e+01,9.999999999999999799e-13,2.043936767314389085e-06,2.702473019417620725e-07
4.812500000000000111e-02,1.093750000000000104e-02,5.405064107598202838e+01,9.999999999999999799e-13,2.200950417230762905e-06,4.918496659177548807e-08
4.937500000000000222e-02,1.093750000000000104e-02,5.131380719669098056e+01,9.999999999999999799e-13,2.145779309052460638e-06,-3.787916706187388559e-08
5.062500000000000333e-02,1.093750000000000104e-02,4.868619280335087751e+01,9.999999999999999799e-13,2.145779309052489013e-06,3.787916706213536731e-08
5.187500000000000444e-02,1.093750000000000104e-02,4.594935892405975864e+01,9.999999999999999799e-13,2.200950417230867938e-06,-4.918496659155948805e-08
5.312499999999999861e-02,1.093750000000000104e-02,4.318381676027370730e+01,9.999999999999999799e-13,2.043936767314571197e-06,-2.702473019415471909e-07
5.437499999999999972e-02,1.093750000000000104e-02,4.083951700577333099e+01,9.999999999999999799e-13,3.005531179755048116e-06,6.337184119548472638e-07
5.562500000000000083e-02,1.093750000000000104e-02,3.822890526735527317e+01,1.000000000000000036e-10,8.119502426710732354e-05,3.905153239025519531e-05
5.687500000000000194e-02,1.093750000000000104e-02,3.625072494262646217e+01,1.000000000000000036e-10,1.530035609897276790e-04,6.855197066834476207e-05
5.812500000000000305e-02,1.093750000000000104e-02,3.440381624261208060e+01,1.000000000000000036e-10,1.437331443646172125e-04,6.355154801817149363e-05
5.937500000000000416e-02,1.093750000000000104e-02,3.265739633351103066e+01,1.000000000000000036e-10,1.354447096085567288e-04,6.231751638181775113e-05
6.062499999999999833e-02,1.093750000000000104e-02,3.101769850239816151e+01,1.000000000000000036e-10,1.251825481796973224e-04,6.295373928539958622e-05
6.187499999999999944e-02,1.093750000000000104e-02,2.952783262901859729e+01,1.000000000000000036e-10,1.142018427936542690e-04,5.913690020452973175e-05
6.312500000000000056e-02,1.093750000000000104e-02,2.816265243255680417e+01,1.000000000000000036e-10,1.052617968688941881e-04,5.390632676851480265e-05
6.437500000000000167e-02,1.093750000000000104e-02,2.689628770729624208e+01,1.000000000000000036e-10,9.817874518672452244e-05,4.834909247632139431e-05
6.562500000000000278e-02,1.093750000000000104e-02,2.570818380288869065e+01,1.000000000000000036e-10,9.257964344603605887e-05,4.287267576825739776e-05
6.687500000000000389e-02,1.093750000000000104e-02,2.458179662114534025e+01,1.000000000000000036e-10,8.817289694155899826e-05,3.769501356508555531e-05
6.812500000000000500e-02,1.093750000000000104e-02,2.350386137934971487e+01,1.000000000000000036e-10,8.471603063129050674e-05,3.293407607535981795e-05
6.937500000000000611e-02,1.093750000000000104e-02,2.246389585536307720e+01,1.000000000000000036e-10,8.200595194500392873e-05,2.863951462885011879e-05
7.062500000000000722e-02,1.093750000000000104e-02,2.145371258072461629e+01,1.000000000000000036e-10,7.987762485603836578e-05,2.481686067054738169e-05
7.187500000000000833e-02,1.093750000000000104e-02,2.046695523396211769e+01,1.000000000000000036e-10,7.820062076854353305e-05,2.144590294902087380e-05
7.312499999999999556e-02,1.093750000000000104e-02,1.949869706151102733e+01,1.000000000000000036e-10,7.687362712400711007e-05,1.849306932259025440e-05
7.437499999999999667e-02,1.093750000000000104e-02,1.854511455586193946e+01,1.000000000000000036e-10,7.581861743254718583e-05,1.591908595864850522e-05
7.562499999999999778e-02,1.093750000000000104e-02,1.760323162569734734e+01,1.000000000000000036e-10,7.497567848210322954e-05,1.368345422670898449e-05
7.687499999999999889e-02,1.093750000000000104e-02,1.667072259380935861e+01,1.000000000000000036e-10,7.429879764478455873e-05,1.174694625471545188e-05
7.812500000000000000e-02,1.093750000000000104e-02,1.574576168457773306e+01,1.000000000000000036e-10,7.375257043361776218e-05,1.007290985738748561e-05
7.937500000000000111e-02,1.093750000000000104e-02,1.482690833296891419e+01,1.000000000000000036e-10,7.330967587242603152e-05,8.627867903972798012e-06
8.062500000000000222e-02,1.093750000000000104e-02,1.391301978776708204e+01,1.000000000000000036e-10,7.294895666897203447e-05,7.381703335345404695e-06
8.187500000000000333e-02,1.093750000000000104e-02,1.300318441624461308e+01,1.000000000000000036e-10,7.265396410142293312e-05,6.307605002008783422e-06
8.312500000000000444e-02,1.093750000000000104e-02,1.209667068523150846e+01,1.000000000000000036e-10,7.241185618102070204e-05,5.381880655799022175e-06
8.437500000000000555e-02,1.093750000000000104e-02,1.119288801171909498e+01,1.000000000000000036e-10,7.221256315264459945e-05,4.583702035877051497e-06
8.562500000000000666e-02,1.093750000000000104e-02,1.029135660641539296e+01,1.000000000000000036e-10,7.204815492172208309e-05,3.894821604020392722e-06
8.687500000000000777e-02,1.093750000000000104e-02,9.391684138676042792e+00,1.000000000000000036e-10,7.191236091904336185e-05,3.299284644619859239e-06
8.812499999999999500e-02,1.093750000000000104e-02,8.493547583439308823e+00,1.000000000000000036e-10,7.180020508364796396e-05,2.783150450407560413e-06
8.937499999999999611e-02,1.093750000000000104e-02,7.596679011584843266e+00,1.000000000000000036e-10,7.170772788061237422e-05,2.334229981424513268e-06
9.062499999999999722e-02,1.093750000000000104e-02,6.700854386423999109e+00,1.000000000000000036e-10,7.163177425623180644e-05,1.941843381055860458e-06
9.187499999999999833e-02,1.093750000000000104e-02,5.805884655179047726e+00,1.000000000000000036e-10,7.156983170472628101e-05,1.596598226166676404e-06
9.312499999999999944e-02,1.093750000000000104e-02,4.911608593805842027e+00,1.000000000000000036e-10,7.151990659419498386e-05,1.290187846602606035e-06
9.437500000000000056e-02,1.093750000000000104e-02,4.017886990324172736e+00,1.000000000000000036e-10,7.148042989465661599e-05,1.015208128174762467e-06
9.562500000000000167e-02,1.093750000000000104e-02,3.124597846439426174e+00,1.000000000000000036e-10,7.145018571225091801e-05,7.649906875123588746e-07
9.687500000000000278e-02,1.093750000000000104e-02,2.231632347517899628e+00,1.000000000000000036e-10,7.142825774773006817e-05,5.334500288214271922e-07
9.812500000000000389e-02,1.093750000000000104e-02,1.338891402746174020e+00,1.000000000000000036e-10,7.141399010678268263e-05,3.149421638847015590e-07
9.937500000000000500e-02,1.093750000000000104e-02,4.462825948483323257e-01,1.000000000000000036e-10,7.140695990378024183e-05,1.041321332880728895e-07
6.250000000000000130e-04,1.156249999999999986e-02,9.955437368326096248e+01,1.000000000000000036e-10,7.130131255393564154e-05,-1.055554351546561303e-07
1.874999999999999931e-03,1.156249999999999986e-02,9.866309350289064639e+01,1.000000000000000036e-10,7.130575595298239088e-05,-3.192556630392572824e-07
3.125000000000000173e-03,1.156249999999999986e-02,9.777172978443640261e+01,1.000000000000000036e-10,7.131478807620794474e-05,-5.407864117455572533e-07
4.375000000000000416e-03,1.156249999999999986e-02,9.688022380098544772e+01,1.000000000000000036e-10,7.132870666001222301e-05,-7.755775787427408669e-07
5.624999999999999792e-03,1.156249999999999986e-02,9.598851211793609650e+01,1.000000000000000036e-10,7.134797654008307051e-05,-1.029378268177651807e-06
6.875000000000000035e-03,1.156249999999999986e-02,9.509652438748337033e+01,1.000000000000000036e-10,7.137325301816870894e-05,-1.308394295405150464e-06
8.125000000000000278e-03,1.156249999999999986e-02,9.420418079248187837e+01,1.000000000000000036e-10,7.140541564084116038e-05,-1.619435643957558384e-06
9.374999999999999653e-03,1.156249999999999986e-02,9.331138899646234108e+01,1.000000000000000036e-10,7.144561493316529239e-05,-1.970076885171465196e-06
1.062500000000000076e-02,1.156249999999999986e-02,9.241804041915274581e+01,1.000000000000000036e-10,7.149533566580486320e-05,-2.368833655809793872e-06
1.187500000000000014e-02,1.156249999999999986e-02,9.152400560481721925e+01,1.000000000000000036e-10,7.155648158867391865e-05,-2.825358338957357237e-06
1.312499999999999951e-02,1.156249999999999986e-02,9.062912837943589750e+01,1.000000000000000036e-10,7.163148835960780458e-05,-3.350658059217720463e-06
1.437500000000000062e-02,1.156249999999999986e-02,8.973321839582702353e+01,1.000000000000000036e-10,7.172347379526000123e-05,-3.957337908574344321e-06
1.562500000000000000e-02,1.156249999999999986e-02,8.883604153455439700e+01,1.000000000000000036e-10,7.183643778990584359e-05,-4.659871844094140924e-06
1.687500000000000111e-02,1.156249999999999986e-02,8.793730745107937707e+01,1.000000000000000036e-10,7.197552857787399018e-05,-5.474902755740913084e-06
1.812499999999999875e-02,1.156249999999999986e-02,8.703665332010754696e+01,1.000000000000000036e-10,7.214739785053891647e-05,-6.421571498582351466e-06
1.937499999999999986e-02,1.156249999999999986e-02,8.613362250481590365e+01,1.000000000000000036e-10,7.236067511389761156e-05,-7.521871754205447588e-06
2.062500000000000097e-02,1.156249999999999986e-02,8.522763644226010626e+01,1.000000000000000036e-10,7.262660232210918672e-05,-8.801022690925035399e-06
2.187500000000000208e-02,1.156249999999999986e-02,8.431795744676317383e+01,1.000000000000000036e-10,7.295988426460267974e-05,-1.028784332225541031e-05
2.312499999999999972e-02,1.156249999999999986e-02,8.340363933564503895e+01,1.000000000000000036e-10,7.337982984910749800e-05,-1.201509918766191482e-05
2.437500000000000083e-02,1.156249999999999986e-02,8.248346170053548576e+01,1.000000000000000036e-10,7.391188629190650135e-05,-1.401976993380003204e-05
2.562500000000000194e-02,1.156249999999999986e-02,8.155584217834737615e+01,1.000000000000000036e-10,7.458970481588207669e-05,-1.634314898874549371e-05
2.687499999999999958e-02,1.156249999999999986e-02,8.061871908013843324e+01,1.000000000000000036e-10,7.545792488221534874e-05,-1.903062117136754982e-05
2.812500000000000069e-02,1.156249999999999986e-02,7.966939405629199200e+01,1.000000000000000036e-10,7.657592162612500354e-05,-2.213084629443983070e-05
2.937500000000000180e-02,1.156249999999999986e-02,7.870432103948530767e+01,1.000000000000000036e-10,7.802280656084233145e-05,-2.569386183620508258e-05
3.062499999999999944e-02,1.156249999999999986e-02,7.771882389227093313e+01,1.000000000000000036e-10,7.990392914408287774e-05,-2.976723829926299390e-05
3.187500000000000056e-02,1.156249999999999986e-02,7.670672281088323530e+01,1.000000000000000036e-10,8.235880744418521673e-05,-3.438883089810359996e-05
3.312500000000000167e-02,1.156249999999999986e-02,7.565985370616630235e+01,1.000000000000000036e-10,8.556951199401507599e-05,-3.957404417234783133e-05
3.437500000000000278e-02,1.156249999999999986e-02,7.456748501103285776e+01,1.000000000000000036e-10,8.976707931365920641e-05,-4.529580207301136662e-05
3.562500000000000389e-02,1.156249999999999986e-02,7.341567672332482175e+01,1.000000000000000036e-10,9.523483869393372303e-05,-5.145939673200018065e-05
3.687499999999999806e-02,1.156249999999999986e-02,7.218661404368451429e+01,1.000000000000000036e-10,1.023327206564760992e-04,-5.788648933514081545e-05
3.812499999999999917e-02,1.156249999999999986e-02,7.085735870691291893e+01,1.000000000000000036e-10,1.116849072317319016e-04,-6.430285388785931394e-05
3.937500000000000028e-02,1.156249999999999986e-02,6.939449136289121611e+01,1.000000000000000036e-10,1.244772121299837254e-04,-6.967429074416371367e-05
4.062500000000000139e-02,1.156249999999999986e-02,6.774542840366332541e+01,1.000000000000000036e-10,1.355419732594242337e-04,-6.626042620215342311e-05
4.187500000000000250e-02,1.156249999999999986e-02,6.600594203140560978e+01,1.000000000000000036e-10,1.420517830593172304e-04,-6.700776047576707957e-05
4.312500000000000361e-02,1.156249999999999986e-02,6.419413382718039429e+01,1.000000000000000036e-10,7.426110917207312794e-05,-3.583562957964148371e-05
4.437499999999999778e-02,1.156249999999999986e-02,6.193579781081142954e+01,9.999999999999999799e-13,2.881738748712573911e-06,-1.739199059476307998e-07
4.562499999999999889e-02,1.156249999999999986e-02,5.920340344669131127e+01,9.999999999999999799e-13,2.094345533438573231e-06,-2.288774494854237224e-08
4.687500000000000000e-02,1.156249999999999986e-02,5.669993397721499662e+01,9.999999999999999799e-13,2.074836604156399795e-06,1.499683057969946392e-07
4.812500000000000111e-02,1.156249999999999986e-02,5.401631193630031191e+01,9.999999999999999799e-13,2.150441894741681020e-06,5.315449248580534961e-08
4.937500000000000222e-02,1.156249999999999986e-02,5.132382924036079430e+01,9.999999999999999799e-13,2.136056470647758743e-06,-7.070426819763042383e-09
5.062500000000000333e-02,1.156249999999999986e-02,4.867617075968091456e+01,9.999999999999999799e-13,2.136056470647784577e-06,7.070426820013154503e-09
5.187500000000000444e-02,1.156249999999999986e-02,4.598368806374133300e+01,9.999999999999999799e-13,2.150441894741777582e-06,-5.315449248558365859e-08
5.312499999999999861e-02,1.156249999999999986e-02,4.330006602282647066e+01,9.999999999999999799e-13,2.074836604156573437e-06,-1.499683057967672638e-07
5.437499999999999972e-02,1.156249999999999986e-02,4.079659655334990020e+01,9.999999999999999799e-13,2.094345533438815059e-06,2.288774494872995695e-08
5.562500000000000083e-02,1.156249999999999986e-02,3.806420218922943377e+01,9.999999999999999799e-13,2.881738748713079166e-06,1.739199059478058180e-07
5.687500000000000194e-02,1.156249999999999986e-02,3.580586617286000717e+01,1.000000000000000036e-10,7.426110917209169490e-05,3.583562957965190560e-05
5.812500000000000305e-02,1.156249999999999986e-02,3.399405796863433693e+01,1.000000000000000036e-10,1.420517830593547438e-04,6.700776047578811310e-05
5.937500000000000416e-02,1.156249999999999986e-02,3.225457159637613813e+01,1.000000000000000036e-10,1.355419732594637257e-04,6.626042620217986409e-05
6.062499999999999833e-02,1.156249999999999986e-02,3.060550863714774295e+01,1.000000000000000036e-10,1.244772121300232175e-04,6.967429074419129306e-05
6.187499999999999944e-02,1.156249999999999986e-02,2.914264129312555696e+01,1.000000000000000036e-10,1.116849072317725592e-04,6.430285388788887200e-05
6.312500000000000056e-02,1.156249999999999986e-02,2.781338595635342870e+01,1.000000000000000036e-10,1.023327206565175835e-04,5.788648933516638906e-05
6.437500000000000167e-02,1.156249999999999986e-02,2.658432327671261675e+01,1.000000000000000036e-10,9.523483869397505823e-05,5.145939673202660808e-05
6.562500000000000278e-02,1.156249999999999986e-02,2.543251498900405139e+01,1.000000000000000036e-10,8.976707931370125990e-05,4.529580207303410098e-05
6.687500000000000389e-02,1.156249999999999986e-02,2.434014629387008455e+01,1.000000000000000036e-10,8.556951199405841697e-05,3.957404417237028109e-05
6.812500000000000500e-02,1.156249999999999986e-02,2.329327718915259027e+01,1.000000000000000036e-10,8.235880744423366702e-05,3.438883089812235666e-05
6.937500000000000611e-02,1.156249999999999986e-02,2.228117610776424229e+01,1.000000000000000036e-10,7.990392914413544799e-05,2.976723829928004637e-05
7.062500000000000722e-02,1.156249999999999986e-02,2.129567896054920340e+01,1.000000000000000036e-10,7.802280656089747668e-05,2.569386183621986161e-05
7.187500000000000833e-02,1.156249999999999986e-02,2.033060594374180496e+01,1.000000000000000036e-10,7.657592162618468887e-05,2.213084629445375931e-05
7.312499999999999556e-02,1.156249999999999986e-02,1.938128091989458568e+01,1.000000000000000036e-10,7.545792488227945219e-05,1.903062117138034341e-05
7.437499999999999667e-02,1.156249999999999986e-02,1.844415782168481854e+01,1.000000000000000036e-10,7.458970481594973090e-05,1.634314898875572925e-05
7.562499999999999778e-02,1.156249999999999986e-02,1.751653829949584207e+01,1.000000000000000036e-10,7.391188629197911579e-05,1.401976993381054710e-05
7.687499999999999889e-02,1.156249999999999986e-02,1.659636066438534030e+01,1.000000000000000036e-10,7.337982984918531662e-05,1.201509918767044275e-05
7.812500000000000000e-02,1.156249999999999986e-02,1.568204255326620888e+01,1.000000000000000036e-10,7.295988426468517397e-05,1.028784332226663858e-05
7.937500000000000111e-02,1.156249999999999986e-02,1.477236355776821064e+01,1.000000000000000036e-10,7.262660232219819972e-05,8.801022690933847929e-06
8.062500000000000222e-02,1.156249999999999986e-02,1.386637749521125329e+01,1.000000000000000036e-10,7.236067511399303491e-05,7.521871754214684482e-06
8.187500000000000333e-02,1.156249999999999986e-02,1.296334667991838430e+01,1.000000000000000036e-10,7.214739785064301343e-05,6.421571498589598680e-06
8.312500000000000444e-02,1.156249999999999986e-02,1.206269254894517751e+01,1.000000000000000036e-10,7.197552857798433486e-05,5.474902755749439317e-06
8.437500000000000555e-02,1.156249999999999986e-02,1.116395846546877557e+01,1.000000000000000036e-10,7.183643779001803141e-05,4.659871844098545496e-06
8.562500000000000666e-02,1.156249999999999986e-02,1.026678160419472619e+01,1.000000000000000036e-10,7.172347379537752875e-05,3.957337908579602702e-06
8.687500000000000777e-02,1.156249999999999986e-02,9.370871620584336981e+00,1.000000000000000036e-10,7.163148835972996706e-05,3.350658059223263023e-06
8.812499999999999500e-02,1.156249999999999986e-02,8.475994395201476905e+00,1.000000000000000036e-10,7.155648158880398226e-05,2.825358338965599291e-06
8.937499999999999611e-02,1.156249999999999986e-02,7.581959580864237047e+00,1.000000000000000036e-10,7.149533566594263819e-05,2.368833655815478310e-06
9.062499999999999722e-02,1.156249999999999986e-02,6.688611003552910717e+00,1.000000000000000036e-10,7.144561493330800050e-05,1.970076885173312575e-06
9.187499999999999833e-02,1.156249999999999986e-02,5.795819207531536676e+00,1.000000000000000036e-10,7.140541564099107843e-05,1.619435643960968962e-06
9.312499999999999944e-02,1.156249999999999986e-02,4.903475612528133354e+00,1.000000000000000036e-10,7.137325301832285539e-05,1.308394295408205924e-06
9.437500000000000056e-02,1.156249999999999986e-02,4.011487882073464739e+00,1.000000000000000036e-10,7.134797654024247534e-05,1.029378268178788525e-06
9.562500000000000167e-02,1.156249999999999986e-02,3.119776199022071150e+00,1.000000000000000036e-10,7.132870666017696753e-05,7.755775787440553562e-07
9.687500000000000278e-02,1.156249999999999986e-02,2.228270215569040147e+00,1.000000000000000036e-10,7.131478807637645686e-05,5.407864117505666061e-07
9.812500000000000389e-02,1.156249999999999986e-02,1.336906497112659409e+00,1.000000000000000036e-10,7.130575595315620204e-05,3.192556630394882048e-07
9.937500000000000500e-02,1.156249999999999986e-02,4.456263167401346981e-01,1.000000000000000036e-10,7.130131255411175663e-05,1.055554351567166968e-07
6.250000000000000130e-04,1.218750000000000042e-02,9.955503684809221454e+01,1.000000000000000036e-10,7.119455435450617036e-05,-1.063313976351309781e-07
1.874999999999999931e-03,1.218750000000000042e-02,9.866509929304513093e+01,1.000000000000000036e-10,7.119637461831301503e-05,-3.216115319844447474e-07
3.125000000000000173e-03,1.218750000000000042e-02,9.777512748263438880e+01,1.000000000000000036e-10,7.120009678970972008e-05,-5.448076901075181314e-07
4.375000000000000416e-03,1.218750000000000042e-02,9.688509687330238762e+01,1.000000000000000036e-10,7.120588978387103391e-05,-7.814120893635844073e-07
5.624999999999999792e-03,1.218750000000000042e-02,9.599498023803761271e+01,1.000000000000000036e-10,7.121402153616598429e-05,-1.037244573731186164e-06
6.875000000000000035e-03,1.218750000000000042e-02,9.510474633489823759e+01,1.000000000000000036e-10,7.122487790615023636e-05,-1.318594413882010244e-06
8.125000000000000278e-03,1.218750000000000042e-02,9.421435829038385634e+01,1.000000000000000036e-10,7.123899040969374917e-05,-1.632373088584699674e-06
9.374999999999999653e-03,1.218750000000000042e-02,9.332377157465589335e+01,1.000000000000000036e-10,7.125707525016251832e-05,-1.986281506927980054e-06
1.062500000000000076e-02,1.218750000000000042e-02,9.243293140912979311e+01,1.000000000000000036e-10,7.128008715358077484e-05,-2.388995352074516445e-06
1.187500000000000014e-02,1.218750000000000042e-02,9.154176939581637384e+01,1.000000000000000036e-10,7.130929288181334308e-05,-2.850372468238901333e-06
1.312499999999999951e-02,1.218750000000000042e-02,9.065019908708445939e+01,1.000000000000000036e-10,7.134637113411201317e-05,-3.381686441547343799e-06
1.437500000000000062e-02,1.218750000000000042e-02,8.975811011746357337e+01,1.000000000000000036e-10,7.139354802916669665e-05,-3.995890691593330851e-06
1.562500000000000000e-02,1.218750000000000042e-02,8.886536038635529167e+01,1.000000000000000036e-10,7.145378072894855380e-05,-4.707917408284174367e-06
1.687500000000000111e-02,1.218750000000000042e-02,8.797176559923985906e+01,1.000000000000000036e-10,7.153100635366683654e-05,-5.535015397894084145e-06
1.812499999999999875e-02,1.218750000000000042e-02,8.707708522751362068e+01,1.000000000000000036e-10,7.163047960208584596e-05,-6.497130116963489385e-06
1.937499999999999986e-02,1.218750000000000042e-02,8.618100360918771230e+01,1.000000000000000036e-10,7.175923107270363015e-05,-7.617327502802026621e-06
2.062500000000000097e-02,1.218750000000000042e-02,8.528310445069602963e+01,1.000000000000000036e-10,7.192669008831216633e-05,-8.922260054230262777e-06
2.187500000000000208e-02,1.218750000000000042e-02,8.438283635697990803e+01,1.000000000000000036e-10,7.214553218516696884e-05,-1.044266797861609754e-05
2.312499999999999972e-02,1.218750000000000042e-02,8.347946614606685500e+01,1.000000000000000036e-10,7.243283433893451650e-05,-1.221389840043343458e-05
2.437500000000000083e-02,1.218750000000000042e-02,8.257201549850654487e+01,1.000000000000000036e-10,7.281165358148880703e-05,-1.427640856370089356e-05
2.562500000000000194e-02,1.218750000000000042e-02,8.165917480652963434e+01,1.000000000000000036e-10,7.331319181369563127e-05,-1.667618873693299780e-05
2.687499999999999958e-02,1.218750000000000042e-02,8.073918570316415355e+01,1.000000000000000036e-10,7.397977847109472004e-05,-1.946498478504622275e-05
2.812500000000000069e-02,1.218750000000000042e-02,7.980968034475226602e+01,1.000000000000000036e-10,7.486900043606451892e-05,-2.270009203519747954e-05
2.937500000000000180e-02,1.218750000000000042e-02,7.886746069226254008e+01,1.000000000000000036e-10,7.605942885357135942e-05,-2.644327277155184044e-05
3.062499999999999944e-02,1.218750000000000042e-02,7.790819462341298163e+01,1.000000000000000036e-10,7.765846741400080891e-05,-3.075790793574355303e-05
3.187500000000000056e-02,1.218750000000000042e-02,7.692599900691251946e+01,1.000000000000000036e-10,7.981262769469820795e-05,-3.570268055201267091e-05
3.312500000000000167e-02,1.218750000000000042e-02,7.591287893104552609e+01,1.000000000000000036e-10,8.271941135406050678e-05,-4.131893862302716869e-05
3.437500000000000278e-02,1.218750000000000042e-02,7.485801372306100632e+01,1.000000000000000036e-10,8.663696716616639754e-05,-4.760846918820561005e-05
3.562500000000000389e-02,1.218750000000000042e-02,7.374695475189136573e+01,1.000000000000000036e-10,9.188340155561773776e-05,-5.450382650167056648e-05
3.687499999999999806e-02,1.218750000000000042e-02,7.256092868417056252e+01,1.000000000000000036e-10,9.884006829092241886e-05,-6.186933391439309769e-05
3.812499999999999917e-02,1.218750000000000042e-02,7.127595304461830494e+01,1.000000000000000036e-10,1.083079420891021826e-04,-6.973003949532084386e-05
3.937500000000000028e-02,1.218750000000000042e-02,6.985323013194300756e+01,1.000000000000000036e-10,1.242037620225118803e-04,-7.859116755252783520e-05
4.062500000000000139e-02,1.218750000000000042e-02,6.817085899405550720e+01,1.000000000000000036e-10,1.367779747427169700e-04,-6.916303631860612391e-05
4.187500000000000250e-02,1.218750000000000042e-02,6.643378076337508276e+01,1.000000000000000036e-10,7.113364299929261607e-05,-3.453788938754504776e-05
4.312500000000000361e-02,1.218750000000000042e-02,6.435000712612956875e+01,9.999999999999999799e-13,2.659695428893064594e-06,-1.731899390415320054e-07
4.437499999999999778e-02,1.218750000000000042e-02,6.182705298408604477e+01,9.999999999999999799e-13,2.064365780270356023e-06,1.509904894429155443e-07
4.562499999999999889e-02,1.218750000000000042e-02,5.918909267545367925e+01,9.999999999999999799e-13,2.079332050625760569e-06,3.841533212033141640e-08
4.687500000000000000e-02,1.218750000000000042e-02,5.662872285752164458e+01,9.999999999999999799e-13,2.081957886031563462e-06,9.710677566637287826e-08
4.812500000000000111e-02,1.218750000000000042e-02,5.398419796037477170e+01,9.999999999999999799e-13,2.122431050922384129e-06,4.797679487843425251e-08
4.937500000000000222e-02,1.218750000000000042e-02,5.132264523021568436e+01,9.999999999999999799e-13,2.122737276219564631e-06,5.146870186035812860e-09
5.062500000000000333e-02,1.218750000000000042e-02,4.867735476982586107e+01,9.999999999999999799e-13,2.122737276219578607e-06,-5.146870185785702394e-09
5.187500000000000444e-02,1.218750000000000042e-02,4.601580203966673821e+01,9.999999999999999799e-13,2.122431050922478150e-06,-4.797679487821256149e-08
5.312499999999999861e-02,1.218750000000000042e-02,4.337127714251966637e+01,9.999999999999999799e-13,2.081957886031727787e-06,-9.710677566614550286e-08
5.437499999999999972e-02,1.218750000000000042e-02,4.081090732458741854e+01,9.999999999999999799e-13,2.079332050625964703e-06,-3.841533212011540976e-08
5.562500000000000083e-02,1.218750000000000042e-02,3.817294701595475459e+01,9.999999999999999799e-13,2.064365780270682977e-06,-1.509904894427620460e-07
5.687500000000000194e-02,1.218750000000000042e-02,3.564999287391071192e+01,9.999999999999999799e-13,2.659695428893643541e-06,1.731899390418200231e-07
5.812500000000000305e-02,1.218750000000000042e-02,3.356621923666472895e+01,1.000000000000000036e-10,7.113364299931389354e-05,3.453788938755605919e-05
5.937500000000000416e-02,1.218750000000000042e-02,3.182914100598378226e+01,1.000000000000000036e-10,1.367779747427583324e-04,6.916303631863284949e-05
6.062499999999999833e-02,1.218750000000000042e-02,3.014676986809577031e+01,1.000000000000000036e-10,1.242037620225518060e-04,7.859116755256023929e-05
6.187499999999999944e-02,1.218750000000000042e-02,2.872404695541998620e+01,1.000000000000000036e-10,1.083079420891418237e-04,6.973003949535097113e-05
6.312500000000000056e-02,1.218750000000000042e-02,2.743907131586722414e+01,1.000000000000000036e-10,9.884006829096304934e-05,6.186933391442322495e-05
6.437500000000000167e-02,1.218750000000000042e-02,2.625304524814590934e+01,1.000000000000000036e-10,9.188340155565838179e-05,5.450382650169700068e-05
6.562500000000000278e-02,1.218750000000000042e-02,2.514198627697576427e+01,1.000000000000000036e-10,8.663696716620789538e-05,4.760846918822862902e-05
6.687500000000000389e-02,1.218750000000000042e-02,2.408712106899071159e+01,1.000000000000000036e-10,8.271941135410315659e-05,4.131893862304990305e-05
6.812500000000000500e-02,1.218750000000000042e-02,2.307400099312318531e+01,1.000000000000000036e-10,7.981262769474539785e-05,3.570268055203427364e-05
6.937500000000000611e-02,1.218750000000000042e-02,2.209180537662207655e+01,1.000000000000000036e-10,7.765846741405267443e-05,3.075790793576514898e-05
7.062500000000000722e-02,1.218750000000000042e-02,2.113253930777186795e+01,1.000000000000000036e-10,7.605942885362521717e-05,2.644327277156946211e-05
7.187500000000000833e-02,1.218750000000000042e-02,2.019031965528144568e+01,1.000000000000000036e-10,7.486900043612377056e-05,2.270009203521311238e-05
7.312499999999999556e-02,1.218750000000000042e-02,1.926081429686877300e+01,1.000000000000000036e-10,7.397977847115809165e-05,1.946498478505815914e-05
7.437499999999999667e-02,1.218750000000000042e-02,1.834082519350249285e+01,1.000000000000000036e-10,7.331319181376228259e-05,1.667618873694237615e-05
7.562499999999999778e-02,1.218750000000000042e-02,1.742798450152471545e+01,1.000000000000000036e-10,7.281165358156058121e-05,1.427640856371112572e-05
7.687499999999999889e-02,1.218750000000000042e-02,1.652053385396347807e+01,1.000000000000000036e-10,7.243283433901260616e-05,1.221389840044196081e-05
7.812500000000000000e-02,1.218750000000000042e-02,1.561716364304940008e+01,1.000000000000000036e-10,7.214553218524946308e-05,1.044266797862789332e-05
7.937500000000000111e-02,1.218750000000000042e-02,1.471689554933224109e+01,1.000000000000000036e-10,7.192669008840004092e-05,8.922260054241347050e-06
8.062500000000000222e-02,1.218750000000000042e-02,1.381899639083939846e+01,1.000000000000000036e-10,7.175923107279990731e-05,7.617327502810551160e-06
8.187500000000000333e-02,1.218750000000000042e-02,1.292291477251224308e+01,1.000000000000000036e-10,7.163047960219030884e-05,6.497130116974146754e-06
8.312500000000000444e-02,1.218750000000000042e-02,1.202823440078464046e+01,1.000000000000000036e-10,7.153100635377517545e-05,5.535015397902468077e-06
8.437500000000000555e-02,1.218750000000000042e-02,1.113463961366786314e+01,1.000000000000000036e-10,7.145378072905968453e-05,4.707917408288294335e-06
8.562500000000000666e-02,1.218750000000000042e-02,1.024188988255814792e+01,1.000000000000000036e-10,7.139354802928442746e-05,3.995890691599299045e-06
8.687500000000000777e-02,1.218750000000000042e-02,9.349800912935751995e+00,1.000000000000000036e-10,7.134637113423634405e-05,3.381686441551465461e-06
8.812499999999999500e-02,1.218750000000000042e-02,8.458230604202238823e+00,1.000000000000000036e-10,7.130929288194407076e-05,2.850372468246717330e-06
8.937499999999999611e-02,1.218750000000000042e-02,7.567068590887149782e+00,1.000000000000000036e-10,7.128008715371623235e-05,2.388995352079631677e-06
9.062499999999999722e-02,1.218750000000000042e-02,6.676228425359332697e+00,1.000000000000000036e-10,7.125707525030454880e-05,1.986281506933024982e-06
9.187499999999999833e-02,1.218750000000000042e-02,5.785641709629535612e+00,1.000000000000000036e-10,7.123899040984370788e-05,1.632373088590383900e-06
9.312499999999999944e-02,1.218750000000000042e-02,4.895253665113239450e+00,1.000000000000000036e-10,7.122487790630389491e-05,1.318594413882933933e-06
9.437500000000000056e-02,1.218750000000000042e-02,4.005019761971937875e+00,1.000000000000000036e-10,7.121402153632453531e-05,1.037244573734170473e-06
9.562500000000000167e-02,1.218750000000000042e-02,3.114903126705125480e+00,1.000000000000000036e-10,7.120588978403679487e-05,7.814120893652542269e-07
9.687500000000000278e-02,1.218750000000000042e-02,2.224872517371017544e+00,1.000000000000000036e-10,7.120009678987778497e-05,5.448076901091524815e-07
9.812500000000000389e-02,1.218750000000000042e-02,1.334900706958180416e+00,1.000000000000000036e-10,7.119637461848574199e-05,3.216115319871448237e-07
9.937500000000000500e-02,1.218750000000000042e-02,4.449631519088733667e-01,1.000000000000000036e-10,7.119455435468213637e-05,1.063313976329949066e-07
6.250000000000000130e-04,1.281250000000000097e-02,9.955570282573140162e+01,1.000000000000000036e-10,7.108734108912584859e-05,-1.064530253381690022e-07
1.874999999999999931e-03,1.281250000000000097e-02,9.866711364704045195e+01,1.000000000000000036e-10,7.108651780674618765e-05,-3.219883949896028703e-07
3.125000000000000173e-03,1.281250000000000097e-02,9.777853988056274659e+01,1.000000000000000036e-10,7.108488779751837472e-05,-5.454769081848097696e-07
4.375000000000000416e-03,1.281250000000000097e-02,9.688999145210249253e+01,1.000000000000000036e-10,7.108248821820039979e-05,-7.824395787042703234e-07
5.624999999999999792e-03,1.281250000000000097e-02,9.600147767510773633e+01,1.000000000000000036e-10,7.107938537782386554e-05,-1.038731540340904463e-06
6.875000000000000035e-03,1.281250000000000097e-02,9.511300681765689546e+01,1.000000000000000036e-10,7.107568876074194181e-05,-1.320687323715219142e-06
8.125000000000000278e-03,1.281250000000000097e-02,9.422458545608918712e+01,1.000000000000000036e-10,7.107157209431817823e-05,-1.635278097305672057e-06
9.374999999999999653e-03,1.281250000000000097e-02,9.333621751529894084e+01,1.000000000000000036e-10,7.106730380142038358e-05,-1.990284771984533659e-06
1.062500000000000076e-02,1.281250000000000097e-02,9.244790286105367727e+01,1.000000000000000036e-10,7.106329018514940870e-05,-2.394491230585344512e-06
1.187500000000000014e-02,1.281250000000000097e-02,9.155963526067020553e+01,1.000000000000000036e-10,7.106013604393750921e-05,-2.857902383238978544e-06
1.312499999999999951e-02,1.281250000000000097e-02,9.067139945995523931e+01,1.000000000000000036e-10,7.105872924793060655e-05,-3.391992254688602156e-06
1.437500000000000062e-02,1.281250000000000097e-02,8.978316702947194017e+01,1.000000000000000036e-10,7.106035831189159188e-05,-4.009987857951954109e-06
1.562500000000000000e-02,1.281250000000000097e-02,8.889489050215794919e+01,1.000000000000000036e-10,7.106687543675546356e-05,-4.727195154241598600e-06
1.687500000000000111e-02,1.281250000000000097e-02,8.800649514355305314e+01,1.000000000000000036e-10,7.108092222353433183e-05,-5.561373857682382611e-06
1.812499999999999875e-02,1.281250000000000097e-02,8.711786744656959058e+01,1.000000000000000036e-10,7.110624179808495201e-05,-6.533168068657458690e-06
1.937499999999999986e-02,1.281250000000000097e-02,8.622883909860092899e+01,1.000000000000000036e-10,7.114811014526422402e-05,-7.666599459994356803e-06
2.062500000000000097e-02,1.281250000000000097e-02,8.533916469293798457e+01,1.000000000000000036e-10,7.121393208420214956e-05,-8.989628574296374260e-06
2.187500000000000208e-02,1.281250000000000097e-02,8.444849079649587509e+01,1.000000000000000036e-10,7.131406509150109299e-05,-1.053478701062090100e-05
2.312499999999999972e-02,1.281250000000000097e-02,8.355631306565045691e+01,1.000000000000000036e-10,7.146295955656510677e-05,-1.233987767784014787e-05
2.437500000000000083e-02,1.281250000000000097e-02,8.266191680758174698e+01,1.000000000000000036e-10,7.168074112365671212e-05,-1.444872969111088049e-05
2.562500000000000194e-02,1.281250000000000097e-02,8.176429453755903864e+01,1.000000000000000036e-10,7.199541670520941887e-05,-1.691197451639822949e-05
2.687499999999999958e-02,1.281250000000000097e-02,8.086203138995151107e+01,1.000000000000000036e-10,7.244597323308311465e-05,-1.978777059821254169e-05
2.812500000000000069e-02,1.281250000000000097e-02,7.995314520673196057e+01,1.000000000000000036e-10,7.308677763287219640e-05,-2.314231940440549499e-05
2.937500000000000180e-02,1.281250000000000097e-02,7.903486194912970575e+01,1.000000000000000036e-10,7.399389861056930486e-05,-2.704982009993840995e-05
3.062499999999999944e-02,1.281250000000000097e-02,7.810329774146772763e+01,1.000000000000000036e-10,7.527422525385246081e-05,-3.159104320920959655e-05
3.187500000000000056e-02,1.281250000000000097e-02,7.715300631778339380e+01,1.000000000000000036e-10,7.707829210054341568e-05,-3.684865884223654207e-05
3.312500000000000167e-02,1.281250000000000097e-02,7.617634043895414209e+01,1.000000000000000036e-10,7.961661767591862336e-05,-4.289551495016665687e-05
3.437500000000000278e-02,1.281250000000000097e-02,7.516259087588542798e+01,1.000000000000000036e-10,8.317463537433750752e-05,-4.976967961632567007e-05
3.562500000000000389e-02,1.281250000000000097e-02,7.409697455459570392e+01,1.000000000000000036e-10,8.810440633083996905e-05,-5.743071874652172206e-05
3.687499999999999806e-02,1.281250000000000097e-02,7.295998071761442816e+01,1.000000000000000036e-10,9.471961415965095038e-05,-6.572837895159635809e-05
3.812499999999999917e-02,1.281250000000000097e-02,7.172898420060442959e+01,1.000000000000000036e-10,1.033239904126645329e-04,-7.490711948370971647e-05
3.937500000000000028e-02,1.281250000000000097e-02,7.037688095729781423e+01,1.000000000000000036e-10,1.247607137183410651e-04,-9.208035918367385116e-05
4.062500000000000139e-02,1.281250000000000097e-02,6.860996635764590224e+01,1.000000000000000036e-10,7.224489993288153288e-05,-3.570304415482859734e-05
4.187500000000000250e-02,1.281250000000000097e-02,6.662996747480451631e+01,9.999999999999999799e-13,2.517169115921934482e-06,-3.118502711303144906e-07
4.312500000000000361e-02,1.281250000000000097e-02,6.425783455201232641e+01,9.999999999999999799e-13,1.953163110318692341e-06,1.197477325451245458e-07
4.437499999999999778e-02,1.281250000000000097e-02,6.174705969900778513e+01,9.999999999999999799e-13,2.040980108188571845e-06,1.118091432327901259e-07
4.562499999999999889e-02,1.281250000000000097e-02,5.915538428154089701e+01,9.999999999999999799e-13,2.067403676550301732e-06,5.690175897204881422e-08
4.687500000000000000e-02,1.281250000000000097e-02,5.657855050763203053e+01,9.999999999999999799e-13,2.079617335535451299e-06,7.120060161923334767e-08
4.812500000000000111e-02,1.281250000000000097e-02,5.395634094270226910e+01,9.999999999999999799e-13,2.104461942001512102e-06,4.122408324717526091e-08
4.937500000000000222e-02,1.281250000000000097e-02,5.131739565262824954e+01,9.999999999999999799e-13,2.109494638115648917e-06,9.230121111676227902e-09
5.062500000000000333e-02,1.281250000000000097e-02,4.868260434741314668e+01,9.999999999999999799e-13,2.109494638115660352e-06,-9.230121111443168110e-09
5.187500000000000444e-02,1.281250000000000097e-02,4.604365905733909869e+01,9.999999999999999799e-13,2.104461942001597653e-06,-4.122408324693651674e-08
5.312499999999999861e-02,1.281250000000000097e-02,4.342144949240915253e+01,9.999999999999999799e-13,2.079617335535621553e-06,-7.120060161900597227e-08
5.437499999999999972e-02,1.281250000000000097e-02,4.084461571850004447e+01,9.999999999999999799e-13,2.067403676550506291e-06,-5.690175897179870128e-08
5.562500000000000083e-02,1.281250000000000097e-02,3.825294030103288634e+01,9.999999999999999799e-13,2.040980108188884400e-06,-1.118091432325797970e-07
5.687500000000000194e-02,1.281250000000000097e-02,3.574216544802783346e+01,9.999999999999999799e-13,1.953163110319087482e-06,-1.197477325449085524e-07
5.812500000000000305e-02,1.281250000000000097e-02,3.337003252523516750e+01,9.999999999999999799e-13,2.517169115922563827e-06,3.118502711306591800e-07
5.937500000000000416e-02,1.281250000000000097e-02,3.139003364239322735e+01,1.000000000000000036e-10,7.224489993290499231e-05,3.570304415484170941e-05
6.062499999999999833e-02,1.281250000000000097e-02,2.962311904274073981e+01,1.000000000000000036e-10,1.247607137183822919e-04,9.208035918371421059e-05
6.187499999999999944e-02,1.281250000000000097e-02,2.827101579943366971e+01,1.000000000000000036e-10,1.033239904127040520e-04,7.490711948374237806e-05
6.312500000000000056e-02,1.281250000000000097e-02,2.704001928242313824e+01,1.000000000000000036e-10,9.471961415969060508e-05,6.572837895162990060e-05
6.437500000000000167e-02,1.281250000000000097e-02,2.590302544544140417e+01,1.000000000000000036e-10,8.810440633087778060e-05,5.743071874655128689e-05
6.562500000000000278e-02,1.281250000000000097e-02,2.483740912415119340e+01,1.000000000000000036e-10,8.317463537437773142e-05,4.976967961635181967e-05
6.687500000000000389e-02,1.281250000000000097e-02,2.382365956108196059e+01,1.000000000000000036e-10,7.961661767596125961e-05,4.289551495018911341e-05
6.812500000000000500e-02,1.281250000000000097e-02,2.284699368225216176e+01,1.000000000000000036e-10,7.707829210059129676e-05,3.684865884226041485e-05
6.937500000000000611e-02,1.281250000000000097e-02,2.189670225856717778e+01,1.000000000000000036e-10,7.527422525390305239e-05,3.159104320923006087e-05
7.062500000000000722e-02,1.281250000000000097e-02,2.096513805090458504e+01,1.000000000000000036e-10,7.399389861062145499e-05,2.704982009995716665e-05
7.187500000000000833e-02,1.281250000000000097e-02,2.004685479330164100e+01,1.000000000000000036e-10,7.308677763292903569e-05,2.314231940442169365e-05
7.312499999999999556e-02,1.281250000000000097e-02,1.913796861008135863e+01,1.000000000000000036e-10,7.244597323314407391e-05,1.978777059822533189e-05
7.437499999999999667e-02,1.281250000000000097e-02,1.823570546247303881e+01,1.000000000000000036e-10,7.199541670527620572e-05,1.691197451640817704e-05
7.562499999999999778e-02,1.281250000000000097e-02,1.733808319244945295e+01,1.000000000000000036e-10,7.168074112372890643e-05,1.444872969112196646e-05
7.687499999999999889e-02,1.281250000000000097e-02,1.644368693437981577e+01,1.000000000000000036e-10,7.146295955664369788e-05,1.233987767785037833e-05
7.812500000000000000e-02,1.281250000000000097e-02,1.555150920353336019e+01,1.000000000000000036e-10,7.131406509158487472e-05,1.053478701063241218e-05
7.937500000000000111e-02,1.281250000000000097e-02,1.466083530709019378e+01,1.000000000000000036e-10,7.121393208428953626e-05,8.989628574310014878e-06
8.062500000000000222e-02,1.281250000000000097e-02,1.377116090142612137e+01,1.000000000000000036e-10,7.114811014535943052e-05,7.666599460007147000e-06
8.187500000000000333e-02,1.281250000000000097e-02,1.288213255345620745e+01,1.000000000000000036e-10,7.110624179818898121e-05,6.533168068667690848e-06
8.312500000000000444e-02,1.281250000000000097e-02,1.199350485647139664e+01,1.000000000000000036e-10,7.108092222364141035e-05,5.561373857690624241e-06
8.437500000000000555e-02,1.281250000000000097e-02,1.110510949786517187e+01,1.000000000000000036e-10,7.106687543686644520e-05,4.727195154246856134e-06
8.562500000000000666e-02,1.281250000000000097e-02,1.021683297054973494e+01,1.000000000000000036e-10,7.106035831200911940e-05,4.009987857958918414e-06
8.687500000000000777e-02,1.281250000000000097e-02,9.328600540064943658e+00,1.000000000000000036e-10,7.105872924805366349e-05,3.391992254694286595e-06
8.812499999999999500e-02,1.281250000000000097e-02,8.440364739348392931e+00,1.000000000000000036e-10,7.106013604406806071e-05,2.857902383243100206e-06
8.937499999999999611e-02,1.281250000000000097e-02,7.552097138963241640e+00,1.000000000000000036e-10,7.106329018528578778e-05,2.394491230588541637e-06
9.062499999999999722e-02,1.281250000000000097e-02,6.663782484716247900e+00,1.000000000000000036e-10,7.106730380156337629e-05,1.990284771991710146e-06
9.187499999999999833e-02,1.281250000000000097e-02,5.775414543924156874e+00,1.000000000000000036e-10,7.107157209446603630e-05,1.635278097311356283e-06
9.312499999999999944e-02,1.281250000000000097e-02,4.886993182354596676e+00,1.000000000000000036e-10,7.107568876089476011e-05,1.320687323717990422e-06
9.437500000000000056e-02,1.281250000000000097e-02,3.998522324901787606e+00,1.000000000000000036e-10,7.107938537798363628e-05,1.038731540344705946e-06
9.562500000000000167e-02,1.281250000000000097e-02,3.110008547905005472e+00,1.000000000000000036e-10,7.108248821836445313e-05,7.824395787082137911e-07
9.687500000000000278e-02,1.281250000000000097e-02,2.221460119442675740e+00,1.000000000000000036e-10,7.108488779768740184e-05,5.454769081842413046e-07
9.812500000000000389e-02,1.281250000000000097e-02,1.332886352962820098e+00,1.000000000000000036e-10,7.108651780691812856e-05,3.219883949928536240e-07
9.937500000000000500e-02,1.281250000000000097e-02,4.442971742697222615e-01,1.000000000000000036e-10,7.108734108930169263e-05,1.064530253372275383e-07
6.250000000000000130e-04,1.343749999999999979e-02,9.955636751090894165e+01,1.000000000000000036e-10,7.098033364434229876e-05,-1.059173232943066815e-07
1.874999999999999931e-03,1.343749999999999979e-02,9.866912414798250097e+01,1.000000000000000036e-10,7.097686267688970080e-05,-3.203769721130810575e-07
3.125000000000000173e-03,1.343749999999999979e-02,9.778194594398669892e+01,1.000000000000000036e-10,7.096987119785238879e-05,-5.427775869259221270e-07
4.375000000000000416e-03,1.343749999999999979e-02,9.689487736803619100e+01,1.000000000000000036e-10,7.095926246779297910e-05,-7.786347452690732359e-07
5.624999999999999792e-03,1.343749999999999979e-02,9.600796438229187402e+01,1.000000000000000036e-10,7.094489766366050311e-05,-1.033802551517055588e-06
6.875000000000000035e-03,1.343749999999999979e-02,9.512125492644467784e+01,1.000000000000000036e-10,7.092660462766785701e-05,-1.314621485990983009e-06
8.125000000000000278e-03,1.343749999999999979e-02,9.423479926660017725e+01,1.000000000000000036e-10,7.090419168555910589e-05,-1.628079130756532160e-06
9.374999999999999653e-03,1.343749999999999979e-02,9.334865013430570002e+01,1.000000000000000036e-10,7.087746868352268908e-05,-1.981988091065431534e-06
1.062500000000000076e-02,1.343749999999999979e-02,9.246286254951210992e+01,1.000000000000000036e-10,7.084627834795355155e-05,-2.385185935577282557e-06
1.187500000000000014e-02,1.343749999999999979e-02,9.157749317560686109e+01,1.000000000000000036e-10,7.081054236976171362e-05,-2.847762618532669161e-06
1.312499999999999951e-02,1.343749999999999979e-02,9.069259899026806693e+01,1.000000000000000036e-10,7.077032839675551014e-05,-3.381321634875575043e-06
1.437500000000000062e-02,1.343749999999999979e-02,8.980823496568797282e+01,1.000000000000000036e-10,7.072594657939019970e-05,-3.999282101055995819e-06
1.562500000000000000e-02,1.343749999999999979e-02,8.892445032578331165e+01,1.000000000000000036e-10,7.067808772908334633e-05,-4.717230048407826105e-06
1.687500000000000111e-02,1.343749999999999979e-02,8.804128277246088885e+01,1.000000000000000036e-10,7.062801989645889930e-05,-5.553328440586254886e-06
1.812499999999999875e-02,1.343749999999999979e-02,8.715874982837183893e+01,1.000000000000000036e-10,7.057786680092987327e-05,-6.528796725258415295e-06
1.937499999999999986e-02,1.343749999999999979e-02,8.627683610243764178e+01,1.000000000000000036e-10,7.053100081988417872e-05,-7.668471986447682491e-06
2.062500000000000097e-02,1.343749999999999979e-02,8.539547480787473432e+01,1.000000000000000036e-10,7.049259631299888661e-05,-9.001464763862256985e-06
2.187500000000000208e-02,1.343749999999999979e-02,8.451452119461266932e+01,1.000000000000000036e-10,7.047040763339507781e-05,-1.056192298490372909e-05
2.312499999999999972e-02,1.343749999999999979e-02,8.363371461703985688e+01,1.000000000000000036e-10,7.047586299868951066e-05,-1.238991661873455765e-05
2.437500000000000083e-02,1.343749999999999979e-02,8.275262461964543093e+01,1.000000000000000036e-10,7.052560516220976537e-05,-1.453245261551728296e-05
2.562500000000000194e-02,1.343749999999999979e-02,8.187057448798461223e+01,1.000000000000000036e-10,7.064367136014481252e-05,-1.704462248172830768e-05
2.687499999999999958e-02,1.343749999999999979e-02,8.098653283564181038e+01,1.000000000000000036e-10,7.086460602709109067e-05,-1.999086823028391915e-05
2.812500000000000069e-02,1.343749999999999979e-02,8.009895933730733475e+01,1.000000000000000036e-10,7.123797568520158648e-05,-2.344630880128078924e-05
2.937500000000000180e-02,1.343749999999999979e-02,7.920558344351177027e+01,1.000000000000000036e-10,7.183506695116931881e-05,-2.749793682489211409e-05
3.062499999999999944e-02,1.343749999999999979e-02,7.830308266352810165e+01,1.000000000000000036e-10,7.275904804285174624e-05,-3.224508035173812167e-05
3.187500000000000056e-02,1.343749999999999979e-02,7.738660724244047628e+01,1.000000000000000036e-10,7.416039182421967101e-05,-3.779732701373745001e-05
3.312500000000000167e-02,1.343749999999999979e-02,7.644907286792260948e+01,1.000000000000000036e-10,7.625890096701594617e-05,-4.426526413774467344e-05
3.437500000000000278e-02,1.343749999999999979e-02,7.548013471826507725e+01,1.000000000000000036e-10,7.936936526798886156e-05,-5.173417142843504229e-05
3.562500000000000389e-02,1.343749999999999979e-02,7.446483873622288741e+01,1.000000000000000036e-10,8.390405188798238359e-05,-6.019845572265465633e-05
3.687499999999999806e-02,1.343749999999999979e-02,7.338253342106551713e+01,1.000000000000000036e-10,9.010186792232841827e-05,-6.936715390704420187e-05
3.812499999999999917e-02,1.343749999999999979e-02,7.221229203816467646e+01,1.000000000000000036e-10,9.513195197306342928e-05,-7.808557468013530207e-05
3.937500000000000028e-02,1.343749999999999979e-02,7.100423462173893085e+01,1.000000000000000036e-10,4.993151923340401459e-05,-7.702004927025540132e-05
4.062500000000000139e-02,1.343749999999999979e-02,6.897259111906650730e+01,9.999999999999999799e-13,2.545742313507446960e-06,-8.125587155735594818e-07
4.187500000000000250e-02,1.343749999999999979e-02,6.663129177623338251e+01,9.999999999999999799e-13,1.908907463447337707e-06,-2.005287687660484389e-08
4.312500000000000361e-02,1.343749999999999979e-02,6.420032246044816304e+01,9.999999999999999799e-13,1.977600088475330142e-06,7.560702857907699167e-08
4.437499999999999778e-02,1.343749999999999979e-02,6.168729155504505712e+01,9.999999999999999799e-13,2.032942793483817767e-06,8.436999575977211811e-08
4.562499999999999889e-02,1.343749999999999979e-02,5.911796547673861824e+01,9.999999999999999799e-13,2.059027779818981941e-06,5.808662909670943102e-08
4.687500000000000000e-02,1.343749999999999979e-02,5.653972210549760291e+01,9.999999999999999799e-13,2.074119048169126467e-06,5.636326782691299210e-08
4.812500000000000111e-02,1.343749999999999979e-02,5.393266785631580262e+01,9.999999999999999799e-13,2.091445810668605402e-06,3.497573255677934889e-08
4.937500000000000222e-02,1.343749999999999979e-02,5.131110757882608908e+01,9.999999999999999799e-13,2.097510174040254912e-06,9.929942059210360787e-09
5.062500000000000333e-02,1.343749999999999979e-02,4.868889242121516503e+01,9.999999999999999799e-13,2.097510174040272276e-06,-9.929942059000041844e-09
5.187500000000000444e-02,1.343749999999999979e-02,4.606733214372540886e+01,9.999999999999999799e-13,2.091445810668696882e-06,-3.497573255654060472e-08
5.312499999999999861e-02,1.343749999999999979e-02,4.346027789454342383e+01,9.999999999999999799e-13,2.074119048169297145e-06,-5.636326782669130107e-08
5.437499999999999972e-02,1.343749999999999979e-02,4.088203452330216692e+01,9.999999999999999799e-13,2.059027779819178029e-06,-5.808662909648206223e-08
5.562500000000000083e-02,1.343749999999999979e-02,3.831270844499547934e+01,9.999999999999999799e-13,2.032942793484127781e-06,-8.436999575952768293e-08
5.687500000000000194e-02,1.343749999999999979e-02,3.579967753959184762e+01,9.999999999999999799e-13,1.977600088475742647e-06,-7.560702857883256973e-08
5.812500000000000305e-02,1.343749999999999979e-02,3.336870822380612367e+01,9.999999999999999799e-13,1.908907463447772659e-06,2.005287687687769107e-08
5.937500000000000416e-02,1.343749999999999979e-02,3.102740888097241623e+01,9.999999999999999799e-13,2.545742313508194890e-06,8.125587155740506550e-07
6.062499999999999833e-02,1.343749999999999979e-02,2.899576537829934253e+01,1.000000000000000036e-10,4.993151923342015565e-05,7.702004927028723621e-05
6.187499999999999944e-02,1.343749999999999979e-02,2.778770796187320613e+01,1.000000000000000036e-10,9.513195197309966874e-05,7.808557468017167705e-05
6.312500000000000056e-02,1.343749999999999979e-02,2.661746657897185031e+01,1.000000000000000036e-10,9.010186792236750375e-05,6.936715390707716162e-05
6.437500000000000167e-02,1.343749999999999979e-02,2.553516126381401818e+01,1.000000000000000036e-10,8.390405188801934133e-05,6.019845572268563741e-05
6.562500000000000278e-02,1.343749999999999979e-02,2.451986528177136648e+01,1.000000000000000036e-10,7.936936526802680864e-05,5.173417142846459358e-05
6.687500000000000389e-02,1.343749999999999979e-02,2.355092713211334754e+01,1.000000000000000036e-10,7.625890096705744401e-05,4.426526413777167007e-05
6.812500000000000500e-02,1.343749999999999979e-02,2.261339275759493006e+01,1.000000000000000036e-10,7.416039182426585803e-05,3.779732701376161417e-05
6.937500000000000611e-02,1.343749999999999979e-02,2.169691733650670074e+01,1.000000000000000036e-10,7.275904804290106388e-05,3.224508035175602456e-05
7.062500000000000722e-02,1.343749999999999979e-02,2.079441655652240328e+01,1.000000000000000036e-10,7.183506695122103525e-05,2.749793682490945455e-05
7.187500000000000833e-02,1.343749999999999979e-02,1.990104066272617445e+01,1.000000000000000036e-10,7.123797568525785657e-05,2.344630880129585287e-05
7.312499999999999556e-02,1.343749999999999979e-02,1.901346716439095630e+01,1.000000000000000036e-10,7.086460602715133165e-05,1.999086823029756315e-05
7.437499999999999667e-02,1.343749999999999979e-02,1.812942551204739061e+01,1.000000000000000036e-10,7.064367136021059649e-05,1.704462248174137910e-05
7.562499999999999778e-02,1.343749999999999979e-02,1.724737538038569085e+01,1.000000000000000036e-10,7.052560516228168863e-05,1.453245261552865353e-05
7.687499999999999889e-02,1.343749999999999979e-02,1.636628538299034830e+01,1.000000000000000036e-10,7.047586299876781716e-05,1.238991661874535732e-05
7.812500000000000000e-02,1.343749999999999979e-02,1.548547880541649491e+01,1.000000000000000036e-10,7.047040763347927966e-05,1.056192298491310743e-05
7.937500000000000111e-02,1.343749999999999979e-02,1.460452519215336586e+01,1.000000000000000036e-10,7.049259631308741171e-05,9.001464763874335675e-06
8.062500000000000222e-02,1.343749999999999979e-02,1.372316389758930910e+01,1.000000000000000036e-10,7.053100081997873470e-05,7.668471986462461522e-06
8.187500000000000333e-02,1.343749999999999979e-02,1.284125017165389693e+01,1.000000000000000036e-10,7.057786680103204577e-05,6.528796725270779435e-06
8.312500000000000444e-02,1.343749999999999979e-02,1.195871722756350763e+01,1.000000000000000036e-10,7.062801989656477164e-05,5.553328440595349478e-06
8.437500000000000555e-02,1.343749999999999979e-02,1.107554967423977743e+01,1.000000000000000036e-10,7.067808772919382653e-05,4.717230048415216468e-06
8.562500000000000666e-02,1.343749999999999979e-02,1.019176503433366143e+01,1.000000000000000036e-10,7.072594657950814735e-05,3.999282101062958430e-06
8.687500000000000777e-02,1.343749999999999979e-02,9.307401009752073406e+00,1.000000000000000036e-10,7.077032839687844511e-05,3.381321634883817521e-06
8.812499999999999500e-02,1.343749999999999979e-02,8.422506824411700066e+00,1.000000000000000036e-10,7.081054236989120802e-05,2.847762618540485581e-06
8.937499999999999611e-02,1.343749999999999979e-02,7.537137450504793001e+00,1.000000000000000036e-10,7.084627834809054049e-05,2.385185935582753543e-06
9.062499999999999722e-02,1.343749999999999979e-02,6.651349865709436315e+00,1.000000000000000036e-10,7.087746868366596640e-05,1.981988091071329000e-06
9.187499999999999833e-02,1.343749999999999979e-02,5.765200733413143652e+00,1.000000000000000036e-10,7.090419168570685554e-05,1.628079130760511098e-06
9.312499999999999944e-02,1.343749999999999979e-02,4.878745073566764567e+00,1.000000000000000036e-10,7.092660462782056688e-05,1.314621485997875316e-06
9.437500000000000056e-02,1.343749999999999979e-02,3.992035617717629048e+00,1.000000000000000036e-10,7.094489766381966399e-05,1.033802551520714558e-06
9.562500000000000167e-02,1.343749999999999979e-02,3.105122631971272806e+00,1.000000000000000036e-10,7.095926246795657166e-05,7.786347452731943689e-07
9.687500000000000278e-02,1.343749999999999979e-02,2.218054056018714526e+00,1.000000000000000036e-10,7.096987119802010131e-05,5.427775869260642168e-07
9.812500000000000389e-02,1.343749999999999979e-02,1.330875852020769745e+00,1.000000000000000036e-10,7.097686267706225158e-05,3.203769721147686118e-07
9.937500000000000500e-02,1.343749999999999979e-02,4.436324890921580222e-01,1.000000000000000036e-10,7.098033364451709925e-05,1.059173232961718481e-07
6.250000000000000130e-04,1.406250000000000035e-02,9.955702679227258045e+01,1.000000000000000036e-10,7.087419394142215252e-05,-1.047253706985884366e-07
1.874999999999999931e-03,1.406250000000000035e-02,9.867111835919186547e+01,1.000000000000000036e-10,7.086808767493038520e-05,-3.167803077371899366e-07
3.125000000000000173e-03,1.406250000000000035e-02,9.778532460039932062e+01,1.000000000000000036e-10,7.085575891094036873e-05,-5.367141297847409688e-07
4.375000000000000416e-03,1.406250000000000035e-02,9.689972438641835595e+01,1.000000000000000036e-10,7.083697573590483126e-05,-7.700022498636369554e-07
5.624999999999999792e-03,1.406250000000000035e-02,9.601440020700169953e+01,1.000000000000000036e-10,7.081139200746291843e-05,-1.022460780636720154e-06
6.875000000000000035e-03,1.406250000000000035e-02,9.512943958623178276e+01,1.000000000000000036e-10,7.077855047112220892e-05,-1.300395970703220587e-06
8.125000000000000278e-03,1.406250000000000035e-02,9.424493644522364377e+01,1.000000000000000036e-10,7.073788879178094708e-05,-1.610767335318996298e-06
9.374999999999999653e-03,1.406250000000000035e-02,9.336099236643725874e+01,1.000000000000000036e-10,7.068875039901000436e-05,-1.961369189098149429e-06
1.062500000000000076e-02,1.406250000000000035e-02,9.247771768524839331e+01,1.000000000000000036e-10,7.063040292141578862e-05,-2.361035930955494276e-06
1.187500000000000014e-02,1.406250000000000035e-02,9.159523229340186390e+01,1.000000000000000036e-10,7.056206819428835746e-05,-2.819877270480901069e-06
1.312499999999999951e-02,1.406250000000000035e-02,9.071366598039118401e+01,1.000000000000000036e-10,7.048296950666893686e-05,-3.349550652603738201e-06
1.437500000000000062e-02,1.406250000000000035e-02,8.983315805573514012e+01,1.000000000000000036e-10,7.039240410512546042e-05,-3.963579473866048010e-06
1.562500000000000000e-02,1.406250000000000035e-02,8.895385587776304703e+01,1.000000000000000036e-10,7.028985226699034292e-05,-4.677727331365985419e-06
1.687500000000000111e-02,1.406250000000000035e-02,8.807591174906038134e+01,1.000000000000000036e-10,7.017513888510904570e-05,-5.510440550369821075e-06
1.812499999999999875e-02,1.406250000000000035e-02,8.719947740563532079e+01,1.000000000000000036e-10,7.004867002515424625e-05,-6.483373637731801339e-06
1.937499999999999986e-02,1.406250000000000035e-02,8.632469499843152505e+01,1.000000000000000036e-10,6.991177612596230148e-05,-7.622015133852072564e-06
2.062500000000000097e-02,1.406250000000000035e-02,8.545168300248626281e+01,1.000000000000000036e-10,6.976720658497411441e-05,-8.956434592521417851e-06
2.187500000000000208e-02,1.406250000000000035e-02,8.458051483380717173e+01,1.000000000000000036e-10,6.961983916406493588e-05,-1.052217510598665832e-05
2.312499999999999972e-02,1.406250000000000035e-02,8.371118702338463891e+01,1.000000000000000036e-10,6.947769474125833661e-05,-1.236131996888957193e-05
2.437500000000000083e-02,1.406250000000000035e-02,8.284357246527571306e+01,1.000000000000000036e-10,6.935338819215983879e-05,-1.452376707256575761e-05
2.562500000000000194e-02,1.406250000000000035e-02,8.197735231858064253e+01,1.000000000000000036e-10,6.926620889782610416e-05,-1.706875147647224258e-05
2.687499999999999958e-02,1.406250000000000035e-02,8.111191724283006010e+01,1.000000000000000036e-10,6.924513007330686709e-05,-2.006666715674441104e-05
2.812500000000000069e-02,1.406250000000000035e-02,8.024622406674797048e+01,1.000000000000000036e-10,6.933324333556809384e-05,-2.360125133499991091e-05
2.937500000000000180e-02,1.406250000000000035e-02,7.937858615944085727e+01,1.000000000000000036e-10,6.959451283534063865e-05,-2.777217467404056279e-05
3.062499999999999944e-02,1.406250000000000035e-02,7.850636124586445419e+01,1.000000000000000036e-10,7.012453015942980640e-05,-3.269784171047603299e-05
3.187500000000000056e-02,1.406250000000000035e-02,7.762547290545511203e+01,1.000000000000000036e-10,7.106820020754013980e-05,-3.851707256973781396e-05
3.312500000000000167e-02,1.406250000000000035e-02,7.672965624067595058e+01,1.000000000000000036e-10,7.264819546856982383e-05,-4.538477078365416522e-05
3.437500000000000278e-02,1.406250000000000035e-02,7.580926801874086607e+01,1.000000000000000036e-10,7.520803958188250590e-05,-5.344981898966351776e-05
3.562500000000000389e-02,1.406250000000000035e-02,7.484945525112888731e+01,1.000000000000000036e-10,7.928791509153538587e-05,-6.279008922624710503e-05
3.687499999999999806e-02,1.406250000000000035e-02,7.382707014145248081e+01,1.000000000000000036e-10,8.577605468091062412e-05,-7.311849821531267424e-05
3.812499999999999917e-02,1.406250000000000035e-02,7.270505388410612113e+01,1.000000000000000036e-10,9.949754273105893313e-05,-8.371001642230337363e-05
3.937500000000000028e-02,1.406250000000000035e-02,7.133963157317600690e+01,1.000000000000000036e-10,5.625602977909667388e-05,-2.717463468227477501e-05
4.062500000000000139e-02,1.406250000000000035e-02,6.927022067903720881e+01,9.999999999999999799e-13,2.685212185146892222e-06,-1.796760466344153510e-07
4.187500000000000250e-02,1.406250000000000035e-02,6.665503357090027237e+01,9.999999999999999799e-13,2.042757965099491682e-06,-1.329101076198640193e-08
4.312500000000000361e-02,1.406250000000000035e-02,6.416332576628848017e+01,9.999999999999999799e-13,2.005374546636881204e-06,5.319055918174626272e-08
4.437499999999999778e-02,1.406250000000000035e-02,6.164159720430806999e+01,9.999999999999999799e-13,2.032219908447387986e-06,6.569243174769213436e-08
4.562499999999999889e-02,1.406250000000000035e-02,5.908277599517001022e+01,9.999999999999999799e-13,2.053400312583872487e-06,5.313149787306770004e-08
4.687500000000000000e-02,1.406250000000000035e-02,5.650809642284838930e+01,9.999999999999999799e-13,2.068061887265486457e-06,4.644197753466414607e-08
4.812500000000000111e-02,1.406250000000000035e-02,5.391262127700629492e+01,9.999999999999999799e-13,2.081245279117661458e-06,2.964194567323375149e-08
4.937500000000000222e-02,1.406250000000000035e-02,5.130498322505423658e+01,9.999999999999999799e-13,2.087041800807759097e-06,9.333286411913376362e-09
5.062500000000000333e-02,1.406250000000000035e-02,4.869501677498689673e+01,9.999999999999999799e-13,2.087041800807784932e-06,-9.333286411720110575e-09
5.187500000000000444e-02,1.406250000000000035e-02,4.608737872303477445e+01,9.999999999999999799e-13,2.081245279117752091e-06,-2.964194567299500731e-08
5.312499999999999861e-02,1.406250000000000035e-02,4.349190357719251665e+01,9.999999999999999799e-13,2.068061887265650781e-06,-4.644197753444814605e-08
5.437499999999999972e-02,1.406250000000000035e-02,4.091722400487064704e+01,9.999999999999999799e-13,2.053400312584088480e-06,-5.313149787286875317e-08
5.562500000000000083e-02,1.406250000000000035e-02,3.835840279573229594e+01,9.999999999999999799e-13,2.032219908447709011e-06,-6.569243174739085533e-08
5.687500000000000194e-02,1.406250000000000035e-02,3.583667423375137417e+01,9.999999999999999799e-13,2.005374546637290321e-06,-5.319055918152457832e-08
5.812500000000000305e-02,1.406250000000000035e-02,3.334496642913907039e+01,9.999999999999999799e-13,2.042757965099946538e-06,1.329101076224219596e-08
5.937500000000000416e-02,1.406250000000000035e-02,3.072977932100150866e+01,9.999999999999999799e-13,2.685212185147586789e-06,1.796760466346882014e-07
6.062499999999999833e-02,1.406250000000000035e-02,2.866036842686214925e+01,1.000000000000000036e-10,5.625602977911757865e-05,2.717463468228447862e-05
6.187499999999999944e-02,1.406250000000000035e-02,2.729494611593152342e+01,1.000000000000000036e-10,9.949754273109900795e-05,8.371001642234572528e-05
6.312500000000000056e-02,1.406250000000000035e-02,2.617292985858467347e+01,1.000000000000000036e-10,8.577605468094758186e-05,7.311849821534791081e-05
6.437500000000000167e-02,1.406250000000000035e-02,2.515054474890783354e+01,1.000000000000000036e-10,7.928791509157148980e-05,6.279008922627751690e-05
6.562500000000000278e-02,1.406250000000000035e-02,2.419073198129538582e+01,1.000000000000000036e-10,7.520803958192075114e-05,5.344981898969563725e-05
6.687500000000000389e-02,1.406250000000000035e-02,2.327034375935981458e+01,1.000000000000000036e-10,7.264819546860976313e-05,4.538477078368173784e-05
6.812500000000000500e-02,1.406250000000000035e-02,2.237452709458014155e+01,1.000000000000000036e-10,7.106820020758348078e-05,3.851707256976225595e-05
6.937500000000000611e-02,1.406250000000000035e-02,2.149363875417022740e+01,1.000000000000000036e-10,7.012453015947696920e-05,3.269784171049422048e-05
7.062500000000000722e-02,1.406250000000000035e-02,2.062141384059321680e+01,1.000000000000000036e-10,6.959451283539136576e-05,2.777217467405477600e-05
7.187500000000000833e-02,1.406250000000000035e-02,1.975377593328544279e+01,1.000000000000000036e-10,6.933324333562309000e-05,2.360125133501611295e-05
7.312499999999999556e-02,1.406250000000000035e-02,1.888808275720263907e+01,1.000000000000000036e-10,6.924513007336682347e-05,2.006666715676032849e-05
7.437499999999999667e-02,1.406250000000000035e-02,1.802264768145127150e+01,1.000000000000000036e-10,6.926620889789175260e-05,1.706875147648787203e-05
7.562499999999999778e-02,1.406250000000000035e-02,1.715642753475534477e+01,1.000000000000000036e-10,6.935338819223089469e-05,1.452376707257740940e-05
7.687499999999999889e-02,1.406250000000000035e-02,1.628881297664549876e+01,1.000000000000000036e-10,6.947769474133593838e-05,1.236131996890179292e-05
7.812500000000000000e-02,1.406250000000000035e-02,1.541948516622194632e+01,1.000000000000000036e-10,6.961983916414935458e-05,1.052217510599604006e-05
7.937500000000000111e-02,1.406250000000000035e-02,1.454831699754176455e+01,1.000000000000000036e-10,6.976720658506421161e-05,8.956434592531365406e-06
8.062500000000000222e-02,1.406250000000000035e-02,1.367530500159534057e+01,1.000000000000000036e-10,6.991177612605765706e-05,7.622015133862873081e-06
8.187500000000000333e-02,1.406250000000000035e-02,1.280052259439032269e+01,1.000000000000000036e-10,7.004867002525541587e-05,6.483373637743595425e-06
8.312500000000000444e-02,1.406250000000000035e-02,1.192408825096395475e+01,1.000000000000000036e-10,7.017513888521361700e-05,5.510440550376642232e-06
8.437500000000000555e-02,1.406250000000000035e-02,1.104614412225998166e+01,1.000000000000000036e-10,7.028985226710025391e-05,4.677727331376643634e-06
8.562500000000000666e-02,1.406250000000000035e-02,1.016684194428644794e+01,1.000000000000000036e-10,7.039240410524342162e-05,3.963579473873862736e-06
8.687500000000000777e-02,1.406250000000000035e-02,9.286334019628895931e+00,1.000000000000000036e-10,7.048296950679242749e-05,3.349550652614254538e-06
8.812499999999999500e-02,1.406250000000000035e-02,8.404767706616636858e+00,1.000000000000000036e-10,7.056206819441754015e-05,2.819877270491701586e-06
8.937499999999999611e-02,1.406250000000000035e-02,7.522282314768457212e+00,1.000000000000000036e-10,7.063040292155120547e-05,2.361035930965655283e-06
9.062499999999999722e-02,1.406250000000000035e-02,6.639007633577856282e+00,1.000000000000000036e-10,7.068875039915225168e-05,1.961369189100849770e-06
9.187499999999999833e-02,1.406250000000000035e-02,5.755063554789650482e+00,1.000000000000000036e-10,7.073788879192930660e-05,1.610767335322548966e-06
9.312499999999999944e-02,1.406250000000000035e-02,4.870560413779623232e+00,1.000000000000000036e-10,7.077855047127486459e-05,1.300395970706275835e-06
9.437500000000000056e-02,1.406250000000000035e-02,3.985599793007778668e+00,1.000000000000000036e-10,7.081139200762129327e-05,1.022460780639384497e-06
9.562500000000000167e-02,1.406250000000000035e-02,3.100275613589090540e+00,1.000000000000000036e-10,7.083697573606713633e-05,7.700022498631397471e-07
9.687500000000000278e-02,1.406250000000000035e-02,2.214675399606099937e+00,1.000000000000000036e-10,7.085575891110818968e-05,5.367141297838883242e-07
9.812500000000000389e-02,1.406250000000000035e-02,1.328881640811385489e+00,1.000000000000000036e-10,7.086808767510317992e-05,3.167803077384156462e-07
9.937500000000000500e-02,1.406250000000000035e-02,4.429732077285201131e-01,1.000000000000000036e-10,7.087419394159622118e-05,1.047253706985706621e-07
6.250000000000000130e-04,1.468750000000000090e-02,9.955767657804267401e+01,1.000000000000000036e-10,7.076958080512438568e-05,-1.028823691910929320e-07
1.874999999999999931e-03,1.468750000000000090e-02,9.867308390182921585e+01,1.000000000000000036e-10,7.076086829734661444e-05,-3.112139221116194392e-07
3.125000000000000173e-03,1.468750000000000090e-02,9.778865487060900819e+01,1.000000000000000036e-10,7.074326022678915633e-05,-5.273120981337340768e-07
4.375000000000000416e-03,1.468750000000000090e-02,9.690450239615948647e+01,1.000000000000000036e-10,7.071638914236698977e-05,-7.565771517806750139e-07
5.624999999999999792e-03,1.468750000000000090e-02,9.602074514204983302e+01,1.000000000000000036e-10,7.067970080324072072e-05,-1.004749844931893430e-06
6.875000000000000035e-03,1.468750000000000090e-02,9.513750987607846810e+01,1.000000000000000036e-10,7.063245135032671248e-05,-1.278061411775297284e-06
8.125000000000000278e-03,1.468750000000000090e-02,9.425493385829166471e+01,1.000000000000000036e-10,7.057370507636162474e-05,-1.583397917590900473e-06
9.374999999999999653e-03,1.468750000000000090e-02,9.337316724916942690e+01,1.000000000000000036e-10,7.050233438570443893e-05,-1.928484065102792897e-06
1.062500000000000076e-02,1.468750000000000090e-02,9.249237549864905361e+01,1.000000000000000036e-10,7.041702430726217658e-05,-2.322092276921238652e-06
1.187500000000000014e-02,1.468750000000000090e-02,9.161274164148787236e+01,1.000000000000000036e-10,7.031628500893757515e-05,-2.774283911783185758e-06
1.312499999999999951e-02,1.468750000000000090e-02,9.073446837342561366e+01,1.000000000000000036e-10,7.019847729506295065e-05,-3.296690810550443979e-06
1.437500000000000062e-02,1.468750000000000090e-02,8.985777970911129842e+01,1.000000000000000036e-10,7.006185824000906847e-05,-3.902847087615554466e-06
1.562500000000000000e-02,1.468750000000000090e-02,8.898292191742538648e+01,1.000000000000000036e-10,6.990465719083145853e-05,-4.608583273954990691e-06
1.687500000000000111e-02,1.468750000000000090e-02,8.811016327934051162e+01,1.000000000000000036e-10,6.972519674327599557e-05,-5.432497693059302546e-06
1.812499999999999875e-02,1.468750000000000090e-02,8.723979199884348645e+01,1.000000000000000036e-10,6.952207950918874583e-05,-6.396523448019023526e-06
1.937499999999999986e-02,1.468750000000000090e-02,8.637211129161079270e+01,1.000000000000000036e-10,6.929447034248936623e-05,-7.526613790618056555e-06
2.062500000000000097e-02,1.468750000000000090e-02,8.550743024028125205e+01,1.000000000000000036e-10,6.904251632693160262e-05,-8.853574157479896244e-06
2.187500000000000208e-02,1.468750000000000090e-02,8.464604838343750259e+01,1.000000000000000036e-10,6.876796494521101601e-05,-1.041407613970704625e-05
2.312499999999999972e-02,1.468750000000000090e-02,8.378823111665097656e+01,1.000000000000000036e-10,6.847506701539998134e-05,-1.225189775885155111e-05
2.437500000000000083e-02,1.468750000000000090e-02,8.293417170805250294e+01,1.000000000000000036e-10,6.817188940841843682e-05,-1.441944720455466860e-05
2.562500000000000194e-02,1.468750000000000090e-02,8.208393388144051528e+01,1.000000000000000036e-10,6.787222131805547903e-05,-1.697964765212873258e-05
2.687499999999999958e-02,1.468750000000000090e-02,8.123736617510111557e+01,1.000000000000000036e-10,6.759835609782724973e-05,-2.000829895870765216e-05
2.812500000000000069e-02,1.468750000000000090e-02,8.039397497899483369e+01,1.000000000000000036e-10,6.738522192655351569e-05,-2.359710907852558806e-05
2.937500000000000180e-02,1.468750000000000090e-02,7.955273562693727740e+01,1.000000000000000036e-10,6.728677176343124421e-05,-2.785772659883377459e-05
3.062499999999999944e-02,1.468750000000000090e-02,7.871180568490905216e+01,1.000000000000000036e-10,6.738659909500312065e-05,-3.292721211350453414e-05
3.187500000000000056e-02,1.468750000000000090e-02,7.786807064956219904e+01,1.000000000000000036e-10,6.781692728763060829e-05,-3.897470128707482165e-05
3.312500000000000167e-02,1.468750000000000090e-02,7.701638250271828667e+01,1.000000000000000036e-10,6.879252775705309427e-05,-4.620493993154240229e-05
3.437500000000000278e-02,1.468750000000000090e-02,7.614825745563587134e+01,1.000000000000000036e-10,7.066670604669240182e-05,-5.484666104325013709e-05
3.562500000000000389e-02,1.468750000000000090e-02,7.524971485155097639e+01,1.000000000000000036e-10,7.406971227515781213e-05,-6.513468804171223116e-05
3.687499999999999806e-02,1.468750000000000090e-02,7.429651464875692568e+01,1.000000000000000036e-10,7.964190432430029074e-05,-7.680406521909843767e-05
3.812499999999999917e-02,1.468750000000000090e-02,7.325866724344346892e+01,1.000000000000000036e-10,4.286248518256111003e-05,-6.849548387271964342e-05
3.937500000000000028e-02,1.468750000000000090e-02,7.155607366878962239e+01,9.999999999999999799e-13,2.292143966594887408e-06,-4.832401478920601949e-07
4.062500000000000139e-02,1.468750000000000090e-02,6.919718617735952648e+01,9.999999999999999799e-13,1.963267251641503166e-06,7.877657343556165681e-08
4.187500000000000250e-02,1.468750000000000090e-02,6.664790553968586551e+01,9.999999999999999799e-13,2.025340766355419024e-06,1.844672183481179715e-08
4.312500000000000361e-02,1.468750000000000090e-02,6.413383426147098021e+01,9.999999999999999799e-13,2.017091809730169468e-06,4.426901412890629345e-08
4.437499999999999778e-02,1.468750000000000090e-02,6.160517601536044197e+01,9.999999999999999799e-13,2.032913262829478704e-06,5.328056934566802865e-08
4.562499999999999889e-02,1.468750000000000090e-02,5.905155110439728361e+01,9.999999999999999799e-13,2.049402552712467537e-06,4.670851326541196904e-08
4.687500000000000000e-02,1.468750000000000090e-02,5.648166963357927273e+01,9.999999999999999799e-13,2.062374272069209152e-06,3.904831512319902095e-08
4.812500000000000111e-02,1.468750000000000090e-02,5.389561542422426044e+01,9.999999999999999799e-13,2.072891465107230079e-06,2.518531563963506535e-08
4.937500000000000222e-02,1.468750000000000090e-02,5.129944097081119736e+01,9.999999999999999799e-13,2.078022557997778375e-06,8.326109155228777856e-09
5.062500000000000333e-02,1.468750000000000090e-02,4.870055902922981517e+01,9.999999999999999799e-13,2.078022557997818186e-06,-8.326109155012772873e-09
5.187500000000000444e-02,1.468750000000000090e-02,4.610438457581665261e+01,9.999999999999999799e-13,2.072891465107332570e-06,-2.518531563939063678e-08
5.312499999999999861e-02,1.468750000000000090e-02,4.351833036646148400e+01,9.999999999999999799e-13,2.062374272069359924e-06,-3.904831512297164554e-08
5.437499999999999972e-02,1.468750000000000090e-02,4.094844889564325285e+01,9.999999999999999799e-13,2.049402552712706400e-06,-4.670851326522439094e-08
5.562500000000000083e-02,1.468750000000000090e-02,3.839482398467971791e+01,9.999999999999999799e-13,2.032913262829799729e-06,-5.328056934536675623e-08
5.687500000000000194e-02,1.468750000000000090e-02,3.586616573856875334e+01,9.999999999999999799e-13,2.017091809730558680e-06,-4.426901412869597120e-08
5.812500000000000305e-02,1.468750000000000090e-02,3.335209446035332093e+01,9.999999999999999799e-13,2.025340766355878963e-06,-1.844672183457305628e-08
5.937500000000000416e-02,1.468750000000000090e-02,3.080281382267905599e+01,9.999999999999999799e-13,1.963267251641996139e-06,-7.877657343535134118e-08
6.062499999999999833e-02,1.468750000000000090e-02,2.844392633124833125e+01,9.999999999999999799e-13,2.292143966595614163e-06,4.832401478925373921e-07
6.187499999999999944e-02,1.468750000000000090e-02,2.674133275659388431e+01,1.000000000000000036e-10,4.286248518257864022e-05,6.849548387275601841e-05
6.312500000000000056e-02,1.468750000000000090e-02,2.570348535128000123e+01,1.000000000000000036e-10,7.964190432433338601e-05,7.680406521913566646e-05
6.437500000000000167e-02,1.468750000000000090e-02,2.475028514848554906e+01,1.000000000000000036e-10,7.406971227519319777e-05,6.513468804174719668e-05
6.562500000000000278e-02,1.468750000000000090e-02,2.385174254440017094e+01,1.000000000000000036e-10,7.066670604672891233e-05,5.484666104328510261e-05
6.687500000000000389e-02,1.468750000000000090e-02,2.298361749731732573e+01,1.000000000000000036e-10,6.879252775709074320e-05,4.620493993156826729e-05
6.812500000000000500e-02,1.468750000000000090e-02,2.213192935047290177e+01,1.000000000000000036e-10,6.781692728767210613e-05,3.897470128710039527e-05
6.937500000000000611e-02,1.468750000000000090e-02,2.128819431512552285e+01,1.000000000000000036e-10,6.738659909504731544e-05,3.292721211352385327e-05
7.062500000000000722e-02,1.468750000000000090e-02,2.044726437309671851e+01,1.000000000000000036e-10,6.728677176348198488e-05,2.785772659885082367e-05
7.187500000000000833e-02,1.468750000000000090e-02,1.960602502103847300e+01,1.000000000000000036e-10,6.738522192661063959e-05,2.359710907854008249e-05
7.312499999999999556e-02,1.468750000000000090e-02,1.876263382493145215e+01,1.000000000000000036e-10,6.759835609788721967e-05,2.000829895872640885e-05
7.437499999999999667e-02,1.468750000000000090e-02,1.791606611859129217e+01,1.000000000000000036e-10,6.787222131811914880e-05,1.697964765214350822e-05
7.562499999999999778e-02,1.468750000000000090e-02,1.706582829197847317e+01,1.000000000000000036e-10,6.817188940848863891e-05,1.441944720456802631e-05
7.687499999999999889e-02,1.468750000000000090e-02,1.621176888337907585e+01,1.000000000000000036e-10,6.847506701547713588e-05,1.225189775886491051e-05
7.812500000000000000e-02,1.468750000000000090e-02,1.535395161659154439e+01,1.000000000000000036e-10,6.876796494529406590e-05,1.041407613971940955e-05
7.937500000000000111e-02,1.468750000000000090e-02,1.449256975974672379e+01,1.000000000000000036e-10,6.904251632702083246e-05,8.853574157489416894e-06
8.062500000000000222e-02,1.468750000000000090e-02,1.362788870841602318e+01,1.000000000000000036e-10,6.929447034258485734e-05,7.526613790626440488e-06
8.187500000000000333e-02,1.468750000000000090e-02,1.276020800118210197e+01,1.000000000000000036e-10,6.952207950928893966e-05,6.396523448027266004e-06
8.312500000000000444e-02,1.468750000000000090e-02,1.188983672068379960e+01,1.000000000000000036e-10,6.972519674338129871e-05,5.432497693066550607e-06
8.437500000000000555e-02,1.468750000000000090e-02,1.101707808259756938e+01,1.000000000000000036e-10,6.990465719094245372e-05,4.608583273964086130e-06
8.562500000000000666e-02,1.468750000000000090e-02,1.014222029091023813e+01,1.000000000000000036e-10,7.006185824012694835e-05,3.902847087622943981e-06
8.687500000000000777e-02,1.468750000000000090e-02,9.265531626594395220e+00,1.000000000000000036e-10,7.019847729518736285e-05,3.296690810560533835e-06
8.812499999999999500e-02,1.468750000000000090e-02,8.387258358530553792e+00,1.000000000000000036e-10,7.031628500906689336e-05,2.774283911793417492e-06
8.937499999999999611e-02,1.468750000000000090e-02,7.507624501367722303e+00,1.000000000000000036e-10,7.041702430739509976e-05,2.322092276933531218e-06
9.062499999999999722e-02,1.468750000000000090e-02,6.626832750845675690e+00,1.000000000000000036e-10,7.050233438584440943e-05,1.928484065108263883e-06
9.187499999999999833e-02,1.468750000000000090e-02,5.745066141721611785e+00,1.000000000000000036e-10,7.057370507650956412e-05,1.583397917594097810e-06
9.312499999999999944e-02,1.468750000000000090e-02,4.862490123932936115e+00,1.000000000000000036e-10,7.063245135047898867e-05,1.278061411777499993e-06
9.437500000000000056e-02,1.468750000000000090e-02,3.979254857959636738e+00,1.000000000000000036e-10,7.067970080339807911e-05,1.004749844935623763e-06
9.562500000000000167e-02,1.468750000000000090e-02,3.095497603847983559e+00,1.000000000000000036e-10,7.071638914252882050e-05,7.565771517790408756e-07
9.687500000000000278e-02,1.468750000000000090e-02,2.211345129396415921e+00,1.000000000000000036e-10,7.074326022695774977e-05,5.273120981333789582e-07
9.812500000000000389e-02,1.468750000000000090e-02,1.326916098174039549e+00,1.000000000000000036e-10,7.076086829751958534e-05,3.112139221106068642e-07
9.937500000000000500e-02,1.468750000000000090e-02,4.423234219584258886e-01,1.000000000000000036e-10,7.076958080529861697e-05,1.028823691903024385e-07
6.250000000000000130e-04,1.531249999999999972e-02,9.955831282188746911e+01,1.000000000000000036e-10,7.066714579577079399e-05,-1.003976640470227385e-07
1.874999999999999931e-03,1.531249999999999972e-02,9.867500853321826071e+01,1.000000000000000036e-10,7.065587281045905966e-05,-3.037058807058201089e-07
3.125000000000000173e-03,1.531249999999999972e-02,9.779191600162599229e+01,1.000000000000000036e-10,7.063307729610583544e-05,-5.146183470753838917e-07
4.375000000000000416e-03,1.531249999999999972e-02,9.690918160081561439e+01,1.000000000000000036e-10,7.059825686250574312e-05,-7.384251438156750851e-07
5.624999999999999792e-03,1.531249999999999972e-02,9.602695958006334820e+01,1.000000000000000036e-10,7.055064987746559671e-05,-9.807541908048732022e-07
6.875000000000000035e-03,1.531249999999999972e-02,9.514541535387897397e+01,1.000000000000000036e-10,7.048922643479270519e-05,-1.247720618100629179e-06
8.125000000000000278e-03,1.531249999999999972e-02,9.426472891919353003e+01,1.000000000000000036e-10,7.041267746511719716e-05,-1.546091089437595514e-06
9.374999999999999653e-03,1.531249999999999972e-02,9.338509841725104366e+01,1.000000000000000036e-10,7.031940321934483770e-05,-1.883468425030513906e-06
1.062500000000000076e-02,1.531249999999999972e-02,9.250674383870990880e+01,1.000000000000000036e-10,7.020750299807559176e-05,-2.268502767135486675e-06
1.187500000000000014e-02,1.531249999999999972e-02,9.162991084229915373e+01,1.000000000000000036e-10,7.007476892747375649e-05,-2.711136737109427271e-06
1.312499999999999951e-02,1.531249999999999972e-02,9.075487461552306456e+01,1.000000000000000036e-10,6.991868791875275463e-05,-3.222893623922117696e-06
1.437500000000000062e-02,1.531249999999999972e-02,8.988194364433033456e+01,1.000000000000000036e-10,6.973645787342318833e-05,-3.817219724041932825e-06
1.562500000000000000e-02,1.531249999999999972e-02,8.901146316868748443e+01,1.000000000000000036e-10,6.952502696426846041e-05,-4.509894658351639490e-06
1.687500000000000111e-02,1.531249999999999972e-02,8.814381797022362264e+01,1.000000000000000036e-10,6.928116879807702717e-05,-5.319527001782942691e-06
1.812499999999999875e-02,1.531249999999999972e-02,8.727943394873555860e+01,1.000000000000000036e-10,6.900161197637486163e-05,-6.268157111394428868e-06
1.937499999999999986e-02,1.531249999999999972e-02,8.641877767081425077e+01,1.000000000000000036e-10,6.868325077123187063e-05,-7.381994941316632747e-06
2.062500000000000097e-02,1.531249999999999972e-02,8.556235267945476153e+01,1.000000000000000036e-10,6.832347541042962718e-05,-8.692328318594490287e-06
2.187500000000000208e-02,1.531249999999999972e-02,8.471069078555350984e+01,1.000000000000000036e-10,6.792067736337911862e-05,-1.023664726419951680e-05
2.312499999999999972e-02,1.531249999999999972e-02,8.386433574537028335e+01,1.000000000000000036e-10,6.747500920883452798e-05,-1.206004359217672272e-05
2.437500000000000083e-02,1.531249999999999972e-02,8.302381555533264645e+01,1.000000000000000036e-10,6.698951324552125653e-05,-1.421696458607697970e-05
2.562500000000000194e-02,1.531249999999999972e-02,8.218959791423225170e+01,1.000000000000000036e-10,6.647178302074960646e-05,-1.677343111303570910e-05
2.687499999999999958e-02,1.531249999999999972e-02,8.136202097981390580e+01,1.000000000000000036e-10,6.593639936010843258e-05,-1.980989105737194055e-05
2.812500000000000069e-02,1.531249999999999972e-02,8.054118793022954037e+01,1.000000000000000036e-10,6.540852951550504618e-05,-2.342501497192642573e-05
2.937500000000000180e-02,1.531249999999999972e-02,7.972680774192627950e+01,1.000000000000000036e-10,6.492946131785116222e-05,-2.774106152503576884e-05
3.062499999999999944e-02,1.531249999999999972e-02,7.891795139728326092e+01,1.000000000000000036e-10,6.456604281530927271e-05,-3.291208160180530897e-05
3.187500000000000056e-02,1.531249999999999972e-02,7.811265667154354730e+01,1.000000000000000036e-10,6.442933629852119217e-05,-3.913664263668805831e-05
3.312500000000000167e-02,1.531249999999999972e-02,7.730721798982023074e+01,1.000000000000000036e-10,6.471221559048215255e-05,-4.667223846261662654e-05
3.437500000000000278e-02,1.531249999999999972e-02,7.649485128178149296e+01,1.000000000000000036e-10,6.574316552679760164e-05,-5.583192662514419740e-05
3.562500000000000389e-02,1.531249999999999972e-02,7.566363885165029046e+01,1.000000000000000036e-10,6.830921300361124913e-05,-6.713394931244351025e-05
3.687499999999999806e-02,1.531249999999999972e-02,7.478712095669121140e+01,1.000000000000000036e-10,8.409565676540693832e-05,-8.548412185382174805e-05
3.812499999999999917e-02,1.531249999999999972e-02,7.356124743251511688e+01,1.000000000000000036e-10,5.048422555159529757e-05,-2.462000206022026502e-05
3.937500000000000028e-02,1.531249999999999972e-02,7.173152564451882540e+01,9.999999999999999799e-13,2.473194857461945693e-06,-6.803600534616405457e-08
4.062500000000000139e-02,1.531249999999999972e-02,6.917174996224275674e+01,9.999999999999999799e-13,2.039820190364827372e-06,4.469812191488245336e-08
4.187500000000000250e-02,1.531249999999999972e-02,6.663197516860675762e+01,9.999999999999999799e-13,2.025504185446164189e-06,2.864641845790174779e-08
4.312500000000000361e-02,1.531249999999999972e-02,6.410798949862734730e+01,9.999999999999999799e-13,2.022791470392309353e-06,3.955015334543077526e-08
4.437499999999999778e-02,1.531249999999999972e-02,6.157499649262598496e+01,9.999999999999999799e-13,2.033439658015640840e-06,4.476460976779890648e-08
4.562499999999999889e-02,1.531249999999999972e-02,5.902439035358824526e+01,9.999999999999999799e-13,2.046284185472637943e-06,4.055756417327529821e-08
4.687500000000000000e-02,1.531249999999999972e-02,5.645928602894439052e+01,9.999999999999999799e-13,2.057300288452597621e-06,3.320535304705458132e-08
4.812500000000000111e-02,1.531249999999999972e-02,5.388113963245675109e+01,9.999999999999999799e-13,2.065884176133676385e-06,2.147773735623559547e-08
4.937500000000000222e-02,1.531249999999999972e-02,5.129457558861020061e+01,9.999999999999999799e-13,2.070286088410435574e-06,7.267184854998731870e-09
5.062500000000000333e-02,1.531249999999999972e-02,4.870542441143066270e+01,9.999999999999999799e-13,2.070286088410475384e-06,-7.267184854759989347e-09
5.187500000000000444e-02,1.531249999999999972e-02,4.611886036758401275e+01,9.999999999999999799e-13,2.065884176133772524e-06,-2.147773735601958884e-08
5.312499999999999861e-02,1.531249999999999972e-02,4.354071397109623121e+01,9.999999999999999799e-13,2.057300288452733993e-06,-3.320535304685563446e-08
5.437499999999999972e-02,1.531249999999999972e-02,4.097560964645217751e+01,9.999999999999999799e-13,2.046284185472890783e-06,-4.055756417308771350e-08
5.562500000000000083e-02,1.531249999999999972e-02,3.842500350741400439e+01,9.999999999999999799e-13,2.033439658015973300e-06,-4.476460976757153107e-08
5.687500000000000194e-02,1.531249999999999972e-02,3.589201050141224414e+01,9.999999999999999799e-13,2.022791470392687130e-06,-3.955015334521476862e-08
5.812500000000000305e-02,1.531249999999999972e-02,3.336802483143228670e+01,9.999999999999999799e-13,2.025504185446618622e-06,-2.864641845767437238e-08
5.937500000000000416e-02,1.531249999999999972e-02,3.082825003779569784e+01,9.999999999999999799e-13,2.039820190365341521e-06,-4.469812191466644672e-08
6.062499999999999833e-02,1.531249999999999972e-02,2.826847435551893284e+01,9.999999999999999799e-13,2.473194857462674565e-06,6.803600534640850299e-08
6.187499999999999944e-02,1.531249999999999972e-02,2.643875256752207292e+01,1.000000000000000036e-10,5.048422555161577544e-05,2.462000206023365830e-05
6.312500000000000056e-02,1.531249999999999972e-02,2.521287904334547747e+01,1.000000000000000036e-10,8.409565676544316422e-05,8.548412185386779953e-05
6.437500000000000167e-02,1.531249999999999972e-02,2.433636114838599340e+01,1.000000000000000036e-10,6.830921300364620110e-05,6.713394931248472348e-05
6.562500000000000278e-02,1.531249999999999972e-02,2.350514871825432195e+01,1.000000000000000036e-10,6.574316552683127967e-05,5.583192662518569524e-05
6.687500000000000389e-02,1.531249999999999972e-02,2.269278201021521113e+01,1.000000000000000036e-10,6.471221559051740268e-05,4.667223846264447699e-05
6.812500000000000500e-02,1.531249999999999972e-02,2.188734332849138653e+01,1.000000000000000036e-10,6.442933629856128054e-05,3.913664263671420113e-05
6.937500000000000611e-02,1.531249999999999972e-02,2.108204860275117909e+01,1.000000000000000036e-10,6.456604281535219356e-05,3.291208160182860576e-05
7.062500000000000722e-02,1.531249999999999972e-02,2.027319225810758141e+01,1.000000000000000036e-10,6.492946131789949053e-05,2.774106152505680236e-05
7.187500000000000833e-02,1.531249999999999972e-02,1.945881206980369171e+01,1.000000000000000036e-10,6.540852951556088259e-05,2.342501497194063895e-05
7.312499999999999556e-02,1.531249999999999972e-02,1.863797902021855890e+01,1.000000000000000036e-10,6.593639936016855159e-05,1.980989105738444276e-05
7.437499999999999667e-02,1.531249999999999972e-02,1.781040208579947759e+01,1.000000000000000036e-10,6.647178302081257150e-05,1.677343111304792670e-05
7.562499999999999778e-02,1.531249999999999972e-02,1.697618444469824439e+01,1.000000000000000036e-10,6.698951324559159414e-05,1.421696458608976989e-05
7.687499999999999889e-02,1.531249999999999972e-02,1.613566425465968734e+01,1.000000000000000036e-10,6.747500920891161475e-05,1.206004359218951292e-05
7.812500000000000000e-02,1.531249999999999972e-02,1.528930921447545366e+01,1.000000000000000036e-10,6.792067736346161285e-05,1.023664726421287451e-05
7.937500000000000111e-02,1.531249999999999972e-02,1.443764732057314681e+01,1.000000000000000036e-10,6.832347541051771861e-05,8.692328318606284374e-06
8.062500000000000222e-02,1.531249999999999972e-02,1.358122232921251005e+01,1.000000000000000036e-10,6.868325077132657569e-05,7.381994941324590621e-06
8.187500000000000333e-02,1.531249999999999972e-02,1.272056605128998186e+01,1.000000000000000036e-10,6.900161197647547559e-05,6.268157111403239705e-06
8.312500000000000444e-02,1.531249999999999972e-02,1.185618202980062286e+01,1.000000000000000036e-10,6.928116879818203215e-05,5.319527001790617657e-06
8.437500000000000555e-02,1.531249999999999972e-02,1.098853683133543058e+01,1.000000000000000036e-10,6.952502696437845272e-05,4.509894658360592628e-06
8.562500000000000666e-02,1.531249999999999972e-02,1.011805635569116113e+01,1.000000000000000036e-10,6.973645787354163742e-05,3.817219724052448739e-06
8.687500000000000777e-02,1.531249999999999972e-02,9.245125384496889254e+00,1.000000000000000036e-10,6.991868791887765472e-05,3.222893623933060091e-06
8.812499999999999500e-02,1.531249999999999972e-02,8.370089157719219131e+00,1.000000000000000036e-10,7.007476892760403694e-05,2.711136737118664166e-06
8.937499999999999611e-02,1.531249999999999972e-02,7.493256161306788066e+00,1.000000000000000036e-10,7.020750299820863692e-05,2.268502767142592434e-06
9.062499999999999722e-02,1.531249999999999972e-02,6.614901582764002974e+00,1.000000000000000036e-10,7.031940321948254493e-05,1.883468425038045723e-06
9.187499999999999833e-02,1.531249999999999972e-02,5.735271080819724254e+00,1.000000000000000036e-10,7.041267746526393037e-05,1.546091089441361422e-06
9.312499999999999944e-02,1.531249999999999972e-02,4.854584646132404480e+00,1.000000000000000036e-10,7.048922643494561836e-05,1.247720618105105748e-06
9.437500000000000056e-02,1.531249999999999972e-02,3.973040419946083368e+00,1.000000000000000036e-10,7.055064987762206064e-05,9.807541908104864895e-07
9.562500000000000167e-02,1.531249999999999972e-02,3.090818399191852528e+00,1.000000000000000036e-10,7.059825686266601530e-05,7.384251438171672395e-07
9.687500000000000278e-02,1.531249999999999972e-02,2.208083998379432700e+00,1.000000000000000036e-10,7.063307729627396809e-05,5.146183470770891808e-07
9.812500000000000389e-02,1.531249999999999972e-02,1.324991466785002903e+00,1.000000000000000036e-10,7.065587281063163754e-05,3.037058807072233778e-07
9.937500000000000500e-02,1.531249999999999972e-02,4.416871781136413322e-01,1.000000000000000036e-10,7.066714579594575712e-05,1.003976640471293323e-07
6.250000000000000130e-04,1.593750000000000028e-02,9.955893154884326179e+01,1.000000000000000036e-10,7.056752903274797852e-05,-9.728473676091196670e-08
1.874999999999999931e-03,1.593750000000000028e-02,9.867688022533803860e+01,1.000000000000000036e-10,7.055375795583242963e-05,-2.942967768740344910e-07
3.125000000000000173e-03,1.593750000000000028e-02,9.779508759994745049e+01,1.000000000000000036e-10,7.052590059523423157e-05,-4.987010134232148844e-07
4.375000000000000416e-03,1.593750000000000028e-02,9.691373271045718241e+01,1.000000000000000036e-10,7.048332122050224671e-05,-7.156425732875957808e-07
5.624999999999999792e-03,1.593750000000000028e-02,9.603300456943489394e+01,1.000000000000000036e-10,7.042505306609824563e-05,-9.505991916046239553e-07
6.875000000000000035e-03,1.593750000000000028e-02,9.515310638380472597e+01,1.000000000000000036e-10,7.034978290101035153e-05,-1.209528813419637738e-06
8.125000000000000278e-03,1.593750000000000028e-02,9.427425999690963465e+01,1.000000000000000036e-10,7.025583117289668767e-05,-1.499032545218596722e-06
9.374999999999999653e-03,1.593750000000000028e-02,9.339671060448230833e+01,1.000000000000000036e-10,7.014112854685548382e-05,-1.826538533335905866e-06
1.062500000000000076e-02,1.593750000000000028e-02,9.252073178323824720e+01,1.000000000000000036e-10,7.000319015122271672e-05,-2.200513350380787769e-06
1.187500000000000014e-02,1.593750000000000028e-02,9.164663085070174020e+01,1.000000000000000036e-10,6.983908958054426959e-05,-2.630708833224843445e-06
1.312499999999999951e-02,1.593750000000000028e-02,9.077475454372464014e+01,1.000000000000000036e-10,6.964543580159670210e-05,-3.128454133967579019e-06
1.437500000000000062e-02,1.593750000000000028e-02,8.990549495566182259e+01,1.000000000000000036e-10,6.941835772279431689e-05,-3.707005151923111738e-06
1.562500000000000000e-02,1.593750000000000028e-02,8.903929560065478199e+01,1.000000000000000036e-10,6.915350355196094555e-05,-4.381966690466469316e-06
1.687500000000000111e-02,1.593750000000000028e-02,8.817665736686279843e+01,1.000000000000000036e-10,6.884606551675458987e-05,-5.171806868961538363e-06
1.812499999999999875e-02,1.593750000000000028e-02,8.731814396273591683e+01,1.000000000000000036e-10,6.849084553942188852e-05,-6.098488844694428010e-06
1.937499999999999986e-02,1.593750000000000028e-02,8.646438622837725063e+01,1.000000000000000036e-10,6.808238473888933722e-05,-7.188252205173738753e-06
2.062500000000000097e-02,1.593750000000000028e-02,8.561608434426368319e+01,1.000000000000000036e-10,6.761519016549014831e-05,-8.472586087631269966e-06
2.187500000000000208e-02,1.593750000000000028e-02,8.477400647423999658e+01,1.000000000000000036e-10,6.708410730841987777e-05,-9.989449043100646726e-06
2.312499999999999972e-02,1.593750000000000028e-02,8.393898166155318563e+01,1.000000000000000036e-10,6.648490835446123804e-05,-1.178480825902169909e-05
2.437500000000000083e-02,1.593750000000000028e-02,8.311188376537846523e+01,1.000000000000000036e-10,6.581519564798894533e-05,-1.391459558433552480e-05
2.562500000000000194e-02,1.593750000000000028e-02,8.229360177035346169e+01,1.000000000000000036e-10,6.507575808240800115e-05,-1.644721621959547127e-05
2.687499999999999958e-02,1.593750000000000028e-02,8.148498981331826485e+01,1.000000000000000036e-10,6.427256416838188972e-05,-1.946681716347938614e-05
2.812500000000000069e-02,1.593750000000000028e-02,8.068678766614391407e+01,1.000000000000000036e-10,6.341963669272159985e-05,-2.307769020568457041e-05
2.937500000000000180e-02,1.593750000000000028e-02,7.989949889600022459e+01,1.000000000000000036e-10,6.254323844849180090e-05,-2.741065307033181182e-05
3.062499999999999944e-02,1.593750000000000028e-02,7.912320670493161856e+01,1.000000000000000036e-10,6.168880853917697252e-05,-3.263356585058431550e-05
3.187500000000000056e-02,1.593750000000000028e-02,7.835727868252079986e+01,1.000000000000000036e-10,6.093684885722494950e-05,-3.897082528854297766e-05
3.312500000000000167e-02,1.593750000000000028e-02,7.759978548350099459e+01,1.000000000000000036e-10,6.044488576282502473e-05,-4.673351390953824395e-05
3.437500000000000278e-02,1.593750000000000028e-02,7.684615653845017391e+01,1.000000000000000036e-10,6.043585062177895997e-05,-5.628160857586065691e-05
3.562500000000000389e-02,1.593750000000000028e-02,7.608888921795652038e+01,1.000000000000000036e-10,5.924361466081903680e-05,-6.737117311965903237e-05
3.687499999999999806e-02,1.593750000000000028e-02,7.536506617192969770e+01,1.000000000000000036e-10,3.017489569217686701e-05,-7.860576044317439670e-05
3.812499999999999917e-02,1.593750000000000028e-02,7.382232418491093995e+01,9.999999999999999799e-13,2.094456054879411690e-06,-6.524280453125925082e-07
3.937500000000000028e-02,1.593750000000000028e-02,7.164111867547232748e+01,9.999999999999999799e-13,1.872404263978006651e-06,8.093122226084688961e-08
4.062500000000000139e-02,1.593750000000000028e-02,6.914131352496592342e+01,9.999999999999999799e-13,2.011608463543535783e-06,4.281612807371857325e-08
4.187500000000000250e-02,1.593750000000000028e-02,6.661209751661348832e+01,9.999999999999999799e-13,2.022766782070692867e-06,3.210725549486141966e-08
4.312500000000000361e-02,1.593750000000000028e-02,6.408439656978919174e+01,9.999999999999999799e-13,2.025150905385117717e-06,3.625361217825684991e-08
4.437499999999999778e-02,1.593750000000000028e-02,6.154922025315069334e+01,9.999999999999999799e-13,2.033416968243400866e-06,3.860402569416692353e-08
4.562499999999999889e-02,1.593750000000000028e-02,5.900085414918068949e+01,9.999999999999999799e-13,2.043622924352095447e-06,3.519290646410126918e-08
4.687500000000000000e-02,1.593750000000000028e-02,5.644016294227045449e+01,9.999999999999999799e-13,2.052834358660689483e-06,2.845624211207677698e-08
4.812500000000000111e-02,1.593750000000000028e-02,5.386876825252896595e+01,9.999999999999999799e-13,2.059922381011202163e-06,1.839089327547753899e-08
4.937500000000000222e-02,1.593750000000000028e-02,5.129035698974244895e+01,9.999999999999999799e-13,2.063650096892280240e-06,6.289214856883518229e-09
5.062500000000000333e-02,1.593750000000000028e-02,4.870964301029826515e+01,9.999999999999999799e-13,2.063650096892309039e-06,-6.289214856633407763e-09
5.187500000000000444e-02,1.593750000000000028e-02,4.613123174751167710e+01,9.999999999999999799e-13,2.059922381011284325e-06,-1.839089327525584797e-08
5.312499999999999861e-02,1.593750000000000028e-02,4.355983705777005355e+01,9.999999999999999799e-13,2.052834358660825855e-06,-2.845624211186077696e-08
5.437499999999999972e-02,1.593750000000000028e-02,4.099914585085961249e+01,9.999999999999999799e-13,2.043622924352348710e-06,-3.519290646386252500e-08
5.562500000000000083e-02,1.593750000000000028e-02,3.845077974688918232e+01,9.999999999999999799e-13,2.033416968243736291e-06,-3.860402569396797005e-08
5.687500000000000194e-02,1.593750000000000028e-02,3.591560343025027180e+01,9.999999999999999799e-13,2.025150905385507352e-06,-3.625361217803515227e-08
5.812500000000000305e-02,1.593750000000000028e-02,3.338790248342541389e+01,9.999999999999999799e-13,2.022766782071152806e-06,-3.210725549463972864e-08
5.937500000000000416e-02,1.593750000000000028e-02,3.085868647507238904e+01,9.999999999999999799e-13,2.011608463544037650e-06,-4.281612807350825100e-08
6.062499999999999833e-02,1.593750000000000028e-02,2.835888132456532063e+01,9.999999999999999799e-13,1.872404263978536894e-06,-8.093122226065929828e-08
6.187499999999999944e-02,1.593750000000000028e-02,2.617767581512604735e+01,9.999999999999999799e-13,2.094456054880179949e-06,6.524280453131151275e-07
6.312500000000000056e-02,1.593750000000000028e-02,2.463493382810665366e+01,1.000000000000000036e-10,3.017489569219101585e-05,7.860576044322043464e-05
6.437500000000000167e-02,1.593750000000000028e-02,2.391111078207948992e+01,1.000000000000000036e-10,5.924361466085215240e-05,6.737117311970107231e-05
6.562500000000000278e-02,1.593750000000000028e-02,2.315384346158534967e+01,1.000000000000000036e-10,6.043585062180880263e-05,5.628160857589533782e-05
6.687500000000000389e-02,1.593750000000000028e-02,2.240021451653426965e+01,1.000000000000000036e-10,6.044488576285500969e-05,4.673351390956667715e-05
6.812500000000000500e-02,1.593750000000000028e-02,2.164272131751397410e+01,1.000000000000000036e-10,6.093684885726417051e-05,3.897082528856656583e-05
6.937500000000000611e-02,1.593750000000000028e-02,2.087679329510266513e+01,1.000000000000000036e-10,6.168880853921861944e-05,3.263356585060591146e-05
7.062500000000000722e-02,1.593750000000000028e-02,2.010050110403350843e+01,1.000000000000000036e-10,6.254323844853800147e-05,2.741065307034915228e-05
7.187500000000000833e-02,1.593750000000000028e-02,1.931321233388921499e+01,1.000000000000000036e-10,6.341963669277446826e-05,2.307769020570162288e-05
7.312499999999999556e-02,1.593750000000000028e-02,1.851501018671414656e+01,1.000000000000000036e-10,6.427256416844087032e-05,1.946681716348848328e-05
7.437499999999999667e-02,1.593750000000000028e-02,1.770639822967819299e+01,1.000000000000000036e-10,6.507575808247180644e-05,1.644721621960826147e-05
7.562499999999999778e-02,1.593750000000000028e-02,1.688811623465235101e+01,1.000000000000000036e-10,6.581519564805943202e-05,1.391459558434661077e-05
7.687499999999999889e-02,1.593750000000000028e-02,1.606101833847670690e+01,1.000000000000000036e-10,6.648490835453869073e-05,1.178480825903363717e-05
7.812500000000000000e-02,1.593750000000000028e-02,1.522599352578888343e+01,1.000000000000000036e-10,6.708410730850245332e-05,9.989449043113152321e-06
7.937500000000000111e-02,1.593750000000000028e-02,1.438391565576414521e+01,1.000000000000000036e-10,6.761519016557668120e-05,8.472586087641359822e-06
8.062500000000000222e-02,1.593750000000000028e-02,1.353561377164946578e+01,1.000000000000000036e-10,6.808238473898333754e-05,7.188252205183259404e-06
8.187500000000000333e-02,1.593750000000000028e-02,1.268185603728956146e+01,1.000000000000000036e-10,6.849084553952194683e-05,6.098488844703096545e-06
8.312500000000000444e-02,1.593750000000000028e-02,1.182334263316141687e+01,1.000000000000000036e-10,6.884606551685996077e-05,5.171806868968644122e-06
8.437500000000000555e-02,1.593750000000000028e-02,1.096070439936806196e+01,1.000000000000000036e-10,6.915350355207335021e-05,4.381966690475847664e-06
8.562500000000000666e-02,1.593750000000000028e-02,1.009450504435958251e+01,1.000000000000000036e-10,6.941835772291318611e-05,3.707005151935049397e-06
8.687500000000000777e-02,1.593750000000000028e-02,9.225245456295231961e+00,1.000000000000000036e-10,6.964543580172046378e-05,3.128454133979232075e-06
8.812499999999999500e-02,1.593750000000000028e-02,8.353369149316570486e+00,1.000000000000000036e-10,6.983908958067166334e-05,2.630708833235075603e-06
8.937499999999999611e-02,1.593750000000000028e-02,7.479268216778439893e+00,1.000000000000000036e-10,7.000319015135479965e-05,2.200513350384269498e-06
9.062499999999999722e-02,1.593750000000000028e-02,6.603289395532700112e+00,1.000000000000000036e-10,7.014112854699378736e-05,1.826538533341163823e-06
9.187499999999999833e-02,1.593750000000000028e-02,5.725740003103594766e+00,1.000000000000000036e-10,7.025583117304309562e-05,1.499032545223428409e-06
9.312499999999999944e-02,1.593750000000000028e-02,4.846893616206622291e+00,1.000000000000000036e-10,7.034978290116354930e-05,1.209528813422337656e-06
9.437500000000000056e-02,1.593750000000000028e-02,3.966995430574505654e+00,1.000000000000000036e-10,7.042505306625412680e-05,9.505991916101661978e-07
9.562500000000000167e-02,1.593750000000000028e-02,3.086267289550268966e+00,1.000000000000000036e-10,7.048332122066211232e-05,7.156425732918591093e-07
9.687500000000000278e-02,1.593750000000000028e-02,2.204912400057952304e+00,1.000000000000000036e-10,7.052590059540277080e-05,4.987010134281887677e-07
9.812500000000000389e-02,1.593750000000000028e-02,1.323119774665199255e+00,1.000000000000000036e-10,7.055375795600460093e-05,2.942967768764148124e-07
9.937500000000000500e-02,1.593750000000000028e-02,4.410684511578367717e-01,1.000000000000000036e-10,7.056752903292142377e-05,9.728473676250180784e-08
6.250000000000000130e-04,1.656250000000000083e-02,9.955952888109698051e+01,1.000000000000000036e-10,7.047135503895332522e-05,-9.356116783010292597e-08
1.874999999999999931e-03,1.656250000000000083e-02,9.867868724292918614e+01,1.000000000000000036e-10,7.045516467212790523e-05,-2.830396239357923991e-07
3.125000000000000173e-03,1.656250000000000083e-02,9.779814976429378248e+01,1.000000000000000036e-10,7.042240439789904918e-05,-4.796493489482144218e-07
4.375000000000000416e-03,1.656250000000000083e-02,9.691812713298170934e+01,1.000000000000000036e-10,7.037230777341503996e-05,-6.883562381472073544e-07
5.624999999999999792e-03,1.656250000000000083e-02,9.603884206995840600e+01,1.000000000000000036e-10,7.030370675739958759e-05,-9.144509415284571968e-07
6.875000000000000035e-03,1.656250000000000083e-02,9.516053446404671945e+01,1.000000000000000036e-10,7.021500975798572442e-05,-1.163693481237259793e-06
8.125000000000000278e-03,1.656250000000000083e-02,9.428346682600876250e+01,1.000000000000000036e-10,7.010417260515906606e-05,-1.442473436919726528e-06
9.374999999999999653e-03,1.656250000000000083e-02,9.340793014891774249e+01,1.000000000000000036e-10,6.996866281676373275e-05,-1.757991434409404688e-06
1.062500000000000076e-02,1.656250000000000083e-02,9.253425025558966865e+01,1.000000000000000036e-10,6.980541784813110921e-05,-2.118468767167768869e-06
1.187500000000000014e-02,1.656250000000000083e-02,9.166279470271446428e+01,1.000000000000000036e-10,6.961079853568034837e-05,-2.533393474866442712e-06
1.312499999999999951e-02,1.656250000000000083e-02,9.079398029219765931e+01,1.000000000000000036e-10,6.938053975940361201e-05,-3.013813214713536026e-06
1.437500000000000062e-02,1.656250000000000083e-02,8.992828120872937347e+01,1.000000000000000036e-10,6.910970159517375441e-05,-3.572687949662167076e-06
1.562500000000000000e-02,1.656250000000000083e-02,8.906623775231831530e+01,1.000000000000000036e-10,6.879262610574925175e-05,-4.225319062596780370e-06
1.687500000000000111e-02,1.656250000000000083e-02,8.820846555608564188e+01,1.000000000000000036e-10,6.842290772096304105e-05,-4.989876286826982856e-06
1.812499999999999875e-02,1.656250000000000083e-02,8.735566505929423897e+01,1.000000000000000036e-10,6.799338930826875254e-05,-5.888050231808391295e-06
1.937499999999999986e-02,1.656250000000000083e-02,8.650863082337892251e+01,1.000000000000000036e-10,6.749620214976344626e-05,-6.945866838535720436e-06
2.062500000000000097e-02,1.656250000000000083e-02,8.566826000555015241e+01,1.000000000000000036e-10,6.692287699146616303e-05,-8.194711588413381486e-06
2.187500000000000208e-02,1.656250000000000083e-02,8.483555889859226795e+01,1.000000000000000036e-10,6.626456627768389813e-05,-9.672626756887436005e-06
2.312499999999999972e-02,1.656250000000000083e-02,8.401164584860805462e+01,1.000000000000000036e-10,6.551243593821708979e-05,-1.142596589851563991e-05
2.437500000000000083e-02,1.656250000000000083e-02,8.319774800013684057e+01,1.000000000000000036e-10,6.465830926523436959e-05,-1.351151825510555299e-05
2.562500000000000194e-02,1.656250000000000083e-02,8.239518811697719514e+01,1.000000000000000036e-10,6.369567223117768425e-05,-1.599925624900151732e-05
2.687499999999999958e-02,1.656250000000000083e-02,8.160535619435739818e+01,1.000000000000000036e-10,6.262116236706389487e-05,-1.897592524499941202e-05
2.812500000000000069e-02,1.656250000000000083e-02,8.082965905780059757e+01,1.000000000000000036e-10,6.143661156207882318e-05,-2.254984298383760148e-05
2.937500000000000180e-02,1.656250000000000083e-02,8.006944090530542724e+01,1.000000000000000036e-10,6.015152349540128459e-05,-2.685775713672341791e-05
3.062499999999999944e-02,1.656250000000000083e-02,7.932587097041556490e+01,1.000000000000000036e-10,5.878595670620369318e-05,-3.207646343493706872e-05
3.187500000000000056e-02,1.656250000000000083e-02,7.859979198765033459e+01,1.000000000000000036e-10,5.737936226904422456e-05,-3.844865064463760248e-05
3.312500000000000167e-02,1.656250000000000083e-02,7.789138691368945899e+01,1.000000000000000036e-10,5.605682394682331971e-05,-4.634843784512780702e-05
3.437500000000000278e-02,1.656250000000000083e-02,7.719837138897975137e+01,1.000000000000000036e-10,5.542433592173721420e-05,-5.634592305721183240e-05
3.562500000000000389e-02,1.656250000000000083e-02,7.650577851564602838e+01,1.000000000000000036e-10,5.714713706995438601e-05,-6.757214123195010827e-05
3.687499999999999806e-02,1.656250000000000083e-02,7.576969296223089145e+01,1.000000000000000036e-10,3.074941610792408412e-05,-5.067157236554862317e-05
3.812499999999999917e-02,1.656250000000000083e-02,7.412087557344113975e+01,9.999999999999999799e-13,2.302199554017964330e-06,-3.227880273386972780e-07
3.937500000000000028e-02,1.656250000000000083e-02,7.163036161669276680e+01,9.999999999999999799e-13,2.001058308516212533e-06,1.288772248855138875e-08
4.062500000000000139e-02,1.656250000000000083e-02,6.911822980215060852e+01,9.999999999999999799e-13,2.015408206981834558e-06,3.408257883045279944e-08
4.187500000000000250e-02,1.656250000000000083e-02,6.659184109923818085e+01,9.999999999999999799e-13,2.022222927498432874e-06,3.185428521622952861e-08
4.312500000000000361e-02,1.656250000000000083e-02,6.406267248340452625e+01,9.999999999999999799e-13,2.026039855491961824e-06,3.340605680293719898e-08
4.437499999999999778e-02,1.656250000000000083e-02,6.152674146050827630e+01,9.999999999999999799e-13,2.032909305158562692e-06,3.388382480710561177e-08
4.562499999999999889e-02,1.656250000000000083e-02,5.898039922050811867e+01,9.999999999999999799e-13,2.041210293681593016e-06,3.065963503539137650e-08
4.687500000000000000e-02,1.656250000000000083e-02,5.642371572630429455e+01,9.999999999999999799e-13,2.048899281858286014e-06,2.453930229823413580e-08
4.812500000000000111e-02,1.656250000000000083e-02,5.385815101586240417e+01,9.999999999999999799e-13,2.054800662506079603e-06,1.581313159020396435e-08
4.937500000000000222e-02,1.656250000000000083e-02,5.128671407003909621e+01,9.999999999999999799e-13,2.057946034344380026e-06,5.430432682499031516e-09
5.062500000000000333e-02,1.656250000000000083e-02,4.871328593000145446e+01,9.999999999999999799e-13,2.057946034344405437e-06,-5.430432682265973378e-09
5.187500000000000444e-02,1.656250000000000083e-02,4.614184898417808256e+01,9.999999999999999799e-13,2.054800662506159224e-06,-1.581313158998227664e-08
5.312499999999999861e-02,1.656250000000000083e-02,4.357628427373605717e+01,9.999999999999999799e-13,2.048899281858430857e-06,-2.453930229800676040e-08
5.437499999999999972e-02,1.656250000000000083e-02,4.101960077953200567e+01,9.999999999999999799e-13,2.041210293681836961e-06,-3.065963503512989478e-08
5.562500000000000083e-02,1.656250000000000083e-02,3.847325853953146435e+01,9.999999999999999799e-13,2.032909305158887106e-06,-3.388382480688960513e-08
5.687500000000000194e-02,1.656250000000000083e-02,3.593732751663478808e+01,9.999999999999999799e-13,2.026039855492351459e-06,-3.340605680272688334e-08
5.812500000000000305e-02,1.656250000000000083e-02,3.340815890080058637e+01,9.999999999999999799e-13,2.022222927498881801e-06,-3.185428521605331267e-08
5.937500000000000416e-02,1.656250000000000083e-02,3.088177019788758315e+01,9.999999999999999799e-13,2.015408206982331766e-06,-3.408257883027091235e-08
6.062499999999999833e-02,1.656250000000000083e-02,2.836963838334475696e+01,9.999999999999999799e-13,2.001058308516795292e-06,-1.288772248836096515e-08
6.187499999999999944e-02,1.656250000000000083e-02,2.587912442659559531e+01,9.999999999999999799e-13,2.302199554018772399e-06,3.227880273390156035e-07
6.312500000000000056e-02,1.656250000000000083e-02,2.423030703780522188e+01,1.000000000000000036e-10,3.074941610793878861e-05,5.067157236557846584e-05
6.437500000000000167e-02,1.656250000000000083e-02,2.349422148438972968e+01,1.000000000000000036e-10,5.714713706998365947e-05,6.757214123198962744e-05
6.562500000000000278e-02,1.656250000000000083e-02,2.280162861105563010e+01,1.000000000000000036e-10,5.542433592176407531e-05,5.634592305723685037e-05
6.687500000000000389e-02,1.656250000000000083e-02,2.210861308634562761e+01,1.000000000000000036e-10,5.605682394685302007e-05,4.634843784515594884e-05
6.812500000000000500e-02,1.656250000000000083e-02,2.140020801238430437e+01,1.000000000000000036e-10,5.737936226908089092e-05,3.844865064465919843e-05
6.937500000000000611e-02,1.656250000000000083e-02,2.067412902961860510e+01,1.000000000000000036e-10,5.878595670624348340e-05,3.207646343495581864e-05
7.062500000000000722e-02,1.656250000000000083e-02,1.993055909472821696e+01,1.000000000000000036e-10,6.015152349544733608e-05,2.685775713673905075e-05
7.187500000000000833e-02,1.656250000000000083e-02,1.917034094223242136e+01,1.000000000000000036e-10,6.143661156213055317e-05,2.254984298385323432e-05
7.312499999999999556e-02,1.656250000000000083e-02,1.839464380567495283e+01,1.000000000000000036e-10,6.262116236712187258e-05,1.897592524500964418e-05
7.437499999999999667e-02,1.656250000000000083e-02,1.760481188305437428e+01,1.000000000000000036e-10,6.369567223124162508e-05,1.599925624901345371e-05
7.562499999999999778e-02,1.656250000000000083e-02,1.680225199989391172e+01,1.000000000000000036e-10,6.465830926530428708e-05,1.351151825511720647e-05
7.687499999999999889e-02,1.656250000000000083e-02,1.598835415142176686e+01,1.000000000000000036e-10,6.551243593829489485e-05,1.142596589852828780e-05
7.812500000000000000e-02,1.656250000000000083e-02,1.516444110143653923e+01,1.000000000000000036e-10,6.626456627776547079e-05,9.672626756901649218e-06
7.937500000000000111e-02,1.656250000000000083e-02,1.433173999447762981e+01,1.000000000000000036e-10,6.692287699155277723e-05,8.194711588422903830e-06
8.062500000000000222e-02,1.656250000000000083e-02,1.349136917664771929e+01,1.000000000000000036e-10,6.749620214985746014e-05,6.945866838547089313e-06
8.187500000000000333e-02,1.656250000000000083e-02,1.264433494073119313e+01,1.000000000000000036e-10,6.799338930836817388e-05,5.888050231815780810e-06
8.312500000000000444e-02,1.656250000000000083e-02,1.179153444393851480e+01,1.000000000000000036e-10,6.842290772106841194e-05,4.989876286837499617e-06
8.437500000000000555e-02,1.656250000000000083e-02,1.093376224770448246e+01,1.000000000000000036e-10,6.879262610586165641e-05,4.225319062603744675e-06
8.562500000000000666e-02,1.656250000000000083e-02,1.007171879129197301e+01,1.000000000000000036e-10,6.910970159529332836e-05,3.572687949671546272e-06
8.687500000000000777e-02,1.656250000000000083e-02,9.206019707822148845e+00,1.000000000000000036e-10,6.938053975952767185e-05,3.013813214722062260e-06
8.812499999999999500e-02,1.656250000000000083e-02,8.337205297303780682e+00,1.000000000000000036e-10,6.961079853580654951e-05,2.533393474877811588e-06
8.937499999999999611e-02,1.656250000000000083e-02,7.465749744426984691e+00,1.000000000000000036e-10,6.980541784826167426e-05,2.118468767174092393e-06
9.062499999999999722e-02,1.656250000000000083e-02,6.592069851097238420e+00,1.000000000000000036e-10,6.996866281690211761e-05,1.757991434412673176e-06
9.187499999999999833e-02,1.656250000000000083e-02,5.716533174004431395e+00,1.000000000000000036e-10,7.010417260530451178e-05,1.442473436926192354e-06
9.312499999999999944e-02,1.656250000000000083e-02,4.839465535964625253e+00,1.000000000000000036e-10,7.021500975813898995e-05,1.163693481242304721e-06
9.437500000000000056e-02,1.656250000000000083e-02,3.961157930050956288e+00,1.000000000000000036e-10,7.030370675755682401e-05,9.144509415364152831e-07
9.562500000000000167e-02,1.656250000000000083e-02,3.081872867025704288e+00,1.000000000000000036e-10,7.037230777357502754e-05,6.883562381529982010e-07
9.687500000000000278e-02,1.656250000000000083e-02,2.201850235711580339e+00,1.000000000000000036e-10,7.042240439806624671e-05,4.796493489514118653e-07
9.812500000000000389e-02,1.656250000000000083e-02,1.321312757074047717e+00,1.000000000000000036e-10,7.045516467229880259e-05,2.830396239361831990e-07
9.937500000000000500e-02,1.656250000000000083e-02,4.404711189041100594e-01,1.000000000000000036e-10,7.047135503912629613e-05,9.356116783061805435e-08
6.250000000000000130e-04,1.718750000000000139e-02,9.956010106344113808e+01,1.000000000000000036e-10,7.037922863686502692e-05,-8.924856878820717272e-08
1.874999999999999931e-03,1.718750000000000139e-02,9.868041822063723600e+01,1.000000000000000036e-10,7.036071386527338264e-05,-2.699996537671722136e-07
3.125000000000000173e-03,1.718750000000000139e-02,9.780108321680930317e+01,1.000000000000000036e-10,7.032324228812853600e-05,-4.575733934257185608e-07
4.375000000000000416e-03,1.718750000000000139e-02,9.692233716343402250e+01,1.000000000000000036e-10,7.026592042421212717e-05,-6.567229494635283222e-07
5.624999999999999792e-03,1.718750000000000139e-02,9.604443520620399966e+01,1.000000000000000036e-10,7.018738444455321565e-05,-8.725157323783603099e-07
6.875000000000000035e-03,1.718750000000000139e-02,9.516765255232019172e+01,1.000000000000000036e-10,7.008577165331472301e-05,-1.110473795059760629e-06
8.125000000000000278e-03,1.718750000000000139e-02,9.429229091487113124e+01,1.000000000000000036e-10,6.995868219631062824e-05,-1.376729818172179612e-06
9.374999999999999653e-03,1.718750000000000139e-02,9.341868549741242589e+01,1.000000000000000036e-10,6.980313088173146011e-05,-1.678204501664594757e-06
1.062500000000000076e-02,1.718750000000000139e-02,9.254721264282784432e+01,1.000000000000000036e-10,6.961548913099418849e-05,-2.022812340221661968e-06
1.187500000000000014e-02,1.718750000000000139e-02,9.167829826913757074e+01,1.000000000000000036e-10,6.939141735677137606e-05,-2.419704358477473982e-06
1.312499999999999951e-02,1.718750000000000139e-02,9.081242720890855935e+01,1.000000000000000036e-10,6.912578856419882933e-05,-2.879558546680981989e-06
1.437500000000000062e-02,1.718750000000000139e-02,8.995015355503259968e+01,1.000000000000000036e-10,6.881260479885270022e-05,-3.414931652904442462e-06
1.562500000000000000e-02,1.718750000000000139e-02,8.909211208893724177e+01,1.000000000000000036e-10,6.844490938337854740e-05,-4.040689906897795350e-06
1.687500000000000111e-02,1.718750000000000139e-02,8.823903082044813573e+01,1.000000000000000036e-10,6.801469993214878272e-05,-4.774541524508321465e-06
1.812499999999999875e-02,1.718750000000000139e-02,8.739174459063352174e+01,1.000000000000000036e-10,6.751285026356752057e-05,-5.637700953479906634e-06
1.937499999999999986e-02,1.718750000000000139e-02,8.655120956385894715e+01,1.000000000000000036e-10,6.692905406058684043e-05,-6.655724436113813053e-06
2.062500000000000097e-02,1.718750000000000139e-02,8.571851823911885049e+01,1.000000000000000036e-10,6.625181020631428375e-05,-7.859569484542133216e-06
2.187500000000000208e-02,1.718750000000000139e-02,8.489491430870108957e+01,1.000000000000000036e-10,6.546848015336875618e-05,-9.286948477385975506e-06
2.312499999999999972e-02,1.718750000000000139e-02,8.408180623528463116e+01,1.000000000000000036e-10,6.456546260535218039e-05,-1.098407023426943676e-05
2.437500000000000083e-02,1.718750000000000139e-02,8.328077774356728469e+01,1.000000000000000036e-10,6.352855047274600492e-05,-1.300789451654963758e-05
2.562500000000000194e-02,1.718750000000000139e-02,8.249359247346598067e+01,1.000000000000000036e-10,6.234355458746107417e-05,-1.542906352788236073e-05
2.687499999999999958e-02,1.718750000000000139e-02,8.172218887888075756e+01,1.000000000000000036e-10,6.099727080096384595e-05,-1.833572114080538569e-05
2.812500000000000069e-02,1.718750000000000139e-02,8.096866070344188415e+01,1.000000000000000036e-10,5.947872074685959691e-05,-2.183849665848014714e-05
2.937500000000000180e-02,1.718750000000000139e-02,8.023522086020926736e+01,1.000000000000000036e-10,5.777992822294207576e-05,-2.607716316677965272e-05
3.062499999999999944e-02,1.718750000000000139e-02,7.952416249786833191e+01,1.000000000000000036e-10,5.589336178521988024e-05,-3.123099079141524500e-05
3.187500000000000056e-02,1.718750000000000139e-02,7.883788681557876998e+01,1.000000000000000036e-10,5.380086165212957019e-05,-3.754457600303111824e-05
3.312500000000000167e-02,1.718750000000000139e-02,7.817914095656509232e+01,1.000000000000000036e-10,5.149624955653790638e-05,-4.543893727782118662e-05
3.437500000000000278e-02,1.718750000000000139e-02,7.755048057666532202e+01,1.000000000000000036e-10,4.982399892836779918e-05,-5.610305429788353291e-05
3.562500000000000389e-02,1.718750000000000139e-02,7.693354098335589697e+01,1.000000000000000036e-10,6.208079000665064819e-05,-7.480480610452786591e-05
3.687499999999999806e-02,1.718750000000000139e-02,7.599846082649905554e+01,1.000000000000000036e-10,3.880728675539424024e-05,-1.860329538633073951e-05
3.812499999999999917e-02,1.718750000000000139e-02,7.422580921908431151e+01,9.999999999999999799e-13,2.444400559809659168e-06,1.398636818669276023e-08
3.937500000000000028e-02,1.718750000000000139e-02,7.162500902236163824e+01,9.999999999999999799e-13,2.050839567062581736e-06,2.346444608760976000e-08
4.062500000000000139e-02,1.718750000000000139e-02,6.909871030142785742e+01,9.999999999999999799e-13,2.021091744907374861e-06,3.120481707624093769e-08
4.187500000000000250e-02,1.718750000000000139e-02,6.657227966009320141e+01,9.999999999999999799e-13,2.022428521056934928e-06,3.065629863739332750e-08
4.312500000000000361e-02,1.718750000000000139e-02,6.404263899878552024e+01,9.999999999999999799e-13,2.026165675180555950e-06,3.082700232322395044e-08
4.437499999999999778e-02,1.718750000000000139e-02,6.150686547214181132e+01,9.999999999999999799e-13,2.032043757359627743e-06,3.008911336399933161e-08
4.562499999999999889e-02,1.718750000000000139e-02,5.896252960538645027e+01,9.999999999999999799e-13,2.038950663097660093e-06,2.685039934797828419e-08
4.687500000000000000e-02,1.718750000000000139e-02,5.640948881439766183e+01,9.999999999999999799e-13,2.045411106938095962e-06,2.127382197709266755e-08
4.812500000000000111e-02,1.718750000000000139e-02,5.384900183804121099e+01,9.999999999999999799e-13,2.050367946203334782e-06,1.364950195483061139e-08
4.937500000000000222e-02,1.718750000000000139e-02,5.128356894888932516e+01,9.999999999999999799e-13,2.053028314756045601e-06,4.691192122373877811e-09
5.062500000000000333e-02,1.718750000000000139e-02,4.871643105115109762e+01,9.999999999999999799e-13,2.053028314756068047e-06,-4.691192122180609543e-09
5.187500000000000444e-02,1.718750000000000139e-02,4.615099816199915495e+01,9.999999999999999799e-13,2.050367946203414403e-06,-1.364950195464871437e-08
5.312499999999999861e-02,1.718750000000000139e-02,4.359051118564256200e+01,9.999999999999999799e-13,2.045411106938252240e-06,-2.127382197687097653e-08
5.437499999999999972e-02,1.718750000000000139e-02,4.103747039465352486e+01,9.999999999999999799e-13,2.038950663097907426e-06,-2.685039934775090878e-08
5.562500000000000083e-02,1.718750000000000139e-02,3.849313452789779433e+01,9.999999999999999799e-13,2.032043757359937757e-06,-3.008911336380606252e-08
5.687500000000000194e-02,1.718750000000000139e-02,3.595736100125368040e+01,9.999999999999999799e-13,2.026165675180925680e-06,-3.082700232304773450e-08
5.812500000000000305e-02,1.718750000000000139e-02,3.342772033994548053e+01,9.999999999999999799e-13,2.022428521057381314e-06,-3.065629863725121125e-08
5.937500000000000416e-02,1.718750000000000139e-02,3.090128969861022767e+01,9.999999999999999799e-13,2.021091744907883504e-06,-3.120481707607041937e-08
6.062499999999999833e-02,1.718750000000000139e-02,2.837499097767577183e+01,9.999999999999999799e-13,2.050839567063180165e-06,-2.346444608742785968e-08
6.187499999999999944e-02,1.718750000000000139e-02,2.577419078095227789e+01,9.999999999999999799e-13,2.444400559810471472e-06,-1.398636818651652444e-08
6.312500000000000056e-02,1.718750000000000139e-02,2.400153917353692279e+01,1.000000000000000036e-10,3.880728675541319345e-05,1.860329538634180514e-05
6.437500000000000167e-02,1.718750000000000139e-02,2.306645901667961951e+01,1.000000000000000036e-10,6.208079000668134467e-05,7.480480610456936375e-05
6.562500000000000278e-02,1.718750000000000139e-02,2.244951942336988893e+01,1.000000000000000036e-10,4.982399892839196333e-05,5.610305429791082092e-05
6.687500000000000389e-02,1.718750000000000139e-02,2.182085904346982019e+01,1.000000000000000036e-10,5.149624955656619050e-05,4.543893727784903706e-05
6.812500000000000500e-02,1.718750000000000139e-02,2.116211318445573397e+01,1.000000000000000036e-10,5.380086165216410880e-05,3.754457600305385260e-05
6.937500000000000611e-02,1.718750000000000139e-02,2.047583750216571730e+01,1.000000000000000036e-10,5.589336178525853205e-05,3.123099079143343249e-05
7.062500000000000722e-02,1.718750000000000139e-02,1.976477913982427026e+01,1.000000000000000036e-10,5.777992822298669745e-05,2.607716316679613598e-05
7.187500000000000833e-02,1.718750000000000139e-02,1.903133929659104950e+01,1.000000000000000036e-10,5.947872074690976158e-05,2.183849665849379114e-05
7.312499999999999556e-02,1.718750000000000139e-02,1.827781112115152595e+01,1.000000000000000036e-10,6.099727080102097663e-05,1.833572114081902970e-05
7.437499999999999667e-02,1.718750000000000139e-02,1.750640752656552479e+01,1.000000000000000036e-10,6.234355458752558420e-05,1.542906352789344331e-05
7.562499999999999778e-02,1.718750000000000139e-02,1.671922225646338589e+01,1.000000000000000036e-10,6.352855047281685754e-05,1.300789451656157397e-05
7.687499999999999889e-02,1.718750000000000139e-02,1.591819376474510328e+01,1.000000000000000036e-10,6.456546260543090702e-05,1.098407023428222695e-05
7.812500000000000000e-02,1.718750000000000139e-02,1.510508569132761281e+01,1.000000000000000036e-10,6.546848015344975964e-05,9.286948477403027973e-06
7.937500000000000111e-02,1.718750000000000139e-02,1.428148176090885890e+01,1.000000000000000036e-10,6.625181020639942073e-05,7.859569484554355901e-06
8.062500000000000222e-02,1.718750000000000139e-02,1.344879043616762715e+01,1.000000000000000036e-10,6.692905406067977010e-05,6.655724436124046058e-06
8.187500000000000333e-02,1.718750000000000139e-02,1.260825540939186418e+01,1.000000000000000036e-10,6.751285026366714520e-05,5.637700953489995644e-06
8.312500000000000444e-02,1.718750000000000139e-02,1.176096917957594812e+01,1.000000000000000036e-10,6.801469993225395033e-05,4.774541524520401002e-06
8.437500000000000555e-02,1.718750000000000139e-02,1.090788791108551514e+01,1.000000000000000036e-10,6.844490938349038285e-05,4.040689906907317695e-06
8.562500000000000666e-02,1.718750000000000139e-02,1.004984644498868818e+01,1.000000000000000036e-10,6.881260479897234193e-05,3.414931652912826394e-06
8.687500000000000777e-02,1.718750000000000139e-02,9.187572791111206172e+00,1.000000000000000036e-10,6.912578856432360745e-05,2.879558546688513806e-06
8.812499999999999500e-02,1.718750000000000139e-02,8.321701730880597836e+00,1.000000000000000036e-10,6.939141735689768561e-05,2.419704358485005799e-06
8.937499999999999611e-02,1.718750000000000139e-02,7.452787357188763728e+00,1.000000000000000036e-10,6.961548913112223277e-05,2.022812340227488285e-06
9.062499999999999722e-02,1.718750000000000139e-02,6.581314502602541694e+00,1.000000000000000036e-10,6.980313088186984496e-05,1.678204501665731899e-06
9.187499999999999833e-02,1.718750000000000139e-02,5.707709085142017358e+00,1.000000000000000036e-10,6.995868219645791711e-05,1.376729818178361258e-06
9.312499999999999944e-02,1.718750000000000139e-02,4.832347447691093478e+00,1.000000000000000036e-10,7.008577165346866616e-05,1.110473795067789866e-06
9.437500000000000056e-02,1.718750000000000139e-02,3.955564793805300461e+00,1.000000000000000036e-10,7.018738444470947629e-05,8.725157323819841286e-07
9.562500000000000167e-02,1.718750000000000139e-02,3.077662836573356486e+00,1.000000000000000036e-10,7.026592042436963464e-05,6.567229494685020997e-07
9.687500000000000278e-02,1.718750000000000139e-02,2.198916783196059654e+00,1.000000000000000036e-10,7.032324228829436473e-05,4.575733934280278903e-07
9.812500000000000389e-02,1.718750000000000139e-02,1.319581779365996965e+00,1.000000000000000036e-10,7.036071386544421225e-05,2.699996537684689681e-07
9.937500000000000500e-02,1.718750000000000139e-02,4.398989365599540458e-01,1.000000000000000036e-10,7.037922863703803848e-05,8.924856878766094235e-08
6.250000000000000130e-04,1.781250000000000194e-02,9.956064448820683310e+01,1.000000000000000036e-10,7.029173092767563918e-05,-8.437248289396845653e-08
1.874999999999999931e-03,1.781250000000000194e-02,9.868206223860127579e+01,1.000000000000000036e-10,7.027100225980915287e-05,-2.552540199314989470e-07
3.125000000000000173e-03,1.781250000000000194e-02,9.780386943171160397e+01,1.000000000000000036e-10,7.022904275005088966e-05,-4.326034838038593911e-07
4.375000000000000416e-03,1.781250000000000194e-02,9.692633616985000344e+01,1.000000000000000036e-10,7.016483660393872787e-05,-6.209288540617306105e-07
5.624999999999999792e-03,1.781250000000000194e-02,9.604974851661313551e+01,1.000000000000000036e-10,7.007683133460147133e-05,-8.250392032834949945e-07
6.875000000000000035e-03,1.781250000000000194e-02,9.517441538648496646e+01,1.000000000000000036e-10,6.996290271508881519e-05,-1.050179618779338592e-06
8.125000000000000278e-03,1.781250000000000194e-02,9.430067594873591474e+01,1.000000000000000036e-10,6.982030725185663978e-05,-1.302181534329065243e-06
9.374999999999999653e-03,1.781250000000000194e-02,9.342890770518854993e+01,1.000000000000000036e-10,6.964562155573899454e-05,-1.587634280145948115e-06
1.062500000000000076e-02,1.781250000000000194e-02,9.255953540984243944e+01,1.000000000000000036e-10,6.943466791972466854e-05,-1.914084868351437544e-06
1.187500000000000014e-02,1.781250000000000194e-02,9.169304100719543271e+01,1.000000000000000036e-10,6.918242543245070467e-05,-2.290274699601013213e-06
1.312499999999999951e-02,1.781250000000000194e-02,9.082997477403117159e+01,1.000000000000000036e-10,6.888292611219013243e-05,-2.726424149143439623e-06
1.437500000000000062e-02,1.781250000000000194e-02,8.997096785439067901e+01,1.000000000000000036e-10,6.852913591506534265e-05,-3.234579069203390935e-06
1.562500000000000000e-02,1.781250000000000194e-02,8.911674637615453776e+01,1.000000000000000036e-10,6.811282116994730844e-05,-3.829037410292811735e-06
1.687500000000000111e-02,1.781250000000000194e-02,8.826814732514199591e+01,1.000000000000000036e-10,6.762440219767199218e-05,-4.526879809351384567e-06
1.812499999999999875e-02,1.781250000000000194e-02,8.742613632121273781e+01,1.000000000000000036e-10,6.705279785246601437e-05,-5.348635661734987005e-06
1.937499999999999986e-02,1.781250000000000194e-02,8.659182737883034520e+01,1.000000000000000036e-10,6.638526788423234314e-05,-6.319126642243871864e-06
2.062500000000000097e-02,1.781250000000000194e-02,8.576650462410692910e+01,1.000000000000000036e-10,6.560726497083007799e-05,-7.468543894569846422e-06
2.187500000000000208e-02,1.781250000000000194e-02,8.495164575455959266e+01,1.000000000000000036e-10,6.470231590282025144e-05,-8.833834506879155446e-06
2.312499999999999972e-02,1.781250000000000194e-02,8.414894672653642260e+01,1.000000000000000036e-10,6.365196291863525367e-05,-1.046049893867461622e-05
2.437500000000000083e-02,1.781250000000000194e-02,8.336034668159371108e+01,1.000000000000000036e-10,6.243581261842790506e-05,-1.240493459573030825e-05
2.562500000000000194e-02,1.781250000000000194e-02,8.258805141107572467e+01,1.000000000000000036e-10,6.103175891904981528e-05,-1.473749865636477403e-05
2.687499999999999958e-02,1.781250000000000194e-02,8.183455270861746556e+01,1.000000000000000036e-10,5.941644580176499827e-05,-1.754648756042569868e-05
2.812500000000000069e-02,1.781250000000000194e-02,8.110264026603159948e+01,1.000000000000000036e-10,5.756589054909169305e-05,-2.094317758546480592e-05
2.937500000000000180e-02,1.781250000000000194e-02,8.039540544489017293e+01,1.000000000000000036e-10,5.545527642893374244e-05,-2.506777891775299917e-05
3.062499999999999944e-02,1.781250000000000194e-02,7.971625835530825555e+01,1.000000000000000036e-10,5.305225028807796211e-05,-3.009557875114864497e-05
3.187500000000000056e-02,1.781250000000000194e-02,7.906909918768822365e+01,1.000000000000000036e-10,5.027538902584125375e-05,-3.624530734562994680e-05
3.312500000000000167e-02,1.781250000000000194e-02,7.845937362966222395e+01,1.000000000000000036e-10,4.677758479939710221e-05,-4.383699777419905648e-05
3.437500000000000278e-02,1.781250000000000194e-02,7.789965956770329569e+01,1.000000000000000036e-10,4.074140150838388133e-05,-5.385077684190717532e-05
3.562500000000000389e-02,1.781250000000000194e-02,7.744083859195262676e+01,1.000000000000000036e-10,1.934438334557097460e-05,-7.248697001823527458e-05
3.687499999999999806e-02,1.781250000000000194e-02,7.618901389357804987e+01,9.999999999999999799e-13,1.825792827692329874e-06,-5.250845880571454558e-07
3.812499999999999917e-02,1.781250000000000194e-02,7.410339261320777382e+01,9.999999999999999799e-13,1.835193133797918371e-06,1.125185146516514709e-07
3.937500000000000028e-02,1.781250000000000194e-02,7.160103105908325460e+01,9.999999999999999799e-13,2.009667532960986794e-06,3.447559641474526952e-08
4.062500000000000139e-02,1.781250000000000194e-02,6.907922378080530734e+01,9.999999999999999799e-13,2.019004133256726075e-06,3.039927767893004612e-08
4.187500000000000250e-02,1.781250000000000194e-02,6.655352072594143920e+01,9.999999999999999799e-13,2.022034020121924496e-06,2.927850652747565787e-08
4.312500000000000361e-02,1.781250000000000194e-02,6.402413873050049631e+01,9.999999999999999799e-13,2.025756262855264938e-06,2.847509600479724988e-08
4.437499999999999778e-02,1.781250000000000194e-02,6.148913006880327714e+01,9.999999999999999799e-13,2.030921003670940266e-06,2.691960818507936543e-08
4.562499999999999889e-02,1.781250000000000194e-02,5.894683622132314582e+01,9.999999999999999799e-13,2.036802647988139843e-06,2.362562949926428103e-08
4.687500000000000000e-02,1.781250000000000194e-02,5.639712344883292872e+01,9.999999999999999799e-13,2.042298833161712373e-06,1.852027731879388808e-08
4.812500000000000111e-02,1.781250000000000194e-02,5.384108913841886590e+01,9.999999999999999799e-13,2.046509347578719948e-06,1.181936977203008559e-08
4.937500000000000222e-02,1.781250000000000194e-02,5.128085007988612887e+01,9.999999999999999799e-13,2.048775687305874375e-06,4.057970165280266999e-09
5.062500000000000333e-02,1.781250000000000194e-02,4.871914992015418022e+01,9.999999999999999799e-13,2.048775687305894280e-06,-4.057970165115420656e-09
5.187500000000000444e-02,1.781250000000000194e-02,4.615891086162139345e+01,9.999999999999999799e-13,2.046509347578813969e-06,-1.181936977186524007e-08
5.312499999999999861e-02,1.781250000000000194e-02,4.360287655120714589e+01,9.999999999999999799e-13,2.042298833161880085e-06,-1.852027731858356583e-08
5.437499999999999972e-02,1.781250000000000194e-02,4.105316377871669431e+01,9.999999999999999799e-13,2.036802647988369812e-06,-2.362562949905964316e-08
5.562500000000000083e-02,1.781250000000000194e-02,3.851086993123622193e+01,9.999999999999999799e-13,2.030921003671238422e-06,-2.691960818492589365e-08
5.687500000000000194e-02,1.781250000000000194e-02,3.597586126953859775e+01,9.999999999999999799e-13,2.025756262855628739e-06,-2.847509600462103725e-08
5.812500000000000305e-02,1.781250000000000194e-02,3.344647927409715038e+01,9.999999999999999799e-13,2.022034020122370459e-06,-2.927850652727670439e-08
5.937500000000000416e-02,1.781250000000000194e-02,3.092077621923267117e+01,9.999999999999999799e-13,2.019004133257243612e-06,-3.039927767873678364e-08
6.062499999999999833e-02,1.781250000000000194e-02,2.839896894095404178e+01,9.999999999999999799e-13,2.009667532961572094e-06,-3.447559641455200704e-08
6.187499999999999944e-02,1.781250000000000194e-02,2.589660738682874097e+01,9.999999999999999799e-13,1.835193133798512141e-06,-1.125185146514752484e-07
6.312500000000000056e-02,1.781250000000000194e-02,2.381098610645776148e+01,9.999999999999999799e-13,1.825792827693064463e-06,5.250845880576231824e-07
6.437500000000000167e-02,1.781250000000000194e-02,2.255916140808261261e+01,1.000000000000000036e-10,1.934438334557938394e-05,7.248697001827593216e-05
6.562500000000000278e-02,1.781250000000000194e-02,2.210034043233174472e+01,1.000000000000000036e-10,4.074140150840391196e-05,5.385077684193645555e-05
6.687500000000000389e-02,1.781250000000000194e-02,2.154062637037251449e+01,1.000000000000000036e-10,4.677758479942453252e-05,4.383699777422690692e-05
6.812500000000000500e-02,1.781250000000000194e-02,2.093090081234613109e+01,1.000000000000000036e-10,5.027538902587308864e-05,3.624530734565467339e-05
6.937500000000000611e-02,1.781250000000000194e-02,2.028374164472568708e+01,1.000000000000000036e-10,5.305225028811462847e-05,3.009557875116569743e-05
7.062500000000000722e-02,1.781250000000000194e-02,1.960459455514326521e+01,1.000000000000000036e-10,5.545527642897751710e-05,2.506777891776891323e-05
7.187500000000000833e-02,1.781250000000000194e-02,1.889735973400124891e+01,1.000000000000000036e-10,5.756589054914200681e-05,2.094317758547759273e-05
7.312499999999999556e-02,1.781250000000000194e-02,1.816544729141471493e+01,1.000000000000000036e-10,5.941644580182170205e-05,1.754648756044019310e-05
7.437499999999999667e-02,1.781250000000000194e-02,1.741194858895570619e+01,1.000000000000000036e-10,6.103175891911290230e-05,1.473749865637557539e-05
7.562499999999999778e-02,1.781250000000000194e-02,1.663965331843689199e+01,1.000000000000000036e-10,6.243581261849867636e-05,1.240493459574224633e-05
7.687499999999999889e-02,1.781250000000000194e-02,1.585105327349323900e+01,1.000000000000000036e-10,6.365196291871560660e-05,1.046049893868698121e-05
7.812500000000000000e-02,1.781250000000000194e-02,1.504835424546900136e+01,1.000000000000000036e-10,6.470231590290152594e-05,8.833834506896777119e-06
7.937500000000000111e-02,1.781250000000000194e-02,1.423349537592070035e+01,1.000000000000000036e-10,6.560726497091329051e-05,7.468543894580078580e-06
8.062500000000000222e-02,1.781250000000000194e-02,1.340817262119616871e+01,1.000000000000000036e-10,6.638526788432527281e-05,6.319126642252113495e-06
8.187500000000000333e-02,1.781250000000000194e-02,1.257386367881256817e+01,1.000000000000000036e-10,6.705279785256634372e-05,5.348635661748202413e-06
8.312500000000000444e-02,1.781250000000000194e-02,1.173185267488200978e+01,1.000000000000000036e-10,6.762440219777707848e-05,4.526879809364458521e-06
8.437500000000000555e-02,1.781250000000000194e-02,1.088325362386814099e+01,1.000000000000000036e-10,6.811282117005786996e-05,3.829037410306312593e-06
8.562500000000000666e-02,1.781250000000000194e-02,1.002903214563056267e+01,1.000000000000000036e-10,6.852913591518392726e-05,3.234579069211064630e-06
8.687500000000000777e-02,1.781250000000000194e-02,9.170025225988542417e+00,1.000000000000000036e-10,6.888292611231377214e-05,2.726424149150261203e-06
8.812499999999999500e-02,1.781250000000000194e-02,8.306958992822718102e+00,1.000000000000000036e-10,6.918242543257603844e-05,2.290274699605845112e-06
8.937499999999999611e-02,1.781250000000000194e-02,7.440464590174141080e+00,1.000000000000000036e-10,6.943466791985204874e-05,1.914084868356908530e-06
9.062499999999999722e-02,1.781250000000000194e-02,6.571092294826416769e+00,1.000000000000000036e-10,6.964562155587755558e-05,1.587634280150282806e-06
9.187499999999999833e-02,1.781250000000000194e-02,5.699324051277201875e+00,1.000000000000000036e-10,6.982030725200554140e-05,1.302181534336312669e-06
9.312499999999999944e-02,1.781250000000000194e-02,4.825584613526277877e+00,1.000000000000000036e-10,6.996290271524079323e-05,1.050179618787154589e-06
9.437500000000000056e-02,1.781250000000000194e-02,3.950251483396181484e+00,1.000000000000000036e-10,7.007683133475718987e-05,8.250392032843477449e-07
9.562500000000000167e-02,1.781250000000000194e-02,3.073663830157348009e+00,1.000000000000000036e-10,7.016483660409805138e-05,6.209288540657808044e-07
9.687500000000000278e-02,1.781250000000000194e-02,2.196130568293729990e+00,1.000000000000000036e-10,7.022904275021623049e-05,4.326034838094016336e-07
9.812500000000000389e-02,1.781250000000000194e-02,1.317937761401941854e+00,1.000000000000000036e-10,7.027100225997861367e-05,2.552540199310726247e-07
9.937500000000000500e-02,1.781250000000000194e-02,4.393555117942642974e-01,1.000000000000000036e-10,7.029173092784824417e-05,8.437248289332009251e-08
6.250000000000000130e-04,1.843749999999999903e-02,9.956115571947731269e+01,1.000000000000000036e-10,7.020941538545230382e-05,-7.896225418448919973e-08
1.874999999999999931e-03,1.843749999999999903e-02,9.868360889588637974e+01,1.000000000000000036e-10,7.018659836481843653e-05,-2.388914043842759795e-07
3.125000000000000173e-03,1.843749999999999903e-02,9.780649076035685141e+01,1.000000000000000036e-10,7.014040487106340863e-05,-4.048895975950016705e-07
4.375000000000000416e-03,1.843749999999999903e-02,9.693009877410979414e+01,1.000000000000000036e-10,7.006970256447230699e-05,-5.811885139212334412e-07
5.624999999999999792e-03,1.843749999999999903e-02,9.605474819624504335e+01,1.000000000000000036e-10,6.997275906219440700e-05,-7.723051576135728460e-07
6.875000000000000035e-03,1.843749999999999903e-02,9.518077979755493345e+01,1.000000000000000036e-10,6.984720048779194694e-05,-9.831700674874353931e-07
8.125000000000000278e-03,1.843749999999999903e-02,9.430856818405024455e+01,1.000000000000000036e-10,6.968995486562731205e-05,-1.219270542918593248e-06
9.374999999999999653e-03,1.843749999999999903e-02,9.343853092591425025e+01,1.000000000000000036e-10,6.949717921472028243e-05,-1.486814598025602749e-06
1.062500000000000076e-02,1.843749999999999903e-02,9.257113870368223729e+01,1.000000000000000036e-10,6.926416892126665637e-05,-1.792922585718770027e-06
1.187500000000000014e-02,1.843749999999999903e-02,9.170692670288258341e+01,1.000000000000000036e-10,6.898524771637538433e-05,-2.145855136147929180e-06
1.312499999999999951e-02,1.843749999999999903e-02,9.084650751077285236e+01,1.000000000000000036e-10,6.865363637939764577e-05,-2.555288383975948203e-06
1.437500000000000062e-02,1.843749999999999903e-02,8.999058579339764208e+01,1.000000000000000036e-10,6.826129816827800718e-05,-3.032650630241277808e-06
1.562500000000000000e-02,1.843749999999999903e-02,8.913997505656590192e+01,1.000000000000000036e-10,6.779875901330453618e-05,-3.591538899199803652e-06
1.687500000000000111e-02,1.843749999999999903e-02,8.829561681806502804e+01,1.000000000000000036e-10,6.725490080642770440e-05,-4.248239730864041537e-06
1.812499999999999875e-02,1.843749999999999903e-02,8.745860253640520909e+01,1.000000000000000036e-10,6.661672684712128243e-05,-5.022386587963864331e-06
1.937499999999999986e-02,1.843749999999999903e-02,8.663019864688699556e+01,1.000000000000000036e-10,6.586909994416939801e-05,-5.937797280415678466e-06
2.062500000000000097e-02,1.843749999999999903e-02,8.581187503780097359e+01,1.000000000000000036e-10,6.499445627399664789e-05,-7.023549964599168394e-06
2.187500000000000208e-02,1.843749999999999903e-02,8.500533724003707903e+01,1.000000000000000036e-10,6.397250263131637298e-05,-8.315377081510175796e-06
2.312499999999999972e-02,1.843749999999999903e-02,8.421256247201806389e+01,1.000000000000000036e-10,6.277991256092660822e-05,-9.857484836763885343e-06
2.437500000000000083e-02,1.843749999999999903e-02,8.343583942601391357e+01,1.000000000000000036e-10,6.139005061390092179e-05,-1.170494257401742178e-05
2.562500000000000194e-02,1.843749999999999903e-02,8.267781120667054040e+01,1.000000000000000036e-10,5.977277810511337811e-05,-1.392682757398801838e-05
2.687499999999999958e-02,1.843749999999999903e-02,8.194151997338607885e+01,1.000000000000000036e-10,5.789443133641383678e-05,-1.661032869980430865e-05
2.812500000000000069e-02,1.843749999999999903e-02,8.123045042326019427e+01,1.000000000000000036e-10,5.571807506819594666e-05,-1.986588068563491976e-05
2.937500000000000180e-02,1.843749999999999903e-02,8.054856809668117990e+01,1.000000000000000036e-10,5.320372764010016301e-05,-2.383259504344777826e-05
3.062499999999999944e-02,1.843749999999999903e-02,7.990035723225769004e+01,1.000000000000000036e-10,5.030459757128140981e-05,-2.867968452060608574e-05
3.187500000000000056e-02,1.843749999999999903e-02,7.929095315739914440e+01,1.000000000000000036e-10,4.693015214060436782e-05,-3.458554822971222578e-05
3.312500000000000167e-02,1.843749999999999903e-02,7.872710342874258060e+01,1.000000000000000036e-10,4.269351480839929212e-05,-4.162953611079160145e-05
3.437500000000000278e-02,1.843749999999999903e-02,7.822361528718916190e+01,1.000000000000000036e-10,3.549901280634969013e-05,-4.944289585877525680e-05
3.562500000000000389e-02,1.843749999999999903e-02,7.783962810858383818e+01,1.000000000000000036e-10,1.644589608364373809e-05,-5.666978355860236304e-05
3.687499999999999806e-02,1.843749999999999903e-02,7.646803682255246315e+01,9.999999999999999799e-13,2.039559238143878786e-06,-3.798073660002274135e-07
3.812499999999999917e-02,1.843749999999999903e-02,7.408516107576974719e+01,9.999999999999999799e-13,1.954448918283702754e-06,5.096299472040755266e-09
3.937500000000000028e-02,1.843749999999999903e-02,7.158191452684320666e+01,9.999999999999999799e-13,2.009779948576220749e-06,2.699509686659667072e-08
4.062500000000000139e-02,1.843749999999999903e-02,6.906071120432919486e+01,9.999999999999999799e-13,2.018493199963739928e-06,2.885485138550621236e-08
4.187500000000000250e-02,1.843749999999999903e-02,6.653568152693385684e+01,9.999999999999999799e-13,2.021466430219868182e-06,2.782137426030431045e-08
4.312500000000000361e-02,1.843749999999999903e-02,6.400704512877952368e+01,9.999999999999999799e-13,2.024986226009357912e-06,2.631120901061194667e-08
4.437499999999999778e-02,1.843749999999999903e-02,6.147321596191046211e+01,9.999999999999999799e-13,2.029619024106861669e-06,2.418472572271639273e-08
4.562499999999999889e-02,1.843749999999999903e-02,5.893299756851236992e+01,9.999999999999999799e-13,2.034750997664517248e-06,2.085370302420983675e-08
4.687500000000000000e-02,1.843749999999999903e-02,5.638633846774916947e+01,9.999999999999999799e-13,2.039507977074478916e-06,1.616562150204572428e-08
4.812500000000000111e-02,1.843749999999999903e-02,5.383422762582617338e+01,9.999999999999999799e-13,2.043136792626577826e-06,1.025436060423316909e-08
4.937500000000000222e-02,1.843749999999999903e-02,5.127849648618272482e+01,9.999999999999999799e-13,2.045089644787472380e-06,3.513383389093860578e-09
5.062500000000000333e-02,1.843749999999999903e-02,4.872150351385749190e+01,9.999999999999999799e-13,2.045089644787495249e-06,-3.513383388929014649e-09
5.187500000000000444e-02,1.843749999999999903e-02,4.616577237421398650e+01,9.999999999999999799e-13,2.043136792626680317e-06,-1.025436060407400961e-08
5.312499999999999861e-02,1.843749999999999903e-02,4.361366153229079146e+01,9.999999999999999799e-13,2.039507977074655099e-06,-1.616562150188656480e-08
5.437499999999999972e-02,1.843749999999999903e-02,4.106700243152734942e+01,9.999999999999999799e-13,2.034750997664735783e-06,-2.085370302403362081e-08
5.562500000000000083e-02,1.843749999999999903e-02,3.852678403812895169e+01,9.999999999999999799e-13,2.029619024107156860e-06,-2.418472572256859872e-08
5.687500000000000194e-02,1.843749999999999903e-02,3.599295487125945670e+01,9.999999999999999799e-13,2.024986226009750088e-06,-2.631120901044141842e-08
5.812500000000000305e-02,1.843749999999999903e-02,3.346431847310457641e+01,9.999999999999999799e-13,2.021466430220323039e-06,-2.782137426008830381e-08
5.937500000000000416e-02,1.843749999999999903e-02,3.093928879570864865e+01,9.999999999999999799e-13,2.018493199964246030e-06,-2.885485138530725888e-08
6.062499999999999833e-02,1.843749999999999903e-02,2.841808547319396183e+01,9.999999999999999799e-13,2.009779948576810707e-06,-2.699509686639771724e-08
6.187499999999999944e-02,1.843749999999999903e-02,2.591483892426662194e+01,9.999999999999999799e-13,1.954448918284352005e-06,-5.096299471841805094e-09
6.312500000000000056e-02,1.843749999999999903e-02,2.353196317748308175e+01,9.999999999999999799e-13,2.039559238144633068e-06,3.798073660005912142e-07
6.437500000000000167e-02,1.843749999999999903e-02,2.216037189145117026e+01,1.000000000000000036e-10,1.644589608365069731e-05,5.666978355863675257e-05
6.562500000000000278e-02,1.843749999999999903e-02,2.177638471284568311e+01,1.000000000000000036e-10,3.549901280636745071e-05,4.944289585880652248e-05
6.687500000000000389e-02,1.843749999999999903e-02,2.127289657129198375e+01,1.000000000000000036e-10,4.269351480842529265e-05,4.162953611082087491e-05
6.812500000000000500e-02,1.843749999999999903e-02,2.070904684263505047e+01,1.000000000000000036e-10,4.693015214063350575e-05,3.458554822973382173e-05
6.937500000000000611e-02,1.843749999999999903e-02,2.009964276777614600e+01,1.000000000000000036e-10,5.030459757131565705e-05,2.867968452062512704e-05
7.062500000000000722e-02,1.843749999999999903e-02,1.945143190335215877e+01,1.000000000000000036e-10,5.320372764014265018e-05,2.383259504346483073e-05
7.187500000000000833e-02,1.843749999999999903e-02,1.876954957677257951e+01,1.000000000000000036e-10,5.571807506824539983e-05,1.986588068564742196e-05
7.312499999999999556e-02,1.843749999999999903e-02,1.805848002664602348e+01,1.000000000000000036e-10,5.789443133646997135e-05,1.661032869981766806e-05
7.437499999999999667e-02,1.843749999999999903e-02,1.732218879336083006e+01,1.000000000000000036e-10,5.977277810517662098e-05,1.392682757399967016e-05
7.562499999999999778e-02,1.843749999999999903e-02,1.656416057401660780e+01,1.000000000000000036e-10,6.139005061397254689e-05,1.170494257402878897e-05
7.687499999999999889e-02,1.843749999999999903e-02,1.578743752801151601e+01,1.000000000000000036e-10,6.277991256100818088e-05,9.857484836775965727e-06
7.812500000000000000e-02,1.843749999999999903e-02,1.499466275999140308e+01,1.000000000000000036e-10,6.397250263139630578e-05,8.315377081522398481e-06
7.937500000000000111e-02,1.843749999999999903e-02,1.418812496222660791e+01,1.000000000000000036e-10,6.499445627407708214e-05,7.023549964607978384e-06
8.062500000000000222e-02,1.843749999999999903e-02,1.336980135313947571e+01,1.000000000000000036e-10,6.586909994426383202e-05,5.937797280424347001e-06
8.187500000000000333e-02,1.843749999999999903e-02,1.254139746362001162e+01,1.000000000000000036e-10,6.661672684722330586e-05,5.022386587976085322e-06
8.312500000000000444e-02,1.843749999999999903e-02,1.170438318195889238e+01,1.000000000000000036e-10,6.725490080653300754e-05,4.248239730877826151e-06
8.437500000000000555e-02,1.843749999999999903e-02,1.086002494345668623e+01,1.000000000000000036e-10,6.779875901341368824e-05,3.591538899215293767e-06
8.562500000000000666e-02,1.843749999999999903e-02,1.000941420662354986e+01,1.000000000000000036e-10,6.826129816839431497e-05,3.032650630250372401e-06
8.687500000000000777e-02,1.843749999999999903e-02,9.153492489246827901e+00,1.000000000000000036e-10,6.865363637952098732e-05,2.555288383982911661e-06
8.812499999999999500e-02,1.843749999999999903e-02,8.293073297135524768e+00,1.000000000000000036e-10,6.898524771650100271e-05,2.145855136152902957e-06
8.937499999999999611e-02,1.843749999999999903e-02,7.428861296334302367e+00,1.000000000000000036e-10,6.926416892139444315e-05,1.792922585726159543e-06
9.062499999999999722e-02,1.843749999999999903e-02,6.561469074100663157e+00,1.000000000000000036e-10,6.949717921485954819e-05,1.486814598036474205e-06
9.187499999999999833e-02,1.843749999999999903e-02,5.691431815962813445e+00,1.000000000000000036e-10,6.968995486577634919e-05,1.219270542928114533e-06
9.312499999999999944e-02,1.843749999999999903e-02,4.819220202456254043e+00,1.000000000000000036e-10,6.984720048794267814e-05,9.831700674948960593e-07
9.437500000000000056e-02,1.843749999999999903e-02,3.945251803764246112e+00,1.000000000000000036e-10,6.997275906234878384e-05,7.723051576156690408e-07
9.562500000000000167e-02,1.843749999999999903e-02,3.069901225897534225e+00,1.000000000000000036e-10,7.006970256463214549e-05,5.811885139225480363e-07
9.687500000000000278e-02,1.843749999999999903e-02,2.193509239648442133e+00,1.000000000000000036e-10,7.014040487122701474e-05,4.048895975962451148e-07
9.812500000000000389e-02,1.843749999999999903e-02,1.316391104116858557e+00,1.000000000000000036e-10,7.018659836498616260e-05,2.388914043835476900e-07
9.937500000000000500e-02,1.843749999999999903e-02,4.388442805237875444e-01,1.000000000000000036e-10,7.020941538562583037e-05,7.896225418619450204e-08
6.250000000000000130e-04,1.906249999999999958e-02,9.956163151638413922e+01,1.000000000000000036e-10,7.013280409839125031e-05,-7.305086502015001064e-08
1.874999999999999931e-03,1.906249999999999958e-02,9.868504838115607924e+01,1.000000000000000036e-10,7.010803858810389037e-05,-2.210115280809076631e-07
3.125000000000000173e-03,1.906249999999999958e-02,9.780893055168154149e+01,1.000000000000000036e-10,7.005789419528240494e-05,-3.746005306072674034e-07
4.375000000000000416e-03,1.906249999999999958e-02,9.693360102627401886e+01,1.000000000000000036e-10,6.998112882392943561e-05,-5.377437419372198417e-07
5.624999999999999792e-03,1.906249999999999958e-02,9.605940233108330517e+01,1.000000000000000036e-10,6.987584055781836750e-05,-7.146340454039544030e-07
6.875000000000000035e-03,1.906249999999999958e-02,9.518670501232855941e+01,1.000000000000000036e-10,6.973942002243629663e-05,-9.098516248104714312e-07
8.125000000000000278e-03,1.906249999999999958e-02,9.431591683052239716e+01,1.000000000000000036e-10,6.956848498658756066e-05,-1.128498656595411297e-06
9.374999999999999653e-03,1.906249999999999958e-02,9.344749288766386996e+01,1.000000000000000036e-10,6.935879553433892076e-05,-1.376353932766960205e-06
1.062500000000000076e-02,1.906249999999999958e-02,9.258194694216392406e+01,1.000000000000000036e-10,6.910514765066351559e-05,-1.660054162404093957e-06
1.187500000000000014e-02,1.906249999999999958e-02,9.171986419639728183e+01,1.000000000000000036e-10,6.880124253332211431e-05,-1.987310398343424678e-06
1.312499999999999951e-02,1.906249999999999958e-02,9.086191587883087095e+01,1.000000000000000036e-10,6.843952836514346659e-05,-2.367170369197992630e-06
1.437500000000000062e-02,1.906249999999999958e-02,9.000887598726869498e+01,1.000000000000000036e-10,6.801101065745340476e-05,-2.810340685606433345e-06
1.562500000000000000e-02,1.906249999999999958e-02,8.916164061239453531e+01,1.000000000000000036e-10,6.750502661963592361e-05,-3.329587247436620356e-06
1.687500000000000111e-02,1.906249999999999958e-02,8.832125032177779644e+01,1.000000000000000036e-10,6.690897835328994681e-05,-3.940238146018372226e-06
1.812499999999999875e-02,1.906249999999999958e-02,8.748891615356228613e+01,1.000000000000000036e-10,6.620801907769019294e-05,-4.660821555353321865e-06
1.937499999999999986e-02,1.906249999999999958e-02,8.666604984483554119e+01,1.000000000000000036e-10,6.538468619591468814e-05,-5.513882420650587394e-06
2.062500000000000097e-02,1.906249999999999958e-02,8.585429899866441872e+01,1.000000000000000036e-10,6.441847507028284161e-05,-6.527037426443483965e-06
2.187500000000000208e-02,1.906249999999999958e-02,8.505558796807846988e+01,1.000000000000000036e-10,6.328534846673788830e-05,-7.734349496558932247e-06
2.312499999999999972e-02,1.906249999999999958e-02,8.427216528699597120e+01,1.000000000000000036e-10,6.195718017238162898e-05,-9.178133239356609587e-06
2.437500000000000083e-02,1.906249999999999958e-02,8.350665846376892887e+01,1.000000000000000036e-10,6.040114124981583939e-05,-1.091134373662612027e-05
2.562500000000000194e-02,1.906249999999999958e-02,8.276213675575057493e+01,1.000000000000000036e-10,5.857906585615636676e-05,-1.300075246014784963e-05
2.687499999999999958e-02,1.906249999999999958e-02,8.204218181736501947e+01,1.000000000000000036e-10,5.644691924594154759e-05,-1.553115712417820510e-05
2.812500000000000069e-02,1.906249999999999958e-02,8.135096377460203598e+01,1.000000000000000036e-10,5.395475737726996164e-05,-1.861079319280519931e-05
2.937500000000000180e-02,1.906249999999999958e-02,8.069331288293327020e+01,1.000000000000000036e-10,5.104837451144816961e-05,-2.237731738930960696e-05
3.062499999999999944e-02,1.906249999999999958e-02,8.007475441181583165e+01,1.000000000000000036e-10,4.767577369494573666e-05,-2.699909673207570864e-05
3.187500000000000056e-02,1.906249999999999958e-02,7.950141854055962654e+01,1.000000000000000036e-10,4.380046323074849928e-05,-3.264125807080062495e-05
3.312500000000000167e-02,1.906249999999999958e-02,7.897974283104711901e+01,1.000000000000000036e-10,3.934891098486559009e-05,-3.922973148066261491e-05
3.437500000000000278e-02,1.906249999999999958e-02,7.851769576593798661e+01,1.000000000000000036e-10,3.322127778447849715e-05,-4.518163288768504884e-05
3.562500000000000389e-02,1.906249999999999958e-02,7.814921088643515645e+01,1.000000000000000036e-10,1.591597956455424981e-05,-4.275183905837479299e-05
3.687499999999999806e-02,1.906249999999999958e-02,7.666377310107833409e+01,9.999999999999999799e-13,2.203284729325292120e-06,-2.382360258630228660e-07
3.812499999999999917e-02,1.906249999999999958e-02,7.409702223886772288e+01,9.999999999999999799e-13,2.038594365231330254e-06,-1.157469868817315787e-08
3.937500000000000028e-02,1.906249999999999958e-02,7.156728718800000877e+01,9.999999999999999799e-13,2.021546808917719125e-06,2.452435803734260891e-08
4.062500000000000139e-02,1.906249999999999958e-02,6.904315521657342458e+01,9.999999999999999799e-13,2.019417271953579700e-06,2.803373300308749037e-08
4.187500000000000250e-02,1.906249999999999958e-02,6.651874400811605881e+01,9.999999999999999799e-13,2.020762198934477323e-06,2.648341402416463164e-08
4.312500000000000361e-02,1.906249999999999958e-02,6.399124971923723137e+01,9.999999999999999799e-13,2.023937938586470778e-06,2.430140152599733469e-08
4.437499999999999778e-02,1.906249999999999958e-02,6.145889916164988165e+01,9.999999999999999799e-13,2.028192250677738975e-06,2.175097811301043466e-08
4.562499999999999889e-02,1.906249999999999958e-02,5.892076909254288353e+01,9.999999999999999799e-13,2.032793095877804262e-06,1.842104125507262296e-08
4.687500000000000000e-02,1.906249999999999958e-02,5.637691642195537156e+01,9.999999999999999799e-13,2.036999161951723642e-06,1.411676052921961718e-08
4.812500000000000111e-02,1.906249999999999958e-02,5.382827118766357444e+01,9.999999999999999799e-13,2.040183228522244204e-06,8.896780515760837708e-09
4.937500000000000222e-02,1.906249999999999958e-02,5.127645835064976154e+01,9.999999999999999799e-13,2.041891815309293176e-06,3.040244003602766000e-09
5.062500000000000333e-02,1.906249999999999958e-02,4.872354164939034149e+01,9.999999999999999799e-13,2.041891815309310540e-06,-3.040244003454972813e-09
5.187500000000000444e-02,1.906249999999999958e-02,4.617172881237648596e+01,9.999999999999999799e-13,2.040183228522334836e-06,-8.896780515613045348e-09
5.312499999999999861e-02,1.906249999999999958e-02,4.362308357808450410e+01,9.999999999999999799e-13,2.036999161951899825e-06,-1.411676052908319524e-08
5.437499999999999972e-02,1.906249999999999958e-02,4.107923090749673634e+01,9.999999999999999799e-13,2.032793095878028726e-06,-1.842104125492482895e-08
5.562500000000000083e-02,1.906249999999999958e-02,3.854110083838943268e+01,9.999999999999999799e-13,2.028192250678034589e-06,-2.175097811283990310e-08
5.687500000000000194e-02,1.906249999999999958e-02,3.600875028080164952e+01,9.999999999999999799e-13,2.023937938586868883e-06,-2.430140152583248752e-08
5.812500000000000305e-02,1.906249999999999958e-02,3.348125599192226076e+01,9.999999999999999799e-13,2.020762198934937686e-06,-2.648341402400546885e-08
5.937500000000000416e-02,1.906249999999999958e-02,3.095684478346430524e+01,9.999999999999999799e-13,2.019417271954088767e-06,-2.803373300291696212e-08
6.062499999999999833e-02,1.906249999999999958e-02,2.843271281203703893e+01,9.999999999999999799e-13,2.021546808918305272e-06,-2.452435803717207735e-08
6.187499999999999944e-02,1.906249999999999958e-02,2.590297776116854322e+01,9.999999999999999799e-13,2.038594365232006610e-06,1.157469868831810804e-08
6.312500000000000056e-02,1.906249999999999958e-02,2.333622689895702251e+01,9.999999999999999799e-13,2.203284729326089601e-06,2.382360258632474091e-07
6.437500000000000167e-02,1.906249999999999958e-02,2.185078911359965304e+01,1.000000000000000036e-10,1.591597956456107689e-05,4.275183905840321263e-05
6.562500000000000278e-02,1.906249999999999958e-02,2.148230423409666301e+01,1.000000000000000036e-10,3.322127778449597313e-05,4.518163288771489150e-05
6.687500000000000389e-02,1.906249999999999958e-02,2.102025716898725349e+01,1.000000000000000036e-10,3.934891098488818215e-05,3.922973148068904911e-05
6.812500000000000500e-02,1.906249999999999958e-02,2.049858145947445820e+01,1.000000000000000036e-10,4.380046323077521132e-05,3.264125807082023545e-05
6.937500000000000611e-02,1.906249999999999958e-02,1.992524558821787295e+01,1.000000000000000036e-10,4.767577369498012619e-05,2.699909673209816517e-05
7.062500000000000722e-02,1.906249999999999958e-02,1.930668711709995478e+01,1.000000000000000036e-10,5.104837451148866456e-05,2.237731738932609022e-05
7.187500000000000833e-02,1.906249999999999958e-02,1.864903622543065609e+01,1.000000000000000036e-10,5.395475737731841870e-05,1.861079319282054755e-05
7.312499999999999556e-02,1.906249999999999958e-02,1.795781818266699403e+01,1.000000000000000036e-10,5.644691924599782445e-05,1.553115712419241831e-05
7.437499999999999667e-02,1.906249999999999958e-02,1.723786324428071026e+01,1.000000000000000036e-10,5.857906585621846444e-05,1.300075246016149025e-05
7.562499999999999778e-02,1.906249999999999958e-02,1.649334153626153210e+01,1.000000000000000036e-10,6.040114124988682075e-05,1.091134373663663534e-05
7.687499999999999889e-02,1.906249999999999958e-02,1.572783471303353942e+01,1.000000000000000036e-10,6.195718017246241559e-05,9.178133239364426007e-06
7.812500000000000000e-02,1.906249999999999958e-02,1.494441203194997136e+01,1.000000000000000036e-10,6.328534846681753651e-05,7.734349496563196211e-06
7.937500000000000111e-02,1.906249999999999958e-02,1.414570100136310060e+01,1.000000000000000036e-10,6.441847507036426519e-05,6.527037426454141333e-06
8.062500000000000222e-02,1.906249999999999958e-02,1.333395015519086435e+01,1.000000000000000036e-10,6.538468619600932544e-05,5.513882420662666931e-06
8.187500000000000333e-02,1.906249999999999958e-02,1.251108384646286709e+01,1.000000000000000036e-10,6.620801907779308372e-05,4.660821555366538120e-06
8.312500000000000444e-02,1.906249999999999958e-02,1.167874967824603694e+01,1.000000000000000036e-10,6.690897835339668651e-05,3.940238146031446179e-06
8.437500000000000555e-02,1.906249999999999958e-02,1.083835938762794981e+01,1.000000000000000036e-10,6.750502661974414054e-05,3.329587247449267405e-06
8.562500000000000666e-02,1.906249999999999958e-02,9.991124012752433003e+00,1.000000000000000036e-10,6.801101065756773388e-05,2.810340685615386060e-06
8.687500000000000777e-02,1.906249999999999958e-02,9.138084121188756015e+00,1.000000000000000036e-10,6.843952836526503276e-05,2.367170369206235108e-06
8.812499999999999500e-02,1.906249999999999958e-02,8.280135803620806811e+00,1.000000000000000036e-10,6.880124253344766492e-05,1.987310398348824513e-06
8.937499999999999611e-02,1.906249999999999958e-02,7.418053057852564081e+00,1.000000000000000036e-10,6.910514765079382314e-05,1.660054162410488844e-06
9.062499999999999722e-02,1.906249999999999958e-02,6.552507112350960838e+00,1.000000000000000036e-10,6.935879553447853890e-05,1.376353932777334241e-06
9.187499999999999833e-02,1.906249999999999958e-02,5.684083169490600440e+00,1.000000000000000036e-10,6.956848498673475465e-05,1.128498656601095523e-06
9.312499999999999944e-02,1.906249999999999958e-02,4.813294987682591675e+00,1.000000000000000036e-10,6.973942002258457483e-05,9.098516248140951440e-07
9.437500000000000056e-02,1.906249999999999958e-02,3.940597668925985619e+00,1.000000000000000036e-10,6.987584055797099606e-05,7.146340454004727799e-07
9.562500000000000167e-02,1.906249999999999958e-02,3.066398973733316158e+00,1.000000000000000036e-10,6.998112882408832544e-05,5.377437419375041271e-07
9.687500000000000278e-02,1.906249999999999958e-02,2.191069448323776925e+00,1.000000000000000036e-10,7.005789419544674289e-05,3.746005306047094698e-07
9.812500000000000389e-02,1.906249999999999958e-02,1.314951618847147508e+00,1.000000000000000036e-10,7.010803858827359511e-05,2.210115280821688952e-07
9.937500000000000500e-02,1.906249999999999958e-02,4.383684836169368659e-01,1.000000000000000036e-10,7.013280409856336741e-05,7.305086502285006051e-08
6.250000000000000130e-04,1.968750000000000014e-02,9.956206885529006456e+01,1.000000000000000036e-10,7.006238418890176913e-05,-6.667474260552807498e-08
1.874999999999999931e-03,1.968750000000000014e-02,9.868637153998739109e+01,1.000000000000000036e-10,7.003582353202488474e-05,-2.017245669139810306e-07
3.125000000000000173e-03,1.968750000000000014e-02,9.781117326698944225e+01,1.000000000000000036e-10,6.998203876413524802e-05,-3.419229114126664633e-07
4.375000000000000416e-03,1.968750000000000014e-02,9.693682057088400938e+01,1.000000000000000036e-10,6.989968580707396119e-05,-4.908621969173054621e-07
5.624999999999999792e-03,1.968750000000000014e-02,9.606368112181259278e+01,1.000000000000000036e-10,6.978670512075777475e-05,-6.523811142005796124e-07
6.875000000000000035e-03,1.968750000000000014e-02,9.519215294286506435e+01,1.000000000000000036e-10,6.964026818219620806e-05,-8.306758190406069695e-07
8.125000000000000278e-03,1.968750000000000014e-02,9.432267441725768720e+01,1.000000000000000036e-10,6.945670371164905919e-05,-1.030424709174439732e-06
9.374999999999999653e-03,1.968750000000000014e-02,9.345573535007383725e+01,1.000000000000000036e-10,6.923140146181592754e-05,-1.256932029147037317e-06
1.062500000000000076e-02,1.968750000000000014e-02,9.259188938071228847e+01,1.000000000000000036e-10,6.895869068847842900e-05,-1.516296737510173993e-06
1.187500000000000014e-02,1.968750000000000014e-02,9.173176808286187622e+01,1.000000000000000036e-10,6.863168961297843034e-05,-1.815614726806415687e-06
1.312499999999999951e-02,1.968750000000000014e-02,9.087609714038782727e+01,1.000000000000000036e-10,6.824212123576612449e-05,-2.163224768034978598e-06
1.437500000000000062e-02,1.968750000000000014e-02,9.002571505196772250e+01,1.000000000000000036e-10,6.778008972915869205e-05,-2.569011679617005483e-06
1.562500000000000000e-02,1.968750000000000014e-02,8.918159489715885968e+01,1.000000000000000036e-10,6.723381028309857775e-05,-3.044784511488386793e-06
1.687500000000000111e-02,1.968750000000000014e-02,8.834486979489025771e+01,1.000000000000000036e-10,6.658928365246934687e-05,-3.604753433485256435e-06
1.812499999999999875e-02,1.968750000000000014e-02,8.751686280584712563e+01,1.000000000000000036e-10,6.582990470980516892e-05,-4.266137158756463967e-06
1.937499999999999986e-02,1.968750000000000014e-02,8.669912217714512792e+01,1.000000000000000036e-10,6.493599200862432120e-05,-5.049944025766988821e-06
2.062500000000000097e-02,1.968750000000000014e-02,8.589346300563151715e+01,1.000000000000000036e-10,6.388422273604247377e-05,-5.981985622212276839e-06
2.187500000000000208e-02,1.968750000000000014e-02,8.510201660874406571e+01,1.000000000000000036e-10,6.264695472485980762e-05,-7.094203993430026097e-06
2.312499999999999972e-02,1.968750000000000014e-02,8.432728913751002153e+01,1.000000000000000036e-10,6.119141544089300828e-05,-8.426424953329385390e-06
2.437500000000000083e-02,1.968750000000000014e-02,8.357223122272174010e+01,1.000000000000000036e-10,5.947874100350530939e-05,-1.002869534267005944e-05
2.562500000000000194e-02,1.968750000000000014e-02,8.284032061242238854e+01,1.000000000000000036e-10,5.746287141133733485e-05,-1.196442836118308027e-05
2.687499999999999958e-02,1.968750000000000014e-02,8.213565943743830644e+01,1.000000000000000036e-10,5.508941097008515262e-05,-1.431467769740379185e-05
2.812500000000000069e-02,1.968750000000000014e-02,8.146308533817025932e+01,1.000000000000000036e-10,5.229499493563024572e-05,-1.718398366800897323e-05
2.937500000000000180e-02,1.968750000000000014e-02,8.082828456404755002e+01,1.000000000000000036e-10,4.900957587046489818e-05,-2.070822594860487374e-05
3.062499999999999944e-02,1.968750000000000014e-02,8.023784594140863646e+01,1.000000000000000036e-10,4.517262723053589574e-05,-2.506341344456245072e-05
3.187500000000000056e-02,1.968750000000000014e-02,7.969896888328415230e+01,1.000000000000000036e-10,4.081483476631091807e-05,-3.046038989409794047e-05
3.312500000000000167e-02,1.968750000000000014e-02,7.921747507225086338e+01,1.000000000000000036e-10,3.642332739995708018e-05,-3.698906985124494038e-05
3.437500000000000278e-02,1.968750000000000014e-02,7.878838569828522509e+01,1.000000000000000036e-10,3.373795901749359770e-05,-4.301579372567743565e-05
3.562500000000000389e-02,1.968750000000000014e-02,7.837402609681352317e+01,1.000000000000000036e-10,1.784820128020057152e-05,-2.832015024177279871e-05
3.687499999999999806e-02,1.968750000000000014e-02,7.676583185488124172e+01,9.999999999999999799e-13,2.340298183633011583e-06,-5.962587656862296585e-08
3.812499999999999917e-02,1.968750000000000014e-02,7.409962944912996363e+01,9.999999999999999799e-13,2.085829110233885634e-06,1.939487076402883458e-08
3.937500000000000028e-02,1.968750000000000014e-02,7.155125907929652840e+01,9.999999999999999799e-13,2.029584164421851376e-06,3.020103964803411311e-08
4.062500000000000139e-02,1.968750000000000014e-02,6.902566903807533549e+01,9.999999999999999799e-13,2.019472727957151210e-06,2.847753810684707881e-08
4.187500000000000250e-02,1.968750000000000014e-02,6.650257725940365106e+01,9.999999999999999799e-13,2.019600264481323306e-06,2.530337716789290458e-08
4.312500000000000361e-02,1.968750000000000014e-02,6.397666837687202701e+01,9.999999999999999799e-13,2.022620008053781157e-06,2.238369677010609939e-08
4.437499999999999778e-02,1.968750000000000014e-02,6.144602723926919907e+01,9.999999999999999799e-13,2.026678843971399432e-06,1.951210886453509405e-08
4.562499999999999889e-02,1.968750000000000014e-02,5.890997126694352914e+01,9.999999999999999799e-13,2.030933888872621399e-06,1.623196545293126250e-08
4.687500000000000000e-02,1.968750000000000014e-02,5.636869251708764494e+01,9.999999999999999799e-13,2.034745846704822731e-06,1.229682437831343147e-08
4.812500000000000111e-02,1.968750000000000014e-02,5.382310665018147233e+01,9.999999999999999799e-13,2.037598534363769480e-06,7.698339551984644903e-09
4.937500000000000222e-02,1.968750000000000014e-02,5.127469618117822137e+01,9.999999999999999799e-13,2.039121132527864674e-06,2.623092491842271446e-09
5.062500000000000333e-02,1.968750000000000014e-02,4.872530381886181061e+01,9.999999999999999799e-13,2.039121132527887544e-06,-2.623092491688794287e-09
5.187500000000000444e-02,1.968750000000000014e-02,4.617689334985850280e+01,9.999999999999999799e-13,2.037598534363866042e-06,-7.698339551797061847e-09
5.312499999999999861e-02,1.968750000000000014e-02,4.363130748295214545e+01,9.999999999999999799e-13,2.034745846704998914e-06,-1.229682437816563911e-08
5.437499999999999972e-02,1.968750000000000014e-02,4.109002873309600545e+01,9.999999999999999799e-13,2.030933888872857722e-06,-1.623196545276641533e-08
5.562500000000000083e-02,1.968750000000000014e-02,3.855397276077000157e+01,9.999999999999999799e-13,2.026678843971703517e-06,-1.951210886436456581e-08
5.687500000000000194e-02,1.968750000000000014e-02,3.602333162316674731e+01,9.999999999999999799e-13,2.022620008054167404e-06,-2.238369676994124892e-08
5.812500000000000305e-02,1.968750000000000014e-02,3.349742274063458325e+01,9.999999999999999799e-13,2.019600264481780704e-06,-2.530337716772805741e-08
5.937500000000000416e-02,1.968750000000000014e-02,3.097433096196229485e+01,9.999999999999999799e-13,2.019472727957662818e-06,-2.847753810669360372e-08
6.062499999999999833e-02,1.968750000000000014e-02,2.844874092074042693e+01,9.999999999999999799e-13,2.029584164422428629e-06,-3.020103964788063471e-08
6.187499999999999944e-02,1.968750000000000014e-02,2.590037055090622431e+01,9.999999999999999799e-13,2.085829110234561990e-06,-1.939487076387820169e-08
6.312500000000000056e-02,1.968750000000000014e-02,2.323416814515402251e+01,9.999999999999999799e-13,2.340298183633865392e-06,5.962587656874234456e-08
6.437500000000000167e-02,1.968750000000000014e-02,2.162597390322113000e+01,1.000000000000000036e-10,1.784820128020830324e-05,2.832015024179156218e-05
6.562500000000000278e-02,1.968750000000000014e-02,2.121161430174924689e+01,1.000000000000000036e-10,3.373795901751036895e-05,4.301579372570642451e-05
6.687500000000000389e-02,1.968750000000000014e-02,2.078252492778337057e+01,1.000000000000000036e-10,3.642332739997797140e-05,3.698906985126825073e-05
6.812500000000000500e-02,1.968750000000000014e-02,2.030103111674979743e+01,1.000000000000000036e-10,4.081483476633805701e-05,3.046038989411953643e-05
6.937500000000000611e-02,1.968750000000000014e-02,1.976215405862491892e+01,1.000000000000000036e-10,4.517262723056858444e-05,2.506341344458376885e-05
7.062500000000000722e-02,1.968750000000000014e-02,1.917171543598558259e+01,1.000000000000000036e-10,4.900957587050384814e-05,2.070822594862135700e-05
7.187500000000000833e-02,1.968750000000000014e-02,1.853691466186232262e+01,1.000000000000000036e-10,5.229499493567856048e-05,1.718398366802489067e-05
7.312499999999999556e-02,1.968750000000000014e-02,1.786434056259361824e+01,1.000000000000000036e-10,5.508941097014043338e-05,1.431467769741771707e-05
7.437499999999999667e-02,1.968750000000000014e-02,1.715967938760881140e+01,1.000000000000000036e-10,5.746287141139872780e-05,1.196442836119729010e-05
7.562499999999999778e-02,1.968750000000000014e-02,1.642776877730864982e+01,1.000000000000000036e-10,5.947874100357401393e-05,1.002869534268029160e-05
7.687499999999999889e-02,1.968750000000000014e-02,1.567271086251946066e+01,1.000000000000000036e-10,6.119141544097145031e-05,8.426424953334928373e-06
7.812500000000000000e-02,1.968750000000000014e-02,1.489798339128436311e+01,1.000000000000000036e-10,6.264695472494116344e-05,7.094203993430453001e-06
7.937500000000000111e-02,1.968750000000000014e-02,1.410653699439593112e+01,1.000000000000000036e-10,6.388422273612682470e-05,5.981985622221229978e-06
8.062500000000000222e-02,1.968750000000000014e-02,1.330087782288119236e+01,1.000000000000000036e-10,6.493599200872004270e-05,5.049944025778215395e-06
8.187500000000000333e-02,1.968750000000000014e-02,1.248313719417792989e+01,1.000000000000000036e-10,6.582990470990770734e-05,4.266137158766126919e-06
8.312500000000000444e-02,1.968750000000000014e-02,1.165513020513349929e+01,1.000000000000000036e-10,6.658928365257436540e-05,3.604753433496056529e-06
8.437500000000000555e-02,1.968750000000000014e-02,1.081840510286357038e+01,1.000000000000000036e-10,6.723381028320564272e-05,3.044784511495207949e-06
8.562500000000000666e-02,1.968750000000000014e-02,9.974284948053357525e+00,1.000000000000000036e-10,6.778008972927279077e-05,2.569011679624679178e-06
8.687500000000000777e-02,1.968750000000000014e-02,9.123902859631749962e+00,1.000000000000000036e-10,6.824212123588770421e-05,2.163224768041942056e-06
8.812499999999999500e-02,1.968750000000000014e-02,8.268231917156164457e+00,1.000000000000000036e-10,6.863168961310312714e-05,1.815614726814800254e-06
8.937499999999999611e-02,1.968750000000000014e-02,7.408110619304171252e+00,1.000000000000000036e-10,6.895869068860870945e-05,1.516296737517918839e-06
9.062499999999999722e-02,1.968750000000000014e-02,6.544264649940946477e+00,1.000000000000000036e-10,6.923140146195485450e-05,1.256932029153929624e-06
9.187499999999999833e-02,1.968750000000000014e-02,5.677325582755299749e+00,1.000000000000000036e-10,6.945670371179472175e-05,1.030424709176713592e-06
9.312499999999999944e-02,1.968750000000000014e-02,4.807847057146077852e+00,1.000000000000000036e-10,6.964026818234237207e-05,8.306758190400385045e-07
9.437500000000000056e-02,1.968750000000000014e-02,3.936318878196740201e+00,1.000000000000000036e-10,6.978670512091048462e-05,6.523811141975598341e-07
9.562500000000000167e-02,1.968750000000000014e-02,3.063179429123315423e+00,1.000000000000000036e-10,6.989968580723427403e-05,4.908621969200054855e-07
9.687500000000000278e-02,1.968750000000000014e-02,2.188826733015883264e+00,1.000000000000000036e-10,6.998203876429934201e-05,3.419229114105347990e-07
9.812500000000000389e-02,1.968750000000000014e-02,1.313628460015831445e+00,1.000000000000000036e-10,7.003582353219524000e-05,2.017245669150291015e-07
9.937500000000000500e-02,1.968750000000000014e-02,4.379311447110019184e-01,1.000000000000000036e-10,7.006238418907333057e-05,6.667474260609651350e-08
6.250000000000000130e-04,2.031250000000000069e-02,9.956246495066670832e+01,1.000000000000000036e-10,6.999860444363150227e-05,-5.987353541513584163e-08
1.874999999999999931e-03,2.031250000000000069e-02,9.868756993824250401e+01,1.000000000000000036e-10,6.997041450370033435e-05,-1.811504757029069363e-07
3.125000000000000173e-03,2.031250000000000069e-02,9.781320458807419982e+01,1.000000000000000036e-10,6.991332538028073595e-05,-3.070600569662928463e-07
4.375000000000000416e-03,2.031250000000000069e-02,9.693973680373548518e+01,1.000000000000000036e-10,6.982589972253549137e-05,-4.408357439581322090e-07
5.624999999999999792e-03,2.031250000000000069e-02,9.606755709501081242e+01,1.000000000000000036e-10,6.970593374675671102e-05,-5.859342360975005531e-07
6.875000000000000035e-03,2.031250000000000069e-02,9.519708846006656700e+01,1.000000000000000036e-10,6.955039822494937763e-05,-7.461364669427437277e-07
8.125000000000000278e-03,2.031250000000000069e-02,9.432879713938707766e+01,1.000000000000000036e-10,6.935535688153435057e-05,-9.256611542900825222e-07
9.374999999999999653e-03,2.031250000000000069e-02,9.346320453802820793e+01,1.000000000000000036e-10,6.911585952017103860e-05,-1.129295778428058547e-06
1.062500000000000076e-02,2.031250000000000069e-02,9.260090065138280124e+01,1.000000000000000036e-10,6.882580630183381836e-05,-1.362550992382693701e-06
1.187500000000000014e-02,2.031250000000000069e-02,9.174255938048236203e+01,1.000000000000000036e-10,6.847777851805969930e-05,-1.631846042290589826e-06
1.312499999999999951e-02,2.031250000000000069e-02,9.088895618843130819e+01,1.000000000000000036e-10,6.806282988873816036e-05,-1.944734949281609474e-06
1.437500000000000062e-02,2.031250000000000069e-02,9.004098863326390756e+01,1.000000000000000036e-10,6.757023078572671612e-05,-2.310186193557228377e-06
1.562500000000000000e-02,2.031250000000000069e-02,8.919970041878814015e+01,1.000000000000000036e-10,6.698715574270180343e-05,-2.738932753005655490e-06
1.687500000000000111e-02,2.031250000000000069e-02,8.836630973969636216e+01,1.000000000000000036e-10,6.629830202965590483e-05,-3.243915020134408710e-06
1.812499999999999875e-02,2.031250000000000069e-02,8.754224286804674193e+01,1.000000000000000036e-10,6.548542378154932251e-05,-3.840846976725060071e-06
1.937499999999999986e-02,2.031250000000000069e-02,8.672917414515762857e+01,1.000000000000000036e-10,6.452676196418677239e-05,-4.548946948526689560e-06
2.062500000000000097e-02,2.031250000000000069e-02,8.592907381894207219e+01,1.000000000000000036e-10,6.339634508645131789e-05,-5.391889624290797047e-06
2.187500000000000208e-02,2.031250000000000069e-02,8.514426551799634524e+01,1.000000000000000036e-10,6.206312880117933572e-05,-6.399057843121908296e-06
2.312499999999999972e-02,2.031250000000000069e-02,8.437749559891258855e+01,1.000000000000000036e-10,6.048993449776161315e-05,-7.607204309937286901e-06
2.437500000000000083e-02,2.031250000000000069e-02,8.363201715555230464e+01,1.000000000000000036e-10,5.863213954588899449e-05,-9.062681291419491866e-06
2.562500000000000194e-02,2.031250000000000069e-02,8.291169211026536345e+01,1.000000000000000036e-10,5.643607467878950564e-05,-1.082447518279422918e-05
2.687499999999999958e-02,2.031250000000000069e-02,8.222111528858256690e+01,1.000000000000000036e-10,5.383714159252860195e-05,-1.296843411203326073e-05
2.812500000000000069e-02,2.031250000000000069e-02,8.156576357045214820e+01,1.000000000000000036e-10,5.075798325166941730e-05,-1.559344006571904842e-05
2.937500000000000180e-02,2.031250000000000069e-02,8.095216570729083116e+01,1.000000000000000036e-10,4.710865962317142917e-05,-1.883139820405858384e-05
3.062499999999999944e-02,2.031250000000000069e-02,8.038804707987286235e+01,1.000000000000000036e-10,4.279969172219920837e-05,-2.286728291865869822e-05
3.187500000000000056e-02,2.031250000000000069e-02,7.988217341423585083e+01,1.000000000000000036e-10,3.783763502740725615e-05,-2.799659584049435967e-05
3.312500000000000167e-02,2.031250000000000069e-02,7.944210620418768087e+01,1.000000000000000036e-10,3.307120906907583572e-05,-3.487389724249964770e-05
3.437500000000000278e-02,2.031250000000000069e-02,7.905539318750895461e+01,1.000000000000000036e-10,3.755573758921456121e-05,-4.603054640325352615e-05
3.562500000000000389e-02,2.031250000000000069e-02,7.850321276445731655e+01,1.000000000000000036e-10,2.348516331229775659e-05,-1.032523155709075097e-05
3.687499999999999806e-02,2.031250000000000069e-02,7.673830544678911281e+01,9.999999999999999799e-13,2.464157108782811229e-06,2.099100887882741723e-07
3.812499999999999917e-02,2.031250000000000069e-02,7.407277865041268683e+01,9.999999999999999799e-13,2.083507823339658668e-06,6.741808482840951398e-08
3.937500000000000028e-02,2.031250000000000069e-02,7.152953588843996613e+01,9.999999999999999799e-13,2.026088142589128716e-06,3.901013886503505849e-08
4.062500000000000139e-02,2.031250000000000069e-02,6.900755829393986573e+01,9.999999999999999799e-13,2.016968440713509420e-06,2.928400806006266154e-08
4.187500000000000250e-02,2.031250000000000069e-02,6.648711478665619268e+01,9.999999999999999799e-13,2.017715278266107168e-06,2.405972017630802378e-08
4.312500000000000361e-02,2.031250000000000069e-02,6.396327009827459875e+01,9.999999999999999799e-13,2.021042304434792114e-06,2.045396889113817329e-08
4.437499999999999778e-02,2.031250000000000069e-02,6.143450902556921278e+01,9.999999999999999799e-13,2.025116385019151766e-06,1.737537849255659371e-08
4.562499999999999889e-02,2.031250000000000069e-02,5.890047913572671945e+01,9.999999999999999799e-13,2.029185453634693273e-06,1.420663906651498288e-08
4.687500000000000000e-02,2.031250000000000069e-02,5.636154539148247977e+01,9.999999999999999799e-13,2.032732349001250607e-06,1.064272416535345684e-08
4.812500000000000111e-02,2.031250000000000069e-02,5.381864826322359363e+01,9.999999999999999799e-13,2.035346362579008492e-06,6.619089146670376225e-09
4.937500000000000222e-02,2.031250000000000069e-02,5.127317948503495870e+01,9.999999999999999799e-13,2.036731099287456477e-06,2.248675460947424730e-09
5.062500000000000333e-02,2.031250000000000069e-02,4.872682051500495248e+01,9.999999999999999799e-13,2.036731099287490358e-06,-2.248675460765525645e-09
5.187500000000000444e-02,2.031250000000000069e-02,4.618135173681623229e+01,9.999999999999999799e-13,2.035346362579096583e-06,-6.619089146465739186e-09
5.312499999999999861e-02,2.031250000000000069e-02,4.363845460855721115e+01,9.999999999999999799e-13,2.032732349001415355e-06,-1.064272416519429571e-08
5.437499999999999972e-02,2.031250000000000069e-02,4.109952086431269436e+01,9.999999999999999799e-13,2.029185453634929595e-06,-1.420663906637855764e-08
5.562500000000000083e-02,2.031250000000000069e-02,3.856549097446988839e+01,9.999999999999999799e-13,2.025116385019447381e-06,-1.737537849240880301e-08
5.687500000000000194e-02,2.031250000000000069e-02,3.603672990176407609e+01,9.999999999999999799e-13,2.021042304435186831e-06,-2.045396889097901050e-08
5.812500000000000305e-02,2.031250000000000069e-02,3.351288521338192083e+01,9.999999999999999799e-13,2.017715278266561601e-06,-2.405972017616022646e-08
5.937500000000000416e-02,2.031250000000000069e-02,3.099244170609767224e+01,9.999999999999999799e-13,2.016968440714012558e-06,-2.928400805991202864e-08
6.062499999999999833e-02,2.031250000000000069e-02,2.847046411159688972e+01,9.999999999999999799e-13,2.026088142589712321e-06,-3.901013886487874120e-08
6.187499999999999944e-02,2.031250000000000069e-02,2.592722134962339098e+01,9.999999999999999799e-13,2.083507823340318083e-06,-6.741808482823899566e-08
6.312500000000000056e-02,2.031250000000000069e-02,2.326169455324609459e+01,9.999999999999999799e-13,2.464157108783660379e-06,-2.099100887882116507e-07
6.437500000000000167e-02,2.031250000000000069e-02,2.149678723557725846e+01,1.000000000000000036e-10,2.348516331230977091e-05,1.032523155709716809e-05
6.562500000000000278e-02,2.031250000000000069e-02,2.094460681252533263e+01,1.000000000000000036e-10,3.755573758923432079e-05,4.603054640328649945e-05
6.687500000000000389e-02,2.031250000000000069e-02,2.055789379584640031e+01,1.000000000000000036e-10,3.307120906909474150e-05,3.487389724252579052e-05
6.812500000000000500e-02,2.031250000000000069e-02,2.011782658579796390e+01,1.000000000000000036e-10,3.783763502743297207e-05,2.799659584051368558e-05
6.937500000000000611e-02,2.031250000000000069e-02,1.961195292016057579e+01,1.000000000000000036e-10,4.279969172223103648e-05,2.286728291867546608e-05
7.062500000000000722e-02,2.031250000000000069e-02,1.904783429274218776e+01,1.000000000000000036e-10,4.710865962320922716e-05,1.883139820407450128e-05
7.187500000000000833e-02,2.031250000000000069e-02,1.843423642958034492e+01,1.000000000000000036e-10,5.075798325171659365e-05,1.559344006573212322e-05
7.312499999999999556e-02,2.031250000000000069e-02,1.777888471144927252e+01,1.000000000000000036e-10,5.383714159258401824e-05,1.296843411204661844e-05
7.437499999999999667e-02,2.031250000000000069e-02,1.708830788976574411e+01,1.000000000000000036e-10,5.643607467884976018e-05,1.082447518280673477e-05
7.562499999999999778e-02,2.031250000000000069e-02,1.636798284447802843e+01,1.000000000000000036e-10,5.863213954595564582e-05,9.062681291430008628e-06
7.687499999999999889e-02,2.031250000000000069e-02,1.562250440111685279e+01,1.000000000000000036e-10,6.048993449783749375e-05,7.607204309945101627e-06
7.812500000000000000e-02,2.031250000000000069e-02,1.485573448203209068e+01,1.000000000000000036e-10,6.206312880126069154e-05,6.399057843124607790e-06
7.937500000000000111e-02,2.031250000000000069e-02,1.407092618108533522e+01,1.000000000000000036e-10,6.339634508653816248e-05,5.391889624297333600e-06
8.062500000000000222e-02,2.031250000000000069e-02,1.327082585486863664e+01,1.000000000000000036e-10,6.452676196428178915e-05,4.548946948535074339e-06
8.187500000000000333e-02,2.031250000000000069e-02,1.245775713197829049e+01,1.000000000000000036e-10,6.548542378165199645e-05,3.840846976730743662e-06
8.312500000000000444e-02,2.031250000000000069e-02,1.163369026032733622e+01,1.000000000000000036e-10,6.629830202976120797e-05,3.243915020143929784e-06
8.437500000000000555e-02,2.031250000000000069e-02,1.080029958123425970e+01,1.000000000000000036e-10,6.698715574280844826e-05,2.738932753008497709e-06
8.562500000000000666e-02,2.031250000000000069e-02,9.959011366757124506e+00,1.000000000000000036e-10,6.757023078584109945e-05,2.310186193562344032e-06
8.687500000000000777e-02,2.031250000000000069e-02,9.111043811588231733e+00,1.000000000000000036e-10,6.806282988886009245e-05,1.944734949288857112e-06
8.812499999999999500e-02,2.031250000000000069e-02,8.257440619535621806e+00,1.000000000000000036e-10,6.847777851818565649e-05,1.631846042298547913e-06
8.937499999999999611e-02,2.031250000000000069e-02,7.399099348633590090e+00,1.000000000000000036e-10,6.882580630196338052e-05,1.362550992392641256e-06
9.062499999999999722e-02,2.031250000000000069e-02,6.536795461986536715e+00,1.000000000000000036e-10,6.911585952030791912e-05,1.129295778433885075e-06
9.187499999999999833e-02,2.031250000000000069e-02,5.671202860625891518e+00,1.000000000000000036e-10,6.935535688167780407e-05,9.256611542922141865e-07
9.312499999999999944e-02,2.031250000000000069e-02,4.802911539944591190e+00,1.000000000000000036e-10,6.955039822509499954e-05,7.461364669425305930e-07
9.437500000000000056e-02,2.031250000000000069e-02,3.932442904998516120e+00,1.000000000000000036e-10,6.970593374691099299e-05,5.859342361033980200e-07
9.562500000000000167e-02,2.031250000000000069e-02,3.060263196271816089e+00,1.000000000000000036e-10,6.982589972269482843e-05,4.408357439604769550e-07
9.687500000000000278e-02,2.031250000000000069e-02,2.186795411931145239e+00,1.000000000000000036e-10,6.991332538044424719e-05,3.070600569629532601e-07
9.812500000000000389e-02,2.031250000000000069e-02,1.312430061760709643e+00,1.000000000000000036e-10,6.997041450387136725e-05,1.811504757011838860e-07
9.937500000000000500e-02,2.031250000000000069e-02,4.375350493343606595e-01,1.000000000000000036e-10,6.999860444380280621e-05,5.987353541516248347e-08
6.250000000000000130e-04,2.093750000000000125e-02,9.956281727448275376e+01,1.000000000000000036e-10,6.994187218334273312e-05,-5.268986085866344981e-08
1.874999999999999931e-03,2.093750000000000125e-02,9.868863592093367743e+01,1.000000000000000036e-10,6.991223027124929767e-05,-1.594182242467922578e-07
3.125000000000000173e-03,2.093750000000000125e-02,9.781501151770152092e+01,1.000000000000000036e-10,6.985219613000762866e-05,-2.702306760829742049e-07
4.375000000000000416e-03,2.093750000000000125e-02,9.694233101768348604e+01,1.000000000000000036e-10,6.976024871750834979e-05,-3.879785897129294478e-07
5.624999999999999792e-03,2.093750000000000125e-02,9.607100529976381154e+01,1.000000000000000036e-10,6.963405475926548590e-05,-5.157114233270474981e-07
6.875000000000000035e-03,2.093750000000000125e-02,9.520147964870184865e+01,1.000000000000000036e-10,6.947040472309992036e-05,-6.567665007150934111e-07
8.125000000000000278e-03,2.093750000000000125e-02,9.433424518168631323e+01,1.000000000000000036e-10,6.926512405590641163e-05,-8.148701152060764827e-07
9.374999999999999653e-03,2.093750000000000125e-02,9.346985154730418799e+01,1.000000000000000036e-10,6.901295654276963011e-05,-9.942543802526411878e-07
1.062500000000000076e-02,2.093750000000000125e-02,9.260892126811707215e+01,1.000000000000000036e-10,6.870741555654715849e-05,-1.199795288272298213e-06
1.187500000000000014e-02,2.093750000000000125e-02,9.175216615839050860e+01,1.000000000000000036e-10,6.834059763452898198e-05,-1.437178893504551232e-06
1.312499999999999951e-02,2.093750000000000125e-02,9.090040632725384739e+01,1.000000000000000036e-10,6.790295116013280808e-05,-1.713104546206522866e-06
1.437500000000000062e-02,2.093750000000000125e-02,9.005459237938718786e+01,1.000000000000000036e-10,6.738299082729667412e-05,-2.035536878702259325e-06
1.562500000000000000e-02,2.093750000000000125e-02,8.921583155657143038e+01,1.000000000000000036e-10,6.676694586980998420e-05,-2.414022067596305894e-06
1.687500000000000111e-02,2.093750000000000125e-02,8.838541873264193782e+01,1.000000000000000036e-10,6.603832654060963611e-05,-2.860089184423486074e-06
1.812499999999999875e-02,2.093750000000000125e-02,8.756487339305618889e+01,1.000000000000000036e-10,6.517738874560902998e-05,-3.387764790884375196e-06
1.937499999999999986e-02,2.093750000000000125e-02,8.675598401400171156e+01,1.000000000000000036e-10,6.416047068484145356e-05,-4.014239195294065722e-06
2.062500000000000097e-02,2.093750000000000125e-02,8.596086162593515212e+01,1.000000000000000036e-10,6.295916728874485974e-05,-4.760737240598017535e-06
2.187500000000000208e-02,2.093750000000000125e-02,8.518200483178308957e+01,1.000000000000000036e-10,6.153929738203656608e-05,-5.653667130812891332e-06
2.312499999999999972e-02,2.093750000000000125e-02,8.442237919138423763e+01,1.000000000000000036e-10,5.985960371674422327e-05,-6.726151037878479280e-06
2.437500000000000083e-02,2.093750000000000125e-02,8.368551473886448377e+01,1.000000000000000036e-10,5.787010556707683571e-05,-8.020088012697213796e-06
2.562500000000000194e-02,2.093750000000000125e-02,8.297562655220731642e+01,1.000000000000000036e-10,5.550999500103044788e-05,-9.588980744937314416e-06
2.687499999999999958e-02,2.093750000000000125e-02,8.229776486383872225e+01,1.000000000000000036e-10,5.270492852862274639e-05,-1.150192877055132772e-05
2.812500000000000069e-02,2.093750000000000125e-02,8.165800333899174746e+01,1.000000000000000036e-10,4.936351288961758502e-05,-1.384965841726284192e-05
2.937500000000000180e-02,2.093750000000000125e-02,8.106367704159828236e+01,1.000000000000000036e-10,4.537265444399508175e-05,-1.675508881545056020e-05
3.062499999999999944e-02,2.093750000000000125e-02,8.052368697789187024e+01,1.000000000000000036e-10,4.059002841231801291e-05,-2.039779534094236164e-05
3.187500000000000056e-02,2.093750000000000125e-02,8.004892633129033186e+01,1.000000000000000036e-10,3.481152760439043656e-05,-2.509580466684610387e-05
3.312500000000000167e-02,2.093750000000000125e-02,7.965339878778210903e+01,1.000000000000000036e-10,2.740635211857749524e-05,-3.168888769406634428e-05
3.437500000000000278e-02,2.093750000000000125e-02,7.936376752832589432e+01,1.000000000000000036e-10,1.227172884119243114e-05,-4.389050857305846457e-05
3.562500000000000389e-02,2.093750000000000125e-02,7.849708846885928892e+01,9.999999999999999799e-13,1.483936152929202081e-06,-3.608590469534894612e-08
3.687499999999999806e-02,2.093750000000000125e-02,7.650344424389589904e+01,9.999999999999999799e-13,1.792692650305934773e-06,2.768892894615305726e-07
3.812499999999999917e-02,2.093750000000000125e-02,7.401535684309445173e+01,9.999999999999999799e-13,2.000379135272265779e-06,8.692028439360229872e-08
3.937500000000000028e-02,2.093750000000000125e-02,7.150249640571523457e+01,9.999999999999999799e-13,2.010517126037677862e-06,4.314878429242980898e-08
4.062500000000000139e-02,2.093750000000000125e-02,6.898906402800025717e+01,9.999999999999999799e-13,2.011997518612787746e-06,2.896501728296243736e-08
4.187500000000000250e-02,2.093750000000000125e-02,6.647250260918326603e+01,9.999999999999999799e-13,2.015185244896861395e-06,2.241142903505988391e-08
4.312500000000000361e-02,2.093750000000000125e-02,6.395110091575810429e+01,9.999999999999999799e-13,2.019277837211905040e-06,1.839245079050897427e-08
4.437499999999999778e-02,2.093750000000000125e-02,6.142430801615350333e+01,9.999999999999999799e-13,2.023555179059087885e-06,1.526118537744309870e-08
4.562499999999999889e-02,2.093750000000000125e-02,5.889221296811038542e+01,9.999999999999999799e-13,2.027567561709020188e-06,1.228010654893978424e-08
4.687500000000000000e-02,2.093750000000000125e-02,5.635538911188095312e+01,9.999999999999999799e-13,2.030952071744900262e-06,9.103553981799449127e-09
4.812500000000000111e-02,2.093750000000000125e-02,5.381483278874813436e+01,9.999999999999999799e-13,2.033401510011566720e-06,5.626533408070600083e-09
4.937500000000000222e-02,2.093750000000000125e-02,5.127188533685203709e+01,9.999999999999999799e-13,2.034687250224146829e-06,1.905992739045814238e-09
5.062500000000000333e-02,2.093750000000000125e-02,4.872811466318776752e+01,9.999999999999999799e-13,2.034687250224181134e-06,-1.905992738880968722e-09
5.187500000000000444e-02,2.093750000000000125e-02,4.618516721129158498e+01,9.999999999999999799e-13,2.033401510011651846e-06,-5.626533407900069355e-09
5.312499999999999861e-02,2.093750000000000125e-02,4.364461088815863832e+01,9.999999999999999799e-13,2.030952071745042564e-06,-9.103553981640289651e-09
5.437499999999999972e-02,2.093750000000000125e-02,4.110778703192897865e+01,9.999999999999999799e-13,2.027567561709250581e-06,-1.228010654880904504e-08
5.562500000000000083e-02,2.093750000000000125e-02,3.857569198388551257e+01,9.999999999999999799e-13,2.023555179059402981e-06,-1.526118537730667346e-08
5.687500000000000194e-02,2.093750000000000125e-02,3.604889908428047107e+01,9.999999999999999799e-13,2.019277837212291711e-06,-1.839245079037255234e-08
5.812500000000000305e-02,2.093750000000000125e-02,3.352749739085478353e+01,9.999999999999999799e-13,2.015185244897314557e-06,-2.241142903495188059e-08
5.937500000000000416e-02,2.093750000000000125e-02,3.101093597203718488e+01,9.999999999999999799e-13,2.011997518613303589e-06,-2.896501728282885762e-08
6.062499999999999833e-02,2.093750000000000125e-02,2.849750359432152536e+01,9.999999999999999799e-13,2.010517126038264856e-06,-4.314878429227633720e-08
6.187499999999999944e-02,2.093750000000000125e-02,2.598464315694152305e+01,9.999999999999999799e-13,2.000379135272895125e-06,-8.692028439345733697e-08
6.312500000000000056e-02,2.093750000000000125e-02,2.349655575613928704e+01,9.999999999999999799e-13,1.792692650306535954e-06,-2.768892894614737156e-07
6.437500000000000167e-02,2.093750000000000125e-02,2.150291153117518306e+01,9.999999999999999799e-13,1.483936152929814062e-06,3.608590469562869199e-08
6.562500000000000278e-02,2.093750000000000125e-02,2.063623247170816555e+01,1.000000000000000036e-10,1.227172884119887029e-05,4.389050857309170892e-05
6.687500000000000389e-02,2.093750000000000125e-02,2.034660121225179807e+01,1.000000000000000036e-10,2.740635211859156615e-05,3.168888769409476392e-05
6.812500000000000500e-02,2.093750000000000125e-02,1.995107366874337629e+01,1.000000000000000036e-10,3.481152760441289309e-05,2.509580466686486057e-05
6.937500000000000611e-02,2.093750000000000125e-02,1.947631302214147553e+01,1.000000000000000036e-10,4.059002841234898721e-05,2.039779534095742528e-05
7.062500000000000722e-02,2.093750000000000125e-02,1.893632295843465130e+01,1.000000000000000036e-10,4.537265444403216824e-05,1.675508881546335040e-05
7.187500000000000833e-02,2.093750000000000125e-02,1.834199666104067106e+01,1.000000000000000036e-10,4.936351288966462584e-05,1.384965841727477830e-05
7.312499999999999556e-02,2.093750000000000125e-02,1.770223513619303546e+01,1.000000000000000036e-10,5.270492852867774254e-05,1.150192877056354871e-05
7.437499999999999667e-02,2.093750000000000125e-02,1.702437344782372719e+01,1.000000000000000036e-10,5.550999500109041781e-05,9.588980744947546574e-06
7.562499999999999778e-02,2.093750000000000125e-02,1.631448526116577469e+01,1.000000000000000036e-10,5.787010556714320244e-05,8.020088012707444260e-06
7.687499999999999889e-02,2.093750000000000125e-02,1.557762080864514687e+01,1.000000000000000036e-10,5.985960371681875539e-05,6.726151037889136649e-06
7.812500000000000000e-02,2.093750000000000125e-02,1.481799516824530549e+01,1.000000000000000036e-10,6.153929738211728494e-05,5.653667130820138546e-06
7.937500000000000111e-02,2.093750000000000125e-02,1.403913837409221443e+01,1.000000000000000036e-10,6.295916728883205670e-05,4.760737240607255277e-06
8.062500000000000222e-02,2.093750000000000125e-02,1.324401598602450392e+01,1.000000000000000036e-10,6.416047068493674138e-05,4.014239195301456084e-06
8.187500000000000333e-02,2.093750000000000125e-02,1.243512660696879557e+01,1.000000000000000036e-10,6.517738874571213760e-05,3.387764790891621987e-06
8.312500000000000444e-02,2.093750000000000125e-02,1.161458126738170016e+01,1.000000000000000036e-10,6.603832654071324518e-05,2.860089184429028634e-06
8.437500000000000555e-02,2.093750000000000125e-02,1.078416844345096415e+01,1.000000000000000036e-10,6.676694586991486721e-05,2.414022067599432293e-06
8.562500000000000666e-02,2.093750000000000125e-02,9.945407620633828216e+00,1.000000000000000036e-10,6.738299082741298191e-05,2.035536878705954083e-06
8.687500000000000777e-02,2.093750000000000125e-02,9.099593672765639241e+00,1.000000000000000036e-10,6.790295116025581081e-05,1.713104546214480952e-06
8.812499999999999500e-02,2.093750000000000125e-02,8.247833841627432605e+00,1.000000000000000036e-10,6.834059763465502048e-05,1.437178893511230299e-06
8.937499999999999611e-02,2.093750000000000125e-02,7.391078731899263232e+00,1.000000000000000036e-10,6.870741555667638184e-05,1.199795288280966748e-06
9.062499999999999722e-02,2.093750000000000125e-02,6.530148452710522911e+00,1.000000000000000036e-10,6.901295654290464038e-05,9.942543802594625558e-07
9.187499999999999833e-02,2.093750000000000125e-02,5.665754818326647069e+00,1.000000000000000036e-10,6.926512405604905197e-05,8.148701152097003014e-07
9.312499999999999944e-02,2.093750000000000125e-02,4.798520351309296217e+00,1.000000000000000036e-10,6.947040472324796817e-05,6.567665007173671652e-07
9.437500000000000056e-02,2.093750000000000125e-02,3.928994700245447724e+00,1.000000000000000036e-10,6.963405475941946972e-05,5.157114233352188249e-07
9.562500000000000167e-02,2.093750000000000125e-02,3.057668982323809459e+00,1.000000000000000036e-10,6.976024871766404122e-05,3.879785897146347369e-07
9.687500000000000278e-02,2.093750000000000125e-02,2.184988482303846347e+00,1.000000000000000036e-10,6.985219613016968978e-05,2.702306760814820505e-07
9.812500000000000389e-02,2.093750000000000125e-02,1.311364079069566646e+00,1.000000000000000036e-10,6.991223027142134700e-05,1.594182242433816796e-07
9.937500000000000500e-02,2.093750000000000125e-02,4.371827255183123873e-01,1.000000000000000036e-10,6.994187218351514837e-05,5.268986086030657461e-08
6.250000000000000130e-04,2.156250000000000180e-02,9.956312357392744161e+01,1.000000000000000036e-10,6.989255040107877296e-05,-4.516902589102755766e-08
1.874999999999999931e-03,2.156250000000000180e-02,9.868956266604558891e+01,1.000000000000000036e-10,6.986164409608817895e-05,-1.366649506690009324e-07
3.125000000000000173e-03,2.156250000000000180e-02,9.781658247152523700e+01,1.000000000000000036e-10,6.979904519754767699e-05,-2.316674297469489638e-07
4.375000000000000416e-03,2.156250000000000180e-02,9.694458653610689680e+01,1.000000000000000036e-10,6.970315934891345205e-05,-3.326252054694122704e-07
5.624999999999999792e-03,2.156250000000000180e-02,9.607400348780240051e+01,1.000000000000000036e-10,6.957153979125564093e-05,-4.421580496205022972e-07
6.875000000000000035e-03,2.156250000000000180e-02,9.520529804132550566e+01,1.000000000000000036e-10,6.940081887900985446e-05,-5.631344002108561604e-07
8.125000000000000278e-03,2.156250000000000180e-02,9.433898301582715362e+01,1.000000000000000036e-10,6.918661294176556482e-05,-6.987589134826064640e-07
9.374999999999999653e-03,2.156250000000000180e-02,9.347563271778136595e+01,1.000000000000000036e-10,6.892339693363792636e-05,-8.526738213345194780e-07
1.062500000000000076e-02,2.156250000000000180e-02,9.261589809248620497e+01,1.000000000000000036e-10,6.860434404520787308e-05,-1.029078909861027480e-06
1.187500000000000014e-02,2.156250000000000180e-02,9.176052411665116892e+01,1.000000000000000036e-10,6.822112388909259799e-05,-1.232876232847956904e-06
1.312499999999999951e-02,2.156250000000000180e-02,9.091036999525888973e+01,1.000000000000000036e-10,6.776365089613929573e-05,-1.469847473182425950e-06
1.437500000000000062e-02,2.156250000000000180e-02,9.006643284424768581e+01,1.000000000000000036e-10,6.721977202503181560e-05,-1.746874349742028997e-06
1.562500000000000000e-02,2.156250000000000180e-02,8.922987569463309399e+01,1.000000000000000036e-10,6.657487958984119238e-05,-2.072215900200262213e-06
1.687500000000000111e-02,2.156250000000000180e-02,8.840206085450165574e+01,1.000000000000000036e-10,6.581143066801188352e-05,-2.455861226305841809e-06
1.812499999999999875e-02,2.156250000000000180e-02,8.758458992793279663e+01,1.000000000000000036e-10,6.490834877611405111e-05,-2.909982905559900019e-06
1.937499999999999986e-02,2.156250000000000180e-02,8.677935213509880441e+01,1.000000000000000036e-10,6.384027573932995439e-05,-3.449525531837024552e-06
2.062500000000000097e-02,2.156250000000000180e-02,8.598858303444954743e+01,1.000000000000000036e-10,6.257663111869191271e-05,-4.092976895677792555e-06
2.187500000000000208e-02,2.156250000000000180e-02,8.521493635713150638e+01,1.000000000000000036e-10,6.108042190253910062e-05,-4.863387914292615881e-06
2.312499999999999972e-02,2.156250000000000180e-02,8.446157248688606956e+01,1.000000000000000036e-10,5.930672405681944938e-05,-5.789734498886216918e-06
2.437500000000000083e-02,2.156250000000000180e-02,8.373226825571101983e+01,1.000000000000000036e-10,5.720072469235956930e-05,-6.908755794621582610e-06
2.562500000000000194e-02,2.156250000000000180e-02,8.303155436957707991e+01,1.000000000000000036e-10,5.469515429986244190e-05,-8.267472483734080536e-06
2.687499999999999958e-02,2.156250000000000180e-02,8.236488939821445854e+01,1.000000000000000036e-10,5.170680275636583228e-05,-9.926728023796154939e-06
2.812500000000000069e-02,2.156250000000000180e-02,8.173888430066793376e+01,1.000000000000000036e-10,4.813140322921980022e-05,-1.196645158093701561e-05
2.937500000000000180e-02,2.156250000000000180e-02,8.116160431748396320e+01,1.000000000000000036e-10,4.383459116133166592e-05,-1.449446039501253641e-05
3.062499999999999944e-02,2.156250000000000180e-02,8.064301952163464193e+01,1.000000000000000036e-10,3.862933379650143823e-05,-1.766448206312133649e-05
3.187500000000000056e-02,2.156250000000000180e-02,8.019587097257142716e+01,1.000000000000000036e-10,3.219208885084525975e-05,-2.172124506786644247e-05
3.312500000000000167e-02,2.156250000000000180e-02,7.983821730036351028e+01,1.000000000000000036e-10,2.367385711596966215e-05,-2.710174368269803807e-05
3.437500000000000278e-02,2.156250000000000180e-02,7.960402454467218547e+01,1.000000000000000036e-10,1.019915686284333916e-05,-3.417299081917576047e-05
3.562500000000000389e-02,2.156250000000000180e-02,7.855432316774437140e+01,9.999999999999999799e-13,1.696298368303216803e-06,-1.082780671773434768e-07
3.687499999999999806e-02,2.156250000000000180e-02,7.639219383496219962e+01,9.999999999999999799e-13,1.836077949129474954e-06,1.248134128420929515e-07
3.812499999999999917e-02,2.156250000000000180e-02,7.396412829492068397e+01,9.999999999999999799e-13,1.966637570755108339e-06,6.987310771711463420e-08
3.937500000000000028e-02,2.156250000000000180e-02,7.147559990807442887e+01,9.999999999999999799e-13,1.997110509033808699e-06,3.989049644687839121e-08
4.062500000000000139e-02,2.156250000000000180e-02,6.897135202233616269e+01,9.999999999999999799e-13,2.006599763084824495e-06,2.673848181545963739e-08
4.187500000000000250e-02,2.156250000000000180e-02,6.645910050036236782e+01,9.999999999999999799e-13,2.012428995019880110e-06,2.012948539302214953e-08
4.312500000000000361e-02,2.156250000000000180e-02,6.394027953478646253e+01,9.999999999999999799e-13,2.017467182605983802e-06,1.610900448201277755e-08
4.437499999999999778e-02,2.156250000000000180e-02,6.141543254384740891e+01,9.999999999999999799e-13,2.022060212898367131e-06,1.310944561620885877e-08
4.562499999999999889e-02,2.156250000000000180e-02,5.888512900254054472e+01,9.999999999999999799e-13,2.026106637936871173e-06,1.040244246604515887e-08
4.687500000000000000e-02,2.156250000000000180e-02,5.635016594900523046e+01,9.999999999999999799e-13,2.029405562430815840e-06,7.639500799888309713e-09
4.812500000000000111e-02,2.156250000000000180e-02,5.381161509646350538e+01,9.999999999999999799e-13,2.031747581957631818e-06,4.694857693272069567e-09
4.937500000000000222e-02,2.156250000000000180e-02,5.127079699411115143e+01,9.999999999999999799e-13,2.032964836213980620e-06,1.586171219389598372e-09
5.062500000000000333e-02,2.156250000000000180e-02,4.872920300592855369e+01,9.999999999999999799e-13,2.032964836214017890e-06,-1.586171219207699495e-09
5.187500000000000444e-02,2.156250000000000180e-02,4.618838490357610738e+01,9.999999999999999799e-13,2.031747581957716944e-06,-4.694857693118592821e-09
5.312499999999999861e-02,2.156250000000000180e-02,4.364983405103426151e+01,9.999999999999999799e-13,2.029405562430961106e-06,-7.639500799740517353e-09
5.437499999999999972e-02,2.156250000000000180e-02,4.111487099749870566e+01,9.999999999999999799e-13,2.026106637937096060e-06,-1.040244246588031500e-08
5.562500000000000083e-02,2.156250000000000180e-02,3.858456745619152173e+01,9.999999999999999799e-13,2.022060212898665287e-06,-1.310944561607243518e-08
5.687500000000000194e-02,2.156250000000000180e-02,3.605972046525204178e+01,9.999999999999999799e-13,2.017467182606364120e-06,-1.610900448190477754e-08
5.812500000000000305e-02,2.156250000000000180e-02,3.354089949967561068e+01,9.999999999999999799e-13,2.012428995020333696e-06,-2.012948539290846514e-08
5.937500000000000416e-02,2.156250000000000180e-02,3.102864797770120830e+01,9.999999999999999799e-13,2.006599763085350079e-06,-2.673848181535163407e-08
6.062499999999999833e-02,2.156250000000000180e-02,2.852440009196223514e+01,9.999999999999999799e-13,1.997110509034398657e-06,-3.989049644673059720e-08
6.187499999999999944e-02,2.156250000000000180e-02,2.603587170511521265e+01,9.999999999999999799e-13,1.966637570755719897e-06,-6.987310771697537669e-08
6.312500000000000056e-02,2.156250000000000180e-02,2.360780616507293672e+01,9.999999999999999799e-13,1.836077949130103452e-06,-1.248134128419792373e-07
6.437500000000000167e-02,2.156250000000000180e-02,2.144567683228995492e+01,9.999999999999999799e-13,1.696298368303900782e-06,1.082780671776134818e-07
6.562500000000000278e-02,2.156250000000000180e-02,2.039597545536168610e+01,1.000000000000000036e-10,1.019915686284952419e-05,3.417299081920304170e-05
6.687500000000000389e-02,2.156250000000000180e-02,2.016178269967021564e+01,1.000000000000000036e-10,2.367385711598131394e-05,2.710174368272077583e-05
6.812500000000000500e-02,2.156250000000000180e-02,1.980412902746215309e+01,1.000000000000000036e-10,3.219208885086430105e-05,2.172124506788576838e-05
6.937500000000000611e-02,2.156250000000000180e-02,1.935698047839860791e+01,1.000000000000000036e-10,3.862933379653027801e-05,1.766448206313611552e-05
7.062500000000000722e-02,2.156250000000000180e-02,1.883839568254889585e+01,1.000000000000000036e-10,4.383459116136790537e-05,1.449446039502617872e-05
7.187500000000000833e-02,2.156250000000000180e-02,1.826111569936441015e+01,1.000000000000000036e-10,4.813140322926669874e-05,1.196645158094810157e-05
7.312499999999999556e-02,2.156250000000000180e-02,1.763511060181722812e+01,1.000000000000000036e-10,5.170680275642040153e-05,9.926728023806387097e-06
7.437499999999999667e-02,2.156250000000000180e-02,1.696844563045389975e+01,1.000000000000000036e-10,5.469515429992170710e-05,8.267472483744881900e-06
7.562499999999999778e-02,2.156250000000000180e-02,1.626773174431918534e+01,1.000000000000000036e-10,5.720072469242643747e-05,6.908755794628972125e-06
7.687499999999999889e-02,2.156250000000000180e-02,1.553842751314323856e+01,1.000000000000000036e-10,5.930672405689384598e-05,5.789734498897159736e-06
7.812500000000000000e-02,2.156250000000000180e-02,1.478506364289683894e+01,1.000000000000000036e-10,6.108042190261975170e-05,4.863387914302136532e-06
7.937500000000000111e-02,2.156250000000000180e-02,1.401141696557774452e+01,1.000000000000000036e-10,6.257663111877879796e-05,4.092976895689872092e-06
8.062500000000000222e-02,2.156250000000000180e-02,1.322064786492736843e+01,1.000000000000000036e-10,6.384027573942395472e-05,3.449525531844840972e-06
8.187500000000000333e-02,2.156250000000000180e-02,1.241541007209214520e+01,1.000000000000000036e-10,6.490834877621580348e-05,2.909982905565299854e-06
8.312500000000000444e-02,2.156250000000000180e-02,1.159793914552197336e+01,1.000000000000000036e-10,6.581143066811512667e-05,2.455861226306694348e-06
8.437500000000000555e-02,2.156250000000000180e-02,1.077012430538926679e+01,1.000000000000000036e-10,6.657487958994691565e-05,2.072215900206230830e-06
8.562500000000000666e-02,2.156250000000000180e-02,9.933567155773300072e+00,1.000000000000000036e-10,6.721977202514862484e-05,1.746874349749134333e-06
8.687500000000000777e-02,2.156250000000000180e-02,9.089630004760550719e+00,1.000000000000000036e-10,6.776365089626273214e-05,1.469847473192657897e-06
8.812499999999999500e-02,2.156250000000000180e-02,8.239475883366731424e+00,1.000000000000000036e-10,6.822112388921889399e-05,1.232876232855772900e-06
8.937499999999999611e-02,2.156250000000000180e-02,7.384101907530078002e+00,1.000000000000000036e-10,6.860434404533750300e-05,1.029078909867138188e-06
9.062499999999999722e-02,2.156250000000000180e-02,6.524367282233293430e+00,1.000000000000000036e-10,6.892339693377228611e-05,8.526738213418381603e-07
9.187499999999999833e-02,2.156250000000000180e-02,5.661016984185770262e+00,1.000000000000000036e-10,6.918661294190675505e-05,6.987589134880776615e-07
9.312499999999999944e-02,2.156250000000000180e-02,4.794701958685624099e+00,1.000000000000000036e-10,6.940081887915776674e-05,5.631344002144088283e-07
9.437500000000000056e-02,2.156250000000000180e-02,3.925996512206825884e+00,1.000000000000000036e-10,6.957153979140962474e-05,4.421580496266130047e-07
9.562500000000000167e-02,2.156250000000000180e-02,3.055413463900383153e+00,1.000000000000000036e-10,6.970315934906795086e-05,3.326252054720057265e-07
9.687500000000000278e-02,2.156250000000000180e-02,2.183417528480126713e+00,1.000000000000000036e-10,6.979904519770861325e-05,2.316674297511411416e-07
9.812500000000000389e-02,2.156250000000000180e-02,1.310437333957667372e+00,1.000000000000000036e-10,6.986164409626078394e-05,1.366649506719319311e-07
9.937500000000000500e-02,2.156250000000000180e-02,4.368764260736068272e-01,1.000000000000000036e-10,6.989255040125095782e-05,4.516902588981962912e-08
6.250000000000000130e-04,2.218749999999999889e-02,9.956338188730639160e+01,1.000000000000000036e-10,6.985095519506272557e-05,-3.735872267043304426e-08
1.874999999999999931e-03,2.218749999999999889e-02,9.869034423281703994e+01,1.000000000000000036e-10,6.981898106932133720e-05,-1.130350385210476438e-07
3.125000000000000173e-03,2.218749999999999889e-02,9.781790736057335778e+01,1.000000000000000036e-10,6.975421600260742574e-05,-1.916153592526370172e-07
4.375000000000000416e-03,2.218749999999999889e-02,9.694648883275185369e+01,1.000000000000000036e-10,6.965500340757158450e-05,-2.751280541156119879e-07
5.624999999999999792e-03,2.218749999999999889e-02,9.607653227538406782e+01,1.000000000000000036e-10,6.951880016189475829e-05,-3.657437993024358747e-07
6.875000000000000035e-03,2.218749999999999889e-02,9.520851882870448435e+01,1.000000000000000036e-10,6.934210429116886886e-05,-4.658402590325748565e-07
8.125000000000000278e-03,2.218749999999999889e-02,9.434297966810484581e+01,1.000000000000000036e-10,6.912035434534458621e-05,-5.780751131180748637e-07
9.374999999999999653e-03,2.218749999999999889e-02,9.348050997007086949e+01,1.000000000000000036e-10,6.884779654458041684e-05,-7.054707172517280643e-07
1.062500000000000076e-02,2.218749999999999889e-02,9.262178475449033499e+01,1.000000000000000036e-10,6.851731435079044200e-05,-8.515144728346512337e-07
1.187500000000000014e-02,2.218749999999999889e-02,9.176757711130110806e+01,1.000000000000000036e-10,6.812021335286826866e-05,-1.020280092852772010e-06
1.312499999999999951e-02,2.218749999999999889e-02,9.091877942066862772e+01,1.000000000000000036e-10,6.764595210168577457e-05,-1.216576491108298544e-06
1.437500000000000062e-02,2.218749999999999889e-02,9.007642830875896323e+01,1.000000000000000036e-10,6.708180661378774286e-05,-1.446133152310266890e-06
1.562500000000000000e-02,2.218749999999999889e-02,8.924173425532393367e+01,1.000000000000000036e-10,6.641245243152807398e-05,-1.715833788896361296e-06
1.687500000000000111e-02,2.218749999999999889e-02,8.841611699797076085e+01,1.000000000000000036e-10,6.561944303792982525e-05,-2.034014179894256522e-06
1.812499999999999875e-02,2.218749999999999889e-02,8.760124817937568764e+01,1.000000000000000036e-10,6.468055659284344030e-05,-2.410845783479089055e-06
1.937499999999999986e-02,2.218749999999999889e-02,8.679910308314967438e+01,1.000000000000000036e-10,6.356897368978251407e-05,-2.858834683988788336e-06
2.062500000000000097e-02,2.218749999999999889e-02,8.601202383713112454e+01,1.000000000000000036e-10,6.225223609751707890e-05,-3.393476637071443471e-06
2.187500000000000208e-02,2.218749999999999889e-02,8.524279718071174727e+01,1.000000000000000036e-10,6.069091858043235729e-05,-4.034124806279350233e-06
2.312499999999999972e-02,2.218749999999999889e-02,8.449475087262031536e+01,1.000000000000000036e-10,5.883691977657973271e-05,-4.805149282112777990e-06
2.437500000000000083e-02,2.218749999999999889e-02,8.377187418629725357e+01,1.000000000000000036e-10,5.663123657465290729e-05,-5.737499728197689428e-06
2.562500000000000194e-02,2.218749999999999889e-02,8.307896995825399244e+01,1.000000000000000036e-10,5.400100888644316299e-05,-6.870829509799703852e-06
2.687499999999999958e-02,2.218749999999999889e-02,8.242184896413617423e+01,1.000000000000000036e-10,5.085543898002127885e-05,-8.256410272772425697e-06
2.812500000000000069e-02,2.218749999999999889e-02,8.180758398375346019e+01,1.000000000000000036e-10,4.707964670400939598e-05,-9.961173430376672999e-06
2.937500000000000180e-02,2.218749999999999889e-02,8.124485779653593909e+01,1.000000000000000036e-10,4.252363920290291453e-05,-1.207332876106988586e-05
3.062499999999999944e-02,2.218749999999999889e-02,8.074449300368088700e+01,1.000000000000000036e-10,3.697663607589106157e-05,-1.470948345114038189e-05
3.187500000000000056e-02,2.218749999999999889e-02,8.032044189463866246e+01,1.000000000000000036e-10,3.009289679460209254e-05,-1.801575156636772349e-05
3.312500000000000167e-02,2.218749999999999889e-02,7.999217058381583456e+01,1.000000000000000036e-10,2.118047924292283963e-05,-2.209191254091933689e-05
3.437500000000000278e-02,2.218749999999999889e-02,7.979092991356559139e+01,1.000000000000000036e-10,8.967245709601506885e-06,-2.633885506773480541e-05
3.562500000000000389e-02,2.218749999999999889e-02,7.863243605283096826e+01,9.999999999999999799e-13,1.831622329586855095e-06,-1.231728813402923952e-07
3.687499999999999806e-02,2.218749999999999889e-02,7.634742747784328287e+01,9.999999999999999799e-13,1.881768237753164126e-06,4.474548250877887902e-08
3.812499999999999917e-02,2.218749999999999889e-02,7.392801545844805844e+01,9.999999999999999799e-13,1.957917677074658744e-06,4.658650757692158223e-08
3.937500000000000028e-02,2.218749999999999889e-02,7.145263328515663659e+01,9.999999999999999799e-13,1.988949813086850407e-06,3.242455944157427892e-08
4.062500000000000139e-02,2.218749999999999889e-02,6.895564092573093262e+01,9.999999999999999799e-13,2.002117013085859125e-06,2.287619179575130996e-08
4.187500000000000250e-02,2.218749999999999889e-02,6.644734075244198834e+01,9.999999999999999799e-13,2.009870506230137548e-06,1.720041287311460128e-08
4.312500000000000361e-02,2.218749999999999889e-02,6.393096466015558832e+01,9.999999999999999799e-13,2.015767817323498690e-06,1.357032766223369468e-08
4.437499999999999778e-02,2.218749999999999889e-02,6.140792120913324226e+01,9.999999999999999799e-13,2.020701898051103918e-06,1.088456692605746028e-08
4.562499999999999889e-02,2.218749999999999889e-02,5.887920991502782897e+01,9.999999999999999799e-13,2.024832589300859778e-06,8.538763012069240236e-09
4.687500000000000000e-02,2.218749999999999889e-02,5.634583973588109274e+01,9.999999999999999799e-13,2.028098279358513802e-06,6.220872978070701603e-09
4.812500000000000111e-02,2.218749999999999889e-02,5.380896421663154428e+01,9.999999999999999799e-13,2.030374845221317204e-06,3.804192820319940662e-09
4.937500000000000222e-02,2.218749999999999889e-02,5.126990262282780009e+01,9.999999999999999799e-13,2.031546735767907118e-06,1.282263690893614562e-09
5.062500000000000333e-02,2.218749999999999889e-02,4.873009737721177714e+01,9.999999999999999799e-13,2.031546735767927023e-06,-1.282263690723084661e-09
5.187500000000000444e-02,2.218749999999999889e-02,4.619103578340798322e+01,9.999999999999999799e-13,2.030374845221385390e-06,-3.804192820189200630e-09
5.312499999999999861e-02,2.218749999999999889e-02,4.365416026415831396e+01,9.999999999999999799e-13,2.028098279358661609e-06,-6.220872977945646784e-09
5.437499999999999972e-02,2.218749999999999889e-02,4.112079008501132904e+01,9.999999999999999799e-13,2.024832589301084665e-06,-8.538763011938501031e-09
5.562500000000000083e-02,2.218749999999999889e-02,3.859207879090560311e+01,9.999999999999999799e-13,2.020701898051391062e-06,-1.088456692592671942e-08
5.687500000000000194e-02,2.218749999999999889e-02,3.606903533988285204e+01,9.999999999999999799e-13,2.015767817323873926e-06,-1.357032766211432424e-08
5.812500000000000305e-02,2.218749999999999889e-02,3.355265924759591911e+01,9.999999999999999799e-13,2.009870506230591557e-06,-1.720041287300659796e-08
5.937500000000000416e-02,2.218749999999999889e-02,3.104435907430637442e+01,9.999999999999999799e-13,2.002117013086392333e-06,-2.287619179563478337e-08
6.062499999999999833e-02,2.218749999999999889e-02,2.854736671487993860e+01,9.999999999999999799e-13,1.988949813087452647e-06,-3.242455944146059121e-08
6.187499999999999944e-02,2.218749999999999889e-02,2.607198454158774226e+01,9.999999999999999799e-13,1.957917677075271149e-06,-4.658650757679083475e-08
6.312500000000000056e-02,2.218749999999999889e-02,2.365257252219176110e+01,9.999999999999999799e-13,1.881768237753830741e-06,-4.474548250862540062e-08
6.437500000000000167e-02,2.218749999999999889e-02,2.136756394720316621e+01,9.999999999999999799e-13,1.831622329587548180e-06,1.231728813405311526e-07
6.562500000000000278e-02,2.218749999999999889e-02,2.020907008646812741e+01,1.000000000000000036e-10,8.967245709605672593e-06,2.633885506775811237e-05
6.687500000000000389e-02,2.218749999999999889e-02,2.000782941621778832e+01,1.000000000000000036e-10,2.118047924293292949e-05,2.209191254093553555e-05
6.812500000000000500e-02,2.218749999999999889e-02,1.967955810539480410e+01,1.000000000000000036e-10,3.009289679462056802e-05,1.801575156638562637e-05
6.937500000000000611e-02,2.218749999999999889e-02,1.925550699635227403e+01,1.000000000000000036e-10,3.697663607591919661e-05,1.470948345115430881e-05
7.062500000000000722e-02,2.218749999999999889e-02,1.875514220349682404e+01,1.000000000000000036e-10,4.252363920293816466e-05,1.207332876108125473e-05
7.187500000000000833e-02,2.218749999999999889e-02,1.819241601627881977e+01,1.000000000000000036e-10,4.707964670405472918e-05,9.961173430388043569e-06
7.312499999999999556e-02,2.218749999999999889e-02,1.757815103589545558e+01,1.000000000000000036e-10,5.085543898007613948e-05,8.256410272780099815e-06
7.437499999999999667e-02,2.218749999999999889e-02,1.692103004177691616e+01,1.000000000000000036e-10,5.400100888650170990e-05,6.870829509807946329e-06
7.562499999999999778e-02,2.218749999999999889e-02,1.622812581373291252e+01,1.000000000000000036e-10,5.663123657471934855e-05,5.737499728205362699e-06
7.687499999999999889e-02,2.218749999999999889e-02,1.550524912740893235e+01,1.000000000000000036e-10,5.883691977665534225e-05,4.805149282120594410e-06
7.812500000000000000e-02,2.218749999999999889e-02,1.475720281931652877e+01,1.000000000000000036e-10,6.069091858051363180e-05,4.034124806289155487e-06
7.937500000000000111e-02,2.218749999999999889e-02,1.398797616289609103e+01,1.000000000000000036e-10,6.225223609760340850e-05,3.393476637080396609e-06
8.062500000000000222e-02,2.218749999999999889e-02,1.320089691687644340e+01,1.000000000000000036e-10,6.356897368987445441e-05,2.858834683997315416e-06
8.187500000000000333e-02,2.218749999999999889e-02,1.239875182064922932e+01,1.000000000000000036e-10,6.468055659294305137e-05,2.410845783484347436e-06
8.312500000000000444e-02,2.218749999999999889e-02,1.158388300205286647e+01,1.000000000000000036e-10,6.561944303803370537e-05,2.034014179895109061e-06
8.437500000000000555e-02,2.218749999999999889e-02,1.075826574469838626e+01,1.000000000000000036e-10,6.641245243163608762e-05,1.715833788901334862e-06
8.562500000000000666e-02,2.218749999999999889e-02,9.923571691261964034e+00,1.000000000000000036e-10,6.708180661390620550e-05,1.446133152317798707e-06
8.687500000000000777e-02,2.218749999999999889e-02,9.081220579350731015e+00,1.000000000000000036e-10,6.764595210180914323e-05,1.216576491116256631e-06
8.812499999999999500e-02,2.218749999999999889e-02,8.232422888716735443e+00,1.000000000000000036e-10,6.812021335299227429e-05,1.020280092863003744e-06
8.937499999999999611e-02,2.218749999999999889e-02,7.378215245525924004e+00,1.000000000000000036e-10,6.851731435091940785e-05,8.515144728373513630e-07
9.062499999999999722e-02,2.218749999999999889e-02,6.519490029943749931e+00,1.000000000000000036e-10,6.884779654471511541e-05,7.054707172563467232e-07
9.187499999999999833e-02,2.218749999999999889e-02,5.657020331908046096e+00,1.000000000000000036e-10,6.912035434548534276e-05,5.780751131214143970e-07
9.312499999999999944e-02,2.218749999999999889e-02,4.791481171306616105e+00,1.000000000000000036e-10,6.934210429131722837e-05,4.658402590400356286e-07
9.437500000000000056e-02,2.218749999999999889e-02,3.923467724625115061e+00,1.000000000000000036e-10,6.951880016204825422e-05,3.657437993096834062e-07
9.562500000000000167e-02,2.218749999999999889e-02,3.053511167255409386e+00,1.000000000000000036e-10,6.965500340772631371e-05,2.751280541207278551e-07
9.687500000000000278e-02,2.218749999999999889e-02,2.182092639431957082e+00,1.000000000000000036e-10,6.975421600276966304e-05,1.916153592603819688e-07
9.812500000000000389e-02,2.218749999999999889e-02,1.309655767186167497e+00,1.000000000000000036e-10,6.981898106949067603e-05,1.130350385262346354e-07
9.937500000000000500e-02,2.218749999999999889e-02,4.366181126946896418e-01,1.000000000000000036e-10,6.985095519523427346e-05,3.735872266872330164e-08
6.250000000000000130e-04,2.281249999999999944e-02,9.956359055796082203e+01,1.000000000000000036e-10,6.981735352048302817e-05,-2.930870181558020045e-08
1.874999999999999931e-03,2.281249999999999944e-02,9.869097560402710201e+01,1.000000000000000036e-10,6.978451577779708074e-05,-8.867912515825082109e-08
3.125000000000000173e-03,2.281249999999999944e-02,9.781897766351589496e+01,1.000000000000000036e-10,6.971799868975040132e-05,-1.503301952322999135e-07
4.375000000000000416e-03,2.281249999999999944e-02,9.694802563678334195e+01,1.000000000000000036e-10,6.961609512888855035e-05,-2.158551401817020944e-07
5.624999999999999792e-03,2.281249999999999944e-02,9.607857528529368096e+01,1.000000000000000036e-10,6.947618368879714774e-05,-2.869593703508143265e-07
6.875000000000000035e-03,2.281249999999999944e-02,9.521112104456341285e+01,1.000000000000000036e-10,6.929465322210203772e-05,-3.655115192702850369e-07
8.125000000000000278e-03,2.281249999999999944e-02,9.434620895474112956e+01,1.000000000000000036e-10,6.906679771265600092e-05,-4.536011252366732774e-07
9.374999999999999653e-03,2.281249999999999944e-02,9.348445110174701256e+01,1.000000000000000036e-10,6.878667725377962975e-05,-5.536055753077561677e-07
1.062500000000000076e-02,2.281249999999999944e-02,9.262654202339663811e+01,1.000000000000000036e-10,6.844693935740734465e-05,-6.682695696940753797e-07
1.187500000000000014e-02,2.281249999999999944e-02,9.177327761781182858e+01,1.000000000000000036e-10,6.803859287995577031e-05,-8.008012583059096892e-07
1.312499999999999951e-02,2.281249999999999944e-02,9.092557720139774347e+01,1.000000000000000036e-10,6.755072436641056523e-05,-9.549904432992659742e-07
1.437500000000000062e-02,2.281249999999999944e-02,9.008450950865156415e+01,1.000000000000000036e-10,6.697014337613777586e-05,-1.135355961033610251e-06
1.562500000000000000e-02,2.281249999999999944e-02,8.925132361699429850e+01,1.000000000000000036e-10,6.628093907604919058e-05,-1.347331738991215253e-06
1.687500000000000111e-02,2.281249999999999944e-02,8.842748603175033395e+01,1.000000000000000036e-10,6.546392467072050577e-05,-1.597504330330820776e-06
1.812499999999999875e-02,2.281249999999999944e-02,8.761472550022628525e+01,1.000000000000000036e-10,6.449593852406676974e-05,-1.893919337167062146e-06
1.937499999999999986e-02,2.281249999999999944e-02,8.681508756864866427e+01,1.000000000000000036e-10,6.334896031253377507e-05,-2.246480572999870983e-06
2.062500000000000097e-02,2.281249999999999944e-02,8.603100149241294048e+01,1.000000000000000036e-10,6.198898605754663981e-05,-2.667474824435202589e-06
2.187500000000000208e-02,2.281249999999999944e-02,8.526536291720999827e+01,1.000000000000000036e-10,6.037458558001843674e-05,-3.172267621612262800e-06
2.312499999999999972e-02,2.281249999999999944e-02,8.452163685291247930e+01,1.000000000000000036e-10,5.845503659586027555e-05,-3.780232572772774232e-06
2.437500000000000083e-02,2.281249999999999944e-02,8.380398700231349096e+01,1.000000000000000036e-10,5.616788457851610764e-05,-4.515998827894236107e-06
2.562500000000000194e-02,2.281249999999999944e-02,8.311743973844957623e+01,1.000000000000000036e-10,5.343569902757507419e-05,-5.411123790523787242e-06
2.687499999999999958e-02,2.281249999999999944e-02,8.246809452662411388e+01,1.000000000000000036e-10,5.016163079607735575e-05,-6.506296923088255568e-06
2.812500000000000069e-02,2.281249999999999944e-02,8.186339896854764220e+01,1.000000000000000036e-10,4.622294398507107268e-05,-7.854047236545510746e-06
2.937500000000000180e-02,2.281249999999999944e-02,8.131252092699733680e+01,1.000000000000000036e-10,4.146043615094980130e-05,-9.521197287282345307e-06
3.062499999999999944e-02,2.281249999999999944e-02,8.082688806477389676e+01,1.000000000000000036e-10,3.565812239385251603e-05,-1.158695648286993469e-05
3.187500000000000056e-02,2.281249999999999944e-02,8.042106786715102373e+01,1.000000000000000036e-10,2.850087430595578394e-05,-1.411778485003992284e-05
3.312500000000000167e-02,2.281249999999999944e-02,8.011436620712500201e+01,1.000000000000000036e-10,1.951230536528611949e-05,-1.703938601106642437e-05
3.437500000000000278e-02,2.281249999999999944e-02,7.993326023301887062e+01,1.000000000000000036e-10,8.214512994818824417e-06,-1.963586864568923662e-05
3.562500000000000389e-02,2.281249999999999944e-02,7.870828926941973691e+01,9.999999999999999799e-13,1.919084945610975765e-06,-1.106335887739760488e-07
3.687499999999999806e-02,2.281249999999999944e-02,7.633626198182622602e+01,9.999999999999999799e-13,1.920957643588081942e-06,6.196886870691286425e-09
3.812499999999999917e-02,2.281249999999999944e-02,7.390589516044953200e+01,9.999999999999999799e-13,1.960477109221505877e-06,2.730065073753848876e-08
3.937500000000000028e-02,2.281249999999999944e-02,7.143506920877246102e+01,9.999999999999999799e-13,1.985255351143223743e-06,2.380522731392602409e-08
4.062500000000000139e-02,2.281249999999999944e-02,6.894275678259147355e+01,9.999999999999999799e-13,1.998987689800594753e-06,1.804575459524357859e-08
4.187500000000000250e-02,2.281249999999999944e-02,6.643759998427097457e+01,9.999999999999999799e-13,2.007776062953121129e-06,1.375991692527804935e-08
4.312500000000000361e-02,2.281249999999999944e-02,6.392331662520867042e+01,9.999999999999999799e-13,2.014309259632455098e-06,1.079556972375712648e-08
4.437499999999999778e-02,2.281249999999999944e-02,6.140182683518983708e+01,9.999999999999999799e-13,2.019544430573284941e-06,8.574699030344846834e-09
4.562499999999999889e-02,2.281249999999999944e-02,5.887445554877545817e+01,9.999999999999999799e-13,2.023774790962878078e-06,6.668105088112952341e-09
4.687500000000000000e-02,2.281249999999999944e-02,5.634238985778264208e+01,9.999999999999999799e-13,2.027038277334941466e-06,4.826942687191148657e-09
4.812500000000000111e-02,2.281249999999999944e-02,5.380685985543810546e+01,9.999999999999999799e-13,2.029278277314043468e-06,2.939840190305176161e-09
4.937500000000000222e-02,2.281249999999999944e-02,5.126919416449753442e+01,9.999999999999999799e-13,2.030421607958459495e-06,9.890057254210659117e-10
5.062500000000000333e-02,2.281249999999999944e-02,4.873080583554195755e+01,9.999999999999999799e-13,2.030421607958476436e-06,-9.890057252903262936e-10
5.187500000000000444e-02,2.281249999999999944e-02,4.619314014460134388e+01,9.999999999999999799e-13,2.029278277314105724e-06,-2.939840190185805313e-09
5.312499999999999861e-02,2.281249999999999944e-02,4.365761014225669356e+01,9.999999999999999799e-13,2.027038277335086308e-06,-4.826942687066093838e-09
5.437499999999999972e-02,2.281249999999999944e-02,4.112554445126362879e+01,9.999999999999999799e-13,2.023774790963105506e-06,-6.668105088004949850e-09
5.562500000000000083e-02,2.281249999999999944e-02,3.859817316484893013e+01,9.999999999999999799e-13,2.019544430573578015e-06,-8.574699030219790361e-09
5.687500000000000194e-02,2.281249999999999944e-02,3.607668337482968468e+01,9.999999999999999799e-13,2.014309259632824404e-06,-1.079556972363775439e-08
5.812500000000000305e-02,2.281249999999999944e-02,3.356240001576686893e+01,9.999999999999999799e-13,2.007776062953573021e-06,-1.375991692517004769e-08
5.937500000000000416e-02,2.281249999999999944e-02,3.105724321744575178e+01,9.999999999999999799e-13,1.998987689801123301e-06,-1.804575459510999884e-08
6.062499999999999833e-02,2.281249999999999944e-02,2.856493079126406087e+01,9.999999999999999799e-13,1.985255351143820478e-06,-2.380522731383223505e-08
6.187499999999999944e-02,2.281249999999999944e-02,2.609410483958620119e+01,9.999999999999999799e-13,1.960477109222136916e-06,-2.730065073745038079e-08
6.312500000000000056e-02,2.281249999999999944e-02,2.366373801820871847e+01,9.999999999999999799e-13,1.920957643588764227e-06,-6.196886870537809679e-09
6.437500000000000167e-02,2.281249999999999944e-02,2.129171073061429098e+01,9.999999999999999799e-13,1.919084945611697013e-06,1.106335887741124608e-07
6.562500000000000278e-02,2.281249999999999944e-02,2.006673976701470963e+01,1.000000000000000036e-10,8.214512994821453608e-06,1.963586864571027014e-05
6.687500000000000389e-02,2.281249999999999944e-02,1.988563379290852140e+01,1.000000000000000036e-10,1.951230536529507094e-05,1.703938601108234181e-05
6.812500000000000500e-02,2.281249999999999944e-02,1.957893213288233270e+01,1.000000000000000036e-10,2.850087430597369022e-05,1.411778485005697531e-05
6.937500000000000611e-02,2.281249999999999944e-02,1.917311193525917901e+01,1.000000000000000036e-10,3.565812239387809642e-05,1.158695648288187108e-05
7.062500000000000722e-02,2.281249999999999944e-02,1.868747907303538014e+01,1.000000000000000036e-10,4.146043615098476682e-05,9.521197287290873235e-06
7.187500000000000833e-02,2.281249999999999944e-02,1.813660103148455960e+01,1.000000000000000036e-10,4.622294398511612128e-05,7.854047236556025813e-06
7.312499999999999556e-02,2.281249999999999944e-02,1.753190547340747685e+01,1.000000000000000036e-10,5.016163079613035968e-05,6.506296923095645930e-06
7.437499999999999667e-02,2.281249999999999944e-02,1.688256026158130041e+01,1.000000000000000036e-10,5.343569902763433262e-05,5.411123790529472527e-06
7.562499999999999778e-02,2.281249999999999944e-02,1.619601299771661829e+01,1.000000000000000036e-10,5.616788457858276574e-05,4.515998827902193135e-06
7.687499999999999889e-02,2.281249999999999944e-02,1.547836314711673111e+01,1.000000000000000036e-10,5.845503659593574280e-05,3.780232572779311633e-06
7.812500000000000000e-02,2.281249999999999944e-02,1.473463708281822448e+01,1.000000000000000036e-10,6.037458558009965704e-05,3.172267621619368559e-06
7.937500000000000111e-02,2.281249999999999944e-02,1.396899850761423956e+01,1.000000000000000036e-10,6.198898605763288809e-05,2.667474824439465706e-06
8.062500000000000222e-02,2.281249999999999944e-02,1.318491243137740199e+01,1.000000000000000036e-10,6.334896031262593225e-05,2.246480573007403224e-06
8.187500000000000333e-02,2.281249999999999944e-02,1.238527449979859085e+01,1.000000000000000036e-10,6.449593852416468675e-05,1.893919337171894046e-06
8.312500000000000444e-02,2.281249999999999944e-02,1.157251396827328449e+01,1.000000000000000036e-10,6.546392467082361340e-05,1.597504330333378816e-06
8.437500000000000555e-02,2.281249999999999944e-02,1.074867638302800010e+01,1.000000000000000036e-10,6.628093907615826132e-05,1.347331738994199350e-06
8.562500000000000666e-02,2.281249999999999944e-02,9.915490491369327586e+00,1.000000000000000036e-10,6.697014337625608943e-05,1.135355961040573708e-06
8.687500000000000777e-02,2.281249999999999944e-02,9.074422798621597508e+00,1.000000000000000036e-10,6.755072436653532979e-05,9.549904433028186422e-07
8.812499999999999500e-02,2.281249999999999944e-02,8.226722382205943873e+00,1.000000000000000036e-10,6.803859288007945067e-05,8.008012583131573266e-07
8.937499999999999611e-02,2.281249999999999944e-02,7.373457976619611109e+00,1.000000000000000036e-10,6.844693935753416920e-05,6.682695696966333134e-07
9.062499999999999722e-02,2.281249999999999944e-02,6.515548898267589095e+00,1.000000000000000036e-10,6.878667725391431477e-05,5.536055753093903061e-07
9.187499999999999833e-02,2.281249999999999944e-02,5.653791045271752580e+00,1.000000000000000036e-10,6.906679771279860061e-05,4.536011252411496877e-07
9.312499999999999944e-02,2.281249999999999944e-02,4.788878955447623653e+00,1.000000000000000036e-10,6.929465322225188801e-05,3.655115192779589436e-07
9.437500000000000056e-02,2.281249999999999944e-02,3.921424714715454840e+00,1.000000000000000036e-10,6.947618368894996604e-05,2.869593703575645439e-07
9.562500000000000167e-02,2.281249999999999944e-02,3.051974363223874054e+00,1.000000000000000036e-10,6.961609512904330666e-05,2.158551401873509307e-07
9.687500000000000278e-02,2.281249999999999944e-02,2.181022336489371938e+00,1.000000000000000036e-10,6.971799868991137824e-05,1.503301952380553435e-07
9.812500000000000389e-02,2.281249999999999944e-02,1.309024395976089439e+00,1.000000000000000036e-10,6.978451577796495589e-05,8.867912516134167078e-08
9.937500000000000500e-02,2.281249999999999944e-02,4.364094420402477859e-01,1.000000000000000036e-10,6.981735352065349186e-05,2.930870181760524778e-08
6.250000000000000130e-04,2.343750000000000000e-02,9.956374824607908636e+01,1.000000000000000036e-10,6.979196128157580696e-05,-2.107042603824992957e-08
1.874999999999999931e-03,2.343750000000000000e-02,9.869145272188151807e+01,1.000000000000000036e-10,6.975847032261297338e-05,-6.375305011147247193e-08
3.125000000000000173e-03,2.343750000000000000e-02,9.781978648801376153e+01,1.000000000000000036e-10,6.969062799509572305e-05,-1.080765624919876871e-07
4.375000000000000416e-03,2.343750000000000000e-02,9.694918702200412497e+01,1.000000000000000036e-10,6.958668882001233489e-05,-1.551874049459911265e-07
5.624999999999999792e-03,2.343750000000000000e-02,9.608011926751345300e+01,1.000000000000000036e-10,6.944397197235047082e-05,-2.063129617147296236e-07
6.875000000000000035e-03,2.343750000000000000e-02,9.521308772269536291e+01,1.000000000000000036e-10,6.925878341372594693e-05,-2.627984152513817152e-07
8.125000000000000278e-03,2.343750000000000000e-02,9.434864968217030423e+01,1.000000000000000036e-10,6.902630731732585642e-05,-3.261484263282454371e-07
9.374999999999999653e-03,2.343750000000000000e-02,9.348743003976221644e+01,1.000000000000000036e-10,6.874046232235171661e-05,-3.980755472798591250e-07
1.062500000000000076e-02,2.343750000000000000e-02,9.263013812411151093e+01,1.000000000000000036e-10,6.839371650929135910e-05,-4.805577429942785323e-07
1.187500000000000014e-02,2.343750000000000000e-02,9.177758712702993193e+01,1.000000000000000036e-10,6.797685291606568353e-05,-5.759080496659406285e-07
1.312499999999999951e-02,2.343750000000000000e-02,9.093071680120986855e+01,1.000000000000000036e-10,6.747867475032193435e-05,-6.868603122973125526e-07
1.437500000000000062e-02,2.343750000000000000e-02,9.009062025827188336e+01,1.000000000000000036e-10,6.688563596594178156e-05,-8.166762047028440364e-07
1.562500000000000000e-02,2.343750000000000000e-02,8.925857590206132386e+01,1.000000000000000036e-10,6.618137824687947825e-05,-9.692804857354528938e-07
1.687500000000000111e-02,2.343750000000000000e-02,8.843608580209989611e+01,1.000000000000000036e-10,6.534614923884190022e-05,-1.149433876890952685e-06
1.812499999999999875e-02,2.343750000000000000e-02,8.762492217109027592e+01,1.000000000000000036e-10,6.435606847150891774e-05,-1.362956333605325117e-06
1.937499999999999986e-02,2.343750000000000000e-02,8.682718409031217277e+01,1.000000000000000036e-10,6.318219594614844586e-05,-1.617018208111175742e-06
2.062500000000000097e-02,2.343750000000000000e-02,8.604536727243656458e+01,1.000000000000000036e-10,6.178934257321087474e-05,-1.920523375356424114e-06
2.187500000000000208e-02,2.343750000000000000e-02,8.528245052598190057e+01,1.000000000000000036e-10,6.013453970626357105e-05,-2.284617398444196694e-06
2.312499999999999972e-02,2.343750000000000000e-02,8.454200377977997505e+01,1.000000000000000036e-10,5.816505417343874817e-05,-2.723365537439121226e-06
2.437500000000000083e-02,2.343750000000000000e-02,8.382832417164593153e+01,1.000000000000000036e-10,5.581579096577739951e-05,-3.254658250713191054e-06
2.562500000000000194e-02,2.343750000000000000e-02,8.314660900563553980e+01,1.000000000000000036e-10,5.300585983884615834e-05,-3.901406028760447424e-06
2.687499999999999958e-02,2.343750000000000000e-02,8.250317767567477745e+01,1.000000000000000036e-10,4.963397725701042642e-05,-4.693039278182595074e-06
2.812500000000000069e-02,2.343750000000000000e-02,8.190575957421027908e+01,1.000000000000000036e-10,4.557219652191235365e-05,-5.667071108398430890e-06
2.937500000000000180e-02,2.343750000000000000e-02,8.136387276262696844e+01,1.000000000000000036e-10,4.065718457974070680e-05,-6.869413527276718335e-06
3.062499999999999944e-02,2.343750000000000000e-02,8.088932995971676121e+01,1.000000000000000036e-10,3.467834229451226941e-05,-8.348162221705021131e-06
3.187500000000000056e-02,2.343750000000000000e-02,8.049691420526416152e+01,1.000000000000000036e-10,2.736668203050384601e-05,-1.012212493524998353e-05
3.312500000000000167e-02,2.343750000000000000e-02,8.020516290895416489e+01,1.000000000000000036e-10,1.842143734509818105e-05,-1.206813911281528543e-05
3.437500000000000278e-02,2.343750000000000000e-02,8.003637827163670693e+01,1.000000000000000036e-10,7.753880726629620089e-06,-1.362444104947144042e-05
3.562500000000000389e-02,2.343750000000000000e-02,7.877072803879843832e+01,9.999999999999999799e-13,1.974913901748710061e-06,-8.486374794892981323e-08
3.687499999999999806e-02,2.343750000000000000e-02,7.633968136925491876e+01,9.999999999999999799e-13,1.950735357508921167e-06,-8.420030822981061176e-09
3.812499999999999917e-02,2.343750000000000000e-02,7.389388964502613533e+01,9.999999999999999799e-13,1.966721847296276350e-06,1.416459072081579664e-08
3.937500000000000028e-02,2.343750000000000000e-02,7.142287675101422906e+01,9.999999999999999799e-13,1.984322365015703064e-06,1.575190751008221960e-08
4.062500000000000139e-02,2.343750000000000000e-02,6.893308373248687815e+01,9.999999999999999799e-13,1.997094357891535715e-06,1.284690863252535692e-08
4.187500000000000250e-02,2.343750000000000000e-02,6.643014085628539078e+01,9.999999999999999799e-13,2.006245413794394765e-06,9.989048360353080895e-09
4.312500000000000361e-02,2.343750000000000000e-02,6.391747019800089191e+01,9.999999999999999799e-13,2.013175208376032137e-06,7.834942658251976385e-09
4.437499999999999778e-02,2.343750000000000000e-02,6.139720283534531120e+01,9.999999999999999799e-13,2.018638165733281812e-06,6.186261946834292837e-09
4.562499999999999889e-02,2.343750000000000000e-02,5.887087478366768778e+01,9.999999999999999799e-13,2.022958711129283261e-06,4.781089278833406272e-09
4.687500000000000000e-02,2.343750000000000000e-02,5.633980605752210380e+01,9.999999999999999799e-13,2.026234146909610217e-06,3.444497420309744740e-09
4.812500000000000111e-02,2.343750000000000000e-02,5.380528941639366280e+01,9.999999999999999799e-13,2.028455876740431908e-06,2.091420552278577741e-09
4.937500000000000222e-02,2.343750000000000000e-02,5.126866636567102375e+01,9.999999999999999799e-13,2.029582312810109314e-06,7.025420064053377508e-10
5.062500000000000333e-02,2.343750000000000000e-02,4.873133363436839005e+01,9.999999999999999799e-13,2.029582312810123714e-06,-7.025420062916510814e-10
5.187500000000000444e-02,2.343750000000000000e-02,4.619471058364571547e+01,9.999999999999999799e-13,2.028455876740497553e-06,-2.091420552164890865e-09
5.312499999999999861e-02,2.343750000000000000e-02,4.366019394251714658e+01,9.999999999999999799e-13,2.026234146909752095e-06,-3.444497420173320323e-09
5.437499999999999972e-02,2.343750000000000000e-02,4.112912521637133523e+01,9.999999999999999799e-13,2.022958711129507725e-06,-4.781089278714035011e-09
5.562500000000000083e-02,2.343750000000000000e-02,3.860279716469337785e+01,9.999999999999999799e-13,2.018638165733574462e-06,-6.186261946720605961e-09
5.687500000000000194e-02,2.343750000000000000e-02,3.608252980203739924e+01,9.999999999999999799e-13,2.013175208376398479e-06,-7.834942658132604297e-09
5.812500000000000305e-02,2.343750000000000000e-02,3.356985914375238167e+01,9.999999999999999799e-13,2.006245413794854704e-06,-9.989048360245079231e-09
5.937500000000000416e-02,2.343750000000000000e-02,3.106691626755026192e+01,9.999999999999999799e-13,1.997094357892060875e-06,-1.284690863240598483e-08
6.062499999999999833e-02,2.343750000000000000e-02,2.857712324902222889e+01,9.999999999999999799e-13,1.984322365016282858e-06,-1.575190750999979601e-08
6.187499999999999944e-02,2.343750000000000000e-02,2.610611035500955524e+01,9.999999999999999799e-13,1.966721847296918401e-06,-1.416459072075326674e-08
6.312500000000000056e-02,2.343750000000000000e-02,2.366031863077993336e+01,9.999999999999999799e-13,1.950735357509611922e-06,8.420030823111802035e-09
6.437500000000000167e-02,2.343750000000000000e-02,2.122927196123552562e+01,9.999999999999999799e-13,1.974913901749467308e-06,8.486374794905771521e-08
6.562500000000000278e-02,2.343750000000000000e-02,1.996362172839674898e+01,1.000000000000000036e-10,7.753880726631300603e-06,1.362444104948934670e-05
6.687500000000000389e-02,2.343750000000000000e-02,1.979483709107925904e+01,1.000000000000000036e-10,1.842143734510628207e-05,1.206813911282921404e-05
6.812500000000000500e-02,2.343750000000000000e-02,1.950308579476909188e+01,1.000000000000000036e-10,2.736668203052033266e-05,1.012212493526476256e-05
6.937500000000000611e-02,2.343750000000000000e-02,1.911067004031625061e+01,1.000000000000000036e-10,3.467834229453614896e-05,8.348162221714401174e-06
7.062500000000000722e-02,2.343750000000000000e-02,1.863612723740568811e+01,1.000000000000000036e-10,4.065718457977523864e-05,6.869413527285813775e-06
7.187500000000000833e-02,2.343750000000000000e-02,1.809424042582186942e+01,1.000000000000000036e-10,4.557219652195711765e-05,5.667071108405251199e-06
7.312499999999999556e-02,2.343750000000000000e-02,1.749682232435675999e+01,1.000000000000000036e-10,4.963397725706286115e-05,4.693039278187711153e-06
7.437499999999999667e-02,2.343750000000000000e-02,1.685339099439529775e+01,1.000000000000000036e-10,5.300585983890498986e-05,3.901406028766415618e-06
7.562499999999999778e-02,2.343750000000000000e-02,1.617167582838413509e+01,1.000000000000000036e-10,5.581579096584426091e-05,3.254658250722001467e-06
7.687499999999999889e-02,2.343750000000000000e-02,1.545799622024919096e+01,1.000000000000000036e-10,5.816505417351392404e-05,2.723365537447648307e-06
7.812500000000000000e-02,2.343750000000000000e-02,1.471754947404628666e+01,1.000000000000000036e-10,6.013453970634372069e-05,2.284617398454571153e-06
7.937500000000000111e-02,2.343750000000000000e-02,1.395463272759059770e+01,1.000000000000000036e-10,6.178934257329742117e-05,1.920523375361397891e-06
8.062500000000000222e-02,2.343750000000000000e-02,1.317281590971385086e+01,1.000000000000000036e-10,6.318219594624065725e-05,1.617018208117428751e-06
8.187500000000000333e-02,2.343750000000000000e-02,1.237507782893458064e+01,1.000000000000000036e-10,6.435606847160604870e-05,1.362956333610156593e-06
8.312500000000000444e-02,2.343750000000000000e-02,1.156391419792369923e+01,1.000000000000000036e-10,6.534614923894485877e-05,1.149433876896779213e-06
8.437500000000000555e-02,2.343750000000000000e-02,1.074142409796095876e+01,1.000000000000000036e-10,6.618137824698967385e-05,9.692804857415636013e-07
8.562500000000000666e-02,2.343750000000000000e-02,9.909379741748956860e+00,1.000000000000000036e-10,6.688563596606050170e-05,8.166762047096651927e-07
8.687500000000000777e-02,2.343750000000000000e-02,9.069283198809445778e+00,1.000000000000000036e-10,6.747867475044542498e-05,6.868603123022863300e-07
8.812499999999999500e-02,2.343750000000000000e-02,8.222412872987820975e+00,1.000000000000000036e-10,6.797685291618917416e-05,5.759080496700618673e-07
8.937499999999999611e-02,2.343750000000000000e-02,7.369861875904716086e+00,1.000000000000000036e-10,6.839371650941751958e-05,4.805577429986127999e-07
9.062499999999999722e-02,2.343750000000000000e-02,6.512569960252382550e+00,1.000000000000000036e-10,6.874046232248736386e-05,3.980755472830565685e-07
9.187499999999999833e-02,2.343750000000000000e-02,5.651350317842531723e+00,1.000000000000000036e-10,6.902630731746962163e-05,3.261484263344981284e-07
9.312499999999999944e-02,2.343750000000000000e-02,4.786912277315641617e+00,1.000000000000000036e-10,6.925878341387543130e-05,2.627984152552187215e-07
9.437500000000000056e-02,2.343750000000000000e-02,3.919880732495645503e+00,1.000000000000000036e-10,6.944397197250295030e-05,2.063129617180691834e-07
9.562500000000000167e-02,2.343750000000000000e-02,3.050812978003067499e+00,1.000000000000000036e-10,6.958668882016654910e-05,1.551874049489043375e-07
9.687500000000000278e-02,2.343750000000000000e-02,2.180213511991481390e+00,1.000000000000000036e-10,6.969062799525664576e-05,1.080765624976720326e-07
9.812500000000000389e-02,2.343750000000000000e-02,1.308547278121650725e+00,1.000000000000000036e-10,6.975847032278045552e-05,6.375305011314223857e-08
9.937500000000000500e-02,2.343750000000000000e-02,4.362517539219695761e-01,1.000000000000000036e-10,6.979196128174480697e-05,2.107042603935127093e-08
6.250000000000000130e-04,2.406250000000000056e-02,9.956385393828630015e+01,1.000000000000000036e-10,6.977494178240817605e-05,-1.269670726287585830e-08
1.874999999999999931e-03,2.406250000000000056e-02,9.869177251715349541e+01,1.000000000000000036e-10,6.974101270957019428e-05,-3.841675298758672207e-08
3.125000000000000173e-03,2.406250000000000056e-02,9.782032862054704481e+01,1.000000000000000036e-10,6.967228151233311796e-05,-6.512609723358763058e-08
4.375000000000000416e-03,2.406250000000000056e-02,9.694996547934516684e+01,1.000000000000000036e-10,6.956697692927717072e-05,-9.351599112846995912e-08
5.624999999999999792e-03,2.406250000000000056e-02,9.608115419731511508e+01,1.000000000000000036e-10,6.942237818364444869e-05,-1.243265788821190404e-07
6.875000000000000035e-03,2.406250000000000056e-02,9.521440602475405512e+01,1.000000000000000036e-10,6.923473548979528261e-05,-1.583691718417412331e-07
8.125000000000000278e-03,2.406250000000000056e-02,9.435028581007023263e+01,1.000000000000000036e-10,6.899915914664175517e-05,-1.965514499545406041e-07
9.374999999999999653e-03,2.406250000000000056e-02,9.348942704608801080e+01,1.000000000000000036e-10,6.870947259544663184e-05,-2.399067505609764199e-07
1.062500000000000076e-02,2.406250000000000056e-02,9.263254899518406660e+01,1.000000000000000036e-10,6.835802310621431443e-05,-2.896288885563080221e-07
1.187500000000000014e-02,2.406250000000000056e-02,9.178047646843265284e+01,1.000000000000000036e-10,6.793544159530424779e-05,-3.471143520334861773e-07
1.312499999999999951e-02,2.406250000000000056e-02,9.093416295530145987e+01,1.000000000000000036e-10,6.743034028889211299e-05,-4.140142738526719385e-07
1.437500000000000062e-02,2.406250000000000056e-02,9.009471796121034970e+01,1.000000000000000036e-10,6.682893328941872030e-05,-4.922993512172978415e-07
1.562500000000000000e-02,2.406250000000000056e-02,8.926343962306599167e+01,1.000000000000000036e-10,6.611456023995513297e-05,-5.843419549489679602e-07
1.687500000000000111e-02,2.406250000000000056e-02,8.844185395521147086e+01,1.000000000000000036e-10,6.526708674678557368e-05,-6.930211570636400828e-07
1.812499999999999875e-02,2.406250000000000056e-02,8.763176245439635181e+01,1.000000000000000036e-10,6.426214635845666075e-05,-8.218584755923074312e-07
1.937499999999999986e-02,2.406250000000000056e-02,8.683530029625005398e+01,1.000000000000000036e-10,6.307017679165822155e-05,-9.751950200370627055e-07
2.062500000000000097e-02,2.406250000000000056e-02,8.605500803460489578e+01,1.000000000000000036e-10,6.165518646238012795e-05,-1.158424712314171997e-06
2.187500000000000208e-02,2.406250000000000056e-02,8.529392063469055074e+01,1.000000000000000036e-10,5.997316449897708565e-05,-1.378303646304174923e-06
2.312499999999999972e-02,2.406250000000000056e-02,8.455567892213046832e+01,1.000000000000000036e-10,5.797001616972578472e-05,-1.643362358538524328e-06
2.437500000000000083e-02,2.406250000000000056e-02,8.384467023044740586e+01,1.000000000000000036e-10,5.557886433285545301e-05,-1.964453907341976188e-06
2.562500000000000194e-02,2.406250000000000056e-02,8.316620731380908182e+01,1.000000000000000036e-10,5.271650851384037176e-05,-2.355466899153952509e-06
2.687499999999999958e-02,2.406250000000000056e-02,8.252675751760139633e+01,1.000000000000000036e-10,4.927879825625836063e-05,-2.834181988075669473e-06
2.812500000000000069e-02,2.406250000000000056e-02,8.193423735740262259e+01,1.000000000000000036e-10,4.513475686052401359e-05,-3.423017333084316382e-06
2.937500000000000180e-02,2.406250000000000056e-02,8.139838859608829580e+01,1.000000000000000036e-10,4.011989059429651804e-05,-4.148528198385291756e-06
3.062499999999999944e-02,2.406250000000000056e-02,8.093124009254520956e+01,1.000000000000000036e-10,3.403176668986589105e-05,-5.035564455757820084e-06
3.187500000000000056e-02,2.406250000000000056e-02,8.054759442884164855e+01,1.000000000000000036e-10,2.664088586040065518e-05,-6.083452154454107222e-06
3.312500000000000167e-02,2.406250000000000056e-02,8.026521794603519311e+01,1.000000000000000036e-10,1.776114730817539105e-05,-7.194320274792288729e-06
3.437500000000000278e-02,2.406250000000000056e-02,8.010356574613726366e+01,1.000000000000000036e-10,7.487233969605386254e-06,-8.027524908974326695e-06
3.562500000000000389e-02,2.406250000000000056e-02,7.881436895435589918e+01,9.999999999999999799e-13,2.008178747288588130e-06,-5.276886484803071622e-08
3.687499999999999806e-02,2.406250000000000056e-02,7.634678702035495235e+01,9.999999999999999799e-13,1.970471812922954890e-06,-9.572174621177965108e-09
3.812499999999999917e-02,2.406250000000000056e-02,7.388818942204851226e+01,9.999999999999999799e-13,1.972563078388037729e-06,6.277856892779709918e-09
3.937500000000000028e-02,2.406250000000000056e-02,7.141537932438485825e+01,9.999999999999999799e-13,1.984596510099078148e-06,8.821666622930024728e-09
4.062500000000000139e-02,2.406250000000000056e-02,6.892669814680081686e+01,9.999999999999999799e-13,1.996106260225730135e-06,7.636278018446775140e-09
4.187500000000000250e-02,2.406250000000000056e-02,6.642511367382053322e+01,9.999999999999999799e-13,2.005270079965984832e-06,6.042241152931637658e-09
4.312500000000000361e-02,2.406250000000000056e-02,6.391352294688585545e+01,9.999999999999999799e-13,2.012407866425695830e-06,4.747959345081653572e-09
4.437499999999999778e-02,2.406250000000000056e-02,6.139409400775629422e+01,9.999999999999999799e-13,2.018017503883575704e-06,3.736947852479488508e-09
4.562499999999999889e-02,2.406250000000000056e-02,5.886847918717691641e+01,9.999999999999999799e-13,2.022403908699615855e-06,2.876928267198764289e-09
4.687500000000000000e-02,2.406250000000000056e-02,5.633808423600725490e+01,9.999999999999999799e-13,2.025693442971663755e-06,2.066173405796689784e-09
4.812500000000000111e-02,2.406250000000000056e-02,5.380424557974775723e+01,9.999999999999999799e-13,2.027907299607090961e-06,1.251951333699707910e-09
4.937500000000000222e-02,2.406250000000000056e-02,5.126831598698952774e+01,9.999999999999999799e-13,2.029024626679174038e-06,4.201296540884413706e-10
5.062500000000000333e-02,2.406250000000000056e-02,4.873168401304982211e+01,9.999999999999999799e-13,2.029024626679190979e-06,-4.201296539974919317e-10
5.187500000000000444e-02,2.406250000000000056e-02,4.619575442029154999e+01,9.999999999999999799e-13,2.027907299607165076e-06,-1.251951333586021034e-09
5.312499999999999861e-02,2.406250000000000056e-02,4.366191576403191021e+01,9.999999999999999799e-13,2.025693442971811562e-06,-2.066173405677318523e-09
5.437499999999999972e-02,2.406250000000000056e-02,4.113152081286202133e+01,9.999999999999999799e-13,2.022403908699831849e-06,-2.876928267085077412e-09
5.562500000000000083e-02,2.406250000000000056e-02,3.860590599228233089e+01,9.999999999999999799e-13,2.018017503883868354e-06,-3.736947852365802459e-09
5.687500000000000194e-02,2.406250000000000056e-02,3.608647705315235044e+01,9.999999999999999799e-13,2.012407866426062172e-06,-4.747959344956598752e-09
5.812500000000000305e-02,2.406250000000000056e-02,3.357488632621717528e+01,9.999999999999999799e-13,2.005270079966436301e-06,-6.042241152817951609e-09
5.937500000000000416e-02,2.406250000000000056e-02,3.107330185323625926e+01,9.999999999999999799e-13,1.996106260226245978e-06,-7.636278018355824977e-09
6.062499999999999833e-02,2.406250000000000056e-02,2.858462067565156062e+01,9.999999999999999799e-13,1.984596510099646507e-06,-8.821666622873182531e-09
6.187499999999999944e-02,2.406250000000000056e-02,2.611181057798714278e+01,9.999999999999999799e-13,1.972563078388692909e-06,-6.277856892717181681e-09
6.312500000000000056e-02,2.406250000000000056e-02,2.365321297967982872e+01,9.999999999999999799e-13,1.970471812923669785e-06,9.572174621268915270e-09
6.437500000000000167e-02,2.406250000000000056e-02,2.118563104567796884e+01,9.999999999999999799e-13,2.008178747289358930e-06,5.276886484815293381e-08
6.562500000000000278e-02,2.406250000000000056e-02,1.989643425389609277e+01,1.000000000000000036e-10,7.487233969606076586e-06,8.027524908989673238e-06
6.687500000000000389e-02,2.406250000000000056e-02,1.973478205399815621e+01,1.000000000000000036e-10,1.776114730818278395e-05,7.194320274803657606e-06
6.812500000000000500e-02,2.406250000000000056e-02,1.945240557119152314e+01,1.000000000000000036e-10,2.664088586041628463e-05,6.083452154468032443e-06
6.937500000000000611e-02,2.406250000000000056e-02,1.906875990748774896e+01,1.000000000000000036e-10,3.403176668988861864e-05,5.035564455766915524e-06
7.062500000000000722e-02,2.406250000000000056e-02,1.860161140394430745e+01,1.000000000000000036e-10,4.011989059433018930e-05,4.148528198393250477e-06
7.187500000000000833e-02,2.406250000000000056e-02,1.806576264262949394e+01,1.000000000000000036e-10,4.513475686056706997e-05,3.423017333088864101e-06
7.312499999999999556e-02,2.406250000000000056e-02,1.747324248243013045e+01,1.000000000000000036e-10,4.927879825631093766e-05,2.834181988079933013e-06
7.437499999999999667e-02,2.406250000000000056e-02,1.683379268622172020e+01,1.000000000000000036e-10,5.271650851390148010e-05,2.355466899158783985e-06
7.562499999999999778e-02,2.406250000000000056e-02,1.615532976958259326e+01,1.000000000000000036e-10,5.557886433292337828e-05,1.964453907350218242e-06
7.687499999999999889e-02,2.406250000000000056e-02,1.544432107789863551e+01,1.000000000000000036e-10,5.797001616980202446e-05,1.643362358546340536e-06
7.812500000000000000e-02,2.406250000000000056e-02,1.470607936533754234e+01,1.000000000000000036e-10,5.997316449905652378e-05,1.378303646314833138e-06
7.937500000000000111e-02,2.406250000000000056e-02,1.394499196542222208e+01,1.000000000000000036e-10,6.165518646246431625e-05,1.158424712320566884e-06
8.062500000000000222e-02,2.406250000000000056e-02,1.316469970377593413e+01,1.000000000000000036e-10,6.307017679175031097e-05,9.751950200428892334e-07
8.187500000000000333e-02,2.406250000000000056e-02,1.236823754562846389e+01,1.000000000000000036e-10,6.426214635855436092e-05,8.218584756002653058e-07
8.312500000000000444e-02,2.406250000000000056e-02,1.155814604481207475e+01,1.000000000000000036e-10,6.526708674688931828e-05,6.930211570714560793e-07
8.437500000000000555e-02,2.406250000000000056e-02,1.073656037695623056e+01,1.000000000000000036e-10,6.611456024006470515e-05,5.843419549582050662e-07
8.562500000000000666e-02,2.406250000000000056e-02,9.905282038810456768e+00,1.000000000000000036e-10,6.682893328953645111e-05,4.922993512229821738e-07
8.687500000000000777e-02,2.406250000000000056e-02,9.065837044717818927e+00,1.000000000000000036e-10,6.743034028901552230e-05,4.140142738582140750e-07
8.812499999999999500e-02,2.406250000000000056e-02,8.219523531585068099e+00,1.000000000000000036e-10,6.793544159542760290e-05,3.471143520366125759e-07
8.937499999999999611e-02,2.406250000000000056e-02,7.367451004832128447e+00,1.000000000000000036e-10,6.835802310634067820e-05,2.896288885614239423e-07
9.062499999999999722e-02,2.406250000000000056e-02,6.510572953926550888e+00,1.000000000000000036e-10,6.870947259558226553e-05,2.399067505649554631e-07
9.187499999999999833e-02,2.406250000000000056e-02,5.649714189942571352e+00,1.000000000000000036e-10,6.899915914678469368e-05,1.965514499604381239e-07
9.312499999999999944e-02,2.406250000000000056e-02,4.785593975256933419e+00,1.000000000000000036e-10,6.923473548994368279e-05,1.583691718469992695e-07
9.437500000000000056e-02,2.406250000000000056e-02,3.918845802693978975e+00,1.000000000000000036e-10,6.942237818379680620e-05,1.243265788863822896e-07
9.562500000000000167e-02,2.406250000000000056e-02,3.050034520662012749e+00,1.000000000000000036e-10,6.956697692943310609e-05,9.351599113095686109e-08
9.687500000000000278e-02,2.406250000000000056e-02,2.179671379458151037e+00,1.000000000000000036e-10,6.967228151249349856e-05,6.512609724062200098e-08
9.812500000000000389e-02,2.406250000000000056e-02,1.308227482849675161e+00,1.000000000000000036e-10,6.974101270973579261e-05,3.841675298721369009e-08
9.937500000000000500e-02,2.406250000000000056e-02,4.361460617147558949e-01,1.000000000000000036e-10,6.977494178257723028e-05,1.269670726232518762e-08
6.250000000000000130e-04,2.468750000000000111e-02,9.956390695491987231e+01,1.000000000000000036e-10,6.976640455145057592e-05,-4.241330682361875690e-09
1.874999999999999931e-03,2.468750000000000111e-02,9.869193293129386291e+01,1.000000000000000036e-10,6.973225562762761572e-05,-1.283313122826256980e-08
3.125000000000000173e-03,2.468750000000000111e-02,9.782060056422918137e+01,1.000000000000000036e-10,6.966307837602526108e-05,-2.175549457206215754e-08
4.375000000000000416e-03,2.468750000000000111e-02,9.695035597189323084e+01,1.000000000000000036e-10,6.955708857918805016e-05,-3.123940384398336934e-08
5.624999999999999792e-03,2.468750000000000111e-02,9.608167334974947948e+01,1.000000000000000036e-10,6.941154538199384200e-05,-4.153219475028890041e-08
6.875000000000000035e-03,2.468750000000000111e-02,9.521506733734338468e+01,1.000000000000000036e-10,6.922267097818972609e-05,-5.290500714409062937e-08
8.125000000000000278e-03,2.468750000000000111e-02,9.435110657529473599e+01,1.000000000000000036e-10,6.898553852796623009e-05,-6.566121795572142363e-08
9.374999999999999653e-03,2.468750000000000111e-02,9.349042887414422864e+01,1.000000000000000036e-10,6.869392360305083881e-05,-8.014624449515393458e-08
1.062500000000000076e-02,2.468750000000000111e-02,9.263375848521846478e+01,1.000000000000000036e-10,6.834011270855510788e-05,-9.675920274958113627e-08
1.187500000000000014e-02,2.468750000000000111e-02,9.178192605643035051e+01,1.000000000000000036e-10,6.791466022341749562e-05,-1.159670398146772329e-07
1.312499999999999951e-02,2.468750000000000111e-02,9.093589197963302695e+01,1.000000000000000036e-10,6.740608225073002862e-05,-1.383219465230922396e-07
1.437500000000000062e-02,2.468750000000000111e-02,9.009677400016209958e+01,1.000000000000000036e-10,6.680047212539362783e-05,-1.644831161354431641e-07
1.562500000000000000e-02,2.468750000000000111e-02,8.926588017649818596e+01,1.000000000000000036e-10,6.608101734395630152e-05,-1.952442745709958542e-07
1.687500000000000111e-02,2.468750000000000111e-02,8.844474856656319162e+01,1.000000000000000036e-10,6.522739097852023413e-05,-2.315689081342497303e-07
1.812499999999999875e-02,2.468750000000000111e-02,8.763519540203517977e+01,1.000000000000000036e-10,6.421498154002221225e-05,-2.746358111039625220e-07
1.937499999999999986e-02,2.468750000000000111e-02,8.683937402806263606e+01,1.000000000000000036e-10,6.301391282778750764e-05,-3.258985450031558754e-07
2.062500000000000097e-02,2.468750000000000111e-02,8.605984758134049173e+01,1.000000000000000036e-10,6.158778826007732000e-05,-3.871637388454017613e-07
2.187500000000000208e-02,2.468750000000000111e-02,8.529967932156070276e+01,1.000000000000000036e-10,5.989207088315138758e-05,-4.606949496121613888e-07
2.312499999999999972e-02,2.468750000000000111e-02,8.456254580926170661e+01,1.000000000000000036e-10,5.787197904291984394e-05,-5.493509704967890626e-07
2.437500000000000083e-02,2.468750000000000111e-02,8.385287984548770623e+01,1.000000000000000036e-10,5.545973869546968712e-05,-6.567692032217562876e-07
2.562500000000000194e-02,2.468750000000000111e-02,8.317605234187496421e+01,1.000000000000000036e-10,5.257099579847930598e-05,-7.876022452660434958e-07
2.687499999999999958e-02,2.468750000000000111e-02,8.253860495052572332e+01,1.000000000000000036e-10,4.910020204004523093e-05,-9.477946339416118685e-07
2.812500000000000069e-02,2.468750000000000111e-02,8.194854729087383305e+01,1.000000000000000036e-10,4.491502341675753933e-05,-1.144794677695699389e-06
2.937500000000000180e-02,2.468750000000000111e-02,8.141572936510678460e+01,1.000000000000000036e-10,3.985091101840395749e-05,-1.387261521476830111e-06
3.062499999999999944e-02,2.468750000000000111e-02,8.095227451541373398e+01,1.000000000000000036e-10,3.371088031647786337e-05,-1.682753829477405474e-06
3.187500000000000056e-02,2.468750000000000111e-02,8.057295735719483787e+01,1.000000000000000036e-10,2.628730412098661423e-05,-2.029034268249460708e-06
3.312500000000000167e-02,2.468750000000000111e-02,8.029509191238906851e+01,1.000000000000000036e-10,1.744940096783806962e-05,-2.389917308304347280e-06
3.437500000000000278e-02,2.468750000000000111e-02,8.013672233299888603e+01,1.000000000000000036e-10,7.364512453342275563e-06,-2.652526948928652555e-06
3.562500000000000389e-02,2.468750000000000111e-02,7.883668911985847672e+01,9.999999999999999799e-13,2.023746290665811719e-06,-1.785613240202792300e-08
3.687499999999999806e-02,2.468750000000000111e-02,7.635164658753139122e+01,9.999999999999999799e-13,1.980258718379326639e-06,-3.887653741139729591e-09
3.812499999999999917e-02,2.468750000000000111e-02,7.388604232391016069e+01,9.999999999999999799e-13,1.975918767918330253e-06,1.717678510703990453e-09
3.937500000000000028e-02,2.468750000000000111e-02,7.141184966773556653e+01,9.999999999999999799e-13,1.985001575578536575e-06,2.823725319467485074e-09
4.062500000000000139e-02,2.468750000000000111e-02,6.892353838496381968e+01,9.999999999999999799e-13,1.995704645156535949e-06,2.527809469631847653e-09
4.187500000000000250e-02,2.468750000000000111e-02,6.642258805484422624e+01,9.999999999999999799e-13,2.004801254457711989e-06,2.020495181056958396e-09
4.312500000000000361e-02,2.468750000000000111e-02,6.391153524881953985e+01,9.999999999999999799e-13,2.012022561725805975e-06,1.590158453069534428e-09
4.437499999999999778e-02,2.468750000000000111e-02,6.139253165052971184e+01,9.999999999999999799e-13,2.017702650194340116e-06,1.249885781300008767e-09
4.562499999999999889e-02,2.468750000000000111e-02,5.886727862333368932e+01,9.999999999999999799e-13,2.022123323905941642e-06,9.604510746157759070e-10
4.687500000000000000e-02,2.468750000000000111e-02,5.633722334076485794e+01,9.999999999999999799e-13,2.025421658442860714e-06,6.887161939516771824e-10
4.812500000000000111e-02,2.468750000000000111e-02,5.380372447722653817e+01,9.999999999999999799e-13,2.027632854864578211e-06,4.168820170036724561e-10
4.937500000000000222e-02,2.468750000000000111e-02,5.126814120360341320e+01,9.999999999999999799e-13,2.028746272316260802e-06,1.398267089200544707e-10
5.062500000000000333e-02,2.468750000000000111e-02,4.873185879643588692e+01,9.999999999999999799e-13,2.028746272316286213e-06,-1.398267088006832610e-10
5.187500000000000444e-02,2.468750000000000111e-02,4.619627552281269800e+01,9.999999999999999799e-13,2.027632854864657409e-06,-4.168820168956699650e-10
5.312499999999999861e-02,2.468750000000000111e-02,4.366277665927424323e+01,9.999999999999999799e-13,2.025421658443002169e-06,-6.887161938493591799e-10
5.437499999999999972e-02,2.468750000000000111e-02,4.113272137670519157e+01,9.999999999999999799e-13,2.022123323906163141e-06,-9.604510745077732091e-10
5.562500000000000083e-02,2.468750000000000111e-02,3.860746834950883510e+01,9.999999999999999799e-13,2.017702650194638695e-06,-1.249885781192006070e-09
5.687500000000000194e-02,2.468750000000000111e-02,3.608846475121859498e+01,9.999999999999999799e-13,2.012022561726172740e-06,-1.590158452972900914e-09
5.812500000000000305e-02,2.468750000000000111e-02,3.357741194519340411e+01,9.999999999999999799e-13,2.004801254458155411e-06,-2.020495180960324262e-09
5.937500000000000416e-02,2.468750000000000111e-02,3.107646161507320670e+01,9.999999999999999799e-13,1.995704645157033581e-06,-2.527809469552266674e-09
6.062499999999999833e-02,2.468750000000000111e-02,2.858815033230082037e+01,9.999999999999999799e-13,1.985001575579101970e-06,-2.823725319402115058e-09
6.187499999999999944e-02,2.468750000000000111e-02,2.611395767612545171e+01,9.999999999999999799e-13,1.975918767918989245e-06,-1.717678510641462629e-09
6.312500000000000056e-02,2.468750000000000111e-02,2.364835341250334722e+01,9.999999999999999799e-13,1.980258718380047041e-06,3.887653741196572616e-09
6.437500000000000167e-02,2.468750000000000111e-02,2.116331088017533446e+01,9.999999999999999799e-13,2.023746290666616400e-06,1.785613240211887317e-08
6.562500000000000278e-02,2.468750000000000111e-02,1.986327766703437803e+01,1.000000000000000036e-10,7.364512453341997736e-06,2.652526948937747148e-06
6.687500000000000389e-02,2.468750000000000111e-02,1.970490808764421331e+01,1.000000000000000036e-10,1.744940096784545913e-05,2.389917308317421657e-06
6.812500000000000500e-02,2.468750000000000111e-02,1.942704264283824145e+01,1.000000000000000036e-10,2.628730412100196246e-05,2.029034268263387200e-06
6.937500000000000611e-02,2.468750000000000111e-02,1.904772548461916415e+01,1.000000000000000036e-10,3.371088031649875459e-05,1.682753829487353029e-06
7.062500000000000722e-02,2.468750000000000111e-02,1.858427063492577247e+01,1.000000000000000036e-10,3.985091101843621928e-05,1.387261521483935447e-06
7.187500000000000833e-02,2.468750000000000111e-02,1.805145270915825861e+01,1.000000000000000036e-10,4.491502341680045341e-05,1.144794677699962717e-06
7.312499999999999556e-02,2.468750000000000111e-02,1.746139504950576082e+01,1.000000000000000036e-10,4.910020204009781473e-05,9.477946339501385257e-07
7.437499999999999667e-02,2.468750000000000111e-02,1.682394765815581295e+01,1.000000000000000036e-10,5.257099579854012972e-05,7.876022452728646521e-07
7.562499999999999778e-02,2.468750000000000111e-02,1.614712015454225735e+01,1.000000000000000036e-10,5.545973869553803929e-05,6.567692032271564403e-07
7.687499999999999889e-02,2.468750000000000111e-02,1.543745419076736169e+01,1.000000000000000036e-10,5.787197904299623276e-05,5.493509705024733948e-07
7.812500000000000000e-02,2.468750000000000111e-02,1.470032067846735124e+01,1.000000000000000036e-10,5.989207088323083249e-05,4.606949496157141097e-07
7.937500000000000111e-02,2.468750000000000111e-02,1.394015241868659061e+01,1.000000000000000036e-10,6.158778826016145409e-05,3.871637388505177345e-07
8.062500000000000222e-02,2.468750000000000111e-02,1.316062597196331474e+01,1.000000000000000036e-10,6.301391282788051864e-05,3.258985450099770847e-07
8.187500000000000333e-02,2.468750000000000111e-02,1.236480459798957732e+01,1.000000000000000036e-10,6.421498154012033254e-05,2.746358111113521963e-07
8.312500000000000444e-02,2.468750000000000111e-02,1.155525143346030603e+01,1.000000000000000036e-10,6.522739097862382965e-05,2.315689081420657268e-07
8.437500000000000555e-02,2.468750000000000111e-02,1.073411982352398120e+01,1.000000000000000036e-10,6.608101734406545357e-05,1.952442745803750235e-07
8.562500000000000666e-02,2.468750000000000111e-02,9.903225999858669581e+00,1.000000000000000036e-10,6.680047212551050483e-05,1.644831161434012504e-07
8.687500000000000777e-02,2.468750000000000111e-02,9.064108020386218101e+00,1.000000000000000036e-10,6.740608225085223176e-05,1.383219465283502496e-07
8.812499999999999500e-02,2.468750000000000111e-02,8.218073943587363317e+00,1.000000000000000036e-10,6.791466022354078296e-05,1.159670398165246382e-07
8.937499999999999611e-02,2.468750000000000111e-02,7.366241514797698287e+00,1.000000000000000036e-10,6.834011270868170203e-05,9.675920275476811457e-08
9.062499999999999722e-02,2.468750000000000111e-02,6.509571125870320607e+00,1.000000000000000036e-10,6.869392360318686552e-05,8.014624449870664222e-08
9.187499999999999833e-02,2.468750000000000111e-02,5.648893424718026246e+00,1.000000000000000036e-10,6.898553852811064582e-05,6.566121796375055482e-08
9.312499999999999944e-02,2.468750000000000111e-02,4.784932662667554126e+00,1.000000000000000036e-10,6.922267097833839731e-05,5.290500715048550975e-08
9.437500000000000056e-02,2.468750000000000111e-02,3.918326650259565724e+00,1.000000000000000036e-10,6.941154538214492557e-05,4.153219475327317616e-08
9.562500000000000167e-02,2.468750000000000111e-02,3.049644028113930538e+00,1.000000000000000036e-10,6.955708857934367383e-05,3.123940384668343906e-08
9.687500000000000278e-02,2.468750000000000111e-02,2.179399435775973615e+00,1.000000000000000036e-10,6.966307837618477433e-05,2.175549457426484025e-08
9.812500000000000389e-02,2.468750000000000111e-02,1.308067068709310554e+00,1.000000000000000036e-10,6.973225562779131670e-05,1.283313122923956771e-08
9.937500000000000500e-02,2.468750000000000111e-02,4.360930450811905112e-01,1.000000000000000036e-10,6.976640455162003672e-05,4.241330685252896746e-09
6.250000000000000130e-04,2.531250000000000167e-02,9.956390695491982967e+01,1.000000000000000036e-10,6.976640455145285274e-05,4.241330686909349911e-09
1.874999999999999931e-03,2.531250000000000167e-02,9.869193293129384870e+01,1.000000000000000036e-10,6.973225562762535245e-05,1.283313123167317609e-08
3.125000000000000173e-03,2.531250000000000167e-02,9.782060056422919558e+01,1.000000000000000036e-10,6.966307837602526108e-05,2.175549457206215754e-08
4.375000000000000416e-03,2.531250000000000167e-02,9.695035597189321663e+01,1.000000000000000036e-10,6.955708857918805016e-05,3.123940384853085100e-08
5.624999999999999792e-03,2.531250000000000167e-02,9.608167334974949370e+01,1.000000000000000036e-10,6.941154538199439765e-05,4.153219475142576421e-08
6.875000000000000035e-03,2.531250000000000167e-02,9.521506733734335626e+01,1.000000000000000036e-10,6.922267097819257212e-05,5.290500715545930706e-08
8.125000000000000278e-03,2.531250000000000167e-02,9.435110657529467915e+01,1.000000000000000036e-10,6.898553852796623009e-05,6.566121796936384216e-08
9.374999999999999653e-03,2.531250000000000167e-02,9.349042887414420022e+01,1.000000000000000036e-10,6.869392360304970040e-05,8.014624450538576171e-08
1.062500000000000076e-02,2.531250000000000167e-02,9.263375848521843636e+01,1.000000000000000036e-10,6.834011270855453867e-05,9.675920275867608636e-08
1.187500000000000014e-02,2.531250000000000167e-02,9.178192605643033630e+01,1.000000000000000036e-10,6.791466022341749562e-05,1.159670398192247146e-07
1.312499999999999951e-02,2.531250000000000167e-02,9.093589197963299853e+01,1.000000000000000036e-10,6.740608225073172269e-05,1.383219465310503259e-07
1.437500000000000062e-02,2.531250000000000167e-02,9.009677400016204274e+01,1.000000000000000036e-10,6.680047212539476625e-05,1.644831161479487321e-07
1.562500000000000000e-02,2.531250000000000167e-02,8.926588017649812912e+01,1.000000000000000036e-10,6.608101734395573231e-05,1.952442745857751762e-07
1.687500000000000111e-02,2.531250000000000167e-02,8.844474856656314898e+01,1.000000000000000036e-10,6.522739097851909572e-05,2.315689081478921753e-07
1.812499999999999875e-02,2.531250000000000167e-02,8.763519540203515135e+01,1.000000000000000036e-10,6.421498154002221225e-05,2.746358111141944153e-07
1.937499999999999986e-02,2.531250000000000167e-02,8.683937402806259342e+01,1.000000000000000036e-10,6.301391282778750764e-05,3.258985450133877158e-07
2.062500000000000097e-02,2.531250000000000167e-02,8.605984758134046331e+01,1.000000000000000036e-10,6.158778826007561239e-05,3.871637388544967776e-07
2.187500000000000208e-02,2.531250000000000167e-02,8.529967932156070276e+01,1.000000000000000036e-10,5.989207088315139435e-05,4.606949496144351429e-07
2.312499999999999972e-02,2.531250000000000167e-02,8.456254580926167819e+01,1.000000000000000036e-10,5.787197904292098235e-05,5.493509705047471489e-07
2.437500000000000083e-02,2.531250000000000167e-02,8.385287984548767781e+01,1.000000000000000036e-10,5.545973869547081875e-05,6.567692032319882339e-07
2.562500000000000194e-02,2.531250000000000167e-02,8.317605234187490737e+01,1.000000000000000036e-10,5.257099579848043761e-05,7.876022452785490902e-07
2.687499999999999958e-02,2.531250000000000167e-02,8.253860495052566648e+01,1.000000000000000036e-10,4.910020204004353009e-05,9.477946339575281470e-07
2.812500000000000069e-02,2.531250000000000167e-02,8.194854729087381884e+01,1.000000000000000036e-10,4.491502341675640092e-05,1.144794677704794405e-06
2.937500000000000180e-02,2.531250000000000167e-02,8.141572936510675618e+01,1.000000000000000036e-10,3.985091101840565833e-05,1.387261521485924916e-06
3.062499999999999944e-02,2.531250000000000167e-02,8.095227451541367714e+01,1.000000000000000036e-10,3.371088031647957099e-05,1.682753829493321858e-06
3.187500000000000056e-02,2.531250000000000167e-02,8.057295735719476681e+01,1.000000000000000036e-10,2.628730412098718343e-05,2.029034268267650740e-06
3.312500000000000167e-02,2.531250000000000167e-02,8.029509191238899746e+01,1.000000000000000036e-10,1.744940096783579618e-05,2.389917308321400595e-06
3.437500000000000278e-02,2.531250000000000167e-02,8.013672233299887182e+01,1.000000000000000036e-10,7.364512453340024150e-06,2.652526948938884289e-06
3.562500000000000389e-02,2.531250000000000167e-02,7.883668911985843408e+01,9.999999999999999799e-13,2.023746290665823154e-06,1.785613240215297948e-08
3.687499999999999806e-02,2.531250000000000167e-02,7.635164658753137701e+01,9.999999999999999799e-13,1.980258718379320710e-06,3.887653741196572616e-09
3.812499999999999917e-02,2.531250000000000167e-02,7.388604232391013227e+01,9.999999999999999799e-13,1.975918767918341265e-06,-1.717678510613041117e-09
3.937500000000000028e-02,2.531250000000000167e-02,7.141184966773552389e+01,9.999999999999999799e-13,1.985001575578542081e-06,-2.823725319353798198e-09
4.062500000000000139e-02,2.531250000000000167e-02,6.892353838496377705e+01,9.999999999999999799e-13,1.995704645156524937e-06,-2.527809469529529960e-09
4.187500000000000250e-02,2.531250000000000167e-02,6.642258805484421202e+01,9.999999999999999799e-13,2.004801254457703095e-06,-2.020495180954639876e-09
4.312500000000000361e-02,2.531250000000000167e-02,6.391153524881951853e+01,9.999999999999999799e-13,2.012022561725816986e-06,-1.590158452972900707e-09
4.437499999999999778e-02,2.531250000000000167e-02,6.139253165052966921e+01,9.999999999999999799e-13,2.017702650194348586e-06,-1.249885781174953121e-09
4.562499999999999889e-02,2.531250000000000167e-02,5.886727862333364669e+01,9.999999999999999799e-13,2.022123323905941642e-06,-9.604510744850358753e-10
4.687500000000000000e-02,2.531250000000000167e-02,5.633722334076481530e+01,9.999999999999999799e-13,2.025421658442857750e-06,-6.887161938209374608e-10
4.812500000000000111e-02,2.531250000000000167e-02,5.380372447722650264e+01,9.999999999999999799e-13,2.027632854864574823e-06,-4.168820168956699133e-10
4.937500000000000222e-02,2.531250000000000167e-02,5.126814120360337768e+01,9.999999999999999799e-13,2.028746272316271813e-06,-1.398267088291049801e-10
5.062500000000000333e-02,2.531250000000000167e-02,4.873185879643582297e+01,9.999999999999999799e-13,2.028746272316283248e-06,1.398267089484761639e-10
5.187500000000000444e-02,2.531250000000000167e-02,4.619627552281266958e+01,9.999999999999999799e-13,2.027632854864640468e-06,4.168820169866194039e-10
5.312499999999999861e-02,2.531250000000000167e-02,4.366277665927422191e+01,9.999999999999999799e-13,2.025421658443005557e-06,6.887161939175712849e-10
5.437499999999999972e-02,2.531250000000000167e-02,4.113272137670515605e+01,9.999999999999999799e-13,2.022123323906160600e-06,9.604510745816698028e-10
5.562500000000000083e-02,2.531250000000000167e-02,3.860746834950882089e+01,9.999999999999999799e-13,2.017702650194635730e-06,1.249885781265902663e-09
5.687500000000000194e-02,2.531250000000000167e-02,3.608846475121856656e+01,9.999999999999999799e-13,2.012022561726178246e-06,1.590158453052481686e-09
5.812500000000000305e-02,2.531250000000000167e-02,3.357741194519337569e+01,9.999999999999999799e-13,2.004801254458146941e-06,2.020495181034221269e-09
5.937500000000000416e-02,2.531250000000000167e-02,3.107646161507319960e+01,9.999999999999999799e-13,1.995704645157025110e-06,2.527809469575004628e-09
6.062499999999999833e-02,2.531250000000000167e-02,2.858815033230081326e+01,9.999999999999999799e-13,1.985001575579101970e-06,2.823725319416326021e-09
6.187499999999999944e-02,2.531250000000000167e-02,2.611395767612544461e+01,9.999999999999999799e-13,1.975918767918991786e-06,1.717678510664199963e-09
6.312500000000000056e-02,2.531250000000000167e-02,2.364835341250333300e+01,9.999999999999999799e-13,1.980258718380050006e-06,-3.887653741151098362e-09
6.437500000000000167e-02,2.531250000000000167e-02,2.116331088017532025e+01,9.999999999999999799e-13,2.023746290666610894e-06,-1.785613240207624359e-08
6.562500000000000278e-02,2.531250000000000167e-02,1.986327766703437092e+01,1.000000000000000036e-10,7.364512453342703315e-06,-2.652526948935189532e-06
6.687500000000000389e-02,2.531250000000000167e-02,1.970490808764418844e+01,1.000000000000000036e-10,1.744940096784560143e-05,-2.389917308311736796e-06
6.812500000000000500e-02,2.531250000000000167e-02,1.942704264283823079e+01,1.000000000000000036e-10,2.628730412100125096e-05,-2.029034268259692442e-06
6.937500000000000611e-02,2.531250000000000167e-02,1.904772548461915704e+01,1.000000000000000036e-10,3.371088031649889689e-05,-1.682753829484795201e-06
7.062500000000000722e-02,2.531250000000000167e-02,1.858427063492575826e+01,1.000000000000000036e-10,3.985091101843649710e-05,-1.387261521480240478e-06
7.187500000000000833e-02,2.531250000000000167e-02,1.805145270915824440e+01,1.000000000000000036e-10,4.491502341680016881e-05,-1.144794677696551927e-06
7.312499999999999556e-02,2.531250000000000167e-02,1.746139504950575372e+01,1.000000000000000036e-10,4.910020204009738783e-05,-9.477946339475804862e-07
7.437499999999999667e-02,2.531250000000000167e-02,1.682394765815580939e+01,1.000000000000000036e-10,5.257099579853998742e-05,-7.876022452711594689e-07
7.562499999999999778e-02,2.531250000000000167e-02,1.614712015454225380e+01,1.000000000000000036e-10,5.545973869553818159e-05,-6.567692032257354367e-07
7.687499999999999889e-02,2.531250000000000167e-02,1.543745419076735459e+01,1.000000000000000036e-10,5.787197904299630729e-05,-5.493509705007679999e-07
7.812500000000000000e-02,2.531250000000000167e-02,1.470032067846734591e+01,1.000000000000000036e-10,5.989207088323054789e-05,-4.606949496142930531e-07
7.937500000000000111e-02,2.531250000000000167e-02,1.394015241868659061e+01,1.000000000000000036e-10,6.158778826016145409e-05,-3.871637388499492695e-07
8.062500000000000222e-02,2.531250000000000167e-02,1.316062597196330941e+01,1.000000000000000036e-10,6.301391282788073548e-05,-3.258985450084138854e-07
8.187500000000000333e-02,2.531250000000000167e-02,1.236480459798957199e+01,1.000000000000000036e-10,6.421498154012041386e-05,-2.746358111095048174e-07
8.312500000000000444e-02,2.531250000000000167e-02,1.155525143346029893e+01,1.000000000000000036e-10,6.522739097862382965e-05,-2.315689081396498829e-07
8.437500000000000555e-02,2.531250000000000167e-02,1.073411982352397587e+01,1.000000000000000036e-10,6.608101734406537225e-05,-1.952442745785276182e-07
8.562500000000000666e-02,2.531250000000000167e-02,9.903225999858664252e+00,1.000000000000000036e-10,6.680047212551045062e-05,-1.644831161419801673e-07
8.687500000000000777e-02,2.531250000000000167e-02,9.064108020386214548e+00,1.000000000000000036e-10,6.740608225085209623e-05,-1.383219465273555152e-07
8.812499999999999500e-02,2.531250000000000167e-02,8.218073943587361541e+00,1.000000000000000036e-10,6.791466022354082361e-05,-1.159670398158141100e-07
8.937499999999999611e-02,2.531250000000000167e-02,7.366241514797693846e+00,1.000000000000000036e-10,6.834011270868175624e-05,-9.675920275363122430e-08
9.062499999999999722e-02,2.531250000000000167e-02,6.509571125870317054e+00,1.000000000000000036e-10,6.869392360318675710e-05,-8.014624449764083655e-08
9.187499999999999833e-02,2.531250000000000167e-02,5.648893424718024470e+00,1.000000000000000036e-10,6.898553852811056450e-05,-6.566121796318212953e-08
9.312499999999999944e-02,2.531250000000000167e-02,4.784932662667552350e+00,1.000000000000000036e-10,6.922267097833845152e-05,-5.290500714998812273e-08
9.437500000000000056e-02,2.531250000000000167e-02,3.918326650259563060e+00,1.000000000000000036e-10,6.941154538214492557e-05,-4.153219475256264124e-08
9.562500000000000167e-02,2.531250000000000167e-02,3.049644028113929206e+00,1.000000000000000036e-10,6.955708857934360606e-05,-3.123940384618605866e-08
9.687500000000000278e-02,2.531250000000000167e-02,2.179399435775972727e+00,1.000000000000000036e-10,6.966307837618477433e-05,-2.175549457390956949e-08
9.812500000000000389e-02,2.531250000000000167e-02,1.308067068709309666e+00,1.000000000000000036e-10,6.973225562779128959e-05,-1.283313122900863874e-08
9.937500000000000500e-02,2.531250000000000167e-02,4.360930450811902337e-01,1.000000000000000036e-10,6.976640455161998251e-05,-4.241330685172960494e-09
6.250000000000000130e-04,2.593750000000000222e-02,9.956385393828628594e+01,1.000000000000000036e-10,6.977494178240988367e-05,1.269670725832838656e-08
1.874999999999999931e-03,2.593750000000000222e-02,9.869177251715346699e+01,1.000000000000000036e-10,6.974101270957019428e-05,3.841675298986046952e-08
3.125000000000000173e-03,2.593750000000000222e-02,9.782032862054703060e+01,1.000000000000000036e-10,6.967228151233370071e-05,6.512609723927196281e-08
4.375000000000000416e-03,2.593750000000000222e-02,9.694996547934512421e+01,1.000000000000000036e-10,6.956697692927775348e-05,9.351599113301742755e-08
5.624999999999999792e-03,2.593750000000000222e-02,9.608115419731508666e+01,1.000000000000000036e-10,6.942237818364729472e-05,1.243265788843927680e-07
6.875000000000000035e-03,2.593750000000000222e-02,9.521440602475394144e+01,1.000000000000000036e-10,6.923473548979869785e-05,1.583691718474255918e-07
8.125000000000000278e-03,2.593750000000000222e-02,9.435028581007011894e+01,1.000000000000000036e-10,6.899915914664118597e-05,1.965514499624986904e-07
9.374999999999999653e-03,2.593750000000000222e-02,9.348942704608791132e+01,1.000000000000000036e-10,6.870947259544549343e-05,2.399067505723450844e-07
1.062500000000000076e-02,2.593750000000000222e-02,9.263254899518398133e+01,1.000000000000000036e-10,6.835802310621203761e-05,2.896288885676766866e-07
1.187500000000000014e-02,2.593750000000000222e-02,9.178047646843261020e+01,1.000000000000000036e-10,6.793544159530369214e-05,3.471143520425811935e-07
1.312499999999999951e-02,2.593750000000000222e-02,9.093416295530138882e+01,1.000000000000000036e-10,6.743034028889438982e-05,4.140142738606300248e-07
1.437500000000000062e-02,2.593750000000000222e-02,9.009471796121025022e+01,1.000000000000000036e-10,6.682893328942098358e-05,4.922993512252559278e-07
1.562500000000000000e-02,2.593750000000000222e-02,8.926343962306586377e+01,1.000000000000000036e-10,6.611456023995627138e-05,5.843419549591998006e-07
1.687500000000000111e-02,2.593750000000000222e-02,8.844185395521134296e+01,1.000000000000000036e-10,6.526708674678443527e-05,6.930211570761456772e-07
1.812499999999999875e-02,2.593750000000000222e-02,8.763176245439625234e+01,1.000000000000000036e-10,6.426214635845496669e-05,8.218584756036759898e-07
1.937499999999999986e-02,2.593750000000000222e-02,8.683530029624996871e+01,1.000000000000000036e-10,6.307017679165766589e-05,9.751950200427471437e-07
2.062500000000000097e-02,2.593750000000000222e-02,8.605500803460481052e+01,1.000000000000000036e-10,6.165518646237785113e-05,1.158424712322130084e-06
2.187500000000000208e-02,2.593750000000000222e-02,8.529392063469052232e+01,1.000000000000000036e-10,5.997316449897650966e-05,1.378303646313269939e-06
2.312499999999999972e-02,2.593750000000000222e-02,8.455567892213039727e+01,1.000000000000000036e-10,5.797001616972861720e-05,1.643362358546482626e-06
2.437500000000000083e-02,2.593750000000000222e-02,8.384467023044730638e+01,1.000000000000000036e-10,5.557886433285658465e-05,1.964453907353344641e-06
2.562500000000000194e-02,2.593750000000000222e-02,8.316620731380898235e+01,1.000000000000000036e-10,5.271650851384207938e-05,2.355466899161910383e-06
2.687499999999999958e-02,2.593750000000000222e-02,8.252675751760125422e+01,1.000000000000000036e-10,4.927879825625836063e-05,2.834181988085901631e-06
2.812500000000000069e-02,2.593750000000000222e-02,8.193423735740252312e+01,1.000000000000000036e-10,4.513475686052174354e-05,3.423017333095685258e-06
2.937500000000000180e-02,2.593750000000000222e-02,8.139838859608821053e+01,1.000000000000000036e-10,4.011989059429821888e-05,4.148528198394387195e-06
3.062499999999999944e-02,2.593750000000000222e-02,8.093124009254506745e+01,1.000000000000000036e-10,3.403176668986872353e-05,5.035564455768052242e-06
3.187500000000000056e-02,2.593750000000000222e-02,8.054759442884149223e+01,1.000000000000000036e-10,2.664088586040065518e-05,6.083452154465476098e-06
3.312500000000000167e-02,2.593750000000000222e-02,8.026521794603505100e+01,1.000000000000000036e-10,1.776114730817368682e-05,7.194320274802519193e-06
3.437500000000000278e-02,2.593750000000000222e-02,8.010356574613714997e+01,1.000000000000000036e-10,7.487233969604249536e-06,8.027524908990242445e-06
3.562500000000000389e-02,2.593750000000000222e-02,7.881436895435578549e+01,9.999999999999999799e-13,2.008178747288565683e-06,5.276886484817851024e-08
3.687499999999999806e-02,2.593750000000000222e-02,7.634678702035489550e+01,9.999999999999999799e-13,1.970471812922943455e-06,9.572174621280282386e-09
3.812499999999999917e-02,2.593750000000000222e-02,7.388818942204842699e+01,9.999999999999999799e-13,1.972563078388054669e-06,-6.277856892688760582e-09
3.937500000000000028e-02,2.593750000000000222e-02,7.141537932438475877e+01,9.999999999999999799e-13,1.984596510099078148e-06,-8.821666622839074565e-09
4.062500000000000139e-02,2.593750000000000222e-02,6.892669814680073159e+01,9.999999999999999799e-13,1.996106260225735641e-06,-7.636278018355824977e-09
4.187500000000000250e-02,2.593750000000000222e-02,6.642511367382041954e+01,9.999999999999999799e-13,2.005270079965990338e-06,-6.042241152795214068e-09
4.312500000000000361e-02,2.593750000000000222e-02,6.391352294688575597e+01,9.999999999999999799e-13,2.012407866425695830e-06,-4.747959344950914367e-09
4.437499999999999778e-02,2.593750000000000222e-02,6.139409400775618053e+01,9.999999999999999799e-13,2.018017503883584175e-06,-3.736947852371486844e-09
4.562499999999999889e-02,2.593750000000000222e-02,5.886847918717679562e+01,9.999999999999999799e-13,2.022403908699618396e-06,-2.876928267085076999e-09
4.687500000000000000e-02,2.593750000000000222e-02,5.633808423600713411e+01,9.999999999999999799e-13,2.025693442971655285e-06,-2.066173405677318523e-09
4.812500000000000111e-02,2.593750000000000222e-02,5.380424557974765776e+01,9.999999999999999799e-13,2.027907299607074020e-06,-1.251951333597389804e-09
4.937500000000000222e-02,2.593750000000000222e-02,5.126831598698944958e+01,9.999999999999999799e-13,2.029024626679182932e-06,-4.201296540372823177e-10
5.062500000000000333e-02,2.593750000000000222e-02,4.873168401304970132e+01,9.999999999999999799e-13,2.029024626679193943e-06,4.201296540543353698e-10
5.187500000000000444e-02,2.593750000000000222e-02,4.619575442029146473e+01,9.999999999999999799e-13,2.027907299607142206e-06,1.251951333665601806e-09
5.312499999999999861e-02,2.593750000000000222e-02,4.366191576403184627e+01,9.999999999999999799e-13,2.025693442971800127e-06,2.066173405756899502e-09
5.437499999999999972e-02,2.593750000000000222e-02,4.113152081286196449e+01,9.999999999999999799e-13,2.022403908699837778e-06,2.876928267170342363e-09
5.562500000000000083e-02,2.593750000000000222e-02,3.860590599228225273e+01,9.999999999999999799e-13,2.018017503883874283e-06,3.736947852456750968e-09
5.687500000000000194e-02,2.593750000000000222e-02,3.608647705315227938e+01,9.999999999999999799e-13,2.012407866426056666e-06,4.747959345036179318e-09
5.812500000000000305e-02,2.593750000000000222e-02,3.357488632621711133e+01,9.999999999999999799e-13,2.005270079966416819e-06,6.042241152874795461e-09
5.937500000000000416e-02,2.593750000000000222e-02,3.107330185323623795e+01,9.999999999999999799e-13,1.996106260226224379e-06,7.636278018387089095e-09
6.062499999999999833e-02,2.593750000000000222e-02,2.858462067565154996e+01,9.999999999999999799e-13,1.984596510099646507e-06,8.821666622884551301e-09
6.187499999999999944e-02,2.593750000000000222e-02,2.611181057798712146e+01,9.999999999999999799e-13,1.972563078388705614e-06,6.277856892742761414e-09
6.312500000000000056e-02,2.593750000000000222e-02,2.365321297967978609e+01,9.999999999999999799e-13,1.970471812923676562e-06,-9.572174621234808959e-09
6.437500000000000167e-02,2.593750000000000222e-02,2.118563104567792976e+01,9.999999999999999799e-13,2.008178747289346224e-06,-5.276886484811882750e-08
6.562500000000000278e-02,2.593750000000000222e-02,1.989643425389606790e+01,1.000000000000000036e-10,7.487233969606917690e-06,-8.027524908985410969e-06
6.687500000000000389e-02,2.593750000000000222e-02,1.973478205399811003e+01,1.000000000000000036e-10,1.776114730818321085e-05,-7.194320274800530360e-06
6.812500000000000500e-02,2.593750000000000222e-02,1.945240557119148761e+01,1.000000000000000036e-10,2.664088586041543421e-05,-6.083452154464906892e-06
6.937500000000000611e-02,2.593750000000000222e-02,1.906875990748772409e+01,1.000000000000000036e-10,3.403176668988848312e-05,-5.035564455764641240e-06
7.062500000000000722e-02,2.593750000000000222e-02,1.860161140394427548e+01,1.000000000000000036e-10,4.011989059433033837e-05,-4.148528198390692438e-06
7.187500000000000833e-02,2.593750000000000222e-02,1.806576264262946552e+01,1.000000000000000036e-10,4.513475686056679214e-05,-3.423017333086306062e-06
7.312499999999999556e-02,2.593750000000000222e-02,1.747324248243010558e+01,1.000000000000000036e-10,4.927879825631051075e-05,-2.834181988077374974e-06
7.437499999999999667e-02,2.593750000000000222e-02,1.683379268622170244e+01,1.000000000000000036e-10,5.271650851390105320e-05,-2.355466899156794304e-06
7.562499999999999778e-02,2.593750000000000222e-02,1.615532976958257905e+01,1.000000000000000036e-10,5.557886433292323598e-05,-1.964453907349081524e-06
7.687499999999999889e-02,2.593750000000000222e-02,1.544432107789862130e+01,1.000000000000000036e-10,5.797001616980195670e-05,-1.643362358545061304e-06
7.812500000000000000e-02,2.593750000000000222e-02,1.470607936533752991e+01,1.000000000000000036e-10,5.997316449905623918e-05,-1.378303646313554118e-06
7.937500000000000111e-02,2.593750000000000222e-02,1.394499196542221497e+01,1.000000000000000036e-10,6.165518646246439757e-05,-1.158424712319003685e-06
8.062500000000000222e-02,2.593750000000000222e-02,1.316469970377591991e+01,1.000000000000000036e-10,6.307017679175075820e-05,-9.751950200411837326e-07
8.187500000000000333e-02,2.593750000000000222e-02,1.236823754562844613e+01,1.000000000000000036e-10,6.426214635855471329e-05,-8.218584755978495678e-07
8.312500000000000444e-02,2.593750000000000222e-02,1.155814604481205166e+01,1.000000000000000036e-10,6.526708674688931828e-05,-6.930211570694666107e-07
8.437500000000000555e-02,2.593750000000000222e-02,1.073656037695621279e+01,1.000000000000000036e-10,6.611456024006428503e-05,-5.843419549566418669e-07
8.562500000000000666e-02,2.593750000000000222e-02,9.905282038810444334e+00,1.000000000000000036e-10,6.682893328953609874e-05,-4.922993512214189745e-07
8.687500000000000777e-02,2.593750000000000222e-02,9.065837044717810045e+00,1.000000000000000036e-10,6.743034028901531902e-05,-4.140142738570772509e-07
8.812499999999999500e-02,2.593750000000000222e-02,8.219523531585060994e+00,1.000000000000000036e-10,6.793544159542764355e-05,-3.471143520356178416e-07
8.937499999999999611e-02,2.593750000000000222e-02,7.367451004832118677e+00,1.000000000000000036e-10,6.835802310634078662e-05,-2.896288885605712978e-07
9.062499999999999722e-02,2.593750000000000222e-02,6.510572953926541118e+00,1.000000000000000036e-10,6.870947259558208935e-05,-2.399067505638896309e-07
9.187499999999999833e-02,2.593750000000000222e-02,5.649714189942566023e+00,1.000000000000000036e-10,6.899915914678446329e-05,-1.965514499597275691e-07
9.312499999999999944e-02,2.593750000000000222e-02,4.785593975256928978e+00,1.000000000000000036e-10,6.923473548994370989e-05,-1.583691718461465985e-07
9.437500000000000056e-02,2.593750000000000222e-02,3.918845802693972757e+00,1.000000000000000036e-10,6.942237818379683330e-05,-1.243265788856717613e-07
9.562500000000000167e-02,2.593750000000000222e-02,3.050034520662007864e+00,1.000000000000000036e-10,6.956697692943299767e-05,-9.351599113038842258e-08
9.687500000000000278e-02,2.593750000000000222e-02,2.179671379458147484e+00,1.000000000000000036e-10,6.967228151249336304e-05,-6.512609724026672360e-08
9.812500000000000389e-02,2.593750000000000222e-02,1.308227482849673162e+00,1.000000000000000036e-10,6.974101270973567064e-05,-3.841675298701829017e-08
9.937500000000000500e-02,2.593750000000000222e-02,4.361460617147551733e-01,1.000000000000000036e-10,6.977494178257712186e-05,-1.269670726225857477e-08
6.250000000000000130e-04,2.656249999999999931e-02,9.956374824607910057e+01,1.000000000000000036e-10,6.979196128157694537e-05,2.107042603483932494e-08
1.874999999999999931e-03,2.656249999999999931e-02,9.869145272188147544e+01,1.000000000000000036e-10,6.975847032261581942e-05,6.375305011260933573e-08
3.125000000000000173e-03,2.656249999999999931e-02,9.781978648801370468e+01,1.000000000000000036e-10,6.969062799509684791e-05,1.080765624965351688e-07
4.375000000000000416e-03,2.656249999999999931e-02,9.694918702200405392e+01,1.000000000000000036e-10,6.958668882001061372e-05,1.551874049482648541e-07
5.624999999999999792e-03,2.656249999999999931e-02,9.608011926751343879e+01,1.000000000000000036e-10,6.944397197235159568e-05,2.063129617181402547e-07
6.875000000000000035e-03,2.656249999999999931e-02,9.521308772269526344e+01,1.000000000000000036e-10,6.925878341373161188e-05,2.627984152513817681e-07
8.125000000000000278e-03,2.656249999999999931e-02,9.434864968217014791e+01,1.000000000000000036e-10,6.902630731732867534e-05,3.261484263350665934e-07
9.374999999999999653e-03,2.656249999999999931e-02,9.348743003976204591e+01,1.000000000000000036e-10,6.874046232235227227e-05,3.980755472878172113e-07
1.062500000000000076e-02,2.656249999999999931e-02,9.263013812411134040e+01,1.000000000000000036e-10,6.839371650928965148e-05,4.805577430045103727e-07
1.187500000000000014e-02,2.656249999999999931e-02,9.177758712702980404e+01,1.000000000000000036e-10,6.797685291606397591e-05,5.759080496773093988e-07
1.312499999999999951e-02,2.656249999999999931e-02,9.093071680120974065e+01,1.000000000000000036e-10,6.747867475032307276e-05,6.868603123075443929e-07
1.437500000000000062e-02,2.656249999999999931e-02,9.009062025827172704e+01,1.000000000000000036e-10,6.688563596594405839e-05,8.166762047119390526e-07
1.562500000000000000e-02,2.656249999999999931e-02,8.925857590206113912e+01,1.000000000000000036e-10,6.618137824688118587e-05,9.692804857422742619e-07
1.687500000000000111e-02,2.656249999999999931e-02,8.843608580209969716e+01,1.000000000000000036e-10,6.534614923884133101e-05,1.149433876898910772e-06
1.812499999999999875e-02,2.656249999999999931e-02,8.762492217109010539e+01,1.000000000000000036e-10,6.435606847150550250e-05,1.362956333613282991e-06
1.937499999999999986e-02,2.656249999999999931e-02,8.682718409031205908e+01,1.000000000000000036e-10,6.318219594614673824e-05,1.617018208117997110e-06
2.062500000000000097e-02,2.656249999999999931e-02,8.604536727243643668e+01,1.000000000000000036e-10,6.178934257321087474e-05,1.920523375362108552e-06
2.187500000000000208e-02,2.656249999999999931e-02,8.528245052598178688e+01,1.000000000000000036e-10,6.013453970626357105e-05,2.284617398454428852e-06
2.312499999999999972e-02,2.656249999999999931e-02,8.454200377977984715e+01,1.000000000000000036e-10,5.816505417344102499e-05,2.723365537449352961e-06
2.437500000000000083e-02,2.656249999999999931e-02,8.382832417164576100e+01,1.000000000000000036e-10,5.581579096577853793e-05,3.254658250722285647e-06
2.562500000000000194e-02,2.656249999999999931e-02,8.314660900563538348e+01,1.000000000000000036e-10,5.300585983884672077e-05,3.901406028768405298e-06
2.687499999999999958e-02,2.656249999999999931e-02,8.250317767567459271e+01,1.000000000000000036e-10,4.963397725701041287e-05,4.693039278191689667e-06
2.812500000000000069e-02,2.656249999999999931e-02,8.190575957421012276e+01,1.000000000000000036e-10,4.557219652191064603e-05,5.667071108408662201e-06
2.937500000000000180e-02,2.656249999999999931e-02,8.136387276262682633e+01,1.000000000000000036e-10,4.065718457974184521e-05,6.869413527286949646e-06
3.062499999999999944e-02,2.656249999999999931e-02,8.088932995971657647e+01,1.000000000000000036e-10,3.467834229451510867e-05,8.348162221711843134e-06
3.187500000000000056e-02,2.656249999999999931e-02,8.049691420526394836e+01,1.000000000000000036e-10,2.736668203050441521e-05,1.012212493525680553e-05
3.312500000000000167e-02,2.656249999999999931e-02,8.020516290895396594e+01,1.000000000000000036e-10,1.842143734509817766e-05,1.206813911282437918e-05
3.437500000000000278e-02,2.656249999999999931e-02,8.003637827163649376e+01,1.000000000000000036e-10,7.753880726630197766e-06,1.362444104948508104e-05
3.562500000000000389e-02,2.656249999999999931e-02,7.877072803879821095e+01,9.999999999999999799e-13,1.974913901748687191e-06,8.486374794904350094e-08
3.687499999999999806e-02,2.656249999999999931e-02,7.633968136925477665e+01,9.999999999999999799e-13,1.950735357508887285e-06,8.420030823140223961e-09
3.812499999999999917e-02,2.656249999999999931e-02,7.389388964502599322e+01,9.999999999999999799e-13,1.966721847296281856e-06,-1.416459072071347770e-08
3.937500000000000028e-02,2.656249999999999931e-02,7.142287675101407274e+01,9.999999999999999799e-13,1.984322365015708570e-06,-1.575190750996853190e-08
4.062500000000000139e-02,2.656249999999999931e-02,6.893308373248672183e+01,9.999999999999999799e-13,1.997094357891546726e-06,-1.284690863241166921e-08
4.187500000000000250e-02,2.656249999999999931e-02,6.643014085628520604e+01,9.999999999999999799e-13,2.006245413794406200e-06,-9.989048360239394846e-09
4.312500000000000361e-02,2.656249999999999931e-02,6.391747019800070717e+01,9.999999999999999799e-13,2.013175208376029172e-06,-7.834942658126919912e-09
4.437499999999999778e-02,2.656249999999999931e-02,6.139720283534513356e+01,9.999999999999999799e-13,2.018638165733281389e-06,-6.186261946703552805e-09
4.562499999999999889e-02,2.656249999999999931e-02,5.887087478366750304e+01,9.999999999999999799e-13,2.022958711129288766e-06,-4.781089278714034184e-09
4.687500000000000000e-02,2.656249999999999931e-02,5.633980605752191195e+01,9.999999999999999799e-13,2.026234146909601747e-06,-3.444497420179004708e-09
4.812500000000000111e-02,2.656249999999999931e-02,5.380528941639349938e+01,9.999999999999999799e-13,2.028455876740395485e-06,-2.091420552153522095e-09
4.937500000000000222e-02,2.656249999999999931e-02,5.126866636567092428e+01,9.999999999999999799e-13,2.029582312810097879e-06,-7.025420063371257492e-10
5.062500000000000333e-02,2.656249999999999931e-02,4.873133363436825505e+01,9.999999999999999799e-13,2.029582312810134725e-06,7.025420063257569789e-10
5.187500000000000444e-02,2.656249999999999931e-02,4.619471058364558758e+01,9.999999999999999799e-13,2.028455876740491624e-06,2.091420552221734717e-09
5.312499999999999861e-02,2.656249999999999931e-02,4.366019394251702579e+01,9.999999999999999799e-13,2.026234146909757601e-06,3.444497420258585687e-09
5.437499999999999972e-02,2.656249999999999931e-02,4.112912521637119312e+01,9.999999999999999799e-13,2.022958711129510266e-06,4.781089278810668732e-09
5.562500000000000083e-02,2.656249999999999931e-02,3.860279716469324995e+01,9.999999999999999799e-13,2.018638165733568533e-06,6.186261946794502968e-09
5.687500000000000194e-02,2.656249999999999931e-02,3.608252980203727134e+01,9.999999999999999799e-13,2.013175208376387044e-06,7.834942658212185689e-09
5.812500000000000305e-02,2.656249999999999931e-02,3.356985914375228219e+01,9.999999999999999799e-13,2.006245413794822093e-06,9.989048360307607468e-09
5.937500000000000416e-02,2.656249999999999931e-02,3.106691626755021574e+01,9.999999999999999799e-13,1.997094357892029535e-06,1.284690863246282703e-08
6.062499999999999833e-02,2.656249999999999931e-02,2.857712324902220757e+01,9.999999999999999799e-13,1.984322365016279893e-06,1.575190751003959002e-08
6.187499999999999944e-02,2.656249999999999931e-02,2.610611035500951616e+01,9.999999999999999799e-13,1.966721847296932801e-06,1.416459072079874348e-08
6.312500000000000056e-02,2.656249999999999931e-02,2.366031863077987651e+01,9.999999999999999799e-13,1.950735357509619122e-06,-8.420030823089064495e-09
6.437500000000000167e-02,2.656249999999999931e-02,2.122927196123546878e+01,9.999999999999999799e-13,1.974913901749470273e-06,-8.486374794903214540e-08
6.562500000000000278e-02,2.656249999999999931e-02,1.996362172839668858e+01,1.000000000000000036e-10,7.753880726631446292e-06,-1.362444104948423062e-05
6.687500000000000389e-02,2.656249999999999931e-02,1.979483709107919509e+01,1.000000000000000036e-10,1.842143734510585517e-05,-1.206813911282665431e-05
6.812500000000000500e-02,2.656249999999999931e-02,1.950308579476904214e+01,1.000000000000000036e-10,2.736668203051919424e-05,-1.012212493526191992e-05
6.937500000000000611e-02,2.656249999999999931e-02,1.911067004031621508e+01,1.000000000000000036e-10,3.467834229453599989e-05,-8.348162221712412341e-06
7.062500000000000722e-02,2.656249999999999931e-02,1.863612723740564192e+01,1.000000000000000036e-10,4.065718457977566554e-05,-6.869413527283540339e-06
7.187500000000000833e-02,2.656249999999999931e-02,1.809424042582182324e+01,1.000000000000000036e-10,4.557219652195683304e-05,-5.667071108402977763e-06
7.312499999999999556e-02,2.656249999999999931e-02,1.749682232435672091e+01,1.000000000000000036e-10,4.963397725706214286e-05,-4.693039278186005229e-06
7.437499999999999667e-02,2.656249999999999931e-02,1.685339099439526933e+01,1.000000000000000036e-10,5.300585983890412927e-05,-3.901406028765278900e-06
7.562499999999999778e-02,2.656249999999999931e-02,1.617167582838411732e+01,1.000000000000000036e-10,5.581579096584404407e-05,-3.254658250721433108e-06
7.687499999999999889e-02,2.656249999999999931e-02,1.545799622024916786e+01,1.000000000000000036e-10,5.816505417351407312e-05,-2.723365537446795345e-06
7.812500000000000000e-02,2.656249999999999931e-02,1.471754947404626535e+01,1.000000000000000036e-10,6.013453970634357839e-05,-2.284617398452723775e-06
7.937500000000000111e-02,2.656249999999999931e-02,1.395463272759057816e+01,1.000000000000000036e-10,6.178934257329763802e-05,-1.920523375359266333e-06
8.062500000000000222e-02,2.656249999999999931e-02,1.317281590971382421e+01,1.000000000000000036e-10,6.318219594624130777e-05,-1.617018208115439071e-06
8.187500000000000333e-02,2.656249999999999931e-02,1.237507782893454511e+01,1.000000000000000036e-10,6.435606847160626554e-05,-1.362956333608309214e-06
8.312500000000000444e-02,2.656249999999999931e-02,1.156391419792366726e+01,1.000000000000000036e-10,6.534614923894443864e-05,-1.149433876895500194e-06
8.437500000000000555e-02,2.656249999999999931e-02,1.074142409796093389e+01,1.000000000000000036e-10,6.618137824698940280e-05,-9.692804857404266713e-07
8.562500000000000666e-02,2.656249999999999931e-02,9.909379741748931991e+00,1.000000000000000036e-10,6.688563596606023065e-05,-8.166762047081019934e-07
8.687500000000000777e-02,2.656249999999999931e-02,9.069283198809428015e+00,1.000000000000000036e-10,6.747867475044499130e-05,-6.868603123011495059e-07
8.812499999999999500e-02,2.656249999999999931e-02,8.222412872987806765e+00,1.000000000000000036e-10,6.797685291618906574e-05,-5.759080496690671330e-07
8.937499999999999611e-02,2.656249999999999931e-02,7.369861875904700987e+00,1.000000000000000036e-10,6.839371650941762800e-05,-4.805577429976181715e-07
9.062499999999999722e-02,2.656249999999999931e-02,6.512569960252365675e+00,1.000000000000000036e-10,6.874046232248717412e-05,-3.980755472821328261e-07
9.187499999999999833e-02,2.656249999999999931e-02,5.651350317842521065e+00,1.000000000000000036e-10,6.902630731746944544e-05,-3.261484263337876266e-07
9.312499999999999944e-02,2.656249999999999931e-02,4.786912277315629183e+00,1.000000000000000036e-10,6.925878341387547196e-05,-2.627984152542949791e-07
9.437500000000000056e-02,2.656249999999999931e-02,3.919880732495633957e+00,1.000000000000000036e-10,6.944397197250278767e-05,-2.063129617173941775e-07
9.562500000000000167e-02,2.656249999999999931e-02,3.050812978003059062e+00,1.000000000000000036e-10,6.958668882016630516e-05,-1.551874049484069703e-07
9.687500000000000278e-02,2.656249999999999931e-02,2.180213511991476061e+00,1.000000000000000036e-10,6.969062799525645602e-05,-1.080765624973522909e-07
9.812500000000000389e-02,2.656249999999999931e-02,1.308547278121647395e+00,1.000000000000000036e-10,6.975847032278029288e-05,-6.375305011292907743e-08
9.937500000000000500e-02,2.656249999999999931e-02,4.362517539219684659e-01,1.000000000000000036e-10,6.979196128174461724e-05,-2.107042603928465973e-08
6.250000000000000130e-04,2.718749999999999986e-02,9.956359055796085045e+01,1.000000000000000036e-10,6.981735352048359738e-05,2.930870181330646624e-08
1.874999999999999931e-03,2.718749999999999986e-02,9.869097560402705938e+01,1.000000000000000036e-10,6.978451577780103807e-05,8.867912515938768489e-08
3.125000000000000173e-03,2.718749999999999986e-02,9.781897766351582391e+01,1.000000000000000036e-10,6.971799868975152618e-05,1.503301952379842722e-07
4.375000000000000416e-03,2.718749999999999986e-02,9.694802563678327090e+01,1.000000000000000036e-10,6.961609512888855035e-05,2.158551401862496026e-07
5.624999999999999792e-03,2.718749999999999986e-02,9.607857528529360991e+01,1.000000000000000036e-10,6.947618368879885536e-05,2.869593703610461669e-07
6.875000000000000035e-03,2.718749999999999986e-02,9.521112104456329917e+01,1.000000000000000036e-10,6.929465322210716057e-05,3.655115192771062461e-07
8.125000000000000278e-03,2.718749999999999986e-02,9.434620895474093061e+01,1.000000000000000036e-10,6.906679771265941616e-05,4.536011252400839085e-07
9.374999999999999653e-03,2.718749999999999986e-02,9.348445110174681361e+01,1.000000000000000036e-10,6.878667725378021251e-05,5.536055753145773241e-07
1.062500000000000076e-02,2.718749999999999986e-02,9.262654202339642495e+01,1.000000000000000036e-10,6.844693935740677544e-05,6.682695697008965361e-07
1.187500000000000014e-02,2.718749999999999986e-02,9.177327761781164384e+01,1.000000000000000036e-10,6.803859287995520110e-05,8.008012583184152836e-07
1.312499999999999951e-02,2.718749999999999986e-02,9.092557720139754451e+01,1.000000000000000036e-10,6.755072436641170364e-05,9.549904433083609905e-07
1.437500000000000062e-02,2.718749999999999986e-02,9.008450950865135098e+01,1.000000000000000036e-10,6.697014337613834507e-05,1.135355961041568549e-06
1.562500000000000000e-02,2.718749999999999986e-02,8.925132361699408534e+01,1.000000000000000036e-10,6.628093907604975979e-05,1.347331738996899479e-06
1.687500000000000111e-02,2.718749999999999986e-02,8.842748603175010658e+01,1.000000000000000036e-10,6.546392467071995012e-05,1.597504330335368496e-06
1.812499999999999875e-02,2.718749999999999986e-02,8.761472550022608630e+01,1.000000000000000036e-10,6.449593852406450647e-05,1.893919337173883514e-06
1.937499999999999986e-02,2.718749999999999986e-02,8.681508756864849374e+01,1.000000000000000036e-10,6.334896031253206745e-05,2.246480573008966000e-06
2.062500000000000097e-02,2.718749999999999986e-02,8.603100149241278416e+01,1.000000000000000036e-10,6.198898605754605705e-05,2.667474824442023745e-06
2.187500000000000208e-02,2.718749999999999986e-02,8.526536291720984195e+01,1.000000000000000036e-10,6.037458558002014436e-05,3.172267621622494958e-06
2.312499999999999972e-02,2.718749999999999986e-02,8.452163685291228035e+01,1.000000000000000036e-10,5.845503659586255237e-05,3.780232572781868825e-06
2.437500000000000083e-02,2.718749999999999986e-02,8.380398700231327780e+01,1.000000000000000036e-10,5.616788457851611442e-05,4.515998827903330700e-06
2.562500000000000194e-02,2.718749999999999986e-02,8.311743973844937727e+01,1.000000000000000036e-10,5.343569902757678181e-05,5.411123790532882682e-06
2.687499999999999958e-02,2.718749999999999986e-02,8.246809452662385809e+01,1.000000000000000036e-10,5.016163079607848738e-05,6.506296923099624444e-06
2.812500000000000069e-02,2.718749999999999986e-02,8.186339896854741482e+01,1.000000000000000036e-10,4.622294398506937184e-05,7.854047236558016340e-06
2.937500000000000180e-02,2.718749999999999986e-02,8.131252092699712364e+01,1.000000000000000036e-10,4.146043615094980808e-05,9.521197287290304029e-06
3.062499999999999944e-02,2.718749999999999986e-02,8.082688806477366938e+01,1.000000000000000036e-10,3.565812239385365444e-05,1.158695648287675500e-05
3.187500000000000056e-02,2.718749999999999986e-02,8.042106786715078215e+01,1.000000000000000036e-10,2.850087430595692236e-05,1.411778485004674484e-05
3.312500000000000167e-02,2.718749999999999986e-02,8.011436620712474621e+01,1.000000000000000036e-10,1.951230536528782711e-05,1.703938601107551811e-05
3.437500000000000278e-02,2.718749999999999986e-02,7.993326023301858640e+01,1.000000000000000036e-10,8.214512994819939113e-06,1.963586864570174561e-05
3.562500000000000389e-02,2.718749999999999986e-02,7.870828926941948112e+01,9.999999999999999799e-13,1.919084945610953318e-06,1.106335887740556302e-07
3.687499999999999806e-02,2.718749999999999986e-02,7.633626198182597022e+01,9.999999999999999799e-13,1.920957643588065002e-06,-6.196886870532126121e-09
3.812499999999999917e-02,2.718749999999999986e-02,7.390589516044931884e+01,9.999999999999999799e-13,1.960477109221500371e-06,-2.730065073741343560e-08
3.937500000000000028e-02,2.718749999999999986e-02,7.143506920877221944e+01,9.999999999999999799e-13,1.985255351143229249e-06,-2.380522731382370847e-08
4.062500000000000139e-02,2.718749999999999986e-02,6.894275678259124618e+01,9.999999999999999799e-13,1.998987689800600682e-06,-1.804575459511852542e-08
4.187500000000000250e-02,2.718749999999999986e-02,6.643759998427071878e+01,9.999999999999999799e-13,2.007776062953132564e-06,-1.375991692516436330e-08
4.312500000000000361e-02,2.718749999999999986e-02,6.392331662520841462e+01,9.999999999999999799e-13,2.014309259632463568e-06,-1.079556972363775439e-08
4.437499999999999778e-02,2.718749999999999986e-02,6.140182683518955997e+01,9.999999999999999799e-13,2.019544430573290871e-06,-8.574699030197052820e-09
4.562499999999999889e-02,2.718749999999999986e-02,5.887445554877518816e+01,9.999999999999999799e-13,2.023774790962881042e-06,-6.668105087982213136e-09
4.687500000000000000e-02,2.718749999999999986e-02,5.634238985778235786e+01,9.999999999999999799e-13,2.027038277334935536e-06,-4.826942687054725067e-09
4.812500000000000111e-02,2.718749999999999986e-02,5.380685985543784966e+01,9.999999999999999799e-13,2.029278277313995187e-06,-2.939840190180120928e-09
4.937500000000000222e-02,2.718749999999999986e-02,5.126919416449737099e+01,9.999999999999999799e-13,2.030421607958422225e-06,-9.890057253187478059e-10
5.062500000000000333e-02,2.718749999999999986e-02,4.873080583554179412e+01,9.999999999999999799e-13,2.030421607958473471e-06,9.890057253471695249e-10
5.187500000000000444e-02,2.718749999999999986e-02,4.619314014460118756e+01,9.999999999999999799e-13,2.029278277314108689e-06,2.939840190248333136e-09
5.312499999999999861e-02,2.718749999999999986e-02,4.365761014225652303e+01,9.999999999999999799e-13,2.027038277335094778e-06,4.826942687134306460e-09
5.437499999999999972e-02,2.718749999999999986e-02,4.112554445126345115e+01,9.999999999999999799e-13,2.023774790963105506e-06,6.668105088067478086e-09
5.562500000000000083e-02,2.718749999999999986e-02,3.859817316484875960e+01,9.999999999999999799e-13,2.019544430573574627e-06,8.574699030288001328e-09
5.687500000000000194e-02,2.718749999999999986e-02,3.607668337482951415e+01,9.999999999999999799e-13,2.014309259632813393e-06,1.079556972371165140e-08
5.812500000000000305e-02,2.718749999999999986e-02,3.356240001576672682e+01,9.999999999999999799e-13,2.007776062953541681e-06,1.375991692524394470e-08
5.937500000000000416e-02,2.718749999999999986e-02,3.105724321744565941e+01,9.999999999999999799e-13,1.998987689801090267e-06,1.804575459518957693e-08
6.062499999999999833e-02,2.718749999999999986e-02,2.856493079126400048e+01,9.999999999999999799e-13,1.985255351143814549e-06,2.380522731391750082e-08
6.187499999999999944e-02,2.718749999999999986e-02,2.609410483958612303e+01,9.999999999999999799e-13,1.960477109222141151e-06,2.730065073750722795e-08
6.312500000000000056e-02,2.718749999999999986e-02,2.366373801820864742e+01,9.999999999999999799e-13,1.920957643588761263e-06,6.196886870583284761e-09
6.437500000000000167e-02,2.718749999999999986e-02,2.129171073061421993e+01,9.999999999999999799e-13,1.919084945611710989e-06,-1.106335887740698444e-07
6.562500000000000278e-02,2.718749999999999986e-02,2.006673976701462081e+01,1.000000000000000036e-10,8.214512994821040256e-06,-1.963586864570629248e-05
6.687500000000000389e-02,2.718749999999999986e-02,1.988563379290844324e+01,1.000000000000000036e-10,1.951230536529436282e-05,-1.703938601108006499e-05
6.812500000000000500e-02,2.718749999999999986e-02,1.957893213288226164e+01,1.000000000000000036e-10,2.850087430597255181e-05,-1.411778485005356346e-05
6.937500000000000611e-02,2.718749999999999986e-02,1.917311193525912927e+01,1.000000000000000036e-10,3.565812239387766952e-05,-1.158695648287902844e-05
7.062500000000000722e-02,2.718749999999999986e-02,1.868747907303531974e+01,1.000000000000000036e-10,4.146043615098505143e-05,-9.521197287288030593e-06
7.187500000000000833e-02,2.718749999999999986e-02,1.813660103148450276e+01,1.000000000000000036e-10,4.622294398511555885e-05,-7.854047236554036979e-06
7.312499999999999556e-02,2.718749999999999986e-02,1.753190547340743066e+01,1.000000000000000036e-10,5.016163079612937035e-05,-6.506296923094792968e-06
7.437499999999999667e-02,2.718749999999999986e-02,1.688256026158126843e+01,1.000000000000000036e-10,5.343569902763333651e-05,-5.411123790529187924e-06
7.562499999999999778e-02,2.718749999999999986e-02,1.619601299771659697e+01,1.000000000000000036e-10,5.616788457858248114e-05,-4.515998827901056417e-06
7.687499999999999889e-02,2.718749999999999986e-02,1.547836314711670624e+01,1.000000000000000036e-10,5.845503659593631200e-05,-3.780232572778316369e-06
7.812500000000000000e-02,2.718749999999999986e-02,1.473463708281818896e+01,1.000000000000000036e-10,6.037458558010000263e-05,-3.172267621616810520e-06
7.937500000000000111e-02,2.718749999999999986e-02,1.396899850761420581e+01,1.000000000000000036e-10,6.198898605763302361e-05,-2.667474824437334147e-06
8.062500000000000222e-02,2.718749999999999986e-02,1.318491243137736291e+01,1.000000000000000036e-10,6.334896031262621686e-05,-2.246480573005413543e-06
8.187500000000000333e-02,2.718749999999999986e-02,1.238527449979855000e+01,1.000000000000000036e-10,6.449593852416468675e-05,-1.893919337170472936e-06
8.312500000000000444e-02,2.718749999999999986e-02,1.157251396827324541e+01,1.000000000000000036e-10,6.546392467082326103e-05,-1.597504330331673738e-06
8.437500000000000555e-02,2.718749999999999986e-02,1.074867638302796813e+01,1.000000000000000036e-10,6.628093907615797671e-05,-1.347331738993062632e-06
8.562500000000000666e-02,2.718749999999999986e-02,9.915490491369295611e+00,1.000000000000000036e-10,6.697014337625573706e-05,-1.135355961039294689e-06
8.687500000000000777e-02,2.718749999999999986e-02,9.074422798621574415e+00,1.000000000000000036e-10,6.755072436653484190e-05,-9.549904433016817122e-07
8.812499999999999500e-02,2.718749999999999986e-02,8.226722382205924333e+00,1.000000000000000036e-10,6.803859288007941002e-05,-8.008012583123045762e-07
8.937499999999999611e-02,2.718749999999999986e-02,7.373457976619588905e+00,1.000000000000000036e-10,6.844693935753425051e-05,-6.682695696956385790e-07
9.062499999999999722e-02,2.718749999999999986e-02,6.515548898267567779e+00,1.000000000000000036e-10,6.878667725391401661e-05,-5.536055753086798572e-07
9.187499999999999833e-02,2.718749999999999986e-02,5.653791045271738369e+00,1.000000000000000036e-10,6.906679771279838377e-05,-4.536011252404391330e-07
9.312499999999999944e-02,2.718749999999999986e-02,4.788878955447607666e+00,1.000000000000000036e-10,6.929465322225191511e-05,-3.655115192772483889e-07
9.437500000000000056e-02,2.718749999999999986e-02,3.921424714715440185e+00,1.000000000000000036e-10,6.947618368894977630e-05,-2.869593703571381686e-07
9.562500000000000167e-02,2.718749999999999986e-02,3.051974363223862952e+00,1.000000000000000036e-10,6.961609512904300850e-05,-2.158551401869956533e-07
9.687500000000000278e-02,2.718749999999999986e-02,2.181022336489364388e+00,1.000000000000000036e-10,6.971799868991110719e-05,-1.503301952377000662e-07
9.812500000000000389e-02,2.718749999999999986e-02,1.309024395976084776e+00,1.000000000000000036e-10,6.978451577796471194e-05,-8.867912516112850965e-08
9.937500000000000500e-02,2.718749999999999986e-02,4.364094420402462315e-01,1.000000000000000036e-10,6.981735352065323436e-05,-2.930870181753863327e-08
6.250000000000000130e-04,2.781250000000000042e-02,9.956338188730643424e+01,1.000000000000000036e-10,6.985095519506329478e-05,3.735872267043304426e-08
1.874999999999999931e-03,2.781250000000000042e-02,9.869034423281698309e+01,1.000000000000000036e-10,6.981898106932815412e-05,1.130350385267320025e-07
3.125000000000000173e-03,2.781250000000000042e-02,9.781790736057322988e+01,1.000000000000000036e-10,6.975421600261027177e-05,1.916153592594582264e-07
4.375000000000000416e-03,2.781250000000000042e-02,9.694648883275172579e+01,1.000000000000000036e-10,6.965500340757214016e-05,2.751280541212963201e-07
5.624999999999999792e-03,2.781250000000000042e-02,9.607653227538392571e+01,1.000000000000000036e-10,6.951880016189703512e-05,3.657437993149414162e-07
6.875000000000000035e-03,2.781250000000000042e-02,9.520851882870429961e+01,1.000000000000000036e-10,6.934210429117114568e-05,4.658402590416698198e-07
8.125000000000000278e-03,2.781250000000000042e-02,9.434297966810464686e+01,1.000000000000000036e-10,6.912035434534741869e-05,5.780751131226223718e-07
9.374999999999999653e-03,2.781250000000000042e-02,9.348050997007061369e+01,1.000000000000000036e-10,6.884779654458268012e-05,7.054707172608230806e-07
1.062500000000000076e-02,2.781250000000000042e-02,9.262178475449007919e+01,1.000000000000000036e-10,6.851731435079158041e-05,8.515144728426091083e-07
1.187500000000000014e-02,2.781250000000000042e-02,9.176757711130082384e+01,1.000000000000000036e-10,6.812021335286769946e-05,1.020280092870962043e-06
1.312499999999999951e-02,2.781250000000000042e-02,9.091877942066838614e+01,1.000000000000000036e-10,6.764595210168464971e-05,1.216576491123077999e-06
1.437500000000000062e-02,2.781250000000000042e-02,9.007642830875870743e+01,1.000000000000000036e-10,6.708180661378832562e-05,1.446133152318225188e-06
1.562500000000000000e-02,2.781250000000000042e-02,8.924173425532367787e+01,1.000000000000000036e-10,6.641245243152807398e-05,1.715833788903182241e-06
1.687500000000000111e-02,2.781250000000000042e-02,8.841611699797050505e+01,1.000000000000000036e-10,6.561944303792982525e-05,2.034014179896530382e-06
1.812499999999999875e-02,2.781250000000000042e-02,8.760124817937543185e+01,1.000000000000000036e-10,6.468055659284230189e-05,2.410845783485910212e-06
1.937499999999999986e-02,2.781250000000000042e-02,8.679910308314944700e+01,1.000000000000000036e-10,6.356897368978080645e-05,2.858834683999020494e-06
2.062500000000000097e-02,2.781250000000000042e-02,8.601202383713091137e+01,1.000000000000000036e-10,6.225223609751764811e-05,3.393476637085085783e-06
2.187500000000000208e-02,2.781250000000000042e-02,8.524279718071150569e+01,1.000000000000000036e-10,6.069091858043348893e-05,4.034124806294130111e-06
2.312499999999999972e-02,2.781250000000000042e-02,8.449475087262007378e+01,1.000000000000000036e-10,5.883691977658144032e-05,4.805149282123010148e-06
2.437500000000000083e-02,2.781250000000000042e-02,8.377187418629696936e+01,1.000000000000000036e-10,5.663123657465403893e-05,5.737499728206784867e-06
2.562500000000000194e-02,2.781250000000000042e-02,8.307896995825372244e+01,1.000000000000000036e-10,5.400100888644486383e-05,6.870829509811072728e-06
2.687499999999999958e-02,2.781250000000000042e-02,8.242184896413584738e+01,1.000000000000000036e-10,5.085543898002298647e-05,8.256410272783794573e-06
2.812500000000000069e-02,2.781250000000000042e-02,8.180758398375314755e+01,1.000000000000000036e-10,4.707964670400598752e-05,9.961173430389178593e-06
2.937500000000000180e-02,2.781250000000000042e-02,8.124485779653569750e+01,1.000000000000000036e-10,4.252363920290122047e-05,1.207332876108011801e-05
3.062499999999999944e-02,2.781250000000000042e-02,8.074449300368061699e+01,1.000000000000000036e-10,3.697663607589333839e-05,1.470948345114720559e-05
3.187500000000000056e-02,2.781250000000000042e-02,8.032044189463836403e+01,1.000000000000000036e-10,3.009289679460380016e-05,1.801575156637681723e-05
3.312500000000000167e-02,2.781250000000000042e-02,7.999217058381552192e+01,1.000000000000000036e-10,2.118047924292568228e-05,2.209191254092729222e-05
3.437500000000000278e-02,2.781250000000000042e-02,7.979092991356522191e+01,1.000000000000000036e-10,8.967245709603746440e-06,2.633885506774617260e-05
3.562500000000000389e-02,2.781250000000000042e-02,7.863243605283064142e+01,9.999999999999999799e-13,1.831622329586826931e-06,1.231728813404515845e-07
3.687499999999999806e-02,2.781250000000000042e-02,7.634742747784294181e+01,9.999999999999999799e-13,1.881768237753152691e-06,-4.474548250863109163e-08
3.812499999999999917e-02,2.781250000000000042e-02,7.392801545844776001e+01,9.999999999999999799e-13,1.957917677074635450e-06,-4.658650757673968190e-08
3.937500000000000028e-02,2.781250000000000042e-02,7.145263328515635237e+01,9.999999999999999799e-13,1.988949813086855912e-06,-3.242455944146059121e-08
4.062500000000000139e-02,2.781250000000000042e-02,6.895564092573061998e+01,9.999999999999999799e-13,2.002117013085876066e-06,-2.287619179562625680e-08
4.187500000000000250e-02,2.781250000000000042e-02,6.644734075244166149e+01,9.999999999999999799e-13,2.009870506230146018e-06,-1.720041287300091357e-08
4.312500000000000361e-02,2.781250000000000042e-02,6.393096466015525436e+01,9.999999999999999799e-13,2.015767817323513090e-06,-1.357032766210295382e-08
4.437499999999999778e-02,2.781250000000000042e-02,6.140792120913287988e+01,9.999999999999999799e-13,2.020701898051109847e-06,-1.088456692589829750e-08
4.562499999999999889e-02,2.781250000000000042e-02,5.887920991502748080e+01,9.999999999999999799e-13,2.024832589300859778e-06,-8.538763011915763491e-09
4.687500000000000000e-02,2.781250000000000042e-02,5.634583973588073036e+01,9.999999999999999799e-13,2.028098279358502790e-06,-6.220872977945645957e-09
4.812500000000000111e-02,2.781250000000000042e-02,5.380896421663122453e+01,9.999999999999999799e-13,2.030374845221262993e-06,-3.804192820228991326e-09
4.937500000000000222e-02,2.781250000000000042e-02,5.126990262282757271e+01,9.999999999999999799e-13,2.031546735767861378e-06,-1.282263690774243714e-09
5.062500000000000333e-02,2.781250000000000042e-02,4.873009737721157109e+01,9.999999999999999799e-13,2.031546735767918129e-06,1.282263690825402767e-09
5.187500000000000444e-02,2.781250000000000042e-02,4.619103578340777716e+01,9.999999999999999799e-13,2.030374845221385390e-06,3.804192820280149965e-09
5.312499999999999861e-02,2.781250000000000042e-02,4.365416026415810791e+01,9.999999999999999799e-13,2.028098279358667115e-06,6.220872978008175021e-09
5.437499999999999972e-02,2.781250000000000042e-02,4.112079008501110877e+01,9.999999999999999799e-13,2.024832589301087207e-06,8.538763012001027614e-09
5.562500000000000083e-02,2.781250000000000042e-02,3.859207879090538995e+01,9.999999999999999799e-13,2.020701898051391062e-06,1.088456692598356328e-08
5.687500000000000194e-02,2.781250000000000042e-02,3.606903533988263177e+01,9.999999999999999799e-13,2.015767817323865456e-06,1.357032766219390398e-08
5.812500000000000305e-02,2.781250000000000042e-02,3.355265924759572727e+01,9.999999999999999799e-13,2.009870506230561064e-06,1.720041287306912620e-08
5.937500000000000416e-02,2.781250000000000042e-02,3.104435907430622876e+01,9.999999999999999799e-13,2.002117013086366498e-06,2.287619179571152257e-08
6.062499999999999833e-02,2.781250000000000042e-02,2.854736671487981070e+01,9.999999999999999799e-13,1.988949813087438671e-06,3.242455944155153476e-08
6.187499999999999944e-02,2.781250000000000042e-02,2.607198454158763212e+01,9.999999999999999799e-13,1.957917677075265219e-06,4.658650757683347095e-08
6.312500000000000056e-02,2.781250000000000042e-02,2.365257252219164741e+01,9.999999999999999799e-13,1.881768237753830529e-06,4.474548250868793548e-08
6.437500000000000167e-02,2.781250000000000042e-02,2.136756394720305607e+01,9.999999999999999799e-13,1.831622329587546697e-06,-1.231728813404714898e-07
6.562500000000000278e-02,2.781250000000000042e-02,2.020907008646801728e+01,1.000000000000000036e-10,8.967245709604961085e-06,-2.633885506775441931e-05
6.687500000000000389e-02,2.781250000000000042e-02,2.000782941621769595e+01,1.000000000000000036e-10,2.118047924293221798e-05,-2.209191254093212370e-05
6.812500000000000500e-02,2.781250000000000042e-02,1.967955810539471173e+01,1.000000000000000036e-10,3.009289679461971421e-05,-1.801575156638221791e-05
6.937500000000000611e-02,2.781250000000000042e-02,1.925550699635220298e+01,1.000000000000000036e-10,3.697663607591876971e-05,-1.470948345115061405e-05
7.062500000000000722e-02,2.781250000000000042e-02,1.875514220349674233e+01,1.000000000000000036e-10,4.252363920293816466e-05,-1.207332876107841209e-05
7.187500000000000833e-02,2.781250000000000042e-02,1.819241601627874871e+01,1.000000000000000036e-10,4.707964670405345524e-05,-9.961173430386335951e-06
7.312499999999999556e-02,2.781250000000000042e-02,1.757815103589540584e+01,1.000000000000000036e-10,5.085543898007457417e-05,-8.256410272779532303e-06
7.437499999999999667e-02,2.781250000000000042e-02,1.692103004177688419e+01,1.000000000000000036e-10,5.400100888650100517e-05,-6.870829509807661726e-06
7.562499999999999778e-02,2.781250000000000042e-02,1.622812581373288054e+01,1.000000000000000036e-10,5.663123657471948408e-05,-5.737499728204510584e-06
7.687499999999999889e-02,2.781250000000000042e-02,1.550524912740889683e+01,1.000000000000000036e-10,5.883691977665619606e-05,-4.805149282118463276e-06
7.812500000000000000e-02,2.781250000000000042e-02,1.475720281931647548e+01,1.000000000000000036e-10,6.069091858051406548e-05,-4.034124806286455993e-06
7.937500000000000111e-02,2.781250000000000042e-02,1.398797616289604484e+01,1.000000000000000036e-10,6.225223609760332719e-05,-3.393476637077980871e-06
8.062500000000000222e-02,2.781250000000000042e-02,1.320089691687639188e+01,1.000000000000000036e-10,6.356897368987473901e-05,-2.858834683995609492e-06
8.187500000000000333e-02,2.781250000000000042e-02,1.239875182064917603e+01,1.000000000000000036e-10,6.468055659294313269e-05,-2.410845783482783813e-06
8.312500000000000444e-02,2.781250000000000042e-02,1.158388300205281318e+01,1.000000000000000036e-10,6.561944303803314972e-05,-2.034014179893119804e-06
8.437500000000000555e-02,2.781250000000000042e-02,1.075826574469834718e+01,1.000000000000000036e-10,6.641245243163559973e-05,-1.715833788899913964e-06
8.562500000000000666e-02,2.781250000000000042e-02,9.923571691261923178e+00,1.000000000000000036e-10,6.708180661390590735e-05,-1.446133152316519687e-06
8.687500000000000777e-02,2.781250000000000042e-02,9.081220579350699040e+00,1.000000000000000036e-10,6.764595210180849270e-05,-1.216576491115119701e-06
8.812499999999999500e-02,2.781250000000000042e-02,8.232422888716710574e+00,1.000000000000000036e-10,6.812021335299208455e-05,-1.020280092861867026e-06
8.937499999999999611e-02,2.781250000000000042e-02,7.378215245525896471e+00,1.000000000000000036e-10,6.851731435091943496e-05,-8.515144728364275677e-07
9.062499999999999722e-02,2.781250000000000042e-02,6.519490029943724174e+00,1.000000000000000036e-10,6.884779654471479015e-05,-7.054707172557072133e-07
9.187499999999999833e-02,2.781250000000000042e-02,5.657020331908026556e+00,1.000000000000000036e-10,6.912035434548515303e-05,-5.780751131203486178e-07
9.312499999999999944e-02,2.781250000000000042e-02,4.791481171306594788e+00,1.000000000000000036e-10,6.934210429131711995e-05,-4.658402590393250738e-07
9.437500000000000056e-02,2.781250000000000042e-02,3.923467724625098185e+00,1.000000000000000036e-10,6.951880016204791540e-05,-3.657437993092926064e-07
9.562500000000000167e-02,2.781250000000000042e-02,3.053511167255396508e+00,1.000000000000000036e-10,6.965500340772601555e-05,-2.751280541203370553e-07
9.687500000000000278e-02,2.781250000000000042e-02,2.182092639431947312e+00,1.000000000000000036e-10,6.975421600276937844e-05,-1.916153592600622139e-07
9.812500000000000389e-02,2.781250000000000042e-02,1.309655767186161501e+00,1.000000000000000036e-10,6.981898106949036432e-05,-1.130350385260569967e-07
9.937500000000000500e-02,2.781250000000000042e-02,4.366181126946876989e-01,1.000000000000000036e-10,6.985095519523396176e-05,-3.735872266864780321e-08
6.250000000000000130e-04,2.843750000000000097e-02,9.956312357392747003e+01,1.000000000000000036e-10,6.989255040108218820e-05,4.516902589557502609e-08
1.874999999999999931e-03,2.843750000000000097e-02,9.868956266604547523e+01,1.000000000000000036e-10,6.986164409609556508e-05,1.366649506735484141e-07
3.125000000000000173e-03,2.843750000000000097e-02,9.781658247152508068e+01,1.000000000000000036e-10,6.979904519754880185e-05,2.316674297526332961e-07
4.375000000000000416e-03,2.843750000000000097e-02,9.694458653610675469e+01,1.000000000000000036e-10,6.970315934891628453e-05,3.326252054750966027e-07
5.624999999999999792e-03,2.843750000000000097e-02,9.607400348780217314e+01,1.000000000000000036e-10,6.957153979125904261e-05,4.421580496318710676e-07
6.875000000000000035e-03,2.843750000000000097e-02,9.520529804132527829e+01,1.000000000000000036e-10,6.940081887901099287e-05,5.631344002188142467e-07
8.125000000000000278e-03,2.843750000000000097e-02,9.433898301582689783e+01,1.000000000000000036e-10,6.918661294176898006e-05,6.987589134917014802e-07
9.374999999999999653e-03,2.843750000000000097e-02,9.347563271778105332e+01,1.000000000000000036e-10,6.892339693364020318e-05,8.526738213436144943e-07
1.062500000000000076e-02,2.843750000000000097e-02,9.261589809248589233e+01,1.000000000000000036e-10,6.860434404521184397e-05,1.029078909871259215e-06
1.187500000000000014e-02,2.843750000000000097e-02,9.176052411665075681e+01,1.000000000000000036e-10,6.822112388909544402e-05,1.232876232865009795e-06
1.312499999999999951e-02,2.843750000000000097e-02,9.091036999525850604e+01,1.000000000000000036e-10,6.776365089613533839e-05,1.469847473199478841e-06
1.437500000000000062e-02,2.843750000000000097e-02,9.006643284424737317e+01,1.000000000000000036e-10,6.721977202502840037e-05,1.746874349752260732e-06
1.562500000000000000e-02,2.843750000000000097e-02,8.922987569463279556e+01,1.000000000000000036e-10,6.657487958983891556e-05,2.072215900207083369e-06
1.687500000000000111e-02,2.843750000000000097e-02,8.840206085450139994e+01,1.000000000000000036e-10,6.581143066801130076e-05,2.455861226304705091e-06
1.812499999999999875e-02,2.843750000000000097e-02,8.758458992793251241e+01,1.000000000000000036e-10,6.490834877611574517e-05,2.909982905565583610e-06
1.937499999999999986e-02,2.843750000000000097e-02,8.677935213509850598e+01,1.000000000000000036e-10,6.384027573933166201e-05,3.449525531848393428e-06
2.062500000000000097e-02,2.843750000000000097e-02,8.598858303444922058e+01,1.000000000000000036e-10,6.257663111869360677e-05,4.092976895694845869e-06
2.187500000000000208e-02,2.843750000000000097e-02,8.521493635713116532e+01,1.000000000000000036e-10,6.108042190253910062e-05,4.863387914307394912e-06
2.312499999999999972e-02,2.843750000000000097e-02,8.446157248688574271e+01,1.000000000000000036e-10,5.930672405681887340e-05,5.789734498900996796e-06
2.437500000000000083e-02,2.843750000000000097e-02,8.373226825571069298e+01,1.000000000000000036e-10,5.720072469236013851e-05,6.908755794629541331e-06
2.562500000000000194e-02,2.843750000000000097e-02,8.303155436957673885e+01,1.000000000000000036e-10,5.469515429986528793e-05,8.267472483747724543e-06
2.687499999999999958e-02,2.843750000000000097e-02,8.236488939821406063e+01,1.000000000000000036e-10,5.170680275636754667e-05,9.926728023808660534e-06
2.812500000000000069e-02,2.843750000000000097e-02,8.173888430066755006e+01,1.000000000000000036e-10,4.813140322921753017e-05,1.196645158094838618e-05
2.937500000000000180e-02,2.843750000000000097e-02,8.116160431748362214e+01,1.000000000000000036e-10,4.383459116132881988e-05,1.449446039502390359e-05
3.062499999999999944e-02,2.843750000000000097e-02,8.064301952163432929e+01,1.000000000000000036e-10,3.862933379650200066e-05,1.766448206312929521e-05
3.187500000000000056e-02,2.843750000000000097e-02,8.019587097257107189e+01,1.000000000000000036e-10,3.219208885084696059e-05,2.172124506787781304e-05
3.312500000000000167e-02,2.843750000000000097e-02,7.983821730036315500e+01,1.000000000000000036e-10,2.367385711597250479e-05,2.710174368271168208e-05
3.437500000000000278e-02,2.843750000000000097e-02,7.960402454467175914e+01,1.000000000000000036e-10,1.019915686284620382e-05,3.417299081918599263e-05
3.562500000000000389e-02,2.843750000000000097e-02,7.855432316774391666e+01,9.999999999999999799e-13,1.696298368303233532e-06,1.082780671775367459e-07
3.687499999999999806e-02,2.843750000000000097e-02,7.639219383496175908e+01,9.999999999999999799e-13,1.836077949129469448e-06,-1.248134128419337623e-07
3.812499999999999917e-02,2.843750000000000097e-02,7.396412829492024343e+01,9.999999999999999799e-13,1.966637570755085469e-06,-6.987310771696685342e-08
3.937500000000000028e-02,2.843750000000000097e-02,7.147559990807404517e+01,9.999999999999999799e-13,1.997110509033786253e-06,-3.989049644674196597e-08
4.062500000000000139e-02,2.843750000000000097e-02,6.897135202233577900e+01,9.999999999999999799e-13,2.006599763084830001e-06,-2.673848181535731845e-08
4.187500000000000250e-02,2.843750000000000097e-02,6.645910050036196992e+01,9.999999999999999799e-13,2.012428995019894086e-06,-2.012948539291983391e-08
4.312500000000000361e-02,2.843750000000000097e-02,6.394027953478604331e+01,9.999999999999999799e-13,2.017467182606015143e-06,-1.610900448190477754e-08
4.437499999999999778e-02,2.843750000000000097e-02,6.141543254384693284e+01,9.999999999999999799e-13,2.022060212898384072e-06,-1.310944561604401325e-08
4.562499999999999889e-02,2.843750000000000097e-02,5.888512900254008287e+01,9.999999999999999799e-13,2.026106637936857197e-06,-1.040244246588031335e-08
4.687500000000000000e-02,2.843750000000000097e-02,5.635016594900478992e+01,9.999999999999999799e-13,2.029405562430778994e-06,-7.639500799763254894e-09
4.812500000000000111e-02,2.843750000000000097e-02,5.381161509646313590e+01,9.999999999999999799e-13,2.031747581957580149e-06,-4.694857693169752288e-09
4.937500000000000222e-02,2.843750000000000097e-02,5.127079699411083880e+01,9.999999999999999799e-13,2.032964836213949280e-06,-1.586171219264542726e-09
5.062500000000000333e-02,2.843750000000000097e-02,4.872920300592826237e+01,9.999999999999999799e-13,2.032964836214000525e-06,1.586171219332754934e-09
5.187500000000000444e-02,2.843750000000000097e-02,4.618838490357583737e+01,9.999999999999999799e-13,2.031747581957699580e-06,4.694857693226595312e-09
5.312499999999999861e-02,2.843750000000000097e-02,4.364983405103401282e+01,9.999999999999999799e-13,2.029405562430955177e-06,7.639500799820098745e-09
5.437499999999999972e-02,2.843750000000000097e-02,4.111487099749844987e+01,9.999999999999999799e-13,2.026106637937093096e-06,1.040244246594852432e-08
5.562500000000000083e-02,2.843750000000000097e-02,3.858456745619128014e+01,9.999999999999999799e-13,2.022060212898671216e-06,1.310944561612359464e-08
5.687500000000000194e-02,2.843750000000000097e-02,3.605972046525177177e+01,9.999999999999999799e-13,2.017467182606355650e-06,1.610900448195593701e-08
5.812500000000000305e-02,2.843750000000000097e-02,3.354089949967539042e+01,9.999999999999999799e-13,2.012428995020300662e-06,2.012948539295394022e-08
5.937500000000000416e-02,2.843750000000000097e-02,3.102864797770102001e+01,9.999999999999999799e-13,2.006599763085331445e-06,2.673848181541700450e-08
6.062499999999999833e-02,2.843750000000000097e-02,2.852440009196206105e+01,9.999999999999999799e-13,1.997110509034375787e-06,3.989049644679596432e-08
6.187499999999999944e-02,2.843750000000000097e-02,2.603587170511508120e+01,9.999999999999999799e-13,1.966637570755709732e-06,6.987310771702368404e-08
6.312500000000000056e-02,2.843750000000000097e-02,2.360780616507278751e+01,9.999999999999999799e-13,1.836077949130108958e-06,1.248134128420360944e-07
6.437500000000000167e-02,2.843750000000000097e-02,2.144567683228980925e+01,9.999999999999999799e-13,1.696298368303891041e-06,-1.082780671775623289e-07
6.562500000000000278e-02,2.843750000000000097e-02,2.039597545536155110e+01,1.000000000000000036e-10,1.019915686284894821e-05,-3.417299081919963324e-05
6.687500000000000389e-02,2.843750000000000097e-02,2.016178269967009484e+01,1.000000000000000036e-10,2.367385711598046351e-05,-2.710174368271707937e-05
6.812500000000000500e-02,2.843750000000000097e-02,1.980412902746203940e+01,1.000000000000000036e-10,3.219208885086331172e-05,-2.172124506788292912e-05
6.937500000000000611e-02,2.843750000000000097e-02,1.935698047839851199e+01,1.000000000000000036e-10,3.862933379652957327e-05,-1.766448206313270367e-05
7.062500000000000722e-02,2.843750000000000097e-02,1.883839568254879993e+01,1.000000000000000036e-10,4.383459116136718709e-05,-1.449446039502390359e-05
7.187500000000000833e-02,2.843750000000000097e-02,1.826111569936433199e+01,1.000000000000000036e-10,4.813140322926499789e-05,-1.196645158094667856e-05
7.312499999999999556e-02,2.843750000000000097e-02,1.763511060181717482e+01,1.000000000000000036e-10,5.170680275641870746e-05,-9.926728023805536676e-06
7.437499999999999667e-02,2.843750000000000097e-02,1.696844563045386423e+01,1.000000000000000036e-10,5.469515429992084652e-05,-8.267472483744880206e-06
7.562499999999999778e-02,2.843750000000000097e-02,1.626773174431915336e+01,1.000000000000000036e-10,5.720072469242707444e-05,-6.908755794627835407e-06
7.687499999999999889e-02,2.843750000000000097e-02,1.553842751314318704e+01,1.000000000000000036e-10,5.930672405689533676e-05,-5.789734498894602544e-06
7.812500000000000000e-02,2.843750000000000097e-02,1.478506364289676966e+01,1.000000000000000036e-10,6.108042190262023960e-05,-4.863387914300430607e-06
7.937500000000000111e-02,2.843750000000000097e-02,1.401141696557768057e+01,1.000000000000000036e-10,6.257663111877844559e-05,-4.092976895687456354e-06
8.062500000000000222e-02,2.843750000000000097e-02,1.322064786492730804e+01,1.000000000000000036e-10,6.384027573942381920e-05,-3.449525531843277349e-06
8.187500000000000333e-02,2.843750000000000097e-02,1.241541007209208480e+01,1.000000000000000036e-10,6.490834877621593901e-05,-2.909982905563736655e-06
8.312500000000000444e-02,2.843750000000000097e-02,1.159793914552190941e+01,1.000000000000000036e-10,6.581143066811470654e-05,-2.455861226305415751e-06
8.437500000000000555e-02,2.843750000000000097e-02,1.077012430538921706e+01,1.000000000000000036e-10,6.657487958994627868e-05,-2.072215900204667631e-06
8.562500000000000666e-02,2.843750000000000097e-02,9.933567155773252111e+00,1.000000000000000036e-10,6.721977202514813694e-05,-1.746874349748139493e-06
8.687500000000000777e-02,2.843750000000000097e-02,9.089630004760513415e+00,1.000000000000000036e-10,6.776365089626216294e-05,-1.469847473191520967e-06
8.812499999999999500e-02,2.843750000000000097e-02,8.239475883366697673e+00,1.000000000000000036e-10,6.822112388921874491e-05,-1.232876232854351579e-06
8.937499999999999611e-02,2.843750000000000097e-02,7.384101907530044251e+00,1.000000000000000036e-10,6.860434404533732682e-05,-1.029078909866214287e-06
9.062499999999999722e-02,2.843750000000000097e-02,6.524367282233264120e+00,1.000000000000000036e-10,6.892339693377204216e-05,-8.526738213411276055e-07
9.187499999999999833e-02,2.843750000000000097e-02,5.661016984185742729e+00,1.000000000000000036e-10,6.918661294190657886e-05,-6.987589134870830331e-07
9.312499999999999944e-02,2.843750000000000097e-02,4.794701958685599230e+00,1.000000000000000036e-10,6.940081887915744148e-05,-5.631344002137694243e-07
9.437500000000000056e-02,2.843750000000000097e-02,3.925996512206806344e+00,1.000000000000000036e-10,6.957153979140925882e-05,-4.421580496261866295e-07
9.562500000000000167e-02,2.843750000000000097e-02,3.055413463900367166e+00,1.000000000000000036e-10,6.970315934906763915e-05,-3.326252054716149267e-07
9.687500000000000278e-02,2.843750000000000097e-02,2.183417528480115166e+00,1.000000000000000036e-10,6.979904519770826089e-05,-2.316674297508924316e-07
9.812500000000000389e-02,2.843750000000000097e-02,1.310437333957660488e+00,1.000000000000000036e-10,6.986164409626043157e-05,-1.366649506717898414e-07
9.937500000000000500e-02,2.843750000000000097e-02,4.368764260736043292e-01,1.000000000000000036e-10,6.989255040125059190e-05,-4.516902588975745822e-08
6.250000000000000130e-04,2.906250000000000153e-02,9.956281727448273955e+01,1.000000000000000036e-10,6.994187218334785598e-05,5.268986086093717741e-08
1.874999999999999931e-03,2.906250000000000153e-02,9.868863592093356374e+01,1.000000000000000036e-10,6.991223027125669735e-05,1.594182242456554072e-07
3.125000000000000173e-03,2.906250000000000153e-02,9.781501151770132196e+01,1.000000000000000036e-10,6.985219613001104389e-05,2.702306760852479060e-07
4.375000000000000416e-03,2.906250000000000153e-02,9.694233101768328709e+01,1.000000000000000036e-10,6.976024871751176503e-05,3.879785897197506571e-07
5.624999999999999792e-03,2.906250000000000153e-02,9.607100529976352732e+01,1.000000000000000036e-10,6.963405475926890114e-05,5.157114233384162684e-07
6.875000000000000035e-03,2.906250000000000153e-02,9.520147964870156443e+01,1.000000000000000036e-10,6.947040472310105877e-05,6.567665007230514974e-07
8.125000000000000278e-03,2.906250000000000153e-02,9.433424518168600059e+01,1.000000000000000036e-10,6.926512405590982686e-05,8.148701152140345690e-07
9.374999999999999653e-03,2.906250000000000153e-02,9.346985154730381851e+01,1.000000000000000036e-10,6.901295654277247614e-05,9.942543802583256259e-07
1.062500000000000076e-02,2.906250000000000153e-02,9.260892126811668845e+01,1.000000000000000036e-10,6.870741555655226779e-05,1.199795288283666877e-06
1.187500000000000014e-02,2.906250000000000153e-02,9.175216615839001122e+01,1.000000000000000036e-10,6.834059763453181446e-05,1.437178893517056827e-06
1.312499999999999951e-02,2.906250000000000153e-02,9.090040632725339265e+01,1.000000000000000036e-10,6.790295116012825443e-05,1.713104546216754600e-06
1.437500000000000062e-02,2.906250000000000153e-02,9.005459237938680417e+01,1.000000000000000036e-10,6.738299082729212047e-05,2.035536878711354342e-06
1.562500000000000000e-02,2.906250000000000153e-02,8.921583155657108932e+01,1.000000000000000036e-10,6.676694586980430569e-05,2.414022067599716473e-06
1.687500000000000111e-02,2.906250000000000153e-02,8.838541873264169624e+01,1.000000000000000036e-10,6.603832654060908045e-05,2.860089184425759934e-06
1.812499999999999875e-02,2.906250000000000153e-02,8.756487339305586204e+01,1.000000000000000036e-10,6.517738874561415283e-05,3.387764790888922069e-06
1.937499999999999986e-02,2.906250000000000153e-02,8.675598401400134208e+01,1.000000000000000036e-10,6.416047068484543800e-05,4.014239195303161161e-06
2.062500000000000097e-02,2.906250000000000153e-02,8.596086162593472579e+01,1.000000000000000036e-10,6.295916728874713657e-05,4.760737240608249693e-06
2.187500000000000208e-02,2.906250000000000153e-02,8.518200483178266325e+01,1.000000000000000036e-10,6.153929738203656608e-05,5.653667130825396079e-06
2.312499999999999972e-02,2.906250000000000153e-02,8.442237919138381130e+01,1.000000000000000036e-10,5.985960371674251565e-05,6.726151037893258311e-06
2.437500000000000083e-02,2.906250000000000153e-02,8.368551473886410008e+01,1.000000000000000036e-10,5.787010556707740492e-05,8.020088012708582672e-06
2.562500000000000194e-02,2.906250000000000153e-02,8.297562655220687589e+01,1.000000000000000036e-10,5.550999500103443232e-05,9.588980744948683293e-06
2.687499999999999958e-02,2.906250000000000153e-02,8.229776486383823908e+01,1.000000000000000036e-10,5.270492852862331559e-05,1.150192877056269660e-05
2.812500000000000069e-02,2.906250000000000153e-02,8.165800333899129271e+01,1.000000000000000036e-10,4.936351288961360735e-05,1.384965841727193736e-05
2.937500000000000180e-02,2.906250000000000153e-02,8.106367704159789866e+01,1.000000000000000036e-10,4.537265444399167329e-05,1.675508881545851892e-05
3.062499999999999944e-02,2.906250000000000153e-02,8.052368697789150076e+01,1.000000000000000036e-10,4.059002841232028295e-05,2.039779534094918195e-05
3.187500000000000056e-02,2.906250000000000153e-02,8.004892633128989132e+01,1.000000000000000036e-10,3.481152760439499021e-05,2.509580466685746767e-05
3.312500000000000167e-02,2.906250000000000153e-02,7.965339878778162586e+01,1.000000000000000036e-10,2.740635211857976868e-05,3.168888769408226172e-05
3.437500000000000278e-02,2.906250000000000153e-02,7.936376752832539694e+01,1.000000000000000036e-10,1.227172884119305795e-05,4.389050857307097355e-05
3.562500000000000389e-02,2.906250000000000153e-02,7.849708846885872049e+01,9.999999999999999799e-13,1.483936152929246974e-06,3.608590469564250921e-08
3.687499999999999806e-02,2.906250000000000153e-02,7.650344424389535902e+01,9.999999999999999799e-13,1.792692650305900892e-06,-2.768892894613713834e-07
3.812499999999999917e-02,2.906250000000000153e-02,7.401535684309396856e+01,9.999999999999999799e-13,2.000379135272231898e-06,-8.692028439347722901e-08
3.937500000000000028e-02,2.906250000000000153e-02,7.150249640571477983e+01,9.999999999999999799e-13,2.010517126037660921e-06,-4.314878429228201497e-08
4.062500000000000139e-02,2.906250000000000153e-02,6.898906402799981663e+01,9.999999999999999799e-13,2.011997518612787746e-06,-2.896501728284874966e-08
4.187500000000000250e-02,2.906250000000000153e-02,6.647250260918281128e+01,9.999999999999999799e-13,2.015185244896872406e-06,-2.241142903494619621e-08
4.312500000000000361e-02,2.906250000000000153e-02,6.395110091575763533e+01,9.999999999999999799e-13,2.019277837211950780e-06,-1.839245079038960549e-08
4.437499999999999778e-02,2.906250000000000153e-02,6.142430801615293490e+01,9.999999999999999799e-13,2.023555179059121766e-06,-1.526118537731804223e-08
4.562499999999999889e-02,2.906250000000000153e-02,5.889221296810983119e+01,9.999999999999999799e-13,2.027567561709000283e-06,-1.228010654886020450e-08
4.687500000000000000e-02,2.906250000000000153e-02,5.635538911188043443e+01,9.999999999999999799e-13,2.030952071744857910e-06,-9.103553981697131848e-09
4.812500000000000111e-02,2.906250000000000153e-02,5.381483278874768672e+01,9.999999999999999799e-13,2.033401510011512510e-06,-5.626533407934175666e-09
4.937500000000000222e-02,2.906250000000000153e-02,5.127188533685165339e+01,9.999999999999999799e-13,2.034687250224112524e-06,-1.905992738932127361e-09
5.062500000000000333e-02,2.906250000000000153e-02,4.872811466318740514e+01,9.999999999999999799e-13,2.034687250224163769e-06,1.905992739000339156e-09
5.187500000000000444e-02,2.906250000000000153e-02,4.618516721129124392e+01,9.999999999999999799e-13,2.033401510011628977e-06,5.626533407996703903e-09
5.312499999999999861e-02,2.906250000000000153e-02,4.364461088815833278e+01,9.999999999999999799e-13,2.030952071745028164e-06,9.103553981753977354e-09
5.437499999999999972e-02,2.906250000000000153e-02,4.110778703192867312e+01,9.999999999999999799e-13,2.027567561709238723e-06,1.228010654890567793e-08
5.562500000000000083e-02,2.906250000000000153e-02,3.857569198388523546e+01,9.999999999999999799e-13,2.023555179059394511e-06,1.526118537737488608e-08
5.687500000000000194e-02,2.906250000000000153e-02,3.604889908428018686e+01,9.999999999999999799e-13,2.019277837212280276e-06,1.839245079041802742e-08
5.812500000000000305e-02,2.906250000000000153e-02,3.352749739085453484e+01,9.999999999999999799e-13,2.015185244897291687e-06,2.241142903501441214e-08
5.937500000000000416e-02,2.906250000000000153e-02,3.101093597203695751e+01,9.999999999999999799e-13,2.011997518613287495e-06,2.896501728289706362e-08
6.062499999999999833e-02,2.906250000000000153e-02,2.849750359432131575e+01,9.999999999999999799e-13,2.010517126038241986e-06,4.314878429233601993e-08
6.187499999999999944e-02,2.906250000000000153e-02,2.598464315694135252e+01,9.999999999999999799e-13,2.000379135272885807e-06,8.692028439351703956e-08
6.312500000000000056e-02,2.906250000000000153e-02,2.349655575613910230e+01,9.999999999999999799e-13,1.792692650306537437e-06,2.768892894615220494e-07
6.437500000000000167e-02,2.906250000000000153e-02,2.150291153117500897e+01,9.999999999999999799e-13,1.483936152929792887e-06,-3.608590469557218562e-08
6.562500000000000278e-02,2.906250000000000153e-02,2.063623247170801278e+01,1.000000000000000036e-10,1.227172884119828414e-05,-4.389050857308858506e-05
6.687500000000000389e-02,2.906250000000000153e-02,2.034660121225165952e+01,1.000000000000000036e-10,2.740635211859057004e-05,-3.168888769409164007e-05
6.812500000000000500e-02,2.906250000000000153e-02,1.995107366874324839e+01,1.000000000000000036e-10,3.481152760441190376e-05,-2.509580466686229914e-05
6.937500000000000611e-02,2.906250000000000153e-02,1.947631302214136184e+01,1.000000000000000036e-10,4.059002841234828247e-05,-2.039779534095486724e-05
7.062500000000000722e-02,2.906250000000000153e-02,1.893632295843454116e+01,1.000000000000000036e-10,4.537265444403117891e-05,-1.675508881546079236e-05
7.187500000000000833e-02,2.906250000000000153e-02,1.834199666104058224e+01,1.000000000000000036e-10,4.936351288966263362e-05,-1.384965841727307238e-05
7.312499999999999556e-02,2.906250000000000153e-02,1.770223513619297506e+01,1.000000000000000036e-10,5.270492852867546572e-05,-1.150192877056212739e-05
7.437499999999999667e-02,2.906250000000000153e-02,1.702437344782369522e+01,1.000000000000000036e-10,5.550999500108984861e-05,-9.588980744946125253e-06
7.562499999999999778e-02,2.906250000000000153e-02,1.631448526116572850e+01,1.000000000000000036e-10,5.787010556714462545e-05,-8.020088012705170824e-06
7.687499999999999889e-02,2.906250000000000153e-02,1.557762080864507936e+01,1.000000000000000036e-10,5.985960371681988703e-05,-6.726151037887290117e-06
7.812500000000000000e-02,2.906250000000000153e-02,1.481799516824523089e+01,1.000000000000000036e-10,6.153929738211763730e-05,-5.653667130818574923e-06
7.937500000000000111e-02,2.906250000000000153e-02,1.403913837409213805e+01,1.000000000000000036e-10,6.295916728883189407e-05,-4.760737240604980993e-06
8.062500000000000222e-02,2.906250000000000153e-02,1.324401598602443286e+01,1.000000000000000036e-10,6.416047068493659230e-05,-4.014239195299608705e-06
8.187500000000000333e-02,2.906250000000000153e-02,1.243512660696872274e+01,1.000000000000000036e-10,6.517738874571205629e-05,-3.387764790889917333e-06
8.312500000000000444e-02,2.906250000000000153e-02,1.161458126738163088e+01,1.000000000000000036e-10,6.603832654071267597e-05,-2.860089184428033794e-06
8.437500000000000555e-02,2.906250000000000153e-02,1.078416844345090553e+01,1.000000000000000036e-10,6.676694586991421669e-05,-2.414022067598010972e-06
8.562500000000000666e-02,2.906250000000000153e-02,9.945407620633774926e+00,1.000000000000000036e-10,6.738299082741249402e-05,-2.035536878704533185e-06
8.687500000000000777e-02,2.906250000000000153e-02,9.099593672765593055e+00,1.000000000000000036e-10,6.790295116025539068e-05,-1.713104546212917753e-06
8.812499999999999500e-02,2.906250000000000153e-02,8.247833841627389972e+00,1.000000000000000036e-10,6.834059763465474943e-05,-1.437178893509951491e-06
8.937499999999999611e-02,2.906250000000000153e-02,7.391078731899224152e+00,1.000000000000000036e-10,6.870741555667605658e-05,-1.199795288280043059e-06
9.062499999999999722e-02,2.906250000000000153e-02,6.530148452710488272e+00,1.000000000000000036e-10,6.901295654290435578e-05,-9.942543802585388664e-07
9.187499999999999833e-02,2.906250000000000153e-02,5.665754818326615094e+00,1.000000000000000036e-10,6.926512405604884869e-05,-8.148701152089187017e-07
9.312499999999999944e-02,2.906250000000000153e-02,4.798520351309266907e+00,1.000000000000000036e-10,6.947040472324756159e-05,-6.567665007166566104e-07
9.437500000000000056e-02,2.906250000000000153e-02,3.928994700245425520e+00,1.000000000000000036e-10,6.963405475941898183e-05,-5.157114233346858295e-07
9.562500000000000167e-02,2.906250000000000153e-02,3.057668982323791695e+00,1.000000000000000036e-10,6.976024871766366175e-05,-3.879785897143149820e-07
9.687500000000000278e-02,2.906250000000000153e-02,2.184988482303833468e+00,1.000000000000000036e-10,6.985219613016929675e-05,-2.702306760811978180e-07
9.812500000000000389e-02,2.906250000000000153e-02,1.311364079069558874e+00,1.000000000000000036e-10,6.991223027142094042e-05,-1.594182242432218022e-07
9.937500000000000500e-02,2.906250000000000153e-02,4.371827255183096672e-01,1.000000000000000036e-10,6.994187218351474180e-05,-5.268986086026216494e-08
6.250000000000000130e-04,2.968750000000000208e-02,9.956246495066670832e+01,1.000000000000000036e-10,6.999860444363547316e-05,5.987353541513582840e-08
1.874999999999999931e-03,2.968750000000000208e-02,9.868756993824240453e+01,1.000000000000000036e-10,6.997041450370770693e-05,1.811504757006332352e-07
3.125000000000000173e-03,2.968750000000000208e-02,9.781320458807401508e+01,1.000000000000000036e-10,6.991332538028585881e-05,3.070600569651559693e-07
4.375000000000000416e-03,2.968750000000000208e-02,9.693973680373525781e+01,1.000000000000000036e-10,6.982589972254287750e-05,4.408357439626796642e-07
5.624999999999999792e-03,2.968750000000000208e-02,9.606755709501044294e+01,1.000000000000000036e-10,6.970593374676069547e-05,5.859342361043217094e-07
6.875000000000000035e-03,2.968750000000000208e-02,9.519708846006624015e+01,1.000000000000000036e-10,6.955039822494880843e-05,7.461364669461544117e-07
8.125000000000000278e-03,2.968750000000000208e-02,9.432879713938672239e+01,1.000000000000000036e-10,6.935535688153662739e-05,9.256611542946300303e-07
9.374999999999999653e-03,2.968750000000000208e-02,9.346320453802782424e+01,1.000000000000000036e-10,6.911585952017502304e-05,1.129295778433742985e-06
1.062500000000000076e-02,2.968750000000000208e-02,9.260090065138234650e+01,1.000000000000000036e-10,6.882580630184121804e-05,1.362550992391788717e-06
1.187500000000000014e-02,2.968750000000000208e-02,9.174255938048179360e+01,1.000000000000000036e-10,6.847777851806197613e-05,1.631846042295137123e-06
1.312499999999999951e-02,2.968750000000000208e-02,9.088895618843079660e+01,1.000000000000000036e-10,6.806282988873248185e-05,1.944734949288431054e-06
1.437500000000000062e-02,2.968750000000000208e-02,9.004098863326348123e+01,1.000000000000000036e-10,6.757023078571988564e-05,2.310186193565186675e-06
1.562500000000000000e-02,2.968750000000000208e-02,8.919970041878779909e+01,1.000000000000000036e-10,6.698715574269611137e-05,2.738932753009066491e-06
1.687500000000000111e-02,2.968750000000000208e-02,8.836630973969607794e+01,1.000000000000000036e-10,6.629830202965590483e-05,3.243915020144640445e-06
1.812499999999999875e-02,2.968750000000000208e-02,8.754224286804640087e+01,1.000000000000000036e-10,6.548542378155444536e-05,3.840846976729607791e-06
1.937499999999999986e-02,2.968750000000000208e-02,8.672917414515721646e+01,1.000000000000000036e-10,6.452676196419131248e-05,4.548946948534647434e-06
2.062500000000000097e-02,2.968750000000000208e-02,8.592907381894161745e+01,1.000000000000000036e-10,6.339634508645473313e-05,5.391889624296480638e-06
2.187500000000000208e-02,2.968750000000000208e-02,8.514426551799584786e+01,1.000000000000000036e-10,6.206312880118161255e-05,6.399057843129865323e-06
2.312499999999999972e-02,2.968750000000000208e-02,8.437749559891207696e+01,1.000000000000000036e-10,6.048993449776047474e-05,7.607204309945243928e-06
2.437500000000000083e-02,2.968750000000000208e-02,8.363201715555183569e+01,1.000000000000000036e-10,5.863213954588785608e-05,9.062681291430862437e-06
2.562500000000000194e-02,2.968750000000000208e-02,8.291169211026488028e+01,1.000000000000000036e-10,5.643607467879233812e-05,1.082447518280332462e-05
2.687499999999999958e-02,2.968750000000000208e-02,8.222111528858202689e+01,1.000000000000000036e-10,5.383714159252916438e-05,1.296843411204008273e-05
2.812500000000000069e-02,2.968750000000000208e-02,8.156576357045165082e+01,1.000000000000000036e-10,5.075798325166543286e-05,1.559344006572814216e-05
2.937500000000000180e-02,2.968750000000000208e-02,8.095216570729039063e+01,1.000000000000000036e-10,4.710865962316744472e-05,1.883139820407108943e-05
3.062499999999999944e-02,2.968750000000000208e-02,8.038804707987246445e+01,1.000000000000000036e-10,4.279969172220147842e-05,2.286728291866551514e-05
3.187500000000000056e-02,2.968750000000000208e-02,7.988217341423535345e+01,1.000000000000000036e-10,3.783763502741350386e-05,2.799659584050459183e-05
3.312500000000000167e-02,2.968750000000000208e-02,7.944210620418712665e+01,1.000000000000000036e-10,3.307120906907925096e-05,3.487389724250987985e-05
3.437500000000000278e-02,2.968750000000000208e-02,7.905539318750837197e+01,1.000000000000000036e-10,3.755573758922025327e-05,4.603054640326603513e-05
3.562500000000000389e-02,2.968750000000000208e-02,7.850321276445662022e+01,1.000000000000000036e-10,2.348516331230226281e-05,1.032523155709322769e-05
3.687499999999999806e-02,2.968750000000000208e-02,7.673830544678847332e+01,9.999999999999999799e-13,2.464157108782748972e-06,-2.099100887881149831e-07
3.812499999999999917e-02,2.968750000000000208e-02,7.407277865041208997e+01,9.999999999999999799e-13,2.083507823339630292e-06,-6.741808482823899566e-08
3.937500000000000028e-02,2.968750000000000208e-02,7.152953588843939770e+01,9.999999999999999799e-13,2.026088142589099917e-06,-3.901013886486452693e-08
4.062500000000000139e-02,2.968750000000000208e-02,6.900755829393933993e+01,9.999999999999999799e-13,2.016968440713498409e-06,-2.928400805992623630e-08
4.187500000000000250e-02,2.968750000000000208e-02,6.648711478665565267e+01,9.999999999999999799e-13,2.017715278266124108e-06,-2.405972017616022977e-08
4.312500000000000361e-02,2.968750000000000208e-02,6.396327009827403032e+01,9.999999999999999799e-13,2.021042304434828960e-06,-2.045396889098469489e-08
4.437499999999999778e-02,2.968750000000000208e-02,6.143450902556858040e+01,9.999999999999999799e-13,2.025116385019148802e-06,-1.737537849248838109e-08
4.562499999999999889e-02,2.968750000000000208e-02,5.890047913572615812e+01,9.999999999999999799e-13,2.029185453634667862e-06,-1.420663906646950780e-08
4.687500000000000000e-02,2.968750000000000208e-02,5.636154539148191134e+01,9.999999999999999799e-13,2.032732349001241713e-06,-1.064272416526819106e-08
4.812500000000000111e-02,2.968750000000000208e-02,5.381864826322305362e+01,9.999999999999999799e-13,2.035346362578963175e-06,-6.619089146539636193e-09
4.937500000000000222e-02,2.968750000000000208e-02,5.127317948503450395e+01,9.999999999999999799e-13,2.036731099287416666e-06,-2.248675460833738267e-09
5.062500000000000333e-02,2.968750000000000208e-02,4.872682051500451195e+01,9.999999999999999799e-13,2.036731099287464947e-06,2.248675460890581292e-09
5.187500000000000444e-02,2.968750000000000208e-02,4.618135173681584149e+01,9.999999999999999799e-13,2.035346362579076678e-06,6.619089146590795660e-09
5.312499999999999861e-02,2.968750000000000208e-02,4.363845460855682035e+01,9.999999999999999799e-13,2.032732349001409849e-06,1.064272416533071930e-08
5.437499999999999972e-02,2.968750000000000208e-02,4.109952086431231777e+01,9.999999999999999799e-13,2.029185453634903760e-06,1.420663906650361246e-08
5.562500000000000083e-02,2.968750000000000208e-02,3.856549097446956154e+01,9.999999999999999799e-13,2.025116385019427475e-06,1.737537849251679971e-08
5.687500000000000194e-02,2.968750000000000208e-02,3.603672990176374924e+01,9.999999999999999799e-13,2.021042304435175820e-06,2.045396889104722643e-08
5.812500000000000305e-02,2.968750000000000208e-02,3.351288521338162241e+01,9.999999999999999799e-13,2.017715278266540002e-06,2.405972017623981116e-08
5.937500000000000416e-02,2.968750000000000208e-02,3.099244170609739868e+01,9.999999999999999799e-13,2.016968440713992652e-06,2.928400805998876453e-08
6.062499999999999833e-02,2.968750000000000208e-02,2.847046411159664103e+01,9.999999999999999799e-13,2.026088142589685640e-06,3.901013886493273955e-08
6.187499999999999944e-02,2.968750000000000208e-02,2.592722134962318492e+01,9.999999999999999799e-13,2.083507823340302836e-06,6.741808482830436279e-08
6.312500000000000056e-02,2.968750000000000208e-02,2.326169455324588498e+01,9.999999999999999799e-13,2.464157108783650638e-06,2.099100887882457438e-07
6.437500000000000167e-02,2.968750000000000208e-02,2.149678723557706306e+01,1.000000000000000036e-10,2.348516331230891032e-05,-1.032523155709656500e-05
6.562500000000000278e-02,2.968750000000000208e-02,2.094460681252515855e+01,1.000000000000000036e-10,3.755573758923289778e-05,-4.603054640328365342e-05
6.687500000000000389e-02,2.968750000000000208e-02,2.055789379584624044e+01,1.000000000000000036e-10,3.307120906909360308e-05,-3.487389724252238206e-05
6.812500000000000500e-02,2.968750000000000208e-02,2.011782658579781824e+01,1.000000000000000036e-10,3.783763502743169813e-05,-2.799659584051084293e-05
6.937500000000000611e-02,2.968750000000000208e-02,1.961195292016044789e+01,1.000000000000000036e-10,4.279969172223032498e-05,-2.286728291867290804e-05
7.062500000000000722e-02,2.968750000000000208e-02,1.904783429274205986e+01,1.000000000000000036e-10,4.710865962320808875e-05,-1.883139820407222446e-05
7.187500000000000833e-02,2.968750000000000208e-02,1.843423642958024544e+01,1.000000000000000036e-10,5.075798325171433038e-05,-1.559344006573013100e-05
7.312499999999999556e-02,2.968750000000000208e-02,1.777888471144920146e+01,1.000000000000000036e-10,5.383714159258217509e-05,-1.296843411204462961e-05
7.437499999999999667e-02,2.968750000000000208e-02,1.708830788976569082e+01,1.000000000000000036e-10,5.643607467884932650e-05,-1.082447518280304001e-05
7.562499999999999778e-02,2.968750000000000208e-02,1.636798284447796803e+01,1.000000000000000036e-10,5.863213954595648608e-05,-9.062681291427165985e-06
7.687499999999999889e-02,2.968750000000000208e-02,1.562250440111677818e+01,1.000000000000000036e-10,6.048993449783863217e-05,-7.607204309942970492e-06
7.812500000000000000e-02,2.968750000000000208e-02,1.485573448203200186e+01,1.000000000000000036e-10,6.206312880126139628e-05,-6.399057843122618109e-06
7.937500000000000111e-02,2.968750000000000208e-02,1.407092618108524285e+01,1.000000000000000036e-10,6.339634508653793209e-05,-5.391889624295201618e-06
8.062500000000000222e-02,2.968750000000000208e-02,1.327082585486855315e+01,1.000000000000000036e-10,6.452676196428135547e-05,-4.548946948532658601e-06
8.187500000000000333e-02,2.968750000000000208e-02,1.245775713197820878e+01,1.000000000000000036e-10,6.548542378165172540e-05,-3.840846976729607791e-06
8.312500000000000444e-02,2.968750000000000208e-02,1.163369026032725984e+01,1.000000000000000036e-10,6.629830202976065231e-05,-3.243915020142935368e-06
8.437500000000000555e-02,2.968750000000000208e-02,1.080029958123419220e+01,1.000000000000000036e-10,6.698715574280804169e-05,-2.738932753007076811e-06
8.562500000000000666e-02,2.968750000000000208e-02,9.959011366757058781e+00,1.000000000000000036e-10,6.757023078584067932e-05,-2.310186193560638955e-06
8.687500000000000777e-02,2.968750000000000208e-02,9.111043811588174890e+00,1.000000000000000036e-10,6.806282988885945548e-05,-1.944734949287720393e-06
8.812499999999999500e-02,2.968750000000000208e-02,8.257440619535572068e+00,1.000000000000000036e-10,6.847777851818518215e-05,-1.631846042297410983e-06
8.937499999999999611e-02,2.968750000000000208e-02,7.399099348633544793e+00,1.000000000000000036e-10,6.882580630196302816e-05,-1.362550992391788717e-06
9.062499999999999722e-02,2.968750000000000208e-02,6.536795461986495859e+00,1.000000000000000036e-10,6.911585952030760741e-05,-1.129295778432748145e-06
9.187499999999999833e-02,2.968750000000000208e-02,5.671202860625854214e+00,1.000000000000000036e-10,6.935535688167751946e-05,-9.256611542912194521e-07
9.312499999999999944e-02,2.968750000000000208e-02,4.802911539944557440e+00,1.000000000000000036e-10,6.955039822509455230e-05,-7.461364669418200383e-07
9.437500000000000056e-02,2.968750000000000208e-02,3.932442904998489919e+00,1.000000000000000036e-10,6.970593374691043734e-05,-5.859342361027585101e-07
9.562500000000000167e-02,2.968750000000000208e-02,3.060263196271796104e+00,1.000000000000000036e-10,6.982589972269438120e-05,-4.408357439600861552e-07
9.687500000000000278e-02,2.968750000000000208e-02,2.186795411931130140e+00,1.000000000000000036e-10,6.991332538044379996e-05,-3.070600569627046030e-07
9.812500000000000389e-02,2.968750000000000208e-02,1.312430061760700761e+00,1.000000000000000036e-10,6.997041450387087936e-05,-1.811504757010062473e-07
9.937500000000000500e-02,2.968750000000000208e-02,4.375350493343576064e-01,1.000000000000000036e-10,6.999860444380231832e-05,-5.987353541510919980e-08
6.250000000000000130e-04,3.031249999999999917e-02,9.956206885529005035e+01,1.000000000000000036e-10,7.006238418890575357e-05,6.667474260666493878e-08
1.874999999999999931e-03,3.031249999999999917e-02,9.868637153998730582e+01,1.000000000000000036e-10,7.003582353203170166e-05,2.017245669117073294e-07
3.125000000000000173e-03,3.031249999999999917e-02,9.781117326698925751e+01,1.000000000000000036e-10,6.998203876414207849e-05,3.419229114149402174e-07
4.375000000000000416e-03,3.031249999999999917e-02,9.693682057088375359e+01,1.000000000000000036e-10,6.989968580708134731e-05,4.908621969195791103e-07
5.624999999999999792e-03,3.031249999999999917e-02,9.606368112181222330e+01,1.000000000000000036e-10,6.978670512076062078e-05,6.523811141971690342e-07
6.875000000000000035e-03,3.031249999999999917e-02,9.519215294286473750e+01,1.000000000000000036e-10,6.964026818219620806e-05,8.306758190417438995e-07
8.125000000000000278e-03,3.031249999999999917e-02,9.432267441725731771e+01,1.000000000000000036e-10,6.945670371165361284e-05,1.030424709176713592e-06
9.374999999999999653e-03,3.031249999999999917e-02,9.345573535007339672e+01,1.000000000000000036e-10,6.923140146182105040e-05,1.256932029152721544e-06
1.062500000000000076e-02,3.031249999999999917e-02,9.259188938071179109e+01,1.000000000000000036e-10,6.895869068848298265e-05,1.516296737513584571e-06
1.187500000000000014e-02,3.031249999999999917e-02,9.173176808286132200e+01,1.000000000000000036e-10,6.863168961298013796e-05,1.815614726806415687e-06
1.312499999999999951e-02,3.031249999999999917e-02,9.087609714038728725e+01,1.000000000000000036e-10,6.824212123576327846e-05,2.163224768041800178e-06
1.437500000000000062e-02,3.031249999999999917e-02,9.002571505196723933e+01,1.000000000000000036e-10,6.778008972915243078e-05,2.569011679626100499e-06
1.562500000000000000e-02,3.031249999999999917e-02,8.918159489715847599e+01,1.000000000000000036e-10,6.723381028309402411e-05,3.044784511497481809e-06
1.687500000000000111e-02,3.031249999999999917e-02,8.834486979488988823e+01,1.000000000000000036e-10,6.658928365246934687e-05,3.604753433500035889e-06
1.812499999999999875e-02,3.031249999999999917e-02,8.751686280584674194e+01,1.000000000000000036e-10,6.582990470980915336e-05,4.266137158770106280e-06
1.937499999999999986e-02,3.031249999999999917e-02,8.669912217714465896e+01,1.000000000000000036e-10,6.493599200862887485e-05,5.049944025778357697e-06
2.062500000000000097e-02,3.031249999999999917e-02,8.589346300563101977e+01,1.000000000000000036e-10,6.388422273604475060e-05,5.981985622223645716e-06
2.187500000000000208e-02,3.031249999999999917e-02,8.510201660874353990e+01,1.000000000000000036e-10,6.264695472486094604e-05,7.094203993433437099e-06
2.312499999999999972e-02,3.031249999999999917e-02,8.432728913750949573e+01,1.000000000000000036e-10,6.119141544089300828e-05,8.426424953333932263e-06
2.437500000000000083e-02,3.031249999999999917e-02,8.357223122272121429e+01,1.000000000000000036e-10,5.947874100350644780e-05,1.002869534268029160e-05
2.562500000000000194e-02,3.031249999999999917e-02,8.284032061242183431e+01,1.000000000000000036e-10,5.746287141133904247e-05,1.196442836119217571e-05
2.687499999999999958e-02,3.031249999999999917e-02,8.213565943743773801e+01,1.000000000000000036e-10,5.508941097008572860e-05,1.431467769741061216e-05
2.812500000000000069e-02,3.031249999999999917e-02,8.146308533816969089e+01,1.000000000000000036e-10,5.229499493562910731e-05,1.718398366802034380e-05
2.937500000000000180e-02,3.031249999999999917e-02,8.082828456404701001e+01,1.000000000000000036e-10,4.900957587046035808e-05,2.070822594861737934e-05
3.062499999999999944e-02,3.031249999999999917e-02,8.023784594140818172e+01,1.000000000000000036e-10,4.517262723053703415e-05,2.506341344457609473e-05
3.187500000000000056e-02,3.031249999999999917e-02,7.969896888328358386e+01,1.000000000000000036e-10,4.081483476631716579e-05,3.046038989410703422e-05
3.312500000000000167e-02,3.031249999999999917e-02,7.921747507225025231e+01,1.000000000000000036e-10,3.642332739996049541e-05,3.698906985125517254e-05
3.437500000000000278e-02,3.031249999999999917e-02,7.878838569828457139e+01,1.000000000000000036e-10,3.373795901749815135e-05,4.301579372568766781e-05
3.562500000000000389e-02,3.031249999999999917e-02,7.837402609681279841e+01,1.000000000000000036e-10,1.784820128020342772e-05,2.832015024177848738e-05
3.687499999999999806e-02,3.031249999999999917e-02,7.676583185488050276e+01,9.999999999999999799e-13,2.340298183633005653e-06,5.962587656873665355e-08
3.812499999999999917e-02,3.031249999999999917e-02,7.409962944912926730e+01,9.999999999999999799e-13,2.085829110233856835e-06,-1.939487076390378473e-08
3.937500000000000028e-02,3.031249999999999917e-02,7.155125907929586049e+01,9.999999999999999799e-13,2.029584164421817071e-06,-3.020103964787495032e-08
4.062500000000000139e-02,3.031249999999999917e-02,6.902566903807472443e+01,9.999999999999999799e-13,2.019472727957139352e-06,-2.847753810673339441e-08
4.187500000000000250e-02,3.031249999999999917e-02,6.650257725940301157e+01,9.999999999999999799e-13,2.019600264481343212e-06,-2.530337716776785142e-08
4.312500000000000361e-02,3.031249999999999917e-02,6.397666837687136621e+01,9.999999999999999799e-13,2.022620008053786663e-06,-2.238369676996967746e-08
4.437499999999999778e-02,3.031249999999999917e-02,6.144602723926854537e+01,9.999999999999999799e-13,2.026678843971379527e-06,-1.951210886447256582e-08
4.562499999999999889e-02,3.031249999999999917e-02,5.890997126694291808e+01,9.999999999999999799e-13,2.030933888872610388e-06,-1.623196545285168111e-08
4.687500000000000000e-02,3.031249999999999917e-02,5.636869251708701967e+01,9.999999999999999799e-13,2.034745846704822731e-06,-1.229682437823385173e-08
4.812500000000000111e-02,3.031249999999999917e-02,5.382310665018086127e+01,9.999999999999999799e-13,2.037598534363730093e-06,-7.698339551893696394e-09
4.937500000000000222e-02,3.031249999999999917e-02,5.127469618117769556e+01,9.999999999999999799e-13,2.039121132527828251e-06,-2.623092491751322110e-09
5.062500000000000333e-02,3.031249999999999917e-02,4.872530381886129192e+01,9.999999999999999799e-13,2.039121132527876532e-06,2.623092491779744036e-09
5.187500000000000444e-02,3.031249999999999917e-02,4.617689334985800542e+01,9.999999999999999799e-13,2.037598534363849525e-06,7.698339551922118320e-09
5.312499999999999861e-02,3.031249999999999917e-02,4.363130748295166939e+01,9.999999999999999799e-13,2.034745846704984514e-06,1.229682437829069393e-08
5.437499999999999972e-02,3.031249999999999917e-02,4.109002873309554360e+01,9.999999999999999799e-13,2.030933888872831887e-06,1.623196545287441865e-08
5.562500000000000083e-02,3.031249999999999917e-02,3.855397276076958946e+01,9.999999999999999799e-13,2.026678843971666247e-06,1.951210886448393459e-08
5.687500000000000194e-02,3.031249999999999917e-02,3.602333162316637782e+01,9.999999999999999799e-13,2.022620008054141993e-06,2.238369677001515254e-08
5.812500000000000305e-02,3.031249999999999917e-02,3.349742274063423508e+01,9.999999999999999799e-13,2.019600264481762916e-06,2.530337716780195442e-08
5.937500000000000416e-02,3.031249999999999917e-02,3.097433096196197155e+01,9.999999999999999799e-13,2.019472727957634019e-06,2.847753810676750072e-08
6.062499999999999833e-02,3.031249999999999917e-02,2.844874092074014982e+01,9.999999999999999799e-13,2.029584164422399830e-06,3.020103964793463306e-08
6.187499999999999944e-02,3.031249999999999917e-02,2.590037055090597207e+01,9.999999999999999799e-13,2.085829110234542084e-06,1.939487076394357542e-08
6.312500000000000056e-02,3.031249999999999917e-02,2.323416814515379514e+01,9.999999999999999799e-13,2.340298183633835746e-06,-5.962587656871108375e-08
6.437500000000000167e-02,3.031249999999999917e-02,2.162597390322092750e+01,1.000000000000000036e-10,1.784820128020772048e-05,-2.832015024178900076e-05
6.562500000000000278e-02,3.031249999999999917e-02,2.121161430174905860e+01,1.000000000000000036e-10,3.373795901750952192e-05,-4.301579372570357848e-05
6.687500000000000389e-02,3.031249999999999917e-02,2.078252492778318938e+01,1.000000000000000036e-10,3.642332739997697529e-05,-3.698906985126512010e-05
6.812500000000000500e-02,3.031249999999999917e-02,2.030103111674963401e+01,1.000000000000000036e-10,4.081483476633664077e-05,-3.046038989411612458e-05
6.937500000000000611e-02,3.031249999999999917e-02,1.976215405862477326e+01,1.000000000000000036e-10,4.517262723056758832e-05,-2.506341344458007240e-05
7.062500000000000722e-02,3.031249999999999917e-02,1.917171543598544403e+01,1.000000000000000036e-10,4.900957587050256065e-05,-2.070822594861823315e-05
7.187500000000000833e-02,3.031249999999999917e-02,1.853691466186220893e+01,1.000000000000000036e-10,5.229499493567643274e-05,-1.718398366802261724e-05
7.312499999999999556e-02,3.031249999999999917e-02,1.786434056259353298e+01,1.000000000000000036e-10,5.508941097013901714e-05,-1.431467769741459152e-05
7.437499999999999667e-02,3.031249999999999917e-02,1.715967938760873324e+01,1.000000000000000036e-10,5.746287141139858550e-05,-1.196442836119359534e-05
7.562499999999999778e-02,3.031249999999999917e-02,1.642776877730856810e+01,1.000000000000000036e-10,5.947874100357465089e-05,-1.002869534267659684e-05
7.687499999999999889e-02,3.031249999999999917e-02,1.567271086251936651e+01,1.000000000000000036e-10,6.119141544097216859e-05,-8.426424953332228032e-06
7.812500000000000000e-02,3.031249999999999917e-02,1.489798339128426363e+01,1.000000000000000036e-10,6.264695472494151581e-05,-7.094203993428321867e-06
7.937500000000000111e-02,3.031249999999999917e-02,1.410653699439582809e+01,1.000000000000000036e-10,6.388422273612687891e-05,-5.981985622219240297e-06
8.062500000000000222e-02,3.031249999999999917e-02,1.330087782288109111e+01,1.000000000000000036e-10,6.493599200871939218e-05,-5.049944025776226562e-06
8.187500000000000333e-02,3.031249999999999917e-02,1.248313719417784284e+01,1.000000000000000036e-10,6.582990470990692129e-05,-4.266137158764990201e-06
8.312500000000000444e-02,3.031249999999999917e-02,1.165513020513341758e+01,1.000000000000000036e-10,6.658928365257393172e-05,-3.604753433494777932e-06
8.437500000000000555e-02,3.031249999999999917e-02,1.081840510286349399e+01,1.000000000000000036e-10,6.723381028320537167e-05,-3.044784511493787051e-06
8.562500000000000666e-02,3.031249999999999917e-02,9.974284948053282918e+00,1.000000000000000036e-10,6.778008972927216736e-05,-2.569011679623684761e-06
8.687500000000000777e-02,3.031249999999999917e-02,9.123902859631689566e+00,1.000000000000000036e-10,6.824212123588698593e-05,-2.163224768040804914e-06
8.812499999999999500e-02,3.031249999999999917e-02,8.268231917156107613e+00,1.000000000000000036e-10,6.863168961310270701e-05,-1.815614726813663324e-06
8.937499999999999611e-02,3.031249999999999917e-02,7.408110619304121514e+00,1.000000000000000036e-10,6.895869068860839774e-05,-1.516296737516853272e-06
9.062499999999999722e-02,3.031249999999999917e-02,6.544264649940897627e+00,1.000000000000000036e-10,6.923140146195463766e-05,-1.256932029152863845e-06
9.187499999999999833e-02,3.031249999999999917e-02,5.677325582755255340e+00,1.000000000000000036e-10,6.945670371179430162e-05,-1.030424709175931781e-06
9.312499999999999944e-02,3.031249999999999917e-02,4.807847057146039660e+00,1.000000000000000036e-10,6.964026818234180286e-05,-8.306758190393991005e-07
9.437500000000000056e-02,3.031249999999999917e-02,3.936318878196710003e+00,1.000000000000000036e-10,6.978670512090986121e-05,-6.523811141969558996e-07
9.562500000000000167e-02,3.031249999999999917e-02,3.063179429123292774e+00,1.000000000000000036e-10,6.989968580723370482e-05,-4.908621969195435349e-07
9.687500000000000278e-02,3.031249999999999917e-02,2.188826733015867276e+00,1.000000000000000036e-10,6.998203876429882702e-05,-3.419229114102860890e-07
9.812500000000000389e-02,3.031249999999999917e-02,1.313628460015821453e+00,1.000000000000000036e-10,7.003582353219472501e-05,-2.017245669148692505e-07
9.937500000000000500e-02,3.031249999999999917e-02,4.379311447109985322e-01,1.000000000000000036e-10,7.006238418907278847e-05,-6.667474260604321660e-08
6.250000000000000130e-04,3.093749999999999972e-02,9.956163151638412501e+01,1.000000000000000036e-10,7.013280409839466555e-05,7.305086502469746584e-08
1.874999999999999931e-03,3.093749999999999972e-02,9.868504838115600819e+01,1.000000000000000036e-10,7.010803858811185925e-05,2.210115280820445401e-07
3.125000000000000173e-03,3.093749999999999972e-02,9.780893055168132832e+01,1.000000000000000036e-10,7.005789419528977752e-05,3.746005306049937023e-07
4.375000000000000416e-03,3.093749999999999972e-02,9.693360102627376307e+01,1.000000000000000036e-10,6.998112882393398926e-05,5.377437419372198417e-07
5.624999999999999792e-03,3.093749999999999972e-02,9.605940233108297832e+01,1.000000000000000036e-10,6.987584055782178273e-05,7.146340453994070007e-07
6.875000000000000035e-03,3.093749999999999972e-02,9.518670501232821834e+01,1.000000000000000036e-10,6.973942002243857345e-05,9.098516248150187276e-07
8.125000000000000278e-03,3.093749999999999972e-02,9.431591683052201347e+01,1.000000000000000036e-10,6.956848498659211431e-05,1.128498656601095312e-06
9.374999999999999653e-03,3.093749999999999972e-02,9.344749288766341522e+01,1.000000000000000036e-10,6.935879553434344731e-05,1.376353932773781362e-06
1.062500000000000076e-02,3.093749999999999972e-02,9.258194694216342668e+01,1.000000000000000036e-10,6.910514765066805569e-05,1.660054162405230675e-06
1.187500000000000014e-02,3.093749999999999972e-02,9.171986419639671340e+01,1.000000000000000036e-10,6.880124253332608520e-05,1.987310398340013676e-06
1.312499999999999951e-02,3.093749999999999972e-02,9.086191587883027410e+01,1.000000000000000036e-10,6.843952836514232817e-05,2.367170369203677068e-06
1.437500000000000062e-02,3.093749999999999972e-02,9.000887598726815497e+01,1.000000000000000036e-10,6.801101065744772625e-05,2.810340685614391220e-06
1.562500000000000000e-02,3.093749999999999972e-02,8.916164061239408056e+01,1.000000000000000036e-10,6.750502661963307758e-05,3.329587247451399386e-06
1.687500000000000111e-02,3.093749999999999972e-02,8.832125032177732749e+01,1.000000000000000036e-10,6.690897835329222363e-05,3.940238146034288822e-06
1.812499999999999875e-02,3.093749999999999972e-02,8.748891615356177454e+01,1.000000000000000036e-10,6.620801907769360817e-05,4.660821555369237614e-06
1.937499999999999986e-02,3.093749999999999972e-02,8.666604984483498697e+01,1.000000000000000036e-10,6.538468619591808982e-05,5.513882420664229707e-06
2.062500000000000097e-02,3.093749999999999972e-02,8.585429899866382186e+01,1.000000000000000036e-10,6.441847507028227240e-05,6.527037426455989559e-06
2.187500000000000208e-02,3.093749999999999972e-02,8.505558796807792987e+01,1.000000000000000036e-10,6.328534846673674989e-05,7.734349496563480814e-06
2.312499999999999972e-02,3.093749999999999972e-02,8.427216528699540277e+01,1.000000000000000036e-10,6.195718017238390580e-05,9.178133239364568308e-06
2.437500000000000083e-02,3.093749999999999972e-02,8.350665846376833201e+01,1.000000000000000036e-10,6.040114124981697780e-05,1.091134373663521571e-05
2.562500000000000194e-02,3.093749999999999972e-02,8.276213675574997808e+01,1.000000000000000036e-10,5.857906585615750518e-05,1.300075246015808009e-05
2.687499999999999958e-02,3.093749999999999972e-02,8.204218181736439419e+01,1.000000000000000036e-10,5.644691924594324843e-05,1.553115712418843725e-05
2.812500000000000069e-02,3.093749999999999972e-02,8.135096377460139649e+01,1.000000000000000036e-10,5.395475737726882322e-05,1.861079319281543147e-05
2.937500000000000180e-02,3.093749999999999972e-02,8.069331288293267335e+01,1.000000000000000036e-10,5.104837451144532358e-05,2.237731738932097414e-05
3.062499999999999944e-02,3.093749999999999972e-02,8.007475441181526321e+01,1.000000000000000036e-10,4.767577369494630586e-05,2.699909673209162608e-05
3.187500000000000056e-02,3.093749999999999972e-02,7.950141854055901547e+01,1.000000000000000036e-10,4.380046323075304616e-05,3.264125807080744864e-05
3.312500000000000167e-02,3.093749999999999972e-02,7.897974283104643689e+01,1.000000000000000036e-10,3.934891098486956775e-05,3.922973148067284706e-05
3.437500000000000278e-02,3.093749999999999972e-02,7.851769576593727606e+01,1.000000000000000036e-10,3.322127778448190561e-05,4.518163288769528100e-05
3.562500000000000389e-02,3.093749999999999972e-02,7.814921088643438907e+01,1.000000000000000036e-10,1.591597956455653341e-05,4.275183905838274832e-05
3.687499999999999806e-02,3.093749999999999972e-02,7.666377310107755250e+01,9.999999999999999799e-13,2.203284729325291696e-06,2.382360258631137896e-07
3.812499999999999917e-02,3.093749999999999972e-02,7.409702223886696970e+01,9.999999999999999799e-13,2.038594365231324748e-06,1.157469868825273927e-08
3.937500000000000028e-02,3.093749999999999972e-02,7.156728718799924138e+01,9.999999999999999799e-13,2.021546808917685244e-06,-2.452435803719481489e-08
4.062500000000000139e-02,3.093749999999999972e-02,6.904315521657275667e+01,9.999999999999999799e-13,2.019417271953551748e-06,-2.803373300295106843e-08
4.187500000000000250e-02,3.093749999999999972e-02,6.651874400811536248e+01,9.999999999999999799e-13,2.020762198934505699e-06,-2.648341402405094394e-08
4.312500000000000361e-02,3.093749999999999972e-02,6.399124971923649241e+01,9.999999999999999799e-13,2.023937938586476707e-06,-2.430140152587796922e-08
4.437499999999999778e-02,3.093749999999999972e-02,6.145889916164917111e+01,9.999999999999999799e-13,2.028192250677708058e-06,-2.175097811291380011e-08
4.562499999999999889e-02,3.093749999999999972e-02,5.892076909254222272e+01,9.999999999999999799e-13,2.032793095877787321e-06,-1.842104125498735718e-08
4.687500000000000000e-02,3.093749999999999972e-02,5.637691642195470365e+01,9.999999999999999799e-13,2.036999161951721101e-06,-1.411676052915140786e-08
4.812500000000000111e-02,3.093749999999999972e-02,5.382827118766292074e+01,9.999999999999999799e-13,2.040183228522204393e-06,-8.896780515681257970e-09
4.937500000000000222e-02,3.093749999999999972e-02,5.127645835064919311e+01,9.999999999999999799e-13,2.041891815309253365e-06,-3.040244003523185021e-09
5.062500000000000333e-02,3.093749999999999972e-02,4.872354164938978727e+01,9.999999999999999799e-13,2.041891815309302070e-06,3.040244003523185021e-09
5.187500000000000444e-02,3.093749999999999972e-02,4.617172881237593884e+01,9.999999999999999799e-13,2.040183228522332295e-06,8.896780515709679896e-09
5.312499999999999861e-02,3.093749999999999972e-02,4.362308357808395698e+01,9.999999999999999799e-13,2.036999161951885425e-06,1.411676052917982648e-08
5.437499999999999972e-02,3.093749999999999972e-02,4.107923090749622475e+01,9.999999999999999799e-13,2.032793095877999926e-06,1.842104125501009472e-08
5.562500000000000083e-02,3.093749999999999972e-02,3.854110083838895662e+01,9.999999999999999799e-13,2.028192250677998167e-06,2.175097811293085326e-08
5.687500000000000194e-02,3.093749999999999972e-02,3.600875028080123030e+01,9.999999999999999799e-13,2.023937938586835002e-06,2.430140152592344430e-08
5.812500000000000305e-02,3.093749999999999972e-02,3.348125599192186996e+01,9.999999999999999799e-13,2.020762198934916510e-06,2.648341402407936586e-08
5.937500000000000416e-02,3.093749999999999972e-02,3.095684478346393931e+01,9.999999999999999799e-13,2.019417271954059121e-06,2.803373300298801694e-08
6.062499999999999833e-02,3.093749999999999972e-02,2.843271281203672274e+01,9.999999999999999799e-13,2.021546808918273508e-06,2.452435803724881325e-08
6.187499999999999944e-02,3.093749999999999972e-02,2.590297776116825546e+01,9.999999999999999799e-13,2.038594365231979505e-06,-1.157469868824989707e-08
6.312500000000000056e-02,3.093749999999999972e-02,2.333622689895677382e+01,9.999999999999999799e-13,2.203284729326056567e-06,-2.382360258631905520e-07
6.437500000000000167e-02,3.093749999999999972e-02,2.185078911359942566e+01,1.000000000000000036e-10,1.591597956456035183e-05,-4.275183905839865899e-05
6.562500000000000278e-02,3.093749999999999972e-02,2.148230423409645340e+01,1.000000000000000036e-10,3.322127778449484150e-05,-4.518163288771090706e-05
6.687500000000000389e-02,3.093749999999999972e-02,2.102025716898705454e+01,1.000000000000000036e-10,3.934891098488732834e-05,-3.922973148068563387e-05
6.812500000000000500e-02,3.093749999999999972e-02,2.049858145947426991e+01,1.000000000000000036e-10,4.380046323077421520e-05,-3.264125807081710482e-05
6.937500000000000611e-02,3.093749999999999972e-02,1.992524558821769887e+01,1.000000000000000036e-10,4.767577369497927916e-05,-2.699909673209474994e-05
7.062500000000000722e-02,3.093749999999999972e-02,1.930668711709978780e+01,1.000000000000000036e-10,5.104837451148682142e-05,-2.237731738932325097e-05
7.187500000000000833e-02,3.093749999999999972e-02,1.864903622543052819e+01,1.000000000000000036e-10,5.395475737731614187e-05,-1.861079319281855871e-05
7.312499999999999556e-02,3.093749999999999972e-02,1.795781818266688390e+01,1.000000000000000036e-10,5.644691924599668604e-05,-1.553115712418900646e-05
7.437499999999999667e-02,3.093749999999999972e-02,1.723786324428061079e+01,1.000000000000000036e-10,5.857906585621832214e-05,-1.300075246015808009e-05
7.562499999999999778e-02,3.093749999999999972e-02,1.649334153626142552e+01,1.000000000000000036e-10,6.040114124988717312e-05,-1.091134373663294228e-05
7.687499999999999889e-02,3.093749999999999972e-02,1.572783471303343106e+01,1.000000000000000036e-10,6.195718017246276796e-05,-9.178133239361725666e-06
7.812500000000000000e-02,3.093749999999999972e-02,1.494441203194985590e+01,1.000000000000000036e-10,6.328534846681790242e-05,-7.734349496560922774e-06
7.937500000000000111e-02,3.093749999999999972e-02,1.414570100136298336e+01,1.000000000000000036e-10,6.441847507036399414e-05,-6.527037426452862314e-06
8.062500000000000222e-02,3.093749999999999972e-02,1.333395015519075599e+01,1.000000000000000036e-10,6.538468619600847163e-05,-5.513882420661246457e-06
8.187500000000000333e-02,3.093749999999999972e-02,1.251108384646277116e+01,1.000000000000000036e-10,6.620801907779244675e-05,-4.660821555365116799e-06
8.312500000000000444e-02,3.093749999999999972e-02,1.167874967824594457e+01,1.000000000000000036e-10,6.690897835339625283e-05,-3.940238146029456499e-06
8.437500000000000555e-02,3.093749999999999972e-02,1.083835938762786455e+01,1.000000000000000036e-10,6.750502661974358489e-05,-3.329587247447277724e-06
8.562500000000000666e-02,3.093749999999999972e-02,9.991124012752354844e+00,1.000000000000000036e-10,6.801101065756717822e-05,-2.810340685614533521e-06
8.687500000000000777e-02,3.093749999999999972e-02,9.138084121188684961e+00,1.000000000000000036e-10,6.843952836526446355e-05,-2.367170369204813786e-06
8.812499999999999500e-02,3.093749999999999972e-02,8.280135803620742863e+00,1.000000000000000036e-10,6.880124253344716348e-05,-1.987310398347545493e-06
8.937499999999999611e-02,3.093749999999999972e-02,7.418053057852505461e+00,1.000000000000000036e-10,6.910514765079344367e-05,-1.660054162408641254e-06
9.062499999999999722e-02,3.093749999999999972e-02,6.552507112350906660e+00,1.000000000000000036e-10,6.935879553447807811e-05,-1.376353932776197311e-06
9.187499999999999833e-02,3.093749999999999972e-02,5.684083169490553367e+00,1.000000000000000036e-10,6.956848498673425321e-05,-1.128498656600384863e-06
9.312499999999999944e-02,3.093749999999999972e-02,4.813294987682549930e+00,1.000000000000000036e-10,6.973942002258404628e-05,-9.098516248134557400e-07
9.437500000000000056e-02,3.093749999999999972e-02,3.940597668925951869e+00,1.000000000000000036e-10,6.987584055797037264e-05,-7.146340453999043149e-07
9.562500000000000167e-02,3.093749999999999972e-02,3.066398973733290401e+00,1.000000000000000036e-10,6.998112882408770202e-05,-5.377437419370421765e-07
9.687500000000000278e-02,3.093749999999999972e-02,2.191069448323758717e+00,1.000000000000000036e-10,7.005789419544613302e-05,-3.746005306043541924e-07
9.812500000000000389e-02,3.093749999999999972e-02,1.314951618847136627e+00,1.000000000000000036e-10,7.010803858827299880e-05,-2.210115280820445401e-07
9.937500000000000500e-02,3.093749999999999972e-02,4.383684836169331467e-01,1.000000000000000036e-10,7.013280409856278465e-05,-7.305086502279677685e-08
6.250000000000000130e-04,3.156250000000000028e-02,9.956115571947724163e+01,1.000000000000000036e-10,7.020941538545910719e-05,7.896225418903666816e-08
1.874999999999999931e-03,3.156250000000000028e-02,9.868360889588628027e+01,1.000000000000000036e-10,7.018659836482185176e-05,2.388914043854128566e-07
3.125000000000000173e-03,3.156250000000000028e-02,9.780649076035669509e+01,1.000000000000000036e-10,7.014040487106966990e-05,4.048895975927279164e-07
4.375000000000000416e-03,3.156250000000000028e-02,9.693009877410953834e+01,1.000000000000000036e-10,7.006970256447856826e-05,5.811885139235073011e-07
5.624999999999999792e-03,3.156250000000000028e-02,9.605474819624473071e+01,1.000000000000000036e-10,6.997275906219952986e-05,7.723051576135728460e-07
6.875000000000000035e-03,3.156250000000000028e-02,9.518077979755454976e+01,1.000000000000000036e-10,6.984720048779705624e-05,9.831700674953932676e-07
8.125000000000000278e-03,3.156250000000000028e-02,9.430856818404980402e+01,1.000000000000000036e-10,6.968995486563299055e-05,1.219270542926551334e-06
9.374999999999999653e-03,3.156250000000000028e-02,9.343853092591372445e+01,1.000000000000000036e-10,6.949717921472311490e-05,1.486814598034697766e-06
1.062500000000000076e-02,3.156250000000000028e-02,9.257113870368172570e+01,1.000000000000000036e-10,6.926416892126608716e-05,1.792922585719906745e-06
1.187500000000000014e-02,3.156250000000000028e-02,9.170692670288207182e+01,1.000000000000000036e-10,6.898524771637936878e-05,2.145855136144518178e-06
1.312499999999999951e-02,3.156250000000000028e-02,9.084650751077224129e+01,1.000000000000000036e-10,6.865363637940047825e-05,2.555288383975948626e-06
1.437500000000000062e-02,3.156250000000000028e-02,8.999058579339705943e+01,1.000000000000000036e-10,6.826129816827629956e-05,3.032650630246961823e-06
1.562500000000000000e-02,3.156250000000000028e-02,8.913997505656533349e+01,1.000000000000000036e-10,6.779875901330398053e-05,3.591538899215719824e-06
1.687500000000000111e-02,3.156250000000000028e-02,8.829561681806445961e+01,1.000000000000000036e-10,6.725490080642827361e-05,4.248239730879958980e-06
1.812499999999999875e-02,3.156250000000000028e-02,8.745860253640462645e+01,1.000000000000000036e-10,6.661672684712412846e-05,5.022386587977506643e-06
1.937499999999999986e-02,3.156250000000000028e-02,8.663019864688635607e+01,1.000000000000000036e-10,6.586909994417224404e-05,5.937797280425909777e-06
2.062500000000000097e-02,3.156250000000000028e-02,8.581187503780031989e+01,1.000000000000000036e-10,6.499445627399437107e-05,7.023549964607126269e-06
2.187500000000000208e-02,3.156250000000000028e-02,8.500533724003649638e+01,1.000000000000000036e-10,6.397250263131523456e-05,8.315377081518134518e-06
2.312499999999999972e-02,3.156250000000000028e-02,8.421256247201743861e+01,1.000000000000000036e-10,6.277991256092887149e-05,9.857484836774117501e-06
2.437500000000000083e-02,3.156250000000000028e-02,8.343583942601327408e+01,1.000000000000000036e-10,6.139005061390319861e-05,1.170494257402765394e-05
2.562500000000000194e-02,3.156250000000000028e-02,8.267781120666985828e+01,1.000000000000000036e-10,5.977277810511564816e-05,1.392682757399938556e-05
2.687499999999999958e-02,3.156250000000000028e-02,8.194151997338538251e+01,1.000000000000000036e-10,5.789443133641439921e-05,1.661032869981454420e-05
2.812500000000000069e-02,3.156250000000000028e-02,8.123045042325949794e+01,1.000000000000000036e-10,5.571807506819537745e-05,1.986588068564401011e-05
2.937500000000000180e-02,3.156250000000000028e-02,8.054856809668049777e+01,1.000000000000000036e-10,5.320372764009845539e-05,2.383259504345914545e-05
3.062499999999999944e-02,3.156250000000000028e-02,7.990035723225703634e+01,1.000000000000000036e-10,5.030459757128027140e-05,2.867968452061858795e-05
3.187500000000000056e-02,3.156250000000000028e-02,7.929095315739849070e+01,1.000000000000000036e-10,4.693015214060777628e-05,3.458554822972245116e-05
3.312500000000000167e-02,3.156250000000000028e-02,7.872710342874184164e+01,1.000000000000000036e-10,4.269351480840440820e-05,4.162953611079841837e-05
3.437500000000000278e-02,3.156250000000000028e-02,7.822361528718838031e+01,1.000000000000000036e-10,3.549901280635309859e-05,4.944289585878548895e-05
3.562500000000000389e-02,3.156250000000000028e-02,7.783962810858301395e+01,1.000000000000000036e-10,1.644589608364546604e-05,5.666978355861259519e-05
3.687499999999999806e-02,3.156250000000000028e-02,7.646803682255161050e+01,9.999999999999999799e-13,2.039559238143878362e-06,3.798073660003865498e-07
3.812499999999999917e-02,3.156250000000000028e-02,7.408516107576895138e+01,9.999999999999999799e-13,1.954448918283702754e-06,-5.096299471892961252e-09
3.937500000000000028e-02,3.156250000000000028e-02,7.158191452684235401e+01,9.999999999999999799e-13,2.009779948576215667e-06,-2.699509686644887670e-08
4.062500000000000139e-02,3.156250000000000028e-02,6.906071120432841326e+01,9.999999999999999799e-13,2.018493199963711552e-06,-2.885485138532430873e-08
4.187500000000000250e-02,3.156250000000000028e-02,6.653568152693307525e+01,9.999999999999999799e-13,2.021466430219880041e-06,-2.782137426013377889e-08
4.312500000000000361e-02,3.156250000000000028e-02,6.400704512877871366e+01,9.999999999999999799e-13,2.024986226009355371e-06,-2.631120901048689351e-08
4.437499999999999778e-02,3.156250000000000028e-02,6.147321596190968762e+01,9.999999999999999799e-13,2.029619024106824823e-06,-2.418472572261407711e-08
4.562499999999999889e-02,3.156250000000000028e-02,5.893299756851165228e+01,9.999999999999999799e-13,2.034750997664491414e-06,-2.085370302410183674e-08
4.687500000000000000e-02,3.156250000000000028e-02,5.638633846774845892e+01,9.999999999999999799e-13,2.039507977074475528e-06,-1.616562150196614619e-08
4.812500000000000111e-02,3.156250000000000028e-02,5.383422762582546284e+01,9.999999999999999799e-13,2.043136792626543945e-06,-1.025436060414222223e-08
4.937500000000000222e-02,3.156250000000000028e-02,5.127849648618209955e+01,9.999999999999999799e-13,2.045089644787430028e-06,-3.513383388974489317e-09
5.062500000000000333e-02,3.156250000000000028e-02,4.872150351385688793e+01,9.999999999999999799e-13,2.045089644787492708e-06,3.513383389008595628e-09
5.187500000000000444e-02,3.156250000000000028e-02,4.616577237421336832e+01,9.999999999999999799e-13,2.043136792626677352e-06,1.025436060417064250e-08
5.312499999999999861e-02,3.156250000000000028e-02,4.361366153229019460e+01,9.999999999999999799e-13,2.039507977074634770e-06,1.616562150197182727e-08
5.437499999999999972e-02,3.156250000000000028e-02,4.106700243152678098e+01,9.999999999999999799e-13,2.034750997664707407e-06,2.085370302413593974e-08
5.562500000000000083e-02,3.156250000000000028e-02,3.852678403812842589e+01,9.999999999999999799e-13,2.029619024107122978e-06,2.418472572264249903e-08
5.687500000000000194e-02,3.156250000000000028e-02,3.599295487125897353e+01,9.999999999999999799e-13,2.024986226009716207e-06,2.631120901051531543e-08
5.812500000000000305e-02,3.156250000000000028e-02,3.346431847310413588e+01,9.999999999999999799e-13,2.021466430220294663e-06,2.782137426015651643e-08
5.937500000000000416e-02,3.156250000000000028e-02,3.093928879570823653e+01,9.999999999999999799e-13,2.018493199964218925e-06,2.885485138537831038e-08
6.062499999999999833e-02,3.156250000000000028e-02,2.841808547319358880e+01,9.999999999999999799e-13,2.009779948576781061e-06,2.699509686648866409e-08
6.187499999999999944e-02,3.156250000000000028e-02,2.591483892426628444e+01,9.999999999999999799e-13,1.954448918284322359e-06,5.096299471929908101e-09
6.312500000000000056e-02,3.156250000000000028e-02,2.353196317748278332e+01,9.999999999999999799e-13,2.039559238144586482e-06,-3.798073660005031228e-07
6.437500000000000167e-02,3.156250000000000028e-02,2.216037189145091091e+01,1.000000000000000036e-10,1.644589608364981640e-05,-5.666978355863192110e-05
6.562500000000000278e-02,3.156250000000000028e-02,2.177638471284544508e+01,1.000000000000000036e-10,3.549901280636602770e-05,-4.944289585880255159e-05
6.687500000000000389e-02,3.156250000000000028e-02,2.127289657129175993e+01,1.000000000000000036e-10,4.269351480842387641e-05,-4.162953611081745967e-05
6.812500000000000500e-02,3.156250000000000028e-02,2.070904684263484796e+01,1.000000000000000036e-10,4.693015214063208274e-05,-3.458554822973155168e-05
6.937500000000000611e-02,3.156250000000000028e-02,2.009964276777595771e+01,1.000000000000000036e-10,5.030459757131451864e-05,-2.867968452062313482e-05
7.062500000000000722e-02,3.156250000000000028e-02,1.945143190335198469e+01,1.000000000000000036e-10,5.320372764014065796e-05,-2.383259504346340772e-05
7.187500000000000833e-02,3.156250000000000028e-02,1.876954957677244096e+01,1.000000000000000036e-10,5.571807506824355668e-05,-1.986588068564514514e-05
7.312499999999999556e-02,3.156250000000000028e-02,1.805848002664589558e+01,1.000000000000000036e-10,5.789443133646925306e-05,-1.661032869981425960e-05
7.437499999999999667e-02,3.156250000000000028e-02,1.732218879336070927e+01,1.000000000000000036e-10,5.977277810517661420e-05,-1.392682757399597710e-05
7.562499999999999778e-02,3.156250000000000028e-02,1.656416057401647990e+01,1.000000000000000036e-10,6.139005061397283150e-05,-1.170494257402623093e-05
7.687499999999999889e-02,3.156250000000000028e-02,1.578743752801138811e+01,1.000000000000000036e-10,6.277991256100818088e-05,-9.857484836773549989e-06
7.812500000000000000e-02,3.156250000000000028e-02,1.499466275999127518e+01,1.000000000000000036e-10,6.397250263139595342e-05,-8.315377081520692557e-06
7.937500000000000111e-02,3.156250000000000028e-02,1.418812496222648889e+01,1.000000000000000036e-10,6.499445627407672977e-05,-7.023549964607268570e-06
8.062500000000000222e-02,3.156250000000000028e-02,1.336980135313935669e+01,1.000000000000000036e-10,6.586909994426327637e-05,-5.937797280422926527e-06
8.187500000000000333e-02,3.156250000000000028e-02,1.254139746361990682e+01,1.000000000000000036e-10,6.661672684722281797e-05,-5.022386587974521699e-06
8.312500000000000444e-02,3.156250000000000028e-02,1.170438318195878580e+01,1.000000000000000036e-10,6.725490080653285846e-05,-4.248239730876121920e-06
8.437500000000000555e-02,3.156250000000000028e-02,1.086002494345658498e+01,1.000000000000000036e-10,6.779875901341283443e-05,-3.591538899213304086e-06
8.562500000000000666e-02,3.156250000000000028e-02,1.000941420662346459e+01,1.000000000000000036e-10,6.826129816839339340e-05,-3.032650630249377561e-06
8.687500000000000777e-02,3.156250000000000028e-02,9.153492489246749741e+00,1.000000000000000036e-10,6.865363637952048587e-05,-2.555288383981774519e-06
8.812499999999999500e-02,3.156250000000000028e-02,8.293073297135451938e+00,1.000000000000000036e-10,6.898524771650078587e-05,-2.145855136151481636e-06
8.937499999999999611e-02,3.156250000000000028e-02,7.428861296334229536e+00,1.000000000000000036e-10,6.926416892139405012e-05,-1.792922585724596343e-06
9.062499999999999722e-02,3.156250000000000028e-02,6.561469074100600096e+00,1.000000000000000036e-10,6.949717921485876215e-05,-1.486814598035124035e-06
9.187499999999999833e-02,3.156250000000000028e-02,5.691431815962760155e+00,1.000000000000000036e-10,6.968995486577567156e-05,-1.219270542927119905e-06
9.312499999999999944e-02,3.156250000000000028e-02,4.819220202456207858e+00,1.000000000000000036e-10,6.984720048794204118e-05,-9.831700674940435206e-07
9.437500000000000056e-02,3.156250000000000028e-02,3.945251803764208809e+00,1.000000000000000036e-10,6.997275906234806555e-05,-7.723051576150295309e-07
9.562500000000000167e-02,3.156250000000000028e-02,3.069901225897505803e+00,1.000000000000000036e-10,7.006970256463146787e-05,-5.811885139220506162e-07
9.687500000000000278e-02,3.156250000000000028e-02,2.193509239648421705e+00,1.000000000000000036e-10,7.014040487122633711e-05,-4.048895975958898904e-07
9.812500000000000389e-02,3.156250000000000028e-02,1.316391104116847011e+00,1.000000000000000036e-10,7.018659836498551208e-05,-2.388914043833700249e-07
9.937500000000000500e-02,3.156250000000000028e-02,4.388442805237834921e-01,1.000000000000000036e-10,7.020941538562520696e-05,-7.896225418614565207e-08
6.250000000000000130e-04,3.218750000000000083e-02,9.956064448820676205e+01,1.000000000000000036e-10,7.029173092768188690e-05,8.437248289283160597e-08
1.874999999999999931e-03,3.218750000000000083e-02,9.868206223860119053e+01,1.000000000000000036e-10,7.027100225981369297e-05,2.552540199326357711e-07
3.125000000000000173e-03,3.218750000000000083e-02,9.780386943171141922e+01,1.000000000000000036e-10,7.022904275005883144e-05,4.326034838072699693e-07
4.375000000000000416e-03,3.218750000000000083e-02,9.692633616984971923e+01,1.000000000000000036e-10,7.016483660394440638e-05,6.209288540685518727e-07
5.624999999999999792e-03,3.218750000000000083e-02,9.604974851661280866e+01,1.000000000000000036e-10,7.007683133460771905e-05,8.250392032823581704e-07
6.875000000000000035e-03,3.218750000000000083e-02,9.517441538648452592e+01,1.000000000000000036e-10,6.996290271509507646e-05,1.050179618783885888e-06
8.125000000000000278e-03,3.218750000000000083e-02,9.430067594873543158e+01,1.000000000000000036e-10,6.982030725186176264e-05,1.302181534332475821e-06
9.374999999999999653e-03,3.218750000000000083e-02,9.342890770518798149e+01,1.000000000000000036e-10,6.964562155574013295e-05,1.587634280147085257e-06
1.062500000000000076e-02,3.218750000000000083e-02,9.255953540984192784e+01,1.000000000000000036e-10,6.943466791972297447e-05,1.914084868353710981e-06
1.187500000000000014e-02,3.218750000000000083e-02,9.169304100719490691e+01,1.000000000000000036e-10,6.918242543245411991e-05,2.290274699602149931e-06
1.312499999999999951e-02,3.218750000000000083e-02,9.082997477403057474e+01,1.000000000000000036e-10,6.888292611219354767e-05,2.726424149140029045e-06
1.437500000000000062e-02,3.218750000000000083e-02,8.997096785439006794e+01,1.000000000000000036e-10,6.852913591506761947e-05,3.234579069206801937e-06
1.562500000000000000e-02,3.218750000000000083e-02,8.911674637615388406e+01,1.000000000000000036e-10,6.811282116994958526e-05,3.829037410304180611e-06
1.687500000000000111e-02,3.218750000000000083e-02,8.826814732514132800e+01,1.000000000000000036e-10,6.762440219767313059e-05,4.526879809367300316e-06
1.812499999999999875e-02,3.218750000000000083e-02,8.742613632121205569e+01,1.000000000000000036e-10,6.705279785246658357e-05,5.348635661746355881e-06
1.937499999999999986e-02,3.218750000000000083e-02,8.659182737882966308e+01,1.000000000000000036e-10,6.638526788423291234e-05,6.319126642250692173e-06
2.062500000000000097e-02,3.218750000000000083e-02,8.576650462410623277e+01,1.000000000000000036e-10,6.560726497082838393e-05,7.468543894576667578e-06
2.187500000000000208e-02,3.218750000000000083e-02,8.495164575455895317e+01,1.000000000000000036e-10,6.470231590282023789e-05,8.833834506888249192e-06
2.312499999999999972e-02,3.218750000000000083e-02,8.414894672653572627e+01,1.000000000000000036e-10,6.365196291863865535e-05,1.046049893868371166e-05
2.437500000000000083e-02,3.218750000000000083e-02,8.336034668159298633e+01,1.000000000000000036e-10,6.243581261842961268e-05,1.240493459574053872e-05
2.562500000000000194e-02,3.218750000000000083e-02,8.258805141107498571e+01,1.000000000000000036e-10,6.103175891905094692e-05,1.473749865637386947e-05
2.687499999999999958e-02,3.218750000000000083e-02,8.183455270861671238e+01,1.000000000000000036e-10,5.941644580176556748e-05,1.754648756043706925e-05
2.812500000000000069e-02,3.218750000000000083e-02,8.110264026603084631e+01,1.000000000000000036e-10,5.756589054909112385e-05,2.094317758547503808e-05
2.937500000000000180e-02,3.218750000000000083e-02,8.039540544488943397e+01,1.000000000000000036e-10,5.545527642893261080e-05,2.506777891776436974e-05
3.062499999999999944e-02,3.218750000000000083e-02,7.971625835530753079e+01,1.000000000000000036e-10,5.305225028807796211e-05,3.009557875116001215e-05
3.187500000000000056e-02,3.218750000000000083e-02,7.906909918768748469e+01,1.000000000000000036e-10,5.027538902584295459e-05,3.624530734564131737e-05
3.312500000000000167e-02,3.218750000000000083e-02,7.845937362966145656e+01,1.000000000000000036e-10,4.677758479940108665e-05,4.383699777420473499e-05
3.437500000000000278e-02,3.218750000000000083e-02,7.789965956770245725e+01,1.000000000000000036e-10,4.074140150838899741e-05,5.385077684191286738e-05
3.562500000000000389e-02,3.218750000000000083e-02,7.744083859195173147e+01,1.000000000000000036e-10,1.934438334557331241e-05,7.248697001824552029e-05
3.687499999999999806e-02,3.218750000000000083e-02,7.618901389357706933e+01,9.999999999999999799e-13,1.825792827692380273e-06,5.250845880574278354e-07
3.812499999999999917e-02,3.218750000000000083e-02,7.410339261320683590e+01,9.999999999999999799e-13,1.835193133797906936e-06,-1.125185146514695574e-07
3.937500000000000028e-02,3.218750000000000083e-02,7.160103105908230248e+01,9.999999999999999799e-13,2.009667532960969853e-06,-3.447559641458610673e-08
4.062500000000000139e-02,3.218750000000000083e-02,6.907922378080441206e+01,9.999999999999999799e-13,2.019004133256709558e-06,-3.039927767878225872e-08
4.187500000000000250e-02,3.218750000000000083e-02,6.655352072594052970e+01,9.999999999999999799e-13,2.022034020121924496e-06,-2.927850652731649509e-08
4.312500000000000361e-02,3.218750000000000083e-02,6.402413873049960102e+01,9.999999999999999799e-13,2.025756262855236563e-06,-2.847509600466082795e-08
4.437499999999999778e-02,3.218750000000000083e-02,6.148913006880243870e+01,9.999999999999999799e-13,2.030921003670900455e-06,-2.691960818497136873e-08
4.562499999999999889e-02,3.218750000000000083e-02,5.894683622132235001e+01,9.999999999999999799e-13,2.036802647988111043e-06,-2.362562949912785578e-08
4.687500000000000000e-02,3.218750000000000083e-02,5.639712344883216133e+01,9.999999999999999799e-13,2.042298833161700514e-06,-1.852027731867451599e-08
4.812500000000000111e-02,3.218750000000000083e-02,5.384108913841809851e+01,9.999999999999999799e-13,2.046509347578700043e-06,-1.181936977191071515e-08
4.937500000000000222e-02,3.218750000000000083e-02,5.128085007988541122e+01,9.999999999999999799e-13,2.048775687305829059e-06,-4.057970165143842582e-09
5.062500000000000333e-02,3.218750000000000083e-02,4.871914992015352652e+01,9.999999999999999799e-13,2.048775687305874375e-06,4.057970165195002049e-09
5.187500000000000444e-02,3.218750000000000083e-02,4.615891086162072554e+01,9.999999999999999799e-13,2.046509347578813969e-06,1.181936977193913542e-08
5.312499999999999861e-02,3.218750000000000083e-02,4.360287655120649219e+01,9.999999999999999799e-13,2.042298833161868227e-06,1.852027731868020037e-08
5.437499999999999972e-02,3.218750000000000083e-02,4.105316377871605482e+01,9.999999999999999799e-13,2.036802647988335507e-06,2.362562949916196209e-08
5.562500000000000083e-02,3.218750000000000083e-02,3.851086993123565350e+01,9.999999999999999799e-13,2.030921003671187600e-06,2.691960818500547504e-08
5.687500000000000194e-02,3.218750000000000083e-02,3.597586126953808616e+01,9.999999999999999799e-13,2.025756262855591470e-06,2.847509600468356218e-08
5.812500000000000305e-02,3.218750000000000083e-02,3.344647927409667432e+01,9.999999999999999799e-13,2.022034020122347589e-06,2.927850652733923263e-08
5.937500000000000416e-02,3.218750000000000083e-02,3.092077621923221642e+01,9.999999999999999799e-13,2.019004133257224978e-06,3.039927767881067403e-08
6.062499999999999833e-02,3.218750000000000083e-02,2.839896894095361191e+01,9.999999999999999799e-13,2.009667532961549224e-06,3.447559641464011170e-08
6.187499999999999944e-02,3.218750000000000083e-02,2.589660738682834307e+01,9.999999999999999799e-13,1.835193133798483765e-06,1.125185146515661985e-07
6.312500000000000056e-02,3.218750000000000083e-02,2.381098610645740266e+01,9.999999999999999799e-13,1.825792827692992254e-06,-5.250845880574960216e-07
6.437500000000000167e-02,3.218750000000000083e-02,2.255916140808232484e+01,1.000000000000000036e-10,1.934438334557819471e-05,-7.248697001827024010e-05
6.562500000000000278e-02,3.218750000000000083e-02,2.210034043233148537e+01,1.000000000000000036e-10,4.074140150840206882e-05,-5.385077684193361630e-05
6.687500000000000389e-02,3.218750000000000083e-02,2.154062637037227290e+01,1.000000000000000036e-10,4.677758479942283168e-05,-4.383699777422434549e-05
6.812500000000000500e-02,3.218750000000000083e-02,2.093090081234591437e+01,1.000000000000000036e-10,5.027538902587138102e-05,-3.624530734565098032e-05
6.937500000000000611e-02,3.218750000000000083e-02,2.028374164472548813e+01,1.000000000000000036e-10,5.305225028811334776e-05,-3.009557875116257019e-05
7.062500000000000722e-02,3.218750000000000083e-02,1.960459455514308047e+01,1.000000000000000036e-10,5.545527642897580948e-05,-2.506777891776663979e-05
7.187500000000000833e-02,3.218750000000000083e-02,1.889735973400109259e+01,1.000000000000000036e-10,5.756589054914071932e-05,-2.094317758547446887e-05
7.312499999999999556e-02,3.218750000000000083e-02,1.816544729141456216e+01,1.000000000000000036e-10,5.941644580182126837e-05,-1.754648756043706925e-05
7.437499999999999667e-02,3.218750000000000083e-02,1.741194858895556052e+01,1.000000000000000036e-10,6.103175891911233309e-05,-1.473749865637216524e-05
7.562499999999999778e-02,3.218750000000000083e-02,1.663965331843675344e+01,1.000000000000000036e-10,6.243581261849837820e-05,-1.240493459573997290e-05
7.687499999999999889e-02,3.218750000000000083e-02,1.585105327349310045e+01,1.000000000000000036e-10,6.365196291871553884e-05,-1.046049893868541590e-05
7.812500000000000000e-02,3.218750000000000083e-02,1.504835424546886458e+01,1.000000000000000036e-10,6.470231590290103805e-05,-8.833834506895354104e-06
7.937500000000000111e-02,3.218750000000000083e-02,1.423349537592057423e+01,1.000000000000000036e-10,6.560726497091287038e-05,-7.468543894578514957e-06
8.062500000000000222e-02,3.218750000000000083e-02,1.340817262119604258e+01,1.000000000000000036e-10,6.638526788432485269e-05,-6.319126642250976776e-06
8.187500000000000333e-02,3.218750000000000083e-02,1.257386367881245270e+01,1.000000000000000036e-10,6.705279785256584228e-05,-5.348635661746781938e-06
8.312500000000000444e-02,3.218750000000000083e-02,1.173185267488189609e+01,1.000000000000000036e-10,6.762440219777686163e-05,-4.526879809363747860e-06
8.437500000000000555e-02,3.218750000000000083e-02,1.088325362386803086e+01,1.000000000000000036e-10,6.811282117005694838e-05,-3.829037410305317329e-06
8.562500000000000666e-02,3.218750000000000083e-02,1.002903214563047207e+01,1.000000000000000036e-10,6.852913591518293792e-05,-3.234579069209643733e-06
8.687500000000000777e-02,3.218750000000000083e-02,9.170025225988457152e+00,1.000000000000000036e-10,6.888292611231341977e-05,-2.726424149148982184e-06
8.812499999999999500e-02,3.218750000000000083e-02,8.306958992822636390e+00,1.000000000000000036e-10,6.918242543257576739e-05,-2.290274699604566093e-06
8.937499999999999611e-02,3.218750000000000083e-02,7.440464590174062920e+00,1.000000000000000036e-10,6.943466791985161506e-05,-1.914084868356127142e-06
9.062499999999999722e-02,3.218750000000000083e-02,6.571092294826345714e+00,1.000000000000000036e-10,6.964562155587679664e-05,-1.587634280149074726e-06
9.187499999999999833e-02,3.218750000000000083e-02,5.699324051277142367e+00,1.000000000000000036e-10,6.982030725200479601e-05,-1.302181534335318040e-06
9.312499999999999944e-02,3.218750000000000083e-02,4.825584613526225475e+00,1.000000000000000036e-10,6.996290271524008850e-05,-1.050179618786372989e-06
9.437500000000000056e-02,3.218750000000000083e-02,3.950251483396139740e+00,1.000000000000000036e-10,7.007683133475636316e-05,-8.250392032837083409e-07
9.562500000000000167e-02,3.218750000000000083e-02,3.073663830157316035e+00,1.000000000000000036e-10,7.016483660409727889e-05,-6.209288540653189597e-07
9.687500000000000278e-02,3.218750000000000083e-02,2.196130568293707341e+00,1.000000000000000036e-10,7.022904275021547155e-05,-4.326034838091174540e-07
9.812500000000000389e-02,3.218750000000000083e-02,1.317937761401928753e+00,1.000000000000000036e-10,7.027100225997788183e-05,-2.552540199308594371e-07
9.937500000000000500e-02,3.218750000000000083e-02,4.393555117942599675e-01,1.000000000000000036e-10,7.029173092784753944e-05,-8.437248289326679561e-08
6.250000000000000130e-04,3.281250000000000139e-02,9.956010106344108124e+01,1.000000000000000036e-10,7.037922863687185739e-05,8.924856878707032216e-08
1.874999999999999931e-03,3.281250000000000139e-02,9.868041822063712232e+01,1.000000000000000036e-10,7.036071386527906115e-05,2.699996537671722136e-07
3.125000000000000173e-03,3.281250000000000139e-02,9.780108321680910421e+01,1.000000000000000036e-10,7.032324228813761620e-05,4.575733934245817367e-07
4.375000000000000416e-03,3.281250000000000139e-02,9.692233716343368144e+01,1.000000000000000036e-10,7.026592042421611162e-05,6.567229494703494785e-07
5.624999999999999792e-03,3.281250000000000139e-02,9.604443520620370123e+01,1.000000000000000036e-10,7.018738444455720009e-05,8.725157323794972398e-07
6.875000000000000035e-03,3.281250000000000139e-02,9.516765255231975118e+01,1.000000000000000036e-10,7.008577165332210914e-05,1.110473795062034277e-06
8.125000000000000278e-03,3.281250000000000139e-02,9.429229091487064807e+01,1.000000000000000036e-10,6.995868219631459913e-05,1.376729818173316542e-06
9.374999999999999653e-03,3.281250000000000139e-02,9.341868549741188588e+01,1.000000000000000036e-10,6.980313088173373693e-05,1.678204501661184179e-06
1.062500000000000076e-02,3.281250000000000139e-02,9.254721264282730431e+01,1.000000000000000036e-10,6.961548913099361929e-05,2.022812340226209265e-06
1.187500000000000014e-02,3.281250000000000139e-02,9.167829826913704494e+01,1.000000000000000036e-10,6.939141735677251447e-05,2.419704358482021702e-06
1.312499999999999951e-02,3.281250000000000139e-02,9.081242720890799092e+01,1.000000000000000036e-10,6.912578856420280022e-05,2.879558546680981989e-06
1.437500000000000062e-02,3.281250000000000139e-02,8.995015355503197441e+01,1.000000000000000036e-10,6.881260479885836518e-05,3.414931652906715899e-06
1.562500000000000000e-02,3.281250000000000139e-02,8.909211208893653122e+01,1.000000000000000036e-10,6.844490938338423946e-05,4.040689906905754072e-06
1.687500000000000111e-02,3.281250000000000139e-02,8.823903082044736834e+01,1.000000000000000036e-10,6.801469993214935192e-05,4.774541524519689494e-06
1.812499999999999875e-02,3.281250000000000139e-02,8.739174459063279699e+01,1.000000000000000036e-10,6.751285026356581296e-05,5.637700953486726943e-06
1.937499999999999986e-02,3.281250000000000139e-02,8.655120956385822240e+01,1.000000000000000036e-10,6.692905406058740963e-05,6.655724436120634210e-06
2.062500000000000097e-02,3.281250000000000139e-02,8.571851823911811152e+01,1.000000000000000036e-10,6.625181020631314534e-05,7.859569484547816807e-06
2.187500000000000208e-02,3.281250000000000139e-02,8.489491430870039324e+01,1.000000000000000036e-10,6.546848015336875618e-05,9.286948477395069252e-06
2.312499999999999972e-02,3.281250000000000139e-02,8.408180623528389219e+01,1.000000000000000036e-10,6.456546260535502642e-05,1.098407023427625707e-05
2.437500000000000083e-02,3.281250000000000139e-02,8.328077774356651730e+01,1.000000000000000036e-10,6.352855047274828175e-05,1.300789451655759630e-05
2.562500000000000194e-02,3.281250000000000139e-02,8.249359247346518487e+01,1.000000000000000036e-10,6.234355458746392020e-05,1.542906352788804263e-05
2.687499999999999958e-02,3.281250000000000139e-02,8.172218887887991912e+01,1.000000000000000036e-10,6.099727080096498436e-05,1.833572114081561785e-05
2.812500000000000069e-02,3.281250000000000139e-02,8.096866070344105992e+01,1.000000000000000036e-10,5.947872074685902092e-05,2.183849665849037930e-05
2.937500000000000180e-02,3.281250000000000139e-02,8.023522086020844313e+01,1.000000000000000036e-10,5.777992822294093734e-05,2.607716316679215831e-05
3.062499999999999944e-02,3.281250000000000139e-02,7.952416249786753610e+01,1.000000000000000036e-10,5.589336178521874183e-05,3.123099079142547716e-05
3.187500000000000056e-02,3.281250000000000139e-02,7.883788681557797418e+01,1.000000000000000036e-10,5.380086165213013262e-05,3.754457600303908035e-05
3.312500000000000167e-02,3.281250000000000139e-02,7.817914095656428231e+01,1.000000000000000036e-10,5.149624955654018320e-05,4.543893727782687190e-05
3.437500000000000278e-02,3.281250000000000139e-02,7.755048057666446937e+01,1.000000000000000036e-10,4.982399892837349124e-05,5.610305429788580974e-05
3.562500000000000389e-02,3.281250000000000139e-02,7.693354098335494484e+01,1.000000000000000036e-10,6.208079000666031114e-05,7.480480610453808452e-05
3.687499999999999806e-02,3.281250000000000139e-02,7.599846082649796131e+01,1.000000000000000036e-10,3.880728675539987132e-05,1.860329538633205749e-05
3.812499999999999917e-02,3.281250000000000139e-02,7.422580921908328833e+01,9.999999999999999799e-13,2.444400559809613851e-06,-1.398636818655632175e-08
3.937500000000000028e-02,3.281250000000000139e-02,7.162500902236058664e+01,9.999999999999999799e-13,2.050839567062558866e-06,-2.346444608747333476e-08
4.062500000000000139e-02,3.281250000000000139e-02,6.909871030142689108e+01,9.999999999999999799e-13,2.021091744907346485e-06,-3.120481707611589445e-08
4.187500000000000250e-02,3.281250000000000139e-02,6.657227966009222087e+01,9.999999999999999799e-13,2.022428521056940433e-06,-3.065629863729100195e-08
4.312500000000000361e-02,3.281250000000000139e-02,6.404263899878453969e+01,9.999999999999999799e-13,2.026165675180527575e-06,-3.082700232309889396e-08
4.437499999999999778e-02,3.281250000000000139e-02,6.150686547214090183e+01,9.999999999999999799e-13,2.032043757359591320e-06,-3.008911336387427514e-08
4.562499999999999889e-02,3.281250000000000139e-02,5.896252960538556209e+01,9.999999999999999799e-13,2.038950663097639764e-06,-2.685039934782480579e-08
4.687500000000000000e-02,3.281250000000000139e-02,5.640948881439680207e+01,9.999999999999999799e-13,2.045411106938084104e-06,-2.127382197696761108e-08
4.812500000000000111e-02,3.281250000000000139e-02,5.384900183804035123e+01,9.999999999999999799e-13,2.050367946203309371e-06,-1.364950195471692534e-08
4.937500000000000222e-02,3.281250000000000139e-02,5.128356894888852935e+01,9.999999999999999799e-13,2.053028314755982920e-06,-4.691192122254505723e-09
5.062500000000000333e-02,3.281250000000000139e-02,4.871643105115039418e+01,9.999999999999999799e-13,2.053028314756034166e-06,4.691192122288612034e-09
5.187500000000000444e-02,3.281250000000000139e-02,4.615099816199844440e+01,9.999999999999999799e-13,2.050367946203419908e-06,1.364950195473966123e-08
5.312499999999999861e-02,3.281250000000000139e-02,4.359051118564184435e+01,9.999999999999999799e-13,2.045411106938246734e-06,2.127382197697329546e-08
5.437499999999999972e-02,3.281250000000000139e-02,4.103747039465282853e+01,9.999999999999999799e-13,2.038950663097870157e-06,2.685039934783617456e-08
5.562500000000000083e-02,3.281250000000000139e-02,3.849313452789716905e+01,9.999999999999999799e-13,2.032043757359883970e-06,3.008911336387996614e-08
5.687500000000000194e-02,3.281250000000000139e-02,3.595736100125311907e+01,9.999999999999999799e-13,2.026165675180882905e-06,3.082700232312731589e-08
5.812500000000000305e-02,3.281250000000000139e-02,3.342772033994496184e+01,9.999999999999999799e-13,2.022428521057358444e-06,3.065629863731942387e-08
5.937500000000000416e-02,3.281250000000000139e-02,3.090128969860972319e+01,9.999999999999999799e-13,2.021091744907869528e-06,3.120481707614999414e-08
6.062499999999999833e-02,3.281250000000000139e-02,2.837499097767528866e+01,9.999999999999999799e-13,2.050839567063158565e-06,2.346444608752165203e-08
6.187499999999999944e-02,3.281250000000000139e-02,2.577419078095182670e+01,9.999999999999999799e-13,2.444400559810424462e-06,1.398636818660179683e-08
6.312500000000000056e-02,3.281250000000000139e-02,2.400153917353651423e+01,1.000000000000000036e-10,3.880728675541003571e-05,-1.860329538633973161e-05
6.437500000000000167e-02,3.281250000000000139e-02,2.306645901667928911e+01,1.000000000000000036e-10,6.208079000667593721e-05,-7.480480610456280433e-05
6.562500000000000278e-02,3.281250000000000139e-02,2.244951942336961537e+01,1.000000000000000036e-10,4.982399892838897500e-05,-5.610305429790712786e-05
6.687500000000000389e-02,3.281250000000000139e-02,2.182085904346956440e+01,1.000000000000000036e-10,5.149624955656518762e-05,-4.543893727784676701e-05
6.812500000000000500e-02,3.281250000000000139e-02,2.116211318445548528e+01,1.000000000000000036e-10,5.380086165216296361e-05,-3.754457600304902113e-05
6.937500000000000611e-02,3.281250000000000139e-02,2.047583750216548992e+01,1.000000000000000036e-10,5.589336178525668890e-05,-3.123099079142888562e-05
7.062500000000000722e-02,3.281250000000000139e-02,1.976477913982406776e+01,1.000000000000000036e-10,5.777992822298471201e-05,-2.607716316679272074e-05
7.187500000000000833e-02,3.281250000000000139e-02,1.903133929659087187e+01,1.000000000000000036e-10,5.947872074690833857e-05,-2.183849665849038268e-05
7.312499999999999556e-02,3.281250000000000139e-02,1.827781112115135898e+01,1.000000000000000036e-10,6.099727080102041420e-05,-1.833572114081675287e-05
7.437499999999999667e-02,3.281250000000000139e-02,1.750640752656536137e+01,1.000000000000000036e-10,6.234355458752516407e-05,-1.542906352789088527e-05
7.562499999999999778e-02,3.281250000000000139e-02,1.671922225646322957e+01,1.000000000000000036e-10,6.352855047281620701e-05,-1.300789451655873471e-05
7.687499999999999889e-02,3.281250000000000139e-02,1.591819376474495584e+01,1.000000000000000036e-10,6.456546260543048689e-05,-1.098407023428080563e-05
7.812500000000000000e-02,3.281250000000000139e-02,1.510508569132746715e+01,1.000000000000000036e-10,6.546848015344940727e-05,-9.286948477401606652e-06
7.937500000000000111e-02,3.281250000000000139e-02,1.428148176090872035e+01,1.000000000000000036e-10,6.625181020639891929e-05,-7.859569484552505981e-06
8.062500000000000222e-02,3.281250000000000139e-02,1.344879043616749392e+01,1.000000000000000036e-10,6.692905406067913314e-05,-6.655724436123192249e-06
8.187500000000000333e-02,3.281250000000000139e-02,1.260825540939174161e+01,1.000000000000000036e-10,6.751285026366644047e-05,-5.637700953489000380e-06
8.312500000000000444e-02,3.281250000000000139e-02,1.176096917957583265e+01,1.000000000000000036e-10,6.801469993225359796e-05,-4.774541524519974097e-06
8.437500000000000555e-02,3.281250000000000139e-02,1.090788791108540146e+01,1.000000000000000036e-10,6.844490938348989496e-05,-4.040689906906748489e-06
8.562500000000000666e-02,3.281250000000000139e-02,1.004984644498858515e+01,1.000000000000000036e-10,6.881260479897155589e-05,-3.414931652911263195e-06
8.687500000000000777e-02,3.281250000000000139e-02,9.187572791111112025e+00,1.000000000000000036e-10,6.912578856432303825e-05,-2.879558546687519389e-06
8.812499999999999500e-02,3.281250000000000139e-02,8.321701730880509018e+00,1.000000000000000036e-10,6.939141735689722482e-05,-2.419704358483869081e-06
8.937499999999999611e-02,3.281250000000000139e-02,7.452787357188681128e+00,1.000000000000000036e-10,6.961548913112181264e-05,-2.022812340226565019e-06
9.062499999999999722e-02,3.281250000000000139e-02,6.581314502602463534e+00,1.000000000000000036e-10,6.980313088186916733e-05,-1.678204501664950299e-06
9.187499999999999833e-02,3.281250000000000139e-02,5.707709085141951633e+00,1.000000000000000036e-10,6.995868219645702264e-05,-1.376729818177508719e-06
9.312499999999999944e-02,3.281250000000000139e-02,4.832347447691037523e+00,1.000000000000000036e-10,7.008577165346785301e-05,-1.110473795067221507e-06
9.437500000000000056e-02,3.281250000000000139e-02,3.955564793805255164e+00,1.000000000000000036e-10,7.018738444470860893e-05,-8.725157323814157695e-07
9.562500000000000167e-02,3.281250000000000139e-02,3.077662836573322291e+00,1.000000000000000036e-10,7.026592042436876728e-05,-6.567229494680758303e-07
9.687500000000000278e-02,3.281250000000000139e-02,2.198916783196035674e+00,1.000000000000000036e-10,7.032324228829357868e-05,-4.575733934277791802e-07
9.812500000000000389e-02,3.281250000000000139e-02,1.319581779365982754e+00,1.000000000000000036e-10,7.036071386544345331e-05,-2.699996537682913559e-07
9.937500000000000500e-02,3.281250000000000139e-02,4.398989365599493273e-01,1.000000000000000036e-10,7.037922863703727954e-05,-8.924856878759876484e-08
6.250000000000000130e-04,3.343750000000000194e-02,9.955952888109692367e+01,1.000000000000000036e-10,7.047135503895901728e-05,9.356116783123977653e-08
1.874999999999999931e-03,3.343750000000000194e-02,9.867868724292910088e+01,1.000000000000000036e-10,7.045516467213245888e-05,2.830396239312448910e-07
3.125000000000000173e-03,3.343750000000000194e-02,9.779814976429361195e+01,1.000000000000000036e-10,7.042240439791041975e-05,4.796493489482145277e-07
4.375000000000000416e-03,3.343750000000000194e-02,9.691812713298133986e+01,1.000000000000000036e-10,7.037230777342187043e-05,6.883562381483441785e-07
5.624999999999999792e-03,3.343750000000000194e-02,9.603884206995806494e+01,1.000000000000000036e-10,7.030370675740355848e-05,9.144509415341415291e-07
6.875000000000000035e-03,3.343750000000000194e-02,9.516053446404625049e+01,1.000000000000000036e-10,7.021500975799198569e-05,1.163693481237259793e-06
8.125000000000000278e-03,3.343750000000000194e-02,9.428346682600826512e+01,1.000000000000000036e-10,7.010417260516134288e-05,1.442473436919726528e-06
9.374999999999999653e-03,3.343750000000000194e-02,9.340793014891721668e+01,1.000000000000000036e-10,6.996866281676657879e-05,1.757991434408267758e-06
1.062500000000000076e-02,3.343750000000000194e-02,9.253425025558910022e+01,1.000000000000000036e-10,6.980541784813338604e-05,2.118468767172316165e-06
1.187500000000000014e-02,3.343750000000000194e-02,9.166279470271388163e+01,1.000000000000000036e-10,6.961079853568150034e-05,2.533393474873263868e-06
1.312499999999999951e-02,3.343750000000000194e-02,9.079398029219706245e+01,1.000000000000000036e-10,6.938053975940588884e-05,3.013813214718083323e-06
1.437500000000000062e-02,3.343750000000000194e-02,8.992828120872873399e+01,1.000000000000000036e-10,6.910970159518000212e-05,3.572687949666714373e-06
1.562500000000000000e-02,3.343750000000000194e-02,8.906623775231756213e+01,1.000000000000000036e-10,6.879262610575608223e-05,4.225319062603602373e-06
1.687500000000000111e-02,3.343750000000000194e-02,8.820846555608483186e+01,1.000000000000000036e-10,6.842290772096361025e-05,4.989876286831530575e-06
1.812499999999999875e-02,3.343750000000000194e-02,8.735566505929347159e+01,1.000000000000000036e-10,6.799338930826704492e-05,5.888050231814076580e-06
1.937499999999999986e-02,3.343750000000000194e-02,8.650863082337815513e+01,1.000000000000000036e-10,6.749620214976344626e-05,6.945866838543678311e-06
2.062500000000000097e-02,3.343750000000000194e-02,8.566826000554938503e+01,1.000000000000000036e-10,6.692287699146560738e-05,8.194711588417930053e-06
2.187500000000000208e-02,3.343750000000000194e-02,8.483555889859151478e+01,1.000000000000000036e-10,6.626456627768446733e-05,9.672626756896533139e-06
2.312499999999999972e-02,3.343750000000000194e-02,8.401164584860727302e+01,1.000000000000000036e-10,6.551243593821992226e-05,1.142596589852246022e-05
2.437500000000000083e-02,3.343750000000000194e-02,8.319774800013601634e+01,1.000000000000000036e-10,6.465830926523550800e-05,1.351151825511351171e-05
2.562500000000000194e-02,3.343750000000000194e-02,8.239518811697638512e+01,1.000000000000000036e-10,6.369567223117996108e-05,1.599925624900833763e-05
2.687499999999999958e-02,3.343750000000000194e-02,8.160535619435651711e+01,1.000000000000000036e-10,6.262116236706674090e-05,1.897592524500623233e-05
2.812500000000000069e-02,3.343750000000000194e-02,8.082965905779971649e+01,1.000000000000000036e-10,6.143661156207939238e-05,2.254984298384669862e-05
2.937500000000000180e-02,3.343750000000000194e-02,8.006944090530453195e+01,1.000000000000000036e-10,6.015152349540015973e-05,2.685775713673251166e-05
3.062499999999999944e-02,3.343750000000000194e-02,7.932587097041471225e+01,1.000000000000000036e-10,5.878595670620141635e-05,3.207646343494502405e-05
3.187500000000000056e-02,3.343750000000000194e-02,7.859979198764949615e+01,1.000000000000000036e-10,5.737936226904365535e-05,3.844865064464101094e-05
3.312500000000000167e-02,3.343750000000000194e-02,7.789138691368862055e+01,1.000000000000000036e-10,5.605682394682445812e-05,4.634843784513235389e-05
3.437500000000000278e-02,3.343750000000000194e-02,7.719837138897888451e+01,1.000000000000000036e-10,5.542433592174460710e-05,5.634592305721183918e-05
3.562500000000000389e-02,3.343750000000000194e-02,7.650577851564500520e+01,1.000000000000000036e-10,5.714713706996404896e-05,6.757214123195807716e-05
3.687499999999999806e-02,3.343750000000000194e-02,7.576969296222978301e+01,1.000000000000000036e-10,3.074941610792749936e-05,5.067157236555202486e-05
3.812499999999999917e-02,3.343750000000000194e-02,7.412087557344003130e+01,9.999999999999999799e-13,2.302199554017970259e-06,3.227880273388222683e-07
3.937500000000000028e-02,3.343750000000000194e-02,7.163036161669164414e+01,9.999999999999999799e-13,2.001058308516189663e-06,-1.288772248844907147e-08
4.062500000000000139e-02,3.343750000000000194e-02,6.911822980214955692e+01,9.999999999999999799e-13,2.015408206981800677e-06,-3.408257883031638081e-08
4.187500000000000250e-02,3.343750000000000194e-02,6.659184109923714345e+01,9.999999999999999799e-13,2.022222927498432874e-06,-3.185428521611584091e-08
4.312500000000000361e-02,3.343750000000000194e-02,6.406267248340347464e+01,9.999999999999999799e-13,2.026039855491944883e-06,-3.340605680281214250e-08
4.437499999999999778e-02,3.343750000000000194e-02,6.152674146050728154e+01,9.999999999999999799e-13,2.032909305158537281e-06,-3.388382480697487752e-08
4.562499999999999889e-02,3.343750000000000194e-02,5.898039922050713102e+01,9.999999999999999799e-13,2.041210293681564217e-06,-3.065963503521516056e-08
4.687500000000000000e-02,3.343750000000000194e-02,5.642371572630337084e+01,9.999999999999999799e-13,2.048899281858254674e-06,-2.453930229809771056e-08
4.812500000000000111e-02,3.343750000000000194e-02,5.385815101586149467e+01,9.999999999999999799e-13,2.054800662506056733e-06,-1.581313159010164873e-08
4.937500000000000222e-02,3.343750000000000194e-02,5.128671407003822935e+01,9.999999999999999799e-13,2.057946034344331745e-06,-5.430432682379660255e-09
5.062500000000000333e-02,3.343750000000000194e-02,4.871328593000066576e+01,9.999999999999999799e-13,2.057946034344371556e-06,5.430432682419450951e-09
5.187500000000000444e-02,3.343750000000000194e-02,4.614184898417730096e+01,9.999999999999999799e-13,2.054800662506156260e-06,1.581313159010164873e-08
5.312499999999999861e-02,3.343750000000000194e-02,4.357628427373527558e+01,9.999999999999999799e-13,2.048899281858416457e-06,2.453930229811476372e-08
5.437499999999999972e-02,3.343750000000000194e-02,4.101960077953125960e+01,9.999999999999999799e-13,2.041210293681788680e-06,3.065963503522652933e-08
5.562500000000000083e-02,3.343750000000000194e-02,3.847325853953080355e+01,9.999999999999999799e-13,2.032909305158833319e-06,3.388382480697487752e-08
5.687500000000000194e-02,3.343750000000000194e-02,3.593732751663417702e+01,9.999999999999999799e-13,2.026039855492311648e-06,3.340605680281214912e-08
5.812500000000000305e-02,3.343750000000000194e-02,3.340815890080002504e+01,9.999999999999999799e-13,2.022222927498859355e-06,3.185428521613857845e-08
5.937500000000000416e-02,3.343750000000000194e-02,3.088177019788702893e+01,9.999999999999999799e-13,2.015408206982326261e-06,3.408257883035617151e-08
6.062499999999999833e-02,3.343750000000000194e-02,2.836963838334420984e+01,9.999999999999999799e-13,2.001058308516775386e-06,1.288772248846044024e-08
6.187499999999999944e-02,3.343750000000000194e-02,2.587912442659509082e+01,9.999999999999999799e-13,2.302199554018699554e-06,-3.227880273389160772e-07
6.312500000000000056e-02,3.343750000000000194e-02,2.423030703780478845e+01,1.000000000000000036e-10,3.074941610793617975e-05,-5.067157236557277378e-05
6.437500000000000167e-02,3.343750000000000194e-02,2.349422148438936020e+01,1.000000000000000036e-10,5.714713706997855017e-05,-6.757214123198336617e-05
6.562500000000000278e-02,3.343750000000000194e-02,2.280162861105532457e+01,1.000000000000000036e-10,5.542433592176009764e-05,-5.634592305723173429e-05
6.687500000000000389e-02,3.343750000000000194e-02,2.210861308634535760e+01,1.000000000000000036e-10,5.605682394685188843e-05,-4.634843784515111059e-05
6.812500000000000500e-02,3.343750000000000194e-02,2.140020801238402726e+01,1.000000000000000036e-10,5.737936226908032172e-05,-3.844865064465465834e-05
6.937500000000000611e-02,3.343750000000000194e-02,2.067412902961834931e+01,1.000000000000000036e-10,5.878595670624149795e-05,-3.207646343495155637e-05
7.062500000000000722e-02,3.343750000000000194e-02,1.993055909472798959e+01,1.000000000000000036e-10,6.015152349544506603e-05,-2.685775713673563552e-05
7.187500000000000833e-02,3.343750000000000194e-02,1.917034094223222240e+01,1.000000000000000036e-10,6.143661156212871003e-05,-2.254984298384925666e-05
7.312499999999999556e-02,3.343750000000000194e-02,1.839464380567477164e+01,1.000000000000000036e-10,6.262116236712101877e-05,-1.897592524500680492e-05
7.437499999999999667e-02,3.343750000000000194e-02,1.760481188305419664e+01,1.000000000000000036e-10,6.369567223124135403e-05,-1.599925624901118028e-05
7.562499999999999778e-02,3.343750000000000194e-02,1.680225199989373763e+01,1.000000000000000036e-10,6.465830926530343327e-05,-1.351151825511521764e-05
7.687499999999999889e-02,3.343750000000000194e-02,1.598835415142161054e+01,1.000000000000000036e-10,6.551243593829410880e-05,-1.142596589852643958e-05
7.812500000000000000e-02,3.343750000000000194e-02,1.516444110143638468e+01,1.000000000000000036e-10,6.626456627776518618e-05,-9.672626756900510806e-06
7.937500000000000111e-02,3.343750000000000194e-02,1.433173999447748059e+01,1.000000000000000036e-10,6.692287699155207250e-05,-8.194711588421480815e-06
8.062500000000000222e-02,3.343750000000000194e-02,1.349136917664758251e+01,1.000000000000000036e-10,6.749620214985659278e-05,-6.945866838546093202e-06
8.187500000000000333e-02,3.343750000000000194e-02,1.264433494073106523e+01,1.000000000000000036e-10,6.799338930836745559e-05,-5.888050231814644092e-06
8.312500000000000444e-02,3.343750000000000194e-02,1.179153444393839578e+01,1.000000000000000036e-10,6.842290772106799182e-05,-4.989876286837641918e-06
8.437500000000000555e-02,3.343750000000000194e-02,1.093376224770436522e+01,1.000000000000000036e-10,6.879262610586130405e-05,-4.225319062603460072e-06
8.562500000000000666e-02,3.343750000000000194e-02,1.007171879129186287e+01,1.000000000000000036e-10,6.910970159529255586e-05,-3.572687949670693310e-06
8.687500000000000777e-02,3.343750000000000194e-02,9.206019707822051146e+00,1.000000000000000036e-10,6.938053975952710264e-05,-3.013813214720925542e-06
8.812499999999999500e-02,3.343750000000000194e-02,8.337205297303684759e+00,1.000000000000000036e-10,6.961079853580622425e-05,-2.533393474876674870e-06
8.937499999999999611e-02,3.343750000000000194e-02,7.465749744426894985e+00,1.000000000000000036e-10,6.980541784826107795e-05,-2.118468767172955675e-06
9.062499999999999722e-02,3.343750000000000194e-02,6.592069851097157596e+00,1.000000000000000036e-10,6.996866281690133156e-05,-1.757991434412104817e-06
9.187499999999999833e-02,3.343750000000000194e-02,5.716533174004361229e+00,1.000000000000000036e-10,7.010417260530365797e-05,-1.442473436925481905e-06
9.312499999999999944e-02,3.343750000000000194e-02,4.839465535964565746e+00,1.000000000000000036e-10,7.021500975813813614e-05,-1.163693481241736362e-06
9.437500000000000056e-02,3.343750000000000194e-02,3.961157930050907439e+00,1.000000000000000036e-10,7.030370675755592954e-05,-9.144509415359178630e-07
9.562500000000000167e-02,3.343750000000000194e-02,3.081872867025666984e+00,1.000000000000000036e-10,7.037230777357410597e-05,-6.883562381525008868e-07
9.687500000000000278e-02,3.343750000000000194e-02,2.201850235711554582e+00,1.000000000000000036e-10,7.042240439806537935e-05,-4.796493489511276858e-07
9.812500000000000389e-02,3.343750000000000194e-02,1.321312757074032396e+00,1.000000000000000036e-10,7.045516467229796234e-05,-2.830396239360055338e-07
9.937500000000000500e-02,3.343750000000000194e-02,4.404711189041049524e-01,1.000000000000000036e-10,7.047135503912548297e-05,-9.356116783055587684e-08
6.250000000000000130e-04,3.406250000000000250e-02,9.955893154884319074e+01,1.000000000000000036e-10,7.056752903275310138e-05,9.728473675750136207e-08
1.874999999999999931e-03,3.406250000000000250e-02,9.867688022533798176e+01,1.000000000000000036e-10,7.055375795583755248e-05,2.942967768740344910e-07
3.125000000000000173e-03,3.406250000000000250e-02,9.779508759994725153e+01,1.000000000000000036e-10,7.052590059524617135e-05,4.987010134254887443e-07
4.375000000000000416e-03,3.406250000000000250e-02,9.691373271045682714e+01,1.000000000000000036e-10,7.048332122050907718e-05,7.156425732864588508e-07
5.624999999999999792e-03,3.406250000000000250e-02,9.603300456943452446e+01,1.000000000000000036e-10,7.042505306610166087e-05,9.505991916103082876e-07
6.875000000000000035e-03,3.406250000000000250e-02,9.515310638380428543e+01,1.000000000000000036e-10,7.034978290101489163e-05,1.209528813417364090e-06
8.125000000000000278e-03,3.406250000000000250e-02,9.427425999690915148e+01,1.000000000000000036e-10,7.025583117290008935e-05,1.499032545218596722e-06
9.374999999999999653e-03,3.406250000000000250e-02,9.339671060448178252e+01,1.000000000000000036e-10,7.014112854686002391e-05,1.826538533337043007e-06
1.062500000000000076e-02,3.406250000000000250e-02,9.252073178323765035e+01,1.000000000000000036e-10,7.000319015122613195e-05,2.200513350379651051e-06
1.187500000000000014e-02,3.406250000000000250e-02,9.164663085070112913e+01,1.000000000000000036e-10,6.983908958054540800e-05,2.630708833231664601e-06
1.312499999999999951e-02,3.406250000000000250e-02,9.077475454372401487e+01,1.000000000000000036e-10,6.964543580159953458e-05,3.128454133973263034e-06
1.437500000000000062e-02,3.406250000000000250e-02,8.990549495566114047e+01,1.000000000000000036e-10,6.941835772280113381e-05,3.707005151931070036e-06
1.562500000000000000e-02,3.406250000000000250e-02,8.903929560065398618e+01,1.000000000000000036e-10,6.915350355196663761e-05,4.381966690471016189e-06
1.687500000000000111e-02,3.406250000000000250e-02,8.817665736686197420e+01,1.000000000000000036e-10,6.884606551675458987e-05,5.171806868963811799e-06
1.812499999999999875e-02,3.406250000000000250e-02,8.731814396273512102e+01,1.000000000000000036e-10,6.849084553942188852e-05,6.098488844701250013e-06
1.937499999999999986e-02,3.406250000000000250e-02,8.646438622837642640e+01,1.000000000000000036e-10,6.808238473888933722e-05,7.188252205180559063e-06
2.062500000000000097e-02,3.406250000000000250e-02,8.561608434426288738e+01,1.000000000000000036e-10,6.761519016548957911e-05,8.472586087640363711e-06
2.187500000000000208e-02,3.406250000000000250e-02,8.477400647423918656e+01,1.000000000000000036e-10,6.708410730842102973e-05,9.989449043110878884e-06
2.312499999999999972e-02,3.406250000000000250e-02,8.393898166155236140e+01,1.000000000000000036e-10,6.648490835446351486e-05,1.178480825903079453e-05
2.437500000000000083e-02,3.406250000000000250e-02,8.311188376537759837e+01,1.000000000000000036e-10,6.581519564799122215e-05,1.391459558434121008e-05
2.562500000000000194e-02,3.406250000000000250e-02,8.229360177035258062e+01,1.000000000000000036e-10,6.507575808241027797e-05,1.644721621960570343e-05
2.687499999999999958e-02,3.406250000000000250e-02,8.148498981331734115e+01,1.000000000000000036e-10,6.427256416838416655e-05,1.946681716348279799e-05
2.812500000000000069e-02,3.406250000000000250e-02,8.068678766614297615e+01,1.000000000000000036e-10,6.341963669272216906e-05,2.307769020569366416e-05
2.937500000000000180e-02,3.406250000000000250e-02,7.989949889599928667e+01,1.000000000000000036e-10,6.254323844849009328e-05,2.741065307033977393e-05
3.062499999999999944e-02,3.406250000000000250e-02,7.912320670493072328e+01,1.000000000000000036e-10,6.168880853917300163e-05,3.263356585059454089e-05
3.187500000000000056e-02,3.406250000000000250e-02,7.835727868251996142e+01,1.000000000000000036e-10,6.093684885722381109e-05,3.897082528854865617e-05
3.312500000000000167e-02,3.406250000000000250e-02,7.759978548350012773e+01,1.000000000000000036e-10,6.044488576282560071e-05,4.673351390954621283e-05
3.437500000000000278e-02,3.406250000000000250e-02,7.684615653844932126e+01,1.000000000000000036e-10,6.043585062178634610e-05,5.628160857587088907e-05
3.562500000000000389e-02,3.406250000000000250e-02,7.608888921795546878e+01,1.000000000000000036e-10,5.924361466083040060e-05,6.737117311966697416e-05
3.687499999999999806e-02,3.406250000000000250e-02,7.536506617192856083e+01,1.000000000000000036e-10,3.017489569218031274e-05,7.860576044318120007e-05
3.812499999999999917e-02,3.406250000000000250e-02,7.382232418490976045e+01,9.999999999999999799e-13,2.094456054879445571e-06,6.524280453127843611e-07
3.937500000000000028e-02,3.406250000000000250e-02,7.164111867547114798e+01,9.999999999999999799e-13,1.872404263977989710e-06,-8.093122226073318867e-08
4.062500000000000139e-02,3.406250000000000250e-02,6.914131352496478655e+01,9.999999999999999799e-13,2.011608463543512913e-06,-4.281612807358214800e-08
4.187500000000000250e-02,3.406250000000000250e-02,6.661209751661236567e+01,9.999999999999999799e-13,2.022766782070692867e-06,-3.210725549473636319e-08
4.312500000000000361e-02,3.406250000000000250e-02,6.408439656978805488e+01,9.999999999999999799e-13,2.025150905385098235e-06,-3.625361217815453097e-08
4.437499999999999778e-02,3.406250000000000250e-02,6.154922025314962042e+01,9.999999999999999799e-13,2.033416968243389431e-06,-3.860402569405892021e-08
4.562499999999999889e-02,3.406250000000000250e-02,5.900085414917958104e+01,9.999999999999999799e-13,2.043622924352078506e-06,-3.519290646397053494e-08
4.687500000000000000e-02,3.406250000000000250e-02,5.644016294226942421e+01,9.999999999999999799e-13,2.052834358660641202e-06,-2.845624211194604273e-08
4.812500000000000111e-02,3.406250000000000250e-02,5.386876825252797829e+01,9.999999999999999799e-13,2.059922381011168282e-06,-1.839089327535816691e-08
4.937500000000000222e-02,3.406250000000000250e-02,5.129035698974150392e+01,9.999999999999999799e-13,2.063650096892242971e-06,-6.289214856752779025e-09
5.062500000000000333e-02,3.406250000000000250e-02,4.870964301029736987e+01,9.999999999999999799e-13,2.063650096892274311e-06,6.289214856786885336e-09
5.187500000000000444e-02,3.406250000000000250e-02,4.613123174751081734e+01,9.999999999999999799e-13,2.059922381011267384e-06,1.839089327536385129e-08
5.312499999999999861e-02,3.406250000000000250e-02,4.355983705776920090e+01,9.999999999999999799e-13,2.052834358660808915e-06,2.845624211195741150e-08
5.437499999999999972e-02,3.406250000000000250e-02,4.099914585085879537e+01,9.999999999999999799e-13,2.043622924352300005e-06,3.519290646395916617e-08
5.562500000000000083e-02,3.406250000000000250e-02,3.845077974688845046e+01,9.999999999999999799e-13,2.033416968243676575e-06,3.860402569407028898e-08
5.687500000000000194e-02,3.406250000000000250e-02,3.591560343024960389e+01,9.999999999999999799e-13,2.025150905385465000e-06,3.625361217813747120e-08
5.812500000000000305e-02,3.406250000000000250e-02,3.338790248342478861e+01,9.999999999999999799e-13,2.022766782071130359e-06,3.210725549474205419e-08
5.937500000000000416e-02,3.406250000000000250e-02,3.085868647507177798e+01,9.999999999999999799e-13,2.011608463544030026e-06,4.281612807359920116e-08
6.062499999999999833e-02,3.406250000000000250e-02,2.835888132456471311e+01,9.999999999999999799e-13,1.872404263978522494e-06,8.093122226075024844e-08
6.187499999999999944e-02,3.406250000000000250e-02,2.617767581512547181e+01,9.999999999999999799e-13,2.094456054880091010e-06,-6.524280453129624498e-07
6.312500000000000056e-02,3.406250000000000250e-02,2.463493382810617405e+01,1.000000000000000036e-10,3.017489569218809528e-05,-7.860576044321219470e-05
6.437500000000000167e-02,3.406250000000000250e-02,2.391111078207908136e+01,1.000000000000000036e-10,5.924361466084646712e-05,-6.737117311969483815e-05
6.562500000000000278e-02,3.406250000000000250e-02,2.315384346158501216e+01,1.000000000000000036e-10,6.043585062180510957e-05,-5.628160857588937471e-05
6.687500000000000389e-02,3.406250000000000250e-02,2.240021451653395346e+01,1.000000000000000036e-10,6.044488576285373576e-05,-4.673351390955984667e-05
6.812500000000000500e-02,3.406250000000000250e-02,2.164272131751366857e+01,1.000000000000000036e-10,6.093684885726274750e-05,-3.897082528856230356e-05
6.937500000000000611e-02,3.406250000000000250e-02,2.087679329510238446e+01,1.000000000000000036e-10,6.168880853921619354e-05,-3.263356585060193379e-05
7.062500000000000722e-02,3.406250000000000250e-02,2.010050110403326329e+01,1.000000000000000036e-10,6.254323844853586017e-05,-2.741065307034574382e-05
7.187500000000000833e-02,3.406250000000000250e-02,1.931321233388898762e+01,1.000000000000000036e-10,6.341963669277276064e-05,-2.307769020569764521e-05
7.312499999999999556e-02,3.406250000000000250e-02,1.851501018671394405e+01,1.000000000000000036e-10,6.427256416843944730e-05,-1.946681716348535603e-05
7.437499999999999667e-02,3.406250000000000250e-02,1.770639822967800114e+01,1.000000000000000036e-10,6.507575808247095263e-05,-1.644721621960598803e-05
7.562499999999999778e-02,3.406250000000000250e-02,1.688811623465216982e+01,1.000000000000000036e-10,6.581519564805856466e-05,-1.391459558434490654e-05
7.687499999999999889e-02,3.406250000000000250e-02,1.606101833847653637e+01,1.000000000000000036e-10,6.648490835453783692e-05,-1.178480825903107913e-05
7.812500000000000000e-02,3.406250000000000250e-02,1.522599352578872356e+01,1.000000000000000036e-10,6.708410730850187056e-05,-9.989449043111446396e-06
7.937500000000000111e-02,3.406250000000000250e-02,1.438391565576398889e+01,1.000000000000000036e-10,6.761519016557611199e-05,-8.472586087640079108e-06
8.062500000000000222e-02,3.406250000000000250e-02,1.353561377164932011e+01,1.000000000000000036e-10,6.808238473898255150e-05,-7.188252205182264987e-06
8.187500000000000333e-02,3.406250000000000250e-02,1.268185603728942468e+01,1.000000000000000036e-10,6.849084553952065934e-05,-6.098488844702244430e-06
8.312500000000000444e-02,3.406250000000000250e-02,1.182334263316130318e+01,1.000000000000000036e-10,6.884606551685917473e-05,-5.171806868968644122e-06
8.437500000000000555e-02,3.406250000000000250e-02,1.096070439936794472e+01,1.000000000000000036e-10,6.915350355207335021e-05,-4.381966690475280152e-06
8.562500000000000666e-02,3.406250000000000250e-02,1.009450504435946883e+01,1.000000000000000036e-10,6.941835772291283374e-05,-3.707005151934338313e-06
8.687500000000000777e-02,3.406250000000000250e-02,9.225245456295123603e+00,1.000000000000000036e-10,6.964543580172004365e-05,-3.128454133977953055e-06
8.812499999999999500e-02,3.406250000000000250e-02,8.353369149316467457e+00,1.000000000000000036e-10,6.983908958067120256e-05,-2.630708833234222641e-06
8.937499999999999611e-02,3.406250000000000250e-02,7.479268216778343081e+00,1.000000000000000036e-10,7.000319015135409492e-05,-2.200513350383416959e-06
9.062499999999999722e-02,3.406250000000000250e-02,6.603289395532614847e+00,1.000000000000000036e-10,7.014112854699290644e-05,-1.826538533340524313e-06
9.187499999999999833e-02,3.406250000000000250e-02,5.725740003103520159e+00,1.000000000000000036e-10,7.025583117304221470e-05,-1.499032545222647022e-06
9.312499999999999944e-02,3.406250000000000250e-02,4.846893616206559230e+00,1.000000000000000036e-10,7.034978290116262773e-05,-1.209528813421769297e-06
9.437500000000000056e-02,3.406250000000000250e-02,3.966995430574454140e+00,1.000000000000000036e-10,7.042505306625321878e-05,-9.505991916097398226e-07
9.562500000000000167e-02,3.406250000000000250e-02,3.086267289550228554e+00,1.000000000000000036e-10,7.048332122066116364e-05,-7.156425732914682036e-07
9.687500000000000278e-02,3.406250000000000250e-02,2.204912400057924771e+00,1.000000000000000036e-10,7.052590059540182212e-05,-4.987010134279756330e-07
9.812500000000000389e-02,3.406250000000000250e-02,1.323119774665182824e+00,1.000000000000000036e-10,7.055375795600373357e-05,-2.942967768762904574e-07
9.937500000000000500e-02,3.406250000000000250e-02,4.410684511578312761e-01,1.000000000000000036e-10,7.056752903292055640e-05,-9.728473676243074972e-08
6.250000000000000130e-04,3.468750000000000305e-02,9.955831282188745490e+01,1.000000000000000036e-10,7.066714579577477843e-05,1.003976640436121471e-07
1.874999999999999931e-03,3.468750000000000305e-02,9.867500853321817544e+01,1.000000000000000036e-10,7.065587281046644579e-05,3.037058807092306870e-07
3.125000000000000173e-03,3.468750000000000305e-02,9.779191600162579334e+01,1.000000000000000036e-10,7.063307729611663680e-05,5.146183470787944699e-07
4.375000000000000416e-03,3.468750000000000305e-02,9.690918160081525912e+01,1.000000000000000036e-10,7.059825686251428121e-05,7.384251438145382610e-07
5.624999999999999792e-03,3.468750000000000305e-02,9.602695958006293608e+01,1.000000000000000036e-10,7.055064987746901195e-05,9.807541908116943585e-07
6.875000000000000035e-03,3.468750000000000305e-02,9.514541535387853344e+01,1.000000000000000036e-10,7.048922643479612043e-05,1.247720618101766109e-06
8.125000000000000278e-03,3.468750000000000305e-02,9.426472891919303265e+01,1.000000000000000036e-10,7.041267746512118160e-05,1.546091089436458372e-06
9.374999999999999653e-03,3.468750000000000305e-02,9.338509841725050364e+01,1.000000000000000036e-10,7.031940321934711453e-05,1.883468425033924908e-06
1.062500000000000076e-02,3.468750000000000305e-02,9.250674383870935458e+01,1.000000000000000036e-10,7.020750299808070107e-05,2.268502767136623817e-06
1.187500000000000014e-02,3.468750000000000305e-02,9.162991084229848582e+01,1.000000000000000036e-10,7.007476892747829659e-05,2.711136737117385146e-06
1.312499999999999951e-02,3.468750000000000305e-02,9.075487461552239665e+01,1.000000000000000036e-10,6.991868791875560066e-05,3.222893623928938852e-06
1.437500000000000062e-02,3.468750000000000305e-02,8.988194364432959560e+01,1.000000000000000036e-10,6.973645787342888040e-05,3.817219724049890700e-06
1.562500000000000000e-02,3.468750000000000305e-02,8.901146316868667441e+01,1.000000000000000036e-10,6.952502696427244485e-05,4.509894658352777055e-06
1.687500000000000111e-02,3.468750000000000305e-02,8.814381797022278420e+01,1.000000000000000036e-10,6.928116879807872123e-05,5.319527001786353693e-06
1.812499999999999875e-02,3.468750000000000305e-02,8.727943394873470595e+01,1.000000000000000036e-10,6.900161197637543083e-05,6.268157111401249178e-06
1.937499999999999986e-02,3.468750000000000305e-02,8.641877767081339812e+01,1.000000000000000036e-10,6.868325077123300904e-05,7.381994941322317185e-06
2.062500000000000097e-02,3.468750000000000305e-02,8.556235267945388046e+01,1.000000000000000036e-10,6.832347541043076559e-05,8.692328318605857469e-06
2.187500000000000208e-02,3.468750000000000305e-02,8.471069078555262877e+01,1.000000000000000036e-10,6.792067736337967427e-05,1.023664726420861224e-05
2.312499999999999972e-02,3.468750000000000305e-02,8.386433574536938806e+01,1.000000000000000036e-10,6.747500920883508363e-05,1.206004359218695488e-05
2.437500000000000083e-02,3.468750000000000305e-02,8.302381555533175117e+01,1.000000000000000036e-10,6.698951324552296414e-05,1.421696458608493842e-05
2.562500000000000194e-02,3.468750000000000305e-02,8.218959791423131378e+01,1.000000000000000036e-10,6.647178302075074487e-05,1.677343111304480284e-05
2.687499999999999958e-02,3.468750000000000305e-02,8.136202097981298209e+01,1.000000000000000036e-10,6.593639936011070940e-05,1.980989105737648742e-05
2.812500000000000069e-02,3.468750000000000305e-02,8.054118793022854561e+01,1.000000000000000036e-10,6.540852951550789221e-05,2.342501497193210763e-05
2.937500000000000180e-02,3.468750000000000305e-02,7.972680774192528474e+01,1.000000000000000036e-10,6.492946131785059301e-05,2.774106152504713941e-05
3.062499999999999944e-02,3.468750000000000305e-02,7.891795139728228037e+01,1.000000000000000036e-10,6.456604281530585747e-05,3.291208160181554113e-05
3.187500000000000056e-02,3.468750000000000305e-02,7.811265667154263781e+01,1.000000000000000036e-10,6.442933629851948455e-05,3.913664263669829047e-05
3.312500000000000167e-02,3.468750000000000305e-02,7.730721798981929282e+01,1.000000000000000036e-10,6.471221559048556779e-05,4.667223846262685870e-05
3.437500000000000278e-02,3.468750000000000305e-02,7.649485128178049820e+01,1.000000000000000036e-10,6.574316552680498776e-05,5.583192662515896966e-05
3.562500000000000389e-02,3.468750000000000305e-02,7.566363885164916780e+01,1.000000000000000036e-10,6.830921300361920447e-05,6.713394931245260399e-05
3.687499999999999806e-02,3.468750000000000305e-02,7.478712095669001769e+01,1.000000000000000036e-10,8.409565676541261683e-05,8.548412185382970338e-05
3.812499999999999917e-02,3.468750000000000305e-02,7.356124743251385212e+01,1.000000000000000036e-10,5.048422555159813683e-05,2.462000206022267398e-05
3.937500000000000028e-02,3.468750000000000305e-02,7.173152564451756064e+01,9.999999999999999799e-13,2.473194857461928329e-06,6.803600534628913752e-08
4.062500000000000139e-02,3.468750000000000305e-02,6.917174996224153460e+01,9.999999999999999799e-13,2.039820190364798573e-06,-4.469812191475739689e-08
4.187500000000000250e-02,3.468750000000000305e-02,6.663197516860556391e+01,9.999999999999999799e-13,2.025504185446146401e-06,-2.864641845778806008e-08
4.312500000000000361e-02,3.468750000000000305e-02,6.410798949862616780e+01,9.999999999999999799e-13,2.022791470392283519e-06,-3.955015334533982510e-08
4.437499999999999778e-02,3.468750000000000305e-02,6.157499649262485519e+01,9.999999999999999799e-13,2.033439658015629828e-06,-4.476460976769658755e-08
4.562499999999999889e-02,3.468750000000000305e-02,5.902439035358709418e+01,9.999999999999999799e-13,2.046284185472620579e-06,-4.055756417317866366e-08
4.687500000000000000e-02,3.468750000000000305e-02,5.645928602894330339e+01,9.999999999999999799e-13,2.057300288452560775e-06,-3.320535304695795339e-08
4.812500000000000111e-02,3.468750000000000305e-02,5.388113963245569238e+01,9.999999999999999799e-13,2.065884176133653516e-06,-2.147773735613327654e-08
4.937500000000000222e-02,3.468750000000000305e-02,5.129457558860917032e+01,9.999999999999999799e-13,2.070286088410404233e-06,-7.267184854862308280e-09
5.062500000000000333e-02,3.468750000000000305e-02,4.870542441142968215e+01,9.999999999999999799e-13,2.070286088410429644e-06,7.267184854879361436e-09
5.187500000000000444e-02,3.468750000000000305e-02,4.611886036758309615e+01,9.999999999999999799e-13,2.065884176133741607e-06,2.147773735612759215e-08
5.312499999999999861e-02,3.468750000000000305e-02,4.354071397109532882e+01,9.999999999999999799e-13,2.057300288452714088e-06,3.320535304693521585e-08
5.437499999999999972e-02,3.468750000000000305e-02,4.097560964645131065e+01,9.999999999999999799e-13,2.046284185472845043e-06,4.055756417317297928e-08
5.562500000000000083e-02,3.468750000000000305e-02,3.842500350741321569e+01,9.999999999999999799e-13,2.033439658015922055e-06,4.476460976766816562e-08
5.687500000000000194e-02,3.468750000000000305e-02,3.589201050141150517e+01,9.999999999999999799e-13,2.022791470392647319e-06,3.955015334530571879e-08
5.812500000000000305e-02,3.468750000000000305e-02,3.336802483143159748e+01,9.999999999999999799e-13,2.025504185446590246e-06,2.864641845775395377e-08
5.937500000000000416e-02,3.468750000000000305e-02,3.082825003779502993e+01,9.999999999999999799e-13,2.039820190365330510e-06,4.469812191476307465e-08
6.062499999999999833e-02,3.468750000000000305e-02,2.826847435551827203e+01,9.999999999999999799e-13,2.473194857462651695e-06,-6.803600534631755283e-08
6.187499999999999944e-02,3.468750000000000305e-02,2.643875256752143699e+01,1.000000000000000036e-10,5.048422555161177744e-05,-2.462000206023185920e-05
6.312500000000000056e-02,3.468750000000000305e-02,2.521287904334494101e+01,1.000000000000000036e-10,8.409565676543564257e-05,-8.548412185386039986e-05
6.437500000000000167e-02,3.468750000000000305e-02,2.433636114838554576e+01,1.000000000000000036e-10,6.830921300363996694e-05,-6.713394931247846221e-05
6.562500000000000278e-02,3.468750000000000305e-02,2.350514871825394181e+01,1.000000000000000036e-10,6.574316552682759338e-05,-5.583192662517887155e-05
6.687500000000000389e-02,3.468750000000000305e-02,2.269278201021485586e+01,1.000000000000000036e-10,6.471221559051541046e-05,-4.667223846263851388e-05
6.812500000000000500e-02,3.468750000000000305e-02,2.188734332849105613e+01,1.000000000000000036e-10,6.442933629855927477e-05,-3.913664263670937643e-05
6.937500000000000611e-02,3.468750000000000305e-02,2.108204860275087356e+01,1.000000000000000036e-10,6.456604281534976766e-05,-3.291208160182576651e-05
7.062500000000000722e-02,3.468750000000000305e-02,2.027319225810731140e+01,1.000000000000000036e-10,6.492946131789721371e-05,-2.774106152505396311e-05
7.187500000000000833e-02,3.468750000000000305e-02,1.945881206980344302e+01,1.000000000000000036e-10,6.540852951555890392e-05,-2.342501497193864672e-05
7.312499999999999556e-02,3.468750000000000305e-02,1.863797902021833863e+01,1.000000000000000036e-10,6.593639936016684397e-05,-1.980989105738216932e-05
7.437499999999999667e-02,3.468750000000000305e-02,1.781040208579927153e+01,1.000000000000000036e-10,6.647178302081158216e-05,-1.677343111304622586e-05
7.562499999999999778e-02,3.468750000000000305e-02,1.697618444469804899e+01,1.000000000000000036e-10,6.698951324559088941e-05,-1.421696458608806566e-05
7.687499999999999889e-02,3.468750000000000305e-02,1.613566425465949905e+01,1.000000000000000036e-10,6.747500920891084226e-05,-1.206004359218780869e-05
7.812500000000000000e-02,3.468750000000000305e-02,1.528930921447527780e+01,1.000000000000000036e-10,6.792067736346069128e-05,-1.023664726421003187e-05
7.937500000000000111e-02,3.468750000000000305e-02,1.443764732057298161e+01,1.000000000000000036e-10,6.832347541051666151e-05,-8.692328318604863053e-06
8.062500000000000222e-02,3.468750000000000305e-02,1.358122232921236083e+01,1.000000000000000036e-10,6.868325077132551859e-05,-7.381994941323880808e-06
8.187500000000000333e-02,3.468750000000000305e-02,1.272056605128984330e+01,1.000000000000000036e-10,6.900161197647426941e-05,-6.268157111403239705e-06
8.312500000000000444e-02,3.468750000000000305e-02,1.185618202980050384e+01,1.000000000000000036e-10,6.928116879818146294e-05,-5.319527001789195488e-06
8.437500000000000555e-02,3.468750000000000305e-02,1.098853683133530623e+01,1.000000000000000036e-10,6.952502696437845272e-05,-4.509894658359455910e-06
8.562500000000000666e-02,3.468750000000000305e-02,1.011805635569104211e+01,1.000000000000000036e-10,6.973645787354120374e-05,-3.817219724051881227e-06
8.687500000000000777e-02,3.468750000000000305e-02,9.245125384496775567e+00,1.000000000000000036e-10,6.991868791887716683e-05,-3.222893623932065251e-06
8.812499999999999500e-02,3.468750000000000305e-02,8.370089157719112549e+00,1.000000000000000036e-10,7.007476892760349484e-05,-2.711136737118237685e-06
8.937499999999999611e-02,3.468750000000000305e-02,7.493256161306687702e+00,1.000000000000000036e-10,7.020750299820791864e-05,-2.268502767142024075e-06
9.062499999999999722e-02,3.468750000000000305e-02,6.614901582763914156e+00,1.000000000000000036e-10,7.031940321948171823e-05,-1.883468425037619242e-06
9.187499999999999833e-02,3.468750000000000305e-02,5.735271080819644318e+00,1.000000000000000036e-10,7.041267746526303590e-05,-1.546091089440721912e-06
9.312499999999999944e-02,3.468750000000000305e-02,4.854584646132337866e+00,1.000000000000000036e-10,7.048922643494458836e-05,-1.247720618104679267e-06
9.437500000000000056e-02,3.468750000000000305e-02,3.973040419946029189e+00,1.000000000000000036e-10,7.055064987762108485e-05,-9.807541908102734607e-07
9.562500000000000167e-02,3.468750000000000305e-02,3.090818399191810339e+00,1.000000000000000036e-10,7.059825686266498531e-05,-7.384251438168830599e-07
9.687500000000000278e-02,3.468750000000000305e-02,2.208083998379404278e+00,1.000000000000000036e-10,7.063307729627296520e-05,-5.146183470768760461e-07
9.812500000000000389e-02,3.468750000000000305e-02,1.324991466784986027e+00,1.000000000000000036e-10,7.065587281063074308e-05,-3.037058807071345981e-07
9.937500000000000500e-02,3.468750000000000305e-02,4.416871781136353370e-01,1.000000000000000036e-10,7.066714579594484910e-05,-1.003976640470893629e-07
6.250000000000000130e-04,3.531250000000000361e-02,9.955767657804264559e+01,1.000000000000000036e-10,7.076958080512950854e-05,1.028823691922297826e-07
1.874999999999999931e-03,3.531250000000000361e-02,9.867308390182911637e+01,1.000000000000000036e-10,7.076086829735513898e-05,3.112139221127562632e-07
3.125000000000000173e-03,3.531250000000000361e-02,9.778865487060876660e+01,1.000000000000000036e-10,7.074326022679881928e-05,5.273120981360078309e-07
4.375000000000000416e-03,3.531250000000000361e-02,9.690450239615914541e+01,1.000000000000000036e-10,7.071638914237551431e-05,7.565771517761275058e-07
5.624999999999999792e-03,3.531250000000000361e-02,9.602074514204937827e+01,1.000000000000000036e-10,7.067970080324527437e-05,1.004749844936440938e-06
6.875000000000000035e-03,3.531250000000000361e-02,9.513750987607801335e+01,1.000000000000000036e-10,7.063245135032728168e-05,1.278061411777570932e-06
8.125000000000000278e-03,3.531250000000000361e-02,9.425493385829119575e+01,1.000000000000000036e-10,7.057370507636617839e-05,1.583397917590900473e-06
9.374999999999999653e-03,3.531250000000000361e-02,9.337316724916885846e+01,1.000000000000000036e-10,7.050233438571010388e-05,1.928484065103930039e-06
1.062500000000000076e-02,3.531250000000000361e-02,9.249237549864844254e+01,1.000000000000000036e-10,7.041702430726784153e-05,2.322092276929196950e-06
1.187500000000000014e-02,3.531250000000000361e-02,9.161274164148716181e+01,1.000000000000000036e-10,7.031628500894155959e-05,2.774283911786596336e-06
1.312499999999999951e-02,3.531250000000000361e-02,9.073446837342490312e+01,1.000000000000000036e-10,7.019847729506579668e-05,3.296690810557265135e-06
1.437500000000000062e-02,3.531250000000000361e-02,8.985777970911051682e+01,1.000000000000000036e-10,7.006185824001305291e-05,3.902847087620102186e-06
1.562500000000000000e-02,3.531250000000000361e-02,8.898292191742457646e+01,1.000000000000000036e-10,6.990465719083487376e-05,4.608583273956127409e-06
1.687500000000000111e-02,3.531250000000000361e-02,8.811016327933964476e+01,1.000000000000000036e-10,6.972519674327884161e-05,5.432497693059302546e-06
1.812499999999999875e-02,3.531250000000000361e-02,8.723979199884260538e+01,1.000000000000000036e-10,6.952207950918988424e-05,6.396523448022434528e-06
1.937499999999999986e-02,3.531250000000000361e-02,8.637211129160989742e+01,1.000000000000000036e-10,6.929447034249164306e-05,7.526613790623740994e-06
2.062500000000000097e-02,3.531250000000000361e-02,8.550743024028031414e+01,1.000000000000000036e-10,6.904251632693272748e-05,8.853574157485581529e-06
2.187500000000000208e-02,3.531250000000000361e-02,8.464604838343657889e+01,1.000000000000000036e-10,6.876796494521158522e-05,1.041407613971386995e-05
2.312499999999999972e-02,3.531250000000000361e-02,8.378823111665002443e+01,1.000000000000000036e-10,6.847506701540168896e-05,1.225189775886178326e-05
2.437500000000000083e-02,3.531250000000000361e-02,8.293417170805153660e+01,1.000000000000000036e-10,6.817188940842014444e-05,1.441944720456490076e-05
2.562500000000000194e-02,3.531250000000000361e-02,8.208393388143952052e+01,1.000000000000000036e-10,6.787222131805604824e-05,1.697964765214009637e-05
2.687499999999999958e-02,3.531250000000000361e-02,8.123736617510013502e+01,1.000000000000000036e-10,6.759835609782781894e-05,2.000829895872015775e-05
2.812500000000000069e-02,3.531250000000000361e-02,8.039397497899382472e+01,1.000000000000000036e-10,6.738522192655750013e-05,2.359710907853013493e-05
2.937500000000000180e-02,3.531250000000000361e-02,7.955273562693619738e+01,1.000000000000000036e-10,6.728677176343181342e-05,2.785772659884286833e-05
3.062499999999999944e-02,3.531250000000000361e-02,7.871180568490802898e+01,1.000000000000000036e-10,6.738659909499858055e-05,3.292721211351135784e-05
3.187500000000000056e-02,3.531250000000000361e-02,7.786807064956123270e+01,1.000000000000000036e-10,6.781692728762946988e-05,3.897470128708391539e-05
3.312500000000000167e-02,3.531250000000000361e-02,7.701638250271729191e+01,1.000000000000000036e-10,6.879252775705594031e-05,4.620493993155036440e-05
3.437500000000000278e-02,3.531250000000000361e-02,7.614825745563483395e+01,1.000000000000000036e-10,7.066670604669921874e-05,5.484666104325696756e-05
3.562500000000000389e-02,3.531250000000000361e-02,7.524971485154981110e+01,1.000000000000000036e-10,7.406971227516578101e-05,6.513468804171564639e-05
3.687499999999999806e-02,3.531250000000000361e-02,7.429651464875568934e+01,1.000000000000000036e-10,7.964190432430541360e-05,7.680406521910299131e-05
3.812499999999999917e-02,3.531250000000000361e-02,7.325866724344217573e+01,1.000000000000000036e-10,4.286248518256342073e-05,6.849548387272532193e-05
3.937500000000000028e-02,3.531250000000000361e-02,7.155607366878828657e+01,9.999999999999999799e-13,2.292143966594904349e-06,4.832401478922747060e-07
4.062500000000000139e-02,3.531250000000000361e-02,6.919718617735823329e+01,9.999999999999999799e-13,1.963267251641474367e-06,-7.877657343544796911e-08
4.187500000000000250e-02,3.531250000000000361e-02,6.664790553968460074e+01,9.999999999999999799e-13,2.025340766355401659e-06,-1.844672183470947822e-08
4.312500000000000361e-02,3.531250000000000361e-02,6.413383426146972965e+01,9.999999999999999799e-13,2.017091809730144057e-06,-4.426901412881534329e-08
4.437499999999999778e-02,3.531250000000000361e-02,6.160517601535924115e+01,9.999999999999999799e-13,2.032913262829470233e-06,-5.328056934551455687e-08
4.562499999999999889e-02,3.531250000000000361e-02,5.905155110439605437e+01,9.999999999999999799e-13,2.049402552712448055e-06,-4.670851326531533449e-08
4.687500000000000000e-02,3.531250000000000361e-02,5.648166963357812165e+01,9.999999999999999799e-13,2.062374272069164260e-06,-3.904831512309670202e-08
4.812500000000000111e-02,3.531250000000000361e-02,5.389561542422314488e+01,9.999999999999999799e-13,2.072891465107216103e-06,-2.518531563952137764e-08
4.937500000000000222e-02,3.531250000000000361e-02,5.129944097081008181e+01,9.999999999999999799e-13,2.078022557997749576e-06,-8.326109155120776192e-09
5.062500000000000333e-02,3.531250000000000361e-02,4.870055902922877067e+01,9.999999999999999799e-13,2.078022557997769481e-06,8.326109155098038651e-09
5.187500000000000444e-02,3.531250000000000361e-02,4.610438457581565785e+01,9.999999999999999799e-13,2.072891465107295300e-06,2.518531563950432449e-08
5.312499999999999861e-02,3.531250000000000361e-02,4.351833036646053188e+01,9.999999999999999799e-13,2.062374272069331549e-06,3.904831512306828009e-08
5.437499999999999972e-02,3.531250000000000361e-02,4.094844889564232915e+01,9.999999999999999799e-13,2.049402552712666590e-06,4.670851326530396572e-08
5.562500000000000083e-02,3.531250000000000361e-02,3.839482398467886526e+01,9.999999999999999799e-13,2.032913262829742978e-06,5.328056934548045055e-08
5.687500000000000194e-02,3.531250000000000361e-02,3.586616573856797174e+01,9.999999999999999799e-13,2.017091809730507858e-06,4.426901412878123036e-08
5.812500000000000305e-02,3.531250000000000361e-02,3.335209446035259617e+01,9.999999999999999799e-13,2.025340766355859481e-06,1.844672183466400314e-08
5.937500000000000416e-02,3.531250000000000361e-02,3.080281382267832413e+01,9.999999999999999799e-13,1.963267251641994445e-06,7.877657343545082784e-08
6.062499999999999833e-02,3.531250000000000361e-02,2.844392633124761005e+01,9.999999999999999799e-13,2.292143966595559529e-06,-4.832401478924440067e-07
6.187499999999999944e-02,3.531250000000000361e-02,2.674133275659322706e+01,1.000000000000000036e-10,4.286248518257517755e-05,-6.849548387275147831e-05
6.312500000000000056e-02,3.531250000000000361e-02,2.570348535127942924e+01,1.000000000000000036e-10,7.964190432432658264e-05,-7.680406521913139741e-05
6.437500000000000167e-02,3.531250000000000361e-02,2.475028514848506234e+01,1.000000000000000036e-10,7.406971227518722111e-05,-6.513468804174123356e-05
6.562500000000000278e-02,3.531250000000000361e-02,2.385174254439974817e+01,1.000000000000000036e-10,7.066670604672509052e-05,-5.484666104327855674e-05
6.687500000000000389e-02,3.531250000000000361e-02,2.298361749731693493e+01,1.000000000000000036e-10,6.879252775708847992e-05,-4.620493993156400502e-05
6.812500000000000500e-02,3.531250000000000361e-02,2.213192935047253584e+01,1.000000000000000036e-10,6.781692728766911102e-05,-3.897470128709584839e-05
6.937500000000000611e-02,3.531250000000000361e-02,2.128819431512520666e+01,1.000000000000000036e-10,6.738659909504390020e-05,-3.292721211352158322e-05
7.062500000000000722e-02,3.531250000000000361e-02,2.044726437309643785e+01,1.000000000000000036e-10,6.728677176347940990e-05,-2.785772659884912282e-05
7.187500000000000833e-02,3.531250000000000361e-02,1.960602502103822076e+01,1.000000000000000036e-10,6.738522192660864737e-05,-2.359710907853951328e-05
7.312499999999999556e-02,3.531250000000000361e-02,1.876263382493122123e+01,1.000000000000000036e-10,6.759835609788564757e-05,-2.000829895872413542e-05
7.437499999999999667e-02,3.531250000000000361e-02,1.791606611859107900e+01,1.000000000000000036e-10,6.787222131811801039e-05,-1.697964765214151939e-05
7.562499999999999778e-02,3.531250000000000361e-02,1.706582829197827067e+01,1.000000000000000036e-10,6.817188940848778510e-05,-1.441944720456632208e-05
7.687499999999999889e-02,3.531250000000000361e-02,1.621176888337888400e+01,1.000000000000000036e-10,6.847506701547685128e-05,-1.225189775886263707e-05
7.812500000000000000e-02,3.531250000000000361e-02,1.535395161659134899e+01,1.000000000000000036e-10,6.876796494529336117e-05,-1.041407613971642630e-05
7.937500000000000111e-02,3.531250000000000361e-02,1.449256975974654971e+01,1.000000000000000036e-10,6.904251632701920616e-05,-8.853574157487853271e-06
8.062500000000000222e-02,3.531250000000000361e-02,1.362788870841586863e+01,1.000000000000000036e-10,6.929447034258336656e-05,-7.526613790625729827e-06
8.187500000000000333e-02,3.531250000000000361e-02,1.276020800118196519e+01,1.000000000000000036e-10,6.952207950928801809e-05,-6.396523448027123702e-06
8.312500000000000444e-02,3.531250000000000361e-02,1.188983672068366815e+01,1.000000000000000036e-10,6.972519674338108187e-05,-5.432497693064844683e-06
8.437500000000000555e-02,3.531250000000000361e-02,1.101707808259743793e+01,1.000000000000000036e-10,6.990465719094202004e-05,-4.608583273962664809e-06
8.562500000000000666e-02,3.531250000000000361e-02,1.014222029091011734e+01,1.000000000000000036e-10,7.006185824012651467e-05,-3.902847087622091866e-06
8.687500000000000777e-02,3.531250000000000361e-02,9.265531626594274428e+00,1.000000000000000036e-10,7.019847729518686140e-05,-3.296690810559680873e-06
8.812499999999999500e-02,3.531250000000000361e-02,8.387258358530445435e+00,1.000000000000000036e-10,7.031628500906622929e-05,-2.774283911792707255e-06
8.937499999999999611e-02,3.531250000000000361e-02,7.507624501367618386e+00,1.000000000000000036e-10,7.041702430739439503e-05,-2.322092276932820981e-06
9.062499999999999722e-02,3.531250000000000361e-02,6.626832750845585096e+00,1.000000000000000036e-10,7.050233438584356917e-05,-1.928484065107695524e-06
9.187499999999999833e-02,3.531250000000000361e-02,5.745066141721529185e+00,1.000000000000000036e-10,7.057370507650869676e-05,-1.583397917593742480e-06
9.312499999999999944e-02,3.531250000000000361e-02,4.862490123932867725e+00,1.000000000000000036e-10,7.063245135047785026e-05,-1.278061411777215814e-06
9.437500000000000056e-02,3.531250000000000361e-02,3.979254857959582559e+00,1.000000000000000036e-10,7.067970080339711688e-05,-1.004749844935375159e-06
9.562500000000000167e-02,3.531250000000000361e-02,3.095497603847939594e+00,1.000000000000000036e-10,7.071638914252785827e-05,-7.565771517788987858e-07
9.687500000000000278e-02,3.531250000000000361e-02,2.211345129396385722e+00,1.000000000000000036e-10,7.074326022695669267e-05,-5.273120981331657177e-07
9.812500000000000389e-02,3.531250000000000361e-02,1.326916098174022007e+00,1.000000000000000036e-10,7.076086829751862311e-05,-3.112139221104825092e-07
9.937500000000000500e-02,3.531250000000000361e-02,4.423234219584198934e-01,1.000000000000000036e-10,7.076958080529766829e-05,-1.028823691902891242e-07
6.250000000000000130e-04,3.593750000000000416e-02,9.955702679227255203e+01,1.000000000000000036e-10,7.087419394142727537e-05,1.047253706997252871e-07
1.874999999999999931e-03,3.593750000000000416e-02,9.867111835919176599e+01,1.000000000000000036e-10,7.086808767493834053e-05,3.167803077394636907e-07
3.125000000000000173e-03,3.593750000000000416e-02,9.778532460039909324e+01,1.000000000000000036e-10,7.085575891094832407e-05,5.367141297836041447e-07
4.375000000000000416e-03,3.593750000000000416e-02,9.689972438641805752e+01,1.000000000000000036e-10,7.083697573591449421e-05,7.700022498625001313e-07
5.624999999999999792e-03,3.593750000000000416e-02,9.601440020700123057e+01,1.000000000000000036e-10,7.081139200746973535e-05,1.022460780640130733e-06
6.875000000000000035e-03,3.593750000000000416e-02,9.512943958623131380e+01,1.000000000000000036e-10,7.077855047112334734e-05,1.300395970706631165e-06
8.125000000000000278e-03,3.593750000000000416e-02,9.424493644522314639e+01,1.000000000000000036e-10,7.073788879178436232e-05,1.610767335323543806e-06
9.374999999999999653e-03,3.593750000000000416e-02,9.336099236643670451e+01,1.000000000000000036e-10,7.068875039901626562e-05,1.961369189098149429e-06
1.062500000000000076e-02,3.593750000000000416e-02,9.247771768524773961e+01,1.000000000000000036e-10,7.063040292142203633e-05,2.361035930961179138e-06
1.187500000000000014e-02,3.593750000000000416e-02,9.159523229340115336e+01,1.000000000000000036e-10,7.056206819429234191e-05,2.819877270482037787e-06
1.312499999999999951e-02,3.593750000000000416e-02,9.071366598039043083e+01,1.000000000000000036e-10,7.048296950667233855e-05,3.349550652610559357e-06
1.437500000000000062e-02,3.593750000000000416e-02,8.983315805573434432e+01,1.000000000000000036e-10,7.039240410512830645e-05,3.963579473869458165e-06
1.562500000000000000e-02,3.593750000000000416e-02,8.895385587776222280e+01,1.000000000000000036e-10,7.028985226699205053e-05,4.677727331371669010e-06
1.687500000000000111e-02,3.593750000000000416e-02,8.807591174905954290e+01,1.000000000000000036e-10,7.017513888511187818e-05,5.510440550370957793e-06
1.812499999999999875e-02,3.593750000000000416e-02,8.719947740563442551e+01,1.000000000000000036e-10,7.004867002515764794e-05,6.483373637737484930e-06
1.937499999999999986e-02,3.593750000000000416e-02,8.632469499843060134e+01,1.000000000000000036e-10,6.991177612596457831e-05,7.622015133860030438e-06
2.062500000000000097e-02,3.593750000000000416e-02,8.545168300248531068e+01,1.000000000000000036e-10,6.976720658497582203e-05,8.956434592527101442e-06
2.187500000000000208e-02,3.593750000000000416e-02,8.458051483380620539e+01,1.000000000000000036e-10,6.961983916406778192e-05,1.052217510599348202e-05
2.312499999999999972e-02,3.593750000000000416e-02,8.371118702338361572e+01,1.000000000000000036e-10,6.947769474126061343e-05,1.236131996889753065e-05
2.437500000000000083e-02,3.593750000000000416e-02,8.284357246527468988e+01,1.000000000000000036e-10,6.935338819216211562e-05,1.452376707257485474e-05
2.562500000000000194e-02,3.593750000000000416e-02,8.197735231857956251e+01,1.000000000000000036e-10,6.926620889782838099e-05,1.706875147648360976e-05
2.687499999999999958e-02,3.593750000000000416e-02,8.111191724282898008e+01,1.000000000000000036e-10,6.924513007330572868e-05,2.006666715675236976e-05
2.812500000000000069e-02,3.593750000000000416e-02,8.024622406674691888e+01,1.000000000000000036e-10,6.933324333556923225e-05,2.360125133500900465e-05
2.937500000000000180e-02,3.593750000000000416e-02,7.937858615943974883e+01,1.000000000000000036e-10,6.959451283534120786e-05,2.777217467404624807e-05
3.062499999999999944e-02,3.593750000000000416e-02,7.850636124586338838e+01,1.000000000000000036e-10,7.012453015942639117e-05,3.269784171048285669e-05
3.187500000000000056e-02,3.593750000000000416e-02,7.762547290545408885e+01,1.000000000000000036e-10,7.106820020753900138e-05,3.851707256974804612e-05
3.312500000000000167e-02,3.593750000000000416e-02,7.672965624067491319e+01,1.000000000000000036e-10,7.264819546857210065e-05,4.538477078366326574e-05
3.437500000000000278e-02,3.593750000000000416e-02,7.580926801873978604e+01,1.000000000000000036e-10,7.520803958188762876e-05,5.344981898967147987e-05
3.562500000000000389e-02,3.593750000000000416e-02,7.484945525112772202e+01,1.000000000000000036e-10,7.928791509154221634e-05,6.279008922624824344e-05
3.687499999999999806e-02,3.593750000000000416e-02,7.382707014145123026e+01,1.000000000000000036e-10,8.577605468091745460e-05,7.311849821531381266e-05
3.812499999999999917e-02,3.593750000000000416e-02,7.270505388410478531e+01,1.000000000000000036e-10,9.949754273106631926e-05,8.371001642230792728e-05
3.937500000000000028e-02,3.593750000000000416e-02,7.133963157317457160e+01,1.000000000000000036e-10,5.625602977910059734e-05,2.717463468227493086e-05
4.062500000000000139e-02,3.593750000000000416e-02,6.927022067903584457e+01,9.999999999999999799e-13,2.685212185146818530e-06,1.796760466344949456e-07
4.187500000000000250e-02,3.593750000000000416e-02,6.665503357089895076e+01,9.999999999999999799e-13,2.042757965099462883e-06,1.329101076208871756e-08
4.312500000000000361e-02,3.593750000000000416e-02,6.416332576628718698e+01,9.999999999999999799e-13,2.005374546636880781e-06,-5.319055918166668133e-08
4.437499999999999778e-02,3.593750000000000416e-02,6.164159720430674838e+01,9.999999999999999799e-13,2.032219908447379515e-06,-6.569243174752158957e-08
4.562499999999999889e-02,3.593750000000000416e-02,5.908277599516873835e+01,9.999999999999999799e-13,2.053400312583829712e-06,-5.313149787299948742e-08
4.687500000000000000e-02,3.593750000000000416e-02,5.650809642284717427e+01,9.999999999999999799e-13,2.068061887265457657e-06,-4.644197753456751152e-08
4.812500000000000111e-02,3.593750000000000416e-02,5.391262127700509410e+01,9.999999999999999799e-13,2.081245279117641129e-06,-2.964194567312006378e-08
4.937500000000000222e-02,3.593750000000000416e-02,5.130498322505307129e+01,9.999999999999999799e-13,2.087041800807713781e-06,-9.333286411845165394e-09
5.062500000000000333e-02,3.593750000000000416e-02,4.869501677498580960e+01,9.999999999999999799e-13,2.087041800807742157e-06,9.333286411788323197e-09
5.187500000000000444e-02,3.593750000000000416e-02,4.608737872303371574e+01,9.999999999999999799e-13,2.081245279117726680e-06,2.964194567309164186e-08
5.312499999999999861e-02,3.593750000000000416e-02,4.349190357719149347e+01,9.999999999999999799e-13,2.068061887265614359e-06,4.644197753455614275e-08
5.437499999999999972e-02,3.593750000000000416e-02,4.091722400486968070e+01,9.999999999999999799e-13,2.053400312584051634e-06,5.313149787295401895e-08
5.562500000000000083e-02,3.593750000000000416e-02,3.835840279573136513e+01,9.999999999999999799e-13,2.032219908447660730e-06,6.569243174749886526e-08
5.687500000000000194e-02,3.593750000000000416e-02,3.583667423375052863e+01,9.999999999999999799e-13,2.005374546637239076e-06,5.319055918163257502e-08
5.812500000000000305e-02,3.593750000000000416e-02,3.334496642913826747e+01,9.999999999999999799e-13,2.042757965099924939e-06,-1.329101076211713948e-08
5.937500000000000416e-02,3.593750000000000416e-02,3.072977932100071641e+01,9.999999999999999799e-13,2.685212185147548672e-06,-1.796760466345972248e-07
6.062499999999999833e-02,3.593750000000000416e-02,2.866036842686139963e+01,1.000000000000000036e-10,5.625602977911526795e-05,-2.717463468228243896e-05
6.187499999999999944e-02,3.593750000000000416e-02,2.729494611593083064e+01,1.000000000000000036e-10,9.949754273109261116e-05,-8.371001642234061598e-05
6.312500000000000056e-02,3.593750000000000416e-02,2.617292985858408372e+01,1.000000000000000036e-10,8.577605468094075139e-05,-7.311849821534308611e-05
6.437500000000000167e-02,3.593750000000000416e-02,2.515054474890731129e+01,1.000000000000000036e-10,7.928791509156636694e-05,-6.279008922627210944e-05
6.562500000000000278e-02,3.593750000000000416e-02,2.419073198129492397e+01,1.000000000000000036e-10,7.520803958191619749e-05,-5.344981898969022979e-05
6.687500000000000389e-02,3.593750000000000416e-02,2.327034375935940602e+01,1.000000000000000036e-10,7.264819546860676802e-05,-4.538477078367718419e-05
6.812500000000000500e-02,3.593750000000000416e-02,2.237452709457975430e+01,1.000000000000000036e-10,7.106820020758049922e-05,-3.851707256975884749e-05
6.937500000000000611e-02,3.593750000000000416e-02,2.149363875416989345e+01,1.000000000000000036e-10,7.012453015947314738e-05,-3.269784171049109662e-05
7.062500000000000722e-02,3.593750000000000416e-02,2.062141384059292548e+01,1.000000000000000036e-10,6.959451283538824868e-05,-2.777217467405307177e-05
7.187500000000000833e-02,3.593750000000000416e-02,1.975377593328518699e+01,1.000000000000000036e-10,6.933324333562139593e-05,-2.360125133501412073e-05
7.312499999999999556e-02,3.593750000000000416e-02,1.888808275720239038e+01,1.000000000000000036e-10,6.924513007336584769e-05,-2.006666715675805505e-05
7.437499999999999667e-02,3.593750000000000416e-02,1.802264768145104057e+01,1.000000000000000036e-10,6.926620889789047867e-05,-1.706875147648502939e-05
7.562499999999999778e-02,3.593750000000000416e-02,1.715642753475512805e+01,1.000000000000000036e-10,6.935338819223033904e-05,-1.452376707257513596e-05
7.687499999999999889e-02,3.593750000000000416e-02,1.628881297664528205e+01,1.000000000000000036e-10,6.947769474133578930e-05,-1.236131996889895198e-05
7.812500000000000000e-02,3.593750000000000416e-02,1.541948516622173315e+01,1.000000000000000036e-10,6.961983916414808064e-05,-1.052217510599461704e-05
7.937500000000000111e-02,3.593750000000000416e-02,1.454831699754157981e+01,1.000000000000000036e-10,6.976720658506201610e-05,-8.956434592529800089e-06
8.062500000000000222e-02,3.593750000000000416e-02,1.367530500159518247e+01,1.000000000000000036e-10,6.991177612605589523e-05,-7.622015133862303874e-06
8.187500000000000333e-02,3.593750000000000416e-02,1.280052259439018236e+01,1.000000000000000036e-10,7.004867002525471114e-05,-6.483373637742316406e-06
8.312500000000000444e-02,3.593750000000000416e-02,1.192408825096381442e+01,1.000000000000000036e-10,7.017513888521369832e-05,-5.510440550375504666e-06
8.437500000000000555e-02,3.593750000000000416e-02,1.104614412225983955e+01,1.000000000000000036e-10,7.028985226709982023e-05,-4.677727331375364614e-06
8.562500000000000666e-02,3.593750000000000416e-02,1.016684194428631827e+01,1.000000000000000036e-10,7.039240410524270333e-05,-3.963579473872442262e-06
8.687500000000000777e-02,3.593750000000000416e-02,9.286334019628771586e+00,1.000000000000000036e-10,7.048296950679187184e-05,-3.349550652613401576e-06
8.812499999999999500e-02,3.593750000000000416e-02,8.404767706616521394e+00,1.000000000000000036e-10,7.056206819441693029e-05,-2.819877270490706746e-06
8.937499999999999611e-02,3.593750000000000416e-02,7.522282314768347966e+00,1.000000000000000036e-10,7.063040292155041942e-05,-2.361035930965015773e-06
9.062499999999999722e-02,3.593750000000000416e-02,6.639007633577760359e+00,1.000000000000000036e-10,7.068875039915126235e-05,-1.961369189099925657e-06
9.187499999999999833e-02,3.593750000000000416e-02,5.755063554789566105e+00,1.000000000000000036e-10,7.073788879192827660e-05,-1.610767335321980607e-06
9.312499999999999944e-02,3.593750000000000416e-02,4.870560413779553066e+00,1.000000000000000036e-10,7.077855047127378039e-05,-1.300395970705920716e-06
9.437500000000000056e-02,3.593750000000000416e-02,3.985599793007721381e+00,1.000000000000000036e-10,7.081139200762023617e-05,-1.022460780639064742e-06
9.562500000000000167e-02,3.593750000000000416e-02,3.100275613589046575e+00,1.000000000000000036e-10,7.083697573606607923e-05,-7.700022498631041717e-07
9.687500000000000278e-02,3.593750000000000416e-02,2.214675399606068851e+00,1.000000000000000036e-10,7.085575891110717324e-05,-5.367141297837818098e-07
9.812500000000000389e-02,3.593750000000000416e-02,1.328881640811367060e+00,1.000000000000000036e-10,7.086808767510217703e-05,-3.167803077382735035e-07
9.937500000000000500e-02,3.593750000000000416e-02,4.429732077285139513e-01,1.000000000000000036e-10,7.087419394159523184e-05,-1.047253706985484672e-07
6.250000000000000130e-04,3.656249999999999778e-02,9.955636751090889902e+01,1.000000000000000036e-10,7.098033364434910212e-05,1.059173232988541500e-07
1.874999999999999931e-03,3.656249999999999778e-02,9.866912414798237307e+01,1.000000000000000036e-10,7.097686267689708693e-05,3.203769721142179345e-07
3.125000000000000173e-03,3.656249999999999778e-02,9.778194594398647155e+01,1.000000000000000036e-10,7.096987119786034412e-05,5.427775869293327051e-07
4.375000000000000416e-03,3.656249999999999778e-02,9.689487736803586415e+01,1.000000000000000036e-10,7.095926246780378047e-05,7.786347452747575682e-07
5.624999999999999792e-03,3.656249999999999778e-02,9.600796438229137664e+01,1.000000000000000036e-10,7.094489766366733358e-05,1.033802551519329236e-06
6.875000000000000035e-03,3.656249999999999778e-02,9.512125492644418046e+01,1.000000000000000036e-10,7.092660462766899542e-05,1.314621485996667447e-06
8.125000000000000278e-03,3.656249999999999778e-02,9.423479926659965145e+01,1.000000000000000036e-10,7.090419168556193836e-05,1.628079130759942527e-06
9.374999999999999653e-03,3.656249999999999778e-02,9.334865013430513159e+01,1.000000000000000036e-10,7.087746868352892324e-05,1.981988091069979253e-06
1.062500000000000076e-02,3.656249999999999778e-02,9.246286254951142780e+01,1.000000000000000036e-10,7.084627834795979926e-05,2.385185935577282557e-06
1.187500000000000014e-02,3.656249999999999778e-02,9.157749317560613633e+01,1.000000000000000036e-10,7.081054236976625372e-05,2.847762618531532443e-06
1.312499999999999951e-02,3.656249999999999778e-02,9.069259899026727112e+01,1.000000000000000036e-10,7.077032839675949458e-05,3.381321634881259481e-06
1.437500000000000062e-02,3.656249999999999778e-02,8.980823496568714859e+01,1.000000000000000036e-10,7.072594657939361494e-05,3.999282101059405974e-06
1.562500000000000000e-02,3.656249999999999778e-02,8.892445032578243058e+01,1.000000000000000036e-10,7.067808772908562315e-05,4.717230048415784827e-06
1.687500000000000111e-02,3.656249999999999778e-02,8.804128277246000778e+01,1.000000000000000036e-10,7.062801989646174533e-05,5.553328440594212760e-06
1.812499999999999875e-02,3.656249999999999778e-02,8.715874982837088680e+01,1.000000000000000036e-10,7.057786680093441336e-05,6.528796725267510735e-06
1.937499999999999986e-02,3.656249999999999778e-02,8.627683610243664702e+01,1.000000000000000036e-10,7.053100081988644199e-05,7.668471986459051367e-06
2.062500000000000097e-02,3.656249999999999778e-02,8.539547480787372535e+01,1.000000000000000036e-10,7.049259631299945581e-05,9.001464763872489143e-06
2.187500000000000208e-02,3.656249999999999778e-02,8.451452119461166035e+01,1.000000000000000036e-10,7.047040763339679898e-05,1.056192298490941437e-05
2.312499999999999972e-02,3.656249999999999778e-02,8.363371461703880527e+01,1.000000000000000036e-10,7.047586299869237024e-05,1.238991661874024294e-05
2.437500000000000083e-02,3.656249999999999778e-02,8.275262461964435090e+01,1.000000000000000036e-10,7.052560516221318061e-05,1.453245261552410496e-05
2.562500000000000194e-02,3.656249999999999778e-02,8.187057448798347536e+01,1.000000000000000036e-10,7.064367136014481252e-05,1.704462248173740143e-05
2.687499999999999958e-02,3.656249999999999778e-02,8.098653283564073035e+01,1.000000000000000036e-10,7.086460602709050791e-05,1.999086823028846602e-05
2.812500000000000069e-02,3.656249999999999778e-02,8.009895933730621209e+01,1.000000000000000036e-10,7.123797568520443251e-05,2.344630880128874457e-05
2.937500000000000180e-02,3.656249999999999778e-02,7.920558344351061919e+01,1.000000000000000036e-10,7.183506695116873605e-05,2.749793682490007620e-05
3.062499999999999944e-02,3.656249999999999778e-02,7.830308266352699320e+01,1.000000000000000036e-10,7.275904804284946941e-05,3.224508035174493859e-05
3.187500000000000056e-02,3.656249999999999778e-02,7.738660724243938205e+01,1.000000000000000036e-10,7.416039182421967101e-05,3.779732701374768217e-05
3.312500000000000167e-02,3.656249999999999778e-02,7.644907286792150103e+01,1.000000000000000036e-10,7.625890096701765379e-05,4.426526413775376718e-05
3.437500000000000278e-02,3.656249999999999778e-02,7.548013471826394039e+01,1.000000000000000036e-10,7.936936526799169404e-05,5.173417142844299763e-05
3.562500000000000389e-02,3.656249999999999778e-02,7.446483873622170790e+01,1.000000000000000036e-10,8.390405188798692369e-05,6.019845572265920320e-05
3.687499999999999806e-02,3.656249999999999778e-02,7.338253342106426658e+01,1.000000000000000036e-10,9.010186792233523519e-05,6.936715390704534029e-05
3.812499999999999917e-02,3.656249999999999778e-02,7.221229203816332642e+01,1.000000000000000036e-10,9.513195197307081541e-05,7.808557468013757889e-05
3.937500000000000028e-02,3.656249999999999778e-02,7.100423462173749556e+01,1.000000000000000036e-10,4.993151923340738917e-05,7.702004927025767815e-05
4.062500000000000139e-02,3.656249999999999778e-02,6.897259111906511464e+01,9.999999999999999799e-13,2.545742313507413079e-06,8.125587155737172417e-07
4.187500000000000250e-02,3.656249999999999778e-02,6.663129177623198984e+01,9.999999999999999799e-13,1.908907463447320767e-06,2.005287687672989705e-08
4.312500000000000361e-02,3.656249999999999778e-02,6.420032246044681301e+01,9.999999999999999799e-13,1.977600088475338613e-06,-7.560702857897467274e-08
4.437499999999999778e-02,3.656249999999999778e-02,6.168729155504364314e+01,9.999999999999999799e-13,2.032942793483803790e-06,-8.436999575965273940e-08
4.562499999999999889e-02,3.656249999999999778e-02,5.911796547673730373e+01,9.999999999999999799e-13,2.059027779818924766e-06,-5.808662909661278985e-08
4.687500000000000000e-02,3.656249999999999778e-02,5.653972210549633104e+01,9.999999999999999799e-13,2.074119048169103174e-06,-5.636326782682771970e-08
4.812500000000000111e-02,3.656249999999999778e-02,5.393266785631454496e+01,9.999999999999999799e-13,2.091445810668577450e-06,-3.497573255668839873e-08
4.937500000000000222e-02,3.656249999999999778e-02,5.131110757882488826e+01,9.999999999999999799e-13,2.097510174040204090e-06,-9.929942059147834204e-09
5.062500000000000333e-02,3.656249999999999778e-02,4.868889242121403527e+01,9.999999999999999799e-13,2.097510174040237972e-06,9.929942059085307622e-09
5.187500000000000444e-02,3.656249999999999778e-02,4.606733214372429330e+01,9.999999999999999799e-13,2.091445810668679518e-06,3.497573255665429242e-08
5.312499999999999861e-02,3.656249999999999778e-02,4.346027789454233670e+01,9.999999999999999799e-13,2.074119048169262840e-06,5.636326782679930439e-08
5.437499999999999972e-02,3.656249999999999778e-02,4.088203452330113663e+01,9.999999999999999799e-13,2.059027779819137795e-06,5.808662909659006555e-08
5.562500000000000083e-02,3.656249999999999778e-02,3.831270844499449169e+01,9.999999999999999799e-13,2.032942793484082041e-06,8.436999575963001510e-08
5.687500000000000194e-02,3.656249999999999778e-02,3.579967753959093102e+01,9.999999999999999799e-13,1.977600088475699449e-06,7.560702857894057966e-08
5.812500000000000305e-02,3.656249999999999778e-02,3.336870822380524260e+01,9.999999999999999799e-13,1.908907463447744283e-06,-2.005287687675831898e-08
5.937500000000000416e-02,3.656249999999999778e-02,3.102740888097157068e+01,9.999999999999999799e-13,2.545742313508124586e-06,-8.125587155739461523e-07
6.062499999999999833e-02,3.656249999999999778e-02,2.899576537829856804e+01,1.000000000000000036e-10,4.993151923341796692e-05,-7.702004927028268256e-05
6.187499999999999944e-02,3.656249999999999778e-02,2.778770796187248493e+01,1.000000000000000036e-10,9.513195197309397668e-05,-7.808557468016770616e-05
6.312500000000000056e-02,3.656249999999999778e-02,2.661746657897121793e+01,1.000000000000000036e-10,9.010186792236080881e-05,-6.936715390707148311e-05
6.437500000000000167e-02,3.656249999999999778e-02,2.553516126381346396e+01,1.000000000000000036e-10,8.390405188801364927e-05,-6.019845572268052133e-05
6.562500000000000278e-02,3.656249999999999778e-02,2.451986528177087621e+01,1.000000000000000036e-10,7.936936526802253959e-05,-5.173417142845890829e-05
6.687500000000000389e-02,3.656249999999999778e-02,2.355092713211289990e+01,1.000000000000000036e-10,7.625890096705416430e-05,-4.426526413776683859e-05
6.812500000000000500e-02,3.656249999999999778e-02,2.261339275759452150e+01,1.000000000000000036e-10,7.416039182426217174e-05,-3.779732701375905274e-05
6.937500000000000611e-02,3.656249999999999778e-02,2.169691733650634546e+01,1.000000000000000036e-10,7.275904804289679484e-05,-3.224508035175403233e-05
7.062500000000000722e-02,3.656249999999999778e-02,2.079441655652210130e+01,1.000000000000000036e-10,7.183506695121790462e-05,-2.749793682490718111e-05
7.187500000000000833e-02,3.656249999999999778e-02,1.990104066272589733e+01,1.000000000000000036e-10,7.123797568525614896e-05,-2.344630880129300684e-05
7.312499999999999556e-02,3.656249999999999778e-02,1.901346716439069695e+01,1.000000000000000036e-10,7.086460602715020679e-05,-1.999086823029528633e-05
7.437499999999999667e-02,3.656249999999999778e-02,1.812942551204714192e+01,1.000000000000000036e-10,7.064367136020947163e-05,-1.704462248173825524e-05
7.562499999999999778e-02,3.656249999999999778e-02,1.724737538038545992e+01,1.000000000000000036e-10,7.052560516228082127e-05,-1.453245261552552628e-05
7.687499999999999889e-02,3.656249999999999778e-02,1.636628538299012092e+01,1.000000000000000036e-10,7.047586299876711243e-05,-1.238991661874308558e-05
7.812500000000000000e-02,3.656249999999999778e-02,1.548547880541628174e+01,1.000000000000000036e-10,7.047040763347793796e-05,-1.056192298491253992e-05
7.937500000000000111e-02,3.656249999999999778e-02,1.460452519215317224e+01,1.000000000000000036e-10,7.049259631308535173e-05,-9.001464763873058349e-06
8.062500000000000222e-02,3.656249999999999778e-02,1.372316389758914745e+01,1.000000000000000036e-10,7.053100081997710840e-05,-7.668471986461609406e-06
8.187500000000000333e-02,3.656249999999999778e-02,1.284125017165374416e+01,1.000000000000000036e-10,7.057786680103139525e-05,-6.528796725268647453e-06
8.312500000000000444e-02,3.656249999999999778e-02,1.195871722756336197e+01,1.000000000000000036e-10,7.062801989656455480e-05,-5.553328440594212760e-06
8.437500000000000555e-02,3.656249999999999778e-02,1.107554967423962999e+01,1.000000000000000036e-10,7.067808772919355548e-05,-4.717230048413938295e-06
8.562500000000000666e-02,3.656249999999999778e-02,1.019176503433352288e+01,1.000000000000000036e-10,7.072594657950751038e-05,-3.999282101061821712e-06
8.687500000000000777e-02,3.656249999999999778e-02,9.307401009751941956e+00,1.000000000000000036e-10,7.077032839687772683e-05,-3.381321634882964982e-06
8.812499999999999500e-02,3.656249999999999778e-02,8.422506824411579274e+00,1.000000000000000036e-10,7.081054236989042198e-05,-2.847762618539917222e-06
8.937499999999999611e-02,3.656249999999999778e-02,7.537137450504681091e+00,1.000000000000000036e-10,7.084627834808979510e-05,-2.385185935582043306e-06
9.062499999999999722e-02,3.656249999999999778e-02,6.651349865709334175e+00,1.000000000000000036e-10,7.087746868366507193e-05,-1.981988091070405311e-06
9.187499999999999833e-02,3.656249999999999778e-02,5.765200733413053946e+00,1.000000000000000036e-10,7.090419168570569002e-05,-1.628079130759729286e-06
9.312499999999999944e-02,3.656249999999999778e-02,4.878745073566691737e+00,1.000000000000000036e-10,7.092660462781932005e-05,-1.314621485997306745e-06
9.437500000000000056e-02,3.656249999999999778e-02,3.992035617717570872e+00,1.000000000000000036e-10,7.094489766381852558e-05,-1.033802551520395015e-06
9.562500000000000167e-02,3.656249999999999778e-02,3.105122631971228397e+00,1.000000000000000036e-10,7.095926246795550101e-05,-7.786347452730522791e-07
9.687500000000000278e-02,3.656249999999999778e-02,2.218054056018682996e+00,1.000000000000000036e-10,7.096987119801909842e-05,-5.427775869259221270e-07
9.812500000000000389e-02,3.656249999999999778e-02,1.330875852020750427e+00,1.000000000000000036e-10,7.097686267706123514e-05,-3.203769721146620445e-07
9.937500000000000500e-02,3.656249999999999778e-02,4.436324890921517494e-01,1.000000000000000036e-10,7.098033364451608281e-05,-1.059173232961585338e-07
6.250000000000000130e-04,3.718749999999999833e-02,9.955570282573131635e+01,1.000000000000000036e-10,7.108734108913380392e-05,1.064530253393058792e-07
1.874999999999999931e-03,3.718749999999999833e-02,9.866711364704033826e+01,1.000000000000000036e-10,7.108651780675357378e-05,3.219883949907398003e-07
3.125000000000000173e-03,3.718749999999999833e-02,9.777853988056247658e+01,1.000000000000000036e-10,7.108488779752859333e-05,5.454769081848097696e-07
4.375000000000000416e-03,3.718749999999999833e-02,9.688999145210212305e+01,1.000000000000000036e-10,7.108248821820949354e-05,7.824395787099545497e-07
5.624999999999999792e-03,3.718749999999999833e-02,9.600147767510723895e+01,1.000000000000000036e-10,7.107938537783068246e-05,1.038731540339767744e-06
6.875000000000000035e-03,3.718749999999999833e-02,9.511300681765635545e+01,1.000000000000000036e-10,7.107568876074364943e-05,1.320687323716356072e-06
8.125000000000000278e-03,3.718749999999999833e-02,9.422458545608864711e+01,1.000000000000000036e-10,7.107157209432101070e-05,1.635278097310219353e-06
9.374999999999999653e-03,3.718749999999999833e-02,9.333621751529832977e+01,1.000000000000000036e-10,7.106730380142492367e-05,1.990284771989081379e-06
1.062500000000000076e-02,3.718749999999999833e-02,9.244790286105302357e+01,1.000000000000000036e-10,7.106329018515279683e-05,2.394491230581933933e-06
1.187500000000000014e-02,3.718749999999999833e-02,9.155963526066950919e+01,1.000000000000000036e-10,7.106013604394432613e-05,2.857902383235568389e-06
1.312499999999999951e-02,3.718749999999999833e-02,9.067139945995441508e+01,1.000000000000000036e-10,7.105872924793628506e-05,3.391992254692012735e-06
1.437500000000000062e-02,3.718749999999999833e-02,8.978316702947110173e+01,1.000000000000000036e-10,7.106035831189557632e-05,4.009987857955365111e-06
1.562500000000000000e-02,3.718749999999999833e-02,8.889489050215702548e+01,1.000000000000000036e-10,7.106687543675943445e-05,4.727195154245008755e-06
1.687500000000000111e-02,3.718749999999999833e-02,8.800649514355211522e+01,1.000000000000000036e-10,7.108092222353774707e-05,5.561373857688067049e-06
1.812499999999999875e-02,3.718749999999999833e-02,8.711786744656858161e+01,1.000000000000000036e-10,7.110624179809007486e-05,6.533168068666553283e-06
1.937499999999999986e-02,3.718749999999999833e-02,8.622883909859986318e+01,1.000000000000000036e-10,7.114811014526705650e-05,7.666599460005727373e-06
2.062500000000000097e-02,3.718749999999999833e-02,8.533916469293690454e+01,1.000000000000000036e-10,7.121393208420099760e-05,8.989628574308879854e-06
2.187500000000000208e-02,3.718749999999999833e-02,8.444849079649483770e+01,1.000000000000000036e-10,7.131406509150166220e-05,1.053478701062885972e-05
2.312499999999999972e-02,3.718749999999999833e-02,8.355631306564936267e+01,1.000000000000000036e-10,7.146295955656796635e-05,1.233987767784696987e-05
2.437500000000000083e-02,3.718749999999999833e-02,8.266191680758063853e+01,1.000000000000000036e-10,7.168074112366069656e-05,1.444872969111656578e-05
2.562500000000000194e-02,3.718749999999999833e-02,8.176429453755784493e+01,1.000000000000000036e-10,7.199541670521055728e-05,1.691197451640504641e-05
2.687499999999999958e-02,3.718749999999999833e-02,8.086203138995037421e+01,1.000000000000000036e-10,7.244597323308140703e-05,1.978777059821822698e-05
2.812500000000000069e-02,3.718749999999999833e-02,7.995314520673080949e+01,1.000000000000000036e-10,7.308677763287504243e-05,2.314231940441231192e-05
2.937500000000000180e-02,3.718749999999999833e-02,7.903486194912849783e+01,1.000000000000000036e-10,7.399389861056930486e-05,2.704982009994523365e-05
3.062499999999999944e-02,3.718749999999999833e-02,7.810329774146657655e+01,1.000000000000000036e-10,7.527422525385019754e-05,3.159104320921755189e-05
3.187500000000000056e-02,3.718749999999999833e-02,7.715300631778224272e+01,1.000000000000000036e-10,7.707829210054341568e-05,3.684865884224677423e-05
3.312500000000000167e-02,3.718749999999999833e-02,7.617634043895299101e+01,1.000000000000000036e-10,7.961661767591976177e-05,4.289551495017462576e-05
3.437500000000000278e-02,3.718749999999999833e-02,7.516259087588424848e+01,1.000000000000000036e-10,8.317463537434033999e-05,4.976967961633248699e-05
3.562500000000000389e-02,3.718749999999999833e-02,7.409697455459448179e+01,1.000000000000000036e-10,8.810440633084338428e-05,5.743071874652740734e-05
3.687499999999999806e-02,3.718749999999999833e-02,7.295998071761316339e+01,1.000000000000000036e-10,9.471961415965664244e-05,6.572837895160089819e-05
3.812499999999999917e-02,3.718749999999999833e-02,7.172898420060306535e+01,1.000000000000000036e-10,1.033239904126724882e-04,7.490711948371197974e-05
3.937500000000000028e-02,3.718749999999999833e-02,7.037688095729635052e+01,1.000000000000000036e-10,1.247607137183456187e-04,9.208035918367612799e-05
4.062500000000000139e-02,3.718749999999999833e-02,6.860996635764442431e+01,1.000000000000000036e-10,7.224489993288210209e-05,3.570304415482987128e-05
4.187500000000000250e-02,3.718749999999999833e-02,6.662996747480303839e+01,9.999999999999999799e-13,2.517169115921911612e-06,3.118502711304277283e-07
4.312500000000000361e-02,3.718749999999999833e-02,6.425783455201090533e+01,9.999999999999999799e-13,1.953163110318689800e-06,-1.197477325450222401e-07
4.437499999999999778e-02,3.718749999999999833e-02,6.174705969900631430e+01,9.999999999999999799e-13,2.040980108188560410e-06,-1.118091432327048667e-07
4.562499999999999889e-02,3.718749999999999833e-02,5.915538428153950434e+01,9.999999999999999799e-13,2.067403676550242017e-06,-5.690175897194648867e-08
4.687500000000000000e-02,3.718749999999999833e-02,5.657855050763070892e+01,9.999999999999999799e-13,2.079617335535419959e-06,-7.120060161917649059e-08
4.812500000000000111e-02,3.718749999999999833e-02,5.395634094270095460e+01,9.999999999999999799e-13,2.104461942001481185e-06,-4.122408324710136391e-08
4.937500000000000222e-02,3.718749999999999833e-02,5.131739565262700609e+01,9.999999999999999799e-13,2.109494638115600636e-06,-9.230121111590962124e-09
5.062500000000000333e-02,3.718749999999999833e-02,4.868260434741195297e+01,9.999999999999999799e-13,2.109494638115643411e-06,9.230121111556855813e-09
5.187500000000000444e-02,3.718749999999999833e-02,4.604365905733789788e+01,9.999999999999999799e-13,2.104461942001583676e-06,4.122408324706725098e-08
5.312499999999999861e-02,3.718749999999999833e-02,4.342144949240799434e+01,9.999999999999999799e-13,2.079617335535582166e-06,7.120060161910829120e-08
5.437499999999999972e-02,3.718749999999999833e-02,4.084461571849894312e+01,9.999999999999999799e-13,2.067403676550466904e-06,5.690175897190102021e-08
5.562500000000000083e-02,3.718749999999999833e-02,3.825294030103182763e+01,9.999999999999999799e-13,2.040980108188836543e-06,1.118091432326821159e-07
5.687500000000000194e-02,3.718749999999999833e-02,3.574216544802685291e+01,9.999999999999999799e-13,1.953163110319045130e-06,1.197477325449938380e-07
5.812500000000000305e-02,3.718749999999999833e-02,3.337003252523421537e+01,9.999999999999999799e-13,2.517169115922498606e-06,-3.118502711305461011e-07
5.937500000000000416e-02,3.718749999999999833e-02,3.139003364239234273e+01,1.000000000000000036e-10,7.224489993290179391e-05,-3.570304415484164842e-05
6.062499999999999833e-02,3.718749999999999833e-02,2.962311904273993335e+01,1.000000000000000036e-10,1.247607137183765998e-04,-9.208035918370992799e-05
6.187499999999999944e-02,3.718749999999999833e-02,2.827101579943292720e+01,1.000000000000000036e-10,1.033239904126982244e-04,-7.490711948373983018e-05
6.312500000000000056e-02,3.718749999999999833e-02,2.704001928242247743e+01,1.000000000000000036e-10,9.471961415968434381e-05,-6.572837895162534695e-05
6.437500000000000167e-02,3.718749999999999833e-02,2.590302544544081798e+01,1.000000000000000036e-10,8.810440633087265774e-05,-5.743071874654616404e-05
6.562500000000000278e-02,3.718749999999999833e-02,2.483740912415066049e+01,1.000000000000000036e-10,8.317463537437302869e-05,-4.976967961634641221e-05
6.687500000000000389e-02,3.718749999999999833e-02,2.382365956108149163e+01,1.000000000000000036e-10,7.961661767595670596e-05,-4.289551495018570495e-05
6.812500000000000500e-02,3.718749999999999833e-02,2.284699368225174254e+01,1.000000000000000036e-10,7.707829210058689219e-05,-3.684865884225785342e-05
6.937500000000000611e-02,3.718749999999999833e-02,2.189670225856681895e+01,1.000000000000000036e-10,7.527422525389906795e-05,-3.159104320922749944e-05
7.062500000000000722e-02,3.718749999999999833e-02,2.096513805090426530e+01,1.000000000000000036e-10,7.399389861061875804e-05,-2.704982009995432739e-05
7.187500000000000833e-02,3.718749999999999833e-02,2.004685479330134967e+01,1.000000000000000036e-10,7.308677763292732808e-05,-2.314231940441828180e-05
7.312499999999999556e-02,3.718749999999999833e-02,1.913796861008108152e+01,1.000000000000000036e-10,7.244597323314322010e-05,-1.978777059822192343e-05
7.437499999999999667e-02,3.718749999999999833e-02,1.823570546247276880e+01,1.000000000000000036e-10,7.199541670527536547e-05,-1.691197451640533101e-05
7.562499999999999778e-02,3.718749999999999833e-02,1.733808319244919716e+01,1.000000000000000036e-10,7.168074112372791709e-05,-1.444872969111912382e-05
7.687499999999999889e-02,3.718749999999999833e-02,1.644368693437957063e+01,1.000000000000000036e-10,7.146295955664227486e-05,-1.233987767784810659e-05
7.812500000000000000e-02,3.718749999999999833e-02,1.555150920353313992e+01,1.000000000000000036e-10,7.131406509158308578e-05,-1.053478701063127377e-05
7.937500000000000111e-02,3.718749999999999833e-02,1.466083530708999305e+01,1.000000000000000036e-10,7.121393208428747628e-05,-8.989628574308879854e-06
8.062500000000000222e-02,3.718749999999999833e-02,1.377116090142595262e+01,1.000000000000000036e-10,7.114811014535807527e-05,-7.666599460005015865e-06
8.187500000000000333e-02,3.718749999999999833e-02,1.288213255345604047e+01,1.000000000000000036e-10,7.110624179818841200e-05,-6.533168068665416565e-06
8.312500000000000444e-02,3.718749999999999833e-02,1.199350485647124209e+01,1.000000000000000036e-10,7.108092222364104443e-05,-5.561373857688635408e-06
8.437500000000000555e-02,3.718749999999999833e-02,1.110510949786501378e+01,1.000000000000000036e-10,7.106687543686602507e-05,-4.727195154245008755e-06
8.562500000000000666e-02,3.718749999999999833e-02,1.021683297054959105e+01,1.000000000000000036e-10,7.106035831200819782e-05,-4.009987857957780849e-06
8.687500000000000777e-02,3.718749999999999833e-02,9.328600540064808655e+00,1.000000000000000036e-10,7.105872924805280968e-05,-3.391992254693433632e-06
8.812499999999999500e-02,3.718749999999999833e-02,8.440364739348270362e+00,1.000000000000000036e-10,7.106013604406738308e-05,-2.857902383242389545e-06
8.937499999999999611e-02,3.718749999999999833e-02,7.552097138963123513e+00,1.000000000000000036e-10,7.106329018528517792e-05,-2.394491230587547221e-06
9.062499999999999722e-02,3.718749999999999833e-02,6.663782484716140431e+00,1.000000000000000036e-10,7.106730380156242761e-05,-1.990284771990999909e-06
9.187499999999999833e-02,3.718749999999999833e-02,5.775414543924062727e+00,1.000000000000000036e-10,7.107157209446483012e-05,-1.635278097310858863e-06
9.312499999999999944e-02,3.718749999999999833e-02,4.886993182354519405e+00,1.000000000000000036e-10,7.107568876089344551e-05,-1.320687323717493002e-06
9.437500000000000056e-02,3.718749999999999833e-02,3.998522324901726321e+00,1.000000000000000036e-10,7.107938537798237590e-05,-1.038731540344244102e-06
9.562500000000000167e-02,3.718749999999999833e-02,3.110008547904959730e+00,1.000000000000000036e-10,7.108248821836331472e-05,-7.824395787080715955e-07
9.687500000000000278e-02,3.718749999999999833e-02,2.221460119442642878e+00,1.000000000000000036e-10,7.108488779768635829e-05,-5.454769081839927005e-07
9.812500000000000389e-02,3.718749999999999833e-02,1.332886352962800336e+00,1.000000000000000036e-10,7.108651780691705791e-05,-3.219883949928003138e-07
9.937500000000000500e-02,3.718749999999999833e-02,4.442971742697159332e-01,1.000000000000000036e-10,7.108734108930063553e-05,-1.064530253372053434e-07
6.250000000000000130e-04,3.781249999999999889e-02,9.955503684809215770e+01,1.000000000000000036e-10,7.119455435451412569e-05,1.063313976328572372e-07
1.874999999999999931e-03,3.781249999999999889e-02,9.866509929304498883e+01,1.000000000000000036e-10,7.119637461831983196e-05,3.216115319867184485e-07
3.125000000000000173e-03,3.781249999999999889e-02,9.777512748263416142e+01,1.000000000000000036e-10,7.120009678971995224e-05,5.448076901063813073e-07
4.375000000000000416e-03,3.781249999999999889e-02,9.688509687330198972e+01,1.000000000000000036e-10,7.120588978388126607e-05,7.814120893647213373e-07
5.624999999999999792e-03,3.781249999999999889e-02,9.599498023803712954e+01,1.000000000000000036e-10,7.121402153617053794e-05,1.037244573730049234e-06
6.875000000000000035e-03,3.781249999999999889e-02,9.510474633489772600e+01,1.000000000000000036e-10,7.122487790615422080e-05,1.318594413880873314e-06
8.125000000000000278e-03,3.781249999999999889e-02,9.421435829038327370e+01,1.000000000000000036e-10,7.123899040969830282e-05,1.632373088589246970e-06
9.374999999999999653e-03,3.781249999999999889e-02,9.332377157465526807e+01,1.000000000000000036e-10,7.125707525016479514e-05,1.986281506931390632e-06
1.062500000000000076e-02,3.781249999999999889e-02,9.243293140912915362e+01,1.000000000000000036e-10,7.128008715358303811e-05,2.388995352073379303e-06
1.187500000000000014e-02,3.781249999999999889e-02,9.154176939581569172e+01,1.000000000000000036e-10,7.130929288182128486e-05,2.850372468241175193e-06
1.312499999999999951e-02,3.781249999999999889e-02,9.065019908708362095e+01,1.000000000000000036e-10,7.134637113411938575e-05,3.381686441546207081e-06
1.437500000000000062e-02,3.781249999999999889e-02,8.975811011746270651e+01,1.000000000000000036e-10,7.139354802917011189e-05,3.995890691595604287e-06
1.562500000000000000e-02,3.781249999999999889e-02,8.886536038635436796e+01,1.000000000000000036e-10,7.145378072895196904e-05,4.707917408280762518e-06
1.687500000000000111e-02,3.781249999999999889e-02,8.797176559923890693e+01,1.000000000000000036e-10,7.153100635367250150e-05,5.535015397897495146e-06
1.812499999999999875e-02,3.781249999999999889e-02,8.707708522751255487e+01,1.000000000000000036e-10,7.163047960209324564e-05,6.497130116972583978e-06
1.937499999999999986e-02,3.781249999999999889e-02,8.618100360918657543e+01,1.000000000000000036e-10,7.175923107270761460e-05,7.617327502811122061e-06
2.062500000000000097e-02,3.781249999999999889e-02,8.528310445069486434e+01,1.000000000000000036e-10,7.192669008831102792e-05,8.922260054240494935e-06
2.187500000000000208e-02,3.781249999999999889e-02,8.438283635697879959e+01,1.000000000000000036e-10,7.214553218516583043e-05,1.044266797862746811e-05
2.312499999999999972e-02,3.781249999999999889e-02,8.347946614606571814e+01,1.000000000000000036e-10,7.243283433893622412e-05,1.221389840043911817e-05
2.437500000000000083e-02,3.781249999999999889e-02,8.257201549850539379e+01,1.000000000000000036e-10,7.281165358149222226e-05,1.427640856370885228e-05
2.562500000000000194e-02,3.781249999999999889e-02,8.165917480652841220e+01,1.000000000000000036e-10,7.331319181369563127e-05,1.667618873693640626e-05
2.687499999999999958e-02,3.781249999999999889e-02,8.073918570316300247e+01,1.000000000000000036e-10,7.397977847109415083e-05,1.946498478505076963e-05
2.812500000000000069e-02,3.781249999999999889e-02,7.980968034475105810e+01,1.000000000000000036e-10,7.486900043606793415e-05,2.270009203520316482e-05
2.937500000000000180e-02,3.781249999999999889e-02,7.886746069226130373e+01,1.000000000000000036e-10,7.605942885357135942e-05,2.644327277155525228e-05
3.062499999999999944e-02,3.781249999999999889e-02,7.790819462341177370e+01,1.000000000000000036e-10,7.765846741400023970e-05,3.075790793575037673e-05
3.187500000000000056e-02,3.781249999999999889e-02,7.692599900691129733e+01,1.000000000000000036e-10,7.981262769469820795e-05,3.570268055202290307e-05
3.312500000000000167e-02,3.781249999999999889e-02,7.591287893104431816e+01,1.000000000000000036e-10,8.271941135406050678e-05,4.131893862303626921e-05
3.437500000000000278e-02,3.781249999999999889e-02,7.485801372305978418e+01,1.000000000000000036e-10,8.663696716616810516e-05,4.760846918821243375e-05
3.562500000000000389e-02,3.781249999999999889e-02,7.374695475189011518e+01,1.000000000000000036e-10,9.188340155562113945e-05,5.450382650167511335e-05
3.687499999999999806e-02,3.781249999999999889e-02,7.256092868416925512e+01,1.000000000000000036e-10,9.884006829092752816e-05,6.186933391439991461e-05
3.812499999999999917e-02,3.781249999999999889e-02,7.127595304461692649e+01,1.000000000000000036e-10,1.083079420891084303e-04,6.973003949532425910e-05
3.937500000000000028e-02,3.781249999999999889e-02,6.985323013194154385e+01,1.000000000000000036e-10,1.242037620225164339e-04,7.859116755252783520e-05
4.062500000000000139e-02,3.781249999999999889e-02,6.817085899405401506e+01,1.000000000000000036e-10,1.367779747427186777e-04,6.916303631860726232e-05
4.187500000000000250e-02,3.781249999999999889e-02,6.643378076337357641e+01,1.000000000000000036e-10,7.113364299929317172e-05,3.453788938754509519e-05
4.312500000000000361e-02,3.781249999999999889e-02,6.435000712612809082e+01,9.999999999999999799e-13,2.659695428893059088e-06,1.731899390416000328e-07
4.437499999999999778e-02,3.781249999999999889e-02,6.182705298408452421e+01,9.999999999999999799e-13,2.064365780270341623e-06,-1.509904894428984712e-07
4.562499999999999889e-02,3.781249999999999889e-02,5.918909267545223685e+01,9.999999999999999799e-13,2.079332050625689418e-06,-3.841533212030867886e-08
4.687500000000000000e-02,3.781249999999999889e-02,5.662872285752030166e+01,9.999999999999999799e-13,2.081957886031526193e-06,-9.710677566632171218e-08
4.812500000000000111e-02,3.781249999999999889e-02,5.398419796037342167e+01,9.999999999999999799e-13,2.122431050922369730e-06,-4.797679487837740205e-08
4.937500000000000222e-02,3.781249999999999889e-02,5.132264523021437697e+01,9.999999999999999799e-13,2.122737276219533291e-06,-5.146870185939179139e-09
5.062500000000000333e-02,3.781249999999999889e-02,4.867735476982458920e+01,9.999999999999999799e-13,2.122737276219567172e-06,5.146870185910757214e-09
5.187500000000000444e-02,3.781249999999999889e-02,4.601580203966545923e+01,9.999999999999999799e-13,2.122431050922455280e-06,4.797679487831488043e-08
5.312499999999999861e-02,3.781249999999999889e-02,4.337127714251845134e+01,9.999999999999999799e-13,2.081957886031679506e-06,9.710677566623645302e-08
5.437499999999999972e-02,3.781249999999999889e-02,4.081090732458626036e+01,9.999999999999999799e-13,2.079332050625924893e-06,3.841533212021772870e-08
5.562500000000000083e-02,3.781249999999999889e-02,3.817294701595363904e+01,9.999999999999999799e-13,2.064365780270628767e-06,1.509904894428529962e-07
5.687500000000000194e-02,3.781249999999999889e-02,3.564999287390968874e+01,9.999999999999999799e-13,2.659695428893578743e-06,-1.731899390416958534e-07
5.812500000000000305e-02,3.781249999999999889e-02,3.356621923666374130e+01,1.000000000000000036e-10,7.113364299930973291e-05,-3.453788938755486657e-05
5.937500000000000416e-02,3.781249999999999889e-02,3.182914100598289764e+01,1.000000000000000036e-10,1.367779747427519356e-04,-6.916303631863028806e-05
6.062499999999999833e-02,3.781249999999999889e-02,3.014676986809494252e+01,1.000000000000000036e-10,1.242037620225465476e-04,-7.859116755255652590e-05
6.187499999999999944e-02,3.781249999999999889e-02,2.872404695541923303e+01,1.000000000000000036e-10,1.083079420891362808e-04,-6.973003949534727129e-05
6.312500000000000056e-02,3.781249999999999889e-02,2.743907131586653492e+01,1.000000000000000036e-10,9.884006829095765543e-05,-6.186933391441924051e-05
6.437500000000000167e-02,3.781249999999999889e-02,2.625304524814529117e+01,1.000000000000000036e-10,9.188340155565310986e-05,-5.450382650169216243e-05
6.562500000000000278e-02,3.781249999999999889e-02,2.514198627697520649e+01,1.000000000000000036e-10,8.663696716620277252e-05,-4.760846918822494273e-05
6.687500000000000389e-02,3.781249999999999889e-02,2.408712106899022132e+01,1.000000000000000036e-10,8.271941135409845386e-05,-4.131893862304593216e-05
6.812500000000000500e-02,3.781249999999999889e-02,2.307400099312274477e+01,1.000000000000000036e-10,7.981262769474126433e-05,-3.570268055203171221e-05
6.937500000000000611e-02,3.781249999999999889e-02,2.209180537662168931e+01,1.000000000000000036e-10,7.765846741404855446e-05,-3.075790793576117132e-05
7.062500000000000722e-02,3.781249999999999889e-02,2.113253930777153045e+01,1.000000000000000036e-10,7.605942885362252021e-05,-2.644327277156548444e-05
7.187500000000000833e-02,3.781249999999999889e-02,2.019031965528112593e+01,1.000000000000000036e-10,7.486900043612236110e-05,-2.270009203520885011e-05
7.312499999999999556e-02,3.781249999999999889e-02,1.926081429686847102e+01,1.000000000000000036e-10,7.397977847115668219e-05,-1.946498478505446608e-05
7.437499999999999667e-02,3.781249999999999889e-02,1.834082519350220863e+01,1.000000000000000036e-10,7.331319181376087313e-05,-1.667618873693953350e-05
7.562499999999999778e-02,3.781249999999999889e-02,1.742798450152444900e+01,1.000000000000000036e-10,7.281165358155944280e-05,-1.427640856370942149e-05
7.687499999999999889e-02,3.781249999999999889e-02,1.652053385396322227e+01,1.000000000000000036e-10,7.243283433901103407e-05,-1.221389840044053949e-05
7.812500000000000000e-02,3.781249999999999889e-02,1.561716364304917271e+01,1.000000000000000036e-10,7.214553218524755217e-05,-1.044266797862647200e-05
7.937500000000000111e-02,3.781249999999999889e-02,1.471689554933203326e+01,1.000000000000000036e-10,7.192669008839849593e-05,-8.922260054239783427e-06
8.062500000000000222e-02,3.781249999999999889e-02,1.381899639083921016e+01,1.000000000000000036e-10,7.175923107279885021e-05,-7.617327502807283307e-06
8.187500000000000333e-02,3.781249999999999889e-02,1.292291477251206189e+01,1.000000000000000036e-10,7.163047960218960411e-05,-6.497130116972157921e-06
8.312500000000000444e-02,3.781249999999999889e-02,1.202823440078446993e+01,1.000000000000000036e-10,7.153100635377475532e-05,-5.535015397900194640e-06
8.437500000000000555e-02,3.781249999999999889e-02,1.113463961366769261e+01,1.000000000000000036e-10,7.145378072905897980e-05,-4.707917408287016162e-06
8.562500000000000666e-02,3.781249999999999889e-02,1.024188988255799515e+01,1.000000000000000036e-10,7.139354802928330260e-05,-3.995890691598303781e-06
8.687500000000000777e-02,3.781249999999999889e-02,9.349800912935609887e+00,1.000000000000000036e-10,7.134637113423542248e-05,-3.381686441550470197e-06
8.812499999999999500e-02,3.781249999999999889e-02,8.458230604202109149e+00,1.000000000000000036e-10,7.130929288194336603e-05,-2.850372468245580612e-06
8.937499999999999611e-02,3.781249999999999889e-02,7.567068590887025437e+00,1.000000000000000036e-10,7.128008715371548696e-05,-2.388995352078779562e-06
9.062499999999999722e-02,3.781249999999999889e-02,6.676228425359221674e+00,1.000000000000000036e-10,7.125707525030341039e-05,-1.986281506932385472e-06
9.187499999999999833e-02,3.781249999999999889e-02,5.785641709629439688e+00,1.000000000000000036e-10,7.123899040984243394e-05,-1.632373088590099720e-06
9.312499999999999944e-02,3.781249999999999889e-02,4.895253665113160402e+00,1.000000000000000036e-10,7.122487790630260742e-05,-1.318594413882507664e-06
9.437500000000000056e-02,3.781249999999999889e-02,4.005019761971873926e+00,1.000000000000000036e-10,7.121402153632323427e-05,-1.037244573733886082e-06
9.562500000000000167e-02,3.781249999999999889e-02,3.114903126705079295e+00,1.000000000000000036e-10,7.120588978403562936e-05,-7.814120893650055169e-07
9.687500000000000278e-02,3.781249999999999889e-02,2.224872517370982905e+00,1.000000000000000036e-10,7.120009678987674142e-05,-5.448076901089037714e-07
9.812500000000000389e-02,3.781249999999999889e-02,1.334900706958160432e+00,1.000000000000000036e-10,7.119637461848463069e-05,-3.216115319870204687e-07
9.937500000000000500e-02,3.781249999999999889e-02,4.449631519088668163e-01,1.000000000000000036e-10,7.119455435468107927e-05,-1.063313976329460698e-07
6.250000000000000130e-04,3.843749999999999944e-02,9.955437368326090564e+01,1.000000000000000036e-10,7.130131255394359688e-05,1.055554351546561303e-07
1.874999999999999931e-03,3.843749999999999944e-02,9.866309350289050428e+01,1.000000000000000036e-10,7.130575595299033266e-05,3.192556630392572824e-07
3.125000000000000173e-03,3.843749999999999944e-02,9.777172978443614682e+01,1.000000000000000036e-10,7.131478807621759414e-05,5.407864117478311132e-07
4.375000000000000416e-03,3.843749999999999944e-02,9.688022380098506403e+01,1.000000000000000036e-10,7.132870666002133031e-05,7.755775787404671129e-07
5.624999999999999792e-03,3.843749999999999944e-02,9.598851211793561333e+01,1.000000000000000036e-10,7.134797654008876258e-05,1.029378268175377947e-06
6.875000000000000035e-03,3.843749999999999944e-02,9.509652438748284453e+01,1.000000000000000036e-10,7.137325301817326259e-05,1.308394295404013746e-06
8.125000000000000278e-03,3.843749999999999944e-02,9.420418079248128151e+01,1.000000000000000036e-10,7.140541564084628323e-05,1.619435643960968962e-06
9.374999999999999653e-03,3.843749999999999944e-02,9.331138899646168738e+01,1.000000000000000036e-10,7.144561493316700001e-05,1.970076885171464773e-06
1.062500000000000076e-02,3.843749999999999944e-02,9.241804041915210632e+01,1.000000000000000036e-10,7.149533566580769568e-05,2.368833655809793872e-06
1.187500000000000014e-02,3.843749999999999944e-02,9.152400560481649450e+01,1.000000000000000036e-10,7.155648158868073557e-05,2.825358338961904533e-06
1.312499999999999951e-02,3.843749999999999944e-02,9.062912837943508748e+01,1.000000000000000036e-10,7.163148835961349664e-05,3.350658059215447027e-06
1.437500000000000062e-02,3.843749999999999944e-02,8.973321839582615667e+01,1.000000000000000036e-10,7.172347379526284727e-05,3.957337908576617758e-06
1.562500000000000000e-02,3.843749999999999944e-02,8.883604153455351593e+01,1.000000000000000036e-10,7.183643778991039724e-05,4.659871844091865794e-06
1.687500000000000111e-02,3.843749999999999944e-02,8.793730745107839653e+01,1.000000000000000036e-10,7.197552857788365314e-05,5.474902755746596675e-06
1.812499999999999875e-02,3.843749999999999944e-02,8.703665332010642430e+01,1.000000000000000036e-10,7.214739785054688536e-05,6.421571498588035905e-06
1.937499999999999986e-02,3.843749999999999944e-02,8.613362250481472415e+01,1.000000000000000036e-10,7.236067511390102680e-05,7.521871754213405462e-06
2.062500000000000097e-02,3.843749999999999944e-02,8.522763644225889834e+01,1.000000000000000036e-10,7.262660232210918672e-05,8.801022690931855708e-06
2.187500000000000208e-02,3.843749999999999944e-02,8.431795744676199433e+01,1.000000000000000036e-10,7.295988426460097212e-05,1.028784332226450406e-05
2.312499999999999972e-02,3.843749999999999944e-02,8.340363933564387366e+01,1.000000000000000036e-10,7.337982984910863642e-05,1.201509918766987354e-05
2.437500000000000083e-02,3.843749999999999944e-02,8.248346170053427784e+01,1.000000000000000036e-10,7.391188629190934738e-05,1.401976993381140091e-05
2.562500000000000194e-02,3.843749999999999944e-02,8.155584217834613980e+01,1.000000000000000036e-10,7.458970481588152103e-05,1.634314898874890555e-05
2.687499999999999958e-02,3.843749999999999944e-02,8.061871908013723953e+01,1.000000000000000036e-10,7.545792488221477953e-05,1.903062117137437352e-05
2.812500000000000069e-02,3.843749999999999944e-02,7.966939405629076987e+01,1.000000000000000036e-10,7.657592162612728037e-05,2.213084629444210413e-05
2.937500000000000180e-02,3.843749999999999944e-02,7.870432103948405711e+01,1.000000000000000036e-10,7.802280656084290065e-05,2.569386183620621760e-05
3.062499999999999944e-02,3.843749999999999944e-02,7.771882389226969678e+01,1.000000000000000036e-10,7.990392914408400260e-05,2.976723829926640236e-05
3.187500000000000056e-02,3.843749999999999944e-02,7.670672281088195632e+01,1.000000000000000036e-10,8.235880744418634159e-05,3.438883089810928524e-05
3.312500000000000167e-02,3.843749999999999944e-02,7.565985370616503758e+01,1.000000000000000036e-10,8.556951199401450678e-05,3.957404417235351661e-05
3.437500000000000278e-02,3.843749999999999944e-02,7.456748501103159299e+01,1.000000000000000036e-10,8.976707931365976206e-05,4.529580207301818354e-05
3.562500000000000389e-02,3.843749999999999944e-02,7.341567672332354277e+01,1.000000000000000036e-10,9.523483869393713826e-05,5.145939673200813599e-05
3.687499999999999806e-02,3.843749999999999944e-02,7.218661404368316425e+01,1.000000000000000036e-10,1.023327206564812085e-04,5.788648933514763237e-05
3.812499999999999917e-02,3.843749999999999944e-02,7.085735870691151206e+01,1.000000000000000036e-10,1.116849072317364553e-04,6.430285388786386759e-05
3.937500000000000028e-02,3.843749999999999944e-02,6.939449136288975239e+01,1.000000000000000036e-10,1.244772121299871407e-04,6.967429074416371367e-05
4.062500000000000139e-02,3.843749999999999944e-02,6.774542840366183327e+01,1.000000000000000036e-10,1.355419732594259413e-04,6.626042620215342311e-05
4.187500000000000250e-02,3.843749999999999944e-02,6.600594203140410343e+01,1.000000000000000036e-10,1.420517830593172304e-04,6.700776047576707957e-05
4.312500000000000361e-02,3.843749999999999944e-02,6.419413382717890215e+01,1.000000000000000036e-10,7.426110917207255874e-05,3.583562957964264245e-05
4.437499999999999778e-02,3.843749999999999944e-02,6.193579781080993740e+01,9.999999999999999799e-13,2.881738748712545536e-06,1.739199059476080887e-07
4.562499999999999889e-02,3.843749999999999944e-02,5.920340344668989019e+01,9.999999999999999799e-13,2.094345533438530879e-06,2.288774494853101008e-08
4.687500000000000000e-02,3.843749999999999944e-02,5.669993397721361106e+01,9.999999999999999799e-13,2.074836604156385819e-06,-1.499683057969605197e-07
4.812500000000000111e-02,3.843749999999999944e-02,5.401631193629892635e+01,9.999999999999999799e-13,2.150441894741672550e-06,-5.315449248575419014e-08
4.937500000000000222e-02,3.843749999999999944e-02,5.132382924035943006e+01,9.999999999999999799e-13,2.136056470647744766e-06,7.070426819848308161e-09
5.062500000000000333e-02,3.843749999999999944e-02,4.867617075967956453e+01,9.999999999999999799e-13,2.136056470647770601e-06,-7.070426819893783242e-09
5.187500000000000444e-02,3.843749999999999944e-02,4.598368806374000428e+01,9.999999999999999799e-13,2.150441894741746242e-06,5.315449248569166191e-08
5.312499999999999861e-02,3.843749999999999944e-02,4.330006602282519879e+01,9.999999999999999799e-13,2.074836604156533626e-06,1.499683057968979981e-07
5.437499999999999972e-02,3.843749999999999944e-02,4.079659655334867097e+01,9.999999999999999799e-13,2.094345533438775248e-06,-2.288774494862195363e-08
5.562500000000000083e-02,3.843749999999999944e-02,3.806420218922826137e+01,9.999999999999999799e-13,2.881738748712983452e-06,-1.739199059477040681e-07
5.687500000000000194e-02,3.843749999999999944e-02,3.580586617285892714e+01,1.000000000000000036e-10,7.426110917208848295e-05,-3.583562957965011667e-05
5.812500000000000305e-02,3.843749999999999944e-02,3.399405796863333507e+01,1.000000000000000036e-10,1.420517830593481844e-04,-6.700776047578528062e-05
5.937500000000000416e-02,3.843749999999999944e-02,3.225457159637522153e+01,1.000000000000000036e-10,1.355419732594577626e-04,-6.626042620217559504e-05
6.062499999999999833e-02,3.843749999999999944e-02,3.060550863714689029e+01,1.000000000000000036e-10,1.244772121300180947e-04,-6.967429074418672586e-05
6.187499999999999944e-02,3.843749999999999944e-02,2.914264129312476825e+01,1.000000000000000036e-10,1.116849072317668671e-04,-6.430285388788289534e-05
6.312500000000000056e-02,3.843749999999999944e-02,2.781338595635271815e+01,1.000000000000000036e-10,1.023327206565119050e-04,-5.788648933516297383e-05
6.437500000000000167e-02,3.843749999999999944e-02,2.658432327671197015e+01,1.000000000000000036e-10,9.523483869396982696e-05,-5.145939673202347745e-05
6.562500000000000278e-02,3.843749999999999944e-02,2.543251498900347229e+01,1.000000000000000036e-10,8.976707931369616415e-05,-4.529580207303040792e-05
6.687500000000000389e-02,3.843749999999999944e-02,2.434014629386956585e+01,1.000000000000000036e-10,8.556951199405332122e-05,-3.957404417236544961e-05
6.812500000000000500e-02,3.843749999999999944e-02,2.329327718915213907e+01,1.000000000000000036e-10,8.235880744422927600e-05,-3.438883089811979523e-05
6.937500000000000611e-02,3.843749999999999944e-02,2.228117610776383373e+01,1.000000000000000036e-10,7.990392914413219539e-05,-2.976723829927663452e-05
7.062500000000000722e-02,3.843749999999999944e-02,2.129567896054883391e+01,1.000000000000000036e-10,7.802280656089491525e-05,-2.569386183621531473e-05
7.187500000000000833e-02,3.843749999999999944e-02,2.033060594374146035e+01,1.000000000000000036e-10,7.657592162618284573e-05,-2.213084629444977486e-05
7.312499999999999556e-02,3.843749999999999944e-02,1.938128091989426238e+01,1.000000000000000036e-10,7.545792488227788010e-05,-1.903062117137721955e-05
7.437499999999999667e-02,3.843749999999999944e-02,1.844415782168451301e+01,1.000000000000000036e-10,7.458970481594788776e-05,-1.634314898875259862e-05
7.562499999999999778e-02,3.843749999999999944e-02,1.751653829949556496e+01,1.000000000000000036e-10,7.391188629197740817e-05,-1.401976993380912748e-05
7.687499999999999889e-02,3.843749999999999944e-02,1.659636066438507740e+01,1.000000000000000036e-10,7.337982984918374452e-05,-1.201509918766901973e-05
7.812500000000000000e-02,3.843749999999999944e-02,1.568204255326597085e+01,1.000000000000000036e-10,7.295988426468346636e-05,-1.028784332226464636e-05
7.937500000000000111e-02,3.843749999999999944e-02,1.477236355776799037e+01,1.000000000000000036e-10,7.262660232219708841e-05,-8.801022690931998009e-06
8.062500000000000222e-02,3.843749999999999944e-02,1.386637749521104368e+01,1.000000000000000036e-10,7.236067511399191005e-05,-7.521871754212126443e-06
8.187500000000000333e-02,3.843749999999999944e-02,1.296334667991819245e+01,1.000000000000000036e-10,7.214739785064195633e-05,-6.421571498587751301e-06
8.312500000000000444e-02,3.843749999999999944e-02,1.206269254894499454e+01,1.000000000000000036e-10,7.197552857798363013e-05,-5.474902755747733393e-06
8.437500000000000555e-02,3.843749999999999944e-02,1.116395846546860149e+01,1.000000000000000036e-10,7.183643779001697431e-05,-4.659871844097977137e-06
8.562500000000000666e-02,3.843749999999999944e-02,1.026678160419456987e+01,1.000000000000000036e-10,7.172347379537645810e-05,-3.957337908579033496e-06
8.687500000000000777e-02,3.843749999999999944e-02,9.370871620584189543e+00,1.000000000000000036e-10,7.163148835972918101e-05,-3.350658059221841702e-06
8.812499999999999500e-02,3.843749999999999944e-02,8.475994395201340126e+00,1.000000000000000036e-10,7.155648158880325042e-05,-2.825358338964320695e-06
8.937499999999999611e-02,3.843749999999999944e-02,7.581959580864108261e+00,1.000000000000000036e-10,7.149533566594178438e-05,-2.368833655814767650e-06
9.062499999999999722e-02,3.843749999999999944e-02,6.688611003552795253e+00,1.000000000000000036e-10,7.144561493330675367e-05,-1.970076885172601915e-06
9.187499999999999833e-02,3.843749999999999944e-02,5.795819207531438977e+00,1.000000000000000036e-10,7.140541564098976384e-05,-1.619435643960329452e-06
9.312499999999999944e-02,3.843749999999999944e-02,4.903475612528050753e+00,1.000000000000000036e-10,7.137325301832155434e-05,-1.308394295407637353e-06
9.437500000000000056e-02,3.843749999999999944e-02,4.011487882073399902e+00,1.000000000000000036e-10,7.134797654024112009e-05,-1.029378268178575497e-06
9.562500000000000167e-02,3.843749999999999944e-02,3.119776199022022301e+00,1.000000000000000036e-10,7.132870666017581557e-05,-7.755775787436645564e-07
9.687500000000000278e-02,3.843749999999999944e-02,2.228270215569004176e+00,1.000000000000000036e-10,7.131478807637535910e-05,-5.407864117503889410e-07
9.812500000000000389e-02,3.843749999999999944e-02,1.336906497112638093e+00,1.000000000000000036e-10,7.130575595315505008e-05,-3.192556630393283273e-07
9.937500000000000500e-02,3.843749999999999944e-02,4.456263167401277592e-01,1.000000000000000036e-10,7.130131255411061822e-05,-1.055554351566545457e-07
6.250000000000000130e-04,3.906250000000000000e-02,9.955371740515272450e+01,1.000000000000000036e-10,7.140695990361109274e-05,1.041321332854749865e-07
1.874999999999999931e-03,3.906250000000000000e-02,9.866110859725699811e+01,1.000000000000000036e-10,7.141399010661642023e-05,3.149421638818238704e-07
3.125000000000000173e-03,3.906250000000000000e-02,9.776836765248731353e+01,1.000000000000000036e-10,7.142825774757055493e-05,5.334500288188336832e-07
4.375000000000000416e-03,3.906250000000000000e-02,9.687540215356773388e+01,1.000000000000000036e-10,7.145018571209503684e-05,7.649906875087706313e-07
5.624999999999999792e-03,3.906250000000000000e-02,9.598211300968493731e+01,1.000000000000000036e-10,7.148042989450230692e-05,1.015208128171707007e-06
6.875000000000000035e-03,3.906250000000000000e-02,9.508839140620517583e+01,1.000000000000000036e-10,7.151990659404701737e-05,1.290187846600474265e-06
8.125000000000000278e-03,3.906250000000000000e-02,9.419411534483376158e+01,1.000000000000000036e-10,7.156983170458202791e-05,1.596598226167315914e-06
9.374999999999999653e-03,3.906250000000000000e-02,9.329914561359062475e+01,1.000000000000000036e-10,7.163177425608920675e-05,1.941843381052876361e-06
1.062500000000000076e-02,3.906250000000000000e-02,9.240332098843153119e+01,1.000000000000000036e-10,7.170772788047825841e-05,2.334229981421458020e-06
1.187500000000000014e-02,3.906250000000000000e-02,9.150645241657866791e+01,1.000000000000000036e-10,7.180020508352412097e-05,2.783150450406992053e-06
1.312499999999999951e-02,3.906250000000000000e-02,9.060831586134342785e+01,1.000000000000000036e-10,7.191236091892675591e-05,3.299284644615453820e-06
1.437500000000000062e-02,3.906250000000000000e-02,8.970864339360549877e+01,1.000000000000000036e-10,7.204815492160832318e-05,3.894821604017124022e-06
1.562500000000000000e-02,3.906250000000000000e-02,8.880711198830321962e+01,1.000000000000000036e-10,7.221256315253696528e-05,4.583702035874920362e-06
1.687500000000000111e-02,3.906250000000000000e-02,8.790332931479207446e+01,1.000000000000000036e-10,7.241185618092060307e-05,5.381880655795612020e-06
1.812499999999999875e-02,3.906250000000000000e-02,8.699681558378020441e+01,1.000000000000000036e-10,7.265396410132665597e-05,6.307605002006083928e-06
1.937499999999999986e-02,3.906250000000000000e-02,8.608698021225890784e+01,1.000000000000000036e-10,7.294895666887951137e-05,7.381703335341852239e-06
2.062500000000000097e-02,3.906250000000000000e-02,8.517309166705821610e+01,1.000000000000000036e-10,7.330967587233655773e-05,8.627867903969670767e-06
2.187500000000000208e-02,3.906250000000000000e-02,8.425423831545049325e+01,1.000000000000000036e-10,7.375257043353483427e-05,1.007290985738336226e-05
2.312499999999999972e-02,3.906250000000000000e-02,8.332927740621984469e+01,1.000000000000000036e-10,7.429879764470966746e-05,1.174694625471601939e-05
2.437500000000000083e-02,3.906250000000000000e-02,8.239676837433275125e+01,1.000000000000000036e-10,7.497567848203173996e-05,1.368345422671040751e-05
2.562500000000000194e-02,3.906250000000000000e-02,8.145488544416905086e+01,1.000000000000000036e-10,7.581861743247711926e-05,1.591908595864310454e-05
2.687499999999999958e-02,3.906250000000000000e-02,8.050130293852082275e+01,1.000000000000000036e-10,7.687362712394074334e-05,1.849306932258400329e-05
2.812500000000000069e-02,3.906250000000000000e-02,7.953304476607053175e+01,1.000000000000000036e-10,7.820062076848384772e-05,2.144590294901263047e-05
2.937500000000000180e-02,3.906250000000000000e-02,7.854628741930872593e+01,1.000000000000000036e-10,7.987762485598350515e-05,2.481686067053714615e-05
3.062499999999999944e-02,3.906250000000000000e-02,7.753610414467094358e+01,1.000000000000000036e-10,8.200595194495177861e-05,2.863951462883846362e-05
3.187500000000000056e-02,3.906250000000000000e-02,7.649613862068493120e+01,1.000000000000000036e-10,8.471603063124177185e-05,3.293407607534617733e-05
3.312500000000000167e-02,3.906250000000000000e-02,7.541820337888989911e+01,1.000000000000000036e-10,8.817289694151496610e-05,3.769501356507020708e-05
3.437500000000000278e-02,3.906250000000000000e-02,7.429181619714705676e+01,1.000000000000000036e-10,9.257964344599541485e-05,4.287267576824431957e-05
3.562500000000000389e-02,3.906250000000000000e-02,7.310371229274001337e+01,1.000000000000000036e-10,9.817874518668587064e-05,4.834909247630206840e-05
3.687499999999999806e-02,3.906250000000000000e-02,7.183734756747990957e+01,1.000000000000000036e-10,1.052617968688554007e-04,5.390632676849462293e-05
3.812499999999999917e-02,3.906250000000000000e-02,7.047216737101862805e+01,1.000000000000000036e-10,1.142018427936164710e-04,5.913690020450757337e-05
3.937500000000000028e-02,3.906250000000000000e-02,6.898230149763949726e+01,1.000000000000000036e-10,1.251825481796612185e-04,6.295373928537513746e-05
4.062500000000000139e-02,3.906250000000000000e-02,6.734260366652709706e+01,1.000000000000000036e-10,1.354447096085203538e-04,6.231751638179614840e-05
4.187500000000000250e-02,3.906250000000000000e-02,6.559618375742648766e+01,1.000000000000000036e-10,1.437331443645814338e-04,6.355154801815272338e-05
4.312500000000000361e-02,3.906250000000000000e-02,6.374927505741256084e+01,1.000000000000000036e-10,1.530035609896924424e-04,6.855197066832657458e-05
4.437499999999999778e-02,3.906250000000000000e-02,6.177109473268417617e+01,1.000000000000000036e-10,8.119502426708990854e-05,3.905153239024539684e-05
4.562499999999999889e-02,3.906250000000000000e-02,5.916048299426657309e+01,9.999999999999999799e-13,3.005531179754565308e-06,6.337184119546099887e-07
4.687500000000000000e-02,3.906250000000000000e-02,5.681618323976650231e+01,9.999999999999999799e-13,2.043936767314383580e-06,-2.702473019417620725e-07
4.812500000000000111e-02,3.906250000000000000e-02,5.405064107598061440e+01,9.999999999999999799e-13,2.200950417230774764e-06,-4.918496659174138176e-08
4.937500000000000222e-02,3.906250000000000000e-02,5.131380719668956658e+01,9.999999999999999799e-13,2.145779309052463602e-06,3.787916706195915137e-08
5.062500000000000333e-02,3.906250000000000000e-02,4.868619280334945643e+01,9.999999999999999799e-13,2.145779309052489013e-06,-3.787916706201599522e-08
5.187500000000000444e-02,3.906250000000000000e-02,4.594935892405834466e+01,9.999999999999999799e-13,2.200950417230850997e-06,4.918496659169022891e-08
5.312499999999999861e-02,3.906250000000000000e-02,4.318381676027232885e+01,9.999999999999999799e-13,2.043936767314522917e-06,2.702473019417112506e-07
5.437499999999999972e-02,3.906250000000000000e-02,4.083951700577203781e+01,9.999999999999999799e-13,3.005531179754946896e-06,-6.337184119546947979e-07
5.562500000000000083e-02,3.906250000000000000e-02,3.822890526735406524e+01,1.000000000000000036e-10,8.119502426710298673e-05,-3.905153239025341993e-05
5.687500000000000194e-02,3.906250000000000000e-02,3.625072494262536082e+01,1.000000000000000036e-10,1.530035609897202793e-04,-6.855197066834079118e-05
5.812500000000000305e-02,3.906250000000000000e-02,3.440381624261105742e+01,1.000000000000000036e-10,1.437331443646107073e-04,-6.355154801816978601e-05
5.937500000000000416e-02,3.906250000000000000e-02,3.265739633351009275e+01,1.000000000000000036e-10,1.354447096085511994e-04,-6.231751638181490510e-05
6.062499999999999833e-02,3.906250000000000000e-02,3.101769850239727688e+01,1.000000000000000036e-10,1.251825481796929043e-04,-6.295373928539617098e-05
6.187499999999999944e-02,3.906250000000000000e-02,2.952783262901776951e+01,1.000000000000000036e-10,1.142018427936481568e-04,-5.913690020452519165e-05
6.312500000000000056e-02,3.906250000000000000e-02,2.816265243255607231e+01,1.000000000000000036e-10,1.052617968688873576e-04,-5.390632676851110958e-05
6.437500000000000167e-02,3.906250000000000000e-02,2.689628770729558482e+01,1.000000000000000036e-10,9.817874518671941314e-05,-4.834909247631854828e-05
6.562500000000000278e-02,3.906250000000000000e-02,2.570818380288808669e+01,1.000000000000000036e-10,9.257964344603180338e-05,-4.287267576825342009e-05
6.687500000000000389e-02,3.906250000000000000e-02,2.458179662114478958e+01,1.000000000000000036e-10,8.817289694155376698e-05,-3.769501356508072384e-05
6.812500000000000500e-02,3.906250000000000000e-02,2.350386137934924236e+01,1.000000000000000036e-10,8.471603063128568204e-05,-3.293407607535555568e-05
6.937500000000000611e-02,3.906250000000000000e-02,2.246389585536264732e+01,1.000000000000000036e-10,8.200595194500081165e-05,-2.863951462884642234e-05
7.062500000000000722e-02,3.906250000000000000e-02,2.145371258072422194e+01,1.000000000000000036e-10,7.987762485603595343e-05,-2.481686067054340064e-05
7.187500000000000833e-02,3.906250000000000000e-02,2.046695523396174821e+01,1.000000000000000036e-10,7.820062076854141886e-05,-2.144590294901746195e-05
7.312499999999999556e-02,3.906250000000000000e-02,1.949869706151068627e+01,1.000000000000000036e-10,7.687362712400526692e-05,-1.849306932258769636e-05
7.437499999999999667e-02,3.906250000000000000e-02,1.854511455586161617e+01,1.000000000000000036e-10,7.581861743254490900e-05,-1.591908595864708560e-05
7.562499999999999778e-02,3.906250000000000000e-02,1.760323162569706312e+01,1.000000000000000036e-10,7.497567848210122377e-05,-1.368345422670728026e-05
7.687499999999999889e-02,3.906250000000000000e-02,1.667072259380908505e+01,1.000000000000000036e-10,7.429879764478327124e-05,-1.174694625471402887e-05
7.812500000000000000e-02,3.906250000000000000e-02,1.574576168457748082e+01,1.000000000000000036e-10,7.375257043361605456e-05,-1.007290985738549509e-05
7.937500000000000111e-02,3.906250000000000000e-02,1.482690833296868327e+01,1.000000000000000036e-10,7.330967587242474403e-05,-8.627867903971234389e-06
8.062500000000000222e-02,3.906250000000000000e-02,1.391301978776686177e+01,1.000000000000000036e-10,7.294895666897096382e-05,-7.381703335343841072e-06
8.187500000000000333e-02,3.906250000000000000e-02,1.300318441624440879e+01,1.000000000000000036e-10,7.265396410142179471e-05,-6.307605002007219799e-06
8.312500000000000444e-02,3.906250000000000000e-02,1.209667068523131661e+01,1.000000000000000036e-10,7.241185618101964494e-05,-5.381880655797316251e-06
8.437500000000000555e-02,3.906250000000000000e-02,1.119288801171891734e+01,1.000000000000000036e-10,7.221256315264332551e-05,-4.583702035875914779e-06
8.562500000000000666e-02,3.906250000000000000e-02,1.029135660641523309e+01,1.000000000000000036e-10,7.204815492172136481e-05,-3.894821604019397458e-06
8.687500000000000777e-02,3.906250000000000000e-02,9.391684138675882920e+00,1.000000000000000036e-10,7.191236091904279265e-05,-3.299284644618438341e-06
8.812499999999999500e-02,3.906250000000000000e-02,8.493547583439163162e+00,1.000000000000000036e-10,7.180020508364690687e-05,-2.783150450406139515e-06
8.937499999999999611e-02,3.906250000000000000e-02,7.596679011584710040e+00,1.000000000000000036e-10,7.170772788061134423e-05,-2.334229981423731456e-06
9.062499999999999722e-02,3.906250000000000000e-02,6.700854386423879205e+00,1.000000000000000036e-10,7.163177425623062737e-05,-1.941843381055576279e-06
9.187499999999999833e-02,3.906250000000000000e-02,5.805884655178943810e+00,1.000000000000000036e-10,7.156983170472492575e-05,-1.596598226165895016e-06
9.312499999999999944e-02,3.906250000000000000e-02,4.911608593805755874e+00,1.000000000000000036e-10,7.151990659419349308e-05,-1.290187846602108403e-06
9.437500000000000056e-02,3.906250000000000000e-02,4.017886990324106122e+00,1.000000000000000036e-10,7.148042989465522008e-05,-1.015208128174336197e-06
9.562500000000000167e-02,3.906250000000000000e-02,3.124597846439375104e+00,1.000000000000000036e-10,7.145018571224972539e-05,-7.649906875120391196e-07
9.687500000000000278e-02,3.906250000000000000e-02,2.231632347517862769e+00,1.000000000000000036e-10,7.142825774772890266e-05,-5.334500288212495270e-07
9.812500000000000389e-02,3.906250000000000000e-02,1.338891402746152037e+00,1.000000000000000036e-10,7.141399010678149001e-05,-3.149421638845594692e-07
9.937500000000000500e-02,3.906250000000000000e-02,4.462825948483249983e-01,1.000000000000000036e-10,7.140695990377906276e-05,-1.041321332880240527e-07
6.250000000000000130e-04,3.968750000000000056e-02,9.955307203159483720e+01,1.000000000000000036e-10,7.151084970252724994e-05,1.020723904127862348e-07
1.874999999999999931e-03,3.968750000000000056e-02,9.865915672584198148e+01,1.000000000000000036e-10,7.152041490075702716e-05,3.087042061406463423e-07
3.125000000000000173e-03,3.968750000000000056e-02,9.776506165907591139e+01,1.000000000000000036e-10,7.153981233803106445e-05,5.228554474524570079e-07
4.375000000000000416e-03,3.968750000000000056e-02,9.687066141739120440e+01,1.000000000000000036e-10,7.156958570969776173e-05,7.497346007835402456e-07
5.624999999999999792e-03,3.968750000000000056e-02,9.597582201633346699e+01,1.000000000000000036e-10,7.161057511963461503e-05,9.948474187297049564e-07
6.875000000000000035e-03,3.968750000000000056e-02,9.508039703940033860e+01,1.000000000000000036e-10,7.166394806717106937e-05,1.264123732512416398e-06
8.125000000000000278e-03,3.968750000000000056e-02,9.418422331465419006e+01,1.000000000000000036e-10,7.173124340807247401e-05,1.564052114538298462e-06
9.374999999999999653e-03,3.968750000000000056e-02,9.328711595419852642e+01,1.000000000000000036e-10,7.181443081079406238e-05,1.901824515568932376e-06
1.062500000000000076e-02,3.968750000000000056e-02,9.238886254438433809e+01,1.000000000000000036e-10,7.191598920048475395e-05,2.285492839882862800e-06
1.187500000000000014e-02,3.968750000000000056e-02,9.148921622418640709e+01,1.000000000000000036e-10,7.203900892027773051e-05,2.724139130542652671e-06
1.312499999999999951e-02,3.968750000000000056e-02,9.058788732137739430e+01,1.000000000000000036e-10,7.218732393641856093e-05,3.228060538716590146e-06
1.437500000000000062e-02,3.968750000000000056e-02,8.968453312577594261e+01,1.000000000000000036e-10,7.236568249089257927e-05,3.808969431344166051e-06
1.562500000000000000e-02,3.968750000000000056e-02,8.877874525910507941e+01,1.000000000000000036e-10,7.257996731579964209e-05,4.480207680638840523e-06
1.687500000000000111e-02,3.968750000000000056e-02,8.787003394288095137e+01,1.000000000000000036e-10,7.283748006094923873e-05,5.256972124273032513e-06
1.812499999999999875e-02,3.968750000000000056e-02,8.695780825758134824e+01,1.000000000000000036e-10,7.314730919032000377e-05,6.156545008643660388e-06
1.937499999999999986e-02,3.968750000000000056e-02,8.604135121312295098e+01,1.000000000000000036e-10,7.352080656488282234e-05,7.198518357650981431e-06
2.062500000000000097e-02,3.968750000000000056e-02,8.511978809345927743e+01,1.000000000000000036e-10,7.397220558312993580e-05,8.404993770810731711e-06
2.187500000000000208e-02,3.968750000000000056e-02,8.419204607354470227e+01,1.000000000000000036e-10,7.451942343997414728e-05,9.800727781525892169e-06
2.312499999999999972e-02,3.968750000000000056e-02,8.325680250745992339e+01,1.000000000000000036e-10,7.518510203377215735e-05,1.141317542809133182e-05
2.437500000000000083e-02,3.968750000000000056e-02,8.231241852270039772e+01,1.000000000000000036e-10,7.599795614387288233e-05,1.327235757961716233e-05
2.562500000000000194e-02,3.968750000000000056e-02,8.135685360386310094e+01,1.000000000000000036e-10,7.699451236381832570e-05,1.541043502053752993e-05
2.687499999999999958e-02,3.968750000000000056e-02,8.038755571360493946e+01,1.000000000000000036e-10,7.822133337739954758e-05,1.786080490817198302e-05
2.812500000000000069e-02,3.968750000000000056e-02,7.940132026942811194e+01,1.000000000000000036e-10,7.973781730010385518e-05,2.065642857980833088e-05
2.937500000000000180e-02,3.968750000000000056e-02,7.839411028110234270e+01,1.000000000000000036e-10,8.161961240075581723e-05,2.382693544567359472e-05
3.062499999999999944e-02,3.968750000000000056e-02,7.736082995940921592e+01,1.000000000000000036e-10,8.396253684648852158e-05,2.739381408635949502e-05
3.187500000000000056e-02,3.968750000000000056e-02,7.629504685994012902e+01,1.000000000000000036e-10,8.688655691230221163e-05,3.136272724178070057e-05
3.312500000000000167e-02,3.968750000000000056e-02,7.518866603660165993e+01,1.000000000000000036e-10,9.053881184046359484e-05,3.571180177942664182e-05
3.437500000000000278e-02,3.968750000000000056e-02,7.403157656392853880e+01,1.000000000000000036e-10,9.509411876927571306e-05,4.037486083724387817e-05
3.562500000000000389e-02,3.968750000000000056e-02,7.281131306736976683e+01,1.000000000000000036e-10,1.007516641940622696e-04,4.521858382456911293e-05
3.687499999999999806e-02,3.968750000000000056e-02,7.151278495907698129e+01,1.000000000000000036e-10,1.077266245205839475e-04,5.000782941588907595e-05
3.812499999999999917e-02,3.968750000000000056e-02,7.011814745435516727e+01,1.000000000000000036e-10,1.162086134901767057e-04,5.432438010993790694e-05
3.937500000000000028e-02,3.968750000000000056e-02,6.860756962182256302e+01,1.000000000000000036e-10,1.260675202186314079e-04,5.734645332270132002e-05
4.062500000000000139e-02,3.968750000000000056e-02,6.696645944888938118e+01,1.000000000000000036e-10,1.358408776258147139e-04,5.790704292645499284e-05
4.187500000000000250e-02,3.968750000000000056e-02,6.521154768117719414e+01,1.000000000000000036e-10,1.451690102025824367e-04,5.915373780708135456e-05
4.312500000000000361e-02,3.968750000000000056e-02,6.333723419382481978e+01,1.000000000000000036e-10,1.570134262511794360e-04,6.239236454254465099e-05
4.437499999999999778e-02,3.968750000000000056e-02,6.128621202489770781e+01,1.000000000000000036e-10,1.822044447452327129e-04,6.851989763030473394e-05
4.562499999999999889e-02,3.968750000000000056e-02,5.878212307519400071e+01,1.000000000000000036e-10,1.743256421347870976e-04,1.419950102078553926e-05
4.687500000000000000e-02,3.968750000000000056e-02,5.692807097152802953e+01,1.000000000000000036e-10,7.641972995019481328e-05,3.559772338774475027e-05
4.812500000000000111e-02,3.968750000000000056e-02,5.407779314453860309e+01,9.999999999999999799e-13,3.378170948758629996e-06,5.251170194839173004e-07
4.937500000000000222e-02,3.968750000000000056e-02,5.127648028153198112e+01,9.999999999999999799e-13,2.141709370412607612e-06,1.093935242484970209e-07
5.062500000000000333e-02,3.968750000000000056e-02,4.872351971850708452e+01,9.999999999999999799e-13,2.141709370412635988e-06,-1.093935242485648894e-07
5.187500000000000444e-02,3.968750000000000056e-02,4.592220685550039150e+01,9.999999999999999799e-13,3.378170948758771451e-06,-5.251170194839795573e-07
5.312499999999999861e-02,3.968750000000000056e-02,4.307192902851082295e+01,1.000000000000000036e-10,7.641972995020344624e-05,-3.559772338774763018e-05
5.437499999999999972e-02,3.968750000000000056e-02,4.121787692484463861e+01,1.000000000000000036e-10,1.743256421348075890e-04,-1.419950102078899515e-05
5.562500000000000083e-02,3.968750000000000056e-02,3.871378797514063308e+01,1.000000000000000036e-10,1.822044447452580290e-04,-6.851989763031836778e-05
5.687500000000000194e-02,3.968750000000000056e-02,3.666276580621318715e+01,1.000000000000000036e-10,1.570134262512070018e-04,-6.239236454255772917e-05
5.812500000000000305e-02,3.968750000000000056e-02,3.478845231886045752e+01,1.000000000000000036e-10,1.451690102026111410e-04,-5.915373780709841042e-05
5.937500000000000416e-02,3.968750000000000056e-02,3.303354055114790810e+01,1.000000000000000036e-10,1.358408776258445837e-04,-5.790704292646977187e-05
6.062499999999999833e-02,3.968750000000000056e-02,3.139243037821434257e+01,1.000000000000000036e-10,1.260675202186629853e-04,-5.734645332271809805e-05
6.187499999999999944e-02,3.968750000000000056e-02,2.988185254568133331e+01,1.000000000000000036e-10,1.162086134902093944e-04,-5.432438010995439359e-05
6.312500000000000056e-02,3.968750000000000056e-02,2.848721504095910717e+01,1.000000000000000036e-10,1.077266245206152267e-04,-5.000782941590443096e-05
6.437500000000000167e-02,3.968750000000000056e-02,2.718868693266595216e+01,1.000000000000000036e-10,1.007516641940986446e-04,-4.521858382458104593e-05
6.562500000000000278e-02,3.968750000000000056e-02,2.596842343610664017e+01,1.000000000000000036e-10,9.509411876931506960e-05,-4.037486083725297191e-05
6.687500000000000389e-02,3.968750000000000056e-02,2.481133396343307496e+01,1.000000000000000036e-10,9.053881184050224665e-05,-3.571180177943517314e-05
6.812500000000000500e-02,3.968750000000000056e-02,2.370495314009408361e+01,1.000000000000000036e-10,8.688655691234641997e-05,-3.136272724178751749e-05
6.937500000000000611e-02,3.968750000000000056e-02,2.263917004062441407e+01,1.000000000000000036e-10,8.396253684653827291e-05,-2.739381408636432650e-05
7.062500000000000722e-02,3.968750000000000056e-02,2.160588971893062649e+01,1.000000000000000036e-10,8.161961240080940392e-05,-2.382693544567728779e-05
7.187500000000000833e-02,3.968750000000000056e-02,2.059867973060417867e+01,1.000000000000000036e-10,7.973781730016070803e-05,-2.065642857981117353e-05
7.312499999999999556e-02,3.968750000000000056e-02,1.961244428642660864e+01,1.000000000000000036e-10,7.822133337746306828e-05,-1.786080490817596069e-05
7.437499999999999667e-02,3.968750000000000056e-02,1.864314639616760161e+01,1.000000000000000036e-10,7.699451236388809411e-05,-1.541043502054065717e-05
7.562499999999999778e-02,3.968750000000000056e-02,1.768758147732940600e+01,1.000000000000000036e-10,7.599795614394392468e-05,-1.327235757961886656e-05
7.687499999999999889e-02,3.968750000000000056e-02,1.674319749256900280e+01,1.000000000000000036e-10,7.518510203384463626e-05,-1.141317542809218563e-05
7.812500000000000000e-02,3.968750000000000056e-02,1.580795392648328956e+01,1.000000000000000036e-10,7.451942344005486614e-05,-9.800727781527881002e-06
7.937500000000000111e-02,3.968750000000000056e-02,1.488021190656763082e+01,1.000000000000000036e-10,7.397220558321790525e-05,-8.404993770813147449e-06
8.062500000000000222e-02,3.968750000000000056e-02,1.395864878690284172e+01,1.000000000000000036e-10,7.352080656497390887e-05,-7.198518357651691245e-06
8.187500000000000333e-02,3.968750000000000056e-02,1.304219174244328272e+01,1.000000000000000036e-10,7.314730919041521028e-05,-6.156545008644371049e-06
8.312500000000000444e-02,3.968750000000000056e-02,1.212996605714246101e+01,1.000000000000000036e-10,7.283748006104928349e-05,-5.256972124275875155e-06
8.437500000000000555e-02,3.968750000000000056e-02,1.122125474091705044e+01,1.000000000000000036e-10,7.257996731590593456e-05,-4.480207680637561503e-06
8.562500000000000666e-02,3.968750000000000056e-02,1.031546687424481235e+01,1.000000000000000036e-10,7.236568249100520077e-05,-3.808969431345302769e-06
8.687500000000000777e-02,3.968750000000000056e-02,9.412112678641920027e+00,1.000000000000000036e-10,7.218732393653580384e-05,-3.228060538718153345e-06
8.812499999999999500e-02,3.968750000000000056e-02,8.510783775831416875e+00,1.000000000000000036e-10,7.203900892040058417e-05,-2.724139130540947593e-06
8.937499999999999611e-02,3.968750000000000056e-02,7.611137455631904913e+00,1.000000000000000036e-10,7.191598920061706727e-05,-2.285492839879239193e-06
9.062499999999999722e-02,3.968750000000000056e-02,6.712884045815989964e+00,1.000000000000000036e-10,7.181443081093567273e-05,-1.901824515568719135e-06
9.187499999999999833e-02,3.968750000000000056e-02,5.815776685358512665e+00,1.000000000000000036e-10,7.173124340821649672e-05,-1.564052114540075114e-06
9.312499999999999944e-02,3.968750000000000056e-02,4.919602960610577114e+00,1.000000000000000036e-10,7.166394806731732825e-05,-1.264123732512629427e-06
9.437500000000000056e-02,3.968750000000000056e-02,4.024177983675579107e+00,1.000000000000000036e-10,7.161057511978615939e-05,-9.948474187287812670e-07
9.562500000000000167e-02,3.968750000000000056e-02,3.129338582615922792e+00,1.000000000000000036e-10,7.156958570985235541e-05,-7.497346007874481379e-07
9.687500000000000278e-02,3.968750000000000056e-02,2.234938340929269796e+00,1.000000000000000036e-10,7.153981233818908691e-05,-5.228554474535228930e-07
9.812500000000000389e-02,3.968750000000000056e-02,1.340843274161195087e+00,1.000000000000000036e-10,7.152041490092166326e-05,-3.087042061447142180e-07
9.937500000000000500e-02,3.968750000000000056e-02,4.469279684062280600e-01,1.000000000000000036e-10,7.151084970269691403e-05,-1.020723904142694953e-07
6.250000000000000130e-04,4.031250000000000111e-02,9.955244150027256467e+01,1.000000000000000036e-10,7.161234820188779244e-05,9.939088881537825112e-08
1.874999999999999931e-03,4.031250000000000111e-02,9.865724979468024003e+01,1.000000000000000036e-10,7.162438163513625737e-05,3.005863920100181845e-07
3.125000000000000173e-03,4.031250000000000111e-02,9.776183195939415782e+01,1.000000000000000036e-10,7.164877294489199950e-05,5.090788880795570329e-07
4.375000000000000416e-03,4.031250000000000111e-02,9.686603047105793962e+01,1.000000000000000036e-10,7.168618169773365912e-05,7.299200979093711263e-07
5.624999999999999792e-03,4.031250000000000111e-02,9.596967741695081600e+01,1.000000000000000036e-10,7.173762446036673827e-05,9.684458353240187415e-07
6.875000000000000035e-03,4.031250000000000111e-02,9.507258985954877062e+01,1.000000000000000036e-10,7.180450894195131899e-05,1.230396601358733870e-06
8.125000000000000278e-03,4.031250000000000111e-02,9.417456469340203284e+01,1.000000000000000036e-10,7.188868209611029331e-05,1.522044998159799079e-06
9.374999999999999653e-03,4.031250000000000111e-02,9.327537280714601309e+01,1.000000000000000036e-10,7.199249461876147367e-05,1.850331669261322256e-06
1.062500000000000076e-02,4.031250000000000111e-02,9.237475232793299540e+01,1.000000000000000036e-10,7.211888518796511242e-05,2.223011206750697276e-06
1.187500000000000014e-02,4.031250000000000111e-02,9.147240067744688474e+01,1.000000000000000036e-10,7.227148893294098168e-05,2.648809031295513058e-06
1.312499999999999951e-02,4.031250000000000111e-02,9.056796510460947047e+01,1.000000000000000036e-10,7.245477606932751620e-05,3.137589561702042899e-06
1.437500000000000062e-02,4.031250000000000111e-02,8.966103127571369669e+01,1.000000000000000036e-10,7.267422849256943143e-05,3.700534919506707510e-06
1.562500000000000000e-02,4.031250000000000111e-02,8.875110939229523410e+01,1.000000000000000036e-10,7.293656449900139745e-05,4.350331776814754800e-06
1.687500000000000111e-02,4.031250000000000111e-02,8.783761716323866153e+01,1.000000000000000036e-10,7.325002484492301258e-05,5.101361482572882916e-06
1.812499999999999875e-02,4.031250000000000111e-02,8.691985877117215864e+01,1.000000000000000036e-10,7.362473721801562280e-05,5.969884899120641813e-06
1.937499999999999986e-02,4.031250000000000111e-02,8.599699873278827056e+01,1.000000000000000036e-10,7.407318104996304703e-05,6.974207863922854582e-06
2.062500000000000097e-02,4.031250000000000111e-02,8.506802924492308193e+01,1.000000000000000036e-10,7.461078058427402242e-05,8.134804988262656777e-06
2.187500000000000208e-02,4.031250000000000111e-02,8.413172921818141958e+01,1.000000000000000036e-10,7.525666126217514279e-05,9.474367296706986459e-06
2.312499999999999972e-02,4.031250000000000111e-02,8.318661271336870300e+01,1.000000000000000036e-10,7.603461254375529915e-05,1.101772097522598241e-05
2.437500000000000083e-02,4.031250000000000111e-02,8.223086390458753669e+01,1.000000000000000036e-10,7.697430827825483732e-05,1.279153711017556493e-05
2.562500000000000194e-02,4.031250000000000111e-02,8.126225500641233168e+01,1.000000000000000036e-10,7.811284109675452792e-05,1.482371097075201516e-05
2.687499999999999958e-02,4.031250000000000111e-02,8.027804287716867293e+01,1.000000000000000036e-10,7.949662390357615399e-05,1.714222704776602476e-05
2.812500000000000069e-02,4.031250000000000111e-02,7.927483940882292757e+01,1.000000000000000036e-10,8.118368603723466882e-05,1.977323341204509892e-05
2.937500000000000180e-02,4.031250000000000111e-02,7.824845072623780595e+01,1.000000000000000036e-10,8.324631760925909230e-05,2.273791727710203900e-05
3.062499999999999944e-02,4.031250000000000111e-02,7.719368146859144986e+01,1.000000000000000036e-10,8.577384784300532306e-05,2.604760491519413784e-05
3.187500000000000056e-02,4.031250000000000111e-02,7.610410453016267240e+01,1.000000000000000036e-10,8.887502447777533509e-05,2.969633806265960062e-05
3.312500000000000167e-02,4.031250000000000111e-02,7.497180585664706598e+01,1.000000000000000036e-10,9.267896373924655151e-05,3.365009386373798105e-05
3.437500000000000278e-02,4.031250000000000111e-02,7.378713043668150817e+01,1.000000000000000036e-10,9.733303446856665718e-05,3.783187992386387235e-05
3.562500000000000389e-02,4.031250000000000111e-02,7.253847999493289933e+01,1.000000000000000036e-10,1.029952294760084661e-04,4.210169452183776170e-05
3.687499999999999806e-02,4.031250000000000111e-02,7.121224969978129593e+01,1.000000000000000036e-10,1.098146950115397910e-04,4.622750578760358880e-05
3.812499999999999917e-02,4.031250000000000111e-02,6.979311261964440405e+01,1.000000000000000036e-10,1.178711547470225930e-04,4.983547938568902918e-05
3.937500000000000028e-02,4.031250000000000111e-02,6.826547083110573055e+01,1.000000000000000036e-10,1.269738795879197580e-04,5.235453826227853325e-05
4.062500000000000139e-02,4.031250000000000111e-02,6.661876562994640949e+01,1.000000000000000036e-10,1.363483518507103542e-04,5.332504315188997470e-05
4.187500000000000250e-02,4.031250000000000111e-02,6.485676203483797053e+01,1.000000000000000036e-10,1.459758051726262290e-04,5.425794463230089438e-05
4.312500000000000361e-02,4.031250000000000111e-02,6.296937050063075247e+01,1.000000000000000036e-10,1.576866409013041219e-04,5.551053182868655379e-05
4.437499999999999778e-02,4.031250000000000111e-02,6.091459601230536691e+01,1.000000000000000036e-10,1.742899565028548374e-04,5.450456329636380970e-05
4.562499999999999889e-02,4.031250000000000111e-02,5.861212158805938088e+01,1.000000000000000036e-10,1.773484872709155623e-04,3.062497127592165989e-05
4.687500000000000000e-02,4.031250000000000111e-02,5.648088383053247696e+01,1.000000000000000036e-10,1.951808142676713406e-04,5.920904572653056214e-05
4.812500000000000111e-02,4.031250000000000111e-02,5.373260123136759603e+01,1.000000000000000036e-10,2.101843247611111026e-04,5.932818934698534990e-06
4.937500000000000222e-02,4.031250000000000111e-02,5.122627571150469805e+01,1.000000000000000036e-10,1.983550777133282525e-04,1.234545922096730664e-06
5.062500000000000333e-02,4.031250000000000111e-02,4.877372428853438890e+01,1.000000000000000036e-10,1.983550777133310985e-04,-1.234545922097901263e-06
5.187500000000000444e-02,4.031250000000000111e-02,4.626739876867141987e+01,1.000000000000000036e-10,2.101843247611190715e-04,-5.932818934703684950e-06
5.312499999999999861e-02,4.031250000000000111e-02,4.351911616950641104e+01,1.000000000000000036e-10,1.951808142676847305e-04,-5.920904572653568499e-05
5.437499999999999972e-02,4.031250000000000111e-02,4.138787841197930106e+01,1.000000000000000036e-10,1.773484872709346172e-04,-3.062497127592962200e-05
5.562500000000000083e-02,4.031250000000000111e-02,3.908540398773304503e+01,1.000000000000000036e-10,1.742899565028786899e-04,-5.450456329637460429e-05
5.687500000000000194e-02,4.031250000000000111e-02,3.703062949940733262e+01,1.000000000000000036e-10,1.576866409013302512e-04,-5.551053182869962520e-05
5.812500000000000305e-02,4.031250000000000111e-02,3.514323796519978771e+01,1.000000000000000036e-10,1.459758051726546893e-04,-5.425794463231681182e-05
5.937500000000000416e-02,4.031250000000000111e-02,3.338123437009096506e+01,1.000000000000000036e-10,1.363483518507413624e-04,-5.332504315190702377e-05
6.062499999999999833e-02,4.031250000000000111e-02,3.173452916893125320e+01,1.000000000000000036e-10,1.269738795879506036e-04,-5.235453826229217387e-05
6.187499999999999944e-02,4.031250000000000111e-02,3.020688738039219956e+01,1.000000000000000036e-10,1.178711547470549971e-04,-4.983547938570409282e-05
6.312500000000000056e-02,4.031250000000000111e-02,2.878775030025487780e+01,1.000000000000000036e-10,1.098146950115740382e-04,-4.622750578761666699e-05
6.437500000000000167e-02,4.031250000000000111e-02,2.746152000510284807e+01,1.000000000000000036e-10,1.029952294760451393e-04,-4.210169452184458539e-05
6.562500000000000278e-02,4.031250000000000111e-02,2.621286956335374896e+01,1.000000000000000036e-10,9.733303446860473978e-05,-3.783187992387581212e-05
6.687500000000000389e-02,4.031250000000000111e-02,2.502819414338772930e+01,1.000000000000000036e-10,9.267896373928649081e-05,-3.365009386374651914e-05
6.812500000000000500e-02,4.031250000000000111e-02,2.389589546987158641e+01,1.000000000000000036e-10,8.887502447782108842e-05,-2.969633806266557051e-05
6.937500000000000611e-02,4.031250000000000111e-02,2.280631853144220145e+01,1.000000000000000036e-10,8.577384784305591464e-05,-2.604760491519783090e-05
7.062500000000000722e-02,4.031250000000000111e-02,2.175154927379518810e+01,1.000000000000000036e-10,8.324631760931252992e-05,-2.273791727710488164e-05
7.187500000000000833e-02,4.031250000000000111e-02,2.072516059120938792e+01,1.000000000000000036e-10,8.118368603729207733e-05,-1.977323341204708436e-05
7.312499999999999556e-02,4.031250000000000111e-02,1.972195712286288583e+01,1.000000000000000036e-10,7.949662390364052849e-05,-1.714222704776346333e-05
7.437499999999999667e-02,4.031250000000000111e-02,1.873774499361837442e+01,1.000000000000000036e-10,7.811284109682345607e-05,-1.482371097075485780e-05
7.562499999999999778e-02,4.031250000000000111e-02,1.776913609544229899e+01,1.000000000000000036e-10,7.697430827832547309e-05,-1.279153711018210233e-05
7.687499999999999889e-02,4.031250000000000111e-02,1.681338728666023741e+01,1.000000000000000036e-10,7.603461254382876740e-05,-1.101772097522910965e-05
7.812500000000000000e-02,4.031250000000000111e-02,1.586827078184657935e+01,1.000000000000000036e-10,7.525666126225557704e-05,-9.474367296708121483e-06
7.937500000000000111e-02,4.031250000000000111e-02,1.493197075510384764e+01,1.000000000000000036e-10,7.461078058436284568e-05,-8.134804988265784023e-06
8.062500000000000222e-02,4.031250000000000111e-02,1.400300126723750793e+01,1.000000000000000036e-10,7.407318105005533974e-05,-6.974207863920438844e-06
8.187500000000000333e-02,4.031250000000000111e-02,1.308014122885246344e+01,1.000000000000000036e-10,7.362473721810969089e-05,-5.969884899121921680e-06
8.312500000000000444e-02,4.031250000000000111e-02,1.216238283678476506e+01,1.000000000000000036e-10,7.325002484502305734e-05,-5.101361482572029954e-06
8.437500000000000555e-02,4.031250000000000111e-02,1.124889060772688687e+01,1.000000000000000036e-10,7.293656449910862504e-05,-4.350331776813191178e-06
8.562500000000000666e-02,4.031250000000000111e-02,1.033896872430704938e+01,1.000000000000000036e-10,7.267422849268107715e-05,-3.700534919505002433e-06
8.687500000000000777e-02,4.031250000000000111e-02,9.432034895409859843e+00,1.000000000000000036e-10,7.245477606944496240e-05,-3.137589561705311175e-06
8.812499999999999500e-02,4.031250000000000111e-02,8.527599322570925011e+00,1.000000000000000036e-10,7.227148893306635611e-05,-2.648809031297218136e-06
8.937499999999999611e-02,4.031250000000000111e-02,7.625247672083200534e+00,1.000000000000000036e-10,7.211888518809746640e-05,-2.223011206746860640e-06
9.062499999999999722e-02,4.031250000000000111e-02,6.724627192868488201e+00,1.000000000000000036e-10,7.199249461890022445e-05,-1.850331669260824624e-06
9.187499999999999833e-02,4.031250000000000111e-02,5.825435306610694752e+00,1.000000000000000036e-10,7.188868209625297431e-05,-1.522044998163849167e-06
9.312499999999999944e-02,4.031250000000000111e-02,4.927410140462163746e+00,1.000000000000000036e-10,7.180450894209913640e-05,-1.230396601362144660e-06
9.437500000000000056e-02,4.031250000000000111e-02,4.030322583058215891e+00,1.000000000000000036e-10,7.173762446051779474e-05,-9.684458353228106608e-07
9.562500000000000167e-02,4.031250000000000111e-02,3.133969528949218208e+00,1.000000000000000036e-10,7.168618169788734478e-05,-7.299200979109342197e-07
9.687500000000000278e-02,4.031250000000000111e-02,2.238168040611031806e+00,1.000000000000000036e-10,7.164877294505027946e-05,-5.090788880796636532e-07
9.812500000000000389e-02,4.031250000000000111e-02,1.342750205322960966e+00,1.000000000000000036e-10,7.162438163530112387e-05,-3.005863920102668946e-07
9.937500000000000500e-02,4.031250000000000111e-02,4.475584997285033673e-01,1.000000000000000036e-10,7.161234820205856783e-05,-9.939088881503630128e-08
6.250000000000000130e-04,4.093750000000000167e-02,9.955182964548464497e+01,1.000000000000000036e-10,7.171083834293993887e-05,9.610595582557833988e-08
1.874999999999999931e-03,4.093750000000000167e-02,9.865539939594185626e+01,1.000000000000000036e-10,7.172525890038910536e-05,2.906443296615179029e-07
3.125000000000000173e-03,4.093750000000000167e-02,9.775869817297491693e+01,1.000000000000000036e-10,7.175447919098075045e-05,4.922151502660198346e-07
4.375000000000000416e-03,4.093750000000000167e-02,9.686153741616733726e+01,1.000000000000000036e-10,7.179926918331999740e-05,7.056844631415514278e-07
5.624999999999999792e-03,4.093750000000000167e-02,9.596371644339191675e+01,1.000000000000000036e-10,7.186081337135928528e-05,9.361879947607574501e-07
6.875000000000000035e-03,4.093750000000000167e-02,9.506501708188335442e+01,1.000000000000000036e-10,7.194074764858894599e-05,1.189245062521422225e-06
8.125000000000000278e-03,4.093750000000000167e-02,9.416519775217719257e+01,1.000000000000000036e-10,7.204121094202377360e-05,1.470878313211869378e-06
9.374999999999999653e-03,4.093750000000000167e-02,9.326398680833275989e+01,1.000000000000000036e-10,7.216491391508951677e-05,1.787740606354191030e-06
1.062500000000000076e-02,4.093750000000000167e-02,9.236107490429995437e+01,1.000000000000000036e-10,7.231522788150185083e-05,2.147250001845577286e-06
1.187500000000000014e-02,4.093750000000000167e-02,9.145610611129521317e+01,1.000000000000000036e-10,7.249629809775339612e-05,2.557733255586071542e-06
1.312499999999999951e-02,4.093750000000000167e-02,9.054866745185611876e+01,1.000000000000000036e-10,7.271318688052415095e-05,3.028577377843929941e-06
1.437500000000000062e-02,4.093750000000000167e-02,8.963827643928210875e+01,1.000000000000000036e-10,7.297205359844892675e-05,3.570387532790845683e-06
1.562500000000000000e-02,4.093750000000000167e-02,8.872436611189489497e+01,1.000000000000000036e-10,7.328038059733271920e-05,4.195147660877863633e-06
1.687500000000000111e-02,4.093750000000000167e-02,8.780626692434879033e+01,1.000000000000000036e-10,7.364725662210218435e-05,4.916377413171629383e-06
1.812499999999999875e-02,4.093750000000000167e-02,8.688318469634234020e+01,1.000000000000000036e-10,7.408373238099499045e-05,5.749274902537989553e-06
1.937499999999999986e-02,4.093750000000000167e-02,8.595417361482391527e+01,1.000000000000000036e-10,7.460326660945382389e-05,6.710828830306353133e-06
2.062500000000000097e-02,4.093750000000000167e-02,8.501810303110599421e+01,1.000000000000000036e-10,7.522228529952199581e-05,7.819874909696407424e-06
2.187500000000000208e-02,4.093750000000000167e-02,8.407361648233586493e+01,1.000000000000000036e-10,7.596088143345580332e-05,9.097058969371118412e-06
2.312499999999999972e-02,4.093750000000000167e-02,8.311908099526959859e+01,1.000000000000000036e-10,7.684368694050645421e-05,1.056465090825667899e-05
2.437500000000000083e-02,4.093750000000000167e-02,8.215252430882320311e+01,1.000000000000000036e-10,7.790095114163590718e-05,1.224612720933577855e-05
2.562500000000000194e-02,4.093750000000000167e-02,8.117155721672870072e+01,1.000000000000000036e-10,7.916985733261353952e-05,1.416540136685739387e-05
2.687499999999999958e-02,4.093750000000000167e-02,8.017327787550786411e+01,1.000000000000000036e-10,8.069609459804608607e-05,1.634552661553243148e-05
2.812500000000000069e-02,4.093750000000000167e-02,7.915415485177754817e+01,1.000000000000000036e-10,8.253566241477186061e-05,1.880661886908569370e-05
2.937500000000000180e-02,4.093750000000000167e-02,7.810988631513856717e+01,1.000000000000000036e-10,8.475679815233034685e-05,2.156264816527140899e-05
3.062499999999999944e-02,4.093750000000000167e-02,7.703523489796928914e+01,1.000000000000000036e-10,8.744174723926732102e-05,2.461663436668572343e-05
3.187500000000000056e-02,4.093750000000000167e-02,7.592384263415688395e+01,1.000000000000000036e-10,9.068780138657414678e-05,2.795369322013697887e-05
3.312500000000000167e-02,4.093750000000000167e-02,7.476803986330493501e+01,1.000000000000000036e-10,9.460658277106573410e-05,3.153137838328688860e-05
3.437500000000000278e-02,4.093750000000000167e-02,7.355867806488024030e+01,1.000000000000000036e-10,9.931991909832559322e-05,3.526689187602755060e-05
3.562500000000000389e-02,4.093750000000000167e-02,7.228504188584679468e+01,1.000000000000000036e-10,1.049494771259321482e-04,3.902080605214677084e-05
3.687499999999999806e-02,4.093750000000000167e-02,7.093494113673193624e+01,1.000000000000000036e-10,1.115935169525096083e-04,4.257664157623366162e-05
3.812499999999999917e-02,4.093750000000000167e-02,6.949520396203405426e+01,1.000000000000000036e-10,1.192721297275141780e-04,4.561880734181385428e-05
3.937500000000000028e-02,4.093750000000000167e-02,6.795313789354408129e+01,1.000000000000000036e-10,1.278123021017318840e-04,4.774976169859541204e-05
4.062500000000000139e-02,4.093750000000000167e-02,6.629989640949075635e+01,1.000000000000000036e-10,1.367925808108259216e-04,4.875244422962963386e-05
4.187500000000000250e-02,4.093750000000000167e-02,6.453332337327343282e+01,1.000000000000000036e-10,1.462617545409807093e-04,4.928223002852973251e-05
4.312500000000000361e-02,4.093750000000000167e-02,6.264335254596623770e+01,1.000000000000000036e-10,1.571367355832108733e-04,4.919333804700611989e-05
4.437499999999999778e-02,4.093750000000000167e-02,6.060490498369316015e+01,1.000000000000000036e-10,1.697616644688502660e-04,4.620763483445329594e-05
4.562499999999999889e-02,4.093750000000000167e-02,5.839931093424497988e+01,1.000000000000000036e-10,1.766778833498704941e-04,3.393452491329753150e-05
4.687500000000000000e-02,4.093750000000000167e-02,5.618795789994639733e+01,1.000000000000000036e-10,1.893613782452794496e-04,4.064158114307587436e-05
4.812500000000000111e-02,4.093750000000000167e-02,5.366527647811299317e+01,1.000000000000000036e-10,1.990447945026550727e-04,1.215682014274988994e-05
4.937500000000000222e-02,4.093750000000000167e-02,5.121183803738001927e+01,1.000000000000000036e-10,1.950845806181564094e-04,2.905275180191892050e-06
5.062500000000000333e-02,4.093750000000000167e-02,4.878816196265908189e+01,1.000000000000000036e-10,1.950845806181572767e-04,-2.905275180195871411e-06
5.187500000000000444e-02,4.093750000000000167e-02,4.633472352192608668e+01,1.000000000000000036e-10,1.990447945026624723e-04,-1.215682014275614443e-05
5.312499999999999861e-02,4.093750000000000167e-02,4.381204210009251909e+01,1.000000000000000036e-10,1.893613782452930835e-04,-4.064158114308326049e-05
5.437499999999999972e-02,4.093750000000000167e-02,4.160068906579375891e+01,1.000000000000000036e-10,1.766778833498881124e-04,-3.393452491330605604e-05
5.562500000000000083e-02,4.093750000000000167e-02,3.939509501634531574e+01,1.000000000000000036e-10,1.697616644688730342e-04,-4.620763483446124449e-05
5.687500000000000194e-02,4.093750000000000167e-02,3.735664745407193266e+01,1.000000000000000036e-10,1.571367355832358913e-04,-4.919333804701692803e-05
5.812500000000000305e-02,4.093750000000000167e-02,3.546667662676441779e+01,1.000000000000000036e-10,1.462617545410074349e-04,-4.928223002854394233e-05
5.937500000000000416e-02,4.093750000000000167e-02,3.370010359054674609e+01,1.000000000000000036e-10,1.367925808108569027e-04,-4.875244422964668972e-05
6.062499999999999833e-02,4.093750000000000167e-02,3.204686210649299483e+01,1.000000000000000036e-10,1.278123021017644372e-04,-4.774976169861076027e-05
6.187499999999999944e-02,4.093750000000000167e-02,3.050479603800263462e+01,1.000000000000000036e-10,1.192721297275471377e-04,-4.561880734182778628e-05
6.312500000000000056e-02,4.093750000000000167e-02,2.906505886330431565e+01,1.000000000000000036e-10,1.115935169525449804e-04,-4.257664157624871848e-05
6.437500000000000167e-02,4.093750000000000167e-02,2.771495811418900956e+01,1.000000000000000036e-10,1.049494771259690924e-04,-3.902080605215871062e-05
6.562500000000000278e-02,4.093750000000000167e-02,2.644132193515508789e+01,1.000000000000000036e-10,9.931991909836409595e-05,-3.526689187604062879e-05
6.687500000000000389e-02,4.093750000000000167e-02,2.523196013672990645e+01,1.000000000000000036e-10,9.460658277110736746e-05,-3.153137838329484393e-05
6.812500000000000500e-02,4.093750000000000167e-02,2.407615736587740329e+01,1.000000000000000036e-10,9.068780138662076748e-05,-2.795369322014010612e-05
6.937500000000000611e-02,4.093750000000000167e-02,2.296476510206438704e+01,1.000000000000000036e-10,8.744174723931860379e-05,-2.461663436668800025e-05
7.062500000000000722e-02,4.093750000000000167e-02,2.189011368489443754e+01,1.000000000000000036e-10,8.475679815238477380e-05,-2.156264816527481745e-05
7.187500000000000833e-02,4.093750000000000167e-02,2.084584514825476731e+01,1.000000000000000036e-10,8.253566241483141041e-05,-1.880661886908881756e-05
7.312499999999999556e-02,4.093750000000000167e-02,1.982672212452365201e+01,1.000000000000000036e-10,8.069609459810918664e-05,-1.634552661553214688e-05
7.437499999999999667e-02,4.093750000000000167e-02,1.882844278330203736e+01,1.000000000000000036e-10,7.916985733267876784e-05,-1.416540136686165445e-05
7.562499999999999778e-02,4.093750000000000167e-02,1.784747569120668231e+01,1.000000000000000036e-10,7.790095114170681400e-05,-1.224612720934032711e-05
7.687499999999999889e-02,4.093750000000000167e-02,1.688091900475936669e+01,1.000000000000000036e-10,7.684368694058163007e-05,-1.056465090825838322e-05
7.812500000000000000e-02,4.093750000000000167e-02,1.592638351769214111e+01,1.000000000000000036e-10,7.596088143353653573e-05,-9.097058969369127885e-06
7.937500000000000111e-02,4.093750000000000167e-02,1.498189696892095313e+01,1.000000000000000036e-10,7.522228529961174064e-05,-7.819874909695555308e-06
8.062500000000000222e-02,4.093750000000000167e-02,1.404582638520184723e+01,1.000000000000000036e-10,7.460326660954584555e-05,-6.710828830302942979e-06
8.187500000000000333e-02,4.093750000000000167e-02,1.311681530368230675e+01,1.000000000000000036e-10,7.408373238108941091e-05,-5.749274902537563496e-06
8.312500000000000444e-02,4.093750000000000167e-02,1.219373307567461140e+01,1.000000000000000036e-10,7.364725662220363857e-05,-4.916377413168646133e-06
8.437500000000000555e-02,4.093750000000000167e-02,1.127563388812721534e+01,1.000000000000000036e-10,7.328038059743944535e-05,-4.195147660875732498e-06
8.562500000000000666e-02,4.093750000000000167e-02,1.036172356073862488e+01,1.000000000000000036e-10,7.297205359855913590e-05,-3.570387532788003464e-06
8.687500000000000777e-02,4.093750000000000167e-02,9.451332548163236424e+00,1.000000000000000036e-10,7.271318688063969980e-05,-3.028577377844498300e-06
8.812499999999999500e-02,4.093750000000000167e-02,8.543893888722632113e+00,1.000000000000000036e-10,7.249629809787981410e-05,-2.557733255588629582e-06
8.937499999999999611e-02,4.093750000000000167e-02,7.638925095716240676e+00,1.000000000000000036e-10,7.231522788163526191e-05,-2.147250001848348354e-06
9.062499999999999722e-02,4.093750000000000167e-02,6.736013191681750278e+00,1.000000000000000036e-10,7.216491391522718334e-05,-1.787740606355611927e-06
9.187499999999999833e-02,4.093750000000000167e-02,5.834802247835560784e+00,1.000000000000000036e-10,7.204121094216584475e-05,-1.470878313214000936e-06
9.312499999999999944e-02,4.093750000000000167e-02,4.934982918127603924e+00,1.000000000000000036e-10,7.194074764873784761e-05,-1.189245062520995744e-06
9.437500000000000056e-02,4.093750000000000167e-02,4.036283556617114243e+00,1.000000000000000036e-10,7.186081337151177832e-05,-9.361879947599758504e-07
9.562500000000000167e-02,4.093750000000000167e-02,3.138462583839809472e+00,1.000000000000000036e-10,7.179926918347394056e-05,-7.056844631392066289e-07
9.687500000000000278e-02,4.093750000000000167e-02,2.241301827030265592e+00,1.000000000000000036e-10,7.175447919113943699e-05,-4.922151502653093857e-07
9.812500000000000389e-02,4.093750000000000167e-02,1.344600604061323423e+00,1.000000000000000036e-10,7.172525890055398540e-05,-2.906443296573612475e-07
9.937500000000000500e-02,4.093750000000000167e-02,4.481703545164160141e-01,1.000000000000000036e-10,7.171083834310956230e-05,-9.610595582452140158e-08
6.250000000000000130e-04,4.156250000000000222e-02,9.955124017582474494e+01,1.000000000000000036e-10,7.180572334463135222e-05,9.223940728816159168e-08
1.874999999999999931e-03,4.156250000000000222e-02,9.865361674055947105e+01,1.000000000000000036e-10,7.182243623235647599e-05,2.789441556137716866e-07
3.125000000000000173e-03,4.156250000000000222e-02,9.775567927001583257e+01,1.000000000000000036e-10,7.185629301163201817e-05,4.723767893835883439e-07
4.375000000000000416e-03,4.156250000000000222e-02,9.685720941526867023e+01,1.000000000000000036e-10,7.190816811998103407e-05,6.771902736829813285e-07
5.624999999999999792e-03,4.156250000000000222e-02,9.595797506701630653e+01,1.000000000000000036e-10,7.197940476005668532e-05,8.982917701632685063e-07
6.875000000000000035e-03,4.156250000000000222e-02,9.505772429626725284e+01,1.000000000000000036e-10,7.207185410117687707e-05,1.140949477950243665e-06
8.125000000000000278e-03,4.156250000000000222e-02,9.415617871448688447e+01,1.000000000000000036e-10,7.218792986802667221e-05,1.410904367652392161e-06
9.374999999999999653e-03,4.156250000000000222e-02,9.325302604956658570e+01,1.000000000000000036e-10,7.233068046307833377e-05,1.714487767860646085e-06
1.062500000000000076e-02,4.156250000000000222e-02,9.234791170290992568e+01,1.000000000000000036e-10,7.250388151258104971e-05,2.058745332386706106e-06
1.187500000000000014e-02,4.156250000000000222e-02,9.144042901175205884e+01,1.000000000000000036e-10,7.271215262094015525e-05,2.451567262752405387e-06
1.312499999999999951e-02,4.156250000000000222e-02,9.053010788738642134e+01,1.000000000000000036e-10,7.296110320792989522e-05,2.901823685815542962e-06
1.437500000000000062e-02,4.156250000000000222e-02,8.961640143155381111e+01,1.000000000000000036e-10,7.325751363408640124e-05,3.419502652786831694e-06
1.562500000000000000e-02,4.156250000000000222e-02,8.869867004653426079e+01,1.000000000000000036e-10,7.360955943919178252e-05,4.015846138888718003e-06
1.687500000000000111e-02,4.156250000000000222e-02,8.777616244557401615e+01,1.000000000000000036e-10,7.402708846575306199e-05,4.703476409497396618e-06
1.812499999999999875e-02,4.156250000000000222e-02,8.684799283489043376e+01,1.000000000000000036e-10,7.452196292658298002e-05,5.496500796357394269e-06
1.937499999999999986e-02,4.156250000000000222e-02,8.591311337240944113e+01,1.000000000000000036e-10,7.510848105354226952e-05,6.410576758779597107e-06
2.062500000000000097e-02,4.156250000000000222e-02,8.497028080855187682e+01,1.000000000000000036e-10,7.580389565380640294e-05,7.462910336058710775e-06
2.187500000000000208e-02,4.156250000000000222e-02,8.401801598106428060e+01,1.000000000000000036e-10,7.662904926145528112e-05,8.672148672228558185e-06
2.312499999999999972e-02,4.156250000000000222e-02,8.305455457701549449e+01,1.000000000000000036e-10,7.760914666373762752e-05,1.005810975074154971e-05
2.437500000000000083e-02,4.156250000000000222e-02,8.207778731447083942e+01,1.000000000000000036e-10,7.877468350755518968e-05,1.164126784439190316e-05
2.562500000000000194e-02,4.156250000000000222e-02,8.108518748932661424e+01,1.000000000000000036e-10,8.016254079985286624e-05,1.344187899017924596e-05
2.687499999999999958e-02,4.156250000000000222e-02,8.007372379447451749e+01,1.000000000000000036e-10,8.181723265469030559e-05,1.547858443207587444e-05
2.812500000000000069e-02,4.156250000000000222e-02,7.903975667295935637e+01,1.000000000000000036e-10,8.379224681210416096e-05,1.776627006547073156e-05
2.937500000000000180e-02,4.156250000000000222e-02,7.797891762417191330e+01,1.000000000000000036e-10,8.615132535805912072e-05,2.031288982713476421e-05
3.062499999999999944e-02,4.156250000000000222e-02,7.688597353900787823e+01,1.000000000000000036e-10,8.896937037043811647e-05,2.311489565516694467e-05
3.187500000000000056e-02,4.156250000000000222e-02,7.575468336491096011e+01,1.000000000000000036e-10,9.233239648607591428e-05,2.615089180018571251e-05
3.312500000000000167e-02,4.156250000000000222e-02,7.457766362685597983e+01,1.000000000000000036e-10,9.633556306719182213e-05,2.937320582043866627e-05
3.437500000000000278e-02,4.156250000000000222e-02,7.334629428823116370e+01,1.000000000000000036e-10,1.010777483029965881e-04,3.269730365734857644e-05
3.562500000000000389e-02,4.156250000000000222e-02,7.205071991928106456e+01,1.000000000000000036e-10,1.066501043261115284e-04,3.598943724546755881e-05
3.687499999999999806e-02,4.156250000000000222e-02,7.068004168007837507e+01,1.000000000000000036e-10,1.131136956563733259e-04,3.905419480449494568e-05
3.812499999999999917e-02,4.156250000000000222e-02,6.922287752787173076e+01,1.000000000000000036e-10,1.204577148082034750e-04,4.162993815013805012e-05
3.937500000000000028e-02,4.156250000000000222e-02,6.766859880987328779e+01,1.000000000000000036e-10,1.285406980318276647e-04,4.342705309135111533e-05
4.062500000000000139e-02,4.156250000000000222e-02,6.600936007707603892e+01,1.000000000000000036e-10,1.371145860156775280e-04,4.429806949040652705e-05
4.187500000000000250e-02,4.156250000000000222e-02,6.424073415948134880e+01,1.000000000000000036e-10,1.461962520813145025e-04,4.446118486986619421e-05
4.312500000000000361e-02,4.156250000000000222e-02,6.235445377504317577e+01,1.000000000000000036e-10,1.561493433042658867e-04,4.360034707308499630e-05
4.437499999999999778e-02,4.156250000000000222e-02,6.033700057687470064e+01,1.000000000000000036e-10,1.666605499360005263e-04,4.023255804969039175e-05
4.562499999999999889e-02,4.156250000000000222e-02,5.818794002664316167e+01,1.000000000000000036e-10,1.745654604252268685e-04,3.249903701294215141e-05
4.687500000000000000e-02,4.156250000000000222e-02,5.597286406624402844e+01,1.000000000000000036e-10,1.842919618823975452e-04,3.087207086714669667e-05
4.812500000000000111e-02,4.156250000000000222e-02,5.358064097958322236e+01,1.000000000000000036e-10,1.913161717796691254e-04,1.357251734136013827e-05
4.937500000000000222e-02,4.156250000000000222e-02,5.118995977175229939e+01,1.000000000000000036e-10,1.908240300518553739e-04,3.715755787744114512e-06
5.062500000000000333e-02,4.156250000000000222e-02,4.881004022828683730e+01,1.000000000000000036e-10,1.908240300518570815e-04,-3.715755787746387948e-06
5.187500000000000444e-02,4.156250000000000222e-02,4.641935902045587170e+01,1.000000000000000036e-10,1.913161717796753867e-04,-1.357251734136354673e-05
5.312499999999999861e-02,4.156250000000000222e-02,4.402713593379495194e+01,1.000000000000000036e-10,1.842919618824097696e-04,-3.087207086715408957e-05
5.437499999999999972e-02,4.156250000000000222e-02,4.181205997339562686e+01,1.000000000000000036e-10,1.745654604252455981e-04,-3.249903701294839912e-05
5.562500000000000083e-02,4.156250000000000222e-02,3.966299942316381077e+01,1.000000000000000036e-10,1.666605499360232674e-04,-4.023255804969777787e-05
5.687500000000000194e-02,4.156250000000000222e-02,3.764554622499504433e+01,1.000000000000000036e-10,1.561493433042889260e-04,-4.360034707309295163e-05
5.812500000000000305e-02,4.156250000000000222e-02,3.575926584055658708e+01,1.000000000000000036e-10,1.461962520813397915e-04,-4.446118486987813399e-05
5.937500000000000416e-02,4.156250000000000222e-02,3.399063992296154879e+01,1.000000000000000036e-10,1.371145860157079398e-04,-4.429806949042073010e-05
6.062499999999999833e-02,4.156250000000000222e-02,3.233140119016388780e+01,1.000000000000000036e-10,1.285406980318600553e-04,-4.342705309136590114e-05
6.187499999999999944e-02,4.156250000000000222e-02,3.077712247216504693e+01,1.000000000000000036e-10,1.204577148082360146e-04,-4.162993815015084370e-05
6.312500000000000056e-02,4.156250000000000222e-02,2.931995831995798696e+01,1.000000000000000036e-10,1.131136956564085760e-04,-3.905419480450830847e-05
6.437500000000000167e-02,4.156250000000000222e-02,2.794928008075483206e+01,1.000000000000000036e-10,1.066501043261491909e-04,-3.598943724547978319e-05
6.562500000000000278e-02,4.156250000000000222e-02,2.665370571180425685e+01,1.000000000000000036e-10,1.010777483030366630e-04,-3.269730365736137003e-05
6.687500000000000389e-02,4.156250000000000222e-02,2.542233637317891493e+01,1.000000000000000036e-10,9.633556306723673520e-05,-2.937320582044463277e-05
6.812500000000000500e-02,4.156250000000000222e-02,2.424531663512333779e+01,1.000000000000000036e-10,9.233239648612451365e-05,-2.615089180018883636e-05
6.937500000000000611e-02,4.156250000000000222e-02,2.311402646102580150e+01,1.000000000000000036e-10,8.896937037048855898e-05,-2.311489565516949932e-05
7.062500000000000722e-02,4.156250000000000222e-02,2.202108237586112338e+01,1.000000000000000036e-10,8.615132535811211110e-05,-2.031288982713760685e-05
7.187500000000000833e-02,4.156250000000000222e-02,2.096024332707299820e+01,1.000000000000000036e-10,8.379224681216341261e-05,-1.776627006547357081e-05
7.312499999999999556e-02,4.156250000000000222e-02,1.992627620555703771e+01,1.000000000000000036e-10,8.181723265475411089e-05,-1.547858443208013671e-05
7.437499999999999667e-02,4.156250000000000222e-02,1.891481251070414515e+01,1.000000000000000036e-10,8.016254079991938205e-05,-1.344187899018038098e-05
7.562499999999999778e-02,4.156250000000000222e-02,1.792221268555905311e+01,1.000000000000000036e-10,7.877468350762711295e-05,-1.164126784438905882e-05
7.687499999999999889e-02,4.156250000000000222e-02,1.694544542301346723e+01,1.000000000000000036e-10,7.760914666381436193e-05,-1.005810975074012669e-05
7.812500000000000000e-02,4.156250000000000222e-02,1.598198401896369347e+01,1.000000000000000036e-10,7.662904926153698930e-05,-8.672148672226000145e-06
7.937500000000000111e-02,4.156250000000000222e-02,1.502971919147504209e+01,1.000000000000000036e-10,7.580389565389593094e-05,-7.462910336055725830e-06
8.062500000000000222e-02,4.156250000000000222e-02,1.408688662761629473e+01,1.000000000000000036e-10,7.510848105363434539e-05,-6.410576758778034331e-06
8.187500000000000333e-02,4.156250000000000222e-02,1.315200716513418300e+01,1.000000000000000036e-10,7.452196292667684482e-05,-5.496500796354267871e-06
8.312500000000000444e-02,4.156250000000000222e-02,1.222383755444937314e+01,1.000000000000000036e-10,7.402708846585397411e-05,-4.703476409496686804e-06
8.437500000000000555e-02,4.156250000000000222e-02,1.130132995348783354e+01,1.000000000000000036e-10,7.360955943929892880e-05,-4.015846138886444567e-06
8.562500000000000666e-02,4.156250000000000222e-02,1.038359856846689944e+01,1.000000000000000036e-10,7.325751363419669170e-05,-3.419502652784699713e-06
8.687500000000000777e-02,4.156250000000000222e-02,9.469892112632916081e+00,1.000000000000000036e-10,7.296110320804464447e-05,-2.901823685811563602e-06
8.812499999999999500e-02,4.156250000000000222e-02,8.559570988265782887e+00,1.000000000000000036e-10,7.271215262106443193e-05,-2.451567262750699463e-06
8.937499999999999611e-02,4.156250000000000222e-02,7.652088297106304893e+00,1.000000000000000036e-10,7.250388151271397290e-05,-2.058745332387700946e-06
9.062499999999999722e-02,4.156250000000000222e-02,6.746973950447933355e+00,1.000000000000000036e-10,7.233068046321738270e-05,-1.714487767862990672e-06
9.187499999999999833e-02,4.156250000000000222e-02,5.843821285525869769e+00,1.000000000000000036e-10,7.218792986817027478e-05,-1.410904367651894953e-06
9.312499999999999944e-02,4.156250000000000222e-02,4.942275703743676196e+00,1.000000000000000036e-10,7.207185410132615816e-05,-1.140949477946975177e-06
9.437500000000000056e-02,4.156250000000000222e-02,4.042024932992715591e+00,1.000000000000000036e-10,7.197940476020870402e-05,-8.982917701619894865e-07
9.562500000000000167e-02,4.156250000000000222e-02,3.142790584738458293e+00,1.000000000000000036e-10,7.190816812013467907e-05,-6.771902736809209209e-07
9.687500000000000278e-02,4.156250000000000222e-02,2.244320729989348173e+00,1.000000000000000036e-10,7.185629301179119260e-05,-4.723767893843698906e-07
9.812500000000000389e-02,4.156250000000000222e-02,1.346383259443677982e+00,1.000000000000000036e-10,7.182243623252151867e-05,-2.789441556106985981e-07
9.937500000000000500e-02,4.156250000000000222e-02,4.487598241763098850e-01,1.000000000000000036e-10,7.180572334479951198e-05,-9.223940728806832541e-08
6.250000000000000130e-04,4.218750000000000278e-02,9.955067665289354295e+01,1.000000000000000036e-10,7.189643012439091542e-05,8.781637531342310898e-08
1.874999999999999931e-03,4.218750000000000278e-02,9.865191259399668411e+01,1.000000000000000036e-10,7.191532759143681123e-05,2.655620101995736571e-07
3.125000000000000173e-03,4.218750000000000278e-02,9.775279346310762207e+01,1.000000000000000036e-10,7.195360225001535453e-05,4.496932158724575555e-07
4.375000000000000416e-03,4.218750000000000278e-02,9.685307253774629999e+01,1.000000000000000036e-10,7.201222667370983253e-05,6.446240811749247362e-07
5.624999999999999792e-03,4.218750000000000278e-02,9.595248779626487590e+01,1.000000000000000036e-10,7.209269297349293329e-05,8.550064927362652952e-07
6.875000000000000035e-03,4.218750000000000278e-02,9.505075521340897637e+01,1.000000000000000036e-10,7.219705394733352539e-05,1.085829597893734476e-06
8.125000000000000278e-03,4.218750000000000278e-02,9.414756144758153766e+01,1.000000000000000036e-10,7.232798008697896867e-05,1.342523294463262083e-06
9.374999999999999653e-03,4.218750000000000278e-02,9.324255571123450181e+01,1.000000000000000036e-10,7.248883439745667416e-05,1.631066388292765483e-06
1.062500000000000076e-02,4.218750000000000278e-02,9.233534058764512054e+01,1.000000000000000036e-10,7.268376762894773345e-05,1.958099571472757222e-06
1.187500000000000014e-02,4.218750000000000278e-02,9.142546152051080810e+01,1.000000000000000036e-10,7.291783727446783615e-05,2.331042646742388919e-06
1.312499999999999951e-02,4.218750000000000278e-02,9.051239465578342447e+01,1.000000000000000036e-10,7.319715457554138317e-05,2.758214357805854020e-06
1.437500000000000062e-02,4.218750000000000278e-02,8.959553265612227335e+01,1.000000000000000036e-10,7.352906482498551511e-05,3.248951643000736671e-06
1.562500000000000000e-02,4.218750000000000278e-02,8.867416803515878598e+01,1.000000000000000036e-10,7.392236747568800971e-05,3.813722920774579586e-06
1.687500000000000111e-02,4.218750000000000278e-02,8.774747346923007285e+01,1.000000000000000036e-10,7.438758395083651571e-05,4.464226876762040016e-06
1.812499999999999875e-02,4.218750000000000278e-02,8.681447843638787276e+01,1.000000000000000036e-10,7.493728255563609239e-05,5.213463796280847854e-06
1.937499999999999986e-02,4.218750000000000278e-02,8.587404140533917030e+01,1.000000000000000036e-10,7.558647137930447706e-05,6.075760283538328771e-06
2.062500000000000097e-02,4.218750000000000278e-02,8.492481665190526030e+01,1.000000000000000036e-10,7.635307125624648736e-05,7.066719572693498790e-06
2.187500000000000208e-02,4.218750000000000278e-02,8.396521462393300794e+01,1.000000000000000036e-10,7.725848114079723211e-05,8.203057689497653465e-06
2.312499999999999972e-02,4.218750000000000278e-02,8.299335462338532921e+01,1.000000000000000036e-10,7.832824652658813770e-05,9.502269339441225720e-06
2.437500000000000083e-02,4.218750000000000278e-02,8.200700846076830430e+01,1.000000000000000036e-10,7.959283576135475530e-05,1.098204521640581917e-05
2.562500000000000194e-02,4.218750000000000278e-02,8.100353372935146012e+01,1.000000000000000036e-10,8.108851562645553448e-05,1.265933303947121815e-05
2.687499999999999958e-02,4.218750000000000278e-02,7.997979557010691565e+01,1.000000000000000036e-10,8.285829013569183735e-05,1.454889720075129510e-05
2.812500000000000069e-02,4.218750000000000278e-02,7.893207647595916399e+01,1.000000000000000036e-10,8.495281511230131396e-05,1.666118772978847639e-05
2.937500000000000180e-02,4.218750000000000278e-02,7.785597519229938257e+01,1.000000000000000036e-10,8.743111094717845679e-05,1.899928497240579956e-05
3.062499999999999944e-02,4.218750000000000278e-02,7.674629870227970230e+01,1.000000000000000036e-10,9.036074822579278840e-05,2.155465936440009267e-05
3.187500000000000056e-02,4.218750000000000278e-02,7.559695648665456247e+01,1.000000000000000036e-10,9.381695646921001097e-05,2.430151091142533553e-05
3.312500000000000167e-02,4.218750000000000278e-02,7.440087479054945163e+01,1.000000000000000036e-10,9.787978869964716606e-05,2.718958730342478183e-05
3.437500000000000278e-02,4.218750000000000278e-02,7.314996176916338300e+01,1.000000000000000036e-10,1.026280348108400361e-04,3.013570650087217078e-05
3.562500000000000389e-02,4.218750000000000278e-02,7.183517392027845005e+01,1.000000000000000036e-10,1.081279226995053328e-04,3.301491244606267545e-05
3.687499999999999806e-02,4.218750000000000278e-02,7.044676370167574930e+01,1.000000000000000036e-10,1.144137674048448336e-04,3.565400158610600357e-05
3.812499999999999917e-02,4.218750000000000278e-02,6.897482973515732851e+01,1.000000000000000036e-10,1.214585588709422560e-04,3.783572605957259840e-05
3.937500000000000028e-02,4.218750000000000278e-02,6.741029972990219221e+01,1.000000000000000036e-10,1.291463677718661428e-04,3.933586911964765840e-05
4.062500000000000139e-02,4.218750000000000278e-02,6.574617054086067469e+01,1.000000000000000036e-10,1.373096467000834678e-04,4.002067000608007616e-05
4.187500000000000250e-02,4.218750000000000278e-02,6.397755856240010530e+01,1.000000000000000036e-10,1.459128933323199507e-04,3.989612800526229960e-05
4.312500000000000361e-02,4.218750000000000278e-02,6.209834820755267515e+01,1.000000000000000036e-10,1.550224221731229788e-04,3.863409390581408356e-05
4.437499999999999778e-02,4.218750000000000278e-02,6.010199800807203019e+01,1.000000000000000036e-10,1.642110094387788503e-04,3.534891426826560851e-05
4.562499999999999889e-02,4.218750000000000278e-02,5.799307297158320296e+01,1.000000000000000036e-10,1.719976397585986500e-04,2.953691038984629301e-05
4.687500000000000000e-02,4.218750000000000278e-02,5.580205701410706354e+01,1.000000000000000036e-10,1.798981184094884363e-04,2.502070743621742942e-05
4.812500000000000111e-02,4.218750000000000278e-02,5.349562001134599143e+01,1.000000000000000036e-10,1.854666369629538064e-04,1.312751654692647000e-05
4.937500000000000222e-02,4.218750000000000278e-02,5.116539109003321784e+01,1.000000000000000036e-10,1.864404440536031435e-04,3.919923900759839618e-06
5.062500000000000333e-02,4.218750000000000278e-02,4.883460891000591175e+01,1.000000000000000036e-10,1.864404440536034145e-04,-3.919923900760976336e-06
5.187500000000000444e-02,4.218750000000000278e-02,4.650437998869313105e+01,1.000000000000000036e-10,1.854666369629586311e-04,-1.312751654692874344e-05
5.312499999999999861e-02,4.218750000000000278e-02,4.419794298593194526e+01,1.000000000000000036e-10,1.798981184095006336e-04,-2.502070743622197629e-05
5.437499999999999972e-02,4.218750000000000278e-02,4.200692702845561399e+01,1.000000000000000036e-10,1.719976397586162411e-04,-2.953691038985254073e-05
5.562500000000000083e-02,4.218750000000000278e-02,3.989800199196653807e+01,1.000000000000000036e-10,1.642110094388007241e-04,-3.534891426827413305e-05
5.687500000000000194e-02,4.218750000000000278e-02,3.790165179248559468e+01,1.000000000000000036e-10,1.550224221731457200e-04,-3.863409390582318409e-05
5.812500000000000305e-02,4.218750000000000278e-02,3.602244143763789452e+01,1.000000000000000036e-10,1.459128933323435321e-04,-3.989612800527310096e-05
5.937500000000000416e-02,4.218750000000000278e-02,3.425382945917700539e+01,1.000000000000000036e-10,1.373096467001130123e-04,-4.002067000609257837e-05
6.062499999999999833e-02,4.218750000000000278e-02,3.258970027013506865e+01,1.000000000000000036e-10,1.291463677718993736e-04,-3.933586911966073659e-05
6.187499999999999944e-02,4.218750000000000278e-02,3.102517026487952023e+01,1.000000000000000036e-10,1.214585588709759341e-04,-3.783572605958283733e-05
6.312500000000000056e-02,4.218750000000000278e-02,2.955323629836066956e+01,1.000000000000000036e-10,1.144137674048805039e-04,-3.565400158611452811e-05
6.437500000000000167e-02,4.218750000000000278e-02,2.816482607975750696e+01,1.000000000000000036e-10,1.081279226995425616e-04,-3.301491244607262300e-05
6.562500000000000278e-02,4.218750000000000278e-02,2.685003823087210506e+01,1.000000000000000036e-10,1.026280348108816695e-04,-3.013570650087955691e-05
6.687500000000000389e-02,4.218750000000000278e-02,2.559912520948546444e+01,1.000000000000000036e-10,9.787978869969362413e-05,-2.718958730342989791e-05
6.812500000000000500e-02,4.218750000000000278e-02,2.440304351337976385e+01,1.000000000000000036e-10,9.381695646925832573e-05,-2.430151091142931320e-05
6.937500000000000611e-02,4.218750000000000278e-02,2.325370129775400585e+01,1.000000000000000036e-10,9.036074822584423379e-05,-2.155465936440435494e-05
7.062500000000000722e-02,4.218750000000000278e-02,2.214402480773365767e+01,1.000000000000000036e-10,8.743111094723274822e-05,-1.899928497240807300e-05
7.187500000000000833e-02,4.218750000000000278e-02,2.106792352407318702e+01,1.000000000000000036e-10,8.495281511236013193e-05,-1.666118772979046861e-05
7.312499999999999556e-02,4.218750000000000278e-02,2.002020442992465377e+01,1.000000000000000036e-10,8.285829013575577817e-05,-1.454889720075442234e-05
7.437499999999999667e-02,4.218750000000000278e-02,1.899646627067929217e+01,1.000000000000000036e-10,8.108851562652430000e-05,-1.265933303947008144e-05
7.562499999999999778e-02,4.218750000000000278e-02,1.799299153926154560e+01,1.000000000000000036e-10,7.959283576142693606e-05,-1.098204521640269361e-05
7.687499999999999889e-02,4.218750000000000278e-02,1.700664537664361831e+01,1.000000000000000036e-10,7.832824652666316449e-05,-9.502269339437815565e-06
7.812500000000000000e-02,4.218750000000000278e-02,1.603478537609496613e+01,1.000000000000000036e-10,7.725848114087873700e-05,-8.203057689496801350e-06
7.937500000000000111e-02,4.218750000000000278e-02,1.507518334812164973e+01,1.000000000000000036e-10,7.635307125633571720e-05,-7.066719572692504374e-06
8.062500000000000222e-02,4.218750000000000278e-02,1.412595859468657267e+01,1.000000000000000036e-10,7.558647137939656648e-05,-6.075760283539465489e-06
8.187500000000000333e-02,4.218750000000000278e-02,1.318552156363673511e+01,1.000000000000000036e-10,7.493728255573009272e-05,-5.213463796280420949e-06
8.312500000000000444e-02,4.218750000000000278e-02,1.225252653079331999e+01,1.000000000000000036e-10,7.438758395093754980e-05,-4.464226876763603639e-06
8.437500000000000555e-02,4.218750000000000278e-02,1.132583196486329591e+01,1.000000000000000036e-10,7.392236747579542704e-05,-3.813722920770316046e-06
8.562500000000000666e-02,4.218750000000000278e-02,1.040446734389843364e+01,1.000000000000000036e-10,7.352906482509659163e-05,-3.248951642998889292e-06
8.687500000000000777e-02,4.218750000000000278e-02,9.487605344235880978e+00,1.000000000000000036e-10,7.319715457565670162e-05,-2.758214357800738364e-06
8.812499999999999500e-02,4.218750000000000278e-02,8.574538479507015865e+00,1.000000000000000036e-10,7.291783727459174691e-05,-2.331042646738268104e-06
8.937499999999999611e-02,4.218750000000000278e-02,7.664659412371086944e+00,1.000000000000000036e-10,7.268376762907911165e-05,-1.958099571467712293e-06
9.062499999999999722e-02,4.218750000000000278e-02,6.757444288780037667e+00,1.000000000000000036e-10,7.248883439759508612e-05,-1.631066388291912733e-06
9.187499999999999833e-02,4.218750000000000278e-02,5.852438552431209473e+00,1.000000000000000036e-10,7.232798008712385874e-05,-1.342523294463120205e-06
9.312499999999999944e-02,4.218750000000000278e-02,4.949244786601941115e+00,1.000000000000000036e-10,7.219705394748279293e-05,-1.085829597892882149e-06
9.437500000000000056e-02,4.218750000000000278e-02,4.047512203744139114e+00,1.000000000000000036e-10,7.209269297364478935e-05,-8.550064927379706902e-07
9.562500000000000167e-02,4.218750000000000278e-02,3.146927462260820985e+00,1.000000000000000036e-10,7.201222667386274570e-05,-6.446240811766300253e-07
9.687500000000000278e-02,4.218750000000000278e-02,2.247206536897570217e+00,1.000000000000000036e-10,7.195360225017454251e-05,-4.496932158727061597e-07
9.812500000000000389e-02,4.218750000000000278e-02,1.348087406006457156e+00,1.000000000000000036e-10,7.191532759160212496e-05,-2.655620102012256890e-07
9.937500000000000500e-02,4.218750000000000278e-02,4.493233471075168683e-01,1.000000000000000036e-10,7.189643012455895321e-05,-8.781637531497741444e-08
6.250000000000000130e-04,4.281250000000000333e-02,9.955014247113332715e+01,1.000000000000000036e-10,7.198241253738785271e-05,8.286512227641649722e-08
1.874999999999999931e-03,4.281250000000000333e-02,9.865029721543197638e+01,1.000000000000000036e-10,7.200337465263599037e-05,2.505834720909660507e-07
3.125000000000000173e-03,4.281250000000000333e-02,9.775005810481742685e+01,1.000000000000000036e-10,7.204582404711969027e-05,4.243097274525097577e-07
4.375000000000000416e-03,4.281250000000000333e-02,9.684915161425398367e+01,1.000000000000000036e-10,7.211082475841293132e-05,6.081950021052760656e-07
5.624999999999999792e-03,4.281250000000000333e-02,9.594728748585710321e+01,1.000000000000000036e-10,7.220000751841608574e-05,8.066110419122195032e-07
6.875000000000000035e-03,4.281250000000000333e-02,9.504415142629358115e+01,1.000000000000000036e-10,7.231561250204036700e-05,1.024242069983074386e-06
8.125000000000000278e-03,4.281250000000000333e-02,9.413939717330609369e+01,1.000000000000000036e-10,7.246054826322618114e-05,1.266179871960275517e-06
9.374999999999999653e-03,4.281250000000000333e-02,9.323263771971292613e+01,1.000000000000000036e-10,7.263846860158307880e-05,1.538022486389536022e-06
1.062500000000000076e-02,4.281250000000000333e-02,9.232343545826651621e+01,1.000000000000000036e-10,7.285386964180586206e-05,1.845976337530145868e-06
1.187500000000000014e-02,4.281250000000000333e-02,9.141129097866777897e+01,1.000000000000000036e-10,7.311221001410670535e-05,2.196960871784767062e-06
1.312499999999999951e-02,4.281250000000000333e-02,9.049563020791384815e+01,1.000000000000000036e-10,7.342005770605907291e-05,2.598713636259616567e-06
1.437500000000000062e-02,4.281250000000000333e-02,8.957578953601630189e+01,1.000000000000000036e-10,7.378526791557076339e-05,3.059892135074732950e-06
1.562500000000000000e-02,4.281250000000000333e-02,8.865099851002457854e+01,1.000000000000000036e-10,7.421719705607242572e-05,3.590166533100500026e-06
1.687500000000000111e-02,4.281250000000000333e-02,8.772035960961449064e+01,1.000000000000000036e-10,7.472695890350620227e-05,4.200294103150098196e-06
1.812499999999999875e-02,4.281250000000000333e-02,8.678282453743692315e+01,1.000000000000000036e-10,7.532772962997113879e-05,4.902161904270768616e-06
1.937499999999999986e-02,4.281250000000000333e-02,8.583716636886521201e+01,1.000000000000000036e-10,7.603510894174859329e-05,5.708778107824626145e-06
2.062500000000000097e-02,4.281250000000000333e-02,8.488194681389320806e+01,1.000000000000000036e-10,7.686754435678606868e-05,6.634184102416609848e-06
2.187500000000000208e-02,4.281250000000000333e-02,8.391547775994555991e+01,1.000000000000000036e-10,7.784682414482913611e-05,7.693248323485020750e-06
2.312499999999999972e-02,4.281250000000000333e-02,8.293577621027247915e+01,1.000000000000000036e-10,7.899864042719171122e-05,8.901287871381099136e-06
2.437500000000000083e-02,4.281250000000000333e-02,8.194051174926576664e+01,1.000000000000000036e-10,8.035321535757017743e-05,1.027344460189169454e-05
2.562500000000000194e-02,4.281250000000000333e-02,8.092694582633322398e+01,1.000000000000000036e-10,8.194596679202560251e-05,1.182371800420696452e-05
2.687499999999999958e-02,4.281250000000000333e-02,7.989186257946512626e+01,1.000000000000000036e-10,8.381815999984893047e-05,1.356352837749340913e-05
2.812500000000000069e-02,4.281250000000000333e-02,7.883149182633700036e+01,1.000000000000000036e-10,8.601744069793140811e-05,1.549965371570805934e-05
2.937500000000000180e-02,4.281250000000000333e-02,7.774142656201684076e+01,1.000000000000000036e-10,8.859806117536491192e-05,1.763136083033031731e-05
3.062499999999999944e-02,4.281250000000000333e-02,7.661654029695287704e+01,1.000000000000000036e-10,9.162048333994787937e-05,1.994655378487663740e-05
3.187500000000000056e-02,4.281250000000000333e-02,7.545091447851814337e+01,1.000000000000000036e-10,9.514986045558827073e-05,2.241682381142254187e-05
3.312500000000000167e-02,4.281250000000000333e-02,7.423779378556316999e+01,1.000000000000000036e-10,9.925266086191525839e-05,2.499145808504863136e-05
3.437500000000000278e-02,4.281250000000000333e-02,7.296959795697026152e+01,1.000000000000000036e-10,1.039904108743155400e-04,2.759083765745799313e-05
3.562500000000000389e-02,4.281250000000000333e-02,7.163803351370528105e+01,1.000000000000000036e-10,1.094092518687284380e-04,3.010041684794259061e-05
3.687499999999999806e-02,4.281250000000000333e-02,7.023436666025205000e+01,1.000000000000000036e-10,1.155241024631282874e-04,3.236814953435668437e-05
3.812499999999999917e-02,4.281250000000000333e-02,6.874993095212707317e+01,1.000000000000000036e-10,1.222986485749742855e-04,3.421190932235276203e-05
3.937500000000000028e-02,4.281250000000000333e-02,6.717690044587769194e+01,1.000000000000000036e-10,1.296331700050813935e-04,3.544852069135685595e-05
4.062500000000000139e-02,4.281250000000000333e-02,6.550910170200003790e+01,1.000000000000000036e-10,1.373947154584848757e-04,3.594560624356971784e-05
4.187500000000000250e-02,4.281250000000000333e-02,6.374203255941556989e+01,1.000000000000000036e-10,1.455029640311815062e-04,3.561544416531602840e-05
4.312500000000000361e-02,4.281250000000000333e-02,6.187152760122049955e+01,1.000000000000000036e-10,1.538757364357675513e-04,3.417362712306612309e-05
4.437499999999999778e-02,4.281250000000000333e-02,5.989513914852138043e+01,1.000000000000000036e-10,1.621119581780166327e-04,3.109697654706109935e-05
4.562499999999999889e-02,4.281250000000000333e-02,5.781872864677008295e+01,1.000000000000000036e-10,1.694013570092027586e-04,2.625083353555111911e-05
4.687500000000000000e-02,4.281250000000000333e-02,5.566010522329131049e+01,1.000000000000000036e-10,1.760872649609376405e-04,2.101359098920510743e-05
4.812500000000000111e-02,4.281250000000000333e-02,5.341654702274664146e+01,1.000000000000000036e-10,1.807657800119403407e-04,1.201111619171171948e-05
4.937500000000000222e-02,4.281250000000000333e-02,5.114096072299280138e+01,1.000000000000000036e-10,1.823003098280116482e-04,3.782155802615533283e-06
5.062500000000000333e-02,4.281250000000000333e-02,4.885903927704634953e+01,1.000000000000000036e-10,1.823003098280127866e-04,-3.782155802618944285e-06
5.187500000000000444e-02,4.281250000000000333e-02,4.658345297729248102e+01,1.000000000000000036e-10,1.807657800119448943e-04,-1.201111619171228869e-05
5.312499999999999861e-02,4.281250000000000333e-02,4.433989477674772672e+01,1.000000000000000036e-10,1.760872649609478862e-04,-2.101359098920795008e-05
5.437499999999999972e-02,4.281250000000000333e-02,4.218127135326878374e+01,1.000000000000000036e-10,1.694013570092195366e-04,-2.625083353555793941e-05
5.562500000000000083e-02,4.281250000000000333e-02,4.010486085151723756e+01,1.000000000000000036e-10,1.621119581780379373e-04,-3.109697654706905469e-05
5.687500000000000194e-02,4.281250000000000333e-02,3.812847239881783423e+01,1.000000000000000036e-10,1.538757364357894522e-04,-3.417362712307578604e-05
5.812500000000000305e-02,4.281250000000000333e-02,3.625796744062250099e+01,1.000000000000000036e-10,1.455029640312051147e-04,-3.561544416532512214e-05
5.937500000000000416e-02,4.281250000000000333e-02,3.449089829803770613e+01,1.000000000000000036e-10,1.373947154585141491e-04,-3.594560624357597911e-05
6.062499999999999833e-02,4.281250000000000333e-02,3.282309955415964708e+01,1.000000000000000036e-10,1.296331700051149224e-04,-3.544852069136594970e-05
6.187499999999999944e-02,4.281250000000000333e-02,3.125006904790983242e+01,1.000000000000000036e-10,1.222986485750091154e-04,-3.421190932236214038e-05
6.312500000000000056e-02,4.281250000000000333e-02,2.976563333978441861e+01,1.000000000000000036e-10,1.155241024631636730e-04,-3.236814953436549351e-05
6.437500000000000167e-02,4.281250000000000333e-02,2.836196648633073991e+01,1.000000000000000036e-10,1.094092518687666562e-04,-3.010041684795196896e-05
6.562500000000000278e-02,4.281250000000000333e-02,2.703040204306525141e+01,1.000000000000000036e-10,1.039904108743580272e-04,-2.759083765746168281e-05
6.687500000000000389e-02,4.281250000000000333e-02,2.576220621447178871e+01,1.000000000000000036e-10,9.925266086196186553e-05,-2.499145808505374744e-05
6.812500000000000500e-02,4.281250000000000333e-02,2.454908552151620427e+01,1.000000000000000036e-10,9.514986045563729022e-05,-2.241682381142652292e-05
6.937500000000000611e-02,4.281250000000000333e-02,2.338345970308085597e+01,1.000000000000000036e-10,9.162048333999917569e-05,-1.994655378488146888e-05
7.062500000000000722e-02,4.281250000000000333e-02,2.225857343801622434e+01,1.000000000000000036e-10,8.859806117541906782e-05,-1.763136083033429836e-05
7.187500000000000833e-02,4.281250000000000333e-02,2.116850817369537907e+01,1.000000000000000036e-10,8.601744069799023963e-05,-1.549965371571090537e-05
7.312499999999999556e-02,4.281250000000000333e-02,2.010813742056646802e+01,1.000000000000000036e-10,8.381815999991429431e-05,-1.356352837749283993e-05
7.437499999999999667e-02,4.281250000000000333e-02,1.907305417369752121e+01,1.000000000000000036e-10,8.194596679209523540e-05,-1.182371800420639531e-05
7.562499999999999778e-02,4.281250000000000333e-02,1.805948825076408681e+01,1.000000000000000036e-10,8.035321535764322555e-05,-1.027344460189055951e-05
7.687499999999999889e-02,4.281250000000000333e-02,1.706422378975643994e+01,1.000000000000000036e-10,7.899864042726730722e-05,-8.901287871379394905e-06
7.812500000000000000e-02,4.281250000000000333e-02,1.608452224008240350e+01,1.000000000000000036e-10,7.784682414490963812e-05,-7.693248323482462710e-06
7.937500000000000111e-02,4.281250000000000333e-02,1.511805318613369842e+01,1.000000000000000036e-10,7.686754435687459378e-05,-6.634184102416752150e-06
8.062500000000000222e-02,4.281250000000000333e-02,1.416283363116053806e+01,1.000000000000000036e-10,7.603510894184039811e-05,-5.708778107828320903e-06
8.187500000000000333e-02,4.281250000000000333e-02,1.321717546258768827e+01,1.000000000000000036e-10,7.532772963006478676e-05,-4.902161904270768616e-06
8.312500000000000444e-02,4.281250000000000333e-02,1.227964039040891819e+01,1.000000000000000036e-10,7.472695890360902529e-05,-4.200294103149388383e-06
8.437500000000000555e-02,4.281250000000000333e-02,1.134900148999746250e+01,1.000000000000000036e-10,7.421719705618129318e-05,-3.590166533098936403e-06
8.562500000000000666e-02,4.281250000000000333e-02,1.042421046400438556e+01,1.000000000000000036e-10,7.378526791568147398e-05,-3.059892135069901051e-06
8.687500000000000777e-02,4.281250000000000333e-02,9.504369792105425319e+00,1.000000000000000036e-10,7.342005770617496057e-05,-2.598713636255638053e-06
8.812499999999999500e-02,4.281250000000000333e-02,8.588709021350011241e+00,1.000000000000000036e-10,7.311221001423095492e-05,-2.196960871778230509e-06
8.937499999999999611e-02,4.281250000000000333e-02,7.676564541749651305e+00,1.000000000000000036e-10,7.285386964193713184e-05,-1.845976337524177462e-06
9.062499999999999722e-02,4.281250000000000333e-02,6.767362280301582267e+00,1.000000000000000036e-10,7.263846860171968827e-05,-1.538022486384278065e-06
9.187499999999999833e-02,4.281250000000000333e-02,5.860602826706658774e+00,1.000000000000000036e-10,7.246054826336978372e-05,-1.266179871959991337e-06
9.312499999999999944e-02,4.281250000000000333e-02,4.955848573717337224e+00,1.000000000000000036e-10,7.231561250218874006e-05,-1.024242069984779675e-06
9.437500000000000056e-02,4.281250000000000333e-02,4.052712514151940226e+00,1.000000000000000036e-10,7.220000751856683050e-05,-8.066110419155591423e-07
9.562500000000000167e-02,4.281250000000000333e-02,3.150848385753166170e+00,1.000000000000000036e-10,7.211082475856730816e-05,-6.081950021079406195e-07
9.687500000000000278e-02,4.281250000000000333e-02,2.249941895187757002e+00,1.000000000000000036e-10,7.204582404727889180e-05,-4.243097274528650351e-07
9.812500000000000389e-02,4.281250000000000333e-02,1.349702784571193304e+00,1.000000000000000036e-10,7.200337465280038252e-05,-2.505834720954246733e-07
9.937500000000000500e-02,4.281250000000000333e-02,4.498575288677471029e-01,1.000000000000000036e-10,7.198241253755761166e-05,-8.286512227781093844e-08
6.250000000000000130e-04,4.343750000000000389e-02,9.954964083886508774e+01,1.000000000000000036e-10,7.206315442157459872e-05,7.741684292454918752e-08
1.874999999999999931e-03,4.343750000000000389e-02,9.864878030059554703e+01,1.000000000000000036e-10,7.208604989402486610e-05,2.341029576018626668e-07
3.125000000000000173e-03,4.343750000000000389e-02,9.774748959151446570e+01,1.000000000000000036e-10,7.213240801502250469e-05,3.963864842057773061e-07
4.375000000000000416e-03,4.343750000000000389e-02,9.684547010021998403e+01,1.000000000000000036e-10,7.220337733093968680e-05,5.681332317487884148e-07
5.624999999999999792e-03,4.343750000000000389e-02,9.594240515824097315e+01,1.000000000000000036e-10,7.230071650743183213e-05,7.534118440253223015e-07
6.875000000000000035e-03,4.343750000000000389e-02,9.503795218753418794e+01,1.000000000000000036e-10,7.242683836235753688e-05,9.565778485989539201e-07
8.125000000000000278e-03,4.343750000000000389e-02,9.413173419918203422e+01,1.000000000000000036e-10,7.258487029518218806e-05,1.182360246345978972e-06
9.374999999999999653e-03,4.343750000000000389e-02,9.322333043015463261e+01,1.000000000000000036e-10,7.277873263024161612e-05,1.435950775302216852e-06
1.062500000000000076e-02,4.343750000000000389e-02,9.231226588342599371e+01,1.000000000000000036e-10,7.301323682164535659e-05,1.723095432804483958e-06
1.187500000000000014e-02,4.343750000000000389e-02,9.139799950961349850e+01,1.000000000000000036e-10,7.329420592383255795e-05,2.050187039267257076e-06
1.312499999999999951e-02,4.343750000000000389e-02,9.047991073533017925e+01,1.000000000000000036e-10,7.362862020718635595e-05,2.424356481133144717e-06
1.437500000000000062e-02,4.343750000000000389e-02,8.955728400443383919e+01,1.000000000000000036e-10,7.402479127340596404e-05,2.853558652345781743e-06
1.562500000000000000e-02,4.343750000000000389e-02,8.862929095349502973e+01,1.000000000000000036e-10,7.449256845972569360e-05,3.346646852423872634e-06
1.687500000000000111e-02,4.343750000000000389e-02,8.769496979294069661e+01,1.000000000000000036e-10,7.504358163642164958e-05,3.913426271772094874e-06
1.812499999999999875e-02,4.343750000000000389e-02,8.675320141258448814e+01,1.000000000000000036e-10,7.569152455797335637e-05,4.564672911651541332e-06
1.937499999999999986e-02,4.343750000000000389e-02,8.580268167899136245e+01,1.000000000000000036e-10,7.645248247837740615e-05,5.312098484356509749e-06
2.062500000000000097e-02,4.343750000000000389e-02,8.484188935062505266e+01,1.000000000000000036e-10,7.734530636407667111e-05,6.168234075521467069e-06
2.187500000000000208e-02,4.343750000000000389e-02,8.386904901988944516e+01,1.000000000000000036e-10,7.839203302527946913e-05,7.146195125761777676e-06
2.312499999999999972e-02,4.343750000000000389e-02,8.288208852499306545e+01,1.000000000000000036e-10,7.961834466579146782e-05,8.259277107665637373e-06
2.437500000000000083e-02,4.343750000000000389e-02,8.187859040324465809e+01,1.000000000000000036e-10,8.105405082776768121e-05,9.520314819429811416e-06
2.562500000000000194e-02,4.343750000000000389e-02,8.085573725429887304e+01,1.000000000000000036e-10,8.273355751425639517e-05,1.094071872620361029e-05
2.687499999999999958e-02,4.343750000000000389e-02,7.981025146538824799e+01,1.000000000000000036e-10,8.469625799144238137e-05,1.252908081300233505e-05
2.812500000000000069e-02,4.343750000000000389e-02,7.873833080451281319e+01,1.000000000000000036e-10,8.698673133871976466e-05,1.428922425753057522e-05
2.937500000000000180e-02,4.343750000000000389e-02,7.763558318192025354e+01,1.000000000000000036e-10,8.965456098176274413e-05,1.621756522827581259e-05
3.062499999999999944e-02,4.343750000000000389e-02,7.649696677996874428e+01,1.000000000000000036e-10,9.275347971633890237e-05,1.829967893735328689e-05
3.187500000000000056e-02,4.343750000000000389e-02,7.531674618901178064e+01,1.000000000000000036e-10,9.633940861929600626e-05,2.050604564964714476e-05
3.312500000000000167e-02,4.343750000000000389e-02,7.408848156448634370e+01,1.000000000000000036e-10,1.004667956226648748e-04,2.278714254197552441e-05
3.437500000000000278e-02,4.343750000000000389e-02,7.280507629844515805e+01,1.000000000000000036e-10,1.051825141922870259e-04,2.506841890951818285e-05
3.562500000000000389e-02,4.343750000000000389e-02,7.145891870967916759e+01,1.000000000000000036e-10,1.105165786379546733e-04,2.724638287584070176e-05
3.687499999999999806e-02,4.343750000000000389e-02,7.004216183249629069e+01,1.000000000000000036e-10,1.164695136420499397e-04,2.918829070721130675e-05
3.812499999999999917e-02,4.343750000000000389e-02,6.854718086862791893e+01,1.000000000000000036e-10,1.229987444494423350e-04,3.073987968988148403e-05
3.937500000000000028e-02,4.343750000000000389e-02,6.696719322126023144e+01,1.000000000000000036e-10,1.300132162324746106e-04,3.174605371726556404e-05
4.062500000000000139e-02,4.343750000000000389e-02,6.529685046281605310e+01,1.000000000000000036e-10,1.373931084370630439e-04,3.207735438867188925e-05
4.187500000000000250e-02,4.343750000000000389e-02,6.353236551033365487e+01,1.000000000000000036e-10,1.450269037720681737e-04,3.161267406636908899e-05
4.312500000000000361e-02,4.343750000000000389e-02,6.167117786851434857e+01,1.000000000000000036e-10,1.527631883639955042e-04,3.012186872375934271e-05
4.437499999999999778e-02,4.343750000000000389e-02,5.971328580123376639e+01,1.000000000000000036e-10,1.602496126450213602e-04,2.728741193473239649e-05
4.562499999999999889e-02,4.343750000000000389e-02,5.766493755238881391e+01,1.000000000000000036e-10,1.669559469796706404e-04,2.306253156496722480e-05
4.687500000000000000e-02,4.343750000000000389e-02,5.553938712674199962e+01,1.000000000000000036e-10,1.727782597375687517e-04,1.794778260497707572e-05
4.812500000000000111e-02,4.343750000000000389e-02,5.334548105894959491e+01,1.000000000000000036e-10,1.768509193696590049e-04,1.070133723439482630e-05
4.937500000000000222e-02,4.343750000000000389e-02,5.111811414250052366e+01,1.000000000000000036e-10,1.785438080564378171e-04,3.478225508509352882e-06
5.062500000000000333e-02,4.343750000000000389e-02,4.888188585753864857e+01,1.000000000000000036e-10,1.785438080564395518e-04,-3.478225508511057960e-06
5.187500000000000444e-02,4.343750000000000389e-02,4.665451894108953468e+01,1.000000000000000036e-10,1.768509193696641277e-04,-1.070133723439539382e-05
5.312499999999999861e-02,4.343750000000000389e-02,4.446061287329704470e+01,1.000000000000000036e-10,1.727782597375778048e-04,-1.794778260497991497e-05
5.437499999999999972e-02,4.343750000000000389e-02,4.233506244765008830e+01,1.000000000000000036e-10,1.669559469796857108e-04,-2.306253156497291008e-05
5.562500000000000083e-02,4.343750000000000389e-02,4.028671419880490134e+01,1.000000000000000036e-10,1.602496126450418245e-04,-2.728741193473922019e-05
5.687500000000000194e-02,4.343750000000000389e-02,3.832882213152404205e+01,1.000000000000000036e-10,1.527631883640176761e-04,-3.012186872376787064e-05
5.812500000000000305e-02,4.343750000000000389e-02,3.646763448970445864e+01,1.000000000000000036e-10,1.450269037720934356e-04,-3.161267406637591269e-05
5.937500000000000416e-02,4.343750000000000389e-02,3.470314953722170515e+01,1.000000000000000036e-10,1.373931084370925884e-04,-3.207735438867700533e-05
6.062499999999999833e-02,4.343750000000000389e-02,3.303280677877714311e+01,1.000000000000000036e-10,1.300132162325062964e-04,-3.174605371727124255e-05
6.187499999999999944e-02,4.343750000000000389e-02,3.145281913140904706e+01,1.000000000000000036e-10,1.229987444494761622e-04,-3.073987968988830773e-05
6.312500000000000056e-02,4.343750000000000389e-02,2.995783816754023832e+01,1.000000000000000036e-10,1.164695136420855828e-04,-2.918829070722011251e-05
6.437500000000000167e-02,4.343750000000000389e-02,2.854108129035690666e+01,1.000000000000000036e-10,1.105165786379944500e-04,-2.724638287585008349e-05
6.562500000000000278e-02,4.343750000000000389e-02,2.719492370159037620e+01,1.000000000000000036e-10,1.051825141923307870e-04,-2.506841890952443396e-05
6.687500000000000389e-02,4.343750000000000389e-02,2.591151843554863632e+01,1.000000000000000036e-10,1.004667956227112108e-04,-2.278714254198149091e-05
6.812500000000000500e-02,4.343750000000000389e-02,2.468325381102259541e+01,1.000000000000000036e-10,9.633940861934447010e-05,-2.050604564965254544e-05
6.937500000000000611e-02,4.343750000000000389e-02,2.350303322006502427e+01,1.000000000000000036e-10,9.275347971639033421e-05,-1.829967893735868757e-05
7.062500000000000722e-02,4.343750000000000389e-02,2.236441681811283644e+01,1.000000000000000036e-10,8.965456098181801134e-05,-1.621756522827837063e-05
7.187500000000000833e-02,4.343750000000000389e-02,2.126166919551957335e+01,1.000000000000000036e-10,8.698673133878087301e-05,-1.428922425753171194e-05
7.312499999999999556e-02,4.343750000000000389e-02,2.018974853464331431e+01,1.000000000000000036e-10,8.469625799150802981e-05,-1.252908081299977701e-05
7.437499999999999667e-02,4.343750000000000389e-02,1.914426274573187214e+01,1.000000000000000036e-10,8.273355751432545885e-05,-1.094071872620133685e-05
7.562499999999999778e-02,4.343750000000000389e-02,1.812140959678517760e+01,1.000000000000000036e-10,8.105405082784044473e-05,-9.520314819426685865e-06
7.687499999999999889e-02,4.343750000000000389e-02,1.711791147503586075e+01,1.000000000000000036e-10,7.961834466586721290e-05,-8.259277107668195413e-06
7.812500000000000000e-02,4.343750000000000389e-02,1.613095098013849693e+01,1.000000000000000036e-10,7.839203302536005245e-05,-7.146195125760640958e-06
7.937500000000000111e-02,4.343750000000000389e-02,1.515811064940185915e+01,1.000000000000000036e-10,7.734530636416278387e-05,-6.168234075521609371e-06
8.062500000000000222e-02,4.343750000000000389e-02,1.419731832103442670e+01,1.000000000000000036e-10,7.645248247846954978e-05,-5.312098484359778449e-06
8.187500000000000333e-02,4.343750000000000389e-02,1.324679858744011973e+01,1.000000000000000036e-10,7.569152455806955220e-05,-4.564672911650262312e-06
8.312500000000000444e-02,4.343750000000000389e-02,1.230503020708268735e+01,1.000000000000000036e-10,7.504358163652346972e-05,-3.913426271766978795e-06
8.437500000000000555e-02,4.343750000000000389e-02,1.137070904652703263e+01,1.000000000000000036e-10,7.449256845983517092e-05,-3.346646852422167557e-06
8.562500000000000666e-02,4.343750000000000389e-02,1.044271599558680741e+01,1.000000000000000036e-10,7.402479127351823318e-05,-2.853558652337397387e-06
8.687500000000000777e-02,4.343750000000000389e-02,9.520089264689076458e+00,1.000000000000000036e-10,7.362862020730252821e-05,-2.424356481126750042e-06
8.812499999999999500e-02,4.343750000000000389e-02,8.602000490404243749e+00,1.000000000000000036e-10,7.329420592395747159e-05,-2.050187039262709356e-06
8.937499999999999611e-02,4.343750000000000389e-02,7.687734116590139166e+00,1.000000000000000036e-10,7.301323682177608427e-05,-1.723095432801997493e-06
9.062499999999999722e-02,4.343750000000000389e-02,6.776669569859841147e+00,1.000000000000000036e-10,7.277873263037716849e-05,-1.435950775298024674e-06
9.187499999999999833e-02,4.343750000000000389e-02,5.868265800830709367e+00,1.000000000000000036e-10,7.258487029532359512e-05,-1.182360246344344622e-06
9.312499999999999944e-02,4.343750000000000389e-02,4.962047812476750863e+00,1.000000000000000036e-10,7.242683836250501548e-05,-9.565778486001617891e-07
9.437500000000000056e-02,4.343750000000000389e-02,4.057594841768083604e+00,1.000000000000000036e-10,7.230071650758321386e-05,-7.534118440278801293e-07
9.562500000000000167e-02,4.343750000000000389e-02,3.154529899787170244e+00,1.000000000000000036e-10,7.220337733109409074e-05,-5.681332317510622748e-07
9.687500000000000278e-02,4.343750000000000389e-02,2.252510408490731031e+00,1.000000000000000036e-10,7.213240801518079821e-05,-3.963864842086194722e-07
9.812500000000000389e-02,4.343750000000000389e-02,1.351219699407649966e+00,1.000000000000000036e-10,7.208604989418965128e-05,-2.341029576046515492e-07
9.937500000000000500e-02,4.343750000000000389e-02,4.503591611359895053e-01,1.000000000000000036e-10,7.206315442174556385e-05,-7.741684292514425463e-08
6.250000000000000130e-04,4.406249999999999750e-02,9.954917476059677028e+01,1.000000000000000036e-10,7.213817243765106488e-05,7.150545636591232102e-08
1.874999999999999931e-03,4.406249999999999750e-02,9.864737092846195310e+01,1.000000000000000036e-10,7.216285947327661103e-05,2.162230901342354245e-07
3.125000000000000173e-03,4.406249999999999750e-02,9.774510327376485463e+01,1.000000000000000036e-10,7.221283918419315641e-05,3.660974357285339798e-07
4.375000000000000416e-03,4.406249999999999750e-02,9.684204994885712381e+01,1.000000000000000036e-10,7.228933743832269808e-05,5.246884952077834440e-07
5.624999999999999792e-03,4.406249999999999750e-02,9.593786983780678668e+01,1.000000000000000036e-10,7.239422982684116394e-05,6.957407980621609335e-07
6.875000000000000035e-03,4.406249999999999750e-02,9.503219420318609423e+01,1.000000000000000036e-10,7.253008670320070200e-05,8.832595289231901206e-07
8.125000000000000278e-03,4.406249999999999750e-02,9.412461767022676895e+01,1.000000000000000036e-10,7.270023472657782023e-05,1.091588587926253033e-06
9.374999999999999653e-03,4.406249999999999750e-02,9.321468833502164841e+01,1.000000000000000036e-10,7.290883619481234061e-05,1.325490532072990328e-06
1.062500000000000076e-02,4.406249999999999750e-02,9.230189676535646015e+01,1.000000000000000036e-10,7.316098777378839298e-05,1.590227790841253903e-06
1.187500000000000014e-02,4.406249999999999750e-02,9.138566364067693826e+01,1.000000000000000036e-10,7.346284053827103382e-05,1.891643747898114966e-06
1.312499999999999951e-02,4.406249999999999750e-02,9.046532575189968384e+01,1.000000000000000036e-10,7.382174351259832826e-05,2.236241143668848273e-06
1.437500000000000062e-02,4.406249999999999750e-02,8.954012005286197962e+01,1.000000000000000036e-10,7.424641310121613772e-05,2.631253662394782948e-06
1.562500000000000000e-02,4.406249999999999750e-02,8.860916542436928012e+01,1.000000000000000036e-10,7.474713086578558250e-05,3.084704366938239168e-06
1.687500000000000111e-02,4.406249999999999750e-02,8.767144178121733944e+01,1.000000000000000036e-10,7.533597193312002857e-05,3.605441635254464128e-06
1.812499999999999875e-02,4.406249999999999750e-02,8.672576612604127888e+01,1.000000000000000036e-10,7.602706573626333861e-05,4.203139185825647685e-06
1.937499999999999986e-02,4.406249999999999750e-02,8.577076513781075562e+01,1.000000000000000036e-10,7.683688952368354684e-05,4.888241356279649348e-06
2.062500000000000097e-02,4.406249999999999750e-02,8.480484388794918971e+01,1.000000000000000036e-10,7.778459267748869671e-05,5.671827683858053904e-06
2.187500000000000208e-02,4.406249999999999750e-02,8.382615032087353768e+01,1.000000000000000036e-10,7.889234566090121787e-05,6.565361695121508070e-06
2.312499999999999972e-02,4.406249999999999750e-02,8.283253524642665866e+01,1.000000000000000036e-10,8.018570027402572979e-05,7.580277411493623258e-06
2.437500000000000083e-02,4.406249999999999750e-02,8.182150781402289397e+01,1.000000000000000036e-10,8.169393616683917744e-05,8.727343488211543576e-06
2.562500000000000194e-02,4.406249999999999750e-02,8.079018684225567881e+01,1.000000000000000036e-10,8.345034978881185671e-05,1.001572990319573178e-05
2.687499999999999958e-02,4.406249999999999750e-02,7.973524906930259704e+01,1.000000000000000036e-10,8.549241276551241718e-05,1.145168790907064176e-05
2.812500000000000069e-02,4.406249999999999750e-02,7.865287652311786815e+01,1.000000000000000036e-10,8.786168290556814519e-05,1.303674541780082725e-05
2.937500000000000180e-02,4.406249999999999750e-02,7.753870699666339306e+01,1.000000000000000036e-10,9.060328851527627199e-05,1.476532644163739525e-05
3.062499999999999944e-02,4.406249999999999750e-02,7.638779431023596089e+01,1.000000000000000036e-10,9.376472355063353021e-05,1.662174083902755064e-05
3.187500000000000056e-02,4.406249999999999750e-02,7.519458890789755401e+01,1.000000000000000036e-10,9.739359225789937424e-05,1.857658494286169843e-05
3.312500000000000167e-02,4.406249999999999750e-02,7.395295450378847590e+01,1.000000000000000036e-10,1.015338474918507774e-04,2.058278213009884607e-05
3.437500000000000278e-02,4.406249999999999750e-02,7.265624272060128419e+01,1.000000000000000036e-10,1.062200310412481406e-04,2.257182826188454503e-05
3.562500000000000389e-02,4.406249999999999750e-02,7.129745372775727219e+01,1.000000000000000036e-10,1.114691877675750068e-04,2.445136293748191423e-05
3.687499999999999806e-02,4.406249999999999750e-02,6.986951302641190864e+01,1.000000000000000036e-10,1.172708508701486785e-04,2.610601159224415314e-05
3.812499999999999917e-02,4.406249999999999750e-02,6.836568245600355453e+01,1.000000000000000036e-10,1.235775300800014175e-04,2.740420379623173205e-05
3.937500000000000028e-02,4.406249999999999750e-02,6.678007477441187234e+01,1.000000000000000036e-10,1.303019073544765859e-04,2.821230508216557851e-05
4.062500000000000139e-02,4.406249999999999750e-02,6.510813477214163925e+01,1.000000000000000036e-10,1.373280256330366381e-04,2.840809778219863152e-05
4.187500000000000250e-02,4.406249999999999750e-02,6.334687413358595620e+01,1.000000000000000036e-10,1.445252211987252465e-04,2.786643522249618576e-05
4.312500000000000361e-02,4.406249999999999750e-02,6.149500424217350769e+01,1.000000000000000036e-10,1.517131053699492186e-04,2.640602318605885453e-05
4.437499999999999778e-02,4.406249999999999750e-02,5.955404649933722538e+01,1.000000000000000036e-10,1.585822895986205771e-04,2.382545321758697775e-05
4.562499999999999889e-02,4.406249999999999750e-02,5.753044700220799257e+01,1.000000000000000036e-10,1.647315423443250948e-04,2.009669674194014573e-05
4.687500000000000000e-02,4.406249999999999750e-02,5.543575794072909702e+01,1.000000000000000036e-10,1.699066677956514006e-04,1.541489832339436536e-05
4.812500000000000111e-02,4.406249999999999750e-02,5.328278030731670611e+01,1.000000000000000036e-10,1.735310014637064509e-04,9.385724865904874787e-06
4.937500000000000222e-02,4.406249999999999750e-02,5.109748290413643446e+01,1.000000000000000036e-10,1.752105284565587027e-04,3.107630037186481202e-06
5.062500000000000333e-02,4.406249999999999750e-02,4.890251709590273776e+01,1.000000000000000036e-10,1.752105284565603832e-04,-3.107630037186481202e-06
5.187500000000000444e-02,4.406249999999999750e-02,4.671721969272242347e+01,1.000000000000000036e-10,1.735310014637104353e-04,-9.385724865906579017e-06
5.312499999999999861e-02,4.406249999999999750e-02,4.456424205930997573e+01,1.000000000000000036e-10,1.699066677956590984e-04,-1.541489832339777382e-05
5.437499999999999972e-02,4.406249999999999750e-02,4.246955299783094517e+01,1.000000000000000036e-10,1.647315423443398942e-04,-2.009669674194469600e-05
5.562500000000000083e-02,4.406249999999999750e-02,4.044595350070147788e+01,1.000000000000000036e-10,1.585822895986404722e-04,-2.382545321759323224e-05
5.687500000000000194e-02,4.406249999999999750e-02,3.850499575786493267e+01,1.000000000000000036e-10,1.517131053699710924e-04,-2.640602318606681325e-05
5.812500000000000305e-02,4.406249999999999750e-02,3.665312586645219994e+01,1.000000000000000036e-10,1.445252211987505355e-04,-2.786643522250300945e-05
5.937500000000000416e-02,4.406249999999999750e-02,3.489186522789616873e+01,1.000000000000000036e-10,1.373280256330664537e-04,-2.840809778220545182e-05
6.062499999999999833e-02,4.406249999999999750e-02,3.321992522562553773e+01,1.000000000000000036e-10,1.303019073545092746e-04,-2.821230508217126379e-05
6.187499999999999944e-02,4.406249999999999750e-02,3.163431754403343632e+01,1.000000000000000036e-10,1.235775300800346754e-04,-2.740420379623571649e-05
6.312500000000000056e-02,4.406249999999999750e-02,3.013048697362467010e+01,1.000000000000000036e-10,1.172708508701827902e-04,-2.610601159225012303e-05
6.437500000000000167e-02,4.406249999999999750e-02,2.870254627227886601e+01,1.000000000000000036e-10,1.114691877676144988e-04,-2.445136293748930036e-05
6.562500000000000278e-02,4.406249999999999750e-02,2.734375727943430689e+01,1.000000000000000036e-10,1.062200310412923353e-04,-2.257182826189164655e-05
6.687500000000000389e-02,4.406249999999999750e-02,2.604704549624655741e+01,1.000000000000000036e-10,1.015338474918978047e-04,-2.058278213010623220e-05
6.812500000000000500e-02,4.406249999999999750e-02,2.480541109213686113e+01,1.000000000000000036e-10,9.739359225794869189e-05,-1.857658494286823413e-05
6.937500000000000611e-02,4.406249999999999750e-02,2.361220568979783963e+01,1.000000000000000036e-10,9.376472355068627665e-05,-1.662174083903181291e-05
7.062500000000000722e-02,4.406249999999999750e-02,2.246129300336970402e+01,1.000000000000000036e-10,9.060328851533255563e-05,-1.476532644164023789e-05
7.187500000000000833e-02,4.406249999999999750e-02,2.134712347691452550e+01,1.000000000000000036e-10,8.786168290562953813e-05,-1.303674541779969053e-05
7.312499999999999556e-02,4.406249999999999750e-02,2.026475093072896527e+01,1.000000000000000036e-10,8.549241276557947508e-05,-1.145168790907035716e-05
7.437499999999999667e-02,4.406249999999999750e-02,1.920981315777503795e+01,1.000000000000000036e-10,8.345034978888177420e-05,-1.001572990318947898e-05
7.562499999999999778e-02,4.406249999999999750e-02,1.817849218600692041e+01,1.000000000000000036e-10,8.169393616690979966e-05,-8.727343488208416330e-06
7.687499999999999889e-02,4.406249999999999750e-02,1.716746475360229240e+01,1.000000000000000036e-10,8.018570027410033645e-05,-7.580277411493624105e-06
7.812500000000000000e-02,4.406249999999999750e-02,1.617384967915441152e+01,1.000000000000000036e-10,7.889234566098293961e-05,-6.565361695122361879e-06
7.937500000000000111e-02,4.406249999999999750e-02,1.519515611207771855e+01,1.000000000000000036e-10,7.778459267757502631e-05,-5.671827683857058640e-06
8.062500000000000222e-02,4.406249999999999750e-02,1.422923486221503531e+01,1.000000000000000036e-10,7.683688952377605639e-05,-4.888241356277659668e-06
8.187500000000000333e-02,4.406249999999999750e-02,1.327423387398331656e+01,1.000000000000000036e-10,7.602706573636117430e-05,-4.203139185823231947e-06
8.312500000000000444e-02,4.406249999999999750e-02,1.232855821880600544e+01,1.000000000000000036e-10,7.533597193322305488e-05,-3.605441635249774530e-06
8.437500000000000555e-02,4.406249999999999750e-02,1.139083457565273960e+01,1.000000000000000036e-10,7.474713086589608981e-05,-3.084704366931134256e-06
8.562500000000000666e-02,4.406249999999999750e-02,1.045987994715860303e+01,1.000000000000000036e-10,7.424641310132917935e-05,-2.631253662386256715e-06
8.687500000000000777e-02,4.406249999999999750e-02,9.534674248119509699e+00,1.000000000000000036e-10,7.382174351271230501e-05,-2.236241143661601059e-06
8.812499999999999500e-02,4.406249999999999750e-02,8.614336359340795113e+00,1.000000000000000036e-10,7.346284053839333182e-05,-1.891643747896125286e-06
8.937499999999999611e-02,4.406249999999999750e-02,7.698103234659676275e+00,1.000000000000000036e-10,7.316098777391948657e-05,-1.590227790840969723e-06
9.062499999999999722e-02,4.406249999999999750e-02,6.785311664992807579e+00,1.000000000000000036e-10,7.290883619494851640e-05,-1.325490532074055896e-06
9.187499999999999833e-02,4.406249999999999750e-02,5.875382329785963087e+00,1.000000000000000036e-10,7.270023472671872586e-05,-1.091588587926039792e-06
9.312499999999999944e-02,4.406249999999999750e-02,4.967805796824839248e+00,1.000000000000000036e-10,7.253008670334696087e-05,-8.832595289224085210e-07
9.437500000000000056e-02,4.406249999999999750e-02,4.062130162202288730e+00,1.000000000000000036e-10,7.239422982699138015e-05,-6.957407980665663519e-07
9.562500000000000167e-02,4.406249999999999750e-02,3.157950051150054449e+00,1.000000000000000036e-10,7.228933743847693939e-05,-5.246884952105189369e-07
9.687500000000000278e-02,4.406249999999999750e-02,2.254896726240364746e+00,1.000000000000000036e-10,7.221283918435210045e-05,-3.660974357297774242e-07
9.812500000000000389e-02,4.406249999999999750e-02,1.352629071541251449e+00,1.000000000000000036e-10,7.216285947344211449e-05,-2.162230901327965803e-07
9.937500000000000500e-02,4.406249999999999750e-02,4.508252394043114064e-01,1.000000000000000036e-10,7.213817243782250435e-05,-7.150545636517955811e-08
6.250000000000000130e-04,4.468749999999999806e-02,9.954874702066051384e+01,1.000000000000000036e-10,7.220701869482468171e-05,6.516738954587707846e-08
1.874999999999999931e-03,4.468749999999999806e-02,9.864607751196886909e+01,1.000000000000000036e-10,7.223334588370618214e-05,1.970540447064194822e-07
3.125000000000000173e-03,4.468749999999999806e-02,9.774291337356785903e+01,1.000000000000000036e-10,7.228664071755926818e-05,3.336292087794844414e-07
4.375000000000000416e-03,4.468749999999999806e-02,9.683891149402988674e+01,1.000000000000000036e-10,7.236819901210649964e-05,4.781284478247016500e-07
5.624999999999999792e-03,4.468749999999999806e-02,9.593370839826519614e+01,1.000000000000000036e-10,7.248000202428951958e-05,6.339531451010315047e-07
6.875000000000000035e-03,4.468749999999999806e-02,9.502691144342264806e+01,1.000000000000000036e-10,7.262476225728959744e-05,8.047386272073707524e-07
8.125000000000000278e-03,4.468749999999999806e-02,9.411808934183295605e+01,1.000000000000000036e-10,7.280598579675710965e-05,9.944237082197556945e-07
9.374999999999999653e-03,4.468749999999999806e-02,9.320676179850372023e+01,1.000000000000000036e-10,7.302805223169910173e-05,1.207321460192360748e-06
1.062500000000000076e-02,4.468749999999999806e-02,9.229238803604047803e+01,1.000000000000000036e-10,7.329631342955791288e-05,1.448190474305874528e-06
1.187500000000000014e-02,4.468749999999999806e-02,9.137435396276477206e+01,1.000000000000000036e-10,7.361721260024635068e-05,1.722305096853915375e-06
1.312499999999999951e-02,4.468749999999999806e-02,9.045195772103431864e+01,1.000000000000000036e-10,7.399842516443469703e-05,2.035522025458930913e-06
1.437500000000000062e-02,4.468749999999999806e-02,8.952439333365390439e+01,1.000000000000000036e-10,7.444902288504065568e-05,2.394339125979740180e-06
1.562500000000000000e-02,4.468749999999999806e-02,8.859073214890830172e+01,1.000000000000000036e-10,7.497966244615552212e-05,2.805940240501740352e-06
1.687500000000000111e-02,4.468749999999999806e-02,8.764990177250001580e+01,1.000000000000000036e-10,7.560279904586536147e-05,3.278216928173378124e-06
1.812499999999999875e-02,4.468749999999999806e-02,8.670066217276166753e+01,1.000000000000000036e-10,7.633292441848594622e-05,3.819754305031891625e-06
1.937499999999999986e-02,4.468749999999999806e-02,8.574157866203786682e+01,1.000000000000000036e-10,7.718682672739360460e-05,4.439763188917139446e-06
2.062500000000000097e-02,4.468749999999999806e-02,8.477099150457682697e+01,1.000000000000000036e-10,7.818386653349760555e-05,5.147934371273094157e-06
2.187500000000000208e-02,4.468749999999999806e-02,8.378698199870042629e+01,1.000000000000000036e-10,7.934625788909725253e-05,5.954182838206632306e-06
2.312499999999999972e-02,4.468749999999999806e-02,8.278733505734939513e+01,1.000000000000000036e-10,8.069933556233648388e-05,6.868240125234021989e-06
2.437500000000000083e-02,4.468749999999999806e-02,8.176949860964201378e+01,1.000000000000000036e-10,8.227177707361873463e-05,7.899042072423297339e-06
2.562500000000000194e-02,4.468749999999999806e-02,8.073054063050892637e+01,1.000000000000000036e-10,8.409572972468593748e-05,9.053848182456930343e-06
2.687499999999999958e-02,4.468749999999999806e-02,7.966710536652486496e+01,1.000000000000000036e-10,8.620676574874492487e-05,1.033702012942853594e-05
2.812500000000000069e-02,4.468749999999999806e-02,7.857537148679030281e+01,1.000000000000000036e-10,8.864355060500314480e-05,1.174838569929079058e-05
2.937500000000000180e-02,4.468749999999999806e-02,7.745101660139978605e+01,1.000000000000000036e-10,9.144705869237610752e-05,1.328112931161285704e-05
3.062499999999999944e-02,4.468749999999999806e-02,7.628919501948089987e+01,1.000000000000000036e-10,9.465910896695105227e-05,1.491919531409166418e-05
3.187500000000000056e-02,4.468749999999999806e-02,7.508453887722600939e+01,1.000000000000000036e-10,9.831992926483164720e-05,1.663428596523089942e-05
3.312500000000000167e-02,4.468749999999999806e-02,7.383119678786010809e+01,1.000000000000000036e-10,1.024644172821763014e-04,1.838270948208900926e-05
3.437500000000000278e-02,4.468749999999999806e-02,7.252292844517160120e+01,1.000000000000000036e-10,1.071168045959785566e-04,2.010261547829940757e-05
3.562500000000000389e-02,4.468749999999999806e-02,7.115327667296064362e+01,1.000000000000000036e-10,1.122836703031344723e-04,2.171256450433474430e-05
3.687499999999999806e-02,4.468749999999999806e-02,6.971583668759323871e+01,1.000000000000000036e-10,1.179459340714248316e-04,2.311284658997237216e-05
3.812499999999999917e-02,4.468749999999999806e-02,6.820462832117502217e+01,1.000000000000000036e-10,1.240518911944030460e-04,2.419105063209257985e-05
3.937500000000000028e-02,4.468749999999999806e-02,6.661453940773316162e+01,1.000000000000000036e-10,1.305151632254580450e-04,2.483163359353852213e-05
4.062500000000000139e-02,4.468749999999999806e-02,6.494174924053857012e+01,1.000000000000000036e-10,1.372201735072283509e-04,2.492320499066180990e-05
4.187500000000000250e-02,4.468749999999999806e-02,6.318403507005245245e+01,1.000000000000000036e-10,1.440258664739982818e-04,2.434988374780856920e-05
4.312500000000000361e-02,4.468749999999999806e-02,6.134110257868861282e+01,1.000000000000000036e-10,1.507426973615408968e-04,2.297021713136927957e-05
4.437499999999999778e-02,4.468749999999999806e-02,5.941546763601392911e+01,1.000000000000000036e-10,1.570949494229619990e-04,2.065054112723600763e-05
4.562499999999999889e-02,4.468749999999999806e-02,5.741372884311456204e+01,1.000000000000000036e-10,1.627506695325743190e-04,1.736912240463766061e-05
4.687500000000000000e-02,4.468749999999999806e-02,5.534670089769957002e+01,1.000000000000000036e-10,1.674227737995510976e-04,1.321885780154957223e-05
4.812500000000000111e-02,4.468749999999999806e-02,5.322815949812578395e+01,1.000000000000000036e-10,1.706972852265550573e-04,8.132342840222575291e-06
4.937500000000000222e-02,4.468749999999999806e-02,5.107926876703569263e+01,1.000000000000000036e-10,1.722971306048921565e-04,2.721325877279240772e-06
5.062500000000000333e-02,4.468749999999999806e-02,4.892073123300347959e+01,1.000000000000000036e-10,1.722971306048929967e-04,-2.721325877278104054e-06
5.187500000000000444e-02,4.468749999999999806e-02,4.677184050191336695e+01,1.000000000000000036e-10,1.706972852265584725e-04,-8.132342840225417933e-06
5.312499999999999861e-02,4.468749999999999806e-02,4.465329910233951693e+01,1.000000000000000036e-10,1.674227737995587684e-04,-1.321885780155298239e-05
5.437499999999999972e-02,4.468749999999999806e-02,4.258627115692439702e+01,1.000000000000000036e-10,1.627506695325879799e-04,-1.736912240463936484e-05
5.562500000000000083e-02,4.468749999999999806e-02,4.058453236402481679e+01,1.000000000000000036e-10,1.570949494229807557e-04,-2.065054112723941948e-05
5.687500000000000194e-02,4.468749999999999806e-02,3.865889742134987728e+01,1.000000000000000036e-10,1.507426973615627976e-04,-2.297021713137268803e-05
5.812500000000000305e-02,4.468749999999999806e-02,3.681596492998574632e+01,1.000000000000000036e-10,1.440258664740241400e-04,-2.434988374781255364e-05
5.937500000000000416e-02,4.468749999999999806e-02,3.505825075949927339e+01,1.000000000000000036e-10,1.372201735072584646e-04,-2.492320499066749519e-05
6.062499999999999833e-02,4.468749999999999806e-02,3.338546059230428398e+01,1.000000000000000036e-10,1.305151632254911674e-04,-2.483163359354477662e-05
6.187499999999999944e-02,4.468749999999999806e-02,3.179537167886199356e+01,1.000000000000000036e-10,1.240518911944367376e-04,-2.419105063209684212e-05
6.312500000000000056e-02,4.468749999999999806e-02,3.028416331244336490e+01,1.000000000000000036e-10,1.179459340714587943e-04,-2.311284658997635321e-05
6.437500000000000167e-02,4.468749999999999806e-02,2.884672332707552300e+01,1.000000000000000036e-10,1.122836703031737069e-04,-2.171256450433844075e-05
6.562500000000000278e-02,4.468749999999999806e-02,2.747707155486402186e+01,1.000000000000000036e-10,1.071168045960223312e-04,-2.010261547830509285e-05
6.687500000000000389e-02,4.468749999999999806e-02,2.616880321217496430e+01,1.000000000000000036e-10,1.024644172822229221e-04,-1.838270948209270571e-05
6.812500000000000500e-02,4.468749999999999806e-02,2.491546112280844838e+01,1.000000000000000036e-10,9.831992926488166958e-05,-1.663428596523431127e-05
6.937500000000000611e-02,4.468749999999999806e-02,2.371080498055292196e+01,1.000000000000000036e-10,9.465910896700434080e-05,-1.491919531409393762e-05
7.062500000000000722e-02,4.468749999999999806e-02,2.254898339863333945e+01,1.000000000000000036e-10,9.144705869243408523e-05,-1.328112931161456127e-05
7.187500000000000833e-02,4.468749999999999806e-02,2.142462851324206952e+01,1.000000000000000036e-10,8.864355060506581168e-05,-1.174838569928936926e-05
7.312499999999999556e-02,4.468749999999999806e-02,2.033289463350669379e+01,1.000000000000000036e-10,8.620676574881314829e-05,-1.033702012942796673e-05
7.437499999999999667e-02,4.468749999999999806e-02,1.926945936952174065e+01,1.000000000000000036e-10,8.409572972475642418e-05,-9.053848182452383471e-06
7.562499999999999778e-02,4.468749999999999806e-02,1.823050139038778283e+01,1.000000000000000036e-10,8.227177707368836751e-05,-7.899042072423297339e-06
7.687499999999999889e-02,4.468749999999999806e-02,1.721266494267953107e+01,1.000000000000000036e-10,8.069933556241023673e-05,-6.868240125233454477e-06
7.812500000000000000e-02,4.468749999999999806e-02,1.621301800132752646e+01,1.000000000000000036e-10,7.934625788917833730e-05,-5.954182838207201512e-06
7.937500000000000111e-02,4.468749999999999806e-02,1.522900849545007240e+01,1.000000000000000036e-10,7.818386653358515488e-05,-5.147934371270536117e-06
8.062500000000000222e-02,4.468749999999999806e-02,1.425842133798789746e+01,1.000000000000000036e-10,7.718682672748648007e-05,-4.439763188914156195e-06
8.187500000000000333e-02,4.468749999999999806e-02,1.329933782726291014e+01,1.000000000000000036e-10,7.633292441858351087e-05,-3.819754305027344752e-06
8.312500000000000444e-02,4.468749999999999806e-02,1.235009822752330955e+01,1.000000000000000036e-10,7.560279904596951264e-05,-3.278216928169114160e-06
8.437500000000000555e-02,4.468749999999999806e-02,1.140926785111367181e+01,1.000000000000000036e-10,7.497966244626693745e-05,-2.805940240497334933e-06
8.562500000000000666e-02,4.468749999999999806e-02,1.047560666636663562e+01,1.000000000000000036e-10,7.444902288515300613e-05,-2.394339125980166662e-06
8.687500000000000777e-02,4.468749999999999806e-02,9.548042278984846476e+00,1.000000000000000036e-10,7.399842516454758958e-05,-2.035522025455946816e-06
8.812499999999999500e-02,4.468749999999999806e-02,8.625646037252945320e+00,1.000000000000000036e-10,7.361721260036778133e-05,-1.722305096851641515e-06
8.937499999999999611e-02,4.468749999999999806e-02,7.707611963975651292e+00,1.000000000000000036e-10,7.329631342968712267e-05,-1.448190474307366576e-06
9.062499999999999722e-02,4.468749999999999806e-02,6.793238201510766849e+00,1.000000000000000036e-10,7.302805223183465410e-05,-1.207321460195487147e-06
9.187499999999999833e-02,4.468749999999999806e-02,5.881910658179784868e+00,1.000000000000000036e-10,7.280598579689942474e-05,-9.944237082219584036e-07
9.312499999999999944e-02,4.468749999999999806e-02,4.973088556588280973e+00,1.000000000000000036e-10,7.262476225743474500e-05,-8.047386272078681725e-07
9.437500000000000056e-02,4.468749999999999806e-02,4.066291601743915685e+00,1.000000000000000036e-10,7.248000202443915304e-05,-6.339531451054369231e-07
9.562500000000000167e-02,4.468749999999999806e-02,3.161088505977301732e+00,1.000000000000000036e-10,7.236819901226248923e-05,-4.781284478261225478e-07
9.687500000000000278e-02,4.468749999999999806e-02,2.257086626437353249e+00,1.000000000000000036e-10,7.228664071771966234e-05,-3.336292087800884818e-07
9.812500000000000389e-02,4.468749999999999806e-02,1.353922488034309923e+00,1.000000000000000036e-10,7.223334588387194310e-05,-1.970540447035773161e-07
9.937500000000000500e-02,4.468749999999999806e-02,4.512529793405542500e-01,1.000000000000000036e-10,7.220701869499456264e-05,-6.516738954592148151e-08
6.250000000000000130e-04,4.531249999999999861e-02,9.954836016822744682e+01,1.000000000000000036e-10,7.226928315477720854e-05,5.844135370921320608e-08
1.874999999999999931e-03,4.531249999999999861e-02,9.864490775290312286e+01,1.000000000000000036e-10,7.229709038289341928e-05,1.767128720427990274e-07
3.125000000000000173e-03,4.531249999999999861e-02,9.774093290865511108e+01,1.000000000000000036e-10,7.235337638575230776e-05,2.991799630842706009e-07
4.375000000000000416e-03,4.531249999999999861e-02,9.683607334325931504e+01,1.000000000000000036e-10,7.243949940648346827e-05,4.287370358804309311e-07
5.624999999999999792e-03,4.531249999999999861e-02,9.592994542349302378e+01,1.000000000000000036e-10,7.255753491653249944e-05,5.684252959383683983e-07
6.875000000000000035e-03,4.531249999999999861e-02,9.502213497034600209e+01,1.000000000000000036e-10,7.271032198476006219e-05,7.214928257633344598e-07
8.125000000000000278e-03,4.531249999999999861e-02,9.411218737387402200e+01,1.000000000000000036e-10,7.290152614307031343e-05,8.914556607737720580e-07
9.374999999999999653e-03,4.531249999999999861e-02,9.319959681676924390e+01,1.000000000000000036e-10,7.313571957785538753e-05,1.082159572779346206e-06
1.062500000000000076e-02,4.531249999999999861e-02,9.228379438442763671e+01,1.000000000000000036e-10,7.341847959211917230e-05,1.297841755664421372e-06
1.187500000000000014e-02,4.531249999999999861e-02,9.136413482696626431e+01,1.000000000000000036e-10,7.375650631384756794e-05,1.543190869297176976e-06
1.312499999999999951e-02,4.531249999999999861e-02,9.043988172658144720e+01,1.000000000000000036e-10,7.415776052716124172e-05,1.823402864271201310e-06
1.437500000000000062e-02,4.531249999999999861e-02,8.951019081378723286e+01,1.000000000000000036e-10,7.463162220873754689e-05,2.144228586072358090e-06
1.562500000000000000e-02,4.531249999999999861e-02,8.857409117136300836e+01,1.000000000000000036e-10,7.518906976688240380e-05,2.512007220775557958e-06
1.687500000000000111e-02,4.531249999999999861e-02,8.763046406961517221e+01,1.000000000000000036e-10,7.584287896538510526e-05,2.933677048797562128e-06
1.812499999999999875e-02,4.531249999999999861e-02,8.667801919722838022e+01,1.000000000000000036e-10,7.660783886663522012e-05,3.416751547480315690e-06
1.937499999999999986e-02,4.531249999999999861e-02,8.571526809794929136e+01,1.000000000000000036e-10,7.750097955680414642e-05,3.969244446936953667e-06
2.062500000000000097e-02,4.531249999999999861e-02,8.474049470830827602e+01,1.000000000000000036e-10,7.854180250213344992e-05,4.599521737541180510e-06
2.187500000000000208e-02,4.531249999999999861e-02,8.375172303539595475e+01,1.000000000000000036e-10,7.975249853788169026e-05,5.316051776271704661e-06
2.312499999999999972e-02,4.531249999999999861e-02,8.274668224486123336e+01,1.000000000000000036e-10,8.115812989113406061e-05,6.127016673933666395e-06
2.437500000000000083e-02,4.531249999999999861e-02,8.172276978811760273e+01,1.000000000000000036e-10,8.278674019545061722e-05,7.039739615928509832e-06
2.562500000000000194e-02,4.531249999999999861e-02,8.067701373997496717e+01,1.000000000000000036e-10,8.466933881731448109e-05,8.059875002476245401e-06
2.687499999999999958e-02,4.531249999999999861e-02,7.960603631768474031e+01,1.000000000000000036e-10,8.683968152392933205e-05,9.190303944064907109e-06
2.812500000000000069e-02,4.531249999999999861e-02,7.850602170187673323e+01,1.000000000000000036e-10,8.933373749666029219e-05,1.042968147016267541e-05
2.937500000000000180e-02,4.531249999999999861e-02,7.737269288026823233e+01,1.000000000000000036e-10,9.218869332267671472e-05,1.177060158405197165e-05
3.062499999999999944e-02,4.531249999999999861e-02,7.620130436880981506e+01,1.000000000000000036e-10,9.544130187744256835e-05,1.319739362699351418e-05
3.187500000000000056e-02,4.531249999999999861e-02,7.498666033333216774e+01,1.000000000000000036e-10,9.912534934189805779e-05,1.468365377117151722e-05
3.312500000000000167e-02,4.531249999999999861e-02,7.372317063526236325e+01,1.000000000000000036e-10,1.032680122483850332e-04,1.618976621423826024e-05
3.437500000000000278e-02,4.531249999999999861e-02,7.240496002712254153e+01,1.000000000000000036e-10,1.078849585523710081e-04,1.766089193725974482e-05
3.562500000000000389e-02,4.531249999999999861e-02,7.102604667145308781e+01,1.000000000000000036e-10,1.129743033234114925e-04,1.902618280628075388e-05
3.687499999999999806e-02,4.531249999999999861e-02,6.958060244403725392e+01,1.000000000000000036e-10,1.185100939340276048e-04,2.020020109857909664e-05
3.812499999999999917e-02,4.531249999999999861e-02,6.806329432310239724e+01,1.000000000000000036e-10,1.244369235817845230e-04,2.108730273811943088e-05
3.937500000000000028e-02,4.531249999999999861e-02,6.646967935449264075e+01,1.000000000000000036e-10,1.306679845337612128e-04,2.158821499599411907e-05
4.062500000000000139e-02,4.531249999999999861e-02,6.479659470975836655e+01,1.000000000000000036e-10,1.370871507101716481e-04,2.160453535911869519e-05
4.187500000000000250e-02,4.531249999999999861e-02,6.304250058673834900e+01,1.000000000000000036e-10,1.435487272690789593e-04,2.103491861651889043e-05
4.312500000000000361e-02,4.531249999999999861e-02,6.120787652803139167e+01,1.000000000000000036e-10,1.498634340596629124e-04,1.976941342360305026e-05
4.437499999999999778e-02,4.531249999999999861e-02,5.929591473524677525e+01,1.000000000000000036e-10,1.557817422352547761e-04,1.771606471650272337e-05
4.562499999999999889e-02,4.531249999999999861e-02,5.731333297215002176e+01,1.000000000000000036e-10,1.610157006814818864e-04,1.485875953745505322e-05
4.687500000000000000e-02,4.531249999999999861e-02,5.527052221820972733e+01,1.000000000000000036e-10,1.652882780134438978e-04,1.125687986926720617e-05
4.812500000000000111e-02,4.531249999999999861e-02,5.318112602181392390e+01,1.000000000000000036e-10,1.682822355015713004e-04,6.960086314945213151e-06
4.937500000000000222e-02,4.531249999999999861e-02,5.106346633067044394e+01,1.000000000000000036e-10,1.697836940978083740e-04,2.342930415272234642e-06
5.062500000000000333e-02,4.531249999999999861e-02,4.893653366936871407e+01,1.000000000000000036e-10,1.697836940978080759e-04,-2.342930415273940143e-06
5.187500000000000444e-02,4.531249999999999861e-02,4.681887397822524122e+01,1.000000000000000036e-10,1.682822355015730080e-04,-6.960086314946919075e-06
5.312499999999999861e-02,4.531249999999999861e-02,4.472947778182938805e+01,1.000000000000000036e-10,1.652882780134521377e-04,-1.125687986927004881e-05
5.437499999999999972e-02,4.531249999999999861e-02,4.268666702788893730e+01,1.000000000000000036e-10,1.610157006814966858e-04,-1.485875953745562242e-05
5.562500000000000083e-02,4.531249999999999861e-02,4.070408526479197064e+01,1.000000000000000036e-10,1.557817422352738039e-04,-1.771606471650272337e-05
5.687500000000000194e-02,4.531249999999999861e-02,3.879212347200709132e+01,1.000000000000000036e-10,1.498634340596845423e-04,-1.976941342360191185e-05
5.812500000000000305e-02,4.531249999999999861e-02,3.695749941329985688e+01,1.000000000000000036e-10,1.435487272691031370e-04,-2.103491861652002546e-05
5.937500000000000416e-02,4.531249999999999861e-02,3.520340529027951249e+01,1.000000000000000036e-10,1.370871507102003524e-04,-2.160453535912324206e-05
6.062499999999999833e-02,4.531249999999999861e-02,3.353032064554484748e+01,1.000000000000000036e-10,1.306679845337946062e-04,-2.158821499600037017e-05
6.187499999999999944e-02,4.531249999999999861e-02,3.193670567693464690e+01,1.000000000000000036e-10,1.244369235818188922e-04,-2.108730273812539738e-05
6.312500000000000056e-02,4.531249999999999861e-02,3.041939755599937456e+01,1.000000000000000036e-10,1.185100939340619875e-04,-2.020020109858278970e-05
6.437500000000000167e-02,4.531249999999999861e-02,2.897395332858309658e+01,1.000000000000000036e-10,1.129743033234501307e-04,-1.902618280628558874e-05
6.562500000000000278e-02,4.531249999999999861e-02,2.759503997291312061e+01,1.000000000000000036e-10,1.078849585524151893e-04,-1.766089193726457629e-05
6.687500000000000389e-02,4.531249999999999861e-02,2.627682936477271625e+01,1.000000000000000036e-10,1.032680122484331989e-04,-1.618976621423939526e-05
6.812500000000000500e-02,4.531249999999999861e-02,2.501333966670229003e+01,1.000000000000000036e-10,9.912534934194806662e-05,-1.468365377117180182e-05
6.937500000000000611e-02,4.531249999999999861e-02,2.379869563122401388e+01,1.000000000000000036e-10,9.544130187749614149e-05,-1.319739362699152535e-05
7.062500000000000722e-02,4.531249999999999861e-02,2.262730711976488607e+01,1.000000000000000036e-10,9.218869332273482795e-05,-1.177060158404998451e-05
7.187500000000000833e-02,4.531249999999999861e-02,2.149397829815564265e+01,1.000000000000000036e-10,8.933373749672282355e-05,-1.042968147016239080e-05
7.312499999999999556e-02,4.531249999999999861e-02,2.039396368234681489e+01,1.000000000000000036e-10,8.683968152399797560e-05,-9.190303944064337903e-06
7.437499999999999667e-02,4.531249999999999861e-02,1.932298626005569275e+01,1.000000000000000036e-10,8.466933881738411397e-05,-8.059875002479370952e-06
7.562499999999999778e-02,4.531249999999999861e-02,1.827723021191221164e+01,1.000000000000000036e-10,8.278674019551927432e-05,-7.039739615930214909e-06
7.687499999999999889e-02,4.531249999999999861e-02,1.725331775516771060e+01,1.000000000000000036e-10,8.115812989120839622e-05,-6.127016673931960471e-06
7.812500000000000000e-02,4.531249999999999861e-02,1.624827696463200155e+01,1.000000000000000036e-10,7.975249853796440133e-05,-5.316051776269432072e-06
7.937500000000000111e-02,4.531249999999999861e-02,1.525950529171860026e+01,1.000000000000000036e-10,7.854180250222155490e-05,-4.599521737538195566e-06
8.062500000000000222e-02,4.531249999999999861e-02,1.428473190207646226e+01,1.000000000000000036e-10,7.750097955689765885e-05,-3.969244446934111872e-06
8.187500000000000333e-02,4.531249999999999861e-02,1.332198080279615837e+01,1.000000000000000036e-10,7.660783886673370633e-05,-3.416751547474489798e-06
8.312500000000000444e-02,4.531249999999999861e-02,1.236953593040811938e+01,1.000000000000000036e-10,7.584287896548807736e-05,-2.933677048791877690e-06
8.437500000000000555e-02,4.531249999999999861e-02,1.142590882865895630e+01,1.000000000000000036e-10,7.518906976699055297e-05,-2.512007220773710579e-06
8.562500000000000666e-02,4.531249999999999861e-02,1.048980918623335512e+01,1.000000000000000036e-10,7.463162220884987023e-05,-2.144228586075910970e-06
8.687500000000000777e-02,4.531249999999999861e-02,9.560118273437709036e+00,1.000000000000000036e-10,7.415776052727656017e-05,-1.823402864270491073e-06
8.812499999999999500e-02,4.531249999999999861e-02,8.635865173051440635e+00,1.000000000000000036e-10,7.375650631396760267e-05,-1.543190869292345500e-06
8.937499999999999611e-02,4.531249999999999861e-02,7.716205615588518363e+00,1.000000000000000036e-10,7.341847959224756894e-05,-1.297841755665700604e-06
9.062499999999999722e-02,4.531249999999999861e-02,6.800403183245251171e+00,1.000000000000000036e-10,7.313571957799121096e-05,-1.082159572782330515e-06
9.187499999999999833e-02,4.531249999999999861e-02,5.887812626138737571e+00,1.000000000000000036e-10,7.290152614321252010e-05,-8.914556607779643417e-07
9.312499999999999944e-02,4.531249999999999861e-02,4.977865029664937602e+00,1.000000000000000036e-10,7.271032198490520976e-05,-7.214928257656793646e-07
9.437500000000000056e-02,4.531249999999999861e-02,4.070054576516106692e+00,1.000000000000000036e-10,7.255753491668224132e-05,-5.684252959385104881e-07
9.562500000000000167e-02,4.531249999999999861e-02,3.163926656747880983e+00,1.000000000000000036e-10,7.243949940663962049e-05,-4.287370358833085667e-07
9.687500000000000278e-02,4.531249999999999861e-02,2.259067091350115852e+00,1.000000000000000036e-10,7.235337638591337955e-05,-2.991799630881075013e-07
9.812500000000000389e-02,4.531249999999999861e-02,1.355092247100046166e+00,1.000000000000000036e-10,7.229709038305919379e-05,-1.767128720446286715e-07
9.937500000000000500e-02,4.531249999999999861e-02,4.516398317736354251e-01,1.000000000000000036e-10,7.226928315494725210e-05,-5.844135371018575872e-08
6.250000000000000130e-04,4.593749999999999917e-02,9.954801650373914867e+01,1.000000000000000036e-10,7.232459580770068269e-05,5.136811514375948470e-08
1.874999999999999931e-03,4.593749999999999917e-02,9.864386860106833410e+01,1.000000000000000036e-10,7.235371518839371304e-05,1.553228062039124402e-07
3.125000000000000173e-03,4.593749999999999917e-02,9.773917362402930564e+01,1.000000000000000036e-10,7.241265279947809927e-05,2.629582219537951229e-07
4.375000000000000416e-03,4.593749999999999917e-02,9.683355228108138135e+01,1.000000000000000036e-10,7.250282167853354083e-05,3.768128271212844062e-07
5.624999999999999792e-03,4.593749999999999917e-02,9.592660308206596653e+01,1.000000000000000036e-10,7.262637991923098194e-05,4.995526293282636523e-07
6.875000000000000035e-03,4.593749999999999917e-02,9.501789278310060638e+01,1.000000000000000036e-10,7.278627743970727984e-05,6.340231980243514189e-07
8.125000000000000278e-03,4.593749999999999917e-02,9.410694614607328390e+01,1.000000000000000036e-10,7.298631917026509610e-05,7.833023440832673743e-07
9.374999999999999653e-03,4.593749999999999917e-02,9.319323480384397840e+01,1.000000000000000036e-10,7.323124527914442496e-05,9.507531176461722570e-07
1.062500000000000076e-02,4.593749999999999917e-02,9.227616501409467276e+01,1.000000000000000036e-10,7.352682907781683027e-05,1.140076304340027310e-06
1.187500000000000014e-02,4.593749999999999917e-02,9.135506407689855735e+01,1.000000000000000036e-10,7.387999315454975855e-05,1.355360921398869073e-06
1.312499999999999951e-02,4.593749999999999917e-02,9.042916518523092861e+01,1.000000000000000036e-10,7.429894402282227425e-05,1.601130271377541664e-06
1.437500000000000062e-02,4.593749999999999917e-02,8.949759047632799991e+01,1.000000000000000036e-10,7.479332506329283887e-05,1.882379817950549608e-06
1.562500000000000000e-02,4.593749999999999917e-02,8.855933205864860724e+01,1.000000000000000036e-10,7.537438667751813028e-05,2.204601402720526709e-06
1.687500000000000111e-02,4.593749999999999917e-02,8.761323080939004626e+01,1.000000000000000036e-10,7.605517120921773144e-05,2.573786001752295878e-06
1.812499999999999875e-02,4.593749999999999917e-02,8.665795277841816358e+01,1.000000000000000036e-10,7.685070811755563818e-05,2.996394189731289926e-06
1.937499999999999986e-02,4.593749999999999917e-02,8.569196310645115489e+01,1.000000000000000036e-10,7.777821182242403489e-05,3.479279607169017922e-06
2.062500000000000097e-02,4.593749999999999917e-02,8.471349748285756220e+01,1.000000000000000036e-10,7.885727019816497004e-05,4.029545916778260049e-06
2.187500000000000208e-02,4.593749999999999917e-02,8.372053135149702996e+01,1.000000000000000036e-10,8.011000535729349717e-05,4.654311999603349685e-06
2.312499999999999972e-02,4.593749999999999917e-02,8.271074734892522429e+01,1.000000000000000036e-10,8.156117948216487588e-05,5.360353711549804713e-06
2.437500000000000083e-02,4.593749999999999917e-02,8.168150186444290739e+01,1.000000000000000036e-10,8.323820623789001142e-05,6.153584048299761138e-06
2.562500000000000194e-02,4.593749999999999917e-02,8.062979219297797329e+01,1.000000000000000036e-10,8.517101188875412935e-05,7.038328433743571401e-06
2.687499999999999958e-02,4.593749999999999917e-02,7.955222656722405361e+01,1.000000000000000036e-10,8.739166898258813394e-05,8.016350612571157720e-06
2.812500000000000069e-02,4.593749999999999917e-02,7.844500046841326935e+01,1.000000000000000036e-10,8.993369942499667368e-05,9.085591594091509723e-06
2.937500000000000180e-02,4.593749999999999917e-02,7.730388408159913638e+01,1.000000000000000036e-10,9.283091477079152267e-05,1.023860587422404744e-05
3.062499999999999944e-02,4.593749999999999917e-02,7.612422759914348092e+01,1.000000000000000036e-10,9.611563506051082166e-05,1.146072491458198424e-05
3.187500000000000056e-02,4.593749999999999917e-02,7.490099320508636538e+01,1.000000000000000036e-10,9.981611555845402192e-05,1.272805850238796288e-05
3.312500000000000167e-02,4.593749999999999917e-02,7.362882471018212982e+01,1.000000000000000036e-10,1.039530363652204313e-04,1.400556962639825280e-05
3.437500000000000278e-02,4.593749999999999917e-02,7.230216729595585434e+01,1.000000000000000036e-10,1.085350128919998085e-04,1.524562710972304105e-05
3.562500000000000389e-02,4.593749999999999917e-02,7.091544938788213415e+01,1.000000000000000036e-10,1.135533248837941584e-04,1.638761925241169568e-05
3.687499999999999806e-02,4.593749999999999917e-02,6.946333417386099995e+01,1.000000000000000036e-10,1.189764940373441769e-04,1.735928477037304812e-05
3.812499999999999917e-02,4.593749999999999917e-02,6.794103703694852925e+01,1.000000000000000036e-10,1.247458981431105556e-04,1.808010218956382760e-05
3.937500000000000028e-02,4.593749999999999917e-02,6.634468672028323510e+01,1.000000000000000036e-10,1.307737795359576924e-04,1.846594437213980121e-05
4.062500000000000139e-02,4.593749999999999917e-02,6.467169254854958638e+01,1.000000000000000036e-10,1.369435253174907264e-04,1.843235000400795642e-05
4.187500000000000250e-02,4.593749999999999917e-02,6.292109858734596628e+01,1.000000000000000036e-10,1.431083055062404492e-04,1.789392559780594370e-05
4.312500000000000361e-02,4.593749999999999917e-02,6.109398491089357464e+01,1.000000000000000036e-10,1.490832704115328149e-04,1.676557059437868460e-05
4.437499999999999778e-02,4.593749999999999917e-02,5.919401682705764500e+01,1.000000000000000036e-10,1.546396224798880098e-04,1.498257742375414591e-05
4.562499999999999889e-02,4.593749999999999917e-02,5.722799434889637382e+01,1.000000000000000036e-10,1.595210771089565689e-04,1.253454029255919597e-05
4.687500000000000000e-02,4.593749999999999917e-02,5.520598989933372991e+01,1.000000000000000036e-10,1.634734371882961700e-04,9.468630408518377860e-06
4.812500000000000111e-02,4.593749999999999917e-02,5.314115841918896876e+01,1.000000000000000036e-10,1.662403104995575779e-04,5.867920376007303520e-06
4.937500000000000222e-02,4.593749999999999917e-02,5.104998213684478969e+01,1.000000000000000036e-10,1.676456222397825521e-04,1.981711185980543378e-06
5.062500000000000333e-02,4.593749999999999917e-02,4.895001786319440384e+01,1.000000000000000036e-10,1.676456222397834195e-04,-1.981711185983953956e-06
5.187500000000000444e-02,4.593749999999999917e-02,4.685884158085020346e+01,1.000000000000000036e-10,1.662403104995604239e-04,-5.867920376007303520e-06
5.312499999999999861e-02,4.593749999999999917e-02,4.479401010070539257e+01,1.000000000000000036e-10,1.634734371883044099e-04,-9.468630408517241141e-06
5.437499999999999972e-02,4.593749999999999917e-02,4.277200565114259234e+01,1.000000000000000036e-10,1.595210771089716393e-04,-1.253454029255862845e-05
5.562500000000000083e-02,4.593749999999999917e-02,4.080598317298110089e+01,1.000000000000000036e-10,1.546396224799076067e-04,-1.498257742375358009e-05
5.687500000000000194e-02,4.593749999999999917e-02,3.890601508914490125e+01,1.000000000000000036e-10,1.490832704115541466e-04,-1.676557059437925381e-05
5.812500000000000305e-02,4.593749999999999917e-02,3.707890141269224671e+01,1.000000000000000036e-10,1.431083055062634614e-04,-1.789392559780650951e-05
5.937500000000000416e-02,4.593749999999999917e-02,3.532830745148831397e+01,1.000000000000000036e-10,1.369435253175182922e-04,-1.843235000400852562e-05
6.062499999999999833e-02,4.593749999999999917e-02,3.365531327975428866e+01,1.000000000000000036e-10,1.307737795359900830e-04,-1.846594437214320967e-05
6.187499999999999944e-02,4.593749999999999917e-02,3.205896296308856108e+01,1.000000000000000036e-10,1.247458981431455211e-04,-1.808010218956979410e-05
6.312500000000000056e-02,4.593749999999999917e-02,3.053666582617564984e+01,1.000000000000000036e-10,1.189764940373787088e-04,-1.735928477037588738e-05
6.437500000000000167e-02,4.593749999999999917e-02,2.908455061215409287e+01,1.000000000000000036e-10,1.135533248838327966e-04,-1.638761925241283071e-05
6.562500000000000278e-02,4.593749999999999917e-02,2.769783270407982911e+01,1.000000000000000036e-10,1.085350128920454127e-04,-1.524562710972417946e-05
6.687500000000000389e-02,4.593749999999999917e-02,2.637117528985295678e+01,1.000000000000000036e-10,1.039530363652693017e-04,-1.400556962639910492e-05
6.812500000000000500e-02,4.593749999999999917e-02,2.509900679494809594e+01,1.000000000000000036e-10,9.981611555850560284e-05,-1.272805850238682785e-05
6.937500000000000611e-02,4.593749999999999917e-02,2.387577240089031605e+01,1.000000000000000036e-10,9.611563506056524861e-05,-1.146072491457942620e-05
7.062500000000000722e-02,4.593749999999999917e-02,2.269611591843396425e+01,1.000000000000000036e-10,9.283091477084864658e-05,-1.023860587422205861e-05
7.187500000000000833e-02,4.593749999999999917e-02,2.155499953161909943e+01,1.000000000000000036e-10,8.993369942505863583e-05,-9.085591594087245759e-06
7.312499999999999556e-02,4.593749999999999917e-02,2.044777343280749804e+01,1.000000000000000036e-10,8.739166898265464975e-05,-8.016350612571442323e-06
7.437499999999999667e-02,4.593749999999999917e-02,1.937020780705273282e+01,1.000000000000000036e-10,8.517101188882349118e-05,-7.038328433747266158e-06
7.562499999999999778e-02,4.593749999999999917e-02,1.831849813558691054e+01,1.000000000000000036e-10,8.323820623796207021e-05,-6.153584048299193626e-06
7.687499999999999889e-02,4.593749999999999917e-02,1.728925265110368059e+01,1.000000000000000036e-10,8.156117948224063450e-05,-5.360353711545541596e-06
7.812500000000000000e-02,4.593749999999999917e-02,1.627946864853089437e+01,1.000000000000000036e-10,8.011000535737521891e-05,-4.654311999597381491e-06
7.937500000000000111e-02,4.593749999999999917e-02,1.528650251716929986e+01,1.000000000000000036e-10,7.885727019825280397e-05,-4.029545916774565291e-06
8.062500000000000222e-02,4.593749999999999917e-02,1.430803689357457387e+01,1.000000000000000036e-10,7.777821182251831982e-05,-3.479279607168449563e-06
8.187500000000000333e-02,4.593749999999999917e-02,1.334204722160634127e+01,1.000000000000000036e-10,7.685070811765462584e-05,-2.996394189727026809e-06
8.312500000000000444e-02,4.593749999999999917e-02,1.238676919063320803e+01,1.000000000000000036e-10,7.605517120931990394e-05,-2.573786001748601121e-06
8.437500000000000555e-02,4.593749999999999917e-02,1.144066794137334320e+01,1.000000000000000036e-10,7.537438667762491064e-05,-2.204601402719958349e-06
8.562500000000000666e-02,4.593749999999999917e-02,1.050240952369258451e+01,1.000000000000000036e-10,7.479332506340460656e-05,-1.882379817948844530e-06
8.687500000000000777e-02,4.593749999999999917e-02,9.570834814788227618e+00,1.000000000000000036e-10,7.429894402293938163e-05,-1.601130271378110235e-06
8.812499999999999500e-02,4.593749999999999917e-02,8.644935923119099641e+00,1.000000000000000036e-10,7.387999315467018630e-05,-1.355360921395316405e-06
8.937499999999999611e-02,4.593749999999999917e-02,7.723834985921472551e+00,1.000000000000000036e-10,7.352682907794212339e-05,-1.140076304338748290e-06
9.062499999999999722e-02,4.593749999999999917e-02,6.806765196170545984e+00,1.000000000000000036e-10,7.323124527927851366e-05,-9.507531176490143701e-07
9.187499999999999833e-02,4.593749999999999917e-02,5.893053853939509423e+00,1.000000000000000036e-10,7.298631917040775000e-05,-7.833023440856833241e-07
9.312499999999999944e-02,4.593749999999999917e-02,4.982107216910351966e+00,1.000000000000000036e-10,7.278627743985448739e-05,-6.340231980273357277e-07
9.437500000000000056e-02,4.593749999999999917e-02,4.073396917943147066e+00,1.000000000000000036e-10,7.262637991938033079e-05,-4.995526293284767870e-07
9.562500000000000167e-02,4.593749999999999917e-02,3.166447718925843091e+00,1.000000000000000036e-10,7.250282167868768728e-05,-3.768128271255832042e-07
9.687500000000000278e-02,4.593749999999999917e-02,2.260826375975954594e+00,1.000000000000000036e-10,7.241265279963899487e-05,-2.629582219581293904e-07
9.812500000000000389e-02,4.593749999999999917e-02,1.356131398934867782e+00,1.000000000000000036e-10,7.235371518856089702e-05,-1.553228062084243730e-07
9.937500000000000500e-02,4.593749999999999917e-02,4.519834962619315721e-01,1.000000000000000036e-10,7.232459580787197308e-05,-5.136811514593552558e-08
6.250000000000000130e-04,4.656249999999999972e-02,9.954771806678814983e+01,1.000000000000000036e-10,7.237262861545102461e-05,4.399026138571570201e-08
1.874999999999999931e-03,4.656249999999999972e-02,9.864296621782557395e+01,1.000000000000000036e-10,7.240288543629842095e-05,1.330125591982777766e-07
3.125000000000000173e-03,4.656249999999999972e-02,9.773764593088068864e+01,1.000000000000000036e-10,7.246412139621098464e-05,2.251816834700547923e-07
4.375000000000000416e-03,4.656249999999999972e-02,9.683136318292029898e+01,1.000000000000000036e-10,7.255779661017070794e-05,3.226673191068129516e-07
5.624999999999999792e-03,4.656249999999999972e-02,9.592370101562642049e+01,1.000000000000000036e-10,7.268614010198403872e-05,4.277472710907658295e-07
6.875000000000000035e-03,4.656249999999999972e-02,9.501420968037069770e+01,1.000000000000000036e-10,7.285219684213754669e-05,5.428514259472193704e-07
8.125000000000000278e-03,4.656249999999999972e-02,9.410239609457298116e+01,1.000000000000000036e-10,7.305989110288122856e-05,6.706061205181866478e-07
9.374999999999999653e-03,4.656249999999999972e-02,9.318771240279866674e+01,1.000000000000000036e-10,7.331410655798378719e-05,8.138785592336715019e-07
1.062500000000000076e-02,4.656249999999999972e-02,9.226954343062338637e+01,1.000000000000000036e-10,7.362078349399552891e-05,9.758204954198388232e-07
1.187500000000000014e-02,4.656249999999999972e-02,9.134719281544877845e+01,1.000000000000000036e-10,7.398703329736632385e-05,1.159909790266055849e-06
1.312499999999999951e-02,4.656249999999999972e-02,9.041986759818922792e+01,1.000000000000000036e-10,7.442126997543707764e-05,1.369987629337856378e-06
1.437500000000000062e-02,4.656249999999999972e-02,8.948666106606285098e+01,1.000000000000000036e-10,7.493335777440902565e-05,1.610288040272962176e-06
1.562500000000000000e-02,4.656249999999999972e-02,8.854653365382900176e+01,1.000000000000000036e-10,7.553477285878327694e-05,1.885454831103743047e-06
1.687500000000000111e-02,4.656249999999999972e-02,8.759829174459326850e+01,1.000000000000000036e-10,7.623877535889049322e-05,2.200539057469086056e-06
1.812499999999999875e-02,4.656249999999999972e-02,8.664056426985673909e+01,1.000000000000000036e-10,7.706058566934358622e-05,2.560967524615306816e-06
1.937499999999999986e-02,4.656249999999999972e-02,8.567177710285967862e+01,1.000000000000000036e-10,7.801755542032764545e-05,2.972469544362183216e-06
2.062500000000000097e-02,4.656249999999999972e-02,8.469012538434854775e+01,1.000000000000000036e-10,7.912931869835060860e-05,3.440945152711946281e-06
2.187500000000000208e-02,4.656249999999999972e-02,8.369354413540091286e+01,1.000000000000000036e-10,8.041790243526746344e-05,3.972253315650958603e-06
2.312499999999999972e-02,4.656249999999999972e-02,8.267967782346686079e+01,1.000000000000000036e-10,8.190776591548226888e-05,4.571893592963078002e-06
2.437500000000000083e-02,4.656249999999999972e-02,8.164584998751385569e+01,1.000000000000000036e-10,8.362572755654751962e-05,5.244549968494992003e-06
2.562500000000000194e-02,4.656249999999999972e-02,8.058903463455317251e+01,1.000000000000000036e-10,8.560072209945018785e-05,5.993462416671490787e-06
2.687499999999999958e-02,4.656249999999999972e-02,7.950583193502760082e+01,1.000000000000000036e-10,8.786331310410330883e-05,6.819592580407059977e-06
2.812500000000000069e-02,4.656249999999999972e-02,7.839245180695058934e+01,1.000000000000000036e-10,9.044486512748674213e-05,7.720558393359624338e-06
2.937500000000000180e-02,4.656249999999999972e-02,7.724471030684043171e+01,1.000000000000000036e-10,9.337625998292194520e-05,8.689333974339204261e-06
3.062499999999999944e-02,4.656249999999999972e-02,7.605804530737754021e+01,1.000000000000000036e-10,9.668602819152451590e-05,9.712752565305887503e-06
3.187500000000000056e-02,4.656249999999999972e-02,7.482755960205231816e+01,1.000000000000000036e-10,1.003977716978061828e-04,1.076991884955191066e-05
3.312500000000000167e-02,4.656249999999999972e-02,7.354810101493238506e+01,1.000000000000000036e-10,1.045267965520525706e-04,1.183073644873274803e-05
3.437500000000000278e-02,4.656249999999999972e-02,7.221438968825100346e+01,1.000000000000000036e-10,1.090759833653777151e-04,1.285487861734395402e-05
3.562500000000000389e-02,4.656249999999999972e-02,7.082120143079794161e+01,1.000000000000000036e-10,1.140311321537364740e-04,1.379163735472388621e-05
3.687499999999999806e-02,4.656249999999999972e-02,6.936361138440759078e+01,1.000000000000000036e-10,1.193563354026036538e-04,1.458108046685879073e-05
3.812499999999999917e-02,4.656249999999999972e-02,6.783729304573284935e+01,1.000000000000000036e-10,1.249902533826678826e-04,1.515664545016761277e-05
3.937500000000000028e-02,4.656249999999999972e-02,6.623885504984089323e+01,1.000000000000000036e-10,1.308441084409832670e-04,1.544853288596300208e-05
4.062500000000000139e-02,4.656249999999999972e-02,6.456619033470826707e+01,1.000000000000000036e-10,1.368011413230047109e-04,1.538637215841617671e-05
4.187500000000000250e-02,4.656249999999999972e-02,6.281882651676577467e+01,1.000000000000000036e-10,1.427153375642643200e-04,1.490041522839873935e-05
4.312500000000000361e-02,4.656249999999999972e-02,6.099830689560165808e+01,1.000000000000000036e-10,1.484077599726370169e-04,1.392538730695434526e-05
4.437499999999999778e-02,4.656249999999999972e-02,5.910863251744984836e+01,1.000000000000000036e-10,1.536662270843450098e-04,1.241535112114831610e-05
4.562499999999999889e-02,4.656249999999999972e-02,5.715665121849303176e+01,1.000000000000000036e-10,1.582587271738639990e-04,1.036478923587764840e-05
4.687500000000000000e-02,4.656249999999999972e-02,5.515216433810324759e+01,1.000000000000000036e-10,1.619549680551679431e-04,7.814080984885549142e-06
4.812500000000000111e-02,4.656249999999999972e-02,5.310777701711383258e+01,1.000000000000000036e-10,1.645387758903024081e-04,4.847129226446895078e-06
4.937500000000000222e-02,4.656249999999999972e-02,5.103869494084568714e+01,1.000000000000000036e-10,1.658588783168127366e-04,1.639795252177122730e-06
5.062500000000000333e-02,4.656249999999999972e-02,4.896130505919351350e+01,1.000000000000000036e-10,1.658588783168141460e-04,-1.639795252176554371e-06
5.187500000000000444e-02,4.656249999999999972e-02,4.689222298292533253e+01,1.000000000000000036e-10,1.645387758903063655e-04,-4.847129226445757512e-06
5.312499999999999861e-02,4.656249999999999972e-02,4.484783566193585358e+01,1.000000000000000036e-10,1.619549680551764540e-04,-7.814080984881569781e-06
5.437499999999999972e-02,4.656249999999999972e-02,4.284334878154592019e+01,1.000000000000000036e-10,1.582587271738785002e-04,-1.036478923587423994e-05
5.562500000000000083e-02,4.656249999999999972e-02,4.089136748258889043e+01,1.000000000000000036e-10,1.536662270843635225e-04,-1.241535112114661187e-05
5.687500000000000194e-02,4.656249999999999972e-02,3.900169310443683202e+01,1.000000000000000036e-10,1.484077599726580775e-04,-1.392538730695548198e-05
5.812500000000000305e-02,4.656249999999999972e-02,3.718117348327243832e+01,1.000000000000000036e-10,1.427153375642884977e-04,-1.490041522839760263e-05
5.937500000000000416e-02,4.656249999999999972e-02,3.543380966532961907e+01,1.000000000000000036e-10,1.368011413230320057e-04,-1.538637215841219904e-05
6.062499999999999833e-02,4.656249999999999972e-02,3.376114495019663764e+01,1.000000000000000036e-10,1.308441084410139500e-04,-1.544853288596243287e-05
6.187499999999999944e-02,4.656249999999999972e-02,3.216270695430426940e+01,1.000000000000000036e-10,1.249902533827025770e-04,-1.515664545016931700e-05
6.312500000000000056e-02,4.656249999999999972e-02,3.063638861562907323e+01,1.000000000000000036e-10,1.193563354026404896e-04,-1.458108046685992575e-05
6.437500000000000167e-02,4.656249999999999972e-02,2.917879856923825699e+01,1.000000000000000036e-10,1.140311321537759931e-04,-1.379163735472047436e-05
6.562500000000000278e-02,4.656249999999999972e-02,2.778561031178467289e+01,1.000000000000000036e-10,1.090759833654220454e-04,-1.285487861734281730e-05
6.687500000000000389e-02,4.656249999999999972e-02,2.645189898510270510e+01,1.000000000000000036e-10,1.045267965521018747e-04,-1.183073644873161131e-05
6.812500000000000500e-02,4.656249999999999972e-02,2.517244039798212540e+01,1.000000000000000036e-10,1.003977716978579128e-04,-1.076991884954935262e-05
6.937500000000000611e-02,4.656249999999999972e-02,2.394195469265625675e+01,1.000000000000000036e-10,9.668602819157852272e-05,-9.712752565305319991e-06
7.062500000000000722e-02,4.656249999999999972e-02,2.275528969319266182e+01,1.000000000000000036e-10,9.337625998298091225e-05,-8.689333974337215427e-06
7.187500000000000833e-02,4.656249999999999972e-02,2.160754819308173325e+01,1.000000000000000036e-10,9.044486512754814863e-05,-7.720558393357064604e-06
7.312499999999999556e-02,4.656249999999999972e-02,2.049416806500395793e+01,1.000000000000000036e-10,8.786331310416798149e-05,-6.819592580406775374e-06
7.437499999999999667e-02,4.656249999999999972e-02,1.941096536547753360e+01,1.000000000000000036e-10,8.560072209952024086e-05,-5.993462416671206184e-06
7.562499999999999778e-02,4.656249999999999972e-02,1.835415001251595157e+01,1.000000000000000036e-10,8.362572755662013406e-05,-5.244549968493286926e-06
7.687499999999999889e-02,4.656249999999999972e-02,1.732032217656202988e+01,1.000000000000000036e-10,8.190776591555928789e-05,-4.571893592958814885e-06
7.812500000000000000e-02,4.656249999999999972e-02,1.630645586462696883e+01,1.000000000000000036e-10,8.041790243534988991e-05,-3.972253315645275012e-06
7.937500000000000111e-02,4.656249999999999972e-02,1.530987461567828234e+01,1.000000000000000036e-10,7.912931869843601662e-05,-3.440945152707114805e-06
8.062500000000000222e-02,4.656249999999999972e-02,1.432822289716606790e+01,1.000000000000000036e-10,7.801755542042142894e-05,-2.972469544361046498e-06
8.187500000000000333e-02,4.656249999999999972e-02,1.335943573016774621e+01,1.000000000000000036e-10,7.706058566944363098e-05,-2.560967524614027796e-06
8.312500000000000444e-02,4.656249999999999972e-02,1.240170825542997690e+01,1.000000000000000036e-10,7.623877535899159508e-05,-2.200539057467807036e-06
8.437500000000000555e-02,4.656249999999999972e-02,1.145346634619295578e+01,1.000000000000000036e-10,7.553477285889043677e-05,-1.885454831102037546e-06
8.562500000000000666e-02,4.656249999999999972e-02,1.051333893395771568e+01,1.000000000000000036e-10,7.493335777452080689e-05,-1.610288040271825247e-06
8.687500000000000777e-02,4.656249999999999972e-02,9.580132401829935418e+00,1.000000000000000036e-10,7.442126997555333122e-05,-1.369987629338282648e-06
8.812499999999999500e-02,4.656249999999999972e-02,8.652807184568882093e+00,1.000000000000000036e-10,7.398703329748729371e-05,-1.159909790266624208e-06
8.937499999999999611e-02,4.656249999999999972e-02,7.730456569392752719e+00,1.000000000000000036e-10,7.362078349412071361e-05,-9.758204954198390350e-07
9.062499999999999722e-02,4.656249999999999972e-02,6.812287597215863855e+00,1.000000000000000036e-10,7.331410655811775392e-05,-8.138785592336004570e-07
9.187499999999999833e-02,4.656249999999999972e-02,5.897603905439808614e+00,1.000000000000000036e-10,7.305989110302336747e-05,-6.706061205171919135e-07
9.312499999999999944e-02,4.656249999999999972e-02,4.985790319640279300e+00,1.000000000000000036e-10,7.285219684228383267e-05,-5.428514259489957043e-07
9.437500000000000056e-02,4.656249999999999972e-02,4.076298984382712653e+00,1.000000000000000036e-10,7.268614010213313007e-05,-4.277472710943185504e-07
9.562500000000000167e-02,4.656249999999999972e-02,3.168636817086950774e+00,1.000000000000000036e-10,7.255779661032480017e-05,-3.226673191090511832e-07
9.687500000000000278e-02,4.656249999999999972e-02,2.262354069124592471e+00,1.000000000000000036e-10,7.246412139637196156e-05,-2.251816834737140540e-07
9.812500000000000389e-02,4.656249999999999972e-02,1.357033782177651471e+00,1.000000000000000036e-10,7.240288543646530676e-05,-1.330125592003916532e-07
9.937500000000000500e-02,4.656249999999999972e-02,4.522819332129596193e-01,1.000000000000000036e-10,7.237262861562442919e-05,-4.399026138904193422e-08
6.250000000000000130e-04,4.718750000000000028e-02,9.954746662547182723e+01,1.000000000000000036e-10,7.241309721799267518e-05,3.635196387449467356e-08
1.874999999999999931e-03,4.718750000000000028e-02,9.864220594407835563e+01,1.000000000000000036e-10,7.244431089943587478e-05,1.099156055772709658e-07
3.125000000000000173e-03,4.718750000000000028e-02,9.773635885298592996e+01,1.000000000000000036e-10,7.250748017943236471e-05,1.860760171496167104e-07
4.375000000000000416e-03,4.718750000000000028e-02,9.682951893959254619e+01,1.000000000000000036e-10,7.260410447234390057e-05,2.666232320041217276e-07
5.624999999999999792e-03,4.718750000000000028e-02,9.592125624117733196e+01,1.000000000000000036e-10,7.273647197265117707e-05,3.534358621413956779e-07
6.875000000000000035e-03,4.718750000000000028e-02,9.501110714027626614e+01,1.000000000000000036e-10,7.290770686442101206e-05,4.485170189389007952e-07
8.125000000000000278e-03,4.718750000000000028e-02,9.409856356956680656e+01,1.000000000000000036e-10,7.312183273690833979e-05,5.540304609144185141e-07
9.374999999999999653e-03,4.718750000000000028e-02,9.318306132185355750e+01,1.000000000000000036e-10,7.338385246659525057e-05,6.723366264532158711e-07
1.062500000000000076e-02,4.718750000000000028e-02,9.226396725790192477e+01,1.000000000000000036e-10,7.369984469333302091e-05,8.060278468371960296e-07
1.187500000000000014e-02,4.718750000000000028e-02,9.134056520452023165e+01,1.000000000000000036e-10,7.407707672150876002e-05,9.579615230825309222e-07
1.312499999999999951e-02,4.718750000000000028e-02,9.041204033986420541e+01,1.000000000000000036e-10,7.452413314782573885e-05,1.131289344334618212e-06
1.437500000000000062e-02,4.718750000000000028e-02,8.947746187582458788e+01,1.000000000000000036e-10,7.505105866417578178e-05,1.329479667621171374e-06
1.562500000000000000e-02,4.718750000000000028e-02,8.853576387325981045e+01,1.000000000000000036e-10,7.566951218611618862e-05,1.556328900604739643e-06
1.687500000000000111e-02,4.718750000000000028e-02,8.758572407117168268e+01,1.000000000000000036e-10,7.639292755597351290e-05,1.815956052992077905e-06
1.812499999999999875e-02,4.718750000000000028e-02,8.662594068436047223e+01,1.000000000000000036e-10,7.723667336100218761e-05,2.112772471351717834e-06
1.937499999999999986e-02,4.718750000000000028e-02,8.565480723714662759e+01,1.000000000000000036e-10,7.821820063647234996e-05,2.451416084406900493e-06
2.062500000000000097e-02,4.718750000000000028e-02,8.467048566844866286e+01,1.000000000000000036e-10,7.935716208380936578e-05,2.836636249994625653e-06
2.187500000000000208e-02,4.718750000000000028e-02,8.367087818505139296e+01,1.000000000000000036e-10,8.067547957741905964e-05,3.273111603105007419e-06
2.312499999999999972e-02,4.718750000000000028e-02,8.265359867901318580e+01,1.000000000000000036e-10,8.219732780858691502e-05,3.765179449820833645e-06
2.437500000000000083e-02,4.718750000000000028e-02,8.161594498983671997e+01,1.000000000000000036e-10,8.394899064974423349e-05,4.316451870528225194e-06
2.562500000000000194e-02,4.718750000000000028e-02,8.055487391276957965e+01,1.000000000000000036e-10,8.595853319471016460e-05,4.929291970705662151e-06
2.687499999999999958e-02,4.718750000000000028e-02,7.946698165996896535e+01,1.000000000000000036e-10,8.825521697093221597e-05,5.604125635941272328e-06
2.812500000000000069e-02,4.718750000000000028e-02,7.834849348849627404e+01,1.000000000000000036e-10,9.086857012196273989e-05,6.338572750618140303e-06
2.937500000000000180e-02,4.718750000000000028e-02,7.719526740691989630e+01,1.000000000000000036e-10,9.382701185676466950e-05,7.126401321959291172e-06
3.062499999999999944e-02,4.718750000000000028e-02,7.600281819207715728e+01,1.000000000000000036e-10,9.715592749811718248e-05,7.956343292714789376e-06
3.187500000000000056e-02,4.718750000000000028e-02,7.476636921946696646e+01,1.000000000000000036e-10,1.008751075001674581e-04,8.810866367979312673e-06
3.312500000000000167e-02,4.718750000000000028e-02,7.348094050457297044e+01,1.000000000000000036e-10,1.049955162491164335e-04,9.665072128708513115e-06
3.437500000000000278e-02,4.718750000000000028e-02,7.214148131323905488e+01,1.000000000000000036e-10,1.095154633449953716e-04,1.048597598277410634e-05
3.562500000000000389e-02,4.718750000000000028e-02,7.074305392094808553e+01,1.000000000000000036e-10,1.144164258085515691e-04,1.123248436333937789e-05
3.687499999999999806e-02,4.718750000000000028e-02,6.928107066802526504e+01,1.000000000000000036e-10,1.196589980850660233e-04,1.185634569555304448e-05
3.812499999999999917e-02,4.718750000000000028e-02,6.775157896882143405e+01,1.000000000000000036e-10,1.251796243526626714e-04,1.230410809764862110e-05
3.937500000000000028e-02,4.718750000000000028e-02,6.615158005920869755e+01,1.000000000000000036e-10,1.308886428900819744e-04,1.251963344062005239e-05
4.062500000000000139e-02,4.718750000000000028e-02,6.447936289656938413e+01,1.000000000000000036e-10,1.366694664887085984e-04,1.244634336343324086e-05
4.187500000000000250e-02,4.718750000000000028e-02,6.273484339699098200e+01,1.000000000000000036e-10,1.423778130805095326e-04,1.202917260684784769e-05
4.312500000000000361e-02,4.718750000000000028e-02,6.091991756955664528e+01,1.000000000000000036e-10,1.478407383579076050e-04,1.121895608562397054e-05
4.437499999999999778e-02,4.718750000000000028e-02,5.903882493804329101e+01,1.000000000000000036e-10,1.528593234443496537e-04,9.983256243407366491e-06
4.562499999999999889e-02,4.718750000000000028e-02,5.709843448344790318e+01,1.000000000000000036e-10,1.572204420408251837e-04,8.320074770622908804e-06
4.687500000000000000e-02,4.718750000000000028e-02,5.510831388702266054e+01,1.000000000000000036e-10,1.607146071835808187e-04,6.263592438116346264e-06
4.812500000000000111e-02,4.718750000000000028e-02,5.308056930385838257e+01,1.000000000000000036e-10,1.631531676332033810e-04,3.886433630842133695e-06
4.937500000000000222e-02,4.718750000000000028e-02,5.102948469619257565e+01,1.000000000000000036e-10,1.644021600004708420e-04,1.315943450894110017e-06
5.062500000000000333e-02,4.718750000000000028e-02,4.897051530384661078e+01,1.000000000000000036e-10,1.644021600004719804e-04,-1.315943450893541658e-06
5.187500000000000444e-02,4.718750000000000028e-02,4.691943069618077544e+01,1.000000000000000036e-10,1.631531676332079075e-04,-3.886433630840996977e-06
5.312499999999999861e-02,4.718750000000000028e-02,4.489168611301641221e+01,1.000000000000000036e-10,1.607146071835901700e-04,-6.263592438111798545e-06
5.437499999999999972e-02,4.718750000000000028e-02,4.290156551659102036e+01,1.000000000000000036e-10,1.572204420408391157e-04,-8.320074770619496955e-06
5.562500000000000083e-02,4.718750000000000028e-02,4.096117506199543357e+01,1.000000000000000036e-10,1.528593234443669738e-04,-9.983256243405093055e-06
5.687500000000000194e-02,4.718750000000000028e-02,3.908008243048184482e+01,1.000000000000000036e-10,1.478407383579286656e-04,-1.121895608562283213e-05
5.812500000000000305e-02,4.718750000000000028e-02,3.726515660304721678e+01,1.000000000000000036e-10,1.423778130805350927e-04,-1.202917260684727849e-05
5.937500000000000416e-02,4.718750000000000028e-02,3.552063710346846648e+01,1.000000000000000036e-10,1.366694664887358932e-04,-1.244634336343210414e-05
6.062499999999999833e-02,4.718750000000000028e-02,3.384841994082881911e+01,1.000000000000000036e-10,1.308886428901115460e-04,-1.251963344061891398e-05
6.187499999999999944e-02,4.718750000000000028e-02,3.224842103121567760e+01,1.000000000000000036e-10,1.251796243526967695e-04,-1.230410809764805189e-05
6.312500000000000056e-02,4.718750000000000028e-02,3.071892933201139897e+01,1.000000000000000036e-10,1.196589980851031301e-04,-1.185634569555247528e-05
6.437500000000000167e-02,4.718750000000000028e-02,2.925694607908809886e+01,1.000000000000000036e-10,1.144164258085913729e-04,-1.123248436333852577e-05
6.562500000000000278e-02,4.718750000000000028e-02,2.785851868679661436e+01,1.000000000000000036e-10,1.095154633450398646e-04,-1.048597598277268333e-05
6.687500000000000389e-02,4.718750000000000028e-02,2.651905949546210195e+01,1.000000000000000036e-10,1.049955162491660493e-04,-9.665072128705389258e-06
6.812500000000000500e-02,4.718750000000000028e-02,2.523363078056746289e+01,1.000000000000000036e-10,1.008751075002187680e-04,-8.810866367977323839e-06
6.937500000000000611e-02,4.718750000000000028e-02,2.399718180795663258e+01,1.000000000000000036e-10,9.715592749817131128e-05,-7.956343292712231337e-06
7.062500000000000722e-02,4.718750000000000028e-02,2.280473259311317946e+01,1.000000000000000036e-10,9.382701185682276919e-05,-7.126401321956165620e-06
7.187500000000000833e-02,4.718750000000000028e-02,2.165150651153606276e+01,1.000000000000000036e-10,9.086857012202384824e-05,-6.338572750619845380e-06
7.312499999999999556e-02,4.718750000000000028e-02,2.053301834006258275e+01,1.000000000000000036e-10,8.825521697099757981e-05,-5.604125635939566404e-06
7.437499999999999667e-02,4.718750000000000028e-02,1.944512608726112290e+01,1.000000000000000036e-10,8.595853319478023117e-05,-4.929291970705945060e-06
7.562499999999999778e-02,4.718750000000000028e-02,1.838405501019307664e+01,1.000000000000000036e-10,8.394899064981827094e-05,-4.316451870527088476e-06
7.687499999999999889e-02,4.718750000000000028e-02,1.734640132101566579e+01,1.000000000000000036e-10,8.219732780866463877e-05,-3.765179449816854708e-06
7.812500000000000000e-02,4.718750000000000028e-02,1.632912181497646031e+01,1.000000000000000036e-10,8.067547957750106598e-05,-3.273111603101596417e-06
7.937500000000000111e-02,4.718750000000000028e-02,1.532951433157813881e+01,1.000000000000000036e-10,7.935716208389492288e-05,-2.836636249991783434e-06
8.062500000000000222e-02,4.718750000000000028e-02,1.434519276287908696e+01,1.000000000000000036e-10,7.821820063656487307e-05,-2.451416084402779254e-06
8.187500000000000333e-02,4.718750000000000028e-02,1.337405931566401662e+01,1.000000000000000036e-10,7.723667336110122948e-05,-2.112772471351007173e-06
8.312500000000000444e-02,4.718750000000000028e-02,1.241427592885155562e+01,1.000000000000000036e-10,7.639292755607590224e-05,-1.815956052991509546e-06
8.437500000000000555e-02,4.718750000000000028e-02,1.146423612676211867e+01,1.000000000000000036e-10,7.566951218622291477e-05,-1.556328900599907744e-06
8.562500000000000666e-02,4.718750000000000028e-02,1.052253812419598233e+01,1.000000000000000036e-10,7.505105866428647883e-05,-1.329479667620034656e-06
8.687500000000000777e-02,4.718750000000000028e-02,9.587959660154956154e+00,1.000000000000000036e-10,7.452413314794197887e-05,-1.131289344332912711e-06
8.812499999999999500e-02,4.718750000000000028e-02,8.659434795497432447e+00,1.000000000000000036e-10,7.407707672162940462e-05,-9.579615230821046528e-07
8.937499999999999611e-02,4.718750000000000028e-02,7.736032742114220540e+00,1.000000000000000036e-10,7.369984469345863928e-05,-8.060278468355617854e-07
9.062499999999999722e-02,4.718750000000000028e-02,6.816938678160965992e+00,1.000000000000000036e-10,7.338385246672982716e-05,-6.723366264508710721e-07
9.187499999999999833e-02,4.718750000000000028e-02,5.901436430445974324e+00,1.000000000000000036e-10,7.312183273705004502e-05,-5.540304609118605805e-07
9.312499999999999944e-02,4.718750000000000028e-02,4.988892859734714413e+00,1.000000000000000036e-10,7.290770686456591568e-05,-4.485170189420983446e-07
9.437500000000000056e-02,4.718750000000000028e-02,4.078743758831826050e+00,1.000000000000000036e-10,7.273647197280030908e-05,-3.534358621428167875e-07
9.562500000000000167e-02,4.718750000000000028e-02,3.170481060414706231e+00,1.000000000000000036e-10,7.260410447249799281e-05,-2.666232320051519844e-07
9.687500000000000278e-02,4.718750000000000028e-02,2.263641147019376021e+00,1.000000000000000036e-10,7.250748017959332808e-05,-1.860760171487285169e-07
9.812500000000000389e-02,4.718750000000000028e-02,1.357794055924872678e+00,1.000000000000000036e-10,7.244431089960324849e-05,-1.099156055768268558e-07
9.937500000000000500e-02,4.718750000000000028e-02,4.525333745292945964e-01,1.000000000000000036e-10,7.241309721816667608e-05,-3.635196387382854832e-08
6.250000000000000130e-04,4.781250000000000083e-02,9.954726366723971864e+01,1.000000000000000036e-10,7.244576240017692754e-05,2.849873787226897192e-08
1.874999999999999931e-03,4.781250000000000083e-02,9.864159227275585806e+01,1.000000000000000036e-10,7.247774746293599198e-05,8.616945948688224702e-08
3.125000000000000173e-03,4.781250000000000083e-02,9.773531998066631843e+01,1.000000000000000036e-10,7.254247520942440732e-05,1.458736500069335213e-07
4.375000000000000416e-03,4.781250000000000083e-02,9.682803039252024746e+01,1.000000000000000036e-10,7.264147653266659612e-05,2.090127910810224103e-07
5.624999999999999792e-03,4.781250000000000083e-02,9.591928306734965304e+01,1.000000000000000036e-10,7.277708699545142219e-05,2.770573215229887311e-07
6.875000000000000035e-03,4.781250000000000083e-02,9.500860321763396144e+01,1.000000000000000036e-10,7.295249414152407425e-05,3.515745406389214211e-07
8.125000000000000278e-03,4.781250000000000083e-02,9.409547071381155092e+01,1.000000000000000036e-10,7.317180090663838097e-05,4.342566204149988096e-07
9.374999999999999653e-03,4.781250000000000083e-02,9.317930819496800154e+01,1.000000000000000036e-10,7.344010525094516796e-05,5.269484299606118160e-07
1.062500000000000076e-02,4.781250000000000083e-02,9.225946808253792142e+01,1.000000000000000036e-10,7.376359594231016691e-05,6.316745842900671175e-07
1.187500000000000014e-02,4.781250000000000083e-02,9.133521829641024681e+01,1.000000000000000036e-10,7.414966404611502229e-05,7.506647196453284541e-07
1.312499999999999951e-02,4.781250000000000083e-02,9.040572648138504519e+01,1.000000000000000036e-10,7.460702904770640507e-05,8.863754338221950065e-07
1.437500000000000062e-02,4.781250000000000083e-02,8.947004257021758633e+01,1.000000000000000036e-10,7.514587755254409991e-05,1.041506567547685046e-06
1.562500000000000000e-02,4.781250000000000083e-02,8.852707954257144252e+01,1.000000000000000036e-10,7.577801105146873253e-05,1.219008490247688087e-06
1.687500000000000111e-02,4.781250000000000083e-02,8.757559229393086753e+01,1.000000000000000036e-10,7.651699714426397957e-05,1.422075732026541740e-06
1.812499999999999875e-02,4.781250000000000083e-02,8.661415461396484261e+01,1.000000000000000036e-10,7.737831568505099307e-05,1.654120619416516713e-06
1.937499999999999986e-02,4.781250000000000083e-02,8.564113440180459236e+01,1.000000000000000036e-10,7.837948730964909767e-05,1.918718486315355745e-06
2.062500000000000097e-02,4.781250000000000083e-02,8.465466743122361493e+01,1.000000000000000036e-10,7.954016645769966206e-05,2.219513550398914309e-06
2.187500000000000208e-02,4.781250000000000083e-02,8.365263024036210027e+01,1.000000000000000036e-10,8.088217403518056998e-05,2.560071767156841310e-06
2.312499999999999972e-02,4.781250000000000083e-02,8.263261308034410035e+01,1.000000000000000036e-10,8.242943604919387014e-05,2.943664163176435265e-06
2.437500000000000083e-02,4.781250000000000083e-02,8.159189433913225287e+01,1.000000000000000036e-10,8.420778381698992582e-05,3.372961852693378461e-06
2.562500000000000194e-02,4.781250000000000083e-02,8.052741848491935173e+01,1.000000000000000036e-10,8.624455898215670083e-05,3.849623133476142114e-06
2.687499999999999958e-02,4.781250000000000083e-02,7.943578036457833491e+01,1.000000000000000036e-10,8.856795349405954029e-05,4.373755329112327164e-06
2.812500000000000069e-02,4.781250000000000083e-02,7.831321964756786258e+01,1.000000000000000036e-10,9.120600297049576426e-05,4.943241743720818125e-06
2.937500000000000180e-02,4.781250000000000083e-02,7.715563029031594056e+01,1.000000000000000036e-10,9.418514525397027651e-05,5.552940319721527286e-06
3.062499999999999944e-02,4.781250000000000083e-02,7.595859101621860532e+01,1.000000000000000036e-10,9.752826071453453427e-05,6.193788743995581592e-06
3.187500000000000056e-02,4.781250000000000083e-02,7.471742377245257671e+01,1.000000000000000036e-10,1.012521361158030624e-04,6.851893215042535502e-06
3.312500000000000167e-02,4.781250000000000083e-02,7.342728761332352860e+01,1.000000000000000036e-10,1.053643513594499607e-04,7.507733285348192865e-06
3.437500000000000278e-02,4.781250000000000083e-02,7.208331498846632712e+01,1.000000000000000036e-10,1.098596894826931543e-04,8.135672216578768186e-06
3.562500000000000389e-02,4.781250000000000083e-02,7.068079537625619935e+01,1.000000000000000036e-10,1.147163170101259447e-04,8.703993134045046788e-06
3.687499999999999806e-02,4.781250000000000083e-02,6.921540706321317771e+01,1.000000000000000036e-10,1.198921472697582881e-04,9.175635656772555495e-06
3.812499999999999917e-02,4.781250000000000083e-02,6.768349169451224157e+01,1.000000000000000036e-10,1.253218972552013865e-04,9.509630009907822266e-06
3.937500000000000028e-02,4.781250000000000083e-02,6.608235963183314254e+01,1.000000000000000036e-10,1.309152260738755786e-04,9.662937850314389968e-06
4.062500000000000139e-02,4.781250000000000083e-02,6.441061104266535153e+01,1.000000000000000036e-10,1.365559109061186102e-04,9.592284738297392373e-06
4.187500000000000250e-02,4.781250000000000083e-02,6.266846185918017653e+01,1.000000000000000036e-10,1.421016439253597026e-04,9.256191426456436853e-06
4.312500000000000361e-02,4.781250000000000083e-02,6.085806994453135843e+01,1.000000000000000036e-10,1.473848017909167789e-04,8.618895694540354950e-06
4.437499999999999778e-02,4.781250000000000083e-02,5.898384181440725627e+01,1.000000000000000036e-10,1.522167864268444840e-04,7.658031773308380288e-06
4.562499999999999889e-02,4.781250000000000083e-02,5.705265028386024539e+01,1.000000000000000036e-10,1.563988952712184902e-04,6.373685520296702566e-06
4.687500000000000000e-02,4.781250000000000083e-02,5.507386943262679324e+01,1.000000000000000036e-10,1.597381474852775521e-04,4.793273010037067485e-06
4.812500000000000111e-02,4.781250000000000083e-02,5.305919659672830591e+01,1.000000000000000036e-10,1.620649513966912589e-04,2.974070878406677946e-06
4.937500000000000222e-02,4.781250000000000083e-02,5.102224564770951076e+01,1.000000000000000036e-10,1.632576897759448979e-04,1.007440830069867480e-06
5.062500000000000333e-02,4.781250000000000083e-02,4.897775435232968277e+01,1.000000000000000036e-10,1.632576897759466055e-04,-1.007440830070436051e-06
5.187500000000000444e-02,4.781250000000000083e-02,4.694080340331084500e+01,1.000000000000000036e-10,1.620649513966972220e-04,-2.974070878405541227e-06
5.312499999999999861e-02,4.781250000000000083e-02,4.492613056741225108e+01,1.000000000000000036e-10,1.597381474852872015e-04,-4.793273010034225689e-06
5.437499999999999972e-02,4.781250000000000083e-02,4.294734971617866393e+01,1.000000000000000036e-10,1.563988952712318530e-04,-6.373685520294428283e-06
5.562500000000000083e-02,4.781250000000000083e-02,4.101615818563145410e+01,1.000000000000000036e-10,1.522167864268618312e-04,-7.658031773305537645e-06
5.687500000000000194e-02,4.781250000000000083e-02,3.914193005550711746e+01,1.000000000000000036e-10,1.473848017909369450e-04,-8.618895694539218232e-06
5.812500000000000305e-02,4.781250000000000083e-02,3.733153814085802935e+01,1.000000000000000036e-10,1.421016439253838532e-04,-9.256191426458141084e-06
5.937500000000000416e-02,4.781250000000000083e-02,3.558938895737252039e+01,1.000000000000000036e-10,1.365559109061462032e-04,-9.592284738300802527e-06
6.062499999999999833e-02,4.781250000000000083e-02,3.391764036820437411e+01,1.000000000000000036e-10,1.309152260739059905e-04,-9.662937850315526686e-06
6.187499999999999944e-02,4.781250000000000083e-02,3.231650830552487008e+01,1.000000000000000036e-10,1.253218972552357828e-04,-9.509630009908958984e-06
6.312500000000000056e-02,4.781250000000000083e-02,3.078459293682347919e+01,1.000000000000000036e-10,1.198921472697952323e-04,-9.175635656773407610e-06
6.437500000000000167e-02,4.781250000000000083e-02,2.931920462377998859e+01,1.000000000000000036e-10,1.147163170101658840e-04,-8.703993134045331391e-06
6.562500000000000278e-02,4.781250000000000083e-02,2.791668501156933146e+01,1.000000000000000036e-10,1.098596894827386230e-04,-8.135672216577062262e-06
6.687500000000000389e-02,4.781250000000000083e-02,2.657271238671152247e+01,1.000000000000000036e-10,1.053643513594995629e-04,-7.507733285346204031e-06
6.812500000000000500e-02,4.781250000000000083e-02,2.528257622758184198e+01,1.000000000000000036e-10,1.012521361158544807e-04,-6.851893215040262066e-06
6.937500000000000611e-02,4.781250000000000083e-02,2.404140898381515967e+01,1.000000000000000036e-10,9.752826071458909674e-05,-6.193788743992170590e-06
7.062500000000000722e-02,4.781250000000000083e-02,2.284436970971711389e+01,1.000000000000000036e-10,9.418514525402711581e-05,-5.552940319720959774e-06
7.187500000000000833e-02,4.781250000000000083e-02,2.168678035246448133e+01,1.000000000000000036e-10,9.120600297055642537e-05,-4.943241743719965162e-06
7.312499999999999556e-02,4.781250000000000083e-02,2.056421963545320253e+01,1.000000000000000036e-10,8.856795349412491768e-05,-4.373755329110337484e-06
7.437499999999999667e-02,4.781250000000000083e-02,1.947258151511135793e+01,1.000000000000000036e-10,8.624455898222646924e-05,-3.849623133476995077e-06
7.562499999999999778e-02,4.781250000000000083e-02,1.840810566089754019e+01,1.000000000000000036e-10,8.420778381706468156e-05,-3.372961852693094705e-06
7.687499999999999889e-02,4.781250000000000083e-02,1.736738691968474058e+01,1.000000000000000036e-10,8.242943604927204112e-05,-2.943664163176151086e-06
7.812500000000000000e-02,4.781250000000000083e-02,1.634736975966573880e+01,1.000000000000000036e-10,8.088217403526241369e-05,-2.560071767155704169e-06
7.937500000000000111e-02,4.781250000000000083e-02,1.534533256880317964e+01,1.000000000000000036e-10,7.954016645778542245e-05,-2.219513550396356693e-06
8.062500000000000222e-02,4.781250000000000083e-02,1.435886559822110264e+01,1.000000000000000036e-10,7.837948730974181051e-05,-1.918718486310381968e-06
8.187500000000000333e-02,4.781250000000000083e-02,1.338584538605963381e+01,1.000000000000000036e-10,7.737831568514926244e-05,-1.654120619414243064e-06
8.312500000000000444e-02,4.781250000000000083e-02,1.242440770609237077e+01,1.000000000000000036e-10,7.651699714436715496e-05,-1.422075732023415341e-06
8.437500000000000555e-02,4.781250000000000083e-02,1.147292045745045463e+01,1.000000000000000036e-10,7.577801105157617697e-05,-1.219008490245272137e-06
8.562500000000000666e-02,4.781250000000000083e-02,1.052995742980296612e+01,1.000000000000000036e-10,7.514587755265430906e-05,-1.041506567544842827e-06
8.687500000000000777e-02,4.781250000000000083e-02,9.594273518634096831e+00,1.000000000000000036e-10,7.460702904782230628e-05,-8.863754338189264123e-07
8.812499999999999500e-02,4.781250000000000083e-02,8.664781703607408403e+00,1.000000000000000036e-10,7.414966404623596504e-05,-7.506647196467495636e-07
8.937499999999999611e-02,4.781250000000000083e-02,7.740531917478197244e+00,1.000000000000000036e-10,7.376359594243634093e-05,-6.316745842857329558e-07
9.062499999999999722e-02,4.781250000000000083e-02,6.820691805046499745e+00,1.000000000000000036e-10,7.344010525107960903e-05,-5.269484299570591480e-07
9.187499999999999833e-02,4.781250000000000083e-02,5.904529286201206872e+00,1.000000000000000036e-10,7.317180090677775515e-05,-4.342566204143593527e-07
9.312499999999999944e-02,4.781250000000000083e-02,4.991396782377055530e+00,1.000000000000000036e-10,7.295249414166835446e-05,-3.515745406424740890e-07
9.437500000000000056e-02,4.781250000000000083e-02,4.080716932659497864e+00,1.000000000000000036e-10,7.277708699560161130e-05,-2.770573215259019421e-07
9.562500000000000167e-02,4.781250000000000083e-02,3.171969607487015175e+00,1.000000000000000036e-10,7.264147653282184032e-05,-2.090127910809868878e-07
9.687500000000000278e-02,4.781250000000000083e-02,2.264680019338951578e+00,1.000000000000000036e-10,7.254247520958612963e-05,-1.458736500027057681e-07
9.812500000000000389e-02,4.781250000000000083e-02,1.358407727247361807e+00,1.000000000000000036e-10,7.247774746310275582e-05,-8.616945948604736370e-08
9.937500000000000500e-02,4.781250000000000083e-02,4.527363327613824762e-01,1.000000000000000036e-10,7.244576240034976292e-05,-2.849873786979095056e-08
6.250000000000000130e-04,4.843750000000000139e-02,9.954711039124842387e+01,1.000000000000000036e-10,7.247043131667225404e-05,2.047720039740851893e-08
1.874999999999999931e-03,4.843750000000000139e-02,9.864112882583476960e+01,1.000000000000000036e-10,7.250299835550319885e-05,6.191494617041824940e-08
3.125000000000000173e-03,4.843750000000000139e-02,9.773453543236084329e+01,1.000000000000000036e-10,7.256890184522943636e-05,1.048125452189196795e-07
4.375000000000000416e-03,4.843750000000000139e-02,9.682690627970403341e+01,1.000000000000000036e-10,7.266969630810193490e-05,1.501760028168064060e-07
5.624999999999999792e-03,4.843750000000000139e-02,9.591779302465829460e+01,1.000000000000000036e-10,7.280775284743013095e-05,1.990606087338164513e-07
6.875000000000000035e-03,4.843750000000000139e-02,9.500671245851827962e+01,1.000000000000000036e-10,7.298630651386700400e-05,2.525908471773163578e-07
8.125000000000000278e-03,4.843750000000000139e-02,9.409313536181161908e+01,1.000000000000000036e-10,7.320951968156917721e-05,3.119803474726267621e-07
9.374999999999999653e-03,4.843750000000000139e-02,9.317647446647904985e+01,1.000000000000000036e-10,7.348256144853279224e-05,3.785516472680682498e-07
1.062500000000000076e-02,4.843750000000000139e-02,9.225607132559829893e+01,1.000000000000000036e-10,7.381170283817537012e-05,4.537553264799497728e-07
1.187500000000000014e-02,4.843750000000000139e-02,9.133118189552466504e+01,1.000000000000000036e-10,7.420442714627482211e-05,5.391877715067038576e-07
1.312499999999999951e-02,4.843750000000000139e-02,9.040096064694142797e+01,1.000000000000000036e-10,7.466955407177691629e-05,6.366064184203421752e-07
1.437500000000000062e-02,4.843750000000000139e-02,8.946444304373024181e+01,1.000000000000000036e-10,7.521737519238853214e-05,7.479407702294337496e-07
1.562500000000000000e-02,4.843750000000000139e-02,8.852052626713171435e+01,1.000000000000000036e-10,7.585979676835561845e-05,8.752967501209239844e-07
1.687500000000000111e-02,4.843750000000000139e-02,8.756794812452135091e+01,1.000000000000000036e-10,7.661048362055793441e-05,1.020950999655951702e-06
1.812499999999999875e-02,4.843750000000000139e-02,8.660526417661776577e+01,1.000000000000000036e-10,7.748499473814659546e-05,1.187330522602678572e-06
1.937499999999999986e-02,4.843750000000000139e-02,8.563082325606768563e+01,1.000000000000000036e-10,7.850089710196355374e-05,1.376971588928199421e-06
2.062500000000000097e-02,4.843750000000000139e-02,8.464274174906867643e+01,1.000000000000000036e-10,7.967783872423011258e-05,1.592450062636316464e-06
2.187500000000000208e-02,4.843750000000000139e-02,8.363887728796193244e+01,1.000000000000000036e-10,8.103755488380782351e-05,1.836273386394395393e-06
2.312499999999999972e-02,4.843750000000000139e-02,8.261680287697348035e+01,1.000000000000000036e-10,8.260377285135517365e-05,2.110722553163668299e-06
2.437500000000000083e-02,4.843750000000000139e-02,8.157378296667805273e+01,1.000000000000000036e-10,8.440197013489408352e-05,2.417630937044350051e-06
2.562500000000000194e-02,4.843750000000000139e-02,8.050675362360112786e+01,1.000000000000000036e-10,8.645892993291964107e-05,2.758086567538384290e-06
2.687499999999999958e-02,4.843750000000000139e-02,7.941230971835506125e+01,1.000000000000000036e-10,8.880202627605454169e-05,3.132046467538883989e-06
2.812500000000000069e-02,4.843750000000000139e-02,7.828670296669976381e+01,1.000000000000000036e-10,9.145816261726735308e-05,3.537857696472883145e-06
2.937500000000000180e-02,4.843750000000000139e-02,7.712585565292337719e+01,1.000000000000000036e-10,9.445228535690203091e-05,3.971691855417701821e-06
3.062499999999999944e-02,4.843750000000000139e-02,7.592539583277721249e+01,1.000000000000000036e-10,9.780540394577768193e-05,4.426920183580021872e-06
3.187500000000000056e-02,4.843750000000000139e-02,7.468072055427893474e+01,1.000000000000000036e-10,1.015320797708437693e-04,4.893486162293355694e-06
3.312500000000000167e-02,4.843750000000000139e-02,7.338709383850611800e+01,1.000000000000000036e-10,1.056374057498845698e-04,5.357369726757495874e-06
3.437500000000000278e-02,4.843750000000000139e-02,7.203978541053182028e+01,1.000000000000000036e-10,1.101135932693438020e-04,5.800272953820239398e-06
3.562500000000000389e-02,4.843750000000000139e-02,7.063425400677252242e+01,1.000000000000000036e-10,1.149364075286484670e-04,6.199671503437682868e-06
3.687499999999999806e-02,4.843750000000000139e-02,6.916637522231560808e+01,1.000000000000000036e-10,1.200618165229974102e-04,6.529337660391546197e-06
3.812499999999999917e-02,4.843750000000000139e-02,6.763270859369758625e+01,1.000000000000000036e-10,1.254232754494336022e-04,6.760323550350902432e-06
3.937500000000000028e-02,4.843750000000000139e-02,6.603079333607976764e+01,1.000000000000000036e-10,1.309299702542767493e-04,6.862232498116326490e-06
4.062500000000000139e-02,4.843750000000000139e-02,6.435945933734066671e+01,1.000000000000000036e-10,1.364660932767796015e-04,6.804586163124211378e-06
4.187500000000000250e-02,4.843750000000000139e-02,6.261914100416027651e+01,1.000000000000000036e-10,1.418911185586310122e-04,6.558510851087360913e-06
4.312500000000000361e-02,4.843750000000000139e-02,6.081218137337489082e+01,1.000000000000000036e-10,1.470416585313335666e-04,6.099727350784290380e-06
4.437499999999999778e-02,4.843750000000000139e-02,5.894309954087693626e+01,1.000000000000000036e-10,1.517367183572278407e-04,5.413677886153890616e-06
4.562499999999999889e-02,4.843750000000000139e-02,5.701876341444419438e+01,1.000000000000000036e-10,1.557880626591895434e-04,4.501312834283907836e-06
4.687500000000000000e-02,4.843750000000000139e-02,5.504839797439719717e+01,1.000000000000000036e-10,1.590147998626357802e-04,3.382650987297210314e-06
4.812500000000000111e-02,4.843750000000000139e-02,5.304339341787829909e+01,1.000000000000000036e-10,1.612602515432197772e-04,2.098565105148395152e-06
4.937500000000000222e-02,4.843750000000000139e-02,5.101689168581670231e+01,1.000000000000000036e-10,1.624114041462322686e-04,7.110011121972092393e-07
5.062500000000000333e-02,4.843750000000000139e-02,4.898310831422249123e+01,1.000000000000000036e-10,1.624114041462342744e-04,-7.110011121960723094e-07
5.187500000000000444e-02,4.843750000000000139e-02,4.695660658216084471e+01,1.000000000000000036e-10,1.612602515432260113e-04,-2.098565105147258434e-06
5.312499999999999861e-02,4.843750000000000139e-02,4.495160202564184004e+01,1.000000000000000036e-10,1.590147998626457548e-04,-3.382650987297778673e-06
5.437499999999999972e-02,4.843750000000000139e-02,4.298123658559470073e+01,1.000000000000000036e-10,1.557880626592034754e-04,-4.501312834281633553e-06
5.562500000000000083e-02,4.843750000000000139e-02,4.105690045916175279e+01,1.000000000000000036e-10,1.517367183572445916e-04,-5.413677886151617179e-06
5.687500000000000194e-02,4.843750000000000139e-02,3.918781862666358506e+01,1.000000000000000036e-10,1.470416585313523232e-04,-6.099727350783722021e-06
5.812500000000000305e-02,4.843750000000000139e-02,3.738085899587794358e+01,1.000000000000000036e-10,1.418911185586543226e-04,-6.558510851087360913e-06
5.937500000000000416e-02,4.843750000000000139e-02,3.564054066269722654e+01,1.000000000000000036e-10,1.364660932768071945e-04,-6.804586163127622379e-06
6.062499999999999833e-02,4.843750000000000139e-02,3.396920666395776323e+01,1.000000000000000036e-10,1.309299702543074593e-04,-6.862232498116894002e-06
6.187499999999999944e-02,4.843750000000000139e-02,3.236729140633953961e+01,1.000000000000000036e-10,1.254232754494678359e-04,-6.760323550352039150e-06
6.312500000000000056e-02,4.843750000000000139e-02,3.083362477772106658e+01,1.000000000000000036e-10,1.200618165230349507e-04,-6.529337660392115403e-06
6.437500000000000167e-02,4.843750000000000139e-02,2.936574599326366553e+01,1.000000000000000036e-10,1.149364075286895447e-04,-6.199671503436546150e-06
6.562500000000000278e-02,4.843750000000000139e-02,2.796021458950382765e+01,1.000000000000000036e-10,1.101135932693894198e-04,-5.800272953819671039e-06
6.687500000000000389e-02,4.843750000000000139e-02,2.661290616152892952e+01,1.000000000000000036e-10,1.056374057499344295e-04,-5.357369726756360003e-06
6.812500000000000500e-02,4.843750000000000139e-02,2.531927944575546618e+01,1.000000000000000036e-10,1.015320797708957703e-04,-4.893486162289092577e-06
6.937500000000000611e-02,4.843750000000000139e-02,2.407460416725653474e+01,1.000000000000000036e-10,9.780540394583095692e-05,-4.426920183578033038e-06
7.062500000000000722e-02,4.843750000000000139e-02,2.287414434710969147e+01,1.000000000000000036e-10,9.445228535695887021e-05,-3.971691855418270180e-06
7.187500000000000833e-02,4.843750000000000139e-02,2.171329703333256234e+01,1.000000000000000036e-10,9.145816261732915261e-05,-3.537857696472314363e-06
7.312499999999999556e-02,4.843750000000000139e-02,2.058769028167646198e+01,1.000000000000000036e-10,8.880202627611906527e-05,-3.132046467536894308e-06
7.437499999999999667e-02,4.843750000000000139e-02,1.949324637642958535e+01,1.000000000000000036e-10,8.645892993298885383e-05,-2.758086567534973711e-06
7.562499999999999778e-02,4.843750000000000139e-02,1.842621703335174033e+01,1.000000000000000036e-10,8.440197013496867663e-05,-2.417630937042076614e-06
7.687499999999999889e-02,4.843750000000000139e-02,1.738319712305536768e+01,1.000000000000000036e-10,8.260377285143331752e-05,-2.110722553161962798e-06
7.812500000000000000e-02,4.843750000000000139e-02,1.636112271206590663e+01,1.000000000000000036e-10,8.103755488389095471e-05,-1.836273386393827034e-06
7.937500000000000111e-02,4.843750000000000139e-02,1.535725825095809327e+01,1.000000000000000036e-10,7.967783872431758059e-05,-1.592450062632053347e-06
8.062500000000000222e-02,4.843750000000000139e-02,1.436917674395796674e+01,1.000000000000000036e-10,7.850089710205592776e-05,-1.376971588920667815e-06
8.187500000000000333e-02,4.843750000000000139e-02,1.339473582340669466e+01,1.000000000000000036e-10,7.748499473824471575e-05,-1.187330522600973283e-06
8.312500000000000444e-02,4.843750000000000139e-02,1.243205187550184831e+01,1.000000000000000036e-10,7.661048362066037796e-05,-1.020950999652540912e-06
8.437500000000000555e-02,4.843750000000000139e-02,1.147947373289018458e+01,1.000000000000000036e-10,7.585979676846219552e-05,-8.752967501214924494e-07
8.562500000000000666e-02,4.843750000000000139e-02,1.053555695629029287e+01,1.000000000000000036e-10,7.521737519249966286e-05,-7.479407702267336203e-07
8.687500000000000777e-02,4.843750000000000139e-02,9.599039353077692738e+00,1.000000000000000036e-10,7.466955407189101502e-05,-6.366064184170736868e-07
8.812499999999999500e-02,4.843750000000000139e-02,8.668818104493016818e+00,1.000000000000000036e-10,7.420442714639599526e-05,-5.391877715085512364e-07
8.937499999999999611e-02,4.843750000000000139e-02,7.743928674417792202e+00,1.000000000000000036e-10,7.381170283830349572e-05,-4.537553264778181615e-07
9.062499999999999722e-02,4.843750000000000139e-02,6.823525533535429233e+00,1.000000000000000036e-10,7.348256144866551214e-05,-3.785516472668603279e-07
9.187499999999999833e-02,4.843750000000000139e-02,5.906864638201153817e+00,1.000000000000000036e-10,7.320951968170733167e-05,-3.119803474741899614e-07
9.312499999999999944e-02,4.843750000000000139e-02,4.993287541492745341e+00,1.000000000000000036e-10,7.298630651401014579e-05,-2.525908471790216469e-07
9.437500000000000056e-02,4.843750000000000139e-02,4.082206975350899825e+00,1.000000000000000036e-10,7.280775284758105189e-05,-1.990606087409929379e-07
9.562500000000000167e-02,4.843750000000000139e-02,3.173093720303218568e+00,1.000000000000000036e-10,7.266969630825959145e-05,-1.501760028151011169e-07
9.687500000000000278e-02,4.843750000000000139e-02,2.265464567644409843e+00,1.000000000000000036e-10,7.256890184539080630e-05,-1.048125452163261970e-07
9.812500000000000389e-02,4.843750000000000139e-02,1.358871174168448270e+00,1.000000000000000036e-10,7.250299835566970520e-05,-6.191494617022284949e-08
9.937500000000000500e-02,4.843750000000000139e-02,4.528896087526669834e-01,1.000000000000000036e-10,7.247043131684460153e-05,-2.047720039656030807e-08
6.250000000000000130e-04,4.906250000000000194e-02,9.954700770223475104e+01,1.000000000000000036e-10,7.248695847346083368e-05,1.233482667885254890e-08
1.874999999999999931e-03,4.906250000000000194e-02,9.864081833592872783e+01,1.000000000000000036e-10,7.251991513534674857e-05,3.729546953763928532e-08
3.125000000000000173e-03,4.906250000000000194e-02,9.773400982385108193e+01,1.000000000000000036e-10,7.258660573774761214e-05,6.313497579299108503e-08
4.375000000000000416e-03,4.906250000000000194e-02,9.682615319248503738e+01,1.000000000000000036e-10,7.268860056442404387e-05,9.045892746826209034e-08
5.624999999999999792e-03,4.906250000000000194e-02,9.591679480974048033e+01,1.000000000000000036e-10,7.282829441763167383e-05,1.199024878269483174e-07
6.875000000000000035e-03,4.906250000000000194e-02,9.500544583204424498e+01,1.000000000000000036e-10,7.300895401089347995e-05,1.521423382507691551e-07
8.125000000000000278e-03,4.906250000000000194e-02,9.409157095946814309e+01,1.000000000000000036e-10,7.323478130668374902e-05,1.879086246594851666e-07
9.374999999999999653e-03,4.906250000000000194e-02,9.317457629937715069e+01,1.000000000000000036e-10,7.351099274044883944e-05,2.279967697222672797e-07
1.062500000000000076e-02,4.906250000000000194e-02,9.225379614095692205e+01,1.000000000000000036e-10,7.384391400442949223e-05,2.732788772163985202e-07
1.187500000000000014e-02,4.906250000000000194e-02,9.132847844926641301e+01,1.000000000000000036e-10,7.424108959208522516e-05,3.247142729003370871e-07
1.312499999999999951e-02,4.906250000000000194e-02,9.039776890115479091e+01,1.000000000000000036e-10,7.471140554706776689e-05,3.833584767937735705e-07
1.437500000000000062e-02,4.906250000000000194e-02,8.946069331058971841e+01,1.000000000000000036e-10,7.526522271839437795e-05,4.503695658888772607e-07
1.562500000000000000e-02,4.906250000000000194e-02,8.851613833319493096e+01,1.000000000000000036e-10,7.591451616618198595e-05,5.270104425892440491e-07
1.687500000000000111e-02,4.906250000000000194e-02,8.756283040643516813e+01,1.000000000000000036e-10,7.667301403050485575e-05,6.146449489278892358e-07
1.812499999999999875e-02,4.906250000000000194e-02,8.659931298243230913e+01,1.000000000000000036e-10,7.755632597968711915e-05,7.147250399464154273e-07
1.937499999999999986e-02,4.906250000000000194e-02,8.562392225694298986e+01,1.000000000000000036e-10,7.858204707966590444e-05,8.287653396882885527e-07
2.062500000000000097e-02,4.906250000000000194e-02,8.463476180544066096e+01,1.000000000000000036e-10,7.976981735643276831e-05,9.583003623595229636e-07
2.187500000000000208e-02,4.906250000000000194e-02,8.362967682303217032e+01,1.000000000000000036e-10,8.114131028044424272e-05,1.104818544881709128e-06
2.312499999999999972e-02,4.906250000000000194e-02,8.260622904842955450e+01,1.000000000000000036e-10,8.272011482451886505e-05,1.269666138872480444e-06
2.437500000000000083e-02,4.906250000000000194e-02,8.156167395241919849e+01,1.000000000000000036e-10,8.453146582417729420e-05,1.453913209741131086e-06
2.562500000000000194e-02,4.906250000000000194e-02,8.049294240282512192e+01,1.000000000000000036e-10,8.660176674740396483e-05,1.658173934221167245e-06
2.687499999999999958e-02,4.906250000000000194e-02,7.939662978373409885e+01,1.000000000000000036e-10,8.895783905852679585e-05,1.882374773731498543e-06
2.812500000000000069e-02,4.906250000000000194e-02,7.826899642636195154e+01,1.000000000000000036e-10,9.162582566443516936e-05,2.125467916721390324e-06
2.937500000000000180e-02,4.906250000000000194e-02,7.710598414212321927e+01,1.000000000000000036e-10,9.462967649752384355e-05,2.385094848813195875e-06
3.062499999999999944e-02,4.906250000000000194e-02,7.590325451392385503e+01,1.000000000000000036e-10,9.798915786797235655e-05,2.657217210527278126e-06
3.187500000000000056e-02,4.906250000000000194e-02,7.465625519542390975e+01,1.000000000000000036e-10,1.017173608873917770e-04,2.935749713103631865e-06
3.312500000000000167e-02,4.906250000000000194e-02,7.336032049173905989e+01,1.000000000000000036e-10,1.058177447552133987e-04,3.212251252517716619e-06
3.437500000000000278e-02,4.906250000000000194e-02,7.201081157654357412e+01,1.000000000000000036e-10,1.102808403710332406e-04,3.475749860424457157e-06
3.562500000000000389e-02,4.906250000000000194e-02,7.060329948246322829e+01,1.000000000000000036e-10,1.150808493634116104e-04,3.712782970994793720e-06
3.687499999999999806e-02,4.906250000000000194e-02,6.913379034245828336e+01,1.000000000000000036e-10,1.201724732932148962e-04,3.907709730762007161e-06
3.812499999999999917e-02,4.906250000000000194e-02,6.759898765013285526e+01,1.000000000000000036e-10,1.254883446740637741e-04,4.043286326344740348e-06
3.937500000000000028e-02,4.906250000000000194e-02,6.599658172560668845e+01,1.000000000000000036e-10,1.309373573802622348e-04,4.101415966608782828e-06
4.062500000000000139e-02,4.906250000000000194e-02,6.432555371562629887e+01,1.000000000000000036e-10,1.364040500826041512e-04,4.063994832214347049e-06
4.187500000000000250e-02,4.906250000000000194e-02,6.258648047354158450e+01,1.000000000000000036e-10,1.417492145191897256e-04,3.914007322784412873e-06
4.312500000000000361e-02,4.906250000000000194e-02,6.078182335264655478e+01,1.000000000000000036e-10,1.468123853084500391e-04,3.637375498111622800e-06
4.437499999999999778e-02,4.906250000000000194e-02,5.891617084083033262e+01,1.000000000000000036e-10,1.514175791685943131e-04,3.225902895809439846e-06
4.562499999999999889e-02,4.906250000000000194e-02,5.699638387343169654e+01,1.000000000000000036e-10,1.553833818217901543e-04,2.680514347050575125e-06
4.687500000000000000e-02,4.906250000000000194e-02,5.503158629528557810e+01,1.000000000000000036e-10,1.585367736207097850e-04,2.013384973351434903e-06
4.812500000000000111e-02,4.906250000000000194e-02,5.303296453291395096e+01,1.000000000000000036e-10,1.607291264591412532e-04,1.248928859590705310e-06
4.937500000000000222e-02,4.906250000000000194e-02,5.101335813380704565e+01,1.000000000000000036e-10,1.618529066672726537e-04,4.231709521843639828e-07
5.062500000000000333e-02,4.906250000000000194e-02,4.898664186623213368e+01,1.000000000000000036e-10,1.618529066672743885e-04,-4.231709521820902817e-07
5.187500000000000444e-02,4.906250000000000194e-02,4.696703546712518573e+01,1.000000000000000036e-10,1.607291264591464031e-04,-1.248928859588431662e-06
5.312499999999999861e-02,4.906250000000000194e-02,4.496841370475347333e+01,1.000000000000000036e-10,1.585367736207200307e-04,-2.013384973352003263e-06
5.437499999999999972e-02,4.906250000000000194e-02,4.300361612660718436e+01,1.000000000000000036e-10,1.553833818218049536e-04,-2.680514347048869624e-06
5.562500000000000083e-02,4.906250000000000194e-02,4.108382915920834932e+01,1.000000000000000036e-10,1.514175791686107929e-04,-3.225902895807734768e-06
5.687500000000000194e-02,4.906250000000000194e-02,3.921817664739191400e+01,1.000000000000000036e-10,1.468123853084690939e-04,-3.637375498109348941e-06
5.812500000000000305e-02,4.906250000000000194e-02,3.741351952649662138e+01,1.000000000000000036e-10,1.417492145192118976e-04,-3.914007322782707796e-06
5.937500000000000416e-02,4.906250000000000194e-02,3.567444628441161569e+01,1.000000000000000036e-10,1.364040500826314188e-04,-4.063994832216620486e-06
6.062499999999999833e-02,4.906250000000000194e-02,3.400341827443083531e+01,1.000000000000000036e-10,1.309373573802937851e-04,-4.101415966607077751e-06
6.187499999999999944e-02,4.906250000000000194e-02,3.240101234990427059e+01,1.000000000000000036e-10,1.254883446740981704e-04,-4.043286326344171989e-06
6.312500000000000056e-02,4.906250000000000194e-02,3.086620965757838064e+01,1.000000000000000036e-10,1.201724732932529788e-04,-3.907709730760585840e-06
6.437500000000000167e-02,4.906250000000000194e-02,2.939670051757294544e+01,1.000000000000000036e-10,1.150808493634521189e-04,-3.712782970993088643e-06
6.562500000000000278e-02,4.906250000000000194e-02,2.798918842349207736e+01,1.000000000000000036e-10,1.102808403710787229e-04,-3.475749860424172554e-06
6.687500000000000389e-02,4.906250000000000194e-02,2.663967950829597697e+01,1.000000000000000036e-10,1.058177447552648441e-04,-3.212251252515442759e-06
6.812500000000000500e-02,4.906250000000000194e-02,2.534374480461045565e+01,1.000000000000000036e-10,1.017173608874436560e-04,-2.935749713099368749e-06
6.937500000000000611e-02,4.906250000000000194e-02,2.409674548610988509e+01,1.000000000000000036e-10,9.798915786802452023e-05,-2.657217210524720087e-06
7.062500000000000722e-02,4.906250000000000194e-02,2.289401585790984228e+01,1.000000000000000036e-10,9.462967649757997811e-05,-2.385094848811774554e-06
7.187500000000000833e-02,4.906250000000000194e-02,2.173100357367038526e+01,1.000000000000000036e-10,9.162582566449711796e-05,-2.125467916721674504e-06
7.312499999999999556e-02,4.906250000000000194e-02,2.060337021629741372e+01,1.000000000000000036e-10,8.895783905859358271e-05,-1.882374773730077434e-06
7.437499999999999667e-02,4.906250000000000194e-02,1.950705759720554511e+01,1.000000000000000036e-10,8.660176674747388232e-05,-1.658173934216335769e-06
7.562499999999999778e-02,4.906250000000000194e-02,1.843832604761056615e+01,1.000000000000000036e-10,8.453146582425118257e-05,-1.453913209737720296e-06
7.687499999999999889e-02,4.906250000000000194e-02,1.739377095159926512e+01,1.000000000000000036e-10,8.272011482459616866e-05,-1.269666138869638225e-06
7.812500000000000000e-02,4.906250000000000194e-02,1.637032317699566164e+01,1.000000000000000036e-10,8.114131028052738747e-05,-1.104818544880003839e-06
7.937500000000000111e-02,4.906250000000000194e-02,1.536523819458608031e+01,1.000000000000000036e-10,7.976981735652201170e-05,-9.583003623555438145e-07
8.062500000000000222e-02,4.906250000000000194e-02,1.437607774308261099e+01,1.000000000000000036e-10,7.858204707975735689e-05,-8.287653396824622365e-07
8.187500000000000333e-02,4.906250000000000194e-02,1.340068701759214598e+01,1.000000000000000036e-10,7.755632597978332854e-05,-7.147250399448522280e-07
8.312500000000000444e-02,4.906250000000000194e-02,1.243716959358802754e+01,1.000000000000000036e-10,7.667301403060689273e-05,-6.146449489274629664e-07
8.437500000000000555e-02,4.906250000000000194e-02,1.148386166682697329e+01,1.000000000000000036e-10,7.591451616628907802e-05,-5.270104425882493148e-07
8.562500000000000666e-02,4.906250000000000194e-02,1.053930668943080029e+01,1.000000000000000036e-10,7.526522271850651156e-05,-4.503695658873140085e-07
8.687500000000000777e-02,4.906250000000000194e-02,9.602231098864310255e+00,1.000000000000000036e-10,7.471140554718137773e-05,-3.833584767897945803e-07
8.812499999999999500e-02,4.906250000000000194e-02,8.671521550751265295e+00,1.000000000000000036e-10,7.424108959220559870e-05,-3.247142728997686751e-07
8.937499999999999611e-02,4.906250000000000194e-02,7.746203859059169972e+00,1.000000000000000036e-10,7.384391400455718414e-05,-2.732788772151905453e-07
9.062499999999999722e-02,4.906250000000000194e-02,6.825423700637335500e+00,1.000000000000000036e-10,7.351099274058141026e-05,-2.279967697219831001e-07
9.187499999999999833e-02,4.906250000000000194e-02,5.908429040544634248e+00,1.000000000000000036e-10,7.323478130682167309e-05,-1.879086246594141217e-07
9.312499999999999944e-02,4.906250000000000194e-02,4.994554167966793301e+00,1.000000000000000036e-10,7.300895401103494123e-05,-1.521423382512664958e-07
9.437500000000000056e-02,4.906250000000000194e-02,4.083205190268760276e+00,1.000000000000000036e-10,7.282829441778357056e-05,-1.199024878279430782e-07
9.562500000000000167e-02,4.906250000000000194e-02,3.173846807522203939e+00,1.000000000000000036e-10,7.268860056458416698e-05,-9.045892746744498147e-08
9.687500000000000278e-02,4.906250000000000194e-02,2.265990176154155655e+00,1.000000000000000036e-10,7.258660573790856195e-05,-6.313497579167658254e-08
9.812500000000000389e-02,4.906250000000000194e-02,1.359181664074489593e+00,1.000000000000000036e-10,7.251991513551263150e-05,-3.729546953625372471e-08
9.937500000000000500e-02,4.906250000000000194e-02,4.529922977663394801e-01,1.000000000000000036e-10,7.248695847363315406e-05,-1.233482667817309116e-08
6.250000000000000130e-04,4.968750000000000250e-02,9.954695620591493821e+01,1.000000000000000036e-10,7.249524646478049941e-05,4.119705585026166735e-09
1.874999999999999931e-03,4.968750000000000250e-02,9.864066263246554911e+01,1.000000000000000036e-10,7.252839843006027363e-05,1.245627705429796658e-08
3.125000000000000173e-03,4.968750000000000250e-02,9.773374624516343090e+01,1.000000000000000036e-10,7.259548357419474442e-05,2.108629501208269579e-08
4.375000000000000416e-03,4.968750000000000250e-02,9.682577554311068013e+01,1.000000000000000036e-10,7.269808006411890983e-05,3.021194994857977645e-08
5.624999999999999792e-03,4.968750000000000250e-02,9.591629424356045774e+01,1.000000000000000036e-10,7.283859455282138708e-05,4.004529440180703242e-08
6.875000000000000035e-03,4.968750000000000250e-02,9.500481067929014500e+01,1.000000000000000036e-10,7.302030958228327296e-05,5.081222032799813911e-08
8.125000000000000278e-03,4.968750000000000250e-02,9.409078650400337551e+01,1.000000000000000036e-10,7.324744689730492721e-05,6.275643718140598237e-08
9.374999999999999653e-03,4.968750000000000250e-02,9.317362450685752151e+01,1.000000000000000036e-10,7.352524657481125355e-05,7.614340157033436965e-08
1.062500000000000076e-02,4.968750000000000250e-02,9.225265533963309394e+01,1.000000000000000036e-10,7.386006158976441739e-05,9.126410590624798783e-08
1.187500000000000014e-02,4.968750000000000250e-02,9.132712296711341082e+01,1.000000000000000036e-10,7.425946694606351604e-05,1.084385722401748207e-07
1.312499999999999951e-02,4.968750000000000250e-02,9.039616866598150580e+01,1.000000000000000036e-10,7.473238171827118392e-05,1.280188138628090812e-07
1.437500000000000062e-02,4.968750000000000250e-02,8.945881342415663084e+01,1.000000000000000036e-10,7.528920117528625864e-05,1.503909146470049973e-07
1.562500000000000000e-02,4.968750000000000250e-02,8.851393863659934880e+01,1.000000000000000036e-10,7.594193445987511737e-05,1.759757276465733914e-07
1.687500000000000111e-02,4.968750000000000250e-02,8.756026506265975229e+01,1.000000000000000036e-10,7.670434091923651534e-05,2.052275020332671758e-07
1.812499999999999875e-02,4.968750000000000250e-02,8.659633011361843558e+01,1.000000000000000036e-10,7.759205493352680136e-05,2.386295051098840666e-07
1.937499999999999986e-02,4.968750000000000250e-02,8.562046368932158202e+01,1.000000000000000036e-10,7.862268476317011063e-05,2.766854097126269176e-07
2.062500000000000097e-02,4.968750000000000250e-02,8.463076299453918239e+01,1.000000000000000036e-10,7.981586532682682943e-05,3.199048721182861828e-07
2.187500000000000208e-02,4.968750000000000250e-02,8.362506705615091107e+01,1.000000000000000036e-10,8.119323777206430574e-05,3.687813505007396975e-07
2.312499999999999972e-02,4.968750000000000250e-02,8.260093205023757434e+01,1.000000000000000036e-10,8.277832018378488018e-05,4.237598553584120200e-07
2.437500000000000083e-02,4.968750000000000250e-02,8.155560905155628859e+01,1.000000000000000036e-10,8.459622403256841739e-05,4.851920690327914578e-07
2.562500000000000194e-02,4.968750000000000250e-02,8.048602644942336326e+01,1.000000000000000036e-10,8.667316071491482110e-05,5.532762721406924551e-07
2.687499999999999958e-02,4.968750000000000250e-02,7.938878003368341751e+01,1.000000000000000036e-10,8.903567326730464984e-05,6.279800040545068385e-07
2.812500000000000069e-02,4.968750000000000250e-02,7.826013461774074642e+01,1.000000000000000036e-10,9.170952265480819847e-05,7.089446896964090056e-07
2.937500000000000180e-02,4.968750000000000250e-02,7.709604196731321224e+01,1.000000000000000036e-10,9.471816000380497481e-05,7.953739848005625034e-07
3.062499999999999944e-02,4.968750000000000250e-02,7.589218061764562151e+01,1.000000000000000036e-10,9.808073137792288807e-05,8.859117022586814829e-07
3.187500000000000056e-02,4.968750000000000250e-02,7.464402368286513934e+01,1.000000000000000036e-10,1.018095967918389701e-04,9.785210047016331698e-07
3.312500000000000167e-02,4.968750000000000250e-02,7.334694069784964654e+01,1.000000000000000036e-10,1.059074058235449629e-04,1.070383511153067705e-06
3.437500000000000278e-02,4.968750000000000250e-02,7.199633853727651456e+01,1.000000000000000036e-10,1.103638591285823492e-04,1.157843141364764848e-06
3.562500000000000389e-02,4.968750000000000250e-02,7.058784421963508748e+01,1.000000000000000036e-10,1.151523874638172543e-04,1.236421026251264031e-06
3.687499999999999806e-02,4.968750000000000250e-02,6.911752885068108299e+01,1.000000000000000036e-10,1.202270682006723903e-04,1.300919342176029937e-06
3.812499999999999917e-02,4.968750000000000250e-02,6.758216751461827698e+01,1.000000000000000036e-10,1.255201285673569604e-04,1.345610841166262321e-06
3.937500000000000028e-02,4.968750000000000250e-02,6.597952563649715785e+01,1.000000000000000036e-10,1.309403245072115649e-04,1.364487128762448153e-06
4.062500000000000139e-02,4.968750000000000250e-02,6.430865940193798735e+01,1.000000000000000036e-10,1.363723889548674475e-04,1.351545095064920732e-06
4.187500000000000250e-02,4.968750000000000250e-02,6.257021591262547133e+01,1.000000000000000036e-10,1.416778088915796594e-04,1.301164873289053256e-06
4.312500000000000361e-02,4.968750000000000250e-02,6.076671417964849553e+01,1.000000000000000036e-10,1.466976063178461042e-04,1.208733839844739818e-06
4.437499999999999778e-02,4.968750000000000250e-02,5.890277575467931825e+01,1.000000000000000036e-10,1.512582877816973244e-04,1.071606892081149198e-06
4.562499999999999889e-02,4.968750000000000250e-02,5.698525698510606219e+01,1.000000000000000036e-10,1.551818036979605089e-04,8.901510660507480889e-07
4.687500000000000000e-02,4.968750000000000250e-02,5.502323066223030423e+01,1.000000000000000036e-10,1.582990071189058169e-04,6.684506444219094804e-07
4.812500000000000111e-02,4.968750000000000250e-02,5.302778180713341527e+01,1.000000000000000036e-10,1.604651445326362282e-04,4.146180624428551893e-07
4.937500000000000222e-02,4.968750000000000250e-02,5.101160204891439776e+01,1.000000000000000036e-10,1.615753542403458890e-04,1.404867914118312460e-07
5.062500000000000333e-02,4.968750000000000250e-02,4.898839795112476736e+01,1.000000000000000036e-10,1.615753542403478677e-04,-1.404867914106943954e-07
5.187500000000000444e-02,4.968750000000000250e-02,4.697221819290570011e+01,1.000000000000000036e-10,1.604651445326410529e-04,-4.146180624411498473e-07
5.312499999999999861e-02,4.968750000000000250e-02,4.497676933780874009e+01,1.000000000000000036e-10,1.582990071189155205e-04,-6.684506444213410154e-07
5.437499999999999972e-02,4.968750000000000250e-02,4.301474301493281160e+01,1.000000000000000036e-10,1.551818036979755793e-04,-8.901510660501797298e-07
5.562500000000000083e-02,4.968750000000000250e-02,4.109722424535934948e+01,1.000000000000000036e-10,1.512582877817143464e-04,-1.071606892080012268e-06
5.687500000000000194e-02,4.968750000000000250e-02,3.923328582038995194e+01,1.000000000000000036e-10,1.466976063178648338e-04,-1.208733839843034529e-06
5.812500000000000305e-02,4.968750000000000250e-02,3.742978408741272744e+01,1.000000000000000036e-10,1.416778088916006658e-04,-1.301164873288484686e-06
5.937500000000000416e-02,4.968750000000000250e-02,3.569134059809993431e+01,1.000000000000000036e-10,1.363723889548950133e-04,-1.351545095065489091e-06
6.062499999999999833e-02,4.968750000000000250e-02,3.402047436354035170e+01,1.000000000000000036e-10,1.309403245072436844e-04,-1.364487128761311223e-06
6.187499999999999944e-02,4.968750000000000250e-02,3.241783248541884177e+01,1.000000000000000036e-10,1.255201285673911127e-04,-1.345610841165693962e-06
6.312500000000000056e-02,4.968750000000000250e-02,3.088247114935557391e+01,1.000000000000000036e-10,1.202270682007104864e-04,-1.300919342175461367e-06
6.437500000000000167e-02,4.968750000000000250e-02,2.941215578040107914e+01,1.000000000000000036e-10,1.151523874638577492e-04,-1.236421026250695672e-06
6.562500000000000278e-02,4.968750000000000250e-02,2.800366146275912982e+01,1.000000000000000036e-10,1.103638591286282381e-04,-1.157843141364196277e-06
6.687500000000000389e-02,4.968750000000000250e-02,2.665305930218537256e+01,1.000000000000000036e-10,1.059074058235968420e-04,-1.070383511151646596e-06
6.812500000000000500e-02,4.968750000000000250e-02,2.535597631716920830e+01,1.000000000000000036e-10,1.018095967918911338e-04,-9.785210047002120603e-07
6.937500000000000611e-02,4.968750000000000250e-02,2.410781938238809374e+01,1.000000000000000036e-10,9.808073137797476714e-05,-8.859117022566919084e-07
7.062500000000000722e-02,4.968750000000000250e-02,2.290395803271983866e+01,1.000000000000000036e-10,9.471816000386040465e-05,-7.953739847997097530e-07
7.187500000000000833e-02,4.968750000000000250e-02,2.173986538229158327e+01,1.000000000000000036e-10,9.170952265486999799e-05,-7.089446896958405406e-07
7.312499999999999556e-02,4.968750000000000250e-02,2.061121996634808795e+01,1.000000000000000036e-10,8.903567326737173485e-05,-6.279800040539383735e-07
7.437499999999999667e-02,4.968750000000000250e-02,1.951397355060728955e+01,1.000000000000000036e-10,8.667316071498502319e-05,-5.532762721395555251e-07
7.562499999999999778e-02,4.968750000000000250e-02,1.844439094847346183e+01,1.000000000000000036e-10,8.459622403264203472e-05,-4.851920690316546338e-07
7.687499999999999889e-02,4.968750000000000250e-02,1.739906794979123816e+01,1.000000000000000036e-10,8.277832018386218379e-05,-4.237598553578436080e-07
7.812500000000000000e-02,4.968750000000000250e-02,1.637493294387690668e+01,1.000000000000000036e-10,8.119323777214800615e-05,-3.687813504996028205e-07
7.937500000000000111e-02,4.968750000000000250e-02,1.536923700548753757e+01,1.000000000000000036e-10,7.981586532691635743e-05,-3.199048721165808408e-07
8.062500000000000222e-02,4.968750000000000250e-02,1.437953631070399751e+01,1.000000000000000036e-10,7.862268476326127848e-05,-2.766854097109216814e-07
8.187500000000000333e-02,4.968750000000000250e-02,1.340366988640600532e+01,1.000000000000000036e-10,7.759205493362221115e-05,-2.386295051087471896e-07
8.312500000000000444e-02,4.968750000000000250e-02,1.243973493736344160e+01,1.000000000000000036e-10,7.670434091933868784e-05,-2.052275020331250596e-07
8.437500000000000555e-02,4.968750000000000250e-02,1.148606136342253770e+01,1.000000000000000036e-10,7.594193445998227720e-05,-1.759757276451523083e-07
8.562500000000000666e-02,4.968750000000000250e-02,1.054118657586388430e+01,1.000000000000000036e-10,7.528920117539888014e-05,-1.503909146467207913e-07
8.687500000000000777e-02,4.968750000000000250e-02,9.603831334037565171e+00,1.000000000000000036e-10,7.473238171838479476e-05,-1.280188138603932373e-07
8.812499999999999500e-02,4.968750000000000250e-02,8.672877032904263928e+00,1.000000000000000036e-10,7.425946694618330683e-05,-1.084385722398906015e-07
8.937499999999999611e-02,4.968750000000000250e-02,7.747344660382982084e+00,1.000000000000000036e-10,7.386006158989239390e-05,-9.126410590496902102e-08
9.062499999999999722e-02,4.968750000000000250e-02,6.826375493156954022e+00,1.000000000000000036e-10,7.352524657494341779e-05,-7.614340156948172511e-08
9.187499999999999833e-02,4.968750000000000250e-02,5.909213496009396493e+00,1.000000000000000036e-10,7.324744689744268865e-05,-6.275643718097966010e-08
9.312499999999999944e-02,4.968750000000000250e-02,4.995189320720886172e+00,1.000000000000000036e-10,7.302030958242588621e-05,-5.081222032742970059e-08
9.437500000000000056e-02,4.968750000000000250e-02,4.083705756448749113e+00,1.000000000000000036e-10,7.283859455297297210e-05,-4.004529439910696932e-08
9.562500000000000167e-02,4.968750000000000250e-02,3.174224456896561630e+00,1.000000000000000036e-10,7.269808006427771834e-05,-3.021194994861530552e-08
9.687500000000000278e-02,4.968750000000000250e-02,2.266253754841805801e+00,1.000000000000000036e-10,7.259548357435639896e-05,-2.108629501201164428e-08
9.812500000000000389e-02,4.968750000000000250e-02,1.359337367537651442e+00,1.000000000000000036e-10,7.252839843022645472e-05,-1.245627705294793503e-08
9.937500000000000500e-02,4.968750000000000250e-02,4.530437940861441470e-01,1.000000000000000036e-10,7.249524646495180335e-05,-4.119705584373355795e-09
