x_m,y_m,temperature_K,conductivity_W_mK,velocity_m_s,fluid_mask
1.250000000000000026e-03,1.250000000000000026e-04,3.328047891871122488e+02,1.500000000000000000e+01,0.000000000000000000e+00,0.000000000000000000e+00
3.749999999999999861e-03,1.250000000000000026e-04,3.329105696391869742e+02,1.500000000000000000e+01,0.000000000000000000e+00,0.000000000000000000e+00
6.250000000000000347e-03,1.250000000000000026e-04,3.329541919706622366e+02,1.500000000000000000e+01,0.000000000000000000e+00,0.000000000000000000e+00
8.750000000000000833e-03,1.250000000000000026e-04,3.329774675213285491e+02,1.500000000000000000e+01,0.000000000000000000e+00,0.000000000000000000e+00
1.124999999999999958e-02,1.250000000000000026e-04,3.329927113220028332e+02,1.500000000000000000e+01,0.000000000000000000e+00,0.000000000000000000e+00
1.375000000000000007e-02,1.250000000000000026e-04,3.330038326680301566e+02,1.500000000000000000e+01,0.000000000000000000e+00,0.000000000000000000e+00
1.625000000000000056e-02,1.250000000000000026e-04,3.330124781857823564e+02,1.500000000000000000e+01,0.000000000000000000e+00,0.000000000000000000e+00
1.874999999999999931e-02,1.250000000000000026e-04,3.330194900042486665e+02,1.500000000000000000e+01,0.000000000000000000e+00,0.000000000000000000e+00
2.125000000000000153e-02,1.250000000000000026e-04,3.330253547714022488e+02,1.500000000000000000e+01,0.000000000000000000e+00,0.000000000000000000e+00
2.375000000000000028e-02,1.250000000000000026e-04,3.330303781153818932e+02,1.500000000000000000e+01,0.000000000000000000e+00,0.000000000000000000e+00
2.624999999999999903e-02,1.250000000000000026e-04,3.330347639681184546e+02,1.500000000000000000e+01,0.000000000000000000e+00,0.000000000000000000e+00
2.875000000000000125e-02,1.250000000000000026e-04,3.330386547821896102e+02,1.500000000000000000e+01,0.000000000000000000e+00,0.000000000000000000e+00
3.125000000000000000e-02,1.250000000000000026e-04,3.330421536394982240e+02,1.500000000000000000e+01,0.000000000000000000e+00,0.000000000000000000e+00
3.375000000000000222e-02,1.250000000000000026e-04,3.330453372058451578e+02,1.500000000000000000e+01,0.000000000000000000e+00,0.000000000000000000e+00
3.624999999999999750e-02,1.250000000000000026e-04,3.330482637317161334e+02,1.500000000000000000e+01,0.000000000000000000e+00,0.000000000000000000e+00
3.874999999999999972e-02,1.250000000000000026e-04,3.330509782199711708e+02,1.500000000000000000e+01,0.000000000000000000e+00,0.000000000000000000e+00
4.125000000000000194e-02,1.250000000000000026e-04,3.330535158957643489e+02,1.500000000000000000e+01,0.000000000000000000e+00,0.000000000000000000e+00
4.375000000000000416e-02,1.250000000000000026e-04,3.330559046165225823e+02,1.500000000000000000e+01,0.000000000000000000e+00,0.000000000000000000e+00
4.624999999999999944e-02,1.250000000000000026e-04,3.330581665953441188e+02,1.500000000000000000e+01,0.000000000000000000e+00,0.000000000000000000e+00
4.875000000000000167e-02,1.250000000000000026e-04,3.330603196644457284e+02,1.500000000000000000e+01,0.000000000000000000e+00,0.000000000000000000e+00
5.125000000000000389e-02,1.250000000000000026e-04,3.330623782208862167e+02,1.500000000000000000e+01,0.000000000000000000e+00,0.000000000000000000e+00
5.374999999999999917e-02,1.250000000000000026e-04,3.330643539466518632e+02,1.500000000000000000e+01,0.000000000000000000e+00,0.000000000000000000e+00
5.625000000000000139e-02,1.250000000000000026e-04,3.330662563645388445e+02,1.500000000000000000e+01,0.000000000000000000e+00,0.000000000000000000e+00
5.875000000000000361e-02,1.250000000000000026e-04,3.330680932719865268e+02,1.500000000000000000e+01,0.000000000000000000e+00,0.000000000000000000e+00
6.124999999999999889e-02,1.250000000000000026e-04,3.330698710825646458e+02,1.500000000000000000e+01,0.000000000000000000e+00,0.000000000000000000e+00
6.375000000000000111e-02,1.250000000000000026e-04,3.330715950965587808e+02,1.500000000000000000e+01,0.000000000000000000e+00,0.000000000000000000e+00
6.625000000000000333e-02,1.250000000000000026e-04,3.330732697164714864e+02,1.500000000000000000e+01,0.000000000000000000e+00,0.000000000000000000e+00
6.875000000000000555e-02,1.250000000000000026e-04,3.330748986193185601e+02,1.500000000000000000e+01,0.000000000000000000e+00,0.000000000000000000e+00
7.125000000000000777e-02,1.250000000000000026e-04,3.330764848947981704e+02,1.500000000000000000e+01,0.000000000000000000e+00,0.000000000000000000e+00
7.374999999999999611e-02,1.250000000000000026e-04,3.330780311563396481e+02,1.500000000000000000e+01,0.000000000000000000e+00,0.000000000000000000e+00
7.624999999999999833e-02,1.250000000000000026e-04,3.330795396305142049e+02,1.500000000000000000e+01,0.000000000000000000e+00,0.000000000000000000e+00
7.875000000000000056e-02,1.250000000000000026e-04,3.330810122291190964e+02,1.500000000000000000e+01,0.000000000000000000e+00,0.000000000000000000e+00
8.125000000000000278e-02,1.250000000000000026e-04,3.330824506073579983e+02,1.500000000000000000e+01,0.000000000000000000e+00,0.000000000000000000e+00
8.375000000000000500e-02,1.250000000000000026e-04,3.330838562108326641e+02,1.500000000000000000e+01,0.000000000000000000e+00,0.000000000000000000e+00
8.625000000000000722e-02,1.250000000000000026e-04,3.330852303134790873e+02,1.500000000000000000e+01,0.000000000000000000e+00,0.000000000000000000e+00
8.874999999999999556e-02,1.250000000000000026e-04,3.330865740473275878e+02,1.500000000000000000e+01,0.000000000000000000e+00,0.000000000000000000e+00
9.124999999999999778e-02,1.250000000000000026e-04,3.330878884102066309e+02,1.500000000000000000e+01,0.000000000000000000e+00,0.000000000000000000e+00
9.375000000000000000e-02,1.250000000000000026e-04,3.330891739844240078e+02,1.500000000000000000e+01,0.000000000000000000e+00,0.000000000000000000e+00
9.625000000000000222e-02,1.250000000000000026e-04,3.330904258142684284e+02,1.500000000000000000e+01,0.000000000000000000e+00,0.000000000000000000e+00
9.875000000000000444e-02,1.250000000000000026e-04,3.330915544225485974e+02,1.500000000000000000e+01,0.000000000000000000e+00,0.000000000000000000e+00
1.250000000000000026e-03,3.750000000000000078e-04,3.321133097568160224e+02,1.500000000000000000e+01,0.000000000000000000e+00,0.000000000000000000e+00
3.749999999999999861e-03,3.750000000000000078e-04,3.324323304987669871e+02,1.500000000000000000e+01,0.000000000000000000e+00,0.000000000000000000e+00
6.250000000000000347e-03,3.750000000000000078e-04,3.325627793797947902e+02,1.500000000000000000e+01,0.000000000000000000e+00,0.000000000000000000e+00
8.750000000000000833e-03,3.750000000000000078e-04,3.326324828814853731e+02,1.500000000000000000e+01,0.000000000000000000e+00,0.000000000000000000e+00
1.124999999999999958e-02,3.750000000000000078e-04,3.326781751905551232e+02,1.500000000000000000e+01,0.000000000000000000e+00,0.000000000000000000e+00
1.375000000000000007e-02,3.750000000000000078e-04,3.327115227623731357e+02,1.500000000000000000e+01,0.000000000000000000e+00,0.000000000000000000e+00
1.625000000000000056e-02,3.750000000000000078e-04,3.327374508943398155e+02,1.500000000000000000e+01,0.000000000000000000e+00,0.000000000000000000e+00
1.874999999999999931e-02,3.750000000000000078e-04,3.327584814832592883e+02,1.500000000000000000e+01,0.000000000000000000e+00,0.000000000000000000e+00
2.125000000000000153e-02,3.750000000000000078e-04,3.327760727284386348e+02,1.500000000000000000e+01,0.000000000000000000e+00,0.000000000000000000e+00
2.375000000000000028e-02,3.750000000000000078e-04,3.327911407210582411e+02,1.500000000000000000e+01,0.000000000000000000e+00,0.000000000000000000e+00
2.624999999999999903e-02,3.750000000000000078e-04,3.328042968547417786e+02,1.500000000000000000e+01,0.000000000000000000e+00,0.000000000000000000e+00
2.875000000000000125e-02,3.750000000000000078e-04,3.328159682661363377e+02,1.500000000000000000e+01,0.000000000000000000e+00,0.000000000000000000e+00
3.125000000000000000e-02,3.750000000000000078e-04,3.328264640714044162e+02,1.500000000000000000e+01,0.000000000000000000e+00,0.000000000000000000e+00
3.375000000000000222e-02,3.750000000000000078e-04,3.328360141879402931e+02,1.500000000000000000e+01,0.000000000000000000e+00,0.000000000000000000e+00
3.624999999999999750e-02,3.750000000000000078e-04,3.328447933155246119e+02,1.500000000000000000e+01,0.000000000000000000e+00,0.000000000000000000e+00
3.874999999999999972e-02,3.750000000000000078e-04,3.328529364280382197e+02,1.500000000000000000e+01,0.000000000000000000e+00,0.000000000000000000e+00
4.125000000000000194e-02,3.750000000000000078e-04,3.328605491768433922e+02,1.500000000000000000e+01,0.000000000000000000e+00,0.000000000000000000e+00
4.375000000000000416e-02,3.750000000000000078e-04,3.328677151169872559e+02,1.500000000000000000e+01,0.000000000000000000e+00,0.000000000000000000e+00
4.624999999999999944e-02,3.750000000000000078e-04,3.328745008751297405e+02,1.500000000000000000e+01,0.000000000000000000e+00,0.000000000000000000e+00
4.875000000000000167e-02,3.750000000000000078e-04,3.328809599384642297e+02,1.500000000000000000e+01,0.000000000000000000e+00,0.000000000000000000e+00
5.125000000000000389e-02,3.750000000000000078e-04,3.328871354909654201e+02,1.500000000000000000e+01,0.000000000000000000e+00,0.000000000000000000e+00
5.374999999999999917e-02,3.750000000000000078e-04,3.328930625730342854e+02,1.500000000000000000e+01,0.000000000000000000e+00,0.000000000000000000e+00
5.625000000000000139e-02,3.750000000000000078e-04,3.328987697487210653e+02,1.500000000000000000e+01,0.000000000000000000e+00,0.000000000000000000e+00
5.875000000000000361e-02,3.750000000000000078e-04,3.329042804069284216e+02,1.500000000000000000e+01,0.000000000000000000e+00,0.000000000000000000e+00
6.124999999999999889e-02,3.750000000000000078e-04,3.329096137856596442e+02,1.500000000000000000e+01,0.000000000000000000e+00,0.000000000000000000e+00
6.375000000000000111e-02,3.750000000000000078e-04,3.329147857836171056e+02,1.500000000000000000e+01,0.000000000000000000e+00,0.000000000000000000e+00
6.625000000000000333e-02,3.750000000000000078e-04,3.329198096065849768e+02,1.500000000000000000e+01,0.000000000000000000e+00,0.000000000000000000e+00
6.875000000000000555e-02,3.750000000000000078e-04,3.329246962842294124e+02,1.500000000000000000e+01,0.000000000000000000e+00,0.000000000000000000e+00
7.125000000000000777e-02,3.750000000000000078e-04,3.329294550845339700e+02,1.500000000000000000e+01,0.000000000000000000e+00,0.000000000000000000e+00
7.374999999999999611e-02,3.750000000000000078e-04,3.329340938468926083e+02,1.500000000000000000e+01,0.000000000000000000e+00,0.000000000000000000e+00
7.624999999999999833e-02,3.750000000000000078e-04,3.329386192502980180e+02,1.500000000000000000e+01,0.000000000000000000e+00,0.000000000000000000e+00
7.875000000000000056e-02,3.750000000000000078e-04,3.329430370295608554e+02,1.500000000000000000e+01,0.000000000000000000e+00,0.000000000000000000e+00
8.125000000000000278e-02,3.750000000000000078e-04,3.329473521498217110e+02,1.500000000000000000e+01,0.000000000000000000e+00,0.000000000000000000e+00
8.375000000000000500e-02,3.750000000000000078e-04,3.329515689475064733e+02,1.500000000000000000e+01,0.000000000000000000e+00,0.000000000000000000e+00
8.625000000000000722e-02,3.750000000000000078e-04,3.329556912441253189e+02,1.500000000000000000e+01,0.000000000000000000e+00,0.000000000000000000e+00
8.874999999999999556e-02,3.750000000000000078e-04,3.329597224356925835e+02,1.500000000000000000e+01,0.000000000000000000e+00,0.000000000000000000e+00
9.124999999999999778e-02,3.750000000000000078e-04,3.329636655185064456e+02,1.500000000000000000e+01,0.000000000000000000e+00,0.000000000000000000e+00
9.375000000000000000e-02,3.750000000000000078e-04,3.329675222907157490e+02,1.500000000000000000e+01,0.000000000000000000e+00,0.000000000000000000e+00
9.625000000000000222e-02,3.750000000000000078e-04,3.329712786750209261e+02,1.500000000000000000e+01,0.000000000000000000e+00,0.000000000000000000e+00
9.875000000000000444e-02,3.750000000000000078e-04,3.329746745537285051e+02,1.500000000000000000e+01,0.000000000000000000e+00,0.000000000000000000e+00
1.250000000000000026e-03,6.250000000000000130e-04,3.314186401191003029e+02,1.500000000000000000e+01,0.000000000000000000e+00,0.000000000000000000e+00
3.749999999999999861e-03,6.250000000000000130e-04,3.319559770769562874e+02,1.500000000000000000e+01,0.000000000000000000e+00,0.000000000000000000e+00
6.250000000000000347e-03,6.250000000000000130e-04,3.321719742427206938e+02,1.500000000000000000e+01,0.000000000000000000e+00,0.000000000000000000e+00
8.750000000000000833e-03,6.250000000000000130e-04,3.322877383535684430e+02,1.500000000000000000e+01,0.000000000000000000e+00,0.000000000000000000e+00
1.124999999999999958e-02,6.250000000000000130e-04,3.323637625064798726e+02,1.500000000000000000e+01,0.000000000000000000e+00,0.000000000000000000e+00
1.375000000000000007e-02,6.250000000000000130e-04,3.324192870511148499e+02,1.500000000000000000e+01,0.000000000000000000e+00,0.000000000000000000e+00
1.625000000000000056e-02,6.250000000000000130e-04,3.324624725783277199e+02,1.500000000000000000e+01,0.000000000000000000e+00,0.000000000000000000e+00
1.874999999999999931e-02,6.250000000000000130e-04,3.324975073557073415e+02,1.500000000000000000e+01,0.000000000000000000e+00,0.000000000000000000e+00
2.125000000000000153e-02,6.250000000000000130e-04,3.325268159180005796e+02,1.500000000000000000e+01,0.000000000000000000e+00,0.000000000000000000e+00
2.375000000000000028e-02,6.250000000000000130e-04,3.325519224453238962e+02,1.500000000000000000e+01,0.000000000000000000e+00,0.000000000000000000e+00
2.624999999999999903e-02,6.250000000000000130e-04,3.325738445885880310e+02,1.500000000000000000e+01,0.000000000000000000e+00,0.000000000000000000e+00
2.875000000000000125e-02,6.250000000000000130e-04,3.325932935061443345e+02,1.500000000000000000e+01,0.000000000000000000e+00,0.000000000000000000e+00
3.125000000000000000e-02,6.250000000000000130e-04,3.326107839601978640e+02,1.500000000000000000e+01,0.000000000000000000e+00,0.000000000000000000e+00
3.375000000000000222e-02,6.250000000000000130e-04,3.326266988799249020e+02,1.500000000000000000e+01,0.000000000000000000e+00,0.000000000000000000e+00
3.624999999999999750e-02,6.250000000000000130e-04,3.326413292594839390e+02,1.500000000000000000e+01,0.000000000000000000e+00,0.000000000000000000e+00
3.874999999999999972e-02,6.250000000000000130e-04,3.326548999397424495e+02,1.500000000000000000e+01,0.000000000000000000e+00,0.000000000000000000e+00
4.125000000000000194e-02,6.250000000000000130e-04,3.326675869260091076e+02,1.500000000000000000e+01,0.000000000000000000e+00,0.000000000000000000e+00
4.375000000000000416e-02,6.250000000000000130e-04,3.326795294192720007e+02,1.500000000000000000e+01,0.000000000000000000e+00,0.000000000000000000e+00
4.624999999999999944e-02,6.250000000000000130e-04,3.326908384218634183e+02,1.500000000000000000e+01,0.000000000000000000e+00,0.000000000000000000e+00
4.875000000000000167e-02,6.250000000000000130e-04,3.327016030475908792e+02,1.500000000000000000e+01,0.000000000000000000e+00,0.000000000000000000e+00
5.125000000000000389e-02,6.250000000000000130e-04,3.327118952457491901e+02,1.500000000000000000e+01,0.000000000000000000e+00,0.000000000000000000e+00
5.374999999999999917e-02,6.250000000000000130e-04,3.327217733984805932e+02,1.500000000000000000e+01,0.000000000000000000e+00,0.000000000000000000e+00
5.625000000000000139e-02,6.250000000000000130e-04,3.327312850980781036e+02,1.500000000000000000e+01,0.000000000000000000e+00,0.000000000000000000e+00
5.875000000000000361e-02,6.250000000000000130e-04,3.327404693146650629e+02,1.500000000000000000e+01,0.000000000000000000e+00,0.000000000000000000e+00
6.124999999999999889e-02,6.250000000000000130e-04,3.327493581025625531e+02,1.500000000000000000e+01,0.000000000000000000e+00,0.000000000000000000e+00
6.375000000000000111e-02,6.250000000000000130e-04,3.327579779524255628e+02,1.500000000000000000e+01,0.000000000000000000e+00,0.000000000000000000e+00
6.625000000000000333e-02,6.250000000000000130e-04,3.327663508681517328e+02,1.500000000000000000e+01,0.000000000000000000e+00,0.000000000000000000e+00
6.875000000000000555e-02,6.250000000000000130e-04,3.327744952279136896e+02,1.500000000000000000e+01,0.000000000000000000e+00,0.000000000000000000e+00
7.125000000000000777e-02,6.250000000000000130e-04,3.327824264746492418e+02,1.500000000000000000e+01,0.000000000000000000e+00,0.000000000000000000e+00
7.374999999999999611e-02,6.250000000000000130e-04,3.327901576710352742e+02,1.500000000000000000e+01,0.000000000000000000e+00,0.000000000000000000e+00
7.624999999999999833e-02,6.250000000000000130e-04,3.327976999463231778e+02,1.500000000000000000e+01,0.000000000000000000e+00,0.000000000000000000e+00
7.875000000000000056e-02,6.250000000000000130e-04,3.328050628565927127e+02,1.500000000000000000e+01,0.000000000000000000e+00,0.000000000000000000e+00
8.125000000000000278e-02,6.250000000000000130e-04,3.328122546755112694e+02,1.500000000000000000e+01,0.000000000000000000e+00,0.000000000000000000e+00
8.375000000000000500e-02,6.250000000000000130e-04,3.328192826291908091e+02,1.500000000000000000e+01,0.000000000000000000e+00,0.000000000000000000e+00
8.625000000000000722e-02,6.250000000000000130e-04,3.328261530858219430e+02,1.500000000000000000e+01,0.000000000000000000e+00,0.000000000000000000e+00
8.874999999999999556e-02,6.250000000000000130e-04,3.328328717051449530e+02,1.500000000000000000e+01,0.000000000000000000e+00,0.000000000000000000e+00
9.124999999999999778e-02,6.250000000000000130e-04,3.328394434899123553e+02,1.500000000000000000e+01,0.000000000000000000e+00,0.000000000000000000e+00
9.375000000000000000e-02,6.250000000000000130e-04,3.328458716008864826e+02,1.500000000000000000e+01,0.000000000000000000e+00,0.000000000000000000e+00
9.625000000000000222e-02,6.250000000000000130e-04,3.328521351408294890e+02,1.500000000000000000e+01,0.000000000000000000e+00,0.000000000000000000e+00
9.875000000000000444e-02,6.250000000000000130e-04,3.328578286436954841e+02,1.500000000000000000e+01,0.000000000000000000e+00,0.000000000000000000e+00
1.250000000000000026e-03,8.750000000000000182e-04,3.307185971118059342e+02,1.500000000000000000e+01,0.000000000000000000e+00,0.000000000000000000e+00
3.749999999999999861e-03,8.750000000000000182e-04,3.314828370530665893e+02,1.500000000000000000e+01,0.000000000000000000e+00,0.000000000000000000e+00
6.250000000000000347e-03,8.750000000000000182e-04,3.317821714361956538e+02,1.500000000000000000e+01,0.000000000000000000e+00,0.000000000000000000e+00
8.750000000000000833e-03,8.750000000000000182e-04,3.319433912252309256e+02,1.500000000000000000e+01,0.000000000000000000e+00,0.000000000000000000e+00
1.124999999999999958e-02,8.750000000000000182e-04,3.320495548184874792e+02,1.500000000000000000e+01,0.000000000000000000e+00,0.000000000000000000e+00
1.375000000000000007e-02,8.750000000000000182e-04,3.321271747300305606e+02,1.500000000000000000e+01,0.000000000000000000e+00,0.000000000000000000e+00
1.625000000000000056e-02,8.750000000000000182e-04,3.321875757698139751e+02,1.500000000000000000e+01,0.000000000000000000e+00,0.000000000000000000e+00
1.874999999999999931e-02,8.750000000000000182e-04,3.322365904903062983e+02,1.500000000000000000e+01,0.000000000000000000e+00,0.000000000000000000e+00
2.125000000000000153e-02,8.750000000000000182e-04,3.322776011279122486e+02,1.500000000000000000e+01,0.000000000000000000e+00,0.000000000000000000e+00
2.375000000000000028e-02,8.750000000000000182e-04,3.323127360134301966e+02,1.500000000000000000e+01,0.000000000000000000e+00,0.000000000000000000e+00
2.624999999999999903e-02,8.750000000000000182e-04,3.323434170546913720e+02,1.500000000000000000e+01,0.000000000000000000e+00,0.000000000000000000e+00
2.875000000000000125e-02,8.750000000000000182e-04,3.323706383307874148e+02,1.500000000000000000e+01,0.000000000000000000e+00,0.000000000000000000e+00
3.125000000000000000e-02,8.750000000000000182e-04,3.323951196043346386e+02,1.500000000000000000e+01,0.000000000000000000e+00,0.000000000000000000e+00
3.375000000000000222e-02,8.750000000000000182e-04,3.324173964173113518e+02,1.500000000000000000e+01,0.000000000000000000e+00,0.000000000000000000e+00
3.624999999999999750e-02,8.750000000000000182e-04,3.324378758004362453e+02,1.500000000000000000e+01,0.000000000000000000e+00,0.000000000000000000e+00
3.874999999999999972e-02,8.750000000000000182e-04,3.324568722883866485e+02,1.500000000000000000e+01,0.000000000000000000e+00,0.000000000000000000e+00
4.125000000000000194e-02,8.750000000000000182e-04,3.324746321201048431e+02,1.500000000000000000e+01,0.000000000000000000e+00,0.000000000000000000e+00
4.375000000000000416e-02,8.750000000000000182e-04,3.324913500564634887e+02,1.500000000000000000e+01,0.000000000000000000e+00,0.000000000000000000e+00
4.624999999999999944e-02,8.750000000000000182e-04,3.325071814123657532e+02,1.500000000000000000e+01,0.000000000000000000e+00,0.000000000000000000e+00
4.875000000000000167e-02,8.750000000000000182e-04,3.325222508809933402e+02,1.500000000000000000e+01,0.000000000000000000e+00,0.000000000000000000e+00
5.125000000000000389e-02,8.750000000000000182e-04,3.325366591409871262e+02,1.500000000000000000e+01,0.000000000000000000e+00,0.000000000000000000e+00
5.374999999999999917e-02,8.750000000000000182e-04,3.325504878884582354e+02,1.500000000000000000e+01,0.000000000000000000e+00,0.000000000000000000e+00
5.625000000000000139e-02,8.750000000000000182e-04,3.325638037222652201e+02,1.500000000000000000e+01,0.000000000000000000e+00,0.000000000000000000e+00
5.875000000000000361e-02,8.750000000000000182e-04,3.325766611766887308e+02,1.500000000000000000e+01,0.000000000000000000e+00,0.000000000000000000e+00
6.124999999999999889e-02,8.750000000000000182e-04,3.325891051088457289e+02,1.500000000000000000e+01,0.000000000000000000e+00,0.000000000000000000e+00
6.375000000000000111e-02,8.750000000000000182e-04,3.326011725905754588e+02,1.500000000000000000e+01,0.000000000000000000e+00,0.000000000000000000e+00
6.625000000000000333e-02,8.750000000000000182e-04,3.326128944152781060e+02,1.500000000000000000e+01,0.000000000000000000e+00,0.000000000000000000e+00
6.875000000000000555e-02,8.750000000000000182e-04,3.326242963027282258e+02,1.500000000000000000e+01,0.000000000000000000e+00,0.000000000000000000e+00
7.125000000000000777e-02,8.750000000000000182e-04,3.326353998652680275e+02,1.500000000000000000e+01,0.000000000000000000e+00,0.000000000000000000e+00
7.374999999999999611e-02,8.750000000000000182e-04,3.326462233843886906e+02,1.500000000000000000e+01,0.000000000000000000e+00,0.000000000000000000e+00
7.624999999999999833e-02,8.750000000000000182e-04,3.326567824359984797e+02,1.500000000000000000e+01,0.000000000000000000e+00,0.000000000000000000e+00
7.875000000000000056e-02,8.750000000000000182e-04,3.326670903945380360e+02,1.500000000000000000e+01,0.000000000000000000e+00,0.000000000000000000e+00
8.125000000000000278e-02,8.750000000000000182e-04,3.326771588398532344e+02,1.500000000000000000e+01,0.000000000000000000e+00,0.000000000000000000e+00
8.375000000000000500e-02,8.750000000000000182e-04,3.326869978858456989e+02,1.500000000000000000e+01,0.000000000000000000e+00,0.000000000000000000e+00
8.625000000000000722e-02,8.750000000000000182e-04,3.326966164458916637e+02,1.500000000000000000e+01,0.000000000000000000e+00,0.000000000000000000e+00
8.874999999999999556e-02,8.750000000000000182e-04,3.327060224429428672e+02,1.500000000000000000e+01,0.000000000000000000e+00,0.000000000000000000e+00
9.124999999999999778e-02,8.750000000000000182e-04,3.327152228980561404e+02,1.500000000000000000e+01,0.000000000000000000e+00,0.000000000000000000e+00
9.375000000000000000e-02,8.750000000000000182e-04,3.327242225567674723e+02,1.500000000000000000e+01,0.000000000000000000e+00,0.000000000000000000e+00
9.625000000000000222e-02,8.750000000000000182e-04,3.327329973070089864e+02,1.500000000000000000e+01,0.000000000000000000e+00,0.000000000000000000e+00
9.875000000000000444e-02,8.750000000000000182e-04,3.327410396686910872e+02,1.500000000000000000e+01,0.000000000000000000e+00,0.000000000000000000e+00
1.250000000000000026e-03,1.125000000000000132e-03,3.215186868246157132e+02,5.999999999999999778e-01,7.303370786516853817e-04,1.000000000000000000e+00
3.749999999999999861e-03,1.125000000000000132e-03,3.253924544650573694e+02,5.999999999999999778e-01,7.303370786516853817e-04,1.000000000000000000e+00
6.250000000000000347e-03,1.125000000000000132e-03,3.267326898486024902e+02,5.999999999999999778e-01,7.303370786516853817e-04,1.000000000000000000e+00
8.750000000000000833e-03,1.125000000000000132e-03,3.274740358622944427e+02,5.999999999999999778e-01,7.303370786516853817e-04,1.000000000000000000e+00
1.124999999999999958e-02,1.125000000000000132e-03,3.279685655532080091e+02,5.999999999999999778e-01,7.303370786516853817e-04,1.000000000000000000e+00
1.375000000000000007e-02,1.125000000000000132e-03,3.283319530092642822e+02,5.999999999999999778e-01,7.303370786516853817e-04,1.000000000000000000e+00
1.625000000000000056e-02,1.125000000000000132e-03,3.286153974806447877e+02,5.999999999999999778e-01,7.303370786516853817e-04,1.000000000000000000e+00
1.874999999999999931e-02,1.125000000000000132e-03,3.288457117708672968e+02,5.999999999999999778e-01,7.303370786516853817e-04,1.000000000000000000e+00
2.125000000000000153e-02,1.125000000000000132e-03,3.290385727045356816e+02,5.999999999999999778e-01,7.303370786516853817e-04,1.000000000000000000e+00
2.375000000000000028e-02,1.125000000000000132e-03,3.292038913985649629e+02,5.999999999999999778e-01,7.303370786516853817e-04,1.000000000000000000e+00
2.624999999999999903e-02,1.125000000000000132e-03,3.293483088835070021e+02,5.999999999999999778e-01,7.303370786516853817e-04,1.000000000000000000e+00
2.875000000000000125e-02,1.125000000000000132e-03,3.294764772514789115e+02,5.999999999999999778e-01,7.303370786516853817e-04,1.000000000000000000e+00
3.125000000000000000e-02,1.125000000000000132e-03,3.295917695579878455e+02,5.999999999999999778e-01,7.303370786516853817e-04,1.000000000000000000e+00
3.375000000000000222e-02,1.125000000000000132e-03,3.296966980692170637e+02,5.999999999999999778e-01,7.303370786516853817e-04,1.000000000000000000e+00
3.624999999999999750e-02,1.125000000000000132e-03,3.297931736091890684e+02,5.999999999999999778e-01,7.303370786516853817e-04,1.000000000000000000e+00
3.874999999999999972e-02,1.125000000000000132e-03,3.298826735860712915e+02,5.999999999999999778e-01,7.303370786516853817e-04,1.000000000000000000e+00
4.125000000000000194e-02,1.125000000000000132e-03,3.299663550897460595e+02,5.999999999999999778e-01,7.303370786516853817e-04,1.000000000000000000e+00
4.375000000000000416e-02,1.125000000000000132e-03,3.300451335954122101e+02,5.999999999999999778e-01,7.303370786516853817e-04,1.000000000000000000e+00
4.624999999999999944e-02,1.125000000000000132e-03,3.301197393342418422e+02,5.999999999999999778e-01,7.303370786516853817e-04,1.000000000000000000e+00
4.875000000000000167e-02,1.125000000000000132e-03,3.301907586723482950e+02,5.999999999999999778e-01,7.303370786516853817e-04,1.000000000000000000e+00
5.125000000000000389e-02,1.125000000000000132e-03,3.302586651157085953e+02,5.999999999999999778e-01,7.303370786516853817e-04,1.000000000000000000e+00
5.374999999999999917e-02,1.125000000000000132e-03,3.303238429369437767e+02,5.999999999999999778e-01,7.303370786516853817e-04,1.000000000000000000e+00
5.625000000000000139e-02,1.125000000000000132e-03,3.303866054260180931e+02,5.999999999999999778e-01,7.303370786516853817e-04,1.000000000000000000e+00
5.875000000000000361e-02,1.125000000000000132e-03,3.304472091408911751e+02,5.999999999999999778e-01,7.303370786516853817e-04,1.000000000000000000e+00
6.124999999999999889e-02,1.125000000000000132e-03,3.305058651290824514e+02,5.999999999999999778e-01,7.303370786516853817e-04,1.000000000000000000e+00
6.375000000000000111e-02,1.125000000000000132e-03,3.305627478219372506e+02,5.999999999999999778e-01,7.303370786516853817e-04,1.000000000000000000e+00
6.625000000000000333e-02,1.125000000000000132e-03,3.306180021197647534e+02,5.999999999999999778e-01,7.303370786516853817e-04,1.000000000000000000e+00
6.875000000000000555e-02,1.125000000000000132e-03,3.306717490575560419e+02,5.999999999999999778e-01,7.303370786516853817e-04,1.000000000000000000e+00
7.125000000000000777e-02,1.125000000000000132e-03,3.307240903489567927e+02,5.999999999999999778e-01,7.303370786516853817e-04,1.000000000000000000e+00
7.374999999999999611e-02,1.125000000000000132e-03,3.307751120387607671e+02,5.999999999999999778e-01,7.303370786516853817e-04,1.000000000000000000e+00
7.624999999999999833e-02,1.125000000000000132e-03,3.308248874438764915e+02,5.999999999999999778e-01,7.303370786516853817e-04,1.000000000000000000e+00
7.875000000000000056e-02,1.125000000000000132e-03,3.308734795245464966e+02,5.999999999999999778e-01,7.303370786516853817e-04,1.000000000000000000e+00
8.125000000000000278e-02,1.125000000000000132e-03,3.309209427982102056e+02,5.999999999999999778e-01,7.303370786516853817e-04,1.000000000000000000e+00
8.375000000000000500e-02,1.125000000000000132e-03,3.309673248855317524e+02,5.999999999999999778e-01,7.303370786516853817e-04,1.000000000000000000e+00
8.625000000000000722e-02,1.125000000000000132e-03,3.310126677599861296e+02,5.999999999999999778e-01,7.303370786516853817e-04,1.000000000000000000e+00
8.874999999999999556e-02,1.125000000000000132e-03,3.310570087547675371e+02,5.999999999999999778e-01,7.303370786516853817e-04,1.000000000000000000e+00
9.124999999999999778e-02,1.125000000000000132e-03,3.311003813074577238e+02,5.999999999999999778e-01,7.303370786516853817e-04,1.000000000000000000e+00
9.375000000000000000e-02,1.125000000000000132e-03,3.311428142213208048e+02,5.999999999999999778e-01,7.303370786516853817e-04,1.000000000000000000e+00
9.625000000000000222e-02,1.125000000000000132e-03,3.311843006778543099e+02,5.999999999999999778e-01,7.303370786516853817e-04,1.000000000000000000e+00
9.875000000000000444e-02,1.125000000000000132e-03,3.312238285006529850e+02,5.999999999999999778e-01,7.303370786516853817e-04,1.000000000000000000e+00
1.250000000000000026e-03,1.374999999999999920e-03,3.079636953060976907e+02,5.999999999999999778e-01,2.078651685393258144e-03,1.000000000000000000e+00
3.749999999999999861e-03,1.374999999999999920e-03,3.141982602746294901e+02,5.999999999999999778e-01,2.078651685393258144e-03,1.000000000000000000e+00
6.250000000000000347e-03,1.374999999999999920e-03,3.171986156704464292e+02,5.999999999999999778e-01,2.078651685393258144e-03,1.000000000000000000e+00
8.750000000000000833e-03,1.374999999999999920e-03,3.189758893566282723e+02,5.999999999999999778e-01,2.078651685393258144e-03,1.000000000000000000e+00
1.124999999999999958e-02,1.374999999999999920e-03,3.201847250580746618e+02,5.999999999999999778e-01,2.078651685393258144e-03,1.000000000000000000e+00
1.375000000000000007e-02,1.374999999999999920e-03,3.210804721504553640e+02,5.999999999999999778e-01,2.078651685393258144e-03,1.000000000000000000e+00
1.625000000000000056e-02,1.374999999999999920e-03,3.217824093923572377e+02,5.999999999999999778e-01,2.078651685393258144e-03,1.000000000000000000e+00
1.874999999999999931e-02,1.374999999999999920e-03,3.223544617541036246e+02,5.999999999999999778e-01,2.078651685393258144e-03,1.000000000000000000e+00
2.125000000000000153e-02,1.374999999999999920e-03,3.228344792957415166e+02,5.999999999999999778e-01,2.078651685393258144e-03,1.000000000000000000e+00
2.375000000000000028e-02,1.374999999999999920e-03,3.232465816741741946e+02,5.999999999999999778e-01,2.078651685393258144e-03,1.000000000000000000e+00
2.624999999999999903e-02,1.374999999999999920e-03,3.236070179267264848e+02,5.999999999999999778e-01,2.078651685393258144e-03,1.000000000000000000e+00
2.875000000000000125e-02,1.374999999999999920e-03,3.239272146932167971e+02,5.999999999999999778e-01,2.078651685393258144e-03,1.000000000000000000e+00
3.125000000000000000e-02,1.374999999999999920e-03,3.242154806390726662e+02,5.999999999999999778e-01,2.078651685393258144e-03,1.000000000000000000e+00
3.375000000000000222e-02,1.374999999999999920e-03,3.244780173369832141e+02,5.999999999999999778e-01,2.078651685393258144e-03,1.000000000000000000e+00
3.624999999999999750e-02,1.374999999999999920e-03,3.247195493372390729e+02,5.999999999999999778e-01,2.078651685393258144e-03,1.000000000000000000e+00
3.874999999999999972e-02,1.374999999999999920e-03,3.249437340815460971e+02,5.999999999999999778e-01,2.078651685393258144e-03,1.000000000000000000e+00
4.125000000000000194e-02,1.374999999999999920e-03,3.251534387645677953e+02,5.999999999999999778e-01,2.078651685393258144e-03,1.000000000000000000e+00
4.375000000000000416e-02,1.374999999999999920e-03,3.253509335534074580e+02,5.999999999999999778e-01,2.078651685393258144e-03,1.000000000000000000e+00
4.624999999999999944e-02,1.374999999999999920e-03,3.255380303105475832e+02,5.999999999999999778e-01,2.078651685393258144e-03,1.000000000000000000e+00
4.875000000000000167e-02,1.374999999999999920e-03,3.257161846249229029e+02,5.999999999999999778e-01,2.078651685393258144e-03,1.000000000000000000e+00
5.125000000000000389e-02,1.374999999999999920e-03,3.258865723860378694e+02,5.999999999999999778e-01,2.078651685393258144e-03,1.000000000000000000e+00
5.374999999999999917e-02,1.374999999999999920e-03,3.260501482113942870e+02,5.999999999999999778e-01,2.078651685393258144e-03,1.000000000000000000e+00
5.625000000000000139e-02,1.374999999999999920e-03,3.262076906254016535e+02,5.999999999999999778e-01,2.078651685393258144e-03,1.000000000000000000e+00
5.875000000000000361e-02,1.374999999999999920e-03,3.263598373645456832e+02,5.999999999999999778e-01,2.078651685393258144e-03,1.000000000000000000e+00
6.124999999999999889e-02,1.374999999999999920e-03,3.265071131953882286e+02,5.999999999999999778e-01,2.078651685393258144e-03,1.000000000000000000e+00
6.375000000000000111e-02,1.374999999999999920e-03,3.266499519737265018e+02,5.999999999999999778e-01,2.078651685393258144e-03,1.000000000000000000e+00
6.625000000000000333e-02,1.374999999999999920e-03,3.267887142232175961e+02,5.999999999999999778e-01,2.078651685393258144e-03,1.000000000000000000e+00
6.875000000000000555e-02,1.374999999999999920e-03,3.269237011962285351e+02,5.999999999999999778e-01,2.078651685393258144e-03,1.000000000000000000e+00
7.125000000000000777e-02,1.374999999999999920e-03,3.270551661531670788e+02,5.999999999999999778e-01,2.078651685393258144e-03,1.000000000000000000e+00
7.374999999999999611e-02,1.374999999999999920e-03,3.271833234303753102e+02,5.999999999999999778e-01,2.078651685393258144e-03,1.000000000000000000e+00
7.624999999999999833e-02,1.374999999999999920e-03,3.273083557424441210e+02,5.999999999999999778e-01,2.078651685393258144e-03,1.000000000000000000e+00
7.875000000000000056e-02,1.374999999999999920e-03,3.274304200704164032e+02,5.999999999999999778e-01,2.078651685393258144e-03,1.000000000000000000e+00
8.125000000000000278e-02,1.374999999999999920e-03,3.275496524146386150e+02,5.999999999999999778e-01,2.078651685393258144e-03,1.000000000000000000e+00
8.375000000000000500e-02,1.374999999999999920e-03,3.276661716343970170e+02,5.999999999999999778e-01,2.078651685393258144e-03,1.000000000000000000e+00
8.625000000000000722e-02,1.374999999999999920e-03,3.277800825518853571e+02,5.999999999999999778e-01,2.078651685393258144e-03,1.000000000000000000e+00
8.874999999999999556e-02,1.374999999999999920e-03,3.278914784607637785e+02,5.999999999999999778e-01,2.078651685393258144e-03,1.000000000000000000e+00
9.124999999999999778e-02,1.374999999999999920e-03,3.280004431114880390e+02,5.999999999999999778e-01,2.078651685393258144e-03,1.000000000000000000e+00
9.375000000000000000e-02,1.374999999999999920e-03,3.281070512925711000e+02,5.999999999999999778e-01,2.078651685393258144e-03,1.000000000000000000e+00
9.625000000000000222e-02,1.374999999999999920e-03,3.282113346086265437e+02,5.999999999999999778e-01,2.078651685393258144e-03,1.000000000000000000e+00
9.875000000000000444e-02,1.374999999999999920e-03,3.283115379480565252e+02,5.999999999999999778e-01,2.078651685393258144e-03,1.000000000000000000e+00
1.250000000000000026e-03,1.625000000000000142e-03,3.000056613418652205e+02,5.999999999999999778e-01,3.277153558052434221e-03,1.000000000000000000e+00
3.749999999999999861e-03,1.625000000000000142e-03,3.052935191771974246e+02,5.999999999999999778e-01,3.277153558052434221e-03,1.000000000000000000e+00
6.250000000000000347e-03,1.625000000000000142e-03,3.087629964796045670e+02,5.999999999999999778e-01,3.277153558052434221e-03,1.000000000000000000e+00
8.750000000000000833e-03,1.625000000000000142e-03,3.111268568850812244e+02,5.999999999999999778e-01,3.277153558052434221e-03,1.000000000000000000e+00
1.124999999999999958e-02,1.625000000000000142e-03,3.128416524564891574e+02,5.999999999999999778e-01,3.277153558052434221e-03,1.000000000000000000e+00
1.375000000000000007e-02,1.625000000000000142e-03,3.141552183538862550e+02,5.999999999999999778e-01,3.277153558052434221e-03,1.000000000000000000e+00
1.625000000000000056e-02,1.625000000000000142e-03,3.152048437807565051e+02,5.999999999999999778e-01,3.277153558052434221e-03,1.000000000000000000e+00
1.874999999999999931e-02,1.625000000000000142e-03,3.160712332518978656e+02,5.999999999999999778e-01,3.277153558052434221e-03,1.000000000000000000e+00
2.125000000000000153e-02,1.625000000000000142e-03,3.168048466701098391e+02,5.999999999999999778e-01,3.277153558052434221e-03,1.000000000000000000e+00
2.375000000000000028e-02,1.625000000000000142e-03,3.174389827913989848e+02,5.999999999999999778e-01,3.277153558052434221e-03,1.000000000000000000e+00
2.624999999999999903e-02,1.625000000000000142e-03,3.179966187627928775e+02,5.999999999999999778e-01,3.277153558052434221e-03,1.000000000000000000e+00
2.875000000000000125e-02,1.625000000000000142e-03,3.184941928661606880e+02,5.999999999999999778e-01,3.277153558052434221e-03,1.000000000000000000e+00
3.125000000000000000e-02,1.625000000000000142e-03,3.189438104620426770e+02,5.999999999999999778e-01,3.277153558052434221e-03,1.000000000000000000e+00
3.375000000000000222e-02,1.625000000000000142e-03,3.193545932942794821e+02,5.999999999999999778e-01,3.277153558052434221e-03,1.000000000000000000e+00
3.624999999999999750e-02,1.625000000000000142e-03,3.197335408111623565e+02,5.999999999999999778e-01,3.277153558052434221e-03,1.000000000000000000e+00
3.874999999999999972e-02,1.625000000000000142e-03,3.200861013920402911e+02,5.999999999999999778e-01,3.277153558052434221e-03,1.000000000000000000e+00
4.125000000000000194e-02,1.625000000000000142e-03,3.204165643095768132e+02,5.999999999999999778e-01,3.277153558052434221e-03,1.000000000000000000e+00
4.375000000000000416e-02,1.625000000000000142e-03,3.207283368925668583e+02,5.999999999999999778e-01,3.277153558052434221e-03,1.000000000000000000e+00
4.624999999999999944e-02,1.625000000000000142e-03,3.210241456936295208e+02,5.999999999999999778e-01,3.277153558052434221e-03,1.000000000000000000e+00
4.875000000000000167e-02,1.625000000000000142e-03,3.213061857764133151e+02,5.999999999999999778e-01,3.277153558052434221e-03,1.000000000000000000e+00
5.125000000000000389e-02,1.625000000000000142e-03,3.215762335695780507e+02,5.999999999999999778e-01,3.277153558052434221e-03,1.000000000000000000e+00
5.374999999999999917e-02,1.625000000000000142e-03,3.218357334762076789e+02,5.999999999999999778e-01,3.277153558052434221e-03,1.000000000000000000e+00
5.625000000000000139e-02,1.625000000000000142e-03,3.220858651507997479e+02,5.999999999999999778e-01,3.277153558052434221e-03,1.000000000000000000e+00
5.875000000000000361e-02,1.625000000000000142e-03,3.223275962604764118e+02,5.999999999999999778e-01,3.277153558052434221e-03,1.000000000000000000e+00
6.124999999999999889e-02,1.625000000000000142e-03,3.225617241715404475e+02,5.999999999999999778e-01,3.277153558052434221e-03,1.000000000000000000e+00
6.375000000000000111e-02,1.625000000000000142e-03,3.227889090758646375e+02,5.999999999999999778e-01,3.277153558052434221e-03,1.000000000000000000e+00
6.625000000000000333e-02,1.625000000000000142e-03,3.230097004312758600e+02,5.999999999999999778e-01,3.277153558052434221e-03,1.000000000000000000e+00
6.875000000000000555e-02,1.625000000000000142e-03,3.232245581366298097e+02,5.999999999999999778e-01,3.277153558052434221e-03,1.000000000000000000e+00
7.125000000000000777e-02,1.625000000000000142e-03,3.234338695338003618e+02,5.999999999999999778e-01,3.277153558052434221e-03,1.000000000000000000e+00
7.374999999999999611e-02,1.625000000000000142e-03,3.236379630859039480e+02,5.999999999999999778e-01,3.277153558052434221e-03,1.000000000000000000e+00
7.624999999999999833e-02,1.625000000000000142e-03,3.238371193982511045e+02,5.999999999999999778e-01,3.277153558052434221e-03,1.000000000000000000e+00
7.875000000000000056e-02,1.625000000000000142e-03,3.240315801087929231e+02,5.999999999999999778e-01,3.277153558052434221e-03,1.000000000000000000e+00
8.125000000000000278e-02,1.625000000000000142e-03,3.242215550667065713e+02,5.999999999999999778e-01,3.277153558052434221e-03,1.000000000000000000e+00
8.375000000000000500e-02,1.625000000000000142e-03,3.244072281332510101e+02,5.999999999999999778e-01,3.277153558052434221e-03,1.000000000000000000e+00
8.625000000000000722e-02,1.625000000000000142e-03,3.245887618723789956e+02,5.999999999999999778e-01,3.277153558052434221e-03,1.000000000000000000e+00
8.874999999999999556e-02,1.625000000000000142e-03,3.247663013446672835e+02,5.999999999999999778e-01,3.277153558052434221e-03,1.000000000000000000e+00
9.124999999999999778e-02,1.625000000000000142e-03,3.249399771526890959e+02,5.999999999999999778e-01,3.277153558052434221e-03,1.000000000000000000e+00
9.375000000000000000e-02,1.625000000000000142e-03,3.251099071679170720e+02,5.999999999999999778e-01,3.277153558052434221e-03,1.000000000000000000e+00
9.625000000000000222e-02,1.625000000000000142e-03,3.252761632194578851e+02,5.999999999999999778e-01,3.277153558052434221e-03,1.000000000000000000e+00
9.875000000000000444e-02,1.625000000000000142e-03,3.254365262277219131e+02,5.999999999999999778e-01,3.277153558052434221e-03,1.000000000000000000e+00
1.250000000000000026e-03,1.874999999999999931e-03,2.960448740981940432e+02,5.999999999999999778e-01,4.325842696629212530e-03,1.000000000000000000e+00
3.749999999999999861e-03,1.874999999999999931e-03,2.994251173209136141e+02,5.999999999999999778e-01,4.325842696629212530e-03,1.000000000000000000e+00
6.250000000000000347e-03,1.874999999999999931e-03,3.023187101795727472e+02,5.999999999999999778e-01,4.325842696629212530e-03,1.000000000000000000e+00
8.750000000000000833e-03,1.874999999999999931e-03,3.046335378198385229e+02,5.999999999999999778e-01,4.325842696629212530e-03,1.000000000000000000e+00
1.124999999999999958e-02,1.874999999999999931e-03,3.064813475827339175e+02,5.999999999999999778e-01,4.325842696629212530e-03,1.000000000000000000e+00
1.375000000000000007e-02,1.874999999999999931e-03,3.079823491664122912e+02,5.999999999999999778e-01,4.325842696629212530e-03,1.000000000000000000e+00
1.625000000000000056e-02,1.874999999999999931e-03,3.092282061901953512e+02,5.999999999999999778e-01,4.325842696629212530e-03,1.000000000000000000e+00
1.874999999999999931e-02,1.874999999999999931e-03,3.102838424182583594e+02,5.999999999999999778e-01,4.325842696629212530e-03,1.000000000000000000e+00
2.125000000000000153e-02,1.874999999999999931e-03,3.111949340167467426e+02,5.999999999999999778e-01,4.325842696629212530e-03,1.000000000000000000e+00
2.375000000000000028e-02,1.874999999999999931e-03,3.119940953619977790e+02,5.999999999999999778e-01,4.325842696629212530e-03,1.000000000000000000e+00
2.624999999999999903e-02,1.874999999999999931e-03,3.127051026091397148e+02,5.999999999999999778e-01,4.325842696629212530e-03,1.000000000000000000e+00
2.875000000000000125e-02,1.874999999999999931e-03,3.133456514286282300e+02,5.999999999999999778e-01,4.325842696629212530e-03,1.000000000000000000e+00
3.125000000000000000e-02,1.874999999999999931e-03,3.139291572776145927e+02,5.999999999999999778e-01,4.325842696629212530e-03,1.000000000000000000e+00
3.375000000000000222e-02,1.874999999999999931e-03,3.144659504962567098e+02,5.999999999999999778e-01,4.325842696629212530e-03,1.000000000000000000e+00
3.624999999999999750e-02,1.874999999999999931e-03,3.149640883740150343e+02,5.999999999999999778e-01,4.325842696629212530e-03,1.000000000000000000e+00
3.874999999999999972e-02,1.874999999999999931e-03,3.154299210032255587e+02,5.999999999999999778e-01,4.325842696629212530e-03,1.000000000000000000e+00
4.125000000000000194e-02,1.874999999999999931e-03,3.158684953785447078e+02,5.999999999999999778e-01,4.325842696629212530e-03,1.000000000000000000e+00
4.375000000000000416e-02,1.874999999999999931e-03,3.162838505908761135e+02,5.999999999999999778e-01,4.325842696629212530e-03,1.000000000000000000e+00
4.624999999999999944e-02,1.874999999999999931e-03,3.166792378228653888e+02,5.999999999999999778e-01,4.325842696629212530e-03,1.000000000000000000e+00
4.875000000000000167e-02,1.874999999999999931e-03,3.170572871258906389e+02,5.999999999999999778e-01,4.325842696629212530e-03,1.000000000000000000e+00
5.125000000000000389e-02,1.874999999999999931e-03,3.174201356569991503e+02,5.999999999999999778e-01,4.325842696629212530e-03,1.000000000000000000e+00
5.374999999999999917e-02,1.874999999999999931e-03,3.177695274215465133e+02,5.999999999999999778e-01,4.325842696629212530e-03,1.000000000000000000e+00
5.625000000000000139e-02,1.874999999999999931e-03,3.181068915657141360e+02,5.999999999999999778e-01,4.325842696629212530e-03,1.000000000000000000e+00
5.875000000000000361e-02,1.874999999999999931e-03,3.184334042741679696e+02,5.999999999999999778e-01,4.325842696629212530e-03,1.000000000000000000e+00
6.124999999999999889e-02,1.874999999999999931e-03,3.187500379789330509e+02,5.999999999999999778e-01,4.325842696629212530e-03,1.000000000000000000e+00
6.375000000000000111e-02,1.874999999999999931e-03,3.190576006483806850e+02,5.999999999999999778e-01,4.325842696629212530e-03,1.000000000000000000e+00
6.625000000000000333e-02,1.874999999999999931e-03,3.193567672589832114e+02,5.999999999999999778e-01,4.325842696629212530e-03,1.000000000000000000e+00
6.875000000000000555e-02,1.874999999999999931e-03,3.196481050684107572e+02,5.999999999999999778e-01,4.325842696629212530e-03,1.000000000000000000e+00
7.125000000000000777e-02,1.874999999999999931e-03,3.199320939498056759e+02,5.999999999999999778e-01,4.325842696629212530e-03,1.000000000000000000e+00
7.374999999999999611e-02,1.874999999999999931e-03,3.202091427765673188e+02,5.999999999999999778e-01,4.325842696629212530e-03,1.000000000000000000e+00
7.624999999999999833e-02,1.874999999999999931e-03,3.204796026399779407e+02,5.999999999999999778e-01,4.325842696629212530e-03,1.000000000000000000e+00
7.875000000000000056e-02,1.874999999999999931e-03,3.207437775216756677e+02,5.999999999999999778e-01,4.325842696629212530e-03,1.000000000000000000e+00
8.125000000000000278e-02,1.874999999999999931e-03,3.210019329175522671e+02,5.999999999999999778e-01,4.325842696629212530e-03,1.000000000000000000e+00
8.375000000000000500e-02,1.874999999999999931e-03,3.212543028107860437e+02,5.999999999999999778e-01,4.325842696629212530e-03,1.000000000000000000e+00
8.625000000000000722e-02,1.874999999999999931e-03,3.215010953132658074e+02,5.999999999999999778e-01,4.325842696629212530e-03,1.000000000000000000e+00
8.874999999999999556e-02,1.874999999999999931e-03,3.217424972316139815e+02,5.999999999999999778e-01,4.325842696629212530e-03,1.000000000000000000e+00
9.124999999999999778e-02,1.874999999999999931e-03,3.219786777510441880e+02,5.999999999999999778e-01,4.325842696629212530e-03,1.000000000000000000e+00
9.375000000000000000e-02,1.874999999999999931e-03,3.222097908925592264e+02,5.999999999999999778e-01,4.325842696629212530e-03,1.000000000000000000e+00
9.625000000000000222e-02,1.874999999999999931e-03,3.224359448787793099e+02,5.999999999999999778e-01,4.325842696629212530e-03,1.000000000000000000e+00
9.875000000000000444e-02,1.874999999999999931e-03,3.226546486778454437e+02,5.999999999999999778e-01,4.325842696629212530e-03,1.000000000000000000e+00
1.250000000000000026e-03,2.125000000000000153e-03,2.942892310082967811e+02,5.999999999999999778e-01,5.224719101123595673e-03,1.000000000000000000e+00
3.749999999999999861e-03,2.125000000000000153e-03,2.961083167146760502e+02,5.999999999999999778e-01,5.224719101123595673e-03,1.000000000000000000e+00
6.250000000000000347e-03,2.125000000000000153e-03,2.980602953273428284e+02,5.999999999999999778e-01,5.224719101123595673e-03,1.000000000000000000e+00
8.750000000000000833e-03,2.125000000000000153e-03,2.998889208254481105e+02,5.999999999999999778e-01,5.224719101123595673e-03,1.000000000000000000e+00
1.124999999999999958e-02,2.125000000000000153e-03,3.015166831931242655e+02,5.999999999999999778e-01,5.224719101123595673e-03,1.000000000000000000e+00
1.375000000000000007e-02,2.125000000000000153e-03,3.029429124398059230e+02,5.999999999999999778e-01,5.224719101123595673e-03,1.000000000000000000e+00
1.625000000000000056e-02,2.125000000000000153e-03,3.041921214201258863e+02,5.999999999999999778e-01,5.224719101123595673e-03,1.000000000000000000e+00
1.874999999999999931e-02,2.125000000000000153e-03,3.052932319474978158e+02,5.999999999999999778e-01,5.224719101123595673e-03,1.000000000000000000e+00
2.125000000000000153e-02,2.125000000000000153e-03,3.062725731141591723e+02,5.999999999999999778e-01,5.224719101123595673e-03,1.000000000000000000e+00
2.375000000000000028e-02,2.125000000000000153e-03,3.071521916987240957e+02,5.999999999999999778e-01,5.224719101123595673e-03,1.000000000000000000e+00
2.624999999999999903e-02,2.125000000000000153e-03,3.079499764156178117e+02,5.999999999999999778e-01,5.224719101123595673e-03,1.000000000000000000e+00
2.875000000000000125e-02,2.125000000000000153e-03,3.086802811769820778e+02,5.999999999999999778e-01,5.224719101123595673e-03,1.000000000000000000e+00
3.125000000000000000e-02,2.125000000000000153e-03,3.093545947975676995e+02,5.999999999999999778e-01,5.224719101123595673e-03,1.000000000000000000e+00
3.375000000000000222e-02,2.125000000000000153e-03,3.099821237117366763e+02,5.999999999999999778e-01,5.224719101123595673e-03,1.000000000000000000e+00
3.624999999999999750e-02,2.125000000000000153e-03,3.105702648351756352e+02,5.999999999999999778e-01,5.224719101123595673e-03,1.000000000000000000e+00
3.874999999999999972e-02,2.125000000000000153e-03,3.111249796998472448e+02,5.999999999999999778e-01,5.224719101123595673e-03,1.000000000000000000e+00
4.125000000000000194e-02,2.125000000000000153e-03,3.116510882937311067e+02,5.999999999999999778e-01,5.224719101123595673e-03,1.000000000000000000e+00
4.375000000000000416e-02,2.125000000000000153e-03,3.121524998974554705e+02,5.999999999999999778e-01,5.224719101123595673e-03,1.000000000000000000e+00
4.624999999999999944e-02,2.125000000000000153e-03,3.126323950319718392e+02,5.999999999999999778e-01,5.224719101123595673e-03,1.000000000000000000e+00
4.875000000000000167e-02,2.125000000000000153e-03,3.130933694827868976e+02,5.999999999999999778e-01,5.224719101123595673e-03,1.000000000000000000e+00
5.125000000000000389e-02,2.125000000000000153e-03,3.135375487826445351e+02,5.999999999999999778e-01,5.224719101123595673e-03,1.000000000000000000e+00
5.374999999999999917e-02,2.125000000000000153e-03,3.139666795488410571e+02,5.999999999999999778e-01,5.224719101123595673e-03,1.000000000000000000e+00
5.625000000000000139e-02,2.125000000000000153e-03,3.143822025798212962e+02,5.999999999999999778e-01,5.224719101123595673e-03,1.000000000000000000e+00
5.875000000000000361e-02,2.125000000000000153e-03,3.147853115000474418e+02,5.999999999999999778e-01,5.224719101123595673e-03,1.000000000000000000e+00
6.124999999999999889e-02,2.125000000000000153e-03,3.151769999035506657e+02,5.999999999999999778e-01,5.224719101123595673e-03,1.000000000000000000e+00
6.375000000000000111e-02,2.125000000000000153e-03,3.155580993106715368e+02,5.999999999999999778e-01,5.224719101123595673e-03,1.000000000000000000e+00
6.625000000000000333e-02,2.125000000000000153e-03,3.159293097653593918e+02,5.999999999999999778e-01,5.224719101123595673e-03,1.000000000000000000e+00
6.875000000000000555e-02,2.125000000000000153e-03,3.162912245235133923e+02,5.999999999999999778e-01,5.224719101123595673e-03,1.000000000000000000e+00
7.125000000000000777e-02,2.125000000000000153e-03,3.166443499886556765e+02,5.999999999999999778e-01,5.224719101123595673e-03,1.000000000000000000e+00
7.374999999999999611e-02,2.125000000000000153e-03,3.169891218198356455e+02,5.999999999999999778e-01,5.224719101123595673e-03,1.000000000000000000e+00
7.624999999999999833e-02,2.125000000000000153e-03,3.173259179535193653e+02,5.999999999999999778e-01,5.224719101123595673e-03,1.000000000000000000e+00
7.875000000000000056e-02,2.125000000000000153e-03,3.176550691355571416e+02,5.999999999999999778e-01,5.224719101123595673e-03,1.000000000000000000e+00
8.125000000000000278e-02,2.125000000000000153e-03,3.179768674429863609e+02,5.999999999999999778e-01,5.224719101123595673e-03,1.000000000000000000e+00
8.375000000000000500e-02,2.125000000000000153e-03,3.182915731822571388e+02,5.999999999999999778e-01,5.224719101123595673e-03,1.000000000000000000e+00
8.625000000000000722e-02,2.125000000000000153e-03,3.185994204756499357e+02,5.999999999999999778e-01,5.224719101123595673e-03,1.000000000000000000e+00
8.874999999999999556e-02,2.125000000000000153e-03,3.189006217872305342e+02,5.999999999999999778e-01,5.224719101123595673e-03,1.000000000000000000e+00
9.124999999999999778e-02,2.125000000000000153e-03,3.191953715840019186e+02,5.999999999999999778e-01,5.224719101123595673e-03,1.000000000000000000e+00
9.375000000000000000e-02,2.125000000000000153e-03,3.194838489178555392e+02,5.999999999999999778e-01,5.224719101123595673e-03,1.000000000000000000e+00
9.625000000000000222e-02,2.125000000000000153e-03,3.197661894341783864e+02,5.999999999999999778e-01,5.224719101123595673e-03,1.000000000000000000e+00
9.875000000000000444e-02,2.125000000000000153e-03,3.200397334580180200e+02,5.999999999999999778e-01,5.224719101123595673e-03,1.000000000000000000e+00
1.250000000000000026e-03,2.374999999999999941e-03,2.935748498981806165e+02,5.999999999999999778e-01,5.973782771535579746e-03,1.000000000000000000e+00
3.749999999999999861e-03,2.374999999999999941e-03,2.944455040742677170e+02,5.999999999999999778e-01,5.973782771535579746e-03,1.000000000000000000e+00
6.250000000000000347e-03,2.374999999999999941e-03,2.955793597129252248e+02,5.999999999999999778e-01,5.973782771535579746e-03,1.000000000000000000e+00
8.750000000000000833e-03,2.374999999999999941e-03,2.968103102997530414e+02,5.999999999999999778e-01,5.973782771535579746e-03,1.000000000000000000e+00
1.124999999999999958e-02,2.374999999999999941e-03,2.980352521656478757e+02,5.999999999999999778e-01,5.973782771535579746e-03,1.000000000000000000e+00
1.375000000000000007e-02,2.374999999999999941e-03,2.992030744677241501e+02,5.999999999999999778e-01,5.973782771535579746e-03,1.000000000000000000e+00
1.625000000000000056e-02,2.374999999999999941e-03,3.002942627165373324e+02,5.999999999999999778e-01,5.973782771535579746e-03,1.000000000000000000e+00
1.874999999999999931e-02,2.374999999999999941e-03,3.013058188201816847e+02,5.999999999999999778e-01,5.973782771535579746e-03,1.000000000000000000e+00
2.125000000000000153e-02,2.374999999999999941e-03,3.022423823894710608e+02,5.999999999999999778e-01,5.973782771535579746e-03,1.000000000000000000e+00
2.375000000000000028e-02,2.374999999999999941e-03,3.031115345776939876e+02,5.999999999999999778e-01,5.973782771535579746e-03,1.000000000000000000e+00
2.624999999999999903e-02,2.374999999999999941e-03,3.039214867043413051e+02,5.999999999999999778e-01,5.973782771535579746e-03,1.000000000000000000e+00
2.875000000000000125e-02,2.374999999999999941e-03,3.046800276554062066e+02,5.999999999999999778e-01,5.973782771535579746e-03,1.000000000000000000e+00
3.125000000000000000e-02,2.374999999999999941e-03,3.053941066179240806e+02,5.999999999999999778e-01,5.973782771535579746e-03,1.000000000000000000e+00
3.375000000000000222e-02,2.374999999999999941e-03,3.060697244898009899e+02,5.999999999999999778e-01,5.973782771535579746e-03,1.000000000000000000e+00
3.624999999999999750e-02,2.374999999999999941e-03,3.067119674604352895e+02,5.999999999999999778e-01,5.973782771535579746e-03,1.000000000000000000e+00
3.874999999999999972e-02,2.374999999999999941e-03,3.073250994041496824e+02,5.999999999999999778e-01,5.973782771535579746e-03,1.000000000000000000e+00
4.125000000000000194e-02,2.374999999999999941e-03,3.079126722209220475e+02,5.999999999999999778e-01,5.973782771535579746e-03,1.000000000000000000e+00
4.375000000000000416e-02,2.374999999999999941e-03,3.084776348435204341e+02,5.999999999999999778e-01,5.973782771535579746e-03,1.000000000000000000e+00
4.624999999999999944e-02,2.374999999999999941e-03,3.090224325401252372e+02,5.999999999999999778e-01,5.973782771535579746e-03,1.000000000000000000e+00
4.875000000000000167e-02,2.374999999999999941e-03,3.095490935927137457e+02,5.999999999999999778e-01,5.973782771535579746e-03,1.000000000000000000e+00
5.125000000000000389e-02,2.374999999999999941e-03,3.100593030795503182e+02,5.999999999999999778e-01,5.973782771535579746e-03,1.000000000000000000e+00
5.374999999999999917e-02,2.374999999999999941e-03,3.105544646964914364e+02,5.999999999999999778e-01,5.973782771535579746e-03,1.000000000000000000e+00
5.625000000000000139e-02,2.374999999999999941e-03,3.110357520212327245e+02,5.999999999999999778e-01,5.973782771535579746e-03,1.000000000000000000e+00
5.875000000000000361e-02,2.374999999999999941e-03,3.115041507252157658e+02,5.999999999999999778e-01,5.973782771535579746e-03,1.000000000000000000e+00
6.124999999999999889e-02,2.374999999999999941e-03,3.119604931628367694e+02,5.999999999999999778e-01,5.973782771535579746e-03,1.000000000000000000e+00
6.375000000000000111e-02,2.374999999999999941e-03,3.124054866179271812e+02,5.999999999999999778e-01,5.973782771535579746e-03,1.000000000000000000e+00
6.625000000000000333e-02,2.374999999999999941e-03,3.128397363152068351e+02,5.999999999999999778e-01,5.973782771535579746e-03,1.000000000000000000e+00
6.875000000000000555e-02,2.374999999999999941e-03,3.132637641353211393e+02,5.999999999999999778e-01,5.973782771535579746e-03,1.000000000000000000e+00
7.125000000000000777e-02,2.374999999999999941e-03,3.136780238178703257e+02,5.999999999999999778e-01,5.973782771535579746e-03,1.000000000000000000e+00
7.374999999999999611e-02,2.374999999999999941e-03,3.140829133018506241e+02,5.999999999999999778e-01,5.973782771535579746e-03,1.000000000000000000e+00
7.624999999999999833e-02,2.374999999999999941e-03,3.144787847376637728e+02,5.999999999999999778e-01,5.973782771535579746e-03,1.000000000000000000e+00
7.875000000000000056e-02,2.374999999999999941e-03,3.148659526080194837e+02,5.999999999999999778e-01,5.973782771535579746e-03,1.000000000000000000e+00
8.125000000000000278e-02,2.374999999999999941e-03,3.152447003145844064e+02,5.999999999999999778e-01,5.973782771535579746e-03,1.000000000000000000e+00
8.375000000000000500e-02,2.374999999999999941e-03,3.156152855208746359e+02,5.999999999999999778e-01,5.973782771535579746e-03,1.000000000000000000e+00
8.625000000000000722e-02,2.374999999999999941e-03,3.159779444874435512e+02,5.999999999999999778e-01,5.973782771535579746e-03,1.000000000000000000e+00
8.874999999999999556e-02,2.374999999999999941e-03,3.163328955908223179e+02,5.999999999999999778e-01,5.973782771535579746e-03,1.000000000000000000e+00
9.124999999999999778e-02,2.374999999999999941e-03,3.166803421771622880e+02,5.999999999999999778e-01,5.973782771535579746e-03,1.000000000000000000e+00
9.375000000000000000e-02,2.374999999999999941e-03,3.170204745818382435e+02,5.999999999999999778e-01,5.973782771535579746e-03,1.000000000000000000e+00
9.625000000000000222e-02,2.374999999999999941e-03,3.173534438934426021e+02,5.999999999999999778e-01,5.973782771535579746e-03,1.000000000000000000e+00
9.875000000000000444e-02,2.374999999999999941e-03,3.176764710563019207e+02,5.999999999999999778e-01,5.973782771535579746e-03,1.000000000000000000e+00
1.250000000000000026e-03,2.625000000000000163e-03,2.933022874521573158e+02,5.999999999999999778e-01,6.573033707865169085e-03,1.000000000000000000e+00
3.749999999999999861e-03,2.625000000000000163e-03,2.936859174806239707e+02,5.999999999999999778e-01,6.573033707865169085e-03,1.000000000000000000e+00
6.250000000000000347e-03,2.625000000000000163e-03,2.942771549168933234e+02,5.999999999999999778e-01,6.573033707865169085e-03,1.000000000000000000e+00
8.750000000000000833e-03,2.625000000000000163e-03,2.950124824981961638e+02,5.999999999999999778e-01,6.573033707865169085e-03,1.000000000000000000e+00
1.124999999999999958e-02,2.625000000000000163e-03,2.958288632941885794e+02,5.999999999999999778e-01,6.573033707865169085e-03,1.000000000000000000e+00
1.375000000000000007e-02,2.625000000000000163e-03,2.966790446698474284e+02,5.999999999999999778e-01,6.573033707865169085e-03,1.000000000000000000e+00
1.625000000000000056e-02,2.625000000000000163e-03,2.975325095063203662e+02,5.999999999999999778e-01,6.573033707865169085e-03,1.000000000000000000e+00
1.874999999999999931e-02,2.625000000000000163e-03,2.983716128121242264e+02,5.999999999999999778e-01,6.573033707865169085e-03,1.000000000000000000e+00
2.125000000000000153e-02,2.625000000000000163e-03,2.991872982025651595e+02,5.999999999999999778e-01,6.573033707865169085e-03,1.000000000000000000e+00
2.375000000000000028e-02,2.625000000000000163e-03,2.999757647996800074e+02,5.999999999999999778e-01,6.573033707865169085e-03,1.000000000000000000e+00
2.624999999999999903e-02,2.625000000000000163e-03,3.007362127002592729e+02,5.999999999999999778e-01,6.573033707865169085e-03,1.000000000000000000e+00
2.875000000000000125e-02,2.625000000000000163e-03,3.014694304226990766e+02,5.999999999999999778e-01,6.573033707865169085e-03,1.000000000000000000e+00
3.125000000000000000e-02,2.625000000000000163e-03,3.021769549610163494e+02,5.999999999999999778e-01,6.573033707865169085e-03,1.000000000000000000e+00
3.375000000000000222e-02,2.625000000000000163e-03,3.028605947087617096e+02,5.999999999999999778e-01,6.573033707865169085e-03,1.000000000000000000e+00
3.624999999999999750e-02,2.625000000000000163e-03,3.035221725114319042e+02,5.999999999999999778e-01,6.573033707865169085e-03,1.000000000000000000e+00
3.874999999999999972e-02,2.625000000000000163e-03,3.041633979178766936e+02,5.999999999999999778e-01,6.573033707865169085e-03,1.000000000000000000e+00
4.125000000000000194e-02,2.625000000000000163e-03,3.047858128878050934e+02,5.999999999999999778e-01,6.573033707865169085e-03,1.000000000000000000e+00
4.375000000000000416e-02,2.625000000000000163e-03,3.053907776656131432e+02,5.999999999999999778e-01,6.573033707865169085e-03,1.000000000000000000e+00
4.624999999999999944e-02,2.625000000000000163e-03,3.059794773702485600e+02,5.999999999999999778e-01,6.573033707865169085e-03,1.000000000000000000e+00
4.875000000000000167e-02,2.625000000000000163e-03,3.065529381957813939e+02,5.999999999999999778e-01,6.573033707865169085e-03,1.000000000000000000e+00
5.125000000000000389e-02,2.625000000000000163e-03,3.071120470670290388e+02,5.999999999999999778e-01,6.573033707865169085e-03,1.000000000000000000e+00
5.374999999999999917e-02,2.625000000000000163e-03,3.076575714859883988e+02,5.999999999999999778e-01,6.573033707865169085e-03,1.000000000000000000e+00
5.625000000000000139e-02,2.625000000000000163e-03,3.081901779647669173e+02,5.999999999999999778e-01,6.573033707865169085e-03,1.000000000000000000e+00
5.875000000000000361e-02,2.625000000000000163e-03,3.087104483718688925e+02,5.999999999999999778e-01,6.573033707865169085e-03,1.000000000000000000e+00
6.124999999999999889e-02,2.625000000000000163e-03,3.092188940233502876e+02,5.999999999999999778e-01,6.573033707865169085e-03,1.000000000000000000e+00
6.375000000000000111e-02,2.625000000000000163e-03,3.097159676087711659e+02,5.999999999999999778e-01,6.573033707865169085e-03,1.000000000000000000e+00
6.625000000000000333e-02,2.625000000000000163e-03,3.102020731607195785e+02,5.999999999999999778e-01,6.573033707865169085e-03,1.000000000000000000e+00
6.875000000000000555e-02,2.625000000000000163e-03,3.106775743185618239e+02,5.999999999999999778e-01,6.573033707865169085e-03,1.000000000000000000e+00
7.125000000000000777e-02,2.625000000000000163e-03,3.111428011383224543e+02,5.999999999999999778e-01,6.573033707865169085e-03,1.000000000000000000e+00
7.374999999999999611e-02,2.625000000000000163e-03,3.115980556819886260e+02,5.999999999999999778e-01,6.573033707865169085e-03,1.000000000000000000e+00
7.624999999999999833e-02,2.625000000000000163e-03,3.120436165926861349e+02,5.999999999999999778e-01,6.573033707865169085e-03,1.000000000000000000e+00
7.875000000000000056e-02,2.625000000000000163e-03,3.124797428333758376e+02,5.999999999999999778e-01,6.573033707865169085e-03,1.000000000000000000e+00
8.125000000000000278e-02,2.625000000000000163e-03,3.129066767391565236e+02,5.999999999999999778e-01,6.573033707865169085e-03,1.000000000000000000e+00
8.375000000000000500e-02,2.625000000000000163e-03,3.133246465084152987e+02,5.999999999999999778e-01,6.573033707865169085e-03,1.000000000000000000e+00
8.625000000000000722e-02,2.625000000000000163e-03,3.137338682364229498e+02,5.999999999999999778e-01,6.573033707865169085e-03,1.000000000000000000e+00
8.874999999999999556e-02,2.625000000000000163e-03,3.141345475764971980e+02,5.999999999999999778e-01,6.573033707865169085e-03,1.000000000000000000e+00
9.124999999999999778e-02,2.625000000000000163e-03,3.145268810956274592e+02,5.999999999999999778e-01,6.573033707865169085e-03,1.000000000000000000e+00
9.375000000000000000e-02,2.625000000000000163e-03,3.149110571381767159e+02,5.999999999999999778e-01,6.573033707865169085e-03,1.000000000000000000e+00
9.625000000000000222e-02,2.625000000000000163e-03,3.152872303112417285e+02,5.999999999999999778e-01,6.573033707865169085e-03,1.000000000000000000e+00
9.875000000000000444e-02,2.625000000000000163e-03,3.156525273153371245e+02,5.999999999999999778e-01,6.573033707865169085e-03,1.000000000000000000e+00
1.250000000000000026e-03,2.874999999999999951e-03,2.932032736434504727e+02,5.999999999999999778e-01,7.022471910112358488e-03,1.000000000000000000e+00
3.749999999999999861e-03,2.874999999999999951e-03,2.933634357626261249e+02,5.999999999999999778e-01,7.022471910112358488e-03,1.000000000000000000e+00
6.250000000000000347e-03,2.874999999999999951e-03,2.936503598293872983e+02,5.999999999999999778e-01,7.022471910112358488e-03,1.000000000000000000e+00
8.750000000000000833e-03,2.874999999999999951e-03,2.940556496582000818e+02,5.999999999999999778e-01,7.022471910112358488e-03,1.000000000000000000e+00
1.124999999999999958e-02,2.874999999999999951e-03,2.945567319040300731e+02,5.999999999999999778e-01,7.022471910112358488e-03,1.000000000000000000e+00
1.375000000000000007e-02,2.874999999999999951e-03,2.951282725419965800e+02,5.999999999999999778e-01,7.022471910112358488e-03,1.000000000000000000e+00
1.625000000000000056e-02,2.874999999999999951e-03,2.957479493330521336e+02,5.999999999999999778e-01,7.022471910112358488e-03,1.000000000000000000e+00
1.874999999999999931e-02,2.874999999999999951e-03,2.963982492761426784e+02,5.999999999999999778e-01,7.022471910112358488e-03,1.000000000000000000e+00
2.125000000000000153e-02,2.874999999999999951e-03,2.970662855880708548e+02,5.999999999999999778e-01,7.022471910112358488e-03,1.000000000000000000e+00
2.375000000000000028e-02,2.874999999999999951e-03,2.977429144267611036e+02,5.999999999999999778e-01,7.022471910112358488e-03,1.000000000000000000e+00
2.624999999999999903e-02,2.874999999999999951e-03,2.984217743178492128e+02,5.999999999999999778e-01,7.022471910112358488e-03,1.000000000000000000e+00
2.875000000000000125e-02,2.874999999999999951e-03,2.990984802420027791e+02,5.999999999999999778e-01,7.022471910112358488e-03,1.000000000000000000e+00
3.125000000000000000e-02,2.874999999999999951e-03,2.997700186283939274e+02,5.999999999999999778e-01,7.022471910112358488e-03,1.000000000000000000e+00
3.375000000000000222e-02,2.874999999999999951e-03,3.004343186347958294e+02,5.999999999999999778e-01,7.022471910112358488e-03,1.000000000000000000e+00
3.624999999999999750e-02,2.874999999999999951e-03,3.010899575849249459e+02,5.999999999999999778e-01,7.022471910112358488e-03,1.000000000000000000e+00
3.874999999999999972e-02,2.874999999999999951e-03,3.017359615427004655e+02,5.999999999999999778e-01,7.022471910112358488e-03,1.000000000000000000e+00
4.125000000000000194e-02,2.874999999999999951e-03,3.023716708122115051e+02,5.999999999999999778e-01,7.022471910112358488e-03,1.000000000000000000e+00
4.375000000000000416e-02,2.874999999999999951e-03,3.029966488552793180e+02,5.999999999999999778e-01,7.022471910112358488e-03,1.000000000000000000e+00
4.624999999999999944e-02,2.874999999999999951e-03,3.036106199954106728e+02,5.999999999999999778e-01,7.022471910112358488e-03,1.000000000000000000e+00
4.875000000000000167e-02,2.874999999999999951e-03,3.042134262044760931e+02,5.999999999999999778e-01,7.022471910112358488e-03,1.000000000000000000e+00
5.125000000000000389e-02,2.874999999999999951e-03,3.048049966194716944e+02,5.999999999999999778e-01,7.022471910112358488e-03,1.000000000000000000e+00
5.374999999999999917e-02,2.874999999999999951e-03,3.053853256485583074e+02,5.999999999999999778e-01,7.022471910112358488e-03,1.000000000000000000e+00
5.625000000000000139e-02,2.874999999999999951e-03,3.059544569612264695e+02,5.999999999999999778e-01,7.022471910112358488e-03,1.000000000000000000e+00
5.875000000000000361e-02,2.874999999999999951e-03,3.065124715818489562e+02,5.999999999999999778e-01,7.022471910112358488e-03,1.000000000000000000e+00
6.124999999999999889e-02,2.874999999999999951e-03,3.070594789002019525e+02,5.999999999999999778e-01,7.022471910112358488e-03,1.000000000000000000e+00
6.375000000000000111e-02,2.874999999999999951e-03,3.075956097960686293e+02,5.999999999999999778e-01,7.022471910112358488e-03,1.000000000000000000e+00
6.625000000000000333e-02,2.874999999999999951e-03,3.081210113246020796e+02,5.999999999999999778e-01,7.022471910112358488e-03,1.000000000000000000e+00
6.875000000000000555e-02,2.874999999999999951e-03,3.086358425734940738e+02,5.999999999999999778e-01,7.022471910112358488e-03,1.000000000000000000e+00
7.125000000000000777e-02,2.874999999999999951e-03,3.091402714129779952e+02,5.999999999999999778e-01,7.022471910112358488e-03,1.000000000000000000e+00
7.374999999999999611e-02,2.874999999999999951e-03,3.096344719346110423e+02,5.999999999999999778e-01,7.022471910112358488e-03,1.000000000000000000e+00
7.624999999999999833e-02,2.874999999999999951e-03,3.101186224268656133e+02,5.999999999999999778e-01,7.022471910112358488e-03,1.000000000000000000e+00
7.875000000000000056e-02,2.874999999999999951e-03,3.105929037725110788e+02,5.999999999999999778e-01,7.022471910112358488e-03,1.000000000000000000e+00
8.125000000000000278e-02,2.874999999999999951e-03,3.110574981795346616e+02,5.999999999999999778e-01,7.022471910112358488e-03,1.000000000000000000e+00
8.375000000000000500e-02,2.874999999999999951e-03,3.115125881771027707e+02,5.999999999999999778e-01,7.022471910112358488e-03,1.000000000000000000e+00
8.625000000000000722e-02,2.874999999999999951e-03,3.119583558229040818e+02,5.999999999999999778e-01,7.022471910112358488e-03,1.000000000000000000e+00
8.874999999999999556e-02,2.874999999999999951e-03,3.123949820795030519e+02,5.999999999999999778e-01,7.022471910112358488e-03,1.000000000000000000e+00
9.124999999999999778e-02,2.874999999999999951e-03,3.128226463240310977e+02,5.999999999999999778e-01,7.022471910112358488e-03,1.000000000000000000e+00
9.375000000000000000e-02,2.874999999999999951e-03,3.132415257516958036e+02,5.999999999999999778e-01,7.022471910112358488e-03,1.000000000000000000e+00
9.625000000000000222e-02,2.874999999999999951e-03,3.136517698072547660e+02,5.999999999999999778e-01,7.022471910112358488e-03,1.000000000000000000e+00
9.875000000000000444e-02,2.874999999999999951e-03,3.140504297860397855e+02,5.999999999999999778e-01,7.022471910112358488e-03,1.000000000000000000e+00
1.250000000000000026e-03,3.125000000000000173e-03,2.931688816421861361e+02,5.999999999999999778e-01,7.322097378277154026e-03,1.000000000000000000e+00
3.749999999999999861e-03,3.125000000000000173e-03,2.932355775938539750e+02,5.999999999999999778e-01,7.322097378277154026e-03,1.000000000000000000e+00
6.250000000000000347e-03,3.125000000000000173e-03,2.933733123222821177e+02,5.999999999999999778e-01,7.322097378277154026e-03,1.000000000000000000e+00
8.750000000000000833e-03,3.125000000000000173e-03,2.935935609903695536e+02,5.999999999999999778e-01,7.322097378277154026e-03,1.000000000000000000e+00
1.124999999999999958e-02,3.125000000000000173e-03,2.938967598659195346e+02,5.999999999999999778e-01,7.322097378277154026e-03,1.000000000000000000e+00
1.375000000000000007e-02,3.125000000000000173e-03,2.942760592757833820e+02,5.999999999999999778e-01,7.322097378277154026e-03,1.000000000000000000e+00
1.625000000000000056e-02,3.125000000000000173e-03,2.947209975427921336e+02,5.999999999999999778e-01,7.322097378277154026e-03,1.000000000000000000e+00
1.874999999999999931e-02,3.125000000000000173e-03,2.952200775718491741e+02,5.999999999999999778e-01,7.322097378277154026e-03,1.000000000000000000e+00
2.125000000000000153e-02,3.125000000000000173e-03,2.957622492509834160e+02,5.999999999999999778e-01,7.322097378277154026e-03,1.000000000000000000e+00
2.375000000000000028e-02,3.125000000000000173e-03,2.963376132981298952e+02,5.999999999999999778e-01,7.322097378277154026e-03,1.000000000000000000e+00
2.624999999999999903e-02,3.125000000000000173e-03,2.969376577866571552e+02,5.999999999999999778e-01,7.322097378277154026e-03,1.000000000000000000e+00
2.875000000000000125e-02,3.125000000000000173e-03,2.975552475732253015e+02,5.999999999999999778e-01,7.322097378277154026e-03,1.000000000000000000e+00
3.125000000000000000e-02,3.125000000000000173e-03,2.981845002013162116e+02,5.999999999999999778e-01,7.322097378277154026e-03,1.000000000000000000e+00
3.375000000000000222e-02,3.125000000000000173e-03,2.988206215715447911e+02,5.999999999999999778e-01,7.322097378277154026e-03,1.000000000000000000e+00
3.624999999999999750e-02,3.125000000000000173e-03,2.994597382392461782e+02,5.999999999999999778e-01,7.322097378277154026e-03,1.000000000000000000e+00
3.874999999999999972e-02,3.125000000000000173e-03,3.000987429738115111e+02,5.999999999999999778e-01,7.322097378277154026e-03,1.000000000000000000e+00
4.125000000000000194e-02,3.125000000000000173e-03,3.007351596755665355e+02,5.999999999999999778e-01,7.322097378277154026e-03,1.000000000000000000e+00
4.375000000000000416e-02,3.125000000000000173e-03,3.013670285865943015e+02,5.999999999999999778e-01,7.322097378277154026e-03,1.000000000000000000e+00
4.624999999999999944e-02,3.125000000000000173e-03,3.019928104138878098e+02,5.999999999999999778e-01,7.322097378277154026e-03,1.000000000000000000e+00
4.875000000000000167e-02,3.125000000000000173e-03,3.026113071053732710e+02,5.999999999999999778e-01,7.322097378277154026e-03,1.000000000000000000e+00
5.125000000000000389e-02,3.125000000000000173e-03,3.032215968391329852e+02,5.999999999999999778e-01,7.322097378277154026e-03,1.000000000000000000e+00
5.374999999999999917e-02,3.125000000000000173e-03,3.038229809214799388e+02,5.999999999999999778e-01,7.322097378277154026e-03,1.000000000000000000e+00
5.625000000000000139e-02,3.125000000000000173e-03,3.044149405489255287e+02,5.999999999999999778e-01,7.322097378277154026e-03,1.000000000000000000e+00
5.875000000000000361e-02,3.125000000000000173e-03,3.049971016796349659e+02,5.999999999999999778e-01,7.322097378277154026e-03,1.000000000000000000e+00
6.124999999999999889e-02,3.125000000000000173e-03,3.055692065390300627e+02,5.999999999999999778e-01,7.322097378277154026e-03,1.000000000000000000e+00
6.375000000000000111e-02,3.125000000000000173e-03,3.061310905342737669e+02,5.999999999999999778e-01,7.322097378277154026e-03,1.000000000000000000e+00
6.625000000000000333e-02,3.125000000000000173e-03,3.066826635682910478e+02,5.999999999999999778e-01,7.322097378277154026e-03,1.000000000000000000e+00
6.875000000000000555e-02,3.125000000000000173e-03,3.072238949263642667e+02,5.999999999999999778e-01,7.322097378277154026e-03,1.000000000000000000e+00
7.125000000000000777e-02,3.125000000000000173e-03,3.077548010603026114e+02,5.999999999999999778e-01,7.322097378277154026e-03,1.000000000000000000e+00
7.374999999999999611e-02,3.125000000000000173e-03,3.082754357206579243e+02,5.999999999999999778e-01,7.322097378277154026e-03,1.000000000000000000e+00
7.624999999999999833e-02,3.125000000000000173e-03,3.087858819904394636e+02,5.999999999999999778e-01,7.322097378277154026e-03,1.000000000000000000e+00
7.875000000000000056e-02,3.125000000000000173e-03,3.092862458579514850e+02,5.999999999999999778e-01,7.322097378277154026e-03,1.000000000000000000e+00
8.125000000000000278e-02,3.125000000000000173e-03,3.097766510349575242e+02,5.999999999999999778e-01,7.322097378277154026e-03,1.000000000000000000e+00
8.375000000000000500e-02,3.125000000000000173e-03,3.102572347821574112e+02,5.999999999999999778e-01,7.322097378277154026e-03,1.000000000000000000e+00
8.625000000000000722e-02,3.125000000000000173e-03,3.107281445492397438e+02,5.999999999999999778e-01,7.322097378277154026e-03,1.000000000000000000e+00
8.874999999999999556e-02,3.125000000000000173e-03,3.111895352734932771e+02,5.999999999999999778e-01,7.322097378277154026e-03,1.000000000000000000e+00
9.124999999999999778e-02,3.125000000000000173e-03,3.116415672090443536e+02,5.999999999999999778e-01,7.322097378277154026e-03,1.000000000000000000e+00
9.375000000000000000e-02,3.125000000000000173e-03,3.120844039889612418e+02,5.999999999999999778e-01,7.322097378277154026e-03,1.000000000000000000e+00
9.625000000000000222e-02,3.125000000000000173e-03,3.125181866586178785e+02,5.999999999999999778e-01,7.322097378277154026e-03,1.000000000000000000e+00
9.875000000000000444e-02,3.125000000000000173e-03,3.129399121124178578e+02,5.999999999999999778e-01,7.322097378277154026e-03,1.000000000000000000e+00
1.250000000000000026e-03,3.374999999999999962e-03,2.931582794172109061e+02,5.999999999999999778e-01,7.471910112359550493e-03,1.000000000000000000e+00
3.749999999999999861e-03,3.374999999999999962e-03,2.931920640696855571e+02,5.999999999999999778e-01,7.471910112359550493e-03,1.000000000000000000e+00
6.250000000000000347e-03,3.374999999999999962e-03,2.932710879946384352e+02,5.999999999999999778e-01,7.471910112359550493e-03,1.000000000000000000e+00
8.750000000000000833e-03,3.374999999999999962e-03,2.934115183027906824e+02,5.999999999999999778e-01,7.471910112359550493e-03,1.000000000000000000e+00
1.124999999999999958e-02,3.374999999999999962e-03,2.936226858254473768e+02,5.999999999999999778e-01,7.471910112359550493e-03,1.000000000000000000e+00
1.375000000000000007e-02,3.374999999999999962e-03,2.939068969941986893e+02,5.999999999999999778e-01,7.471910112359550493e-03,1.000000000000000000e+00
1.625000000000000056e-02,3.374999999999999962e-03,2.942609186645261730e+02,5.999999999999999778e-01,7.471910112359550493e-03,1.000000000000000000e+00
1.874999999999999931e-02,3.374999999999999962e-03,2.946779343907320481e+02,5.999999999999999778e-01,7.471910112359550493e-03,1.000000000000000000e+00
2.125000000000000153e-02,3.374999999999999962e-03,2.951492937156711491e+02,5.999999999999999778e-01,7.471910112359550493e-03,1.000000000000000000e+00
2.375000000000000028e-02,3.374999999999999962e-03,2.956658071654713922e+02,5.999999999999999778e-01,7.471910112359550493e-03,1.000000000000000000e+00
2.624999999999999903e-02,3.374999999999999962e-03,2.962185817131896215e+02,5.999999999999999778e-01,7.471910112359550493e-03,1.000000000000000000e+00
2.875000000000000125e-02,3.374999999999999962e-03,2.967994890963913122e+02,5.999999999999999778e-01,7.471910112359550493e-03,1.000000000000000000e+00
3.125000000000000000e-02,3.374999999999999962e-03,2.974013771241918107e+02,5.999999999999999778e-01,7.471910112359550493e-03,1.000000000000000000e+00
3.375000000000000222e-02,3.374999999999999962e-03,2.980181180611511422e+02,5.999999999999999778e-01,7.471910112359550493e-03,1.000000000000000000e+00
3.624999999999999750e-02,3.374999999999999962e-03,2.986445633176412002e+02,5.999999999999999778e-01,7.471910112359550493e-03,1.000000000000000000e+00
3.874999999999999972e-02,3.374999999999999962e-03,2.992764508455496184e+02,5.999999999999999778e-01,7.471910112359550493e-03,1.000000000000000000e+00
4.125000000000000194e-02,3.374999999999999962e-03,2.999102941487066687e+02,5.999999999999999778e-01,7.471910112359550493e-03,1.000000000000000000e+00
4.375000000000000416e-02,3.374999999999999962e-03,3.005432696809482422e+02,5.999999999999999778e-01,7.471910112359550493e-03,1.000000000000000000e+00
4.624999999999999944e-02,3.374999999999999962e-03,3.011731115293000585e+02,5.999999999999999778e-01,7.471910112359550493e-03,1.000000000000000000e+00
4.875000000000000167e-02,3.374999999999999962e-03,3.017980174405714706e+02,5.999999999999999778e-01,7.471910112359550493e-03,1.000000000000000000e+00
5.125000000000000389e-02,3.374999999999999962e-03,3.024165674316804484e+02,5.999999999999999778e-01,7.471910112359550493e-03,1.000000000000000000e+00
5.374999999999999917e-02,3.374999999999999962e-03,3.030276546871610321e+02,5.999999999999999778e-01,7.471910112359550493e-03,1.000000000000000000e+00
5.625000000000000139e-02,3.374999999999999962e-03,3.036304276895575640e+02,5.999999999999999778e-01,7.471910112359550493e-03,1.000000000000000000e+00
5.875000000000000361e-02,3.374999999999999962e-03,3.042242422252846836e+02,5.999999999999999778e-01,7.471910112359550493e-03,1.000000000000000000e+00
6.124999999999999889e-02,3.374999999999999962e-03,3.048086218578622493e+02,5.999999999999999778e-01,7.471910112359550493e-03,1.000000000000000000e+00
6.375000000000000111e-02,3.374999999999999962e-03,3.053832255401331395e+02,5.999999999999999778e-01,7.471910112359550493e-03,1.000000000000000000e+00
6.625000000000000333e-02,3.374999999999999962e-03,3.059478211757879649e+02,5.999999999999999778e-01,7.471910112359550493e-03,1.000000000000000000e+00
6.875000000000000555e-02,3.374999999999999962e-03,3.065022640981173936e+02,5.999999999999999778e-01,7.471910112359550493e-03,1.000000000000000000e+00
7.125000000000000777e-02,3.374999999999999962e-03,3.070464795890194409e+02,5.999999999999999778e-01,7.471910112359550493e-03,1.000000000000000000e+00
7.374999999999999611e-02,3.374999999999999962e-03,3.075804487034940848e+02,5.999999999999999778e-01,7.471910112359550493e-03,1.000000000000000000e+00
7.624999999999999833e-02,3.374999999999999962e-03,3.081041967900254690e+02,5.999999999999999778e-01,7.471910112359550493e-03,1.000000000000000000e+00
7.875000000000000056e-02,3.374999999999999962e-03,3.086177842045978537e+02,5.999999999999999778e-01,7.471910112359550493e-03,1.000000000000000000e+00
8.125000000000000278e-02,3.374999999999999962e-03,3.091212988066101843e+02,5.999999999999999778e-01,7.471910112359550493e-03,1.000000000000000000e+00
8.375000000000000500e-02,3.374999999999999962e-03,3.096148499003817278e+02,5.999999999999999778e-01,7.471910112359550493e-03,1.000000000000000000e+00
8.625000000000000722e-02,3.374999999999999962e-03,3.100985633482790718e+02,5.999999999999999778e-01,7.471910112359550493e-03,1.000000000000000000e+00
8.874999999999999556e-02,3.374999999999999962e-03,3.105725776327001881e+02,5.999999999999999778e-01,7.471910112359550493e-03,1.000000000000000000e+00
9.124999999999999778e-02,3.374999999999999962e-03,3.110370406845230491e+02,5.999999999999999778e-01,7.471910112359550493e-03,1.000000000000000000e+00
9.375000000000000000e-02,3.374999999999999962e-03,3.114921071433910811e+02,5.999999999999999778e-01,7.471910112359550493e-03,1.000000000000000000e+00
9.625000000000000222e-02,3.374999999999999962e-03,3.119379120656238911e+02,5.999999999999999778e-01,7.471910112359550493e-03,1.000000000000000000e+00
9.875000000000000444e-02,3.374999999999999962e-03,3.123714235279014133e+02,5.999999999999999778e-01,7.471910112359550493e-03,1.000000000000000000e+00
1.250000000000000026e-03,3.625000000000000184e-03,2.931582794172109061e+02,5.999999999999999778e-01,7.471910112359550493e-03,1.000000000000000000e+00
3.749999999999999861e-03,3.625000000000000184e-03,2.931920640696855571e+02,5.999999999999999778e-01,7.471910112359550493e-03,1.000000000000000000e+00
6.250000000000000347e-03,3.625000000000000184e-03,2.932710879946384352e+02,5.999999999999999778e-01,7.471910112359550493e-03,1.000000000000000000e+00
8.750000000000000833e-03,3.625000000000000184e-03,2.934115183027906255e+02,5.999999999999999778e-01,7.471910112359550493e-03,1.000000000000000000e+00
1.124999999999999958e-02,3.625000000000000184e-03,2.936226858254472631e+02,5.999999999999999778e-01,7.471910112359550493e-03,1.000000000000000000e+00
1.375000000000000007e-02,3.625000000000000184e-03,2.939068969941985188e+02,5.999999999999999778e-01,7.471910112359550493e-03,1.000000000000000000e+00
1.625000000000000056e-02,3.625000000000000184e-03,2.942609186645260024e+02,5.999999999999999778e-01,7.471910112359550493e-03,1.000000000000000000e+00
1.874999999999999931e-02,3.625000000000000184e-03,2.946779343907319344e+02,5.999999999999999778e-01,7.471910112359550493e-03,1.000000000000000000e+00
2.125000000000000153e-02,3.625000000000000184e-03,2.951492937156712060e+02,5.999999999999999778e-01,7.471910112359550493e-03,1.000000000000000000e+00
2.375000000000000028e-02,3.625000000000000184e-03,2.956658071654713353e+02,5.999999999999999778e-01,7.471910112359550493e-03,1.000000000000000000e+00
2.624999999999999903e-02,3.625000000000000184e-03,2.962185817131895647e+02,5.999999999999999778e-01,7.471910112359550493e-03,1.000000000000000000e+00
2.875000000000000125e-02,3.625000000000000184e-03,2.967994890963912553e+02,5.999999999999999778e-01,7.471910112359550493e-03,1.000000000000000000e+00
3.125000000000000000e-02,3.625000000000000184e-03,2.974013771241917539e+02,5.999999999999999778e-01,7.471910112359550493e-03,1.000000000000000000e+00
3.375000000000000222e-02,3.625000000000000184e-03,2.980181180611511422e+02,5.999999999999999778e-01,7.471910112359550493e-03,1.000000000000000000e+00
3.624999999999999750e-02,3.625000000000000184e-03,2.986445633176412571e+02,5.999999999999999778e-01,7.471910112359550493e-03,1.000000000000000000e+00
3.874999999999999972e-02,3.625000000000000184e-03,2.992764508455495616e+02,5.999999999999999778e-01,7.471910112359550493e-03,1.000000000000000000e+00
4.125000000000000194e-02,3.625000000000000184e-03,2.999102941487067255e+02,5.999999999999999778e-01,7.471910112359550493e-03,1.000000000000000000e+00
4.375000000000000416e-02,3.625000000000000184e-03,3.005432696809482422e+02,5.999999999999999778e-01,7.471910112359550493e-03,1.000000000000000000e+00
4.624999999999999944e-02,3.625000000000000184e-03,3.011731115292998879e+02,5.999999999999999778e-01,7.471910112359550493e-03,1.000000000000000000e+00
4.875000000000000167e-02,3.625000000000000184e-03,3.017980174405714706e+02,5.999999999999999778e-01,7.471910112359550493e-03,1.000000000000000000e+00
5.125000000000000389e-02,3.625000000000000184e-03,3.024165674316803916e+02,5.999999999999999778e-01,7.471910112359550493e-03,1.000000000000000000e+00
5.374999999999999917e-02,3.625000000000000184e-03,3.030276546871609753e+02,5.999999999999999778e-01,7.471910112359550493e-03,1.000000000000000000e+00
5.625000000000000139e-02,3.625000000000000184e-03,3.036304276895575640e+02,5.999999999999999778e-01,7.471910112359550493e-03,1.000000000000000000e+00
5.875000000000000361e-02,3.625000000000000184e-03,3.042242422252846836e+02,5.999999999999999778e-01,7.471910112359550493e-03,1.000000000000000000e+00
6.124999999999999889e-02,3.625000000000000184e-03,3.048086218578621924e+02,5.999999999999999778e-01,7.471910112359550493e-03,1.000000000000000000e+00
6.375000000000000111e-02,3.625000000000000184e-03,3.053832255401330826e+02,5.999999999999999778e-01,7.471910112359550493e-03,1.000000000000000000e+00
6.625000000000000333e-02,3.625000000000000184e-03,3.059478211757879080e+02,5.999999999999999778e-01,7.471910112359550493e-03,1.000000000000000000e+00
6.875000000000000555e-02,3.625000000000000184e-03,3.065022640981175641e+02,5.999999999999999778e-01,7.471910112359550493e-03,1.000000000000000000e+00
7.125000000000000777e-02,3.625000000000000184e-03,3.070464795890195546e+02,5.999999999999999778e-01,7.471910112359550493e-03,1.000000000000000000e+00
7.374999999999999611e-02,3.625000000000000184e-03,3.075804487034941985e+02,5.999999999999999778e-01,7.471910112359550493e-03,1.000000000000000000e+00
7.624999999999999833e-02,3.625000000000000184e-03,3.081041967900254690e+02,5.999999999999999778e-01,7.471910112359550493e-03,1.000000000000000000e+00
7.875000000000000056e-02,3.625000000000000184e-03,3.086177842045978537e+02,5.999999999999999778e-01,7.471910112359550493e-03,1.000000000000000000e+00
8.125000000000000278e-02,3.625000000000000184e-03,3.091212988066102412e+02,5.999999999999999778e-01,7.471910112359550493e-03,1.000000000000000000e+00
8.375000000000000500e-02,3.625000000000000184e-03,3.096148499003818415e+02,5.999999999999999778e-01,7.471910112359550493e-03,1.000000000000000000e+00
8.625000000000000722e-02,3.625000000000000184e-03,3.100985633482790718e+02,5.999999999999999778e-01,7.471910112359550493e-03,1.000000000000000000e+00
8.874999999999999556e-02,3.625000000000000184e-03,3.105725776327002450e+02,5.999999999999999778e-01,7.471910112359550493e-03,1.000000000000000000e+00
9.124999999999999778e-02,3.625000000000000184e-03,3.110370406845230491e+02,5.999999999999999778e-01,7.471910112359550493e-03,1.000000000000000000e+00
9.375000000000000000e-02,3.625000000000000184e-03,3.114921071433911948e+02,5.999999999999999778e-01,7.471910112359550493e-03,1.000000000000000000e+00
9.625000000000000222e-02,3.625000000000000184e-03,3.119379120656239479e+02,5.999999999999999778e-01,7.471910112359550493e-03,1.000000000000000000e+00
9.875000000000000444e-02,3.625000000000000184e-03,3.123714235279014702e+02,5.999999999999999778e-01,7.471910112359550493e-03,1.000000000000000000e+00
1.250000000000000026e-03,3.874999999999999972e-03,2.931688816421861929e+02,5.999999999999999778e-01,7.322097378277154026e-03,1.000000000000000000e+00
3.749999999999999861e-03,3.874999999999999972e-03,2.932355775938539182e+02,5.999999999999999778e-01,7.322097378277154026e-03,1.000000000000000000e+00
6.250000000000000347e-03,3.874999999999999972e-03,2.933733123222820041e+02,5.999999999999999778e-01,7.322097378277154026e-03,1.000000000000000000e+00
8.750000000000000833e-03,3.874999999999999972e-03,2.935935609903694399e+02,5.999999999999999778e-01,7.322097378277154026e-03,1.000000000000000000e+00
1.124999999999999958e-02,3.874999999999999972e-03,2.938967598659192504e+02,5.999999999999999778e-01,7.322097378277154026e-03,1.000000000000000000e+00
1.375000000000000007e-02,3.874999999999999972e-03,2.942760592757829272e+02,5.999999999999999778e-01,7.322097378277154026e-03,1.000000000000000000e+00
1.625000000000000056e-02,3.874999999999999972e-03,2.947209975427919062e+02,5.999999999999999778e-01,7.322097378277154026e-03,1.000000000000000000e+00
1.874999999999999931e-02,3.874999999999999972e-03,2.952200775718489467e+02,5.999999999999999778e-01,7.322097378277154026e-03,1.000000000000000000e+00
2.125000000000000153e-02,3.874999999999999972e-03,2.957622492509832455e+02,5.999999999999999778e-01,7.322097378277154026e-03,1.000000000000000000e+00
2.375000000000000028e-02,3.874999999999999972e-03,2.963376132981296678e+02,5.999999999999999778e-01,7.322097378277154026e-03,1.000000000000000000e+00
2.624999999999999903e-02,3.874999999999999972e-03,2.969376577866570983e+02,5.999999999999999778e-01,7.322097378277154026e-03,1.000000000000000000e+00
2.875000000000000125e-02,3.874999999999999972e-03,2.975552475732252447e+02,5.999999999999999778e-01,7.322097378277154026e-03,1.000000000000000000e+00
3.125000000000000000e-02,3.874999999999999972e-03,2.981845002013161547e+02,5.999999999999999778e-01,7.322097378277154026e-03,1.000000000000000000e+00
3.375000000000000222e-02,3.874999999999999972e-03,2.988206215715447343e+02,5.999999999999999778e-01,7.322097378277154026e-03,1.000000000000000000e+00
3.624999999999999750e-02,3.874999999999999972e-03,2.994597382392461782e+02,5.999999999999999778e-01,7.322097378277154026e-03,1.000000000000000000e+00
3.874999999999999972e-02,3.874999999999999972e-03,3.000987429738115111e+02,5.999999999999999778e-01,7.322097378277154026e-03,1.000000000000000000e+00
4.125000000000000194e-02,3.874999999999999972e-03,3.007351596755665923e+02,5.999999999999999778e-01,7.322097378277154026e-03,1.000000000000000000e+00
4.375000000000000416e-02,3.874999999999999972e-03,3.013670285865942446e+02,5.999999999999999778e-01,7.322097378277154026e-03,1.000000000000000000e+00
4.624999999999999944e-02,3.874999999999999972e-03,3.019928104138874687e+02,5.999999999999999778e-01,7.322097378277154026e-03,1.000000000000000000e+00
4.875000000000000167e-02,3.874999999999999972e-03,3.026113071053730437e+02,5.999999999999999778e-01,7.322097378277154026e-03,1.000000000000000000e+00
5.125000000000000389e-02,3.874999999999999972e-03,3.032215968391328715e+02,5.999999999999999778e-01,7.322097378277154026e-03,1.000000000000000000e+00
5.374999999999999917e-02,3.874999999999999972e-03,3.038229809214799388e+02,5.999999999999999778e-01,7.322097378277154026e-03,1.000000000000000000e+00
5.625000000000000139e-02,3.874999999999999972e-03,3.044149405489254150e+02,5.999999999999999778e-01,7.322097378277154026e-03,1.000000000000000000e+00
5.875000000000000361e-02,3.874999999999999972e-03,3.049971016796348522e+02,5.999999999999999778e-01,7.322097378277154026e-03,1.000000000000000000e+00
6.124999999999999889e-02,3.874999999999999972e-03,3.055692065390299490e+02,5.999999999999999778e-01,7.322097378277154026e-03,1.000000000000000000e+00
6.375000000000000111e-02,3.874999999999999972e-03,3.061310905342737101e+02,5.999999999999999778e-01,7.322097378277154026e-03,1.000000000000000000e+00
6.625000000000000333e-02,3.874999999999999972e-03,3.066826635682909910e+02,5.999999999999999778e-01,7.322097378277154026e-03,1.000000000000000000e+00
6.875000000000000555e-02,3.874999999999999972e-03,3.072238949263643804e+02,5.999999999999999778e-01,7.322097378277154026e-03,1.000000000000000000e+00
7.125000000000000777e-02,3.874999999999999972e-03,3.077548010603028388e+02,5.999999999999999778e-01,7.322097378277154026e-03,1.000000000000000000e+00
7.374999999999999611e-02,3.874999999999999972e-03,3.082754357206581517e+02,5.999999999999999778e-01,7.322097378277154026e-03,1.000000000000000000e+00
7.624999999999999833e-02,3.874999999999999972e-03,3.087858819904396341e+02,5.999999999999999778e-01,7.322097378277154026e-03,1.000000000000000000e+00
7.875000000000000056e-02,3.874999999999999972e-03,3.092862458579514850e+02,5.999999999999999778e-01,7.322097378277154026e-03,1.000000000000000000e+00
8.125000000000000278e-02,3.874999999999999972e-03,3.097766510349576947e+02,5.999999999999999778e-01,7.322097378277154026e-03,1.000000000000000000e+00
8.375000000000000500e-02,3.874999999999999972e-03,3.102572347821576386e+02,5.999999999999999778e-01,7.322097378277154026e-03,1.000000000000000000e+00
8.625000000000000722e-02,3.874999999999999972e-03,3.107281445492398007e+02,5.999999999999999778e-01,7.322097378277154026e-03,1.000000000000000000e+00
8.874999999999999556e-02,3.874999999999999972e-03,3.111895352734933908e+02,5.999999999999999778e-01,7.322097378277154026e-03,1.000000000000000000e+00
9.124999999999999778e-02,3.874999999999999972e-03,3.116415672090443536e+02,5.999999999999999778e-01,7.322097378277154026e-03,1.000000000000000000e+00
9.375000000000000000e-02,3.874999999999999972e-03,3.120844039889614123e+02,5.999999999999999778e-01,7.322097378277154026e-03,1.000000000000000000e+00
9.625000000000000222e-02,3.874999999999999972e-03,3.125181866586179922e+02,5.999999999999999778e-01,7.322097378277154026e-03,1.000000000000000000e+00
9.875000000000000444e-02,3.874999999999999972e-03,3.129399121124179715e+02,5.999999999999999778e-01,7.322097378277154026e-03,1.000000000000000000e+00
1.250000000000000026e-03,4.125000000000000194e-03,2.932032736434504727e+02,5.999999999999999778e-01,7.022471910112358488e-03,1.000000000000000000e+00
3.749999999999999861e-03,4.125000000000000194e-03,2.933634357626260680e+02,5.999999999999999778e-01,7.022471910112358488e-03,1.000000000000000000e+00
6.250000000000000347e-03,4.125000000000000194e-03,2.936503598293871846e+02,5.999999999999999778e-01,7.022471910112358488e-03,1.000000000000000000e+00
8.750000000000000833e-03,4.125000000000000194e-03,2.940556496581998545e+02,5.999999999999999778e-01,7.022471910112358488e-03,1.000000000000000000e+00
1.124999999999999958e-02,4.125000000000000194e-03,2.945567319040295615e+02,5.999999999999999778e-01,7.022471910112358488e-03,1.000000000000000000e+00
1.375000000000000007e-02,4.125000000000000194e-03,2.951282725419961821e+02,5.999999999999999778e-01,7.022471910112358488e-03,1.000000000000000000e+00
1.625000000000000056e-02,4.125000000000000194e-03,2.957479493330518494e+02,5.999999999999999778e-01,7.022471910112358488e-03,1.000000000000000000e+00
1.874999999999999931e-02,4.125000000000000194e-03,2.963982492761423941e+02,5.999999999999999778e-01,7.022471910112358488e-03,1.000000000000000000e+00
2.125000000000000153e-02,4.125000000000000194e-03,2.970662855880707411e+02,5.999999999999999778e-01,7.022471910112358488e-03,1.000000000000000000e+00
2.375000000000000028e-02,4.125000000000000194e-03,2.977429144267608763e+02,5.999999999999999778e-01,7.022471910112358488e-03,1.000000000000000000e+00
2.624999999999999903e-02,4.125000000000000194e-03,2.984217743178491560e+02,5.999999999999999778e-01,7.022471910112358488e-03,1.000000000000000000e+00
2.875000000000000125e-02,4.125000000000000194e-03,2.990984802420028927e+02,5.999999999999999778e-01,7.022471910112358488e-03,1.000000000000000000e+00
3.125000000000000000e-02,4.125000000000000194e-03,2.997700186283939274e+02,5.999999999999999778e-01,7.022471910112358488e-03,1.000000000000000000e+00
3.375000000000000222e-02,4.125000000000000194e-03,3.004343186347958294e+02,5.999999999999999778e-01,7.022471910112358488e-03,1.000000000000000000e+00
3.624999999999999750e-02,4.125000000000000194e-03,3.010899575849250596e+02,5.999999999999999778e-01,7.022471910112358488e-03,1.000000000000000000e+00
3.874999999999999972e-02,4.125000000000000194e-03,3.017359615427004087e+02,5.999999999999999778e-01,7.022471910112358488e-03,1.000000000000000000e+00
4.125000000000000194e-02,4.125000000000000194e-03,3.023716708122115051e+02,5.999999999999999778e-01,7.022471910112358488e-03,1.000000000000000000e+00
4.375000000000000416e-02,4.125000000000000194e-03,3.029966488552794885e+02,5.999999999999999778e-01,7.022471910112358488e-03,1.000000000000000000e+00
4.624999999999999944e-02,4.125000000000000194e-03,3.036106199954105591e+02,5.999999999999999778e-01,7.022471910112358488e-03,1.000000000000000000e+00
4.875000000000000167e-02,4.125000000000000194e-03,3.042134262044759794e+02,5.999999999999999778e-01,7.022471910112358488e-03,1.000000000000000000e+00
5.125000000000000389e-02,4.125000000000000194e-03,3.048049966194715807e+02,5.999999999999999778e-01,7.022471910112358488e-03,1.000000000000000000e+00
5.374999999999999917e-02,4.125000000000000194e-03,3.053853256485582506e+02,5.999999999999999778e-01,7.022471910112358488e-03,1.000000000000000000e+00
5.625000000000000139e-02,4.125000000000000194e-03,3.059544569612263558e+02,5.999999999999999778e-01,7.022471910112358488e-03,1.000000000000000000e+00
5.875000000000000361e-02,4.125000000000000194e-03,3.065124715818488426e+02,5.999999999999999778e-01,7.022471910112358488e-03,1.000000000000000000e+00
6.124999999999999889e-02,4.125000000000000194e-03,3.070594789002018956e+02,5.999999999999999778e-01,7.022471910112358488e-03,1.000000000000000000e+00
6.375000000000000111e-02,4.125000000000000194e-03,3.075956097960686293e+02,5.999999999999999778e-01,7.022471910112358488e-03,1.000000000000000000e+00
6.625000000000000333e-02,4.125000000000000194e-03,3.081210113246020228e+02,5.999999999999999778e-01,7.022471910112358488e-03,1.000000000000000000e+00
6.875000000000000555e-02,4.125000000000000194e-03,3.086358425734942443e+02,5.999999999999999778e-01,7.022471910112358488e-03,1.000000000000000000e+00
7.125000000000000777e-02,4.125000000000000194e-03,3.091402714129782225e+02,5.999999999999999778e-01,7.022471910112358488e-03,1.000000000000000000e+00
7.374999999999999611e-02,4.125000000000000194e-03,3.096344719346113266e+02,5.999999999999999778e-01,7.022471910112358488e-03,1.000000000000000000e+00
7.624999999999999833e-02,4.125000000000000194e-03,3.101186224268658407e+02,5.999999999999999778e-01,7.022471910112358488e-03,1.000000000000000000e+00
7.875000000000000056e-02,4.125000000000000194e-03,3.105929037725111925e+02,5.999999999999999778e-01,7.022471910112358488e-03,1.000000000000000000e+00
8.125000000000000278e-02,4.125000000000000194e-03,3.110574981795348890e+02,5.999999999999999778e-01,7.022471910112358488e-03,1.000000000000000000e+00
8.375000000000000500e-02,4.125000000000000194e-03,3.115125881771030549e+02,5.999999999999999778e-01,7.022471910112358488e-03,1.000000000000000000e+00
8.625000000000000722e-02,4.125000000000000194e-03,3.119583558229042524e+02,5.999999999999999778e-01,7.022471910112358488e-03,1.000000000000000000e+00
8.874999999999999556e-02,4.125000000000000194e-03,3.123949820795033929e+02,5.999999999999999778e-01,7.022471910112358488e-03,1.000000000000000000e+00
9.124999999999999778e-02,4.125000000000000194e-03,3.128226463240314388e+02,5.999999999999999778e-01,7.022471910112358488e-03,1.000000000000000000e+00
9.375000000000000000e-02,4.125000000000000194e-03,3.132415257516961447e+02,5.999999999999999778e-01,7.022471910112358488e-03,1.000000000000000000e+00
9.625000000000000222e-02,4.125000000000000194e-03,3.136517698072550502e+02,5.999999999999999778e-01,7.022471910112358488e-03,1.000000000000000000e+00
9.875000000000000444e-02,4.125000000000000194e-03,3.140504297860400129e+02,5.999999999999999778e-01,7.022471910112358488e-03,1.000000000000000000e+00
1.250000000000000026e-03,4.375000000000000416e-03,2.933022874521572021e+02,5.999999999999999778e-01,6.573033707865169085e-03,1.000000000000000000e+00
3.749999999999999861e-03,4.375000000000000416e-03,2.936859174806238570e+02,5.999999999999999778e-01,6.573033707865169085e-03,1.000000000000000000e+00
6.250000000000000347e-03,4.375000000000000416e-03,2.942771549168931529e+02,5.999999999999999778e-01,6.573033707865169085e-03,1.000000000000000000e+00
8.750000000000000833e-03,4.375000000000000416e-03,2.950124824981958795e+02,5.999999999999999778e-01,6.573033707865169085e-03,1.000000000000000000e+00
1.124999999999999958e-02,4.375000000000000416e-03,2.958288632941881815e+02,5.999999999999999778e-01,6.573033707865169085e-03,1.000000000000000000e+00
1.375000000000000007e-02,4.375000000000000416e-03,2.966790446698469736e+02,5.999999999999999778e-01,6.573033707865169085e-03,1.000000000000000000e+00
1.625000000000000056e-02,4.375000000000000416e-03,2.975325095063200820e+02,5.999999999999999778e-01,6.573033707865169085e-03,1.000000000000000000e+00
1.874999999999999931e-02,4.375000000000000416e-03,2.983716128121238853e+02,5.999999999999999778e-01,6.573033707865169085e-03,1.000000000000000000e+00
2.125000000000000153e-02,4.375000000000000416e-03,2.991872982025649890e+02,5.999999999999999778e-01,6.573033707865169085e-03,1.000000000000000000e+00
2.375000000000000028e-02,4.375000000000000416e-03,2.999757647996798369e+02,5.999999999999999778e-01,6.573033707865169085e-03,1.000000000000000000e+00
2.624999999999999903e-02,4.375000000000000416e-03,3.007362127002591023e+02,5.999999999999999778e-01,6.573033707865169085e-03,1.000000000000000000e+00
2.875000000000000125e-02,4.375000000000000416e-03,3.014694304226991335e+02,5.999999999999999778e-01,6.573033707865169085e-03,1.000000000000000000e+00
3.125000000000000000e-02,4.375000000000000416e-03,3.021769549610162358e+02,5.999999999999999778e-01,6.573033707865169085e-03,1.000000000000000000e+00
3.375000000000000222e-02,4.375000000000000416e-03,3.028605947087617096e+02,5.999999999999999778e-01,6.573033707865169085e-03,1.000000000000000000e+00
3.624999999999999750e-02,4.375000000000000416e-03,3.035221725114320748e+02,5.999999999999999778e-01,6.573033707865169085e-03,1.000000000000000000e+00
3.874999999999999972e-02,4.375000000000000416e-03,3.041633979178767504e+02,5.999999999999999778e-01,6.573033707865169085e-03,1.000000000000000000e+00
4.125000000000000194e-02,4.375000000000000416e-03,3.047858128878052071e+02,5.999999999999999778e-01,6.573033707865169085e-03,1.000000000000000000e+00
4.375000000000000416e-02,4.375000000000000416e-03,3.053907776656133137e+02,5.999999999999999778e-01,6.573033707865169085e-03,1.000000000000000000e+00
4.624999999999999944e-02,4.375000000000000416e-03,3.059794773702485600e+02,5.999999999999999778e-01,6.573033707865169085e-03,1.000000000000000000e+00
4.875000000000000167e-02,4.375000000000000416e-03,3.065529381957815076e+02,5.999999999999999778e-01,6.573033707865169085e-03,1.000000000000000000e+00
5.125000000000000389e-02,4.375000000000000416e-03,3.071120470670290956e+02,5.999999999999999778e-01,6.573033707865169085e-03,1.000000000000000000e+00
5.374999999999999917e-02,4.375000000000000416e-03,3.076575714859883988e+02,5.999999999999999778e-01,6.573033707865169085e-03,1.000000000000000000e+00
5.625000000000000139e-02,4.375000000000000416e-03,3.081901779647670310e+02,5.999999999999999778e-01,6.573033707865169085e-03,1.000000000000000000e+00
5.875000000000000361e-02,4.375000000000000416e-03,3.087104483718689494e+02,5.999999999999999778e-01,6.573033707865169085e-03,1.000000000000000000e+00
6.124999999999999889e-02,4.375000000000000416e-03,3.092188940233503445e+02,5.999999999999999778e-01,6.573033707865169085e-03,1.000000000000000000e+00
6.375000000000000111e-02,4.375000000000000416e-03,3.097159676087711659e+02,5.999999999999999778e-01,6.573033707865169085e-03,1.000000000000000000e+00
6.625000000000000333e-02,4.375000000000000416e-03,3.102020731607196353e+02,5.999999999999999778e-01,6.573033707865169085e-03,1.000000000000000000e+00
6.875000000000000555e-02,4.375000000000000416e-03,3.106775743185621081e+02,5.999999999999999778e-01,6.573033707865169085e-03,1.000000000000000000e+00
7.125000000000000777e-02,4.375000000000000416e-03,3.111428011383228522e+02,5.999999999999999778e-01,6.573033707865169085e-03,1.000000000000000000e+00
7.374999999999999611e-02,4.375000000000000416e-03,3.115980556819889102e+02,5.999999999999999778e-01,6.573033707865169085e-03,1.000000000000000000e+00
7.624999999999999833e-02,4.375000000000000416e-03,3.120436165926863623e+02,5.999999999999999778e-01,6.573033707865169085e-03,1.000000000000000000e+00
7.875000000000000056e-02,4.375000000000000416e-03,3.124797428333759512e+02,5.999999999999999778e-01,6.573033707865169085e-03,1.000000000000000000e+00
8.125000000000000278e-02,4.375000000000000416e-03,3.129066767391567510e+02,5.999999999999999778e-01,6.573033707865169085e-03,1.000000000000000000e+00
8.375000000000000500e-02,4.375000000000000416e-03,3.133246465084156398e+02,5.999999999999999778e-01,6.573033707865169085e-03,1.000000000000000000e+00
8.625000000000000722e-02,4.375000000000000416e-03,3.137338682364234046e+02,5.999999999999999778e-01,6.573033707865169085e-03,1.000000000000000000e+00
8.874999999999999556e-02,4.375000000000000416e-03,3.141345475764977664e+02,5.999999999999999778e-01,6.573033707865169085e-03,1.000000000000000000e+00
9.124999999999999778e-02,4.375000000000000416e-03,3.145268810956279708e+02,5.999999999999999778e-01,6.573033707865169085e-03,1.000000000000000000e+00
9.375000000000000000e-02,4.375000000000000416e-03,3.149110571381770569e+02,5.999999999999999778e-01,6.573033707865169085e-03,1.000000000000000000e+00
9.625000000000000222e-02,4.375000000000000416e-03,3.152872303112420127e+02,5.999999999999999778e-01,6.573033707865169085e-03,1.000000000000000000e+00
9.875000000000000444e-02,4.375000000000000416e-03,3.156525273153374087e+02,5.999999999999999778e-01,6.573033707865169085e-03,1.000000000000000000e+00
1.250000000000000026e-03,4.624999999999999771e-03,2.935748498981805596e+02,5.999999999999999778e-01,5.973782771535580613e-03,1.000000000000000000e+00
3.749999999999999861e-03,4.624999999999999771e-03,2.944455040742673191e+02,5.999999999999999778e-01,5.973782771535580613e-03,1.000000000000000000e+00
6.250000000000000347e-03,4.624999999999999771e-03,2.955793597129249974e+02,5.999999999999999778e-01,5.973782771535580613e-03,1.000000000000000000e+00
8.750000000000000833e-03,4.624999999999999771e-03,2.968103102997528140e+02,5.999999999999999778e-01,5.973782771535580613e-03,1.000000000000000000e+00
1.124999999999999958e-02,4.624999999999999771e-03,2.980352521656477052e+02,5.999999999999999778e-01,5.973782771535580613e-03,1.000000000000000000e+00
1.375000000000000007e-02,4.624999999999999771e-03,2.992030744677238090e+02,5.999999999999999778e-01,5.973782771535580613e-03,1.000000000000000000e+00
1.625000000000000056e-02,4.624999999999999771e-03,3.002942627165371050e+02,5.999999999999999778e-01,5.973782771535580613e-03,1.000000000000000000e+00
1.874999999999999931e-02,4.624999999999999771e-03,3.013058188201814005e+02,5.999999999999999778e-01,5.973782771535580613e-03,1.000000000000000000e+00
2.125000000000000153e-02,4.624999999999999771e-03,3.022423823894708903e+02,5.999999999999999778e-01,5.973782771535580613e-03,1.000000000000000000e+00
2.375000000000000028e-02,4.624999999999999771e-03,3.031115345776939876e+02,5.999999999999999778e-01,5.973782771535580613e-03,1.000000000000000000e+00
2.624999999999999903e-02,4.624999999999999771e-03,3.039214867043411914e+02,5.999999999999999778e-01,5.973782771535580613e-03,1.000000000000000000e+00
2.875000000000000125e-02,4.624999999999999771e-03,3.046800276554060929e+02,5.999999999999999778e-01,5.973782771535580613e-03,1.000000000000000000e+00
3.125000000000000000e-02,4.624999999999999771e-03,3.053941066179239670e+02,5.999999999999999778e-01,5.973782771535580613e-03,1.000000000000000000e+00
3.375000000000000222e-02,4.624999999999999771e-03,3.060697244898011036e+02,5.999999999999999778e-01,5.973782771535580613e-03,1.000000000000000000e+00
3.624999999999999750e-02,4.624999999999999771e-03,3.067119674604354032e+02,5.999999999999999778e-01,5.973782771535580613e-03,1.000000000000000000e+00
3.874999999999999972e-02,4.624999999999999771e-03,3.073250994041497393e+02,5.999999999999999778e-01,5.973782771535580613e-03,1.000000000000000000e+00
4.125000000000000194e-02,4.624999999999999771e-03,3.079126722209222180e+02,5.999999999999999778e-01,5.973782771535580613e-03,1.000000000000000000e+00
4.375000000000000416e-02,4.624999999999999771e-03,3.084776348435207183e+02,5.999999999999999778e-01,5.973782771535580613e-03,1.000000000000000000e+00
4.624999999999999944e-02,4.624999999999999771e-03,3.090224325401255214e+02,5.999999999999999778e-01,5.973782771535580613e-03,1.000000000000000000e+00
4.875000000000000167e-02,4.624999999999999771e-03,3.095490935927139731e+02,5.999999999999999778e-01,5.973782771535580613e-03,1.000000000000000000e+00
5.125000000000000389e-02,4.624999999999999771e-03,3.100593030795504887e+02,5.999999999999999778e-01,5.973782771535580613e-03,1.000000000000000000e+00
5.374999999999999917e-02,4.624999999999999771e-03,3.105544646964915501e+02,5.999999999999999778e-01,5.973782771535580613e-03,1.000000000000000000e+00
5.625000000000000139e-02,4.624999999999999771e-03,3.110357520212329518e+02,5.999999999999999778e-01,5.973782771535580613e-03,1.000000000000000000e+00
5.875000000000000361e-02,4.624999999999999771e-03,3.115041507252158794e+02,5.999999999999999778e-01,5.973782771535580613e-03,1.000000000000000000e+00
6.124999999999999889e-02,4.624999999999999771e-03,3.119604931628372242e+02,5.999999999999999778e-01,5.973782771535580613e-03,1.000000000000000000e+00
6.375000000000000111e-02,4.624999999999999771e-03,3.124054866179273517e+02,5.999999999999999778e-01,5.973782771535580613e-03,1.000000000000000000e+00
6.625000000000000333e-02,4.624999999999999771e-03,3.128397363152070056e+02,5.999999999999999778e-01,5.973782771535580613e-03,1.000000000000000000e+00
6.875000000000000555e-02,4.624999999999999771e-03,3.132637641353214804e+02,5.999999999999999778e-01,5.973782771535580613e-03,1.000000000000000000e+00
7.125000000000000777e-02,4.624999999999999771e-03,3.136780238178707805e+02,5.999999999999999778e-01,5.973782771535580613e-03,1.000000000000000000e+00
7.374999999999999611e-02,4.624999999999999771e-03,3.140829133018509083e+02,5.999999999999999778e-01,5.973782771535580613e-03,1.000000000000000000e+00
7.624999999999999833e-02,4.624999999999999771e-03,3.144787847376640570e+02,5.999999999999999778e-01,5.973782771535580613e-03,1.000000000000000000e+00
7.875000000000000056e-02,4.624999999999999771e-03,3.148659526080197111e+02,5.999999999999999778e-01,5.973782771535580613e-03,1.000000000000000000e+00
8.125000000000000278e-02,4.624999999999999771e-03,3.152447003145847475e+02,5.999999999999999778e-01,5.973782771535580613e-03,1.000000000000000000e+00
8.375000000000000500e-02,4.624999999999999771e-03,3.156152855208750907e+02,5.999999999999999778e-01,5.973782771535580613e-03,1.000000000000000000e+00
8.625000000000000722e-02,4.624999999999999771e-03,3.159779444874440060e+02,5.999999999999999778e-01,5.973782771535580613e-03,1.000000000000000000e+00
8.874999999999999556e-02,4.624999999999999771e-03,3.163328955908227726e+02,5.999999999999999778e-01,5.973782771535580613e-03,1.000000000000000000e+00
9.124999999999999778e-02,4.624999999999999771e-03,3.166803421771629132e+02,5.999999999999999778e-01,5.973782771535580613e-03,1.000000000000000000e+00
9.375000000000000000e-02,4.624999999999999771e-03,3.170204745818385277e+02,5.999999999999999778e-01,5.973782771535580613e-03,1.000000000000000000e+00
9.625000000000000222e-02,4.624999999999999771e-03,3.173534438934429431e+02,5.999999999999999778e-01,5.973782771535580613e-03,1.000000000000000000e+00
9.875000000000000444e-02,4.624999999999999771e-03,3.176764710563022049e+02,5.999999999999999778e-01,5.973782771535580613e-03,1.000000000000000000e+00
1.250000000000000026e-03,4.874999999999999993e-03,2.942892310082967811e+02,5.999999999999999778e-01,5.224719101123595673e-03,1.000000000000000000e+00
3.749999999999999861e-03,4.874999999999999993e-03,2.961083167146758797e+02,5.999999999999999778e-01,5.224719101123595673e-03,1.000000000000000000e+00
6.250000000000000347e-03,4.874999999999999993e-03,2.980602953273426010e+02,5.999999999999999778e-01,5.224719101123595673e-03,1.000000000000000000e+00
8.750000000000000833e-03,4.874999999999999993e-03,2.998889208254478262e+02,5.999999999999999778e-01,5.224719101123595673e-03,1.000000000000000000e+00
1.124999999999999958e-02,4.874999999999999993e-03,3.015166831931242086e+02,5.999999999999999778e-01,5.224719101123595673e-03,1.000000000000000000e+00
1.375000000000000007e-02,4.874999999999999993e-03,3.029429124398056388e+02,5.999999999999999778e-01,5.224719101123595673e-03,1.000000000000000000e+00
1.625000000000000056e-02,4.874999999999999993e-03,3.041921214201256589e+02,5.999999999999999778e-01,5.224719101123595673e-03,1.000000000000000000e+00
1.874999999999999931e-02,4.874999999999999993e-03,3.052932319474975884e+02,5.999999999999999778e-01,5.224719101123595673e-03,1.000000000000000000e+00
2.125000000000000153e-02,4.874999999999999993e-03,3.062725731141590586e+02,5.999999999999999778e-01,5.224719101123595673e-03,1.000000000000000000e+00
2.375000000000000028e-02,4.874999999999999993e-03,3.071521916987240957e+02,5.999999999999999778e-01,5.224719101123595673e-03,1.000000000000000000e+00
2.624999999999999903e-02,4.874999999999999993e-03,3.079499764156176980e+02,5.999999999999999778e-01,5.224719101123595673e-03,1.000000000000000000e+00
2.875000000000000125e-02,4.874999999999999993e-03,3.086802811769818504e+02,5.999999999999999778e-01,5.224719101123595673e-03,1.000000000000000000e+00
3.125000000000000000e-02,4.874999999999999993e-03,3.093545947975676427e+02,5.999999999999999778e-01,5.224719101123595673e-03,1.000000000000000000e+00
3.375000000000000222e-02,4.874999999999999993e-03,3.099821237117367900e+02,5.999999999999999778e-01,5.224719101123595673e-03,1.000000000000000000e+00
3.624999999999999750e-02,4.874999999999999993e-03,3.105702648351757489e+02,5.999999999999999778e-01,5.224719101123595673e-03,1.000000000000000000e+00
3.874999999999999972e-02,4.874999999999999993e-03,3.111249796998474721e+02,5.999999999999999778e-01,5.224719101123595673e-03,1.000000000000000000e+00
4.125000000000000194e-02,4.874999999999999993e-03,3.116510882937312772e+02,5.999999999999999778e-01,5.224719101123595673e-03,1.000000000000000000e+00
4.375000000000000416e-02,4.874999999999999993e-03,3.121524998974556411e+02,5.999999999999999778e-01,5.224719101123595673e-03,1.000000000000000000e+00
4.624999999999999944e-02,4.874999999999999993e-03,3.126323950319722371e+02,5.999999999999999778e-01,5.224719101123595673e-03,1.000000000000000000e+00
4.875000000000000167e-02,4.874999999999999993e-03,3.130933694827871250e+02,5.999999999999999778e-01,5.224719101123595673e-03,1.000000000000000000e+00
5.125000000000000389e-02,4.874999999999999993e-03,3.135375487826448193e+02,5.999999999999999778e-01,5.224719101123595673e-03,1.000000000000000000e+00
5.374999999999999917e-02,4.874999999999999993e-03,3.139666795488411708e+02,5.999999999999999778e-01,5.224719101123595673e-03,1.000000000000000000e+00
5.625000000000000139e-02,4.874999999999999993e-03,3.143822025798214099e+02,5.999999999999999778e-01,5.224719101123595673e-03,1.000000000000000000e+00
5.875000000000000361e-02,4.874999999999999993e-03,3.147853115000476691e+02,5.999999999999999778e-01,5.224719101123595673e-03,1.000000000000000000e+00
6.124999999999999889e-02,4.874999999999999993e-03,3.151769999035510637e+02,5.999999999999999778e-01,5.224719101123595673e-03,1.000000000000000000e+00
6.375000000000000111e-02,4.874999999999999993e-03,3.155580993106717074e+02,5.999999999999999778e-01,5.224719101123595673e-03,1.000000000000000000e+00
6.625000000000000333e-02,4.874999999999999993e-03,3.159293097653595623e+02,5.999999999999999778e-01,5.224719101123595673e-03,1.000000000000000000e+00
6.875000000000000555e-02,4.874999999999999993e-03,3.162912245235136766e+02,5.999999999999999778e-01,5.224719101123595673e-03,1.000000000000000000e+00
7.125000000000000777e-02,4.874999999999999993e-03,3.166443499886561312e+02,5.999999999999999778e-01,5.224719101123595673e-03,1.000000000000000000e+00
7.374999999999999611e-02,4.874999999999999993e-03,3.169891218198359297e+02,5.999999999999999778e-01,5.224719101123595673e-03,1.000000000000000000e+00
7.624999999999999833e-02,4.874999999999999993e-03,3.173259179535195926e+02,5.999999999999999778e-01,5.224719101123595673e-03,1.000000000000000000e+00
7.875000000000000056e-02,4.874999999999999993e-03,3.176550691355573122e+02,5.999999999999999778e-01,5.224719101123595673e-03,1.000000000000000000e+00
8.125000000000000278e-02,4.874999999999999993e-03,3.179768674429865882e+02,5.999999999999999778e-01,5.224719101123595673e-03,1.000000000000000000e+00
8.375000000000000500e-02,4.874999999999999993e-03,3.182915731822574230e+02,5.999999999999999778e-01,5.224719101123595673e-03,1.000000000000000000e+00
8.625000000000000722e-02,4.874999999999999993e-03,3.185994204756501631e+02,5.999999999999999778e-01,5.224719101123595673e-03,1.000000000000000000e+00
8.874999999999999556e-02,4.874999999999999993e-03,3.189006217872308184e+02,5.999999999999999778e-01,5.224719101123595673e-03,1.000000000000000000e+00
9.124999999999999778e-02,4.874999999999999993e-03,3.191953715840024302e+02,5.999999999999999778e-01,5.224719101123595673e-03,1.000000000000000000e+00
9.375000000000000000e-02,4.874999999999999993e-03,3.194838489178561076e+02,5.999999999999999778e-01,5.224719101123595673e-03,1.000000000000000000e+00
9.625000000000000222e-02,4.874999999999999993e-03,3.197661894341787274e+02,5.999999999999999778e-01,5.224719101123595673e-03,1.000000000000000000e+00
9.875000000000000444e-02,4.874999999999999993e-03,3.200397334580183042e+02,5.999999999999999778e-01,5.224719101123595673e-03,1.000000000000000000e+00
1.250000000000000026e-03,5.125000000000000215e-03,2.960448740981939295e+02,5.999999999999999778e-01,4.325842696629211663e-03,1.000000000000000000e+00
3.749999999999999861e-03,5.125000000000000215e-03,2.994251173209134436e+02,5.999999999999999778e-01,4.325842696629211663e-03,1.000000000000000000e+00
6.250000000000000347e-03,5.125000000000000215e-03,3.023187101795725766e+02,5.999999999999999778e-01,4.325842696629211663e-03,1.000000000000000000e+00
8.750000000000000833e-03,5.125000000000000215e-03,3.046335378198382955e+02,5.999999999999999778e-01,4.325842696629211663e-03,1.000000000000000000e+00
1.124999999999999958e-02,5.125000000000000215e-03,3.064813475827336902e+02,5.999999999999999778e-01,4.325842696629211663e-03,1.000000000000000000e+00
1.375000000000000007e-02,5.125000000000000215e-03,3.079823491664121207e+02,5.999999999999999778e-01,4.325842696629211663e-03,1.000000000000000000e+00
1.625000000000000056e-02,5.125000000000000215e-03,3.092282061901951806e+02,5.999999999999999778e-01,4.325842696629211663e-03,1.000000000000000000e+00
1.874999999999999931e-02,5.125000000000000215e-03,3.102838424182582457e+02,5.999999999999999778e-01,4.325842696629211663e-03,1.000000000000000000e+00
2.125000000000000153e-02,5.125000000000000215e-03,3.111949340167466289e+02,5.999999999999999778e-01,4.325842696629211663e-03,1.000000000000000000e+00
2.375000000000000028e-02,5.125000000000000215e-03,3.119940953619977790e+02,5.999999999999999778e-01,4.325842696629211663e-03,1.000000000000000000e+00
2.624999999999999903e-02,5.125000000000000215e-03,3.127051026091397716e+02,5.999999999999999778e-01,4.325842696629211663e-03,1.000000000000000000e+00
2.875000000000000125e-02,5.125000000000000215e-03,3.133456514286281163e+02,5.999999999999999778e-01,4.325842696629211663e-03,1.000000000000000000e+00
3.125000000000000000e-02,5.125000000000000215e-03,3.139291572776146495e+02,5.999999999999999778e-01,4.325842696629211663e-03,1.000000000000000000e+00
3.375000000000000222e-02,5.125000000000000215e-03,3.144659504962568235e+02,5.999999999999999778e-01,4.325842696629211663e-03,1.000000000000000000e+00
3.624999999999999750e-02,5.125000000000000215e-03,3.149640883740152049e+02,5.999999999999999778e-01,4.325842696629211663e-03,1.000000000000000000e+00
3.874999999999999972e-02,5.125000000000000215e-03,3.154299210032258429e+02,5.999999999999999778e-01,4.325842696629211663e-03,1.000000000000000000e+00
4.125000000000000194e-02,5.125000000000000215e-03,3.158684953785449352e+02,5.999999999999999778e-01,4.325842696629211663e-03,1.000000000000000000e+00
4.375000000000000416e-02,5.125000000000000215e-03,3.162838505908762841e+02,5.999999999999999778e-01,4.325842696629211663e-03,1.000000000000000000e+00
4.624999999999999944e-02,5.125000000000000215e-03,3.166792378228657299e+02,5.999999999999999778e-01,4.325842696629211663e-03,1.000000000000000000e+00
4.875000000000000167e-02,5.125000000000000215e-03,3.170572871258908094e+02,5.999999999999999778e-01,4.325842696629211663e-03,1.000000000000000000e+00
5.125000000000000389e-02,5.125000000000000215e-03,3.174201356569994346e+02,5.999999999999999778e-01,4.325842696629211663e-03,1.000000000000000000e+00
5.374999999999999917e-02,5.125000000000000215e-03,3.177695274215466839e+02,5.999999999999999778e-01,4.325842696629211663e-03,1.000000000000000000e+00
5.625000000000000139e-02,5.125000000000000215e-03,3.181068915657143066e+02,5.999999999999999778e-01,4.325842696629211663e-03,1.000000000000000000e+00
5.875000000000000361e-02,5.125000000000000215e-03,3.184334042741681401e+02,5.999999999999999778e-01,4.325842696629211663e-03,1.000000000000000000e+00
6.124999999999999889e-02,5.125000000000000215e-03,3.187500379789331646e+02,5.999999999999999778e-01,4.325842696629211663e-03,1.000000000000000000e+00
6.375000000000000111e-02,5.125000000000000215e-03,3.190576006483807987e+02,5.999999999999999778e-01,4.325842696629211663e-03,1.000000000000000000e+00
6.625000000000000333e-02,5.125000000000000215e-03,3.193567672589834956e+02,5.999999999999999778e-01,4.325842696629211663e-03,1.000000000000000000e+00
6.875000000000000555e-02,5.125000000000000215e-03,3.196481050684112120e+02,5.999999999999999778e-01,4.325842696629211663e-03,1.000000000000000000e+00
7.125000000000000777e-02,5.125000000000000215e-03,3.199320939498061875e+02,5.999999999999999778e-01,4.325842696629211663e-03,1.000000000000000000e+00
7.374999999999999611e-02,5.125000000000000215e-03,3.202091427765674894e+02,5.999999999999999778e-01,4.325842696629211663e-03,1.000000000000000000e+00
7.624999999999999833e-02,5.125000000000000215e-03,3.204796026399779976e+02,5.999999999999999778e-01,4.325842696629211663e-03,1.000000000000000000e+00
7.875000000000000056e-02,5.125000000000000215e-03,3.207437775216756108e+02,5.999999999999999778e-01,4.325842696629211663e-03,1.000000000000000000e+00
8.125000000000000278e-02,5.125000000000000215e-03,3.210019329175523808e+02,5.999999999999999778e-01,4.325842696629211663e-03,1.000000000000000000e+00
8.375000000000000500e-02,5.125000000000000215e-03,3.212543028107861574e+02,5.999999999999999778e-01,4.325842696629211663e-03,1.000000000000000000e+00
8.625000000000000722e-02,5.125000000000000215e-03,3.215010953132660916e+02,5.999999999999999778e-01,4.325842696629211663e-03,1.000000000000000000e+00
8.874999999999999556e-02,5.125000000000000215e-03,3.217424972316142657e+02,5.999999999999999778e-01,4.325842696629211663e-03,1.000000000000000000e+00
9.124999999999999778e-02,5.125000000000000215e-03,3.219786777510444722e+02,5.999999999999999778e-01,4.325842696629211663e-03,1.000000000000000000e+00
9.375000000000000000e-02,5.125000000000000215e-03,3.222097908925595675e+02,5.999999999999999778e-01,4.325842696629211663e-03,1.000000000000000000e+00
9.625000000000000222e-02,5.125000000000000215e-03,3.224359448787795941e+02,5.999999999999999778e-01,4.325842696629211663e-03,1.000000000000000000e+00
9.875000000000000444e-02,5.125000000000000215e-03,3.226546486778457279e+02,5.999999999999999778e-01,4.325842696629211663e-03,1.000000000000000000e+00
1.250000000000000026e-03,5.375000000000000437e-03,3.000056613418651068e+02,5.999999999999999778e-01,3.277153558052431619e-03,1.000000000000000000e+00
3.749999999999999861e-03,5.375000000000000437e-03,3.052935191771973678e+02,5.999999999999999778e-01,3.277153558052431619e-03,1.000000000000000000e+00
6.250000000000000347e-03,5.375000000000000437e-03,3.087629964796045670e+02,5.999999999999999778e-01,3.277153558052431619e-03,1.000000000000000000e+00
8.750000000000000833e-03,5.375000000000000437e-03,3.111268568850809970e+02,5.999999999999999778e-01,3.277153558052431619e-03,1.000000000000000000e+00
1.124999999999999958e-02,5.375000000000000437e-03,3.128416524564891574e+02,5.999999999999999778e-01,3.277153558052431619e-03,1.000000000000000000e+00
1.375000000000000007e-02,5.375000000000000437e-03,3.141552183538861982e+02,5.999999999999999778e-01,3.277153558052431619e-03,1.000000000000000000e+00
1.625000000000000056e-02,5.375000000000000437e-03,3.152048437807565051e+02,5.999999999999999778e-01,3.277153558052431619e-03,1.000000000000000000e+00
1.874999999999999931e-02,5.375000000000000437e-03,3.160712332518978656e+02,5.999999999999999778e-01,3.277153558052431619e-03,1.000000000000000000e+00
2.125000000000000153e-02,5.375000000000000437e-03,3.168048466701097823e+02,5.999999999999999778e-01,3.277153558052431619e-03,1.000000000000000000e+00
2.375000000000000028e-02,5.375000000000000437e-03,3.174389827913989279e+02,5.999999999999999778e-01,3.277153558052431619e-03,1.000000000000000000e+00
2.624999999999999903e-02,5.375000000000000437e-03,3.179966187627929344e+02,5.999999999999999778e-01,3.277153558052431619e-03,1.000000000000000000e+00
2.875000000000000125e-02,5.375000000000000437e-03,3.184941928661606312e+02,5.999999999999999778e-01,3.277153558052431619e-03,1.000000000000000000e+00
3.125000000000000000e-02,5.375000000000000437e-03,3.189438104620427339e+02,5.999999999999999778e-01,3.277153558052431619e-03,1.000000000000000000e+00
3.375000000000000222e-02,5.375000000000000437e-03,3.193545932942797663e+02,5.999999999999999778e-01,3.277153558052431619e-03,1.000000000000000000e+00
3.624999999999999750e-02,5.375000000000000437e-03,3.197335408111626407e+02,5.999999999999999778e-01,3.277153558052431619e-03,1.000000000000000000e+00
3.874999999999999972e-02,5.375000000000000437e-03,3.200861013920405185e+02,5.999999999999999778e-01,3.277153558052431619e-03,1.000000000000000000e+00
4.125000000000000194e-02,5.375000000000000437e-03,3.204165643095769838e+02,5.999999999999999778e-01,3.277153558052431619e-03,1.000000000000000000e+00
4.375000000000000416e-02,5.375000000000000437e-03,3.207283368925670288e+02,5.999999999999999778e-01,3.277153558052431619e-03,1.000000000000000000e+00
4.624999999999999944e-02,5.375000000000000437e-03,3.210241456936297482e+02,5.999999999999999778e-01,3.277153558052431619e-03,1.000000000000000000e+00
4.875000000000000167e-02,5.375000000000000437e-03,3.213061857764133720e+02,5.999999999999999778e-01,3.277153558052431619e-03,1.000000000000000000e+00
5.125000000000000389e-02,5.375000000000000437e-03,3.215762335695781644e+02,5.999999999999999778e-01,3.277153558052431619e-03,1.000000000000000000e+00
5.374999999999999917e-02,5.375000000000000437e-03,3.218357334762079063e+02,5.999999999999999778e-01,3.277153558052431619e-03,1.000000000000000000e+00
5.625000000000000139e-02,5.375000000000000437e-03,3.220858651507998616e+02,5.999999999999999778e-01,3.277153558052431619e-03,1.000000000000000000e+00
5.875000000000000361e-02,5.375000000000000437e-03,3.223275962604766960e+02,5.999999999999999778e-01,3.277153558052431619e-03,1.000000000000000000e+00
6.124999999999999889e-02,5.375000000000000437e-03,3.225617241715405044e+02,5.999999999999999778e-01,3.277153558052431619e-03,1.000000000000000000e+00
6.375000000000000111e-02,5.375000000000000437e-03,3.227889090758648649e+02,5.999999999999999778e-01,3.277153558052431619e-03,1.000000000000000000e+00
6.625000000000000333e-02,5.375000000000000437e-03,3.230097004312760305e+02,5.999999999999999778e-01,3.277153558052431619e-03,1.000000000000000000e+00
6.875000000000000555e-02,5.375000000000000437e-03,3.232245581366300939e+02,5.999999999999999778e-01,3.277153558052431619e-03,1.000000000000000000e+00
7.125000000000000777e-02,5.375000000000000437e-03,3.234338695338007597e+02,5.999999999999999778e-01,3.277153558052431619e-03,1.000000000000000000e+00
7.374999999999999611e-02,5.375000000000000437e-03,3.236379630859041185e+02,5.999999999999999778e-01,3.277153558052431619e-03,1.000000000000000000e+00
7.624999999999999833e-02,5.375000000000000437e-03,3.238371193982511613e+02,5.999999999999999778e-01,3.277153558052431619e-03,1.000000000000000000e+00
7.875000000000000056e-02,5.375000000000000437e-03,3.240315801087929231e+02,5.999999999999999778e-01,3.277153558052431619e-03,1.000000000000000000e+00
8.125000000000000278e-02,5.375000000000000437e-03,3.242215550667066850e+02,5.999999999999999778e-01,3.277153558052431619e-03,1.000000000000000000e+00
8.375000000000000500e-02,5.375000000000000437e-03,3.244072281332511807e+02,5.999999999999999778e-01,3.277153558052431619e-03,1.000000000000000000e+00
8.625000000000000722e-02,5.375000000000000437e-03,3.245887618723792230e+02,5.999999999999999778e-01,3.277153558052431619e-03,1.000000000000000000e+00
8.874999999999999556e-02,5.375000000000000437e-03,3.247663013446674540e+02,5.999999999999999778e-01,3.277153558052431619e-03,1.000000000000000000e+00
9.124999999999999778e-02,5.375000000000000437e-03,3.249399771526893801e+02,5.999999999999999778e-01,3.277153558052431619e-03,1.000000000000000000e+00
9.375000000000000000e-02,5.375000000000000437e-03,3.251099071679172994e+02,5.999999999999999778e-01,3.277153558052431619e-03,1.000000000000000000e+00
9.625000000000000222e-02,5.375000000000000437e-03,3.252761632194580557e+02,5.999999999999999778e-01,3.277153558052431619e-03,1.000000000000000000e+00
9.875000000000000444e-02,5.375000000000000437e-03,3.254365262277220836e+02,5.999999999999999778e-01,3.277153558052431619e-03,1.000000000000000000e+00
1.250000000000000026e-03,5.624999999999999792e-03,3.079636953060977476e+02,5.999999999999999778e-01,2.078651685393259878e-03,1.000000000000000000e+00
3.749999999999999861e-03,5.624999999999999792e-03,3.141982602746295470e+02,5.999999999999999778e-01,2.078651685393259878e-03,1.000000000000000000e+00
6.250000000000000347e-03,5.624999999999999792e-03,3.171986156704463156e+02,5.999999999999999778e-01,2.078651685393259878e-03,1.000000000000000000e+00
8.750000000000000833e-03,5.624999999999999792e-03,3.189758893566281586e+02,5.999999999999999778e-01,2.078651685393259878e-03,1.000000000000000000e+00
1.124999999999999958e-02,5.624999999999999792e-03,3.201847250580746618e+02,5.999999999999999778e-01,2.078651685393259878e-03,1.000000000000000000e+00
1.375000000000000007e-02,5.624999999999999792e-03,3.210804721504553072e+02,5.999999999999999778e-01,2.078651685393259878e-03,1.000000000000000000e+00
1.625000000000000056e-02,5.624999999999999792e-03,3.217824093923574083e+02,5.999999999999999778e-01,2.078651685393259878e-03,1.000000000000000000e+00
1.874999999999999931e-02,5.624999999999999792e-03,3.223544617541035677e+02,5.999999999999999778e-01,2.078651685393259878e-03,1.000000000000000000e+00
2.125000000000000153e-02,5.624999999999999792e-03,3.228344792957415166e+02,5.999999999999999778e-01,2.078651685393259878e-03,1.000000000000000000e+00
2.375000000000000028e-02,5.624999999999999792e-03,3.232465816741741378e+02,5.999999999999999778e-01,2.078651685393259878e-03,1.000000000000000000e+00
2.624999999999999903e-02,5.624999999999999792e-03,3.236070179267263711e+02,5.999999999999999778e-01,2.078651685393259878e-03,1.000000000000000000e+00
2.875000000000000125e-02,5.624999999999999792e-03,3.239272146932167971e+02,5.999999999999999778e-01,2.078651685393259878e-03,1.000000000000000000e+00
3.125000000000000000e-02,5.624999999999999792e-03,3.242154806390728936e+02,5.999999999999999778e-01,2.078651685393259878e-03,1.000000000000000000e+00
3.375000000000000222e-02,5.624999999999999792e-03,3.244780173369836120e+02,5.999999999999999778e-01,2.078651685393259878e-03,1.000000000000000000e+00
3.624999999999999750e-02,5.624999999999999792e-03,3.247195493372392434e+02,5.999999999999999778e-01,2.078651685393259878e-03,1.000000000000000000e+00
3.874999999999999972e-02,5.624999999999999792e-03,3.249437340815463244e+02,5.999999999999999778e-01,2.078651685393259878e-03,1.000000000000000000e+00
4.125000000000000194e-02,5.624999999999999792e-03,3.251534387645677953e+02,5.999999999999999778e-01,2.078651685393259878e-03,1.000000000000000000e+00
4.375000000000000416e-02,5.624999999999999792e-03,3.253509335534075717e+02,5.999999999999999778e-01,2.078651685393259878e-03,1.000000000000000000e+00
4.624999999999999944e-02,5.624999999999999792e-03,3.255380303105476969e+02,5.999999999999999778e-01,2.078651685393259878e-03,1.000000000000000000e+00
4.875000000000000167e-02,5.624999999999999792e-03,3.257161846249230166e+02,5.999999999999999778e-01,2.078651685393259878e-03,1.000000000000000000e+00
5.125000000000000389e-02,5.624999999999999792e-03,3.258865723860379831e+02,5.999999999999999778e-01,2.078651685393259878e-03,1.000000000000000000e+00
5.374999999999999917e-02,5.624999999999999792e-03,3.260501482113945713e+02,5.999999999999999778e-01,2.078651685393259878e-03,1.000000000000000000e+00
5.625000000000000139e-02,5.624999999999999792e-03,3.262076906254018809e+02,5.999999999999999778e-01,2.078651685393259878e-03,1.000000000000000000e+00
5.875000000000000361e-02,5.624999999999999792e-03,3.263598373645457968e+02,5.999999999999999778e-01,2.078651685393259878e-03,1.000000000000000000e+00
6.124999999999999889e-02,5.624999999999999792e-03,3.265071131953882855e+02,5.999999999999999778e-01,2.078651685393259878e-03,1.000000000000000000e+00
6.375000000000000111e-02,5.624999999999999792e-03,3.266499519737267292e+02,5.999999999999999778e-01,2.078651685393259878e-03,1.000000000000000000e+00
6.625000000000000333e-02,5.624999999999999792e-03,3.267887142232177666e+02,5.999999999999999778e-01,2.078651685393259878e-03,1.000000000000000000e+00
6.875000000000000555e-02,5.624999999999999792e-03,3.269237011962286488e+02,5.999999999999999778e-01,2.078651685393259878e-03,1.000000000000000000e+00
7.125000000000000777e-02,5.624999999999999792e-03,3.270551661531673062e+02,5.999999999999999778e-01,2.078651685393259878e-03,1.000000000000000000e+00
7.374999999999999611e-02,5.624999999999999792e-03,3.271833234303753102e+02,5.999999999999999778e-01,2.078651685393259878e-03,1.000000000000000000e+00
7.624999999999999833e-02,5.624999999999999792e-03,3.273083557424440642e+02,5.999999999999999778e-01,2.078651685393259878e-03,1.000000000000000000e+00
7.875000000000000056e-02,5.624999999999999792e-03,3.274304200704164032e+02,5.999999999999999778e-01,2.078651685393259878e-03,1.000000000000000000e+00
8.125000000000000278e-02,5.624999999999999792e-03,3.275496524146387856e+02,5.999999999999999778e-01,2.078651685393259878e-03,1.000000000000000000e+00
8.375000000000000500e-02,5.624999999999999792e-03,3.276661716343971875e+02,5.999999999999999778e-01,2.078651685393259878e-03,1.000000000000000000e+00
8.625000000000000722e-02,5.624999999999999792e-03,3.277800825518855277e+02,5.999999999999999778e-01,2.078651685393259878e-03,1.000000000000000000e+00
8.874999999999999556e-02,5.624999999999999792e-03,3.278914784607637785e+02,5.999999999999999778e-01,2.078651685393259878e-03,1.000000000000000000e+00
9.124999999999999778e-02,5.624999999999999792e-03,3.280004431114882664e+02,5.999999999999999778e-01,2.078651685393259878e-03,1.000000000000000000e+00
9.375000000000000000e-02,5.624999999999999792e-03,3.281070512925711000e+02,5.999999999999999778e-01,2.078651685393259878e-03,1.000000000000000000e+00
9.625000000000000222e-02,5.624999999999999792e-03,3.282113346086265437e+02,5.999999999999999778e-01,2.078651685393259878e-03,1.000000000000000000e+00
9.875000000000000444e-02,5.624999999999999792e-03,3.283115379480566389e+02,5.999999999999999778e-01,2.078651685393259878e-03,1.000000000000000000e+00
1.250000000000000026e-03,5.875000000000000014e-03,3.215186868246157132e+02,5.999999999999999778e-01,7.303370786516859238e-04,1.000000000000000000e+00
3.749999999999999861e-03,5.875000000000000014e-03,3.253924544650575399e+02,5.999999999999999778e-01,7.303370786516859238e-04,1.000000000000000000e+00
6.250000000000000347e-03,5.875000000000000014e-03,3.267326898486021491e+02,5.999999999999999778e-01,7.303370786516859238e-04,1.000000000000000000e+00
8.750000000000000833e-03,5.875000000000000014e-03,3.274740358622944996e+02,5.999999999999999778e-01,7.303370786516859238e-04,1.000000000000000000e+00
1.124999999999999958e-02,5.875000000000000014e-03,3.279685655532078385e+02,5.999999999999999778e-01,7.303370786516859238e-04,1.000000000000000000e+00
1.375000000000000007e-02,5.875000000000000014e-03,3.283319530092641685e+02,5.999999999999999778e-01,7.303370786516859238e-04,1.000000000000000000e+00
1.625000000000000056e-02,5.875000000000000014e-03,3.286153974806451288e+02,5.999999999999999778e-01,7.303370786516859238e-04,1.000000000000000000e+00
1.874999999999999931e-02,5.875000000000000014e-03,3.288457117708672399e+02,5.999999999999999778e-01,7.303370786516859238e-04,1.000000000000000000e+00
2.125000000000000153e-02,5.875000000000000014e-03,3.290385727045357953e+02,5.999999999999999778e-01,7.303370786516859238e-04,1.000000000000000000e+00
2.375000000000000028e-02,5.875000000000000014e-03,3.292038913985648492e+02,5.999999999999999778e-01,7.303370786516859238e-04,1.000000000000000000e+00
2.624999999999999903e-02,5.875000000000000014e-03,3.293483088835066610e+02,5.999999999999999778e-01,7.303370786516859238e-04,1.000000000000000000e+00
2.875000000000000125e-02,5.875000000000000014e-03,3.294764772514787410e+02,5.999999999999999778e-01,7.303370786516859238e-04,1.000000000000000000e+00
3.125000000000000000e-02,5.875000000000000014e-03,3.295917695579880160e+02,5.999999999999999778e-01,7.303370786516859238e-04,1.000000000000000000e+00
3.375000000000000222e-02,5.875000000000000014e-03,3.296966980692175753e+02,5.999999999999999778e-01,7.303370786516859238e-04,1.000000000000000000e+00
3.624999999999999750e-02,5.875000000000000014e-03,3.297931736091892390e+02,5.999999999999999778e-01,7.303370786516859238e-04,1.000000000000000000e+00
3.874999999999999972e-02,5.875000000000000014e-03,3.298826735860714621e+02,5.999999999999999778e-01,7.303370786516859238e-04,1.000000000000000000e+00
4.125000000000000194e-02,5.875000000000000014e-03,3.299663550897459459e+02,5.999999999999999778e-01,7.303370786516859238e-04,1.000000000000000000e+00
4.375000000000000416e-02,5.875000000000000014e-03,3.300451335954122669e+02,5.999999999999999778e-01,7.303370786516859238e-04,1.000000000000000000e+00
4.624999999999999944e-02,5.875000000000000014e-03,3.301197393342417286e+02,5.999999999999999778e-01,7.303370786516859238e-04,1.000000000000000000e+00
4.875000000000000167e-02,5.875000000000000014e-03,3.301907586723483519e+02,5.999999999999999778e-01,7.303370786516859238e-04,1.000000000000000000e+00
5.125000000000000389e-02,5.875000000000000014e-03,3.302586651157085385e+02,5.999999999999999778e-01,7.303370786516859238e-04,1.000000000000000000e+00
5.374999999999999917e-02,5.875000000000000014e-03,3.303238429369438336e+02,5.999999999999999778e-01,7.303370786516859238e-04,1.000000000000000000e+00
5.625000000000000139e-02,5.875000000000000014e-03,3.303866054260182636e+02,5.999999999999999778e-01,7.303370786516859238e-04,1.000000000000000000e+00
5.875000000000000361e-02,5.875000000000000014e-03,3.304472091408911183e+02,5.999999999999999778e-01,7.303370786516859238e-04,1.000000000000000000e+00
6.124999999999999889e-02,5.875000000000000014e-03,3.305058651290825082e+02,5.999999999999999778e-01,7.303370786516859238e-04,1.000000000000000000e+00
6.375000000000000111e-02,5.875000000000000014e-03,3.305627478219373643e+02,5.999999999999999778e-01,7.303370786516859238e-04,1.000000000000000000e+00
6.625000000000000333e-02,5.875000000000000014e-03,3.306180021197648671e+02,5.999999999999999778e-01,7.303370786516859238e-04,1.000000000000000000e+00
6.875000000000000555e-02,5.875000000000000014e-03,3.306717490575561555e+02,5.999999999999999778e-01,7.303370786516859238e-04,1.000000000000000000e+00
7.125000000000000777e-02,5.875000000000000014e-03,3.307240903489568495e+02,5.999999999999999778e-01,7.303370786516859238e-04,1.000000000000000000e+00
7.374999999999999611e-02,5.875000000000000014e-03,3.307751120387604828e+02,5.999999999999999778e-01,7.303370786516859238e-04,1.000000000000000000e+00
7.624999999999999833e-02,5.875000000000000014e-03,3.308248874438762641e+02,5.999999999999999778e-01,7.303370786516859238e-04,1.000000000000000000e+00
7.875000000000000056e-02,5.875000000000000014e-03,3.308734795245463829e+02,5.999999999999999778e-01,7.303370786516859238e-04,1.000000000000000000e+00
8.125000000000000278e-02,5.875000000000000014e-03,3.309209427982101488e+02,5.999999999999999778e-01,7.303370786516859238e-04,1.000000000000000000e+00
8.375000000000000500e-02,5.875000000000000014e-03,3.309673248855318661e+02,5.999999999999999778e-01,7.303370786516859238e-04,1.000000000000000000e+00
8.625000000000000722e-02,5.875000000000000014e-03,3.310126677599862433e+02,5.999999999999999778e-01,7.303370786516859238e-04,1.000000000000000000e+00
8.874999999999999556e-02,5.875000000000000014e-03,3.310570087547673097e+02,5.999999999999999778e-01,7.303370786516859238e-04,1.000000000000000000e+00
9.124999999999999778e-02,5.875000000000000014e-03,3.311003813074579512e+02,5.999999999999999778e-01,7.303370786516859238e-04,1.000000000000000000e+00
9.375000000000000000e-02,5.875000000000000014e-03,3.311428142213206911e+02,5.999999999999999778e-01,7.303370786516859238e-04,1.000000000000000000e+00
9.625000000000000222e-02,5.875000000000000014e-03,3.311843006778544236e+02,5.999999999999999778e-01,7.303370786516859238e-04,1.000000000000000000e+00
9.875000000000000444e-02,5.875000000000000014e-03,3.312238285006531555e+02,5.999999999999999778e-01,7.303370786516859238e-04,1.000000000000000000e+00
1.250000000000000026e-03,6.125000000000000236e-03,3.307185971118058774e+02,1.500000000000000000e+01,0.000000000000000000e+00,0.000000000000000000e+00
3.749999999999999861e-03,6.125000000000000236e-03,3.314828370530668167e+02,1.500000000000000000e+01,0.000000000000000000e+00,0.000000000000000000e+00
6.250000000000000347e-03,6.125000000000000236e-03,3.317821714361953696e+02,1.500000000000000000e+01,0.000000000000000000e+00,0.000000000000000000e+00
8.750000000000000833e-03,6.125000000000000236e-03,3.319433912252310961e+02,1.500000000000000000e+01,0.000000000000000000e+00,0.000000000000000000e+00
1.124999999999999958e-02,6.125000000000000236e-03,3.320495548184867971e+02,1.500000000000000000e+01,0.000000000000000000e+00,0.000000000000000000e+00
1.375000000000000007e-02,6.125000000000000236e-03,3.321271747300305037e+02,1.500000000000000000e+01,0.000000000000000000e+00,0.000000000000000000e+00
1.625000000000000056e-02,6.125000000000000236e-03,3.321875757698144298e+02,1.500000000000000000e+01,0.000000000000000000e+00,0.000000000000000000e+00
1.874999999999999931e-02,6.125000000000000236e-03,3.322365904903062983e+02,1.500000000000000000e+01,0.000000000000000000e+00,0.000000000000000000e+00
2.125000000000000153e-02,6.125000000000000236e-03,3.322776011279123054e+02,1.500000000000000000e+01,0.000000000000000000e+00,0.000000000000000000e+00
2.375000000000000028e-02,6.125000000000000236e-03,3.323127360134300261e+02,1.500000000000000000e+01,0.000000000000000000e+00,0.000000000000000000e+00
2.624999999999999903e-02,6.125000000000000236e-03,3.323434170546908604e+02,1.500000000000000000e+01,0.000000000000000000e+00,0.000000000000000000e+00
2.875000000000000125e-02,6.125000000000000236e-03,3.323706383307873011e+02,1.500000000000000000e+01,0.000000000000000000e+00,0.000000000000000000e+00
3.125000000000000000e-02,6.125000000000000236e-03,3.323951196043348659e+02,1.500000000000000000e+01,0.000000000000000000e+00,0.000000000000000000e+00
3.375000000000000222e-02,6.125000000000000236e-03,3.324173964173119202e+02,1.500000000000000000e+01,0.000000000000000000e+00,0.000000000000000000e+00
3.624999999999999750e-02,6.125000000000000236e-03,3.324378758004363590e+02,1.500000000000000000e+01,0.000000000000000000e+00,0.000000000000000000e+00
3.874999999999999972e-02,6.125000000000000236e-03,3.324568722883865917e+02,1.500000000000000000e+01,0.000000000000000000e+00,0.000000000000000000e+00
4.125000000000000194e-02,6.125000000000000236e-03,3.324746321201046726e+02,1.500000000000000000e+01,0.000000000000000000e+00,0.000000000000000000e+00
4.375000000000000416e-02,6.125000000000000236e-03,3.324913500564635456e+02,1.500000000000000000e+01,0.000000000000000000e+00,0.000000000000000000e+00
4.624999999999999944e-02,6.125000000000000236e-03,3.325071814123654121e+02,1.500000000000000000e+01,0.000000000000000000e+00,0.000000000000000000e+00
4.875000000000000167e-02,6.125000000000000236e-03,3.325222508809933402e+02,1.500000000000000000e+01,0.000000000000000000e+00,0.000000000000000000e+00
5.125000000000000389e-02,6.125000000000000236e-03,3.325366591409870125e+02,1.500000000000000000e+01,0.000000000000000000e+00,0.000000000000000000e+00
5.374999999999999917e-02,6.125000000000000236e-03,3.325504878884581785e+02,1.500000000000000000e+01,0.000000000000000000e+00,0.000000000000000000e+00
5.625000000000000139e-02,6.125000000000000236e-03,3.325638037222652770e+02,1.500000000000000000e+01,0.000000000000000000e+00,0.000000000000000000e+00
5.875000000000000361e-02,6.125000000000000236e-03,3.325766611766889582e+02,1.500000000000000000e+01,0.000000000000000000e+00,0.000000000000000000e+00
6.124999999999999889e-02,6.125000000000000236e-03,3.325891051088458426e+02,1.500000000000000000e+01,0.000000000000000000e+00,0.000000000000000000e+00
6.375000000000000111e-02,6.125000000000000236e-03,3.326011725905755725e+02,1.500000000000000000e+01,0.000000000000000000e+00,0.000000000000000000e+00
6.625000000000000333e-02,6.125000000000000236e-03,3.326128944152779923e+02,1.500000000000000000e+01,0.000000000000000000e+00,0.000000000000000000e+00
6.875000000000000555e-02,6.125000000000000236e-03,3.326242963027282826e+02,1.500000000000000000e+01,0.000000000000000000e+00,0.000000000000000000e+00
7.125000000000000777e-02,6.125000000000000236e-03,3.326353998652679138e+02,1.500000000000000000e+01,0.000000000000000000e+00,0.000000000000000000e+00
7.374999999999999611e-02,6.125000000000000236e-03,3.326462233843882359e+02,1.500000000000000000e+01,0.000000000000000000e+00,0.000000000000000000e+00
7.624999999999999833e-02,6.125000000000000236e-03,3.326567824359981955e+02,1.500000000000000000e+01,0.000000000000000000e+00,0.000000000000000000e+00
7.875000000000000056e-02,6.125000000000000236e-03,3.326670903945379223e+02,1.500000000000000000e+01,0.000000000000000000e+00,0.000000000000000000e+00
8.125000000000000278e-02,6.125000000000000236e-03,3.326771588398531776e+02,1.500000000000000000e+01,0.000000000000000000e+00,0.000000000000000000e+00
8.375000000000000500e-02,6.125000000000000236e-03,3.326869978858458126e+02,1.500000000000000000e+01,0.000000000000000000e+00,0.000000000000000000e+00
8.625000000000000722e-02,6.125000000000000236e-03,3.326966164458917774e+02,1.500000000000000000e+01,0.000000000000000000e+00,0.000000000000000000e+00
8.874999999999999556e-02,6.125000000000000236e-03,3.327060224429424693e+02,1.500000000000000000e+01,0.000000000000000000e+00,0.000000000000000000e+00
9.124999999999999778e-02,6.125000000000000236e-03,3.327152228980563109e+02,1.500000000000000000e+01,0.000000000000000000e+00,0.000000000000000000e+00
9.375000000000000000e-02,6.125000000000000236e-03,3.327242225567671312e+02,1.500000000000000000e+01,0.000000000000000000e+00,0.000000000000000000e+00
9.625000000000000222e-02,6.125000000000000236e-03,3.327329973070092137e+02,1.500000000000000000e+01,0.000000000000000000e+00,0.000000000000000000e+00
9.875000000000000444e-02,6.125000000000000236e-03,3.327410396686910872e+02,1.500000000000000000e+01,0.000000000000000000e+00,0.000000000000000000e+00
1.250000000000000026e-03,6.375000000000000458e-03,3.314186401191001892e+02,1.500000000000000000e+01,0.000000000000000000e+00,0.000000000000000000e+00
3.749999999999999861e-03,6.375000000000000458e-03,3.319559770769565716e+02,1.500000000000000000e+01,0.000000000000000000e+00,0.000000000000000000e+00
6.250000000000000347e-03,6.375000000000000458e-03,3.321719742427204096e+02,1.500000000000000000e+01,0.000000000000000000e+00,0.000000000000000000e+00
8.750000000000000833e-03,6.375000000000000458e-03,3.322877383535686135e+02,1.500000000000000000e+01,0.000000000000000000e+00,0.000000000000000000e+00
1.124999999999999958e-02,6.375000000000000458e-03,3.323637625064793042e+02,1.500000000000000000e+01,0.000000000000000000e+00,0.000000000000000000e+00
1.375000000000000007e-02,6.375000000000000458e-03,3.324192870511147930e+02,1.500000000000000000e+01,0.000000000000000000e+00,0.000000000000000000e+00
1.625000000000000056e-02,6.375000000000000458e-03,3.324624725783280610e+02,1.500000000000000000e+01,0.000000000000000000e+00,0.000000000000000000e+00
1.874999999999999931e-02,6.375000000000000458e-03,3.324975073557073983e+02,1.500000000000000000e+01,0.000000000000000000e+00,0.000000000000000000e+00
2.125000000000000153e-02,6.375000000000000458e-03,3.325268159180006364e+02,1.500000000000000000e+01,0.000000000000000000e+00,0.000000000000000000e+00
2.375000000000000028e-02,6.375000000000000458e-03,3.325519224453237825e+02,1.500000000000000000e+01,0.000000000000000000e+00,0.000000000000000000e+00
2.624999999999999903e-02,6.375000000000000458e-03,3.325738445885874626e+02,1.500000000000000000e+01,0.000000000000000000e+00,0.000000000000000000e+00
2.875000000000000125e-02,6.375000000000000458e-03,3.325932935061442777e+02,1.500000000000000000e+01,0.000000000000000000e+00,0.000000000000000000e+00
3.125000000000000000e-02,6.375000000000000458e-03,3.326107839601980345e+02,1.500000000000000000e+01,0.000000000000000000e+00,0.000000000000000000e+00
3.375000000000000222e-02,6.375000000000000458e-03,3.326266988799254136e+02,1.500000000000000000e+01,0.000000000000000000e+00,0.000000000000000000e+00
3.624999999999999750e-02,6.375000000000000458e-03,3.326413292594840527e+02,1.500000000000000000e+01,0.000000000000000000e+00,0.000000000000000000e+00
3.874999999999999972e-02,6.375000000000000458e-03,3.326548999397424495e+02,1.500000000000000000e+01,0.000000000000000000e+00,0.000000000000000000e+00
4.125000000000000194e-02,6.375000000000000458e-03,3.326675869260089939e+02,1.500000000000000000e+01,0.000000000000000000e+00,0.000000000000000000e+00
4.375000000000000416e-02,6.375000000000000458e-03,3.326795294192720576e+02,1.500000000000000000e+01,0.000000000000000000e+00,0.000000000000000000e+00
4.624999999999999944e-02,6.375000000000000458e-03,3.326908384218630772e+02,1.500000000000000000e+01,0.000000000000000000e+00,0.000000000000000000e+00
4.875000000000000167e-02,6.375000000000000458e-03,3.327016030475908224e+02,1.500000000000000000e+01,0.000000000000000000e+00,0.000000000000000000e+00
5.125000000000000389e-02,6.375000000000000458e-03,3.327118952457490764e+02,1.500000000000000000e+01,0.000000000000000000e+00,0.000000000000000000e+00
5.374999999999999917e-02,6.375000000000000458e-03,3.327217733984805363e+02,1.500000000000000000e+01,0.000000000000000000e+00,0.000000000000000000e+00
5.625000000000000139e-02,6.375000000000000458e-03,3.327312850980781036e+02,1.500000000000000000e+01,0.000000000000000000e+00,0.000000000000000000e+00
5.875000000000000361e-02,6.375000000000000458e-03,3.327404693146653472e+02,1.500000000000000000e+01,0.000000000000000000e+00,0.000000000000000000e+00
6.124999999999999889e-02,6.375000000000000458e-03,3.327493581025626668e+02,1.500000000000000000e+01,0.000000000000000000e+00,0.000000000000000000e+00
6.375000000000000111e-02,6.375000000000000458e-03,3.327579779524257333e+02,1.500000000000000000e+01,0.000000000000000000e+00,0.000000000000000000e+00
6.625000000000000333e-02,6.375000000000000458e-03,3.327663508681516191e+02,1.500000000000000000e+01,0.000000000000000000e+00,0.000000000000000000e+00
6.875000000000000555e-02,6.375000000000000458e-03,3.327744952279137465e+02,1.500000000000000000e+01,0.000000000000000000e+00,0.000000000000000000e+00
7.125000000000000777e-02,6.375000000000000458e-03,3.327824264746490712e+02,1.500000000000000000e+01,0.000000000000000000e+00,0.000000000000000000e+00
7.374999999999999611e-02,6.375000000000000458e-03,3.327901576710347626e+02,1.500000000000000000e+01,0.000000000000000000e+00,0.000000000000000000e+00
7.624999999999999833e-02,6.375000000000000458e-03,3.327976999463228935e+02,1.500000000000000000e+01,0.000000000000000000e+00,0.000000000000000000e+00
7.875000000000000056e-02,6.375000000000000458e-03,3.328050628565926559e+02,1.500000000000000000e+01,0.000000000000000000e+00,0.000000000000000000e+00
8.125000000000000278e-02,6.375000000000000458e-03,3.328122546755112694e+02,1.500000000000000000e+01,0.000000000000000000e+00,0.000000000000000000e+00
8.375000000000000500e-02,6.375000000000000458e-03,3.328192826291909796e+02,1.500000000000000000e+01,0.000000000000000000e+00,0.000000000000000000e+00
8.625000000000000722e-02,6.375000000000000458e-03,3.328261530858221704e+02,1.500000000000000000e+01,0.000000000000000000e+00,0.000000000000000000e+00
8.874999999999999556e-02,6.375000000000000458e-03,3.328328717051445551e+02,1.500000000000000000e+01,0.000000000000000000e+00,0.000000000000000000e+00
9.124999999999999778e-02,6.375000000000000458e-03,3.328394434899124690e+02,1.500000000000000000e+01,0.000000000000000000e+00,0.000000000000000000e+00
9.375000000000000000e-02,6.375000000000000458e-03,3.328458716008861984e+02,1.500000000000000000e+01,0.000000000000000000e+00,0.000000000000000000e+00
9.625000000000000222e-02,6.375000000000000458e-03,3.328521351408298301e+02,1.500000000000000000e+01,0.000000000000000000e+00,0.000000000000000000e+00
9.875000000000000444e-02,6.375000000000000458e-03,3.328578286436954272e+02,1.500000000000000000e+01,0.000000000000000000e+00,0.000000000000000000e+00
1.250000000000000026e-03,6.624999999999999813e-03,3.321133097568159656e+02,1.500000000000000000e+01,0.000000000000000000e+00,0.000000000000000000e+00
3.749999999999999861e-03,6.624999999999999813e-03,3.324323304987672145e+02,1.500000000000000000e+01,0.000000000000000000e+00,0.000000000000000000e+00
6.250000000000000347e-03,6.624999999999999813e-03,3.325627793797945628e+02,1.500000000000000000e+01,0.000000000000000000e+00,0.000000000000000000e+00
8.750000000000000833e-03,6.624999999999999813e-03,3.326324828814853731e+02,1.500000000000000000e+01,0.000000000000000000e+00,0.000000000000000000e+00
1.124999999999999958e-02,6.624999999999999813e-03,3.326781751905546116e+02,1.500000000000000000e+01,0.000000000000000000e+00,0.000000000000000000e+00
1.375000000000000007e-02,6.624999999999999813e-03,3.327115227623731926e+02,1.500000000000000000e+01,0.000000000000000000e+00,0.000000000000000000e+00
1.625000000000000056e-02,6.624999999999999813e-03,3.327374508943399292e+02,1.500000000000000000e+01,0.000000000000000000e+00,0.000000000000000000e+00
1.874999999999999931e-02,6.624999999999999813e-03,3.327584814832592883e+02,1.500000000000000000e+01,0.000000000000000000e+00,0.000000000000000000e+00
2.125000000000000153e-02,6.624999999999999813e-03,3.327760727284386348e+02,1.500000000000000000e+01,0.000000000000000000e+00,0.000000000000000000e+00
2.375000000000000028e-02,6.624999999999999813e-03,3.327911407210581274e+02,1.500000000000000000e+01,0.000000000000000000e+00,0.000000000000000000e+00
2.624999999999999903e-02,6.624999999999999813e-03,3.328042968547412670e+02,1.500000000000000000e+01,0.000000000000000000e+00,0.000000000000000000e+00
2.875000000000000125e-02,6.624999999999999813e-03,3.328159682661362808e+02,1.500000000000000000e+01,0.000000000000000000e+00,0.000000000000000000e+00
3.125000000000000000e-02,6.624999999999999813e-03,3.328264640714044162e+02,1.500000000000000000e+01,0.000000000000000000e+00,0.000000000000000000e+00
3.375000000000000222e-02,6.624999999999999813e-03,3.328360141879405205e+02,1.500000000000000000e+01,0.000000000000000000e+00,0.000000000000000000e+00
3.624999999999999750e-02,6.624999999999999813e-03,3.328447933155248393e+02,1.500000000000000000e+01,0.000000000000000000e+00,0.000000000000000000e+00
3.874999999999999972e-02,6.624999999999999813e-03,3.328529364280383334e+02,1.500000000000000000e+01,0.000000000000000000e+00,0.000000000000000000e+00
4.125000000000000194e-02,6.624999999999999813e-03,3.328605491768433353e+02,1.500000000000000000e+01,0.000000000000000000e+00,0.000000000000000000e+00
4.375000000000000416e-02,6.624999999999999813e-03,3.328677151169873127e+02,1.500000000000000000e+01,0.000000000000000000e+00,0.000000000000000000e+00
4.624999999999999944e-02,6.624999999999999813e-03,3.328745008751295131e+02,1.500000000000000000e+01,0.000000000000000000e+00,0.000000000000000000e+00
4.875000000000000167e-02,6.624999999999999813e-03,3.328809599384640592e+02,1.500000000000000000e+01,0.000000000000000000e+00,0.000000000000000000e+00
5.125000000000000389e-02,6.624999999999999813e-03,3.328871354909654769e+02,1.500000000000000000e+01,0.000000000000000000e+00,0.000000000000000000e+00
5.374999999999999917e-02,6.624999999999999813e-03,3.328930625730342285e+02,1.500000000000000000e+01,0.000000000000000000e+00,0.000000000000000000e+00
5.625000000000000139e-02,6.624999999999999813e-03,3.328987697487210653e+02,1.500000000000000000e+01,0.000000000000000000e+00,0.000000000000000000e+00
5.875000000000000361e-02,6.624999999999999813e-03,3.329042804069285921e+02,1.500000000000000000e+01,0.000000000000000000e+00,0.000000000000000000e+00
6.124999999999999889e-02,6.624999999999999813e-03,3.329096137856597579e+02,1.500000000000000000e+01,0.000000000000000000e+00,0.000000000000000000e+00
6.375000000000000111e-02,6.624999999999999813e-03,3.329147857836172761e+02,1.500000000000000000e+01,0.000000000000000000e+00,0.000000000000000000e+00
6.625000000000000333e-02,6.624999999999999813e-03,3.329198096065848631e+02,1.500000000000000000e+01,0.000000000000000000e+00,0.000000000000000000e+00
6.875000000000000555e-02,6.624999999999999813e-03,3.329246962842294124e+02,1.500000000000000000e+01,0.000000000000000000e+00,0.000000000000000000e+00
7.125000000000000777e-02,6.624999999999999813e-03,3.329294550845338563e+02,1.500000000000000000e+01,0.000000000000000000e+00,0.000000000000000000e+00
7.374999999999999611e-02,6.624999999999999813e-03,3.329340938468922673e+02,1.500000000000000000e+01,0.000000000000000000e+00,0.000000000000000000e+00
7.624999999999999833e-02,6.624999999999999813e-03,3.329386192502976769e+02,1.500000000000000000e+01,0.000000000000000000e+00,0.000000000000000000e+00
7.875000000000000056e-02,6.624999999999999813e-03,3.329430370295608554e+02,1.500000000000000000e+01,0.000000000000000000e+00,0.000000000000000000e+00
8.125000000000000278e-02,6.624999999999999813e-03,3.329473521498217679e+02,1.500000000000000000e+01,0.000000000000000000e+00,0.000000000000000000e+00
8.375000000000000500e-02,6.624999999999999813e-03,3.329515689475065869e+02,1.500000000000000000e+01,0.000000000000000000e+00,0.000000000000000000e+00
8.625000000000000722e-02,6.624999999999999813e-03,3.329556912441255463e+02,1.500000000000000000e+01,0.000000000000000000e+00,0.000000000000000000e+00
8.874999999999999556e-02,6.624999999999999813e-03,3.329597224356922425e+02,1.500000000000000000e+01,0.000000000000000000e+00,0.000000000000000000e+00
9.124999999999999778e-02,6.624999999999999813e-03,3.329636655185065024e+02,1.500000000000000000e+01,0.000000000000000000e+00,0.000000000000000000e+00
9.375000000000000000e-02,6.624999999999999813e-03,3.329675222907155216e+02,1.500000000000000000e+01,0.000000000000000000e+00,0.000000000000000000e+00
9.625000000000000222e-02,6.624999999999999813e-03,3.329712786750212103e+02,1.500000000000000000e+01,0.000000000000000000e+00,0.000000000000000000e+00
9.875000000000000444e-02,6.624999999999999813e-03,3.329746745537285051e+02,1.500000000000000000e+01,0.000000000000000000e+00,0.000000000000000000e+00
1.250000000000000026e-03,6.875000000000000035e-03,3.328047891871122488e+02,1.500000000000000000e+01,0.000000000000000000e+00,0.000000000000000000e+00
3.749999999999999861e-03,6.875000000000000035e-03,3.329105696391870310e+02,1.500000000000000000e+01,0.000000000000000000e+00,0.000000000000000000e+00
6.250000000000000347e-03,6.875000000000000035e-03,3.329541919706621229e+02,1.500000000000000000e+01,0.000000000000000000e+00,0.000000000000000000e+00
8.750000000000000833e-03,6.875000000000000035e-03,3.329774675213284922e+02,1.500000000000000000e+01,0.000000000000000000e+00,0.000000000000000000e+00
1.124999999999999958e-02,6.875000000000000035e-03,3.329927113220027195e+02,1.500000000000000000e+01,0.000000000000000000e+00,0.000000000000000000e+00
1.375000000000000007e-02,6.875000000000000035e-03,3.330038326680302134e+02,1.500000000000000000e+01,0.000000000000000000e+00,0.000000000000000000e+00
1.625000000000000056e-02,6.875000000000000035e-03,3.330124781857823564e+02,1.500000000000000000e+01,0.000000000000000000e+00,0.000000000000000000e+00
1.874999999999999931e-02,6.875000000000000035e-03,3.330194900042486665e+02,1.500000000000000000e+01,0.000000000000000000e+00,0.000000000000000000e+00
2.125000000000000153e-02,6.875000000000000035e-03,3.330253547714022488e+02,1.500000000000000000e+01,0.000000000000000000e+00,0.000000000000000000e+00
2.375000000000000028e-02,6.875000000000000035e-03,3.330303781153818932e+02,1.500000000000000000e+01,0.000000000000000000e+00,0.000000000000000000e+00
2.624999999999999903e-02,6.875000000000000035e-03,3.330347639681180567e+02,1.500000000000000000e+01,0.000000000000000000e+00,0.000000000000000000e+00
2.875000000000000125e-02,6.875000000000000035e-03,3.330386547821895533e+02,1.500000000000000000e+01,0.000000000000000000e+00,0.000000000000000000e+00
3.125000000000000000e-02,6.875000000000000035e-03,3.330421536394982240e+02,1.500000000000000000e+01,0.000000000000000000e+00,0.000000000000000000e+00
3.375000000000000222e-02,6.875000000000000035e-03,3.330453372058452146e+02,1.500000000000000000e+01,0.000000000000000000e+00,0.000000000000000000e+00
3.624999999999999750e-02,6.875000000000000035e-03,3.330482637317162471e+02,1.500000000000000000e+01,0.000000000000000000e+00,0.000000000000000000e+00
3.874999999999999972e-02,6.875000000000000035e-03,3.330509782199712845e+02,1.500000000000000000e+01,0.000000000000000000e+00,0.000000000000000000e+00
4.125000000000000194e-02,6.875000000000000035e-03,3.330535158957643489e+02,1.500000000000000000e+01,0.000000000000000000e+00,0.000000000000000000e+00
4.375000000000000416e-02,6.875000000000000035e-03,3.330559046165226391e+02,1.500000000000000000e+01,0.000000000000000000e+00,0.000000000000000000e+00
4.624999999999999944e-02,6.875000000000000035e-03,3.330581665953440620e+02,1.500000000000000000e+01,0.000000000000000000e+00,0.000000000000000000e+00
4.875000000000000167e-02,6.875000000000000035e-03,3.330603196644457284e+02,1.500000000000000000e+01,0.000000000000000000e+00,0.000000000000000000e+00
5.125000000000000389e-02,6.875000000000000035e-03,3.330623782208863304e+02,1.500000000000000000e+01,0.000000000000000000e+00,0.000000000000000000e+00
5.374999999999999917e-02,6.875000000000000035e-03,3.330643539466518064e+02,1.500000000000000000e+01,0.000000000000000000e+00,0.000000000000000000e+00
5.625000000000000139e-02,6.875000000000000035e-03,3.330662563645388445e+02,1.500000000000000000e+01,0.000000000000000000e+00,0.000000000000000000e+00
5.875000000000000361e-02,6.875000000000000035e-03,3.330680932719865837e+02,1.500000000000000000e+01,0.000000000000000000e+00,0.000000000000000000e+00
6.124999999999999889e-02,6.875000000000000035e-03,3.330698710825646458e+02,1.500000000000000000e+01,0.000000000000000000e+00,0.000000000000000000e+00
6.375000000000000111e-02,6.875000000000000035e-03,3.330715950965588377e+02,1.500000000000000000e+01,0.000000000000000000e+00,0.000000000000000000e+00
6.625000000000000333e-02,6.875000000000000035e-03,3.330732697164714295e+02,1.500000000000000000e+01,0.000000000000000000e+00,0.000000000000000000e+00
6.875000000000000555e-02,6.875000000000000035e-03,3.330748986193185601e+02,1.500000000000000000e+01,0.000000000000000000e+00,0.000000000000000000e+00
7.125000000000000777e-02,6.875000000000000035e-03,3.330764848947981136e+02,1.500000000000000000e+01,0.000000000000000000e+00,0.000000000000000000e+00
7.374999999999999611e-02,6.875000000000000035e-03,3.330780311563394207e+02,1.500000000000000000e+01,0.000000000000000000e+00,0.000000000000000000e+00
7.624999999999999833e-02,6.875000000000000035e-03,3.330795396305139207e+02,1.500000000000000000e+01,0.000000000000000000e+00,0.000000000000000000e+00
7.875000000000000056e-02,6.875000000000000035e-03,3.330810122291190964e+02,1.500000000000000000e+01,0.000000000000000000e+00,0.000000000000000000e+00
8.125000000000000278e-02,6.875000000000000035e-03,3.330824506073579983e+02,1.500000000000000000e+01,0.000000000000000000e+00,0.000000000000000000e+00
8.375000000000000500e-02,6.875000000000000035e-03,3.330838562108327210e+02,1.500000000000000000e+01,0.000000000000000000e+00,0.000000000000000000e+00
8.625000000000000722e-02,6.875000000000000035e-03,3.330852303134792578e+02,1.500000000000000000e+01,0.000000000000000000e+00,0.000000000000000000e+00
8.874999999999999556e-02,6.875000000000000035e-03,3.330865740473275878e+02,1.500000000000000000e+01,0.000000000000000000e+00,0.000000000000000000e+00
9.124999999999999778e-02,6.875000000000000035e-03,3.330878884102066309e+02,1.500000000000000000e+01,0.000000000000000000e+00,0.000000000000000000e+00
9.375000000000000000e-02,6.875000000000000035e-03,3.330891739844239510e+02,1.500000000000000000e+01,0.000000000000000000e+00,0.000000000000000000e+00
9.625000000000000222e-02,6.875000000000000035e-03,3.330904258142684853e+02,1.500000000000000000e+01,0.000000000000000000e+00,0.000000000000000000e+00
9.875000000000000444e-02,6.875000000000000035e-03,3.330915544225485974e+02,1.500000000000000000e+01,0.000000000000000000e+00,0.000000000000000000e+00
