x_m,y_m,velocity_m_s,fluid_mask
1.041666666666666734e-04,1.041666666666666734e-04,2.887016954309770726e-05,1.000000000000000000e+00
3.125000000000000065e-04,1.041666666666666734e-04,6.490911974040423547e-05,1.000000000000000000e+00
5.208333333333333261e-04,1.041666666666666734e-04,9.110650403568685011e-05,1.000000000000000000e+00
7.291666666666666999e-04,1.041666666666666734e-04,1.114988365986276358e-04,1.000000000000000000e+00
9.375000000000000737e-04,1.041666666666666734e-04,1.278428309029760622e-04,1.000000000000000000e+00
1.145833333333333339e-03,1.041666666666666734e-04,1.410837741409575190e-04,1.000000000000000000e+00
1.354166666666666713e-03,1.041666666666666734e-04,1.518145331161324641e-04,1.000000000000000000e+00
1.562500000000000087e-03,1.041666666666666734e-04,1.604483661692469344e-04,1.000000000000000000e+00
1.770833333333333461e-03,1.041666666666666734e-04,1.672963322847087464e-04,1.000000000000000000e+00
1.979166666666666834e-03,1.041666666666666734e-04,1.726071578378485813e-04,1.000000000000000000e+00
2.187500000000000208e-03,1.041666666666666734e-04,1.765899694026334423e-04,1.000000000000000000e+00
2.395833333333333582e-03,1.041666666666666734e-04,1.794281798183926290e-04,1.000000000000000000e+00
2.604166666666666956e-03,1.041666666666666734e-04,1.812883048238424807e-04,1.000000000000000000e+00
2.812500000000000330e-03,1.041666666666666734e-04,1.823255899824733576e-04,1.000000000000000000e+00
3.020833333333333703e-03,1.041666666666666734e-04,1.826874488826409992e-04,1.000000000000000000e+00
3.229166666666667077e-03,1.041666666666666734e-04,1.825152800246002789e-04,1.000000000000000000e+00
3.437500000000000017e-03,1.041666666666666734e-04,1.819450097442699597e-04,1.000000000000000000e+00
3.645833333333333391e-03,1.041666666666666734e-04,1.811065974638973635e-04,1.000000000000000000e+00
3.854166666666666765e-03,1.041666666666666734e-04,1.801226854245329214e-04,1.000000000000000000e+00
4.062500000000000139e-03,1.041666666666666734e-04,1.791065514935299367e-04,1.000000000000000000e+00
4.270833333333333946e-03,1.041666666666666734e-04,1.781595212788434138e-04,1.000000000000000000e+00
4.479166666666666886e-03,1.041666666666666734e-04,1.773680182143121250e-04,1.000000000000000000e+00
4.687500000000000694e-03,1.041666666666666734e-04,1.768004861247327139e-04,1.000000000000000000e+00
4.895833333333333634e-03,1.041666666666666734e-04,1.765045052385361374e-04,1.000000000000000000e+00
5.104166666666666574e-03,1.041666666666666734e-04,1.765045052385361374e-04,1.000000000000000000e+00
5.312500000000000382e-03,1.041666666666666734e-04,1.768004861247327139e-04,1.000000000000000000e+00
5.520833333333333322e-03,1.041666666666666734e-04,1.773680182143121250e-04,1.000000000000000000e+00
5.729166666666667129e-03,1.041666666666666734e-04,1.781595212788434680e-04,1.000000000000000000e+00
5.937500000000000069e-03,1.041666666666666734e-04,1.791065514935299638e-04,1.000000000000000000e+00
6.145833333333333877e-03,1.041666666666666734e-04,1.801226854245329214e-04,1.000000000000000000e+00
6.354166666666666817e-03,1.041666666666666734e-04,1.811065974638973364e-04,1.000000000000000000e+00
6.562500000000000625e-03,1.041666666666666734e-04,1.819450097442699597e-04,1.000000000000000000e+00
6.770833333333333565e-03,1.041666666666666734e-04,1.825152800246003060e-04,1.000000000000000000e+00
6.979166666666667372e-03,1.041666666666666734e-04,1.826874488826409992e-04,1.000000000000000000e+00
7.187500000000000312e-03,1.041666666666666734e-04,1.823255899824733847e-04,1.000000000000000000e+00
7.395833333333334120e-03,1.041666666666666734e-04,1.812883048238423994e-04,1.000000000000000000e+00
7.604166666666667060e-03,1.041666666666666734e-04,1.794281798183924935e-04,1.000000000000000000e+00
7.812500000000000000e-03,1.041666666666666734e-04,1.765899694026332796e-04,1.000000000000000000e+00
8.020833333333334675e-03,1.041666666666666734e-04,1.726071578378483374e-04,1.000000000000000000e+00
8.229166666666667615e-03,1.041666666666666734e-04,1.672963322847085838e-04,1.000000000000000000e+00
8.437500000000000555e-03,1.041666666666666734e-04,1.604483661692467447e-04,1.000000000000000000e+00
8.645833333333333495e-03,1.041666666666666734e-04,1.518145331161323557e-04,1.000000000000000000e+00
8.854166666666666435e-03,1.041666666666666734e-04,1.410837741409575190e-04,1.000000000000000000e+00
9.062500000000001110e-03,1.041666666666666734e-04,1.278428309029761164e-04,1.000000000000000000e+00
9.270833333333334050e-03,1.041666666666666734e-04,1.114988365986276087e-04,1.000000000000000000e+00
9.479166666666666990e-03,1.041666666666666734e-04,9.110650403568683656e-05,1.000000000000000000e+00
9.687499999999999931e-03,1.041666666666666734e-04,6.490911974040423547e-05,1.000000000000000000e+00
9.895833333333334605e-03,1.041666666666666734e-04,2.887016954309770388e-05,1.000000000000000000e+00
1.041666666666666734e-04,3.125000000000000065e-04,6.490911974040423547e-05,1.000000000000000000e+00
3.125000000000000065e-04,3.125000000000000065e-04,1.611661473454588812e-04,1.000000000000000000e+00
5.208333333333333261e-04,3.125000000000000065e-04,2.357217860616246338e-04,1.000000000000000000e+00
7.291666666666666999e-04,3.125000000000000065e-04,2.951420702766974127e-04,1.000000000000000000e+00
9.375000000000000737e-04,3.125000000000000065e-04,3.432287659975177493e-04,1.000000000000000000e+00
1.145833333333333339e-03,3.125000000000000065e-04,3.823587289079016620e-04,1.000000000000000000e+00
1.354166666666666713e-03,3.125000000000000065e-04,4.141377474926800266e-04,1.000000000000000000e+00
1.562500000000000087e-03,3.125000000000000065e-04,4.397281876676156754e-04,1.000000000000000000e+00
1.770833333333333461e-03,3.125000000000000065e-04,4.600233596386705658e-04,1.000000000000000000e+00
1.979166666666666834e-03,3.125000000000000065e-04,4.757467097241227690e-04,1.000000000000000000e+00
2.187500000000000208e-03,3.125000000000000065e-04,4.875117315791484859e-04,1.000000000000000000e+00
2.395833333333333582e-03,3.125000000000000065e-04,4.958598470877094086e-04,1.000000000000000000e+00
2.604166666666666956e-03,3.125000000000000065e-04,5.012849765405688477e-04,1.000000000000000000e+00
2.812500000000000330e-03,3.125000000000000065e-04,5.042494184281056573e-04,1.000000000000000000e+00
3.020833333333333703e-03,3.125000000000000065e-04,5.051935966283535194e-04,1.000000000000000000e+00
3.229166666666667077e-03,3.125000000000000065e-04,5.045411637183128389e-04,1.000000000000000000e+00
3.437500000000000017e-03,3.125000000000000065e-04,5.027003934550743156e-04,1.000000000000000000e+00
3.645833333333333391e-03,3.125000000000000065e-04,5.000625143729062584e-04,1.000000000000000000e+00
3.854166666666666765e-03,3.125000000000000065e-04,4.969975003874596564e-04,1.000000000000000000e+00
4.062500000000000139e-03,3.125000000000000065e-04,4.938477729864959413e-04,1.000000000000000000e+00
4.270833333333333946e-03,3.125000000000000065e-04,4.909202589085977361e-04,1.000000000000000000e+00
4.479166666666666886e-03,3.125000000000000065e-04,4.884773058902066841e-04,1.000000000000000000e+00
4.687500000000000694e-03,3.125000000000000065e-04,4.867271293930376295e-04,1.000000000000000000e+00
4.895833333333333634e-03,3.125000000000000065e-04,4.858147570516341577e-04,1.000000000000000000e+00
5.104166666666666574e-03,3.125000000000000065e-04,4.858147570516341035e-04,1.000000000000000000e+00
5.312500000000000382e-03,3.125000000000000065e-04,4.867271293930376295e-04,1.000000000000000000e+00
5.520833333333333322e-03,3.125000000000000065e-04,4.884773058902065757e-04,1.000000000000000000e+00
5.729166666666667129e-03,3.125000000000000065e-04,4.909202589085976277e-04,1.000000000000000000e+00
5.937500000000000069e-03,3.125000000000000065e-04,4.938477729864957245e-04,1.000000000000000000e+00
6.145833333333333877e-03,3.125000000000000065e-04,4.969975003874594396e-04,1.000000000000000000e+00
6.354166666666666817e-03,3.125000000000000065e-04,5.000625143729061500e-04,1.000000000000000000e+00
6.562500000000000625e-03,3.125000000000000065e-04,5.027003934550743156e-04,1.000000000000000000e+00
6.770833333333333565e-03,3.125000000000000065e-04,5.045411637183128389e-04,1.000000000000000000e+00
6.979166666666667372e-03,3.125000000000000065e-04,5.051935966283536278e-04,1.000000000000000000e+00
7.187500000000000312e-03,3.125000000000000065e-04,5.042494184281055489e-04,1.000000000000000000e+00
7.395833333333334120e-03,3.125000000000000065e-04,5.012849765405686308e-04,1.000000000000000000e+00
7.604166666666667060e-03,3.125000000000000065e-04,4.958598470877089749e-04,1.000000000000000000e+00
7.812500000000000000e-03,3.125000000000000065e-04,4.875117315791477812e-04,1.000000000000000000e+00
8.020833333333334675e-03,3.125000000000000065e-04,4.757467097241221184e-04,1.000000000000000000e+00
8.229166666666667615e-03,3.125000000000000065e-04,4.600233596386700779e-04,1.000000000000000000e+00
8.437500000000000555e-03,3.125000000000000065e-04,4.397281876676152959e-04,1.000000000000000000e+00
8.645833333333333495e-03,3.125000000000000065e-04,4.141377474926797014e-04,1.000000000000000000e+00
8.854166666666666435e-03,3.125000000000000065e-04,3.823587289079014451e-04,1.000000000000000000e+00
9.062500000000001110e-03,3.125000000000000065e-04,3.432287659975176409e-04,1.000000000000000000e+00
9.270833333333334050e-03,3.125000000000000065e-04,2.951420702766973042e-04,1.000000000000000000e+00
9.479166666666666990e-03,3.125000000000000065e-04,2.357217860616245796e-04,1.000000000000000000e+00
9.687499999999999931e-03,3.125000000000000065e-04,1.611661473454588270e-04,1.000000000000000000e+00
9.895833333333334605e-03,3.125000000000000065e-04,6.490911974040422191e-05,1.000000000000000000e+00
1.041666666666666734e-04,5.208333333333333261e-04,9.110650403568686367e-05,1.000000000000000000e+00
3.125000000000000065e-04,5.208333333333333261e-04,2.357217860616246338e-04,1.000000000000000000e+00
5.208333333333333261e-04,5.208333333333333261e-04,3.520696448108776456e-04,1.000000000000000000e+00
7.291666666666666999e-04,5.208333333333333261e-04,4.467161146712417914e-04,1.000000000000000000e+00
9.375000000000000737e-04,5.208333333333333261e-04,5.241686561247180199e-04,1.000000000000000000e+00
1.145833333333333339e-03,5.208333333333333261e-04,5.875818502226732958e-04,1.000000000000000000e+00
1.354166666666666713e-03,5.208333333333333261e-04,6.392467625012923562e-04,1.000000000000000000e+00
1.562500000000000087e-03,5.208333333333333261e-04,6.809004995920876595e-04,1.000000000000000000e+00
1.770833333333333461e-03,5.208333333333333261e-04,7.139194311004571237e-04,1.000000000000000000e+00
1.979166666666666834e-03,5.208333333333333261e-04,7.394418120630459005e-04,1.000000000000000000e+00
2.187500000000000208e-03,5.208333333333333261e-04,7.584476223243504563e-04,1.000000000000000000e+00
2.395833333333333582e-03,5.208333333333333261e-04,7.718117226349497772e-04,1.000000000000000000e+00
2.604166666666666956e-03,5.208333333333333261e-04,7.803395580448403831e-04,1.000000000000000000e+00
2.812500000000000330e-03,5.208333333333333261e-04,7.847907327832490641e-04,1.000000000000000000e+00
3.020833333333333703e-03,5.208333333333333261e-04,7.858935777065768772e-04,1.000000000000000000e+00
3.229166666666667077e-03,5.208333333333333261e-04,7.843526069874458620e-04,1.000000000000000000e+00
3.437500000000000017e-03,5.208333333333333261e-04,7.808501082070301753e-04,1.000000000000000000e+00
3.645833333333333391e-03,5.208333333333333261e-04,7.760427884074160747e-04,1.000000000000000000e+00
3.854166666666666765e-03,5.208333333333333261e-04,7.705542509881255827e-04,1.000000000000000000e+00
4.062500000000000139e-03,5.208333333333333261e-04,7.649640033786182704e-04,1.000000000000000000e+00
4.270833333333333946e-03,5.208333333333333261e-04,7.597936577010675797e-04,1.000000000000000000e+00
4.479166666666666886e-03,5.208333333333333261e-04,7.554910392671012427e-04,1.000000000000000000e+00
4.687500000000000694e-03,5.208333333333333261e-04,7.524131907277995012e-04,1.000000000000000000e+00
4.895833333333333634e-03,5.208333333333333261e-04,7.508098587455508659e-04,1.000000000000000000e+00
5.104166666666666574e-03,5.208333333333333261e-04,7.508098587455508659e-04,1.000000000000000000e+00
5.312500000000000382e-03,5.208333333333333261e-04,7.524131907277991759e-04,1.000000000000000000e+00
5.520833333333333322e-03,5.208333333333333261e-04,7.554910392671008090e-04,1.000000000000000000e+00
5.729166666666667129e-03,5.208333333333333261e-04,7.597936577010674713e-04,1.000000000000000000e+00
5.937500000000000069e-03,5.208333333333333261e-04,7.649640033786180536e-04,1.000000000000000000e+00
6.145833333333333877e-03,5.208333333333333261e-04,7.705542509881254743e-04,1.000000000000000000e+00
6.354166666666666817e-03,5.208333333333333261e-04,7.760427884074159663e-04,1.000000000000000000e+00
6.562500000000000625e-03,5.208333333333333261e-04,7.808501082070301753e-04,1.000000000000000000e+00
6.770833333333333565e-03,5.208333333333333261e-04,7.843526069874458620e-04,1.000000000000000000e+00
6.979166666666667372e-03,5.208333333333333261e-04,7.858935777065772024e-04,1.000000000000000000e+00
7.187500000000000312e-03,5.208333333333333261e-04,7.847907327832488473e-04,1.000000000000000000e+00
7.395833333333334120e-03,5.208333333333333261e-04,7.803395580448398410e-04,1.000000000000000000e+00
7.604166666666667060e-03,5.208333333333333261e-04,7.718117226349491267e-04,1.000000000000000000e+00
7.812500000000000000e-03,5.208333333333333261e-04,7.584476223243493721e-04,1.000000000000000000e+00
8.020833333333334675e-03,5.208333333333333261e-04,7.394418120630449247e-04,1.000000000000000000e+00
8.229166666666667615e-03,5.208333333333333261e-04,7.139194311004562563e-04,1.000000000000000000e+00
8.437500000000000555e-03,5.208333333333333261e-04,6.809004995920869005e-04,1.000000000000000000e+00
8.645833333333333495e-03,5.208333333333333261e-04,6.392467625012919225e-04,1.000000000000000000e+00
8.854166666666666435e-03,5.208333333333333261e-04,5.875818502226730789e-04,1.000000000000000000e+00
9.062500000000001110e-03,5.208333333333333261e-04,5.241686561247179115e-04,1.000000000000000000e+00
9.270833333333334050e-03,5.208333333333333261e-04,4.467161146712416830e-04,1.000000000000000000e+00
9.479166666666666990e-03,5.208333333333333261e-04,3.520696448108774830e-04,1.000000000000000000e+00
9.687499999999999931e-03,5.208333333333333261e-04,2.357217860616245254e-04,1.000000000000000000e+00
9.895833333333334605e-03,5.208333333333333261e-04,9.110650403568680946e-05,1.000000000000000000e+00
1.041666666666666734e-04,7.291666666666666999e-04,1.114988365986276493e-04,1.000000000000000000e+00
3.125000000000000065e-04,7.291666666666666999e-04,2.951420702766974127e-04,1.000000000000000000e+00
5.208333333333333261e-04,7.291666666666666999e-04,4.467161146712417914e-04,1.000000000000000000e+00
7.291666666666666999e-04,7.291666666666666999e-04,5.720813096948961386e-04,1.000000000000000000e+00
9.375000000000000737e-04,7.291666666666666999e-04,6.757451158296615655e-04,1.000000000000000000e+00
1.145833333333333339e-03,7.291666666666666999e-04,7.611504755790036297e-04,1.000000000000000000e+00
1.354166666666666713e-03,7.291666666666666999e-04,8.309641749199513615e-04,1.000000000000000000e+00
1.562500000000000087e-03,7.291666666666666999e-04,8.873048393212074796e-04,1.000000000000000000e+00
1.770833333333333461e-03,7.291666666666666999e-04,9.319092753302468538e-04,1.000000000000000000e+00
1.979166666666666834e-03,7.291666666666666999e-04,9.662507073254756294e-04,1.000000000000000000e+00
2.187500000000000208e-03,7.291666666666666999e-04,9.916224452424797671e-04,1.000000000000000000e+00
2.395833333333333582e-03,7.291666666666666999e-04,1.009197085305121346e-03,1.000000000000000000e+00
2.604166666666666956e-03,7.291666666666666999e-04,1.020068022442815678e-03,1.000000000000000000e+00
2.812500000000000330e-03,7.291666666666666999e-04,1.025277599175695390e-03,1.000000000000000000e+00
3.020833333333333703e-03,7.291666666666666999e-04,1.025834596649481331e-03,1.000000000000000000e+00
3.229166666666667077e-03,7.291666666666666999e-04,1.022722800540085174e-03,1.000000000000000000e+00
3.437500000000000017e-03,7.291666666666666999e-04,1.016901866200407151e-03,1.000000000000000000e+00
3.645833333333333391e-03,7.291666666666666999e-04,1.009301502283824117e-03,1.000000000000000000e+00
3.854166666666666765e-03,7.291666666666666999e-04,1.000809934001230380e-03,1.000000000000000000e+00
4.062500000000000139e-03,7.291666666666666999e-04,9.922575540610065713e-04,1.000000000000000000e+00
4.270833333333333946e-03,7.291666666666666999e-04,9.843965514721754462e-04,1.000000000000000000e+00
4.479166666666666886e-03,7.291666666666666999e-04,9.778772249715533653e-04,1.000000000000000000e+00
4.687500000000000694e-03,7.291666666666666999e-04,9.732219577277302636e-04,1.000000000000000000e+00
4.895833333333333634e-03,7.291666666666666999e-04,9.707988506794414238e-04,1.000000000000000000e+00
5.104166666666666574e-03,7.291666666666666999e-04,9.707988506794414238e-04,1.000000000000000000e+00
5.312500000000000382e-03,7.291666666666666999e-04,9.732219577277298299e-04,1.000000000000000000e+00
5.520833333333333322e-03,7.291666666666666999e-04,9.778772249715524979e-04,1.000000000000000000e+00
5.729166666666667129e-03,7.291666666666666999e-04,9.843965514721750125e-04,1.000000000000000000e+00
5.937500000000000069e-03,7.291666666666666999e-04,9.922575540610061376e-04,1.000000000000000000e+00
6.145833333333333877e-03,7.291666666666666999e-04,1.000809934001230380e-03,1.000000000000000000e+00
6.354166666666666817e-03,7.291666666666666999e-04,1.009301502283824117e-03,1.000000000000000000e+00
6.562500000000000625e-03,7.291666666666666999e-04,1.016901866200407151e-03,1.000000000000000000e+00
6.770833333333333565e-03,7.291666666666666999e-04,1.022722800540085391e-03,1.000000000000000000e+00
6.979166666666667372e-03,7.291666666666666999e-04,1.025834596649481765e-03,1.000000000000000000e+00
7.187500000000000312e-03,7.291666666666666999e-04,1.025277599175695173e-03,1.000000000000000000e+00
7.395833333333334120e-03,7.291666666666666999e-04,1.020068022442815027e-03,1.000000000000000000e+00
7.604166666666667060e-03,7.291666666666666999e-04,1.009197085305120478e-03,1.000000000000000000e+00
7.812500000000000000e-03,7.291666666666666999e-04,9.916224452424784661e-04,1.000000000000000000e+00
8.020833333333334675e-03,7.291666666666666999e-04,9.662507073254741116e-04,1.000000000000000000e+00
8.229166666666667615e-03,7.291666666666666999e-04,9.319092753302452275e-04,1.000000000000000000e+00
8.437500000000000555e-03,7.291666666666666999e-04,8.873048393212063954e-04,1.000000000000000000e+00
8.645833333333333495e-03,7.291666666666666999e-04,8.309641749199507110e-04,1.000000000000000000e+00
8.854166666666666435e-03,7.291666666666666999e-04,7.611504755790031961e-04,1.000000000000000000e+00
9.062500000000001110e-03,7.291666666666666999e-04,6.757451158296612402e-04,1.000000000000000000e+00
9.270833333333334050e-03,7.291666666666666999e-04,5.720813096948958133e-04,1.000000000000000000e+00
9.479166666666666990e-03,7.291666666666666999e-04,4.467161146712414661e-04,1.000000000000000000e+00
9.687499999999999931e-03,7.291666666666666999e-04,2.951420702766971958e-04,1.000000000000000000e+00
9.895833333333334605e-03,7.291666666666666999e-04,1.114988365986275545e-04,1.000000000000000000e+00
1.041666666666666734e-04,9.375000000000000737e-04,1.278428309029762519e-04,1.000000000000000000e+00
3.125000000000000065e-04,9.375000000000000737e-04,3.432287659975178577e-04,1.000000000000000000e+00
5.208333333333333261e-04,9.375000000000000737e-04,5.241686561247182368e-04,1.000000000000000000e+00
7.291666666666666999e-04,9.375000000000000737e-04,6.757451158296617823e-04,1.000000000000000000e+00
9.375000000000000737e-04,9.375000000000000737e-04,8.021772441422506334e-04,1.000000000000000000e+00
1.145833333333333339e-03,9.375000000000000737e-04,9.069079835659504558e-04,1.000000000000000000e+00
1.354166666666666713e-03,9.375000000000000737e-04,9.927518445005242484e-04,1.000000000000000000e+00
1.562500000000000087e-03,9.375000000000000737e-04,1.062042629664765661e-03,1.000000000000000000e+00
1.770833333333333461e-03,9.375000000000000737e-04,1.116759345796068583e-03,1.000000000000000000e+00
1.979166666666666834e-03,9.375000000000000737e-04,1.158626518888351831e-03,1.000000000000000000e+00
2.187500000000000208e-03,9.375000000000000737e-04,1.189191588237193797e-03,1.000000000000000000e+00
2.395833333333333582e-03,9.375000000000000737e-04,1.209883373122462536e-03,1.000000000000000000e+00
2.604166666666666956e-03,9.375000000000000737e-04,1.222055069467826776e-03,1.000000000000000000e+00
2.812500000000000330e-03,9.375000000000000737e-04,1.227014267049457430e-03,1.000000000000000000e+00
3.020833333333333703e-03,9.375000000000000737e-04,1.226041631397790585e-03,1.000000000000000000e+00
3.229166666666667077e-03,9.375000000000000737e-04,1.220399354545228078e-03,1.000000000000000000e+00
3.437500000000000017e-03,9.375000000000000737e-04,1.211330275992910646e-03,1.000000000000000000e+00
3.645833333333333391e-03,9.375000000000000737e-04,1.200048642748465129e-03,1.000000000000000000e+00
3.854166666666666765e-03,9.375000000000000737e-04,1.187723650894187844e-03,1.000000000000000000e+00
4.062500000000000139e-03,9.375000000000000737e-04,1.175456949614223914e-03,1.000000000000000000e+00
4.270833333333333946e-03,9.375000000000000737e-04,1.164254991377296645e-03,1.000000000000000000e+00
4.479166666666666886e-03,9.375000000000000737e-04,1.154996573641426825e-03,1.000000000000000000e+00
4.687500000000000694e-03,9.375000000000000737e-04,1.148395786754348707e-03,1.000000000000000000e+00
4.895833333333333634e-03,9.375000000000000737e-04,1.144961957787265627e-03,1.000000000000000000e+00
5.104166666666666574e-03,9.375000000000000737e-04,1.144961957787265627e-03,1.000000000000000000e+00
5.312500000000000382e-03,9.375000000000000737e-04,1.148395786754348056e-03,1.000000000000000000e+00
5.520833333333333322e-03,9.375000000000000737e-04,1.154996573641426175e-03,1.000000000000000000e+00
5.729166666666667129e-03,9.375000000000000737e-04,1.164254991377295994e-03,1.000000000000000000e+00
5.937500000000000069e-03,9.375000000000000737e-04,1.175456949614223480e-03,1.000000000000000000e+00
6.145833333333333877e-03,9.375000000000000737e-04,1.187723650894187844e-03,1.000000000000000000e+00
6.354166666666666817e-03,9.375000000000000737e-04,1.200048642748465129e-03,1.000000000000000000e+00
6.562500000000000625e-03,9.375000000000000737e-04,1.211330275992910863e-03,1.000000000000000000e+00
6.770833333333333565e-03,9.375000000000000737e-04,1.220399354545228729e-03,1.000000000000000000e+00
6.979166666666667372e-03,9.375000000000000737e-04,1.226041631397790802e-03,1.000000000000000000e+00
7.187500000000000312e-03,9.375000000000000737e-04,1.227014267049457647e-03,1.000000000000000000e+00
7.395833333333334120e-03,9.375000000000000737e-04,1.222055069467825909e-03,1.000000000000000000e+00
7.604166666666667060e-03,9.375000000000000737e-04,1.209883373122461235e-03,1.000000000000000000e+00
7.812500000000000000e-03,9.375000000000000737e-04,1.189191588237192062e-03,1.000000000000000000e+00
8.020833333333334675e-03,9.375000000000000737e-04,1.158626518888350096e-03,1.000000000000000000e+00
8.229166666666667615e-03,9.375000000000000737e-04,1.116759345796066632e-03,1.000000000000000000e+00
8.437500000000000555e-03,9.375000000000000737e-04,1.062042629664764143e-03,1.000000000000000000e+00
8.645833333333333495e-03,9.375000000000000737e-04,9.927518445005229474e-04,1.000000000000000000e+00
8.854166666666666435e-03,9.375000000000000737e-04,9.069079835659495884e-04,1.000000000000000000e+00
9.062500000000001110e-03,9.375000000000000737e-04,8.021772441422498744e-04,1.000000000000000000e+00
9.270833333333334050e-03,9.375000000000000737e-04,6.757451158296611318e-04,1.000000000000000000e+00
9.479166666666666990e-03,9.375000000000000737e-04,5.241686561247176947e-04,1.000000000000000000e+00
9.687499999999999931e-03,9.375000000000000737e-04,3.432287659975175324e-04,1.000000000000000000e+00
9.895833333333334605e-03,9.375000000000000737e-04,1.278428309029761164e-04,1.000000000000000000e+00
1.041666666666666734e-04,1.145833333333333339e-03,1.410837741409576816e-04,1.000000000000000000e+00
3.125000000000000065e-04,1.145833333333333339e-03,3.823587289079018246e-04,1.000000000000000000e+00
5.208333333333333261e-04,1.145833333333333339e-03,5.875818502226738379e-04,1.000000000000000000e+00
7.291666666666666999e-04,1.145833333333333339e-03,7.611504755790039550e-04,1.000000000000000000e+00
9.375000000000000737e-04,1.145833333333333339e-03,9.069079835659506726e-04,1.000000000000000000e+00
1.145833333333333339e-03,1.145833333333333339e-03,1.028149592264245796e-03,1.000000000000000000e+00
1.354166666666666713e-03,1.145833333333333339e-03,1.127689812073652108e-03,1.000000000000000000e+00
1.562500000000000087e-03,1.145833333333333339e-03,1.207951711263484168e-03,1.000000000000000000e+00
1.770833333333333461e-03,1.145833333333333339e-03,1.271056181523131604e-03,1.000000000000000000e+00
1.979166666666666834e-03,1.145833333333333339e-03,1.318901656416891256e-03,1.000000000000000000e+00
2.187500000000000208e-03,1.145833333333333339e-03,1.353231237917702778e-03,1.000000000000000000e+00
2.395833333333333582e-03,1.145833333333333339e-03,1.375686971701930387e-03,1.000000000000000000e+00
2.604166666666666956e-03,1.145833333333333339e-03,1.387851837478792970e-03,1.000000000000000000e+00
2.812500000000000330e-03,1.145833333333333339e-03,1.391279990378739345e-03,1.000000000000000000e+00
3.020833333333333703e-03,1.145833333333333339e-03,1.387515529569216576e-03,1.000000000000000000e+00
3.229166666666667077e-03,1.145833333333333339e-03,1.378099932472348285e-03,1.000000000000000000e+00
3.437500000000000017e-03,1.145833333333333339e-03,1.364568462699765252e-03,1.000000000000000000e+00
3.645833333333333391e-03,1.145833333333333339e-03,1.348436364045159852e-03,1.000000000000000000e+00
3.854166666666666765e-03,1.145833333333333339e-03,1.331176299435054763e-03,1.000000000000000000e+00
4.062500000000000139e-03,1.145833333333333339e-03,1.314188824346626538e-03,1.000000000000000000e+00
4.270833333333333946e-03,1.145833333333333339e-03,1.298767113003582987e-03,1.000000000000000000e+00
4.479166666666666886e-03,1.145833333333333339e-03,1.286055513684730527e-03,1.000000000000000000e+00
4.687500000000000694e-03,1.145833333333333339e-03,1.276999880083193838e-03,1.000000000000000000e+00
4.895833333333333634e-03,1.145833333333333339e-03,1.272288458150229451e-03,1.000000000000000000e+00
5.104166666666666574e-03,1.145833333333333339e-03,1.272288458150228800e-03,1.000000000000000000e+00
5.312500000000000382e-03,1.145833333333333339e-03,1.276999880083192970e-03,1.000000000000000000e+00
5.520833333333333322e-03,1.145833333333333339e-03,1.286055513684730093e-03,1.000000000000000000e+00
5.729166666666667129e-03,1.145833333333333339e-03,1.298767113003582337e-03,1.000000000000000000e+00
5.937500000000000069e-03,1.145833333333333339e-03,1.314188824346626105e-03,1.000000000000000000e+00
6.145833333333333877e-03,1.145833333333333339e-03,1.331176299435054113e-03,1.000000000000000000e+00
6.354166666666666817e-03,1.145833333333333339e-03,1.348436364045159201e-03,1.000000000000000000e+00
6.562500000000000625e-03,1.145833333333333339e-03,1.364568462699764818e-03,1.000000000000000000e+00
6.770833333333333565e-03,1.145833333333333339e-03,1.378099932472348285e-03,1.000000000000000000e+00
6.979166666666667372e-03,1.145833333333333339e-03,1.387515529569216793e-03,1.000000000000000000e+00
7.187500000000000312e-03,1.145833333333333339e-03,1.391279990378739779e-03,1.000000000000000000e+00
7.395833333333334120e-03,1.145833333333333339e-03,1.387851837478792753e-03,1.000000000000000000e+00
7.604166666666667060e-03,1.145833333333333339e-03,1.375686971701928869e-03,1.000000000000000000e+00
7.812500000000000000e-03,1.145833333333333339e-03,1.353231237917701260e-03,1.000000000000000000e+00
8.020833333333334675e-03,1.145833333333333339e-03,1.318901656416889522e-03,1.000000000000000000e+00
8.229166666666667615e-03,1.145833333333333339e-03,1.271056181523129002e-03,1.000000000000000000e+00
8.437500000000000555e-03,1.145833333333333339e-03,1.207951711263481999e-03,1.000000000000000000e+00
8.645833333333333495e-03,1.145833333333333339e-03,1.127689812073649940e-03,1.000000000000000000e+00
8.854166666666666435e-03,1.145833333333333339e-03,1.028149592264244279e-03,1.000000000000000000e+00
9.062500000000001110e-03,1.145833333333333339e-03,9.069079835659495884e-04,1.000000000000000000e+00
9.270833333333334050e-03,1.145833333333333339e-03,7.611504755790031961e-04,1.000000000000000000e+00
9.479166666666666990e-03,1.145833333333333339e-03,5.875818502226730789e-04,1.000000000000000000e+00
9.687499999999999931e-03,1.145833333333333339e-03,3.823587289079014451e-04,1.000000000000000000e+00
9.895833333333334605e-03,1.145833333333333339e-03,1.410837741409575190e-04,1.000000000000000000e+00
1.041666666666666734e-04,1.354166666666666713e-03,1.518145331161325454e-04,1.000000000000000000e+00
3.125000000000000065e-04,1.354166666666666713e-03,4.141377474926802435e-04,1.000000000000000000e+00
5.208333333333333261e-04,1.354166666666666713e-03,6.392467625012926815e-04,1.000000000000000000e+00
7.291666666666666999e-04,1.354166666666666713e-03,8.309641749199513615e-04,1.000000000000000000e+00
9.375000000000000737e-04,1.354166666666666713e-03,9.927518445005242484e-04,1.000000000000000000e+00
1.145833333333333339e-03,1.354166666666666713e-03,1.127689812073651675e-03,1.000000000000000000e+00
1.354166666666666713e-03,1.354166666666666713e-03,1.238503322488575080e-03,1.000000000000000000e+00
1.562500000000000087e-03,1.354166666666666713e-03,1.327615444014609673e-03,1.000000000000000000e+00
1.770833333333333461e-03,1.354166666666666713e-03,1.397209234838303919e-03,1.000000000000000000e+00
1.979166666666666834e-03,1.354166666666666713e-03,1.449289909560601839e-03,1.000000000000000000e+00
2.187500000000000208e-03,1.354166666666666713e-03,1.485741957537018267e-03,1.000000000000000000e+00
2.395833333333333582e-03,1.354166666666666713e-03,1.508378660510984771e-03,1.000000000000000000e+00
2.604166666666666956e-03,1.354166666666666713e-03,1.518982540588897966e-03,1.000000000000000000e+00
2.812500000000000330e-03,1.354166666666666713e-03,1.519335549639713213e-03,1.000000000000000000e+00
3.020833333333333703e-03,1.354166666666666713e-03,1.511237786250211766e-03,1.000000000000000000e+00
3.229166666666667077e-03,1.354166666666666713e-03,1.496513605297405177e-03,1.000000000000000000e+00
3.437500000000000017e-03,1.354166666666666713e-03,1.477004500510865036e-03,1.000000000000000000e+00
3.645833333333333391e-03,1.354166666666666713e-03,1.454549273519576422e-03,1.000000000000000000e+00
3.854166666666666765e-03,1.354166666666666713e-03,1.430953580676466545e-03,1.000000000000000000e+00
4.062500000000000139e-03,1.354166666666666713e-03,1.407952157555867299e-03,1.000000000000000000e+00
4.270833333333333946e-03,1.354166666666666713e-03,1.387166344827899314e-03,1.000000000000000000e+00
4.479166666666666886e-03,1.354166666666666713e-03,1.370055710232941483e-03,1.000000000000000000e+00
4.687500000000000694e-03,1.354166666666666713e-03,1.357856983965688175e-03,1.000000000000000000e+00
4.895833333333333634e-03,1.354166666666666713e-03,1.351500758802450615e-03,1.000000000000000000e+00
5.104166666666666574e-03,1.354166666666666713e-03,1.351500758802450398e-03,1.000000000000000000e+00
5.312500000000000382e-03,1.354166666666666713e-03,1.357856983965687742e-03,1.000000000000000000e+00
5.520833333333333322e-03,1.354166666666666713e-03,1.370055710232940616e-03,1.000000000000000000e+00
5.729166666666667129e-03,1.354166666666666713e-03,1.387166344827899097e-03,1.000000000000000000e+00
5.937500000000000069e-03,1.354166666666666713e-03,1.407952157555866649e-03,1.000000000000000000e+00
6.145833333333333877e-03,1.354166666666666713e-03,1.430953580676465895e-03,1.000000000000000000e+00
6.354166666666666817e-03,1.354166666666666713e-03,1.454549273519575121e-03,1.000000000000000000e+00
6.562500000000000625e-03,1.354166666666666713e-03,1.477004500510864819e-03,1.000000000000000000e+00
6.770833333333333565e-03,1.354166666666666713e-03,1.496513605297404743e-03,1.000000000000000000e+00
6.979166666666667372e-03,1.354166666666666713e-03,1.511237786250210898e-03,1.000000000000000000e+00
7.187500000000000312e-03,1.354166666666666713e-03,1.519335549639712346e-03,1.000000000000000000e+00
7.395833333333334120e-03,1.354166666666666713e-03,1.518982540588897099e-03,1.000000000000000000e+00
7.604166666666667060e-03,1.354166666666666713e-03,1.508378660510983254e-03,1.000000000000000000e+00
7.812500000000000000e-03,1.354166666666666713e-03,1.485741957537016098e-03,1.000000000000000000e+00
8.020833333333334675e-03,1.354166666666666713e-03,1.449289909560599020e-03,1.000000000000000000e+00
8.229166666666667615e-03,1.354166666666666713e-03,1.397209234838300666e-03,1.000000000000000000e+00
8.437500000000000555e-03,1.354166666666666713e-03,1.327615444014606204e-03,1.000000000000000000e+00
8.645833333333333495e-03,1.354166666666666713e-03,1.238503322488572478e-03,1.000000000000000000e+00
8.854166666666666435e-03,1.354166666666666713e-03,1.127689812073649940e-03,1.000000000000000000e+00
9.062500000000001110e-03,1.354166666666666713e-03,9.927518445005229474e-04,1.000000000000000000e+00
9.270833333333334050e-03,1.354166666666666713e-03,8.309641749199504941e-04,1.000000000000000000e+00
9.479166666666666990e-03,1.354166666666666713e-03,6.392467625012921394e-04,1.000000000000000000e+00
9.687499999999999931e-03,1.354166666666666713e-03,4.141377474926798098e-04,1.000000000000000000e+00
9.895833333333334605e-03,1.354166666666666713e-03,1.518145331161323828e-04,1.000000000000000000e+00
1.041666666666666734e-04,1.562500000000000087e-03,1.604483661692469344e-04,1.000000000000000000e+00
3.125000000000000065e-04,1.562500000000000087e-03,4.397281876676156754e-04,1.000000000000000000e+00
5.208333333333333261e-04,1.562500000000000087e-03,6.809004995920875511e-04,1.000000000000000000e+00
7.291666666666666999e-04,1.562500000000000087e-03,8.873048393212070459e-04,1.000000000000000000e+00
9.375000000000000737e-04,1.562500000000000087e-03,1.062042629664765227e-03,1.000000000000000000e+00
1.145833333333333339e-03,1.562500000000000087e-03,1.207951711263483517e-03,1.000000000000000000e+00
1.354166666666666713e-03,1.562500000000000087e-03,1.327615444014609240e-03,1.000000000000000000e+00
1.562500000000000087e-03,1.562500000000000087e-03,1.423394729690296602e-03,1.000000000000000000e+00
1.770833333333333461e-03,1.562500000000000087e-03,1.497472626477094719e-03,1.000000000000000000e+00
1.979166666666666834e-03,1.562500000000000087e-03,1.551904011672415856e-03,1.000000000000000000e+00
2.187500000000000208e-03,1.562500000000000087e-03,1.588665244381005405e-03,1.000000000000000000e+00
2.395833333333333582e-03,1.562500000000000087e-03,1.609700394438314842e-03,1.000000000000000000e+00
2.604166666666666956e-03,1.562500000000000087e-03,1.616961336948323068e-03,1.000000000000000000e+00
2.812500000000000330e-03,1.562500000000000087e-03,1.612439103563225286e-03,1.000000000000000000e+00
3.020833333333333703e-03,1.562500000000000087e-03,1.598183682716733606e-03,1.000000000000000000e+00
3.229166666666667077e-03,1.562500000000000087e-03,1.576309424178417348e-03,1.000000000000000000e+00
3.437500000000000017e-03,1.562500000000000087e-03,1.548983882748936752e-03,1.000000000000000000e+00
3.645833333333333391e-03,1.562500000000000087e-03,1.518399871068034897e-03,1.000000000000000000e+00
3.854166666666666765e-03,1.562500000000000087e-03,1.486733814417590073e-03,1.000000000000000000e+00
4.062500000000000139e-03,1.562500000000000087e-03,1.456097102594698742e-03,1.000000000000000000e+00
4.270833333333333946e-03,1.562500000000000087e-03,1.428487620741428297e-03,1.000000000000000000e+00
4.479166666666666886e-03,1.562500000000000087e-03,1.405741220675669209e-03,1.000000000000000000e+00
4.687500000000000694e-03,1.562500000000000087e-03,1.389468808966388491e-03,1.000000000000000000e+00
4.895833333333333634e-03,1.562500000000000087e-03,1.380954056513656811e-03,1.000000000000000000e+00
5.104166666666666574e-03,1.562500000000000087e-03,1.380954056513656811e-03,1.000000000000000000e+00
5.312500000000000382e-03,1.562500000000000087e-03,1.389468808966388275e-03,1.000000000000000000e+00
5.520833333333333322e-03,1.562500000000000087e-03,1.405741220675668993e-03,1.000000000000000000e+00
5.729166666666667129e-03,1.562500000000000087e-03,1.428487620741427863e-03,1.000000000000000000e+00
5.937500000000000069e-03,1.562500000000000087e-03,1.456097102594697875e-03,1.000000000000000000e+00
6.145833333333333877e-03,1.562500000000000087e-03,1.486733814417589639e-03,1.000000000000000000e+00
6.354166666666666817e-03,1.562500000000000087e-03,1.518399871068034680e-03,1.000000000000000000e+00
6.562500000000000625e-03,1.562500000000000087e-03,1.548983882748936752e-03,1.000000000000000000e+00
6.770833333333333565e-03,1.562500000000000087e-03,1.576309424178417131e-03,1.000000000000000000e+00
6.979166666666667372e-03,1.562500000000000087e-03,1.598183682716732522e-03,1.000000000000000000e+00
7.187500000000000312e-03,1.562500000000000087e-03,1.612439103563224636e-03,1.000000000000000000e+00
7.395833333333334120e-03,1.562500000000000087e-03,1.616961336948321767e-03,1.000000000000000000e+00
7.604166666666667060e-03,1.562500000000000087e-03,1.609700394438313108e-03,1.000000000000000000e+00
7.812500000000000000e-03,1.562500000000000087e-03,1.588665244381002803e-03,1.000000000000000000e+00
8.020833333333334675e-03,1.562500000000000087e-03,1.551904011672412386e-03,1.000000000000000000e+00
8.229166666666667615e-03,1.562500000000000087e-03,1.497472626477090816e-03,1.000000000000000000e+00
8.437500000000000555e-03,1.562500000000000087e-03,1.423394729690293349e-03,1.000000000000000000e+00
8.645833333333333495e-03,1.562500000000000087e-03,1.327615444014606638e-03,1.000000000000000000e+00
8.854166666666666435e-03,1.562500000000000087e-03,1.207951711263481566e-03,1.000000000000000000e+00
9.062500000000001110e-03,1.562500000000000087e-03,1.062042629664763710e-03,1.000000000000000000e+00
9.270833333333334050e-03,1.562500000000000087e-03,8.873048393212062870e-04,1.000000000000000000e+00
9.479166666666666990e-03,1.562500000000000087e-03,6.809004995920869005e-04,1.000000000000000000e+00
9.687499999999999931e-03,1.562500000000000087e-03,4.397281876676152417e-04,1.000000000000000000e+00
9.895833333333334605e-03,1.562500000000000087e-03,1.604483661692467718e-04,1.000000000000000000e+00
1.041666666666666734e-04,1.770833333333333461e-03,1.672963322847086922e-04,1.000000000000000000e+00
3.125000000000000065e-04,1.770833333333333461e-03,4.600233596386703490e-04,1.000000000000000000e+00
5.208333333333333261e-04,1.770833333333333461e-03,7.139194311004567984e-04,1.000000000000000000e+00
7.291666666666666999e-04,1.770833333333333461e-03,9.319092753302460948e-04,1.000000000000000000e+00
9.375000000000000737e-04,1.770833333333333461e-03,1.116759345796067933e-03,1.000000000000000000e+00
1.145833333333333339e-03,1.770833333333333461e-03,1.271056181523130737e-03,1.000000000000000000e+00
1.354166666666666713e-03,1.770833333333333461e-03,1.397209234838304136e-03,1.000000000000000000e+00
1.562500000000000087e-03,1.770833333333333461e-03,1.497472626477094936e-03,1.000000000000000000e+00
1.770833333333333461e-03,1.770833333333333461e-03,1.573979751929584225e-03,1.000000000000000000e+00
1.979166666666666834e-03,1.770833333333333461e-03,1.628785488493183185e-03,1.000000000000000000e+00
2.187500000000000208e-03,1.770833333333333461e-03,1.663911836098495248e-03,1.000000000000000000e+00
2.395833333333333582e-03,1.770833333333333461e-03,1.681393558135167634e-03,1.000000000000000000e+00
2.604166666666666956e-03,1.770833333333333461e-03,1.683320531425075688e-03,1.000000000000000000e+00
2.812500000000000330e-03,1.770833333333333461e-03,1.671873067170353850e-03,1.000000000000000000e+00
3.020833333333333703e-03,1.770833333333333461e-03,1.649345639097301317e-03,1.000000000000000000e+00
3.229166666666667077e-03,1.770833333333333461e-03,1.618153748172816231e-03,1.000000000000000000e+00
3.437500000000000017e-03,1.770833333333333461e-03,1.580818957460651455e-03,1.000000000000000000e+00
3.645833333333333391e-03,1.770833333333333461e-03,1.539929735808258718e-03,1.000000000000000000e+00
3.854166666666666765e-03,1.770833333333333461e-03,1.498081925553382049e-03,1.000000000000000000e+00
4.062500000000000139e-03,1.770833333333333461e-03,1.457812039886130593e-03,1.000000000000000000e+00
4.270833333333333946e-03,1.770833333333333461e-03,1.421543037089668298e-03,1.000000000000000000e+00
4.479166666666666886e-03,1.770833333333333461e-03,1.391549964984140075e-03,1.000000000000000000e+00
4.687500000000000694e-03,1.770833333333333461e-03,1.369920196932761713e-03,1.000000000000000000e+00
4.895833333333333634e-03,1.770833333333333461e-03,1.358489823994355437e-03,1.000000000000000000e+00
5.104166666666666574e-03,1.770833333333333461e-03,1.358489823994355654e-03,1.000000000000000000e+00
5.312500000000000382e-03,1.770833333333333461e-03,1.369920196932762147e-03,1.000000000000000000e+00
5.520833333333333322e-03,1.770833333333333461e-03,1.391549964984139858e-03,1.000000000000000000e+00
5.729166666666667129e-03,1.770833333333333461e-03,1.421543037089668081e-03,1.000000000000000000e+00
5.937500000000000069e-03,1.770833333333333461e-03,1.457812039886130376e-03,1.000000000000000000e+00
6.145833333333333877e-03,1.770833333333333461e-03,1.498081925553382265e-03,1.000000000000000000e+00
6.354166666666666817e-03,1.770833333333333461e-03,1.539929735808259152e-03,1.000000000000000000e+00
6.562500000000000625e-03,1.770833333333333461e-03,1.580818957460651672e-03,1.000000000000000000e+00
6.770833333333333565e-03,1.770833333333333461e-03,1.618153748172816014e-03,1.000000000000000000e+00
6.979166666666667372e-03,1.770833333333333461e-03,1.649345639097300449e-03,1.000000000000000000e+00
7.187500000000000312e-03,1.770833333333333461e-03,1.671873067170352983e-03,1.000000000000000000e+00
7.395833333333334120e-03,1.770833333333333461e-03,1.683320531425074604e-03,1.000000000000000000e+00
7.604166666666667060e-03,1.770833333333333461e-03,1.681393558135165899e-03,1.000000000000000000e+00
7.812500000000000000e-03,1.770833333333333461e-03,1.663911836098492646e-03,1.000000000000000000e+00
8.020833333333334675e-03,1.770833333333333461e-03,1.628785488493180150e-03,1.000000000000000000e+00
8.229166666666667615e-03,1.770833333333333461e-03,1.573979751929580105e-03,1.000000000000000000e+00
8.437500000000000555e-03,1.770833333333333461e-03,1.497472626477091250e-03,1.000000000000000000e+00
8.645833333333333495e-03,1.770833333333333461e-03,1.397209234838300883e-03,1.000000000000000000e+00
8.854166666666666435e-03,1.770833333333333461e-03,1.271056181523128785e-03,1.000000000000000000e+00
9.062500000000001110e-03,1.770833333333333461e-03,1.116759345796066415e-03,1.000000000000000000e+00
9.270833333333334050e-03,1.770833333333333461e-03,9.319092753302451191e-04,1.000000000000000000e+00
9.479166666666666990e-03,1.770833333333333461e-03,7.139194311004561479e-04,1.000000000000000000e+00
9.687499999999999931e-03,1.770833333333333461e-03,4.600233596386699695e-04,1.000000000000000000e+00
9.895833333333334605e-03,1.770833333333333461e-03,1.672963322847085567e-04,1.000000000000000000e+00
1.041666666666666734e-04,1.979166666666666834e-03,1.726071578378485000e-04,1.000000000000000000e+00
3.125000000000000065e-04,1.979166666666666834e-03,4.757467097241224979e-04,1.000000000000000000e+00
5.208333333333333261e-04,1.979166666666666834e-03,7.394418120630456837e-04,1.000000000000000000e+00
7.291666666666666999e-04,1.979166666666666834e-03,9.662507073254751958e-04,1.000000000000000000e+00
9.375000000000000737e-04,1.979166666666666834e-03,1.158626518888351397e-03,1.000000000000000000e+00
1.145833333333333339e-03,1.979166666666666834e-03,1.318901656416891473e-03,1.000000000000000000e+00
1.354166666666666713e-03,1.979166666666666834e-03,1.449289909560602272e-03,1.000000000000000000e+00
1.562500000000000087e-03,1.979166666666666834e-03,1.551904011672416723e-03,1.000000000000000000e+00
1.770833333333333461e-03,1.979166666666666834e-03,1.628785488493184703e-03,1.000000000000000000e+00
1.979166666666666834e-03,1.979166666666666834e-03,1.681943576494460222e-03,1.000000000000000000e+00
2.187500000000000208e-03,1.979166666666666834e-03,1.713400275606846929e-03,1.000000000000000000e+00
2.395833333333333582e-03,1.979166666666666834e-03,1.725238692801007350e-03,1.000000000000000000e+00
2.604166666666666956e-03,1.979166666666666834e-03,1.719651385668680577e-03,1.000000000000000000e+00
2.812500000000000330e-03,1.979166666666666834e-03,1.698984216818034835e-03,1.000000000000000000e+00
3.020833333333333703e-03,1.979166666666666834e-03,1.665769280551523523e-03,1.000000000000000000e+00
3.229166666666667077e-03,1.979166666666666834e-03,1.622738194177116532e-03,1.000000000000000000e+00
3.437500000000000017e-03,1.979166666666666834e-03,1.572805685334816494e-03,1.000000000000000000e+00
3.645833333333333391e-03,1.979166666666666834e-03,1.519015411373189064e-03,1.000000000000000000e+00
3.854166666666666765e-03,1.979166666666666834e-03,1.464449334323771404e-03,1.000000000000000000e+00
4.062500000000000139e-03,1.979166666666666834e-03,1.412123316528995877e-03,1.000000000000000000e+00
4.270833333333333946e-03,1.979166666666666834e-03,1.364919744969195301e-03,1.000000000000000000e+00
4.479166666666666886e-03,1.979166666666666834e-03,1.325592627460683674e-03,1.000000000000000000e+00
4.687500000000000694e-03,1.979166666666666834e-03,1.296769412008385441e-03,1.000000000000000000e+00
4.895833333333333634e-03,1.979166666666666834e-03,1.281192440758869731e-03,1.000000000000000000e+00
5.104166666666666574e-03,1.979166666666666834e-03,1.281192440758869731e-03,1.000000000000000000e+00
5.312500000000000382e-03,1.979166666666666834e-03,1.296769412008385658e-03,1.000000000000000000e+00
5.520833333333333322e-03,1.979166666666666834e-03,1.325592627460683674e-03,1.000000000000000000e+00
5.729166666666667129e-03,1.979166666666666834e-03,1.364919744969195518e-03,1.000000000000000000e+00
5.937500000000000069e-03,1.979166666666666834e-03,1.412123316528995660e-03,1.000000000000000000e+00
6.145833333333333877e-03,1.979166666666666834e-03,1.464449334323771187e-03,1.000000000000000000e+00
6.354166666666666817e-03,1.979166666666666834e-03,1.519015411373189498e-03,1.000000000000000000e+00
6.562500000000000625e-03,1.979166666666666834e-03,1.572805685334816711e-03,1.000000000000000000e+00
6.770833333333333565e-03,1.979166666666666834e-03,1.622738194177116532e-03,1.000000000000000000e+00
6.979166666666667372e-03,1.979166666666666834e-03,1.665769280551523306e-03,1.000000000000000000e+00
7.187500000000000312e-03,1.979166666666666834e-03,1.698984216818034618e-03,1.000000000000000000e+00
7.395833333333334120e-03,1.979166666666666834e-03,1.719651385668679493e-03,1.000000000000000000e+00
7.604166666666667060e-03,1.979166666666666834e-03,1.725238692801005181e-03,1.000000000000000000e+00
7.812500000000000000e-03,1.979166666666666834e-03,1.713400275606843676e-03,1.000000000000000000e+00
8.020833333333334675e-03,1.979166666666666834e-03,1.681943576494456536e-03,1.000000000000000000e+00
8.229166666666667615e-03,1.979166666666666834e-03,1.628785488493180150e-03,1.000000000000000000e+00
8.437500000000000555e-03,1.979166666666666834e-03,1.551904011672412386e-03,1.000000000000000000e+00
8.645833333333333495e-03,1.979166666666666834e-03,1.449289909560599020e-03,1.000000000000000000e+00
8.854166666666666435e-03,1.979166666666666834e-03,1.318901656416889088e-03,1.000000000000000000e+00
9.062500000000001110e-03,1.979166666666666834e-03,1.158626518888349662e-03,1.000000000000000000e+00
9.270833333333334050e-03,1.979166666666666834e-03,9.662507073254736779e-04,1.000000000000000000e+00
9.479166666666666990e-03,1.979166666666666834e-03,7.394418120630448163e-04,1.000000000000000000e+00
9.687499999999999931e-03,1.979166666666666834e-03,4.757467097241220100e-04,1.000000000000000000e+00
9.895833333333334605e-03,1.979166666666666834e-03,1.726071578378482831e-04,1.000000000000000000e+00
1.041666666666666734e-04,2.187500000000000208e-03,1.765899694026333610e-04,1.000000000000000000e+00
3.125000000000000065e-04,2.187500000000000208e-03,4.875117315791482149e-04,1.000000000000000000e+00
5.208333333333333261e-04,2.187500000000000208e-03,7.584476223243502395e-04,1.000000000000000000e+00
7.291666666666666999e-04,2.187500000000000208e-03,9.916224452424797671e-04,1.000000000000000000e+00
9.375000000000000737e-04,2.187500000000000208e-03,1.189191588237193797e-03,1.000000000000000000e+00
1.145833333333333339e-03,2.187500000000000208e-03,1.353231237917703212e-03,1.000000000000000000e+00
1.354166666666666713e-03,2.187500000000000208e-03,1.485741957537019351e-03,1.000000000000000000e+00
1.562500000000000087e-03,2.187500000000000208e-03,1.588665244381006923e-03,1.000000000000000000e+00
1.770833333333333461e-03,2.187500000000000208e-03,1.663911836098496983e-03,1.000000000000000000e+00
1.979166666666666834e-03,2.187500000000000208e-03,1.713400275606847580e-03,1.000000000000000000e+00
2.187500000000000208e-03,2.187500000000000208e-03,1.739104219255646839e-03,1.000000000000000000e+00
2.395833333333333582e-03,2.187500000000000208e-03,1.743106774015556852e-03,1.000000000000000000e+00
2.604166666666666956e-03,2.187500000000000208e-03,1.727659323852826813e-03,1.000000000000000000e+00
2.812500000000000330e-03,2.187500000000000208e-03,1.695240356103803765e-03,1.000000000000000000e+00
3.020833333333333703e-03,2.187500000000000208e-03,1.648606294335862917e-03,1.000000000000000000e+00
3.229166666666667077e-03,2.187500000000000208e-03,1.590821284871531604e-03,1.000000000000000000e+00
3.437500000000000017e-03,2.187500000000000208e-03,1.525247400550531519e-03,1.000000000000000000e+00
3.645833333333333391e-03,2.187500000000000208e-03,1.455474112248133969e-03,1.000000000000000000e+00
3.854166666666666765e-03,2.187500000000000208e-03,1.385173906061740786e-03,1.000000000000000000e+00
4.062500000000000139e-03,2.187500000000000208e-03,1.317909369159107717e-03,1.000000000000000000e+00
4.270833333333333946e-03,2.187500000000000208e-03,1.257017221019655516e-03,1.000000000000000000e+00
4.479166666666666886e-03,2.187500000000000208e-03,1.205728610103236906e-03,1.000000000000000000e+00
4.687500000000000694e-03,2.187500000000000208e-03,1.166969605103449457e-03,1.000000000000000000e+00
4.895833333333333634e-03,2.187500000000000208e-03,1.144915308496090474e-03,1.000000000000000000e+00
5.104166666666666574e-03,2.187500000000000208e-03,1.144915308496090040e-03,1.000000000000000000e+00
5.312500000000000382e-03,2.187500000000000208e-03,1.166969605103449024e-03,1.000000000000000000e+00
5.520833333333333322e-03,2.187500000000000208e-03,1.205728610103236689e-03,1.000000000000000000e+00
5.729166666666667129e-03,2.187500000000000208e-03,1.257017221019655516e-03,1.000000000000000000e+00
5.937500000000000069e-03,2.187500000000000208e-03,1.317909369159107934e-03,1.000000000000000000e+00
6.145833333333333877e-03,2.187500000000000208e-03,1.385173906061740786e-03,1.000000000000000000e+00
6.354166666666666817e-03,2.187500000000000208e-03,1.455474112248134185e-03,1.000000000000000000e+00
6.562500000000000625e-03,2.187500000000000208e-03,1.525247400550531953e-03,1.000000000000000000e+00
6.770833333333333565e-03,2.187500000000000208e-03,1.590821284871532255e-03,1.000000000000000000e+00
6.979166666666667372e-03,2.187500000000000208e-03,1.648606294335863785e-03,1.000000000000000000e+00
7.187500000000000312e-03,2.187500000000000208e-03,1.695240356103803765e-03,1.000000000000000000e+00
7.395833333333334120e-03,2.187500000000000208e-03,1.727659323852825946e-03,1.000000000000000000e+00
7.604166666666667060e-03,2.187500000000000208e-03,1.743106774015554467e-03,1.000000000000000000e+00
7.812500000000000000e-03,2.187500000000000208e-03,1.739104219255644020e-03,1.000000000000000000e+00
8.020833333333334675e-03,2.187500000000000208e-03,1.713400275606844544e-03,1.000000000000000000e+00
8.229166666666667615e-03,2.187500000000000208e-03,1.663911836098492646e-03,1.000000000000000000e+00
8.437500000000000555e-03,2.187500000000000208e-03,1.588665244381002369e-03,1.000000000000000000e+00
8.645833333333333495e-03,2.187500000000000208e-03,1.485741957537015665e-03,1.000000000000000000e+00
8.854166666666666435e-03,2.187500000000000208e-03,1.353231237917700176e-03,1.000000000000000000e+00
9.062500000000001110e-03,2.187500000000000208e-03,1.189191588237191628e-03,1.000000000000000000e+00
9.270833333333334050e-03,2.187500000000000208e-03,9.916224452424780324e-04,1.000000000000000000e+00
9.479166666666666990e-03,2.187500000000000208e-03,7.584476223243491553e-04,1.000000000000000000e+00
9.687499999999999931e-03,2.187500000000000208e-03,4.875117315791476186e-04,1.000000000000000000e+00
9.895833333333334605e-03,2.187500000000000208e-03,1.765899694026331712e-04,1.000000000000000000e+00
1.041666666666666734e-04,2.395833333333333582e-03,1.794281798183925748e-04,1.000000000000000000e+00
3.125000000000000065e-04,2.395833333333333582e-03,4.958598470877093002e-04,1.000000000000000000e+00
5.208333333333333261e-04,2.395833333333333582e-03,7.718117226349496688e-04,1.000000000000000000e+00
7.291666666666666999e-04,2.395833333333333582e-03,1.009197085305121346e-03,1.000000000000000000e+00
9.375000000000000737e-04,2.395833333333333582e-03,1.209883373122462753e-03,1.000000000000000000e+00
1.145833333333333339e-03,2.395833333333333582e-03,1.375686971701930821e-03,1.000000000000000000e+00
1.354166666666666713e-03,2.395833333333333582e-03,1.508378660510985856e-03,1.000000000000000000e+00
1.562500000000000087e-03,2.395833333333333582e-03,1.609700394438316143e-03,1.000000000000000000e+00
1.770833333333333461e-03,2.395833333333333582e-03,1.681393558135169152e-03,1.000000000000000000e+00
1.979166666666666834e-03,2.395833333333333582e-03,1.725238692801008868e-03,1.000000000000000000e+00
2.187500000000000208e-03,2.395833333333333582e-03,1.743106774015557719e-03,1.000000000000000000e+00
2.395833333333333582e-03,2.395833333333333582e-03,1.737022082374967700e-03,1.000000000000000000e+00
2.604166666666666956e-03,2.395833333333333582e-03,1.709236001845488434e-03,1.000000000000000000e+00
2.812500000000000330e-03,2.395833333333333582e-03,1.662308811630713520e-03,1.000000000000000000e+00
3.020833333333333703e-03,2.395833333333333582e-03,1.599191478038817105e-03,1.000000000000000000e+00
3.229166666666667077e-03,2.395833333333333582e-03,1.523290472644837391e-03,1.000000000000000000e+00
3.437500000000000017e-03,2.395833333333333582e-03,1.438485741969866387e-03,1.000000000000000000e+00
3.645833333333333391e-03,2.395833333333333582e-03,1.349056953229296014e-03,1.000000000000000000e+00
3.854166666666666765e-03,2.395833333333333582e-03,1.259460030738171997e-03,1.000000000000000000e+00
4.062500000000000139e-03,2.395833333333333582e-03,1.173920255248260200e-03,1.000000000000000000e+00
4.270833333333333946e-03,2.395833333333333582e-03,1.096108382069303864e-03,1.000000000000000000e+00
4.479166666666666886e-03,2.395833333333333582e-03,1.029932209051380486e-03,1.000000000000000000e+00
4.687500000000000694e-03,2.395833333333333582e-03,9.770623120283067342e-04,1.000000000000000000e+00
4.895833333333333634e-03,2.395833333333333582e-03,9.431811018481738506e-04,1.000000000000000000e+00
5.104166666666666574e-03,2.395833333333333582e-03,9.431811018481734170e-04,1.000000000000000000e+00
5.312500000000000382e-03,2.395833333333333582e-03,9.770623120283063005e-04,1.000000000000000000e+00
5.520833333333333322e-03,2.395833333333333582e-03,1.029932209051380486e-03,1.000000000000000000e+00
5.729166666666667129e-03,2.395833333333333582e-03,1.096108382069304298e-03,1.000000000000000000e+00
5.937500000000000069e-03,2.395833333333333582e-03,1.173920255248260417e-03,1.000000000000000000e+00
6.145833333333333877e-03,2.395833333333333582e-03,1.259460030738171997e-03,1.000000000000000000e+00
6.354166666666666817e-03,2.395833333333333582e-03,1.349056953229296665e-03,1.000000000000000000e+00
6.562500000000000625e-03,2.395833333333333582e-03,1.438485741969867688e-03,1.000000000000000000e+00
6.770833333333333565e-03,2.395833333333333582e-03,1.523290472644838476e-03,1.000000000000000000e+00
6.979166666666667372e-03,2.395833333333333582e-03,1.599191478038817539e-03,1.000000000000000000e+00
7.187500000000000312e-03,2.395833333333333582e-03,1.662308811630713304e-03,1.000000000000000000e+00
7.395833333333334120e-03,2.395833333333333582e-03,1.709236001845488868e-03,1.000000000000000000e+00
7.604166666666667060e-03,2.395833333333333582e-03,1.737022082374966182e-03,1.000000000000000000e+00
7.812500000000000000e-03,2.395833333333333582e-03,1.743106774015555117e-03,1.000000000000000000e+00
8.020833333333334675e-03,2.395833333333333582e-03,1.725238692801005832e-03,1.000000000000000000e+00
8.229166666666667615e-03,2.395833333333333582e-03,1.681393558135166116e-03,1.000000000000000000e+00
8.437500000000000555e-03,2.395833333333333582e-03,1.609700394438312891e-03,1.000000000000000000e+00
8.645833333333333495e-03,2.395833333333333582e-03,1.508378660510982603e-03,1.000000000000000000e+00
8.854166666666666435e-03,2.395833333333333582e-03,1.375686971701927351e-03,1.000000000000000000e+00
9.062500000000001110e-03,2.395833333333333582e-03,1.209883373122460151e-03,1.000000000000000000e+00
9.270833333333334050e-03,2.395833333333333582e-03,1.009197085305119394e-03,1.000000000000000000e+00
9.479166666666666990e-03,2.395833333333333582e-03,7.718117226349484761e-04,1.000000000000000000e+00
9.687499999999999931e-03,2.395833333333333582e-03,4.958598470877086497e-04,1.000000000000000000e+00
9.895833333333334605e-03,2.395833333333333582e-03,1.794281798183923850e-04,1.000000000000000000e+00
1.041666666666666734e-04,2.604166666666666956e-03,1.812883048238424807e-04,1.000000000000000000e+00
3.125000000000000065e-04,2.604166666666666956e-03,5.012849765405687393e-04,1.000000000000000000e+00
5.208333333333333261e-04,2.604166666666666956e-03,7.803395580448400579e-04,1.000000000000000000e+00
7.291666666666666999e-04,2.604166666666666956e-03,1.020068022442815244e-03,1.000000000000000000e+00
9.375000000000000737e-04,2.604166666666666956e-03,1.222055069467826559e-03,1.000000000000000000e+00
1.145833333333333339e-03,2.604166666666666956e-03,1.387851837478793621e-03,1.000000000000000000e+00
1.354166666666666713e-03,2.604166666666666956e-03,1.518982540588899050e-03,1.000000000000000000e+00
1.562500000000000087e-03,2.604166666666666956e-03,1.616961336948324803e-03,1.000000000000000000e+00
1.770833333333333461e-03,2.604166666666666956e-03,1.683320531425077206e-03,1.000000000000000000e+00
1.979166666666666834e-03,2.604166666666666956e-03,1.719651385668682312e-03,1.000000000000000000e+00
2.187500000000000208e-03,2.604166666666666956e-03,1.727659323852828331e-03,1.000000000000000000e+00
2.395833333333333582e-03,2.604166666666666956e-03,1.709236001845490169e-03,1.000000000000000000e+00
2.604166666666666956e-03,2.604166666666666956e-03,1.666551011745671983e-03,1.000000000000000000e+00
2.812500000000000330e-03,2.604166666666666956e-03,1.602164632756965853e-03,1.000000000000000000e+00
3.020833333333333703e-03,2.604166666666666956e-03,1.519157555766077403e-03,1.000000000000000000e+00
3.229166666666667077e-03,2.604166666666666956e-03,1.421260607921357062e-03,1.000000000000000000e+00
3.437500000000000017e-03,2.604166666666666956e-03,1.312945363677022999e-03,1.000000000000000000e+00
3.645833333333333391e-03,2.604166666666666956e-03,1.199405150183232996e-03,1.000000000000000000e+00
3.854166666666666765e-03,2.604166666666666956e-03,1.086286230635612063e-03,1.000000000000000000e+00
4.062500000000000139e-03,2.604166666666666956e-03,9.788004612486793810e-04,1.000000000000000000e+00
4.270833333333333946e-03,2.604166666666666956e-03,8.801610651801421723e-04,1.000000000000000000e+00
4.479166666666666886e-03,2.604166666666666956e-03,7.974267542268969255e-04,1.000000000000000000e+00
4.687500000000000694e-03,2.604166666666666956e-03,7.247635543324446516e-04,1.000000000000000000e+00
4.895833333333333634e-03,2.604166666666666956e-03,6.641629072423467202e-04,1.000000000000000000e+00
5.104166666666666574e-03,2.604166666666666956e-03,6.641629072423465034e-04,1.000000000000000000e+00
5.312500000000000382e-03,2.604166666666666956e-03,7.247635543324445432e-04,1.000000000000000000e+00
5.520833333333333322e-03,2.604166666666666956e-03,7.974267542268970339e-04,1.000000000000000000e+00
5.729166666666667129e-03,2.604166666666666956e-03,8.801610651801426060e-04,1.000000000000000000e+00
5.937500000000000069e-03,2.604166666666666956e-03,9.788004612486795979e-04,1.000000000000000000e+00
6.145833333333333877e-03,2.604166666666666956e-03,1.086286230635612280e-03,1.000000000000000000e+00
6.354166666666666817e-03,2.604166666666666956e-03,1.199405150183233647e-03,1.000000000000000000e+00
6.562500000000000625e-03,2.604166666666666956e-03,1.312945363677023650e-03,1.000000000000000000e+00
6.770833333333333565e-03,2.604166666666666956e-03,1.421260607921357279e-03,1.000000000000000000e+00
6.979166666666667372e-03,2.604166666666666956e-03,1.519157555766077186e-03,1.000000000000000000e+00
7.187500000000000312e-03,2.604166666666666956e-03,1.602164632756965636e-03,1.000000000000000000e+00
7.395833333333334120e-03,2.604166666666666956e-03,1.666551011745671766e-03,1.000000000000000000e+00
7.604166666666667060e-03,2.604166666666666956e-03,1.709236001845488868e-03,1.000000000000000000e+00
7.812500000000000000e-03,2.604166666666666956e-03,1.727659323852826162e-03,1.000000000000000000e+00
8.020833333333334675e-03,2.604166666666666956e-03,1.719651385668679493e-03,1.000000000000000000e+00
8.229166666666667615e-03,2.604166666666666956e-03,1.683320531425074170e-03,1.000000000000000000e+00
8.437500000000000555e-03,2.604166666666666956e-03,1.616961336948320900e-03,1.000000000000000000e+00
8.645833333333333495e-03,2.604166666666666956e-03,1.518982540588895581e-03,1.000000000000000000e+00
8.854166666666666435e-03,2.604166666666666956e-03,1.387851837478790151e-03,1.000000000000000000e+00
9.062500000000001110e-03,2.604166666666666956e-03,1.222055069467824174e-03,1.000000000000000000e+00
9.270833333333334050e-03,2.604166666666666956e-03,1.020068022442813293e-03,1.000000000000000000e+00
9.479166666666666990e-03,2.604166666666666956e-03,7.803395580448389737e-04,1.000000000000000000e+00
9.687499999999999931e-03,2.604166666666666956e-03,5.012849765405680887e-04,1.000000000000000000e+00
9.895833333333334605e-03,2.604166666666666956e-03,1.812883048238422639e-04,1.000000000000000000e+00
1.041666666666666734e-04,2.812500000000000330e-03,1.823255899824733576e-04,1.000000000000000000e+00
3.125000000000000065e-04,2.812500000000000330e-03,5.042494184281055489e-04,1.000000000000000000e+00
5.208333333333333261e-04,2.812500000000000330e-03,7.847907327832488473e-04,1.000000000000000000e+00
7.291666666666666999e-04,2.812500000000000330e-03,1.025277599175694956e-03,1.000000000000000000e+00
9.375000000000000737e-04,2.812500000000000330e-03,1.227014267049457430e-03,1.000000000000000000e+00
1.145833333333333339e-03,2.812500000000000330e-03,1.391279990378739995e-03,1.000000000000000000e+00
1.354166666666666713e-03,2.812500000000000330e-03,1.519335549639714081e-03,1.000000000000000000e+00
1.562500000000000087e-03,2.812500000000000330e-03,1.612439103563227238e-03,1.000000000000000000e+00
1.770833333333333461e-03,2.812500000000000330e-03,1.671873067170355368e-03,1.000000000000000000e+00
1.979166666666666834e-03,2.812500000000000330e-03,1.698984216818036352e-03,1.000000000000000000e+00
2.187500000000000208e-03,2.812500000000000330e-03,1.695240356103805499e-03,1.000000000000000000e+00
2.395833333333333582e-03,2.812500000000000330e-03,1.662308811630714605e-03,1.000000000000000000e+00
2.604166666666666956e-03,2.812500000000000330e-03,1.602164632756965853e-03,1.000000000000000000e+00
2.812500000000000330e-03,2.812500000000000330e-03,1.517238374107622665e-03,1.000000000000000000e+00
3.020833333333333703e-03,2.812500000000000330e-03,1.410610726569390665e-03,1.000000000000000000e+00
3.229166666666667077e-03,2.812500000000000330e-03,1.286246261819712399e-03,1.000000000000000000e+00
3.437500000000000017e-03,2.812500000000000330e-03,1.149227176855858578e-03,1.000000000000000000e+00
3.645833333333333391e-03,2.812500000000000330e-03,1.005929275413223068e-03,1.000000000000000000e+00
3.854166666666666765e-03,2.812500000000000330e-03,8.640765025945860382e-04,1.000000000000000000e+00
4.062500000000000139e-03,2.812500000000000330e-03,7.314315161529256820e-04,1.000000000000000000e+00
4.270833333333333946e-03,2.812500000000000330e-03,6.049058853979105699e-04,1.000000000000000000e+00
4.479166666666666886e-03,2.812500000000000330e-03,5.114474105658423347e-04,1.000000000000000000e+00
4.687500000000000694e-03,2.812500000000000330e-03,4.169994660544505487e-04,1.000000000000000000e+00
4.895833333333333634e-03,2.812500000000000330e-03,2.811412877686438180e-04,1.000000000000000000e+00
5.104166666666666574e-03,2.812500000000000330e-03,2.811412877686436554e-04,1.000000000000000000e+00
5.312500000000000382e-03,2.812500000000000330e-03,4.169994660544504945e-04,1.000000000000000000e+00
5.520833333333333322e-03,2.812500000000000330e-03,5.114474105658423347e-04,1.000000000000000000e+00
5.729166666666667129e-03,2.812500000000000330e-03,6.049058853979106783e-04,1.000000000000000000e+00
5.937500000000000069e-03,2.812500000000000330e-03,7.314315161529257904e-04,1.000000000000000000e+00
6.145833333333333877e-03,2.812500000000000330e-03,8.640765025945860382e-04,1.000000000000000000e+00
6.354166666666666817e-03,2.812500000000000330e-03,1.005929275413223285e-03,1.000000000000000000e+00
6.562500000000000625e-03,2.812500000000000330e-03,1.149227176855859229e-03,1.000000000000000000e+00
6.770833333333333565e-03,2.812500000000000330e-03,1.286246261819713049e-03,1.000000000000000000e+00
6.979166666666667372e-03,2.812500000000000330e-03,1.410610726569390882e-03,1.000000000000000000e+00
7.187500000000000312e-03,2.812500000000000330e-03,1.517238374107622448e-03,1.000000000000000000e+00
7.395833333333334120e-03,2.812500000000000330e-03,1.602164632756965636e-03,1.000000000000000000e+00
7.604166666666667060e-03,2.812500000000000330e-03,1.662308811630713087e-03,1.000000000000000000e+00
7.812500000000000000e-03,2.812500000000000330e-03,1.695240356103803331e-03,1.000000000000000000e+00
8.020833333333334675e-03,2.812500000000000330e-03,1.698984216818033750e-03,1.000000000000000000e+00
8.229166666666667615e-03,2.812500000000000330e-03,1.671873067170351465e-03,1.000000000000000000e+00
8.437500000000000555e-03,2.812500000000000330e-03,1.612439103563223335e-03,1.000000000000000000e+00
8.645833333333333495e-03,2.812500000000000330e-03,1.519335549639710611e-03,1.000000000000000000e+00
8.854166666666666435e-03,2.812500000000000330e-03,1.391279990378736960e-03,1.000000000000000000e+00
9.062500000000001110e-03,2.812500000000000330e-03,1.227014267049454611e-03,1.000000000000000000e+00
9.270833333333334050e-03,2.812500000000000330e-03,1.025277599175693222e-03,1.000000000000000000e+00
9.479166666666666990e-03,2.812500000000000330e-03,7.847907327832479799e-04,1.000000000000000000e+00
9.687499999999999931e-03,2.812500000000000330e-03,5.042494184281050068e-04,1.000000000000000000e+00
9.895833333333334605e-03,2.812500000000000330e-03,1.823255899824731950e-04,1.000000000000000000e+00
1.041666666666666734e-04,3.020833333333333703e-03,1.826874488826409721e-04,1.000000000000000000e+00
3.125000000000000065e-04,3.020833333333333703e-03,5.051935966283534109e-04,1.000000000000000000e+00
5.208333333333333261e-04,3.020833333333333703e-03,7.858935777065767687e-04,1.000000000000000000e+00
7.291666666666666999e-04,3.020833333333333703e-03,1.025834596649481331e-03,1.000000000000000000e+00
9.375000000000000737e-04,3.020833333333333703e-03,1.226041631397790585e-03,1.000000000000000000e+00
1.145833333333333339e-03,3.020833333333333703e-03,1.387515529569217226e-03,1.000000000000000000e+00
1.354166666666666713e-03,3.020833333333333703e-03,1.511237786250212416e-03,1.000000000000000000e+00
1.562500000000000087e-03,3.020833333333333703e-03,1.598183682716734257e-03,1.000000000000000000e+00
1.770833333333333461e-03,3.020833333333333703e-03,1.649345639097302401e-03,1.000000000000000000e+00
1.979166666666666834e-03,3.020833333333333703e-03,1.665769280551524824e-03,1.000000000000000000e+00
2.187500000000000208e-03,3.020833333333333703e-03,1.648606294335864869e-03,1.000000000000000000e+00
2.395833333333333582e-03,3.020833333333333703e-03,1.599191478038818190e-03,1.000000000000000000e+00
2.604166666666666956e-03,3.020833333333333703e-03,1.519157555766077619e-03,1.000000000000000000e+00
2.812500000000000330e-03,3.020833333333333703e-03,1.410610726569390665e-03,1.000000000000000000e+00
3.020833333333333703e-03,3.020833333333333703e-03,1.276397936806372788e-03,1.000000000000000000e+00
3.229166666666667077e-03,3.020833333333333703e-03,1.120483758154466099e-03,1.000000000000000000e+00
3.437500000000000017e-03,3.020833333333333703e-03,9.483850287356980057e-04,1.000000000000000000e+00
3.645833333333333391e-03,3.020833333333333703e-03,7.676054942414368195e-04,1.000000000000000000e+00
3.854166666666666765e-03,3.020833333333333703e-03,5.892562103988053905e-04,1.000000000000000000e+00
4.062500000000000139e-03,3.020833333333333703e-03,4.345404375927490069e-04,1.000000000000000000e+00
4.270833333333333946e-03,3.020833333333333703e-03,2.531807719149541417e-04,1.000000000000000000e+00
4.479166666666666886e-03,3.020833333333333703e-03,1.830547588063335626e-04,1.000000000000000000e+00
4.687500000000000694e-03,3.020833333333333703e-03,1.072428337730936451e-04,1.000000000000000000e+00
4.895833333333333634e-03,3.020833333333333703e-03,0.000000000000000000e+00,0.000000000000000000e+00
5.104166666666666574e-03,3.020833333333333703e-03,0.000000000000000000e+00,0.000000000000000000e+00
5.312500000000000382e-03,3.020833333333333703e-03,1.072428337730936315e-04,1.000000000000000000e+00
5.520833333333333322e-03,3.020833333333333703e-03,1.830547588063335626e-04,1.000000000000000000e+00
5.729166666666667129e-03,3.020833333333333703e-03,2.531807719149542502e-04,1.000000000000000000e+00
5.937500000000000069e-03,3.020833333333333703e-03,4.345404375927492237e-04,1.000000000000000000e+00
6.145833333333333877e-03,3.020833333333333703e-03,5.892562103988054989e-04,1.000000000000000000e+00
6.354166666666666817e-03,3.020833333333333703e-03,7.676054942414371448e-04,1.000000000000000000e+00
6.562500000000000625e-03,3.020833333333333703e-03,9.483850287356984394e-04,1.000000000000000000e+00
6.770833333333333565e-03,3.020833333333333703e-03,1.120483758154466533e-03,1.000000000000000000e+00
6.979166666666667372e-03,3.020833333333333703e-03,1.276397936806373005e-03,1.000000000000000000e+00
7.187500000000000312e-03,3.020833333333333703e-03,1.410610726569390232e-03,1.000000000000000000e+00
7.395833333333334120e-03,3.020833333333333703e-03,1.519157555766076752e-03,1.000000000000000000e+00
7.604166666666667060e-03,3.020833333333333703e-03,1.599191478038816238e-03,1.000000000000000000e+00
7.812500000000000000e-03,3.020833333333333703e-03,1.648606294335862484e-03,1.000000000000000000e+00
8.020833333333334675e-03,3.020833333333333703e-03,1.665769280551522222e-03,1.000000000000000000e+00
8.229166666666667615e-03,3.020833333333333703e-03,1.649345639097299365e-03,1.000000000000000000e+00
8.437500000000000555e-03,3.020833333333333703e-03,1.598183682716731221e-03,1.000000000000000000e+00
8.645833333333333495e-03,3.020833333333333703e-03,1.511237786250209164e-03,1.000000000000000000e+00
8.854166666666666435e-03,3.020833333333333703e-03,1.387515529569214841e-03,1.000000000000000000e+00
9.062500000000001110e-03,3.020833333333333703e-03,1.226041631397788417e-03,1.000000000000000000e+00
9.270833333333334050e-03,3.020833333333333703e-03,1.025834596649479813e-03,1.000000000000000000e+00
9.479166666666666990e-03,3.020833333333333703e-03,7.858935777065761182e-04,1.000000000000000000e+00
9.687499999999999931e-03,3.020833333333333703e-03,5.051935966283529773e-04,1.000000000000000000e+00
9.895833333333334605e-03,3.020833333333333703e-03,1.826874488826408637e-04,1.000000000000000000e+00
1.041666666666666734e-04,3.229166666666667077e-03,1.825152800246002517e-04,1.000000000000000000e+00
3.125000000000000065e-04,3.229166666666667077e-03,5.045411637183128389e-04,1.000000000000000000e+00
5.208333333333333261e-04,3.229166666666667077e-03,7.843526069874457536e-04,1.000000000000000000e+00
7.291666666666666999e-04,3.229166666666667077e-03,1.022722800540084957e-03,1.000000000000000000e+00
9.375000000000000737e-04,3.229166666666667077e-03,1.220399354545227862e-03,1.000000000000000000e+00
1.145833333333333339e-03,3.229166666666667077e-03,1.378099932472348285e-03,1.000000000000000000e+00
1.354166666666666713e-03,3.229166666666667077e-03,1.496513605297405828e-03,1.000000000000000000e+00
1.562500000000000087e-03,3.229166666666667077e-03,1.576309424178418215e-03,1.000000000000000000e+00
1.770833333333333461e-03,3.229166666666667077e-03,1.618153748172817099e-03,1.000000000000000000e+00
1.979166666666666834e-03,3.229166666666667077e-03,1.622738194177117399e-03,1.000000000000000000e+00
2.187500000000000208e-03,3.229166666666667077e-03,1.590821284871532472e-03,1.000000000000000000e+00
2.395833333333333582e-03,3.229166666666667077e-03,1.523290472644837825e-03,1.000000000000000000e+00
2.604166666666666956e-03,3.229166666666667077e-03,1.421260607921357279e-03,1.000000000000000000e+00
2.812500000000000330e-03,3.229166666666667077e-03,1.286246261819712399e-03,1.000000000000000000e+00
3.020833333333333703e-03,3.229166666666667077e-03,1.120483758154466533e-03,1.000000000000000000e+00
3.229166666666667077e-03,3.229166666666667077e-03,9.275030274783035815e-04,1.000000000000000000e+00
3.437500000000000017e-03,3.229166666666667077e-03,7.128209079132529023e-04,1.000000000000000000e+00
3.645833333333333391e-03,3.229166666666667077e-03,4.834486846402436238e-04,1.000000000000000000e+00
3.854166666666666765e-03,3.229166666666667077e-03,2.473996293886719655e-04,1.000000000000000000e+00
4.062500000000000139e-03,3.229166666666667077e-03,1.208904741265331084e-04,1.000000000000000000e+00
4.270833333333333946e-03,3.229166666666667077e-03,0.000000000000000000e+00,0.000000000000000000e+00
4.479166666666666886e-03,3.229166666666667077e-03,0.000000000000000000e+00,0.000000000000000000e+00
4.687500000000000694e-03,3.229166666666667077e-03,0.000000000000000000e+00,0.000000000000000000e+00
4.895833333333333634e-03,3.229166666666667077e-03,0.000000000000000000e+00,0.000000000000000000e+00
5.104166666666666574e-03,3.229166666666667077e-03,0.000000000000000000e+00,0.000000000000000000e+00
5.312500000000000382e-03,3.229166666666667077e-03,0.000000000000000000e+00,0.000000000000000000e+00
5.520833333333333322e-03,3.229166666666667077e-03,0.000000000000000000e+00,0.000000000000000000e+00
5.729166666666667129e-03,3.229166666666667077e-03,0.000000000000000000e+00,0.000000000000000000e+00
5.937500000000000069e-03,3.229166666666667077e-03,1.208904741265331626e-04,1.000000000000000000e+00
6.145833333333333877e-03,3.229166666666667077e-03,2.473996293886720197e-04,1.000000000000000000e+00
6.354166666666666817e-03,3.229166666666667077e-03,4.834486846402438406e-04,1.000000000000000000e+00
6.562500000000000625e-03,3.229166666666667077e-03,7.128209079132533359e-04,1.000000000000000000e+00
6.770833333333333565e-03,3.229166666666667077e-03,9.275030274783042320e-04,1.000000000000000000e+00
6.979166666666667372e-03,3.229166666666667077e-03,1.120483758154466099e-03,1.000000000000000000e+00
7.187500000000000312e-03,3.229166666666667077e-03,1.286246261819712182e-03,1.000000000000000000e+00
7.395833333333334120e-03,3.229166666666667077e-03,1.421260607921356629e-03,1.000000000000000000e+00
7.604166666666667060e-03,3.229166666666667077e-03,1.523290472644836741e-03,1.000000000000000000e+00
7.812500000000000000e-03,3.229166666666667077e-03,1.590821284871530737e-03,1.000000000000000000e+00
8.020833333333334675e-03,3.229166666666667077e-03,1.622738194177115447e-03,1.000000000000000000e+00
8.229166666666667615e-03,3.229166666666667077e-03,1.618153748172814713e-03,1.000000000000000000e+00
8.437500000000000555e-03,3.229166666666667077e-03,1.576309424178415613e-03,1.000000000000000000e+00
8.645833333333333495e-03,3.229166666666667077e-03,1.496513605297403659e-03,1.000000000000000000e+00
8.854166666666666435e-03,3.229166666666667077e-03,1.378099932472346984e-03,1.000000000000000000e+00
9.062500000000001110e-03,3.229166666666667077e-03,1.220399354545227211e-03,1.000000000000000000e+00
9.270833333333334050e-03,3.229166666666667077e-03,1.022722800540084090e-03,1.000000000000000000e+00
9.479166666666666990e-03,3.229166666666667077e-03,7.843526069874451031e-04,1.000000000000000000e+00
9.687499999999999931e-03,3.229166666666667077e-03,5.045411637183125136e-04,1.000000000000000000e+00
9.895833333333334605e-03,3.229166666666667077e-03,1.825152800246002789e-04,1.000000000000000000e+00
1.041666666666666734e-04,3.437500000000000017e-03,1.819450097442699868e-04,1.000000000000000000e+00
3.125000000000000065e-04,3.437500000000000017e-03,5.027003934550744240e-04,1.000000000000000000e+00
5.208333333333333261e-04,3.437500000000000017e-03,7.808501082070303922e-04,1.000000000000000000e+00
7.291666666666666999e-04,3.437500000000000017e-03,1.016901866200407368e-03,1.000000000000000000e+00
9.375000000000000737e-04,3.437500000000000017e-03,1.211330275992911079e-03,1.000000000000000000e+00
1.145833333333333339e-03,3.437500000000000017e-03,1.364568462699765686e-03,1.000000000000000000e+00
1.354166666666666713e-03,3.437500000000000017e-03,1.477004500510865903e-03,1.000000000000000000e+00
1.562500000000000087e-03,3.437500000000000017e-03,1.548983882748937620e-03,1.000000000000000000e+00
1.770833333333333461e-03,3.437500000000000017e-03,1.580818957460652322e-03,1.000000000000000000e+00
1.979166666666666834e-03,3.437500000000000017e-03,1.572805685334817578e-03,1.000000000000000000e+00
2.187500000000000208e-03,3.437500000000000017e-03,1.525247400550531953e-03,1.000000000000000000e+00
2.395833333333333582e-03,3.437500000000000017e-03,1.438485741969866387e-03,1.000000000000000000e+00
2.604166666666666956e-03,3.437500000000000017e-03,1.312945363677022782e-03,1.000000000000000000e+00
2.812500000000000330e-03,3.437500000000000017e-03,1.149227176855858361e-03,1.000000000000000000e+00
3.020833333333333703e-03,3.437500000000000017e-03,9.483850287356981141e-04,1.000000000000000000e+00
3.229166666666667077e-03,3.437500000000000017e-03,7.128209079132526854e-04,1.000000000000000000e+00
3.437500000000000017e-03,3.437500000000000017e-03,4.485441130209881781e-04,1.000000000000000000e+00
3.645833333333333391e-03,3.437500000000000017e-03,1.625659292398349133e-04,1.000000000000000000e+00
3.854166666666666765e-03,3.437500000000000017e-03,0.000000000000000000e+00,0.000000000000000000e+00
4.062500000000000139e-03,3.437500000000000017e-03,0.000000000000000000e+00,0.000000000000000000e+00
4.270833333333333946e-03,3.437500000000000017e-03,0.000000000000000000e+00,0.000000000000000000e+00
4.479166666666666886e-03,3.437500000000000017e-03,0.000000000000000000e+00,0.000000000000000000e+00
4.687500000000000694e-03,3.437500000000000017e-03,0.000000000000000000e+00,0.000000000000000000e+00
4.895833333333333634e-03,3.437500000000000017e-03,0.000000000000000000e+00,0.000000000000000000e+00
5.104166666666666574e-03,3.437500000000000017e-03,0.000000000000000000e+00,0.000000000000000000e+00
5.312500000000000382e-03,3.437500000000000017e-03,0.000000000000000000e+00,0.000000000000000000e+00
5.520833333333333322e-03,3.437500000000000017e-03,0.000000000000000000e+00,0.000000000000000000e+00
5.729166666666667129e-03,3.437500000000000017e-03,0.000000000000000000e+00,0.000000000000000000e+00
5.937500000000000069e-03,3.437500000000000017e-03,0.000000000000000000e+00,0.000000000000000000e+00
6.145833333333333877e-03,3.437500000000000017e-03,0.000000000000000000e+00,0.000000000000000000e+00
6.354166666666666817e-03,3.437500000000000017e-03,1.625659292398349675e-04,1.000000000000000000e+00
6.562500000000000625e-03,3.437500000000000017e-03,4.485441130209883950e-04,1.000000000000000000e+00
6.770833333333333565e-03,3.437500000000000017e-03,7.128209079132530107e-04,1.000000000000000000e+00
6.979166666666667372e-03,3.437500000000000017e-03,9.483850287356977889e-04,1.000000000000000000e+00
7.187500000000000312e-03,3.437500000000000017e-03,1.149227176855858144e-03,1.000000000000000000e+00
7.395833333333334120e-03,3.437500000000000017e-03,1.312945363677022349e-03,1.000000000000000000e+00
7.604166666666667060e-03,3.437500000000000017e-03,1.438485741969865520e-03,1.000000000000000000e+00
7.812500000000000000e-03,3.437500000000000017e-03,1.525247400550530652e-03,1.000000000000000000e+00
8.020833333333334675e-03,3.437500000000000017e-03,1.572805685334815627e-03,1.000000000000000000e+00
8.229166666666667615e-03,3.437500000000000017e-03,1.580818957460650154e-03,1.000000000000000000e+00
8.437500000000000555e-03,3.437500000000000017e-03,1.548983882748935451e-03,1.000000000000000000e+00
8.645833333333333495e-03,3.437500000000000017e-03,1.477004500510863952e-03,1.000000000000000000e+00
8.854166666666666435e-03,3.437500000000000017e-03,1.364568462699764168e-03,1.000000000000000000e+00
9.062500000000001110e-03,3.437500000000000017e-03,1.211330275992909995e-03,1.000000000000000000e+00
9.270833333333334050e-03,3.437500000000000017e-03,1.016901866200406283e-03,1.000000000000000000e+00
9.479166666666666990e-03,3.437500000000000017e-03,7.808501082070296332e-04,1.000000000000000000e+00
9.687499999999999931e-03,3.437500000000000017e-03,5.027003934550739904e-04,1.000000000000000000e+00
9.895833333333334605e-03,3.437500000000000017e-03,1.819450097442698784e-04,1.000000000000000000e+00
1.041666666666666734e-04,3.645833333333333391e-03,1.811065974638973906e-04,1.000000000000000000e+00
3.125000000000000065e-04,3.645833333333333391e-03,5.000625143729063669e-04,1.000000000000000000e+00
5.208333333333333261e-04,3.645833333333333391e-03,7.760427884074164000e-04,1.000000000000000000e+00
7.291666666666666999e-04,3.645833333333333391e-03,1.009301502283824767e-03,1.000000000000000000e+00
9.375000000000000737e-04,3.645833333333333391e-03,1.200048642748465779e-03,1.000000000000000000e+00
1.145833333333333339e-03,3.645833333333333391e-03,1.348436364045160285e-03,1.000000000000000000e+00
1.354166666666666713e-03,3.645833333333333391e-03,1.454549273519576639e-03,1.000000000000000000e+00
1.562500000000000087e-03,3.645833333333333391e-03,1.518399871068035331e-03,1.000000000000000000e+00
1.770833333333333461e-03,3.645833333333333391e-03,1.539929735808259585e-03,1.000000000000000000e+00
1.979166666666666834e-03,3.645833333333333391e-03,1.519015411373190148e-03,1.000000000000000000e+00
2.187500000000000208e-03,3.645833333333333391e-03,1.455474112248133969e-03,1.000000000000000000e+00
2.395833333333333582e-03,3.645833333333333391e-03,1.349056953229295364e-03,1.000000000000000000e+00
2.604166666666666956e-03,3.645833333333333391e-03,1.199405150183232346e-03,1.000000000000000000e+00
2.812500000000000330e-03,3.645833333333333391e-03,1.005929275413222851e-03,1.000000000000000000e+00
3.020833333333333703e-03,3.645833333333333391e-03,7.676054942414368195e-04,1.000000000000000000e+00
3.229166666666667077e-03,3.645833333333333391e-03,4.834486846402435154e-04,1.000000000000000000e+00
3.437500000000000017e-03,3.645833333333333391e-03,1.625659292398349133e-04,1.000000000000000000e+00
3.645833333333333391e-03,3.645833333333333391e-03,0.000000000000000000e+00,0.000000000000000000e+00
3.854166666666666765e-03,3.645833333333333391e-03,0.000000000000000000e+00,0.000000000000000000e+00
4.062500000000000139e-03,3.645833333333333391e-03,0.000000000000000000e+00,0.000000000000000000e+00
4.270833333333333946e-03,3.645833333333333391e-03,0.000000000000000000e+00,0.000000000000000000e+00
4.479166666666666886e-03,3.645833333333333391e-03,0.000000000000000000e+00,0.000000000000000000e+00
4.687500000000000694e-03,3.645833333333333391e-03,0.000000000000000000e+00,0.000000000000000000e+00
4.895833333333333634e-03,3.645833333333333391e-03,0.000000000000000000e+00,0.000000000000000000e+00
5.104166666666666574e-03,3.645833333333333391e-03,0.000000000000000000e+00,0.000000000000000000e+00
5.312500000000000382e-03,3.645833333333333391e-03,0.000000000000000000e+00,0.000000000000000000e+00
5.520833333333333322e-03,3.645833333333333391e-03,0.000000000000000000e+00,0.000000000000000000e+00
5.729166666666667129e-03,3.645833333333333391e-03,0.000000000000000000e+00,0.000000000000000000e+00
5.937500000000000069e-03,3.645833333333333391e-03,0.000000000000000000e+00,0.000000000000000000e+00
6.145833333333333877e-03,3.645833333333333391e-03,0.000000000000000000e+00,0.000000000000000000e+00
6.354166666666666817e-03,3.645833333333333391e-03,0.000000000000000000e+00,0.000000000000000000e+00
6.562500000000000625e-03,3.645833333333333391e-03,1.625659292398349675e-04,1.000000000000000000e+00
6.770833333333333565e-03,3.645833333333333391e-03,4.834486846402435154e-04,1.000000000000000000e+00
6.979166666666667372e-03,3.645833333333333391e-03,7.676054942414366027e-04,1.000000000000000000e+00
7.187500000000000312e-03,3.645833333333333391e-03,1.005929275413222634e-03,1.000000000000000000e+00
7.395833333333334120e-03,3.645833333333333391e-03,1.199405150183232129e-03,1.000000000000000000e+00
7.604166666666667060e-03,3.645833333333333391e-03,1.349056953229294279e-03,1.000000000000000000e+00
7.812500000000000000e-03,3.645833333333333391e-03,1.455474112248132451e-03,1.000000000000000000e+00
8.020833333333334675e-03,3.645833333333333391e-03,1.519015411373187980e-03,1.000000000000000000e+00
8.229166666666667615e-03,3.645833333333333391e-03,1.539929735808257850e-03,1.000000000000000000e+00
8.437500000000000555e-03,3.645833333333333391e-03,1.518399871068034030e-03,1.000000000000000000e+00
8.645833333333333495e-03,3.645833333333333391e-03,1.454549273519575338e-03,1.000000000000000000e+00
8.854166666666666435e-03,3.645833333333333391e-03,1.348436364045158768e-03,1.000000000000000000e+00
9.062500000000001110e-03,3.645833333333333391e-03,1.200048642748464045e-03,1.000000000000000000e+00
9.270833333333334050e-03,3.645833333333333391e-03,1.009301502283823249e-03,1.000000000000000000e+00
9.479166666666666990e-03,3.645833333333333391e-03,7.760427884074155326e-04,1.000000000000000000e+00
9.687499999999999931e-03,3.645833333333333391e-03,5.000625143729059332e-04,1.000000000000000000e+00
9.895833333333334605e-03,3.645833333333333391e-03,1.811065974638972551e-04,1.000000000000000000e+00
1.041666666666666734e-04,3.854166666666666765e-03,1.801226854245329757e-04,1.000000000000000000e+00
3.125000000000000065e-04,3.854166666666666765e-03,4.969975003874596564e-04,1.000000000000000000e+00
5.208333333333333261e-04,3.854166666666666765e-03,7.705542509881255827e-04,1.000000000000000000e+00
7.291666666666666999e-04,3.854166666666666765e-03,1.000809934001231031e-03,1.000000000000000000e+00
9.375000000000000737e-04,3.854166666666666765e-03,1.187723650894188928e-03,1.000000000000000000e+00
1.145833333333333339e-03,3.854166666666666765e-03,1.331176299435055414e-03,1.000000000000000000e+00
1.354166666666666713e-03,3.854166666666666765e-03,1.430953580676466545e-03,1.000000000000000000e+00
1.562500000000000087e-03,3.854166666666666765e-03,1.486733814417589639e-03,1.000000000000000000e+00
1.770833333333333461e-03,3.854166666666666765e-03,1.498081925553382265e-03,1.000000000000000000e+00
1.979166666666666834e-03,3.854166666666666765e-03,1.464449334323771621e-03,1.000000000000000000e+00
2.187500000000000208e-03,3.854166666666666765e-03,1.385173906061740786e-03,1.000000000000000000e+00
2.395833333333333582e-03,3.854166666666666765e-03,1.259460030738171130e-03,1.000000000000000000e+00
2.604166666666666956e-03,3.854166666666666765e-03,1.086286230635611413e-03,1.000000000000000000e+00
2.812500000000000330e-03,3.854166666666666765e-03,8.640765025945854961e-04,1.000000000000000000e+00
3.020833333333333703e-03,3.854166666666666765e-03,5.892562103988051737e-04,1.000000000000000000e+00
3.229166666666667077e-03,3.854166666666666765e-03,2.473996293886718571e-04,1.000000000000000000e+00
3.437500000000000017e-03,3.854166666666666765e-03,0.000000000000000000e+00,0.000000000000000000e+00
3.645833333333333391e-03,3.854166666666666765e-03,0.000000000000000000e+00,0.000000000000000000e+00
3.854166666666666765e-03,3.854166666666666765e-03,0.000000000000000000e+00,0.000000000000000000e+00
4.062500000000000139e-03,3.854166666666666765e-03,0.000000000000000000e+00,0.000000000000000000e+00
4.270833333333333946e-03,3.854166666666666765e-03,0.000000000000000000e+00,0.000000000000000000e+00
4.479166666666666886e-03,3.854166666666666765e-03,0.000000000000000000e+00,0.000000000000000000e+00
4.687500000000000694e-03,3.854166666666666765e-03,0.000000000000000000e+00,0.000000000000000000e+00
4.895833333333333634e-03,3.854166666666666765e-03,0.000000000000000000e+00,0.000000000000000000e+00
5.104166666666666574e-03,3.854166666666666765e-03,0.000000000000000000e+00,0.000000000000000000e+00
5.312500000000000382e-03,3.854166666666666765e-03,0.000000000000000000e+00,0.000000000000000000e+00
5.520833333333333322e-03,3.854166666666666765e-03,0.000000000000000000e+00,0.000000000000000000e+00
5.729166666666667129e-03,3.854166666666666765e-03,0.000000000000000000e+00,0.000000000000000000e+00
5.937500000000000069e-03,3.854166666666666765e-03,0.000000000000000000e+00,0.000000000000000000e+00
6.145833333333333877e-03,3.854166666666666765e-03,0.000000000000000000e+00,0.000000000000000000e+00
6.354166666666666817e-03,3.854166666666666765e-03,0.000000000000000000e+00,0.000000000000000000e+00
6.562500000000000625e-03,3.854166666666666765e-03,0.000000000000000000e+00,0.000000000000000000e+00
6.770833333333333565e-03,3.854166666666666765e-03,2.473996293886718571e-04,1.000000000000000000e+00
6.979166666666667372e-03,3.854166666666666765e-03,5.892562103988049568e-04,1.000000000000000000e+00
7.187500000000000312e-03,3.854166666666666765e-03,8.640765025945851708e-04,1.000000000000000000e+00
7.395833333333334120e-03,3.854166666666666765e-03,1.086286230635610762e-03,1.000000000000000000e+00
7.604166666666667060e-03,3.854166666666666765e-03,1.259460030738170262e-03,1.000000000000000000e+00
7.812500000000000000e-03,3.854166666666666765e-03,1.385173906061739051e-03,1.000000000000000000e+00
8.020833333333334675e-03,3.854166666666666765e-03,1.464449334323769452e-03,1.000000000000000000e+00
8.229166666666667615e-03,3.854166666666666765e-03,1.498081925553380964e-03,1.000000000000000000e+00
8.437500000000000555e-03,3.854166666666666765e-03,1.486733814417588988e-03,1.000000000000000000e+00
8.645833333333333495e-03,3.854166666666666765e-03,1.430953580676465678e-03,1.000000000000000000e+00
8.854166666666666435e-03,3.854166666666666765e-03,1.331176299435053896e-03,1.000000000000000000e+00
9.062500000000001110e-03,3.854166666666666765e-03,1.187723650894187410e-03,1.000000000000000000e+00
9.270833333333334050e-03,3.854166666666666765e-03,1.000809934001229730e-03,1.000000000000000000e+00
9.479166666666666990e-03,3.854166666666666765e-03,7.705542509881250406e-04,1.000000000000000000e+00
9.687499999999999931e-03,3.854166666666666765e-03,4.969975003874593312e-04,1.000000000000000000e+00
9.895833333333334605e-03,3.854166666666666765e-03,1.801226854245328401e-04,1.000000000000000000e+00
1.041666666666666734e-04,4.062500000000000139e-03,1.791065514935300451e-04,1.000000000000000000e+00
3.125000000000000065e-04,4.062500000000000139e-03,4.938477729864960497e-04,1.000000000000000000e+00
5.208333333333333261e-04,4.062500000000000139e-03,7.649640033786184873e-04,1.000000000000000000e+00
7.291666666666666999e-04,4.062500000000000139e-03,9.922575540610070050e-04,1.000000000000000000e+00
9.375000000000000737e-04,4.062500000000000139e-03,1.175456949614224565e-03,1.000000000000000000e+00
1.145833333333333339e-03,4.062500000000000139e-03,1.314188824346627189e-03,1.000000000000000000e+00
1.354166666666666713e-03,4.062500000000000139e-03,1.407952157555867299e-03,1.000000000000000000e+00
1.562500000000000087e-03,4.062500000000000139e-03,1.456097102594698309e-03,1.000000000000000000e+00
1.770833333333333461e-03,4.062500000000000139e-03,1.457812039886130376e-03,1.000000000000000000e+00
1.979166666666666834e-03,4.062500000000000139e-03,1.412123316528995877e-03,1.000000000000000000e+00
2.187500000000000208e-03,4.062500000000000139e-03,1.317909369159107500e-03,1.000000000000000000e+00
2.395833333333333582e-03,4.062500000000000139e-03,1.173920255248259983e-03,1.000000000000000000e+00
2.604166666666666956e-03,4.062500000000000139e-03,9.788004612486791642e-04,1.000000000000000000e+00
2.812500000000000330e-03,4.062500000000000139e-03,7.314315161529253567e-04,1.000000000000000000e+00
3.020833333333333703e-03,4.062500000000000139e-03,4.345404375927488442e-04,1.000000000000000000e+00
3.229166666666667077e-03,4.062500000000000139e-03,1.208904741265330677e-04,1.000000000000000000e+00
3.437500000000000017e-03,4.062500000000000139e-03,0.000000000000000000e+00,0.000000000000000000e+00
3.645833333333333391e-03,4.062500000000000139e-03,0.000000000000000000e+00,0.000000000000000000e+00
3.854166666666666765e-03,4.062500000000000139e-03,0.000000000000000000e+00,0.000000000000000000e+00
4.062500000000000139e-03,4.062500000000000139e-03,0.000000000000000000e+00,0.000000000000000000e+00
4.270833333333333946e-03,4.062500000000000139e-03,0.000000000000000000e+00,0.000000000000000000e+00
4.479166666666666886e-03,4.062500000000000139e-03,0.000000000000000000e+00,0.000000000000000000e+00
4.687500000000000694e-03,4.062500000000000139e-03,0.000000000000000000e+00,0.000000000000000000e+00
4.895833333333333634e-03,4.062500000000000139e-03,0.000000000000000000e+00,0.000000000000000000e+00
5.104166666666666574e-03,4.062500000000000139e-03,0.000000000000000000e+00,0.000000000000000000e+00
5.312500000000000382e-03,4.062500000000000139e-03,0.000000000000000000e+00,0.000000000000000000e+00
5.520833333333333322e-03,4.062500000000000139e-03,0.000000000000000000e+00,0.000000000000000000e+00
5.729166666666667129e-03,4.062500000000000139e-03,0.000000000000000000e+00,0.000000000000000000e+00
5.937500000000000069e-03,4.062500000000000139e-03,0.000000000000000000e+00,0.000000000000000000e+00
6.145833333333333877e-03,4.062500000000000139e-03,0.000000000000000000e+00,0.000000000000000000e+00
6.354166666666666817e-03,4.062500000000000139e-03,0.000000000000000000e+00,0.000000000000000000e+00
6.562500000000000625e-03,4.062500000000000139e-03,0.000000000000000000e+00,0.000000000000000000e+00
6.770833333333333565e-03,4.062500000000000139e-03,1.208904741265330406e-04,1.000000000000000000e+00
6.979166666666667372e-03,4.062500000000000139e-03,4.345404375927486816e-04,1.000000000000000000e+00
7.187500000000000312e-03,4.062500000000000139e-03,7.314315161529250315e-04,1.000000000000000000e+00
7.395833333333334120e-03,4.062500000000000139e-03,9.788004612486787305e-04,1.000000000000000000e+00
7.604166666666667060e-03,4.062500000000000139e-03,1.173920255248259116e-03,1.000000000000000000e+00
7.812500000000000000e-03,4.062500000000000139e-03,1.317909369159106199e-03,1.000000000000000000e+00
8.020833333333334675e-03,4.062500000000000139e-03,1.412123316528994142e-03,1.000000000000000000e+00
8.229166666666667615e-03,4.062500000000000139e-03,1.457812039886129942e-03,1.000000000000000000e+00
8.437500000000000555e-03,4.062500000000000139e-03,1.456097102594697658e-03,1.000000000000000000e+00
8.645833333333333495e-03,4.062500000000000139e-03,1.407952157555866432e-03,1.000000000000000000e+00
8.854166666666666435e-03,4.062500000000000139e-03,1.314188824346625671e-03,1.000000000000000000e+00
9.062500000000001110e-03,4.062500000000000139e-03,1.175456949614223263e-03,1.000000000000000000e+00
9.270833333333334050e-03,4.062500000000000139e-03,9.922575540610059208e-04,1.000000000000000000e+00
9.479166666666666990e-03,4.062500000000000139e-03,7.649640033786178368e-04,1.000000000000000000e+00
9.687499999999999931e-03,4.062500000000000139e-03,4.938477729864957245e-04,1.000000000000000000e+00
9.895833333333334605e-03,4.062500000000000139e-03,1.791065514935299367e-04,1.000000000000000000e+00
1.041666666666666734e-04,4.270833333333333946e-03,1.781595212788436035e-04,1.000000000000000000e+00
3.125000000000000065e-04,4.270833333333333946e-03,4.909202589085980614e-04,1.000000000000000000e+00
5.208333333333333261e-04,4.270833333333333946e-03,7.597936577010680134e-04,1.000000000000000000e+00
7.291666666666666999e-04,4.270833333333333946e-03,9.843965514721758799e-04,1.000000000000000000e+00
9.375000000000000737e-04,4.270833333333333946e-03,1.164254991377297078e-03,1.000000000000000000e+00
1.145833333333333339e-03,4.270833333333333946e-03,1.298767113003583204e-03,1.000000000000000000e+00
1.354166666666666713e-03,4.270833333333333946e-03,1.387166344827899314e-03,1.000000000000000000e+00
1.562500000000000087e-03,4.270833333333333946e-03,1.428487620741428297e-03,1.000000000000000000e+00
1.770833333333333461e-03,4.270833333333333946e-03,1.421543037089668081e-03,1.000000000000000000e+00
1.979166666666666834e-03,4.270833333333333946e-03,1.364919744969195084e-03,1.000000000000000000e+00
2.187500000000000208e-03,4.270833333333333946e-03,1.257017221019655299e-03,1.000000000000000000e+00
2.395833333333333582e-03,4.270833333333333946e-03,1.096108382069303864e-03,1.000000000000000000e+00
2.604166666666666956e-03,4.270833333333333946e-03,8.801610651801420639e-04,1.000000000000000000e+00
2.812500000000000330e-03,4.270833333333333946e-03,6.049058853979103530e-04,1.000000000000000000e+00
3.020833333333333703e-03,4.270833333333333946e-03,2.531807719149541959e-04,1.000000000000000000e+00
3.229166666666667077e-03,4.270833333333333946e-03,0.000000000000000000e+00,0.000000000000000000e+00
3.437500000000000017e-03,4.270833333333333946e-03,0.000000000000000000e+00,0.000000000000000000e+00
3.645833333333333391e-03,4.270833333333333946e-03,0.000000000000000000e+00,0.000000000000000000e+00
3.854166666666666765e-03,4.270833333333333946e-03,0.000000000000000000e+00,0.000000000000000000e+00
4.062500000000000139e-03,4.270833333333333946e-03,0.000000000000000000e+00,0.000000000000000000e+00
4.270833333333333946e-03,4.270833333333333946e-03,0.000000000000000000e+00,0.000000000000000000e+00
4.479166666666666886e-03,4.270833333333333946e-03,0.000000000000000000e+00,0.000000000000000000e+00
4.687500000000000694e-03,4.270833333333333946e-03,0.000000000000000000e+00,0.000000000000000000e+00
4.895833333333333634e-03,4.270833333333333946e-03,0.000000000000000000e+00,0.000000000000000000e+00
5.104166666666666574e-03,4.270833333333333946e-03,0.000000000000000000e+00,0.000000000000000000e+00
5.312500000000000382e-03,4.270833333333333946e-03,0.000000000000000000e+00,0.000000000000000000e+00
5.520833333333333322e-03,4.270833333333333946e-03,0.000000000000000000e+00,0.000000000000000000e+00
5.729166666666667129e-03,4.270833333333333946e-03,0.000000000000000000e+00,0.000000000000000000e+00
5.937500000000000069e-03,4.270833333333333946e-03,0.000000000000000000e+00,0.000000000000000000e+00
6.145833333333333877e-03,4.270833333333333946e-03,0.000000000000000000e+00,0.000000000000000000e+00
6.354166666666666817e-03,4.270833333333333946e-03,0.000000000000000000e+00,0.000000000000000000e+00
6.562500000000000625e-03,4.270833333333333946e-03,0.000000000000000000e+00,0.000000000000000000e+00
6.770833333333333565e-03,4.270833333333333946e-03,0.000000000000000000e+00,0.000000000000000000e+00
6.979166666666667372e-03,4.270833333333333946e-03,2.531807719149539249e-04,1.000000000000000000e+00
7.187500000000000312e-03,4.270833333333333946e-03,6.049058853979098109e-04,1.000000000000000000e+00
7.395833333333334120e-03,4.270833333333333946e-03,8.801610651801413049e-04,1.000000000000000000e+00
7.604166666666667060e-03,4.270833333333333946e-03,1.096108382069303213e-03,1.000000000000000000e+00
7.812500000000000000e-03,4.270833333333333946e-03,1.257017221019654431e-03,1.000000000000000000e+00
8.020833333333334675e-03,4.270833333333333946e-03,1.364919744969194651e-03,1.000000000000000000e+00
8.229166666666667615e-03,4.270833333333333946e-03,1.421543037089667647e-03,1.000000000000000000e+00
8.437500000000000555e-03,4.270833333333333946e-03,1.428487620741427429e-03,1.000000000000000000e+00
8.645833333333333495e-03,4.270833333333333946e-03,1.387166344827898664e-03,1.000000000000000000e+00
8.854166666666666435e-03,4.270833333333333946e-03,1.298767113003581903e-03,1.000000000000000000e+00
9.062500000000001110e-03,4.270833333333333946e-03,1.164254991377296211e-03,1.000000000000000000e+00
9.270833333333334050e-03,4.270833333333333946e-03,9.843965514721747957e-04,1.000000000000000000e+00
9.479166666666666990e-03,4.270833333333333946e-03,7.597936577010671461e-04,1.000000000000000000e+00
9.687499999999999931e-03,4.270833333333333946e-03,4.909202589085978445e-04,1.000000000000000000e+00
9.895833333333334605e-03,4.270833333333333946e-03,1.781595212788434951e-04,1.000000000000000000e+00
1.041666666666666734e-04,4.479166666666666886e-03,1.773680182143122334e-04,1.000000000000000000e+00
3.125000000000000065e-04,4.479166666666666886e-03,4.884773058902069009e-04,1.000000000000000000e+00
5.208333333333333261e-04,4.479166666666666886e-03,7.554910392671015679e-04,1.000000000000000000e+00
7.291666666666666999e-04,4.479166666666666886e-03,9.778772249715535821e-04,1.000000000000000000e+00
9.375000000000000737e-04,4.479166666666666886e-03,1.154996573641427476e-03,1.000000000000000000e+00
1.145833333333333339e-03,4.479166666666666886e-03,1.286055513684731177e-03,1.000000000000000000e+00
1.354166666666666713e-03,4.479166666666666886e-03,1.370055710232941700e-03,1.000000000000000000e+00
1.562500000000000087e-03,4.479166666666666886e-03,1.405741220675669860e-03,1.000000000000000000e+00
1.770833333333333461e-03,4.479166666666666886e-03,1.391549964984140509e-03,1.000000000000000000e+00
1.979166666666666834e-03,4.479166666666666886e-03,1.325592627460684325e-03,1.000000000000000000e+00
2.187500000000000208e-03,4.479166666666666886e-03,1.205728610103237123e-03,1.000000000000000000e+00
2.395833333333333582e-03,4.479166666666666886e-03,1.029932209051380486e-03,1.000000000000000000e+00
2.604166666666666956e-03,4.479166666666666886e-03,7.974267542268966003e-04,1.000000000000000000e+00
2.812500000000000330e-03,4.479166666666666886e-03,5.114474105658421178e-04,1.000000000000000000e+00
3.020833333333333703e-03,4.479166666666666886e-03,1.830547588063335084e-04,1.000000000000000000e+00
3.229166666666667077e-03,4.479166666666666886e-03,0.000000000000000000e+00,0.000000000000000000e+00
3.437500000000000017e-03,4.479166666666666886e-03,0.000000000000000000e+00,0.000000000000000000e+00
3.645833333333333391e-03,4.479166666666666886e-03,0.000000000000000000e+00,0.000000000000000000e+00
3.854166666666666765e-03,4.479166666666666886e-03,0.000000000000000000e+00,0.000000000000000000e+00
4.062500000000000139e-03,4.479166666666666886e-03,0.000000000000000000e+00,0.000000000000000000e+00
4.270833333333333946e-03,4.479166666666666886e-03,0.000000000000000000e+00,0.000000000000000000e+00
4.479166666666666886e-03,4.479166666666666886e-03,0.000000000000000000e+00,0.000000000000000000e+00
4.687500000000000694e-03,4.479166666666666886e-03,0.000000000000000000e+00,0.000000000000000000e+00
4.895833333333333634e-03,4.479166666666666886e-03,0.000000000000000000e+00,0.000000000000000000e+00
5.104166666666666574e-03,4.479166666666666886e-03,0.000000000000000000e+00,0.000000000000000000e+00
5.312500000000000382e-03,4.479166666666666886e-03,0.000000000000000000e+00,0.000000000000000000e+00
5.520833333333333322e-03,4.479166666666666886e-03,0.000000000000000000e+00,0.000000000000000000e+00
5.729166666666667129e-03,4.479166666666666886e-03,0.000000000000000000e+00,0.000000000000000000e+00
5.937500000000000069e-03,4.479166666666666886e-03,0.000000000000000000e+00,0.000000000000000000e+00
6.145833333333333877e-03,4.479166666666666886e-03,0.000000000000000000e+00,0.000000000000000000e+00
6.354166666666666817e-03,4.479166666666666886e-03,0.000000000000000000e+00,0.000000000000000000e+00
6.562500000000000625e-03,4.479166666666666886e-03,0.000000000000000000e+00,0.000000000000000000e+00
6.770833333333333565e-03,4.479166666666666886e-03,0.000000000000000000e+00,0.000000000000000000e+00
6.979166666666667372e-03,4.479166666666666886e-03,1.830547588063333457e-04,1.000000000000000000e+00
7.187500000000000312e-03,4.479166666666666886e-03,5.114474105658416841e-04,1.000000000000000000e+00
7.395833333333334120e-03,4.479166666666666886e-03,7.974267542268958413e-04,1.000000000000000000e+00
7.604166666666667060e-03,4.479166666666666886e-03,1.029932209051379836e-03,1.000000000000000000e+00
7.812500000000000000e-03,4.479166666666666886e-03,1.205728610103236256e-03,1.000000000000000000e+00
8.020833333333334675e-03,4.479166666666666886e-03,1.325592627460683457e-03,1.000000000000000000e+00
8.229166666666667615e-03,4.479166666666666886e-03,1.391549964984139642e-03,1.000000000000000000e+00
8.437500000000000555e-03,4.479166666666666886e-03,1.405741220675668125e-03,1.000000000000000000e+00
8.645833333333333495e-03,4.479166666666666886e-03,1.370055710232940399e-03,1.000000000000000000e+00
8.854166666666666435e-03,4.479166666666666886e-03,1.286055513684729659e-03,1.000000000000000000e+00
9.062500000000001110e-03,4.479166666666666886e-03,1.154996573641426175e-03,1.000000000000000000e+00
9.270833333333334050e-03,4.479166666666666886e-03,9.778772249715522811e-04,1.000000000000000000e+00
9.479166666666666990e-03,4.479166666666666886e-03,7.554910392671008090e-04,1.000000000000000000e+00
9.687499999999999931e-03,4.479166666666666886e-03,4.884773058902066841e-04,1.000000000000000000e+00
9.895833333333334605e-03,4.479166666666666886e-03,1.773680182143121521e-04,1.000000000000000000e+00
1.041666666666666734e-04,4.687500000000000694e-03,1.768004861247328223e-04,1.000000000000000000e+00
3.125000000000000065e-04,4.687500000000000694e-03,4.867271293930379005e-04,1.000000000000000000e+00
5.208333333333333261e-04,4.687500000000000694e-03,7.524131907277999349e-04,1.000000000000000000e+00
7.291666666666666999e-04,4.687500000000000694e-03,9.732219577277309141e-04,1.000000000000000000e+00
9.375000000000000737e-04,4.687500000000000694e-03,1.148395786754349574e-03,1.000000000000000000e+00
1.145833333333333339e-03,4.687500000000000694e-03,1.276999880083194705e-03,1.000000000000000000e+00
1.354166666666666713e-03,4.687500000000000694e-03,1.357856983965689259e-03,1.000000000000000000e+00
1.562500000000000087e-03,4.687500000000000694e-03,1.389468808966389793e-03,1.000000000000000000e+00
1.770833333333333461e-03,4.687500000000000694e-03,1.369920196932762797e-03,1.000000000000000000e+00
1.979166666666666834e-03,4.687500000000000694e-03,1.296769412008386092e-03,1.000000000000000000e+00
2.187500000000000208e-03,4.687500000000000694e-03,1.166969605103449891e-03,1.000000000000000000e+00
2.395833333333333582e-03,4.687500000000000694e-03,9.770623120283067342e-04,1.000000000000000000e+00
2.604166666666666956e-03,4.687500000000000694e-03,7.247635543324445432e-04,1.000000000000000000e+00
2.812500000000000330e-03,4.687500000000000694e-03,4.169994660544504403e-04,1.000000000000000000e+00
3.020833333333333703e-03,4.687500000000000694e-03,1.072428337730936180e-04,1.000000000000000000e+00
3.229166666666667077e-03,4.687500000000000694e-03,0.000000000000000000e+00,0.000000000000000000e+00
3.437500000000000017e-03,4.687500000000000694e-03,0.000000000000000000e+00,0.000000000000000000e+00
3.645833333333333391e-03,4.687500000000000694e-03,0.000000000000000000e+00,0.000000000000000000e+00
3.854166666666666765e-03,4.687500000000000694e-03,0.000000000000000000e+00,0.000000000000000000e+00
4.062500000000000139e-03,4.687500000000000694e-03,0.000000000000000000e+00,0.000000000000000000e+00
4.270833333333333946e-03,4.687500000000000694e-03,0.000000000000000000e+00,0.000000000000000000e+00
4.479166666666666886e-03,4.687500000000000694e-03,0.000000000000000000e+00,0.000000000000000000e+00
4.687500000000000694e-03,4.687500000000000694e-03,0.000000000000000000e+00,0.000000000000000000e+00
4.895833333333333634e-03,4.687500000000000694e-03,0.000000000000000000e+00,0.000000000000000000e+00
5.104166666666666574e-03,4.687500000000000694e-03,0.000000000000000000e+00,0.000000000000000000e+00
5.312500000000000382e-03,4.687500000000000694e-03,0.000000000000000000e+00,0.000000000000000000e+00
5.520833333333333322e-03,4.687500000000000694e-03,0.000000000000000000e+00,0.000000000000000000e+00
5.729166666666667129e-03,4.687500000000000694e-03,0.000000000000000000e+00,0.000000000000000000e+00
5.937500000000000069e-03,4.687500000000000694e-03,0.000000000000000000e+00,0.000000000000000000e+00
6.145833333333333877e-03,4.687500000000000694e-03,0.000000000000000000e+00,0.000000000000000000e+00
6.354166666666666817e-03,4.687500000000000694e-03,0.000000000000000000e+00,0.000000000000000000e+00
6.562500000000000625e-03,4.687500000000000694e-03,0.000000000000000000e+00,0.000000000000000000e+00
6.770833333333333565e-03,4.687500000000000694e-03,0.000000000000000000e+00,0.000000000000000000e+00
6.979166666666667372e-03,4.687500000000000694e-03,1.072428337730935231e-04,1.000000000000000000e+00
7.187500000000000312e-03,4.687500000000000694e-03,4.169994660544500608e-04,1.000000000000000000e+00
7.395833333333334120e-03,4.687500000000000694e-03,7.247635543324437843e-04,1.000000000000000000e+00
7.604166666666667060e-03,4.687500000000000694e-03,9.770623120283056500e-04,1.000000000000000000e+00
7.812500000000000000e-03,4.687500000000000694e-03,1.166969605103448807e-03,1.000000000000000000e+00
8.020833333333334675e-03,4.687500000000000694e-03,1.296769412008385441e-03,1.000000000000000000e+00
8.229166666666667615e-03,4.687500000000000694e-03,1.369920196932761496e-03,1.000000000000000000e+00
8.437500000000000555e-03,4.687500000000000694e-03,1.389468808966388275e-03,1.000000000000000000e+00
8.645833333333333495e-03,4.687500000000000694e-03,1.357856983965687958e-03,1.000000000000000000e+00
8.854166666666666435e-03,4.687500000000000694e-03,1.276999880083193404e-03,1.000000000000000000e+00
9.062500000000001110e-03,4.687500000000000694e-03,1.148395786754348273e-03,1.000000000000000000e+00
9.270833333333334050e-03,4.687500000000000694e-03,9.732219577277299383e-04,1.000000000000000000e+00
9.479166666666666990e-03,4.687500000000000694e-03,7.524131907277995012e-04,1.000000000000000000e+00
9.687499999999999931e-03,4.687500000000000694e-03,4.867271293930377379e-04,1.000000000000000000e+00
9.895833333333334605e-03,4.687500000000000694e-03,1.768004861247327410e-04,1.000000000000000000e+00
1.041666666666666734e-04,4.895833333333333634e-03,1.765045052385362458e-04,1.000000000000000000e+00
3.125000000000000065e-04,4.895833333333333634e-03,4.858147570516344288e-04,1.000000000000000000e+00
5.208333333333333261e-04,4.895833333333333634e-03,7.508098587455514080e-04,1.000000000000000000e+00
7.291666666666666999e-04,4.895833333333333634e-03,9.707988506794423995e-04,1.000000000000000000e+00
9.375000000000000737e-04,4.895833333333333634e-03,1.144961957787266928e-03,1.000000000000000000e+00
1.145833333333333339e-03,4.895833333333333634e-03,1.272288458150230752e-03,1.000000000000000000e+00
1.354166666666666713e-03,4.895833333333333634e-03,1.351500758802452349e-03,1.000000000000000000e+00
1.562500000000000087e-03,4.895833333333333634e-03,1.380954056513658762e-03,1.000000000000000000e+00
1.770833333333333461e-03,4.895833333333333634e-03,1.358489823994357172e-03,1.000000000000000000e+00
1.979166666666666834e-03,4.895833333333333634e-03,1.281192440758871032e-03,1.000000000000000000e+00
2.187500000000000208e-03,4.895833333333333634e-03,1.144915308496091341e-03,1.000000000000000000e+00
2.395833333333333582e-03,4.895833333333333634e-03,9.431811018481741759e-04,1.000000000000000000e+00
2.604166666666666956e-03,4.895833333333333634e-03,6.641629072423468286e-04,1.000000000000000000e+00
2.812500000000000330e-03,4.895833333333333634e-03,2.811412877686438180e-04,1.000000000000000000e+00
3.020833333333333703e-03,4.895833333333333634e-03,0.000000000000000000e+00,0.000000000000000000e+00
3.229166666666667077e-03,4.895833333333333634e-03,0.000000000000000000e+00,0.000000000000000000e+00
3.437500000000000017e-03,4.895833333333333634e-03,0.000000000000000000e+00,0.000000000000000000e+00
3.645833333333333391e-03,4.895833333333333634e-03,0.000000000000000000e+00,0.000000000000000000e+00
3.854166666666666765e-03,4.895833333333333634e-03,0.000000000000000000e+00,0.000000000000000000e+00
4.062500000000000139e-03,4.895833333333333634e-03,0.000000000000000000e+00,0.000000000000000000e+00
4.270833333333333946e-03,4.895833333333333634e-03,0.000000000000000000e+00,0.000000000000000000e+00
4.479166666666666886e-03,4.895833333333333634e-03,0.000000000000000000e+00,0.000000000000000000e+00
4.687500000000000694e-03,4.895833333333333634e-03,0.000000000000000000e+00,0.000000000000000000e+00
4.895833333333333634e-03,4.895833333333333634e-03,0.000000000000000000e+00,0.000000000000000000e+00
5.104166666666666574e-03,4.895833333333333634e-03,0.000000000000000000e+00,0.000000000000000000e+00
5.312500000000000382e-03,4.895833333333333634e-03,0.000000000000000000e+00,0.000000000000000000e+00
5.520833333333333322e-03,4.895833333333333634e-03,0.000000000000000000e+00,0.000000000000000000e+00
5.729166666666667129e-03,4.895833333333333634e-03,0.000000000000000000e+00,0.000000000000000000e+00
5.937500000000000069e-03,4.895833333333333634e-03,0.000000000000000000e+00,0.000000000000000000e+00
6.145833333333333877e-03,4.895833333333333634e-03,0.000000000000000000e+00,0.000000000000000000e+00
6.354166666666666817e-03,4.895833333333333634e-03,0.000000000000000000e+00,0.000000000000000000e+00
6.562500000000000625e-03,4.895833333333333634e-03,0.000000000000000000e+00,0.000000000000000000e+00
6.770833333333333565e-03,4.895833333333333634e-03,0.000000000000000000e+00,0.000000000000000000e+00
6.979166666666667372e-03,4.895833333333333634e-03,0.000000000000000000e+00,0.000000000000000000e+00
7.187500000000000312e-03,4.895833333333333634e-03,2.811412877686433843e-04,1.000000000000000000e+00
7.395833333333334120e-03,4.895833333333333634e-03,6.641629072423460697e-04,1.000000000000000000e+00
7.604166666666667060e-03,4.895833333333333634e-03,9.431811018481733085e-04,1.000000000000000000e+00
7.812500000000000000e-03,4.895833333333333634e-03,1.144915308496090040e-03,1.000000000000000000e+00
8.020833333333334675e-03,4.895833333333333634e-03,1.281192440758869948e-03,1.000000000000000000e+00
8.229166666666667615e-03,4.895833333333333634e-03,1.358489823994355654e-03,1.000000000000000000e+00
8.437500000000000555e-03,4.895833333333333634e-03,1.380954056513657244e-03,1.000000000000000000e+00
8.645833333333333495e-03,4.895833333333333634e-03,1.351500758802450398e-03,1.000000000000000000e+00
8.854166666666666435e-03,4.895833333333333634e-03,1.272288458150229451e-03,1.000000000000000000e+00
9.062500000000001110e-03,4.895833333333333634e-03,1.144961957787265843e-03,1.000000000000000000e+00
9.270833333333334050e-03,4.895833333333333634e-03,9.707988506794417490e-04,1.000000000000000000e+00
9.479166666666666990e-03,4.895833333333333634e-03,7.508098587455511912e-04,1.000000000000000000e+00
9.687499999999999931e-03,4.895833333333333634e-03,4.858147570516343746e-04,1.000000000000000000e+00
9.895833333333334605e-03,4.895833333333333634e-03,1.765045052385362187e-04,1.000000000000000000e+00
1.041666666666666734e-04,5.104166666666666574e-03,1.765045052385362458e-04,1.000000000000000000e+00
3.125000000000000065e-04,5.104166666666666574e-03,4.858147570516344288e-04,1.000000000000000000e+00
5.208333333333333261e-04,5.104166666666666574e-03,7.508098587455516249e-04,1.000000000000000000e+00
7.291666666666666999e-04,5.104166666666666574e-03,9.707988506794425080e-04,1.000000000000000000e+00
9.375000000000000737e-04,5.104166666666666574e-03,1.144961957787266928e-03,1.000000000000000000e+00
1.145833333333333339e-03,5.104166666666666574e-03,1.272288458150230969e-03,1.000000000000000000e+00
1.354166666666666713e-03,5.104166666666666574e-03,1.351500758802452783e-03,1.000000000000000000e+00
1.562500000000000087e-03,5.104166666666666574e-03,1.380954056513659196e-03,1.000000000000000000e+00
1.770833333333333461e-03,5.104166666666666574e-03,1.358489823994357606e-03,1.000000000000000000e+00
1.979166666666666834e-03,5.104166666666666574e-03,1.281192440758871683e-03,1.000000000000000000e+00
2.187500000000000208e-03,5.104166666666666574e-03,1.144915308496091558e-03,1.000000000000000000e+00
2.395833333333333582e-03,5.104166666666666574e-03,9.431811018481746096e-04,1.000000000000000000e+00
2.604166666666666956e-03,5.104166666666666574e-03,6.641629072423470455e-04,1.000000000000000000e+00
2.812500000000000330e-03,5.104166666666666574e-03,2.811412877686438180e-04,1.000000000000000000e+00
3.020833333333333703e-03,5.104166666666666574e-03,0.000000000000000000e+00,0.000000000000000000e+00
3.229166666666667077e-03,5.104166666666666574e-03,0.000000000000000000e+00,0.000000000000000000e+00
3.437500000000000017e-03,5.104166666666666574e-03,0.000000000000000000e+00,0.000000000000000000e+00
3.645833333333333391e-03,5.104166666666666574e-03,0.000000000000000000e+00,0.000000000000000000e+00
3.854166666666666765e-03,5.104166666666666574e-03,0.000000000000000000e+00,0.000000000000000000e+00
4.062500000000000139e-03,5.104166666666666574e-03,0.000000000000000000e+00,0.000000000000000000e+00
4.270833333333333946e-03,5.104166666666666574e-03,0.000000000000000000e+00,0.000000000000000000e+00
4.479166666666666886e-03,5.104166666666666574e-03,0.000000000000000000e+00,0.000000000000000000e+00
4.687500000000000694e-03,5.104166666666666574e-03,0.000000000000000000e+00,0.000000000000000000e+00
4.895833333333333634e-03,5.104166666666666574e-03,0.000000000000000000e+00,0.000000000000000000e+00
5.104166666666666574e-03,5.104166666666666574e-03,0.000000000000000000e+00,0.000000000000000000e+00
5.312500000000000382e-03,5.104166666666666574e-03,0.000000000000000000e+00,0.000000000000000000e+00
5.520833333333333322e-03,5.104166666666666574e-03,0.000000000000000000e+00,0.000000000000000000e+00
5.729166666666667129e-03,5.104166666666666574e-03,0.000000000000000000e+00,0.000000000000000000e+00
5.937500000000000069e-03,5.104166666666666574e-03,0.000000000000000000e+00,0.000000000000000000e+00
6.145833333333333877e-03,5.104166666666666574e-03,0.000000000000000000e+00,0.000000000000000000e+00
6.354166666666666817e-03,5.104166666666666574e-03,0.000000000000000000e+00,0.000000000000000000e+00
6.562500000000000625e-03,5.104166666666666574e-03,0.000000000000000000e+00,0.000000000000000000e+00
6.770833333333333565e-03,5.104166666666666574e-03,0.000000000000000000e+00,0.000000000000000000e+00
6.979166666666667372e-03,5.104166666666666574e-03,0.000000000000000000e+00,0.000000000000000000e+00
7.187500000000000312e-03,5.104166666666666574e-03,2.811412877686435469e-04,1.000000000000000000e+00
7.395833333333334120e-03,5.104166666666666574e-03,6.641629072423463950e-04,1.000000000000000000e+00
7.604166666666667060e-03,5.104166666666666574e-03,9.431811018481736338e-04,1.000000000000000000e+00
7.812500000000000000e-03,5.104166666666666574e-03,1.144915308496090257e-03,1.000000000000000000e+00
8.020833333333334675e-03,5.104166666666666574e-03,1.281192440758870382e-03,1.000000000000000000e+00
8.229166666666667615e-03,5.104166666666666574e-03,1.358489823994356305e-03,1.000000000000000000e+00
8.437500000000000555e-03,5.104166666666666574e-03,1.380954056513657895e-03,1.000000000000000000e+00
8.645833333333333495e-03,5.104166666666666574e-03,1.351500758802450831e-03,1.000000000000000000e+00
8.854166666666666435e-03,5.104166666666666574e-03,1.272288458150229885e-03,1.000000000000000000e+00
9.062500000000001110e-03,5.104166666666666574e-03,1.144961957787266494e-03,1.000000000000000000e+00
9.270833333333334050e-03,5.104166666666666574e-03,9.707988506794419659e-04,1.000000000000000000e+00
9.479166666666666990e-03,5.104166666666666574e-03,7.508098587455514080e-04,1.000000000000000000e+00
9.687499999999999931e-03,5.104166666666666574e-03,4.858147570516343746e-04,1.000000000000000000e+00
9.895833333333334605e-03,5.104166666666666574e-03,1.765045052385361916e-04,1.000000000000000000e+00
1.041666666666666734e-04,5.312500000000000382e-03,1.768004861247328223e-04,1.000000000000000000e+00
3.125000000000000065e-04,5.312500000000000382e-03,4.867271293930379005e-04,1.000000000000000000e+00
5.208333333333333261e-04,5.312500000000000382e-03,7.524131907278001517e-04,1.000000000000000000e+00
7.291666666666666999e-04,5.312500000000000382e-03,9.732219577277311309e-04,1.000000000000000000e+00
9.375000000000000737e-04,5.312500000000000382e-03,1.148395786754349791e-03,1.000000000000000000e+00
1.145833333333333339e-03,5.312500000000000382e-03,1.276999880083195356e-03,1.000000000000000000e+00
1.354166666666666713e-03,5.312500000000000382e-03,1.357856983965689693e-03,1.000000000000000000e+00
1.562500000000000087e-03,5.312500000000000382e-03,1.389468808966390443e-03,1.000000000000000000e+00
1.770833333333333461e-03,5.312500000000000382e-03,1.369920196932764098e-03,1.000000000000000000e+00
1.979166666666666834e-03,5.312500000000000382e-03,1.296769412008387610e-03,1.000000000000000000e+00
2.187500000000000208e-03,5.312500000000000382e-03,1.166969605103450758e-03,1.000000000000000000e+00
2.395833333333333582e-03,5.312500000000000382e-03,9.770623120283073847e-04,1.000000000000000000e+00
2.604166666666666956e-03,5.312500000000000382e-03,7.247635543324450853e-04,1.000000000000000000e+00
2.812500000000000330e-03,5.312500000000000382e-03,4.169994660544507656e-04,1.000000000000000000e+00
3.020833333333333703e-03,5.312500000000000382e-03,1.072428337730936993e-04,1.000000000000000000e+00
3.229166666666667077e-03,5.312500000000000382e-03,0.000000000000000000e+00,0.000000000000000000e+00
3.437500000000000017e-03,5.312500000000000382e-03,0.000000000000000000e+00,0.000000000000000000e+00
3.645833333333333391e-03,5.312500000000000382e-03,0.000000000000000000e+00,0.000000000000000000e+00
3.854166666666666765e-03,5.312500000000000382e-03,0.000000000000000000e+00,0.000000000000000000e+00
4.062500000000000139e-03,5.312500000000000382e-03,0.000000000000000000e+00,0.000000000000000000e+00
4.270833333333333946e-03,5.312500000000000382e-03,0.000000000000000000e+00,0.000000000000000000e+00
4.479166666666666886e-03,5.312500000000000382e-03,0.000000000000000000e+00,0.000000000000000000e+00
4.687500000000000694e-03,5.312500000000000382e-03,0.000000000000000000e+00,0.000000000000000000e+00
4.895833333333333634e-03,5.312500000000000382e-03,0.000000000000000000e+00,0.000000000000000000e+00
5.104166666666666574e-03,5.312500000000000382e-03,0.000000000000000000e+00,0.000000000000000000e+00
5.312500000000000382e-03,5.312500000000000382e-03,0.000000000000000000e+00,0.000000000000000000e+00
5.520833333333333322e-03,5.312500000000000382e-03,0.000000000000000000e+00,0.000000000000000000e+00
5.729166666666667129e-03,5.312500000000000382e-03,0.000000000000000000e+00,0.000000000000000000e+00
5.937500000000000069e-03,5.312500000000000382e-03,0.000000000000000000e+00,0.000000000000000000e+00
6.145833333333333877e-03,5.312500000000000382e-03,0.000000000000000000e+00,0.000000000000000000e+00
6.354166666666666817e-03,5.312500000000000382e-03,0.000000000000000000e+00,0.000000000000000000e+00
6.562500000000000625e-03,5.312500000000000382e-03,0.000000000000000000e+00,0.000000000000000000e+00
6.770833333333333565e-03,5.312500000000000382e-03,0.000000000000000000e+00,0.000000000000000000e+00
6.979166666666667372e-03,5.312500000000000382e-03,1.072428337730936451e-04,1.000000000000000000e+00
7.187500000000000312e-03,5.312500000000000382e-03,4.169994660544504945e-04,1.000000000000000000e+00
7.395833333333334120e-03,5.312500000000000382e-03,7.247635543324445432e-04,1.000000000000000000e+00
7.604166666666667060e-03,5.312500000000000382e-03,9.770623120283065174e-04,1.000000000000000000e+00
7.812500000000000000e-03,5.312500000000000382e-03,1.166969605103449674e-03,1.000000000000000000e+00
8.020833333333334675e-03,5.312500000000000382e-03,1.296769412008386742e-03,1.000000000000000000e+00
8.229166666666667615e-03,5.312500000000000382e-03,1.369920196932763231e-03,1.000000000000000000e+00
8.437500000000000555e-03,5.312500000000000382e-03,1.389468808966389793e-03,1.000000000000000000e+00
8.645833333333333495e-03,5.312500000000000382e-03,1.357856983965688826e-03,1.000000000000000000e+00
8.854166666666666435e-03,5.312500000000000382e-03,1.276999880083194705e-03,1.000000000000000000e+00
9.062500000000001110e-03,5.312500000000000382e-03,1.148395786754349791e-03,1.000000000000000000e+00
9.270833333333334050e-03,5.312500000000000382e-03,9.732219577277308057e-04,1.000000000000000000e+00
9.479166666666666990e-03,5.312500000000000382e-03,7.524131907278002601e-04,1.000000000000000000e+00
9.687499999999999931e-03,5.312500000000000382e-03,4.867271293930380089e-04,1.000000000000000000e+00
9.895833333333334605e-03,5.312500000000000382e-03,1.768004861247328223e-04,1.000000000000000000e+00
1.041666666666666734e-04,5.520833333333333322e-03,1.773680182143122605e-04,1.000000000000000000e+00
3.125000000000000065e-04,5.520833333333333322e-03,4.884773058902070093e-04,1.000000000000000000e+00
5.208333333333333261e-04,5.520833333333333322e-03,7.554910392671016764e-04,1.000000000000000000e+00
7.291666666666666999e-04,5.520833333333333322e-03,9.778772249715537990e-04,1.000000000000000000e+00
9.375000000000000737e-04,5.520833333333333322e-03,1.154996573641427909e-03,1.000000000000000000e+00
1.145833333333333339e-03,5.520833333333333322e-03,1.286055513684732261e-03,1.000000000000000000e+00
1.354166666666666713e-03,5.520833333333333322e-03,1.370055710232943001e-03,1.000000000000000000e+00
1.562500000000000087e-03,5.520833333333333322e-03,1.405741220675671161e-03,1.000000000000000000e+00
1.770833333333333461e-03,5.520833333333333322e-03,1.391549964984142244e-03,1.000000000000000000e+00
1.979166666666666834e-03,5.520833333333333322e-03,1.325592627460685626e-03,1.000000000000000000e+00
2.187500000000000208e-03,5.520833333333333322e-03,1.205728610103238858e-03,1.000000000000000000e+00
2.395833333333333582e-03,5.520833333333333322e-03,1.029932209051381787e-03,1.000000000000000000e+00
2.604166666666666956e-03,5.520833333333333322e-03,7.974267542268976845e-04,1.000000000000000000e+00
2.812500000000000330e-03,5.520833333333333322e-03,5.114474105658426599e-04,1.000000000000000000e+00
3.020833333333333703e-03,5.520833333333333322e-03,1.830547588063336710e-04,1.000000000000000000e+00
3.229166666666667077e-03,5.520833333333333322e-03,0.000000000000000000e+00,0.000000000000000000e+00
3.437500000000000017e-03,5.520833333333333322e-03,0.000000000000000000e+00,0.000000000000000000e+00
3.645833333333333391e-03,5.520833333333333322e-03,0.000000000000000000e+00,0.000000000000000000e+00
3.854166666666666765e-03,5.520833333333333322e-03,0.000000000000000000e+00,0.000000000000000000e+00
4.062500000000000139e-03,5.520833333333333322e-03,0.000000000000000000e+00,0.000000000000000000e+00
4.270833333333333946e-03,5.520833333333333322e-03,0.000000000000000000e+00,0.000000000000000000e+00
4.479166666666666886e-03,5.520833333333333322e-03,0.000000000000000000e+00,0.000000000000000000e+00
4.687500000000000694e-03,5.520833333333333322e-03,0.000000000000000000e+00,0.000000000000000000e+00
4.895833333333333634e-03,5.520833333333333322e-03,0.000000000000000000e+00,0.000000000000000000e+00
5.104166666666666574e-03,5.520833333333333322e-03,0.000000000000000000e+00,0.000000000000000000e+00
5.312500000000000382e-03,5.520833333333333322e-03,0.000000000000000000e+00,0.000000000000000000e+00
5.520833333333333322e-03,5.520833333333333322e-03,0.000000000000000000e+00,0.000000000000000000e+00
5.729166666666667129e-03,5.520833333333333322e-03,0.000000000000000000e+00,0.000000000000000000e+00
5.937500000000000069e-03,5.520833333333333322e-03,0.000000000000000000e+00,0.000000000000000000e+00
6.145833333333333877e-03,5.520833333333333322e-03,0.000000000000000000e+00,0.000000000000000000e+00
6.354166666666666817e-03,5.520833333333333322e-03,0.000000000000000000e+00,0.000000000000000000e+00
6.562500000000000625e-03,5.520833333333333322e-03,0.000000000000000000e+00,0.000000000000000000e+00
6.770833333333333565e-03,5.520833333333333322e-03,0.000000000000000000e+00,0.000000000000000000e+00
6.979166666666667372e-03,5.520833333333333322e-03,1.830547588063336168e-04,1.000000000000000000e+00
7.187500000000000312e-03,5.520833333333333322e-03,5.114474105658424431e-04,1.000000000000000000e+00
7.395833333333334120e-03,5.520833333333333322e-03,7.974267542268971424e-04,1.000000000000000000e+00
7.604166666666667060e-03,5.520833333333333322e-03,1.029932209051380703e-03,1.000000000000000000e+00
7.812500000000000000e-03,5.520833333333333322e-03,1.205728610103237557e-03,1.000000000000000000e+00
8.020833333333334675e-03,5.520833333333333322e-03,1.325592627460685192e-03,1.000000000000000000e+00
8.229166666666667615e-03,5.520833333333333322e-03,1.391549964984141810e-03,1.000000000000000000e+00
8.437500000000000555e-03,5.520833333333333322e-03,1.405741220675670511e-03,1.000000000000000000e+00
8.645833333333333495e-03,5.520833333333333322e-03,1.370055710232942568e-03,1.000000000000000000e+00
8.854166666666666435e-03,5.520833333333333322e-03,1.286055513684731828e-03,1.000000000000000000e+00
9.062500000000001110e-03,5.520833333333333322e-03,1.154996573641428126e-03,1.000000000000000000e+00
9.270833333333334050e-03,5.520833333333333322e-03,9.778772249715537990e-04,1.000000000000000000e+00
9.479166666666666990e-03,5.520833333333333322e-03,7.554910392671017848e-04,1.000000000000000000e+00
9.687499999999999931e-03,5.520833333333333322e-03,4.884773058902071178e-04,1.000000000000000000e+00
9.895833333333334605e-03,5.520833333333333322e-03,1.773680182143122877e-04,1.000000000000000000e+00
1.041666666666666734e-04,5.729166666666667129e-03,1.781595212788436306e-04,1.000000000000000000e+00
3.125000000000000065e-04,5.729166666666667129e-03,4.909202589085981698e-04,1.000000000000000000e+00
5.208333333333333261e-04,5.729166666666667129e-03,7.597936577010682303e-04,1.000000000000000000e+00
7.291666666666666999e-04,5.729166666666667129e-03,9.843965514721760967e-04,1.000000000000000000e+00
9.375000000000000737e-04,5.729166666666667129e-03,1.164254991377297729e-03,1.000000000000000000e+00
1.145833333333333339e-03,5.729166666666667129e-03,1.298767113003584071e-03,1.000000000000000000e+00
1.354166666666666713e-03,5.729166666666667129e-03,1.387166344827901049e-03,1.000000000000000000e+00
1.562500000000000087e-03,5.729166666666667129e-03,1.428487620741430032e-03,1.000000000000000000e+00
1.770833333333333461e-03,5.729166666666667129e-03,1.421543037089670249e-03,1.000000000000000000e+00
1.979166666666666834e-03,5.729166666666667129e-03,1.364919744969197470e-03,1.000000000000000000e+00
2.187500000000000208e-03,5.729166666666667129e-03,1.257017221019657250e-03,1.000000000000000000e+00
2.395833333333333582e-03,5.729166666666667129e-03,1.096108382069305382e-03,1.000000000000000000e+00
2.604166666666666956e-03,5.729166666666667129e-03,8.801610651801431481e-04,1.000000000000000000e+00
2.812500000000000330e-03,5.729166666666667129e-03,6.049058853979110036e-04,1.000000000000000000e+00
3.020833333333333703e-03,5.729166666666667129e-03,2.531807719149543586e-04,1.000000000000000000e+00
3.229166666666667077e-03,5.729166666666667129e-03,0.000000000000000000e+00,0.000000000000000000e+00
3.437500000000000017e-03,5.729166666666667129e-03,0.000000000000000000e+00,0.000000000000000000e+00
3.645833333333333391e-03,5.729166666666667129e-03,0.000000000000000000e+00,0.000000000000000000e+00
3.854166666666666765e-03,5.729166666666667129e-03,0.000000000000000000e+00,0.000000000000000000e+00
4.062500000000000139e-03,5.729166666666667129e-03,0.000000000000000000e+00,0.000000000000000000e+00
4.270833333333333946e-03,5.729166666666667129e-03,0.000000000000000000e+00,0.000000000000000000e+00
4.479166666666666886e-03,5.729166666666667129e-03,0.000000000000000000e+00,0.000000000000000000e+00
4.687500000000000694e-03,5.729166666666667129e-03,0.000000000000000000e+00,0.000000000000000000e+00
4.895833333333333634e-03,5.729166666666667129e-03,0.000000000000000000e+00,0.000000000000000000e+00
5.104166666666666574e-03,5.729166666666667129e-03,0.000000000000000000e+00,0.000000000000000000e+00
5.312500000000000382e-03,5.729166666666667129e-03,0.000000000000000000e+00,0.000000000000000000e+00
5.520833333333333322e-03,5.729166666666667129e-03,0.000000000000000000e+00,0.000000000000000000e+00
5.729166666666667129e-03,5.729166666666667129e-03,0.000000000000000000e+00,0.000000000000000000e+00
5.937500000000000069e-03,5.729166666666667129e-03,0.000000000000000000e+00,0.000000000000000000e+00
6.145833333333333877e-03,5.729166666666667129e-03,0.000000000000000000e+00,0.000000000000000000e+00
6.354166666666666817e-03,5.729166666666667129e-03,0.000000000000000000e+00,0.000000000000000000e+00
6.562500000000000625e-03,5.729166666666667129e-03,0.000000000000000000e+00,0.000000000000000000e+00
6.770833333333333565e-03,5.729166666666667129e-03,0.000000000000000000e+00,0.000000000000000000e+00
6.979166666666667372e-03,5.729166666666667129e-03,2.531807719149543044e-04,1.000000000000000000e+00
7.187500000000000312e-03,5.729166666666667129e-03,6.049058853979107867e-04,1.000000000000000000e+00
7.395833333333334120e-03,5.729166666666667129e-03,8.801610651801427144e-04,1.000000000000000000e+00
7.604166666666667060e-03,5.729166666666667129e-03,1.096108382069304948e-03,1.000000000000000000e+00
7.812500000000000000e-03,5.729166666666667129e-03,1.257017221019656817e-03,1.000000000000000000e+00
8.020833333333334675e-03,5.729166666666667129e-03,1.364919744969196819e-03,1.000000000000000000e+00
8.229166666666667615e-03,5.729166666666667129e-03,1.421543037089670249e-03,1.000000000000000000e+00
8.437500000000000555e-03,5.729166666666667129e-03,1.428487620741430465e-03,1.000000000000000000e+00
8.645833333333333495e-03,5.729166666666667129e-03,1.387166344827901266e-03,1.000000000000000000e+00
8.854166666666666435e-03,5.729166666666667129e-03,1.298767113003584939e-03,1.000000000000000000e+00
9.062500000000001110e-03,5.729166666666667129e-03,1.164254991377297946e-03,1.000000000000000000e+00
9.270833333333334050e-03,5.729166666666667129e-03,9.843965514721763135e-04,1.000000000000000000e+00
9.479166666666666990e-03,5.729166666666667129e-03,7.597936577010684471e-04,1.000000000000000000e+00
9.687499999999999931e-03,5.729166666666667129e-03,4.909202589085983866e-04,1.000000000000000000e+00
9.895833333333334605e-03,5.729166666666667129e-03,1.781595212788437120e-04,1.000000000000000000e+00
1.041666666666666734e-04,5.937500000000000069e-03,1.791065514935300993e-04,1.000000000000000000e+00
3.125000000000000065e-04,5.937500000000000069e-03,4.938477729864961582e-04,1.000000000000000000e+00
5.208333333333333261e-04,5.937500000000000069e-03,7.649640033786189210e-04,1.000000000000000000e+00
7.291666666666666999e-04,5.937500000000000069e-03,9.922575540610070050e-04,1.000000000000000000e+00
9.375000000000000737e-04,5.937500000000000069e-03,1.175456949614224131e-03,1.000000000000000000e+00
1.145833333333333339e-03,5.937500000000000069e-03,1.314188824346627840e-03,1.000000000000000000e+00
1.354166666666666713e-03,5.937500000000000069e-03,1.407952157555868384e-03,1.000000000000000000e+00
1.562500000000000087e-03,5.937500000000000069e-03,1.456097102594700260e-03,1.000000000000000000e+00
1.770833333333333461e-03,5.937500000000000069e-03,1.457812039886132761e-03,1.000000000000000000e+00
1.979166666666666834e-03,5.937500000000000069e-03,1.412123316528997394e-03,1.000000000000000000e+00
2.187500000000000208e-03,5.937500000000000069e-03,1.317909369159109018e-03,1.000000000000000000e+00
2.395833333333333582e-03,5.937500000000000069e-03,1.173920255248261284e-03,1.000000000000000000e+00
2.604166666666666956e-03,5.937500000000000069e-03,9.788004612486804652e-04,1.000000000000000000e+00
2.812500000000000330e-03,5.937500000000000069e-03,7.314315161529262241e-04,1.000000000000000000e+00
3.020833333333333703e-03,5.937500000000000069e-03,4.345404375927492779e-04,1.000000000000000000e+00
3.229166666666667077e-03,5.937500000000000069e-03,1.208904741265331761e-04,1.000000000000000000e+00
3.437500000000000017e-03,5.937500000000000069e-03,0.000000000000000000e+00,0.000000000000000000e+00
3.645833333333333391e-03,5.937500000000000069e-03,0.000000000000000000e+00,0.000000000000000000e+00
3.854166666666666765e-03,5.937500000000000069e-03,0.000000000000000000e+00,0.000000000000000000e+00
4.062500000000000139e-03,5.937500000000000069e-03,0.000000000000000000e+00,0.000000000000000000e+00
4.270833333333333946e-03,5.937500000000000069e-03,0.000000000000000000e+00,0.000000000000000000e+00
4.479166666666666886e-03,5.937500000000000069e-03,0.000000000000000000e+00,0.000000000000000000e+00
4.687500000000000694e-03,5.937500000000000069e-03,0.000000000000000000e+00,0.000000000000000000e+00
4.895833333333333634e-03,5.937500000000000069e-03,0.000000000000000000e+00,0.000000000000000000e+00
5.104166666666666574e-03,5.937500000000000069e-03,0.000000000000000000e+00,0.000000000000000000e+00
5.312500000000000382e-03,5.937500000000000069e-03,0.000000000000000000e+00,0.000000000000000000e+00
5.520833333333333322e-03,5.937500000000000069e-03,0.000000000000000000e+00,0.000000000000000000e+00
5.729166666666667129e-03,5.937500000000000069e-03,0.000000000000000000e+00,0.000000000000000000e+00
5.937500000000000069e-03,5.937500000000000069e-03,0.000000000000000000e+00,0.000000000000000000e+00
6.145833333333333877e-03,5.937500000000000069e-03,0.000000000000000000e+00,0.000000000000000000e+00
6.354166666666666817e-03,5.937500000000000069e-03,0.000000000000000000e+00,0.000000000000000000e+00
6.562500000000000625e-03,5.937500000000000069e-03,0.000000000000000000e+00,0.000000000000000000e+00
6.770833333333333565e-03,5.937500000000000069e-03,1.208904741265331897e-04,1.000000000000000000e+00
6.979166666666667372e-03,5.937500000000000069e-03,4.345404375927493321e-04,1.000000000000000000e+00
7.187500000000000312e-03,5.937500000000000069e-03,7.314315161529261157e-04,1.000000000000000000e+00
7.395833333333334120e-03,5.937500000000000069e-03,9.788004612486800315e-04,1.000000000000000000e+00
7.604166666666667060e-03,5.937500000000000069e-03,1.173920255248261284e-03,1.000000000000000000e+00
7.812500000000000000e-03,5.937500000000000069e-03,1.317909369159109018e-03,1.000000000000000000e+00
8.020833333333334675e-03,5.937500000000000069e-03,1.412123316528997611e-03,1.000000000000000000e+00
8.229166666666667615e-03,5.937500000000000069e-03,1.457812039886132761e-03,1.000000000000000000e+00
8.437500000000000555e-03,5.937500000000000069e-03,1.456097102594701128e-03,1.000000000000000000e+00
8.645833333333333495e-03,5.937500000000000069e-03,1.407952157555869901e-03,1.000000000000000000e+00
8.854166666666666435e-03,5.937500000000000069e-03,1.314188824346628707e-03,1.000000000000000000e+00
9.062500000000001110e-03,5.937500000000000069e-03,1.175456949614225432e-03,1.000000000000000000e+00
9.270833333333334050e-03,5.937500000000000069e-03,9.922575540610076555e-04,1.000000000000000000e+00
9.479166666666666990e-03,5.937500000000000069e-03,7.649640033786191378e-04,1.000000000000000000e+00
9.687499999999999931e-03,5.937500000000000069e-03,4.938477729864963750e-04,1.000000000000000000e+00
9.895833333333334605e-03,5.937500000000000069e-03,1.791065514935301806e-04,1.000000000000000000e+00
1.041666666666666734e-04,6.145833333333333877e-03,1.801226854245330028e-04,1.000000000000000000e+00
3.125000000000000065e-04,6.145833333333333877e-03,4.969975003874596564e-04,1.000000000000000000e+00
5.208333333333333261e-04,6.145833333333333877e-03,7.705542509881260164e-04,1.000000000000000000e+00
7.291666666666666999e-04,6.145833333333333877e-03,1.000809934001231031e-03,1.000000000000000000e+00
9.375000000000000737e-04,6.145833333333333877e-03,1.187723650894188495e-03,1.000000000000000000e+00
1.145833333333333339e-03,6.145833333333333877e-03,1.331176299435055414e-03,1.000000000000000000e+00
1.354166666666666713e-03,6.145833333333333877e-03,1.430953580676467196e-03,1.000000000000000000e+00
1.562500000000000087e-03,6.145833333333333877e-03,1.486733814417591157e-03,1.000000000000000000e+00
1.770833333333333461e-03,6.145833333333333877e-03,1.498081925553383783e-03,1.000000000000000000e+00
1.979166666666666834e-03,6.145833333333333877e-03,1.464449334323773139e-03,1.000000000000000000e+00
2.187500000000000208e-03,6.145833333333333877e-03,1.385173906061741653e-03,1.000000000000000000e+00
2.395833333333333582e-03,6.145833333333333877e-03,1.259460030738172647e-03,1.000000000000000000e+00
2.604166666666666956e-03,6.145833333333333877e-03,1.086286230635612931e-03,1.000000000000000000e+00
2.812500000000000330e-03,6.145833333333333877e-03,8.640765025945865803e-04,1.000000000000000000e+00
3.020833333333333703e-03,6.145833333333333877e-03,5.892562103988056074e-04,1.000000000000000000e+00
3.229166666666667077e-03,6.145833333333333877e-03,2.473996293886720197e-04,1.000000000000000000e+00
3.437500000000000017e-03,6.145833333333333877e-03,0.000000000000000000e+00,0.000000000000000000e+00
3.645833333333333391e-03,6.145833333333333877e-03,0.000000000000000000e+00,0.000000000000000000e+00
3.854166666666666765e-03,6.145833333333333877e-03,0.000000000000000000e+00,0.000000000000000000e+00
4.062500000000000139e-03,6.145833333333333877e-03,0.000000000000000000e+00,0.000000000000000000e+00
4.270833333333333946e-03,6.145833333333333877e-03,0.000000000000000000e+00,0.000000000000000000e+00
4.479166666666666886e-03,6.145833333333333877e-03,0.000000000000000000e+00,0.000000000000000000e+00
4.687500000000000694e-03,6.145833333333333877e-03,0.000000000000000000e+00,0.000000000000000000e+00
4.895833333333333634e-03,6.145833333333333877e-03,0.000000000000000000e+00,0.000000000000000000e+00
5.104166666666666574e-03,6.145833333333333877e-03,0.000000000000000000e+00,0.000000000000000000e+00
5.312500000000000382e-03,6.145833333333333877e-03,0.000000000000000000e+00,0.000000000000000000e+00
5.520833333333333322e-03,6.145833333333333877e-03,0.000000000000000000e+00,0.000000000000000000e+00
5.729166666666667129e-03,6.145833333333333877e-03,0.000000000000000000e+00,0.000000000000000000e+00
5.937500000000000069e-03,6.145833333333333877e-03,0.000000000000000000e+00,0.000000000000000000e+00
6.145833333333333877e-03,6.145833333333333877e-03,0.000000000000000000e+00,0.000000000000000000e+00
6.354166666666666817e-03,6.145833333333333877e-03,0.000000000000000000e+00,0.000000000000000000e+00
6.562500000000000625e-03,6.145833333333333877e-03,0.000000000000000000e+00,0.000000000000000000e+00
6.770833333333333565e-03,6.145833333333333877e-03,2.473996293886721281e-04,1.000000000000000000e+00
6.979166666666667372e-03,6.145833333333333877e-03,5.892562103988058242e-04,1.000000000000000000e+00
7.187500000000000312e-03,6.145833333333333877e-03,8.640765025945864718e-04,1.000000000000000000e+00
7.395833333333334120e-03,6.145833333333333877e-03,1.086286230635612714e-03,1.000000000000000000e+00
7.604166666666667060e-03,6.145833333333333877e-03,1.259460030738173081e-03,1.000000000000000000e+00
7.812500000000000000e-03,6.145833333333333877e-03,1.385173906061742738e-03,1.000000000000000000e+00
8.020833333333334675e-03,6.145833333333333877e-03,1.464449334323773572e-03,1.000000000000000000e+00
8.229166666666667615e-03,6.145833333333333877e-03,1.498081925553384651e-03,1.000000000000000000e+00
8.437500000000000555e-03,6.145833333333333877e-03,1.486733814417592675e-03,1.000000000000000000e+00
8.645833333333333495e-03,6.145833333333333877e-03,1.430953580676469147e-03,1.000000000000000000e+00
8.854166666666666435e-03,6.145833333333333877e-03,1.331176299435056932e-03,1.000000000000000000e+00
9.062500000000001110e-03,6.145833333333333877e-03,1.187723650894190013e-03,1.000000000000000000e+00
9.270833333333334050e-03,6.145833333333333877e-03,1.000809934001231898e-03,1.000000000000000000e+00
9.479166666666666990e-03,6.145833333333333877e-03,7.705542509881264501e-04,1.000000000000000000e+00
9.687499999999999931e-03,6.145833333333333877e-03,4.969975003874600901e-04,1.000000000000000000e+00
9.895833333333334605e-03,6.145833333333333877e-03,1.801226854245330841e-04,1.000000000000000000e+00
1.041666666666666734e-04,6.354166666666666817e-03,1.811065974638974448e-04,1.000000000000000000e+00
3.125000000000000065e-04,6.354166666666666817e-03,5.000625143729062584e-04,1.000000000000000000e+00
5.208333333333333261e-04,6.354166666666666817e-03,7.760427884074164000e-04,1.000000000000000000e+00
7.291666666666666999e-04,6.354166666666666817e-03,1.009301502283824550e-03,1.000000000000000000e+00
9.375000000000000737e-04,6.354166666666666817e-03,1.200048642748465129e-03,1.000000000000000000e+00
1.145833333333333339e-03,6.354166666666666817e-03,1.348436364045159201e-03,1.000000000000000000e+00
1.354166666666666713e-03,6.354166666666666817e-03,1.454549273519575772e-03,1.000000000000000000e+00
1.562500000000000087e-03,6.354166666666666817e-03,1.518399871068035114e-03,1.000000000000000000e+00
1.770833333333333461e-03,6.354166666666666817e-03,1.539929735808259585e-03,1.000000000000000000e+00
1.979166666666666834e-03,6.354166666666666817e-03,1.519015411373190582e-03,1.000000000000000000e+00
2.187500000000000208e-03,6.354166666666666817e-03,1.455474112248135270e-03,1.000000000000000000e+00
2.395833333333333582e-03,6.354166666666666817e-03,1.349056953229296665e-03,1.000000000000000000e+00
2.604166666666666956e-03,6.354166666666666817e-03,1.199405150183233430e-03,1.000000000000000000e+00
2.812500000000000330e-03,6.354166666666666817e-03,1.005929275413223285e-03,1.000000000000000000e+00
3.020833333333333703e-03,6.354166666666666817e-03,7.676054942414370363e-04,1.000000000000000000e+00
3.229166666666667077e-03,6.354166666666666817e-03,4.834486846402437322e-04,1.000000000000000000e+00
3.437500000000000017e-03,6.354166666666666817e-03,1.625659292398349133e-04,1.000000000000000000e+00
3.645833333333333391e-03,6.354166666666666817e-03,0.000000000000000000e+00,0.000000000000000000e+00
3.854166666666666765e-03,6.354166666666666817e-03,0.000000000000000000e+00,0.000000000000000000e+00
4.062500000000000139e-03,6.354166666666666817e-03,0.000000000000000000e+00,0.000000000000000000e+00
4.270833333333333946e-03,6.354166666666666817e-03,0.000000000000000000e+00,0.000000000000000000e+00
4.479166666666666886e-03,6.354166666666666817e-03,0.000000000000000000e+00,0.000000000000000000e+00
4.687500000000000694e-03,6.354166666666666817e-03,0.000000000000000000e+00,0.000000000000000000e+00
4.895833333333333634e-03,6.354166666666666817e-03,0.000000000000000000e+00,0.000000000000000000e+00
5.104166666666666574e-03,6.354166666666666817e-03,0.000000000000000000e+00,0.000000000000000000e+00
5.312500000000000382e-03,6.354166666666666817e-03,0.000000000000000000e+00,0.000000000000000000e+00
5.520833333333333322e-03,6.354166666666666817e-03,0.000000000000000000e+00,0.000000000000000000e+00
5.729166666666667129e-03,6.354166666666666817e-03,0.000000000000000000e+00,0.000000000000000000e+00
5.937500000000000069e-03,6.354166666666666817e-03,0.000000000000000000e+00,0.000000000000000000e+00
6.145833333333333877e-03,6.354166666666666817e-03,0.000000000000000000e+00,0.000000000000000000e+00
6.354166666666666817e-03,6.354166666666666817e-03,0.000000000000000000e+00,0.000000000000000000e+00
6.562500000000000625e-03,6.354166666666666817e-03,1.625659292398350217e-04,1.000000000000000000e+00
6.770833333333333565e-03,6.354166666666666817e-03,4.834486846402440033e-04,1.000000000000000000e+00
6.979166666666667372e-03,6.354166666666666817e-03,7.676054942414374700e-04,1.000000000000000000e+00
7.187500000000000312e-03,6.354166666666666817e-03,1.005929275413223719e-03,1.000000000000000000e+00
7.395833333333334120e-03,6.354166666666666817e-03,1.199405150183233864e-03,1.000000000000000000e+00
7.604166666666667060e-03,6.354166666666666817e-03,1.349056953229297098e-03,1.000000000000000000e+00
7.812500000000000000e-03,6.354166666666666817e-03,1.455474112248136354e-03,1.000000000000000000e+00
8.020833333333334675e-03,6.354166666666666817e-03,1.519015411373192317e-03,1.000000000000000000e+00
8.229166666666667615e-03,6.354166666666666817e-03,1.539929735808261537e-03,1.000000000000000000e+00
8.437500000000000555e-03,6.354166666666666817e-03,1.518399871068037282e-03,1.000000000000000000e+00
8.645833333333333495e-03,6.354166666666666817e-03,1.454549273519578157e-03,1.000000000000000000e+00
8.854166666666666435e-03,6.354166666666666817e-03,1.348436364045161803e-03,1.000000000000000000e+00
9.062500000000001110e-03,6.354166666666666817e-03,1.200048642748466864e-03,1.000000000000000000e+00
9.270833333333334050e-03,6.354166666666666817e-03,1.009301502283825418e-03,1.000000000000000000e+00
9.479166666666666990e-03,6.354166666666666817e-03,7.760427884074169421e-04,1.000000000000000000e+00
9.687499999999999931e-03,6.354166666666666817e-03,5.000625143729066921e-04,1.000000000000000000e+00
9.895833333333334605e-03,6.354166666666666817e-03,1.811065974638974990e-04,1.000000000000000000e+00
1.041666666666666734e-04,6.562500000000000625e-03,1.819450097442699868e-04,1.000000000000000000e+00
3.125000000000000065e-04,6.562500000000000625e-03,5.027003934550743156e-04,1.000000000000000000e+00
5.208333333333333261e-04,6.562500000000000625e-03,7.808501082070301753e-04,1.000000000000000000e+00
7.291666666666666999e-04,6.562500000000000625e-03,1.016901866200407151e-03,1.000000000000000000e+00
9.375000000000000737e-04,6.562500000000000625e-03,1.211330275992910863e-03,1.000000000000000000e+00
1.145833333333333339e-03,6.562500000000000625e-03,1.364568462699765469e-03,1.000000000000000000e+00
1.354166666666666713e-03,6.562500000000000625e-03,1.477004500510865469e-03,1.000000000000000000e+00
1.562500000000000087e-03,6.562500000000000625e-03,1.548983882748937186e-03,1.000000000000000000e+00
1.770833333333333461e-03,6.562500000000000625e-03,1.580818957460651672e-03,1.000000000000000000e+00
1.979166666666666834e-03,6.562500000000000625e-03,1.572805685334817145e-03,1.000000000000000000e+00
2.187500000000000208e-03,6.562500000000000625e-03,1.525247400550532387e-03,1.000000000000000000e+00
2.395833333333333582e-03,6.562500000000000625e-03,1.438485741969867254e-03,1.000000000000000000e+00
2.604166666666666956e-03,6.562500000000000625e-03,1.312945363677024083e-03,1.000000000000000000e+00
2.812500000000000330e-03,6.562500000000000625e-03,1.149227176855859012e-03,1.000000000000000000e+00
3.020833333333333703e-03,6.562500000000000625e-03,9.483850287356982225e-04,1.000000000000000000e+00
3.229166666666667077e-03,6.562500000000000625e-03,7.128209079132530107e-04,1.000000000000000000e+00
3.437500000000000017e-03,6.562500000000000625e-03,4.485441130209881239e-04,1.000000000000000000e+00
3.645833333333333391e-03,6.562500000000000625e-03,1.625659292398349675e-04,1.000000000000000000e+00
3.854166666666666765e-03,6.562500000000000625e-03,0.000000000000000000e+00,0.000000000000000000e+00
4.062500000000000139e-03,6.562500000000000625e-03,0.000000000000000000e+00,0.000000000000000000e+00
4.270833333333333946e-03,6.562500000000000625e-03,0.000000000000000000e+00,0.000000000000000000e+00
4.479166666666666886e-03,6.562500000000000625e-03,0.000000000000000000e+00,0.000000000000000000e+00
4.687500000000000694e-03,6.562500000000000625e-03,0.000000000000000000e+00,0.000000000000000000e+00
4.895833333333333634e-03,6.562500000000000625e-03,0.000000000000000000e+00,0.000000000000000000e+00
5.104166666666666574e-03,6.562500000000000625e-03,0.000000000000000000e+00,0.000000000000000000e+00
5.312500000000000382e-03,6.562500000000000625e-03,0.000000000000000000e+00,0.000000000000000000e+00
5.520833333333333322e-03,6.562500000000000625e-03,0.000000000000000000e+00,0.000000000000000000e+00
5.729166666666667129e-03,6.562500000000000625e-03,0.000000000000000000e+00,0.000000000000000000e+00
5.937500000000000069e-03,6.562500000000000625e-03,0.000000000000000000e+00,0.000000000000000000e+00
6.145833333333333877e-03,6.562500000000000625e-03,0.000000000000000000e+00,0.000000000000000000e+00
6.354166666666666817e-03,6.562500000000000625e-03,1.625659292398350488e-04,1.000000000000000000e+00
6.562500000000000625e-03,6.562500000000000625e-03,4.485441130209885576e-04,1.000000000000000000e+00
6.770833333333333565e-03,6.562500000000000625e-03,7.128209079132535528e-04,1.000000000000000000e+00
6.979166666666667372e-03,6.562500000000000625e-03,9.483850287356987646e-04,1.000000000000000000e+00
7.187500000000000312e-03,6.562500000000000625e-03,1.149227176855859445e-03,1.000000000000000000e+00
7.395833333333334120e-03,6.562500000000000625e-03,1.312945363677024517e-03,1.000000000000000000e+00
7.604166666666667060e-03,6.562500000000000625e-03,1.438485741969868122e-03,1.000000000000000000e+00
7.812500000000000000e-03,6.562500000000000625e-03,1.525247400550533688e-03,1.000000000000000000e+00
8.020833333333334675e-03,6.562500000000000625e-03,1.572805685334819096e-03,1.000000000000000000e+00
8.229166666666667615e-03,6.562500000000000625e-03,1.580818957460654057e-03,1.000000000000000000e+00
8.437500000000000555e-03,6.562500000000000625e-03,1.548983882748938921e-03,1.000000000000000000e+00
8.645833333333333495e-03,6.562500000000000625e-03,1.477004500510866987e-03,1.000000000000000000e+00
8.854166666666666435e-03,6.562500000000000625e-03,1.364568462699767204e-03,1.000000000000000000e+00
9.062500000000001110e-03,6.562500000000000625e-03,1.211330275992912597e-03,1.000000000000000000e+00
9.270833333333334050e-03,6.562500000000000625e-03,1.016901866200408018e-03,1.000000000000000000e+00
9.479166666666666990e-03,6.562500000000000625e-03,7.808501082070308259e-04,1.000000000000000000e+00
9.687499999999999931e-03,6.562500000000000625e-03,5.027003934550746409e-04,1.000000000000000000e+00
9.895833333333334605e-03,6.562500000000000625e-03,1.819450097442700681e-04,1.000000000000000000e+00
1.041666666666666734e-04,6.770833333333333565e-03,1.825152800246002789e-04,1.000000000000000000e+00
3.125000000000000065e-04,6.770833333333333565e-03,5.045411637183127304e-04,1.000000000000000000e+00
5.208333333333333261e-04,6.770833333333333565e-03,7.843526069874455367e-04,1.000000000000000000e+00
7.291666666666666999e-04,6.770833333333333565e-03,1.022722800540084740e-03,1.000000000000000000e+00
9.375000000000000737e-04,6.770833333333333565e-03,1.220399354545227862e-03,1.000000000000000000e+00
1.145833333333333339e-03,6.770833333333333565e-03,1.378099932472348068e-03,1.000000000000000000e+00
1.354166666666666713e-03,6.770833333333333565e-03,1.496513605297404743e-03,1.000000000000000000e+00
1.562500000000000087e-03,6.770833333333333565e-03,1.576309424178416914e-03,1.000000000000000000e+00
1.770833333333333461e-03,6.770833333333333565e-03,1.618153748172815147e-03,1.000000000000000000e+00
1.979166666666666834e-03,6.770833333333333565e-03,1.622738194177116315e-03,1.000000000000000000e+00
2.187500000000000208e-03,6.770833333333333565e-03,1.590821284871532255e-03,1.000000000000000000e+00
2.395833333333333582e-03,6.770833333333333565e-03,1.523290472644838259e-03,1.000000000000000000e+00
2.604166666666666956e-03,6.770833333333333565e-03,1.421260607921357930e-03,1.000000000000000000e+00
2.812500000000000330e-03,6.770833333333333565e-03,1.286246261819712832e-03,1.000000000000000000e+00
3.020833333333333703e-03,6.770833333333333565e-03,1.120483758154466316e-03,1.000000000000000000e+00
3.229166666666667077e-03,6.770833333333333565e-03,9.275030274783039068e-04,1.000000000000000000e+00
3.437500000000000017e-03,6.770833333333333565e-03,7.128209079132525770e-04,1.000000000000000000e+00
3.645833333333333391e-03,6.770833333333333565e-03,4.834486846402434612e-04,1.000000000000000000e+00
3.854166666666666765e-03,6.770833333333333565e-03,2.473996293886718571e-04,1.000000000000000000e+00
4.062500000000000139e-03,6.770833333333333565e-03,1.208904741265330677e-04,1.000000000000000000e+00
4.270833333333333946e-03,6.770833333333333565e-03,0.000000000000000000e+00,0.000000000000000000e+00
4.479166666666666886e-03,6.770833333333333565e-03,0.000000000000000000e+00,0.000000000000000000e+00
4.687500000000000694e-03,6.770833333333333565e-03,0.000000000000000000e+00,0.000000000000000000e+00
4.895833333333333634e-03,6.770833333333333565e-03,0.000000000000000000e+00,0.000000000000000000e+00
5.104166666666666574e-03,6.770833333333333565e-03,0.000000000000000000e+00,0.000000000000000000e+00
5.312500000000000382e-03,6.770833333333333565e-03,0.000000000000000000e+00,0.000000000000000000e+00
5.520833333333333322e-03,6.770833333333333565e-03,0.000000000000000000e+00,0.000000000000000000e+00
5.729166666666667129e-03,6.770833333333333565e-03,0.000000000000000000e+00,0.000000000000000000e+00
5.937500000000000069e-03,6.770833333333333565e-03,1.208904741265330948e-04,1.000000000000000000e+00
6.145833333333333877e-03,6.770833333333333565e-03,2.473996293886719655e-04,1.000000000000000000e+00
6.354166666666666817e-03,6.770833333333333565e-03,4.834486846402437322e-04,1.000000000000000000e+00
6.562500000000000625e-03,6.770833333333333565e-03,7.128209079132533359e-04,1.000000000000000000e+00
6.770833333333333565e-03,6.770833333333333565e-03,9.275030274783046657e-04,1.000000000000000000e+00
6.979166666666667372e-03,6.770833333333333565e-03,1.120483758154466967e-03,1.000000000000000000e+00
7.187500000000000312e-03,6.770833333333333565e-03,1.286246261819713483e-03,1.000000000000000000e+00
7.395833333333334120e-03,6.770833333333333565e-03,1.421260607921358363e-03,1.000000000000000000e+00
7.604166666666667060e-03,6.770833333333333565e-03,1.523290472644839343e-03,1.000000000000000000e+00
7.812500000000000000e-03,6.770833333333333565e-03,1.590821284871533556e-03,1.000000000000000000e+00
8.020833333333334675e-03,6.770833333333333565e-03,1.622738194177118050e-03,1.000000000000000000e+00
8.229166666666667615e-03,6.770833333333333565e-03,1.618153748172817749e-03,1.000000000000000000e+00
8.437500000000000555e-03,6.770833333333333565e-03,1.576309424178418432e-03,1.000000000000000000e+00
8.645833333333333495e-03,6.770833333333333565e-03,1.496513605297406478e-03,1.000000000000000000e+00
8.854166666666666435e-03,6.770833333333333565e-03,1.378099932472349586e-03,1.000000000000000000e+00
9.062500000000001110e-03,6.770833333333333565e-03,1.220399354545229813e-03,1.000000000000000000e+00
9.270833333333334050e-03,6.770833333333333565e-03,1.022722800540085825e-03,1.000000000000000000e+00
9.479166666666666990e-03,6.770833333333333565e-03,7.843526069874461873e-04,1.000000000000000000e+00
9.687499999999999931e-03,6.770833333333333565e-03,5.045411637183130557e-04,1.000000000000000000e+00
9.895833333333334605e-03,6.770833333333333565e-03,1.825152800246003602e-04,1.000000000000000000e+00
1.041666666666666734e-04,6.979166666666667372e-03,1.826874488826409179e-04,1.000000000000000000e+00
3.125000000000000065e-04,6.979166666666667372e-03,5.051935966283531941e-04,1.000000000000000000e+00
5.208333333333333261e-04,6.979166666666667372e-03,7.858935777065763351e-04,1.000000000000000000e+00
7.291666666666666999e-04,6.979166666666667372e-03,1.025834596649480681e-03,1.000000000000000000e+00
9.375000000000000737e-04,6.979166666666667372e-03,1.226041631397789718e-03,1.000000000000000000e+00
1.145833333333333339e-03,6.979166666666667372e-03,1.387515529569216359e-03,1.000000000000000000e+00
1.354166666666666713e-03,6.979166666666667372e-03,1.511237786250210682e-03,1.000000000000000000e+00
1.562500000000000087e-03,6.979166666666667372e-03,1.598183682716732088e-03,1.000000000000000000e+00
1.770833333333333461e-03,6.979166666666667372e-03,1.649345639097299799e-03,1.000000000000000000e+00
1.979166666666666834e-03,6.979166666666667372e-03,1.665769280551522872e-03,1.000000000000000000e+00
2.187500000000000208e-03,6.979166666666667372e-03,1.648606294335864001e-03,1.000000000000000000e+00
2.395833333333333582e-03,6.979166666666667372e-03,1.599191478038817973e-03,1.000000000000000000e+00
2.604166666666666956e-03,6.979166666666667372e-03,1.519157555766078270e-03,1.000000000000000000e+00
2.812500000000000330e-03,6.979166666666667372e-03,1.410610726569391533e-03,1.000000000000000000e+00
3.020833333333333703e-03,6.979166666666667372e-03,1.276397936806373005e-03,1.000000000000000000e+00
3.229166666666667077e-03,6.979166666666667372e-03,1.120483758154466099e-03,1.000000000000000000e+00
3.437500000000000017e-03,6.979166666666667372e-03,9.483850287356977889e-04,1.000000000000000000e+00
3.645833333333333391e-03,6.979166666666667372e-03,7.676054942414367111e-04,1.000000000000000000e+00
3.854166666666666765e-03,6.979166666666667372e-03,5.892562103988051737e-04,1.000000000000000000e+00
4.062500000000000139e-03,6.979166666666667372e-03,4.345404375927488442e-04,1.000000000000000000e+00
4.270833333333333946e-03,6.979166666666667372e-03,2.531807719149540333e-04,1.000000000000000000e+00
4.479166666666666886e-03,6.979166666666667372e-03,1.830547588063334270e-04,1.000000000000000000e+00
4.687500000000000694e-03,6.979166666666667372e-03,1.072428337730935773e-04,1.000000000000000000e+00
4.895833333333333634e-03,6.979166666666667372e-03,0.000000000000000000e+00,0.000000000000000000e+00
5.104166666666666574e-03,6.979166666666667372e-03,0.000000000000000000e+00,0.000000000000000000e+00
5.312500000000000382e-03,6.979166666666667372e-03,1.072428337730936180e-04,1.000000000000000000e+00
5.520833333333333322e-03,6.979166666666667372e-03,1.830547588063335355e-04,1.000000000000000000e+00
5.729166666666667129e-03,6.979166666666667372e-03,2.531807719149541959e-04,1.000000000000000000e+00
5.937500000000000069e-03,6.979166666666667372e-03,4.345404375927488985e-04,1.000000000000000000e+00
6.145833333333333877e-03,6.979166666666667372e-03,5.892562103988052821e-04,1.000000000000000000e+00
6.354166666666666817e-03,6.979166666666667372e-03,7.676054942414370363e-04,1.000000000000000000e+00
6.562500000000000625e-03,6.979166666666667372e-03,9.483850287356984394e-04,1.000000000000000000e+00
6.770833333333333565e-03,6.979166666666667372e-03,1.120483758154466967e-03,1.000000000000000000e+00
6.979166666666667372e-03,6.979166666666667372e-03,1.276397936806373439e-03,1.000000000000000000e+00
7.187500000000000312e-03,6.979166666666667372e-03,1.410610726569391533e-03,1.000000000000000000e+00
7.395833333333334120e-03,6.979166666666667372e-03,1.519157555766078487e-03,1.000000000000000000e+00
7.604166666666667060e-03,6.979166666666667372e-03,1.599191478038819274e-03,1.000000000000000000e+00
7.812500000000000000e-03,6.979166666666667372e-03,1.648606294335865086e-03,1.000000000000000000e+00
8.020833333333334675e-03,6.979166666666667372e-03,1.665769280551524824e-03,1.000000000000000000e+00
8.229166666666667615e-03,6.979166666666667372e-03,1.649345639097302184e-03,1.000000000000000000e+00
8.437500000000000555e-03,6.979166666666667372e-03,1.598183682716733823e-03,1.000000000000000000e+00
8.645833333333333495e-03,6.979166666666667372e-03,1.511237786250212200e-03,1.000000000000000000e+00
8.854166666666666435e-03,6.979166666666667372e-03,1.387515529569217660e-03,1.000000000000000000e+00
9.062500000000001110e-03,6.979166666666667372e-03,1.226041631397791236e-03,1.000000000000000000e+00
9.270833333333334050e-03,6.979166666666667372e-03,1.025834596649481765e-03,1.000000000000000000e+00
9.479166666666666990e-03,6.979166666666667372e-03,7.858935777065769856e-04,1.000000000000000000e+00
9.687499999999999931e-03,6.979166666666667372e-03,5.051935966283536278e-04,1.000000000000000000e+00
9.895833333333334605e-03,6.979166666666667372e-03,1.826874488826410264e-04,1.000000000000000000e+00
1.041666666666666734e-04,7.187500000000000312e-03,1.823255899824733034e-04,1.000000000000000000e+00
3.125000000000000065e-04,7.187500000000000312e-03,5.042494184281052236e-04,1.000000000000000000e+00
5.208333333333333261e-04,7.187500000000000312e-03,7.847907327832483052e-04,1.000000000000000000e+00
7.291666666666666999e-04,7.187500000000000312e-03,1.025277599175694523e-03,1.000000000000000000e+00
9.375000000000000737e-04,7.187500000000000312e-03,1.227014267049456563e-03,1.000000000000000000e+00
1.145833333333333339e-03,7.187500000000000312e-03,1.391279990378738261e-03,1.000000000000000000e+00
1.354166666666666713e-03,7.187500000000000312e-03,1.519335549639712129e-03,1.000000000000000000e+00
1.562500000000000087e-03,7.187500000000000312e-03,1.612439103563223985e-03,1.000000000000000000e+00
1.770833333333333461e-03,7.187500000000000312e-03,1.671873067170352549e-03,1.000000000000000000e+00
1.979166666666666834e-03,7.187500000000000312e-03,1.698984216818034184e-03,1.000000000000000000e+00
2.187500000000000208e-03,7.187500000000000312e-03,1.695240356103803765e-03,1.000000000000000000e+00
2.395833333333333582e-03,7.187500000000000312e-03,1.662308811630713954e-03,1.000000000000000000e+00
2.604166666666666956e-03,7.187500000000000312e-03,1.602164632756966287e-03,1.000000000000000000e+00
2.812500000000000330e-03,7.187500000000000312e-03,1.517238374107623316e-03,1.000000000000000000e+00
3.020833333333333703e-03,7.187500000000000312e-03,1.410610726569391099e-03,1.000000000000000000e+00
3.229166666666667077e-03,7.187500000000000312e-03,1.286246261819712399e-03,1.000000000000000000e+00
3.437500000000000017e-03,7.187500000000000312e-03,1.149227176855858361e-03,1.000000000000000000e+00
3.645833333333333391e-03,7.187500000000000312e-03,1.005929275413222851e-03,1.000000000000000000e+00
3.854166666666666765e-03,7.187500000000000312e-03,8.640765025945856045e-04,1.000000000000000000e+00
4.062500000000000139e-03,7.187500000000000312e-03,7.314315161529254651e-04,1.000000000000000000e+00
4.270833333333333946e-03,7.187500000000000312e-03,6.049058853979101362e-04,1.000000000000000000e+00
4.479166666666666886e-03,7.187500000000000312e-03,5.114474105658419010e-04,1.000000000000000000e+00
4.687500000000000694e-03,7.187500000000000312e-03,4.169994660544502777e-04,1.000000000000000000e+00
4.895833333333333634e-03,7.187500000000000312e-03,2.811412877686436554e-04,1.000000000000000000e+00
5.104166666666666574e-03,7.187500000000000312e-03,2.811412877686436012e-04,1.000000000000000000e+00
5.312500000000000382e-03,7.187500000000000312e-03,4.169994660544504403e-04,1.000000000000000000e+00
5.520833333333333322e-03,7.187500000000000312e-03,5.114474105658422263e-04,1.000000000000000000e+00
5.729166666666667129e-03,7.187500000000000312e-03,6.049058853979105699e-04,1.000000000000000000e+00
5.937500000000000069e-03,7.187500000000000312e-03,7.314315161529255736e-04,1.000000000000000000e+00
6.145833333333333877e-03,7.187500000000000312e-03,8.640765025945858213e-04,1.000000000000000000e+00
6.354166666666666817e-03,7.187500000000000312e-03,1.005929275413223068e-03,1.000000000000000000e+00
6.562500000000000625e-03,7.187500000000000312e-03,1.149227176855859012e-03,1.000000000000000000e+00
6.770833333333333565e-03,7.187500000000000312e-03,1.286246261819713483e-03,1.000000000000000000e+00
6.979166666666667372e-03,7.187500000000000312e-03,1.410610726569391316e-03,1.000000000000000000e+00
7.187500000000000312e-03,7.187500000000000312e-03,1.517238374107623749e-03,1.000000000000000000e+00
7.395833333333334120e-03,7.187500000000000312e-03,1.602164632756967154e-03,1.000000000000000000e+00
7.604166666666667060e-03,7.187500000000000312e-03,1.662308811630714821e-03,1.000000000000000000e+00
7.812500000000000000e-03,7.187500000000000312e-03,1.695240356103805499e-03,1.000000000000000000e+00
8.020833333333334675e-03,7.187500000000000312e-03,1.698984216818035919e-03,1.000000000000000000e+00
8.229166666666667615e-03,7.187500000000000312e-03,1.671873067170354284e-03,1.000000000000000000e+00
8.437500000000000555e-03,7.187500000000000312e-03,1.612439103563225503e-03,1.000000000000000000e+00
8.645833333333333495e-03,7.187500000000000312e-03,1.519335549639713430e-03,1.000000000000000000e+00
8.854166666666666435e-03,7.187500000000000312e-03,1.391279990378739995e-03,1.000000000000000000e+00
9.062500000000001110e-03,7.187500000000000312e-03,1.227014267049457430e-03,1.000000000000000000e+00
9.270833333333334050e-03,7.187500000000000312e-03,1.025277599175695390e-03,1.000000000000000000e+00
9.479166666666666990e-03,7.187500000000000312e-03,7.847907327832488473e-04,1.000000000000000000e+00
9.687499999999999931e-03,7.187500000000000312e-03,5.042494184281055489e-04,1.000000000000000000e+00
9.895833333333334605e-03,7.187500000000000312e-03,1.823255899824733034e-04,1.000000000000000000e+00
1.041666666666666734e-04,7.395833333333334120e-03,1.812883048238423723e-04,1.000000000000000000e+00
3.125000000000000065e-04,7.395833333333334120e-03,5.012849765405683056e-04,1.000000000000000000e+00
5.208333333333333261e-04,7.395833333333334120e-03,7.803395580448392989e-04,1.000000000000000000e+00
7.291666666666666999e-04,7.395833333333334120e-03,1.020068022442814377e-03,1.000000000000000000e+00
9.375000000000000737e-04,7.395833333333334120e-03,1.222055069467825258e-03,1.000000000000000000e+00
1.145833333333333339e-03,7.395833333333334120e-03,1.387851837478791235e-03,1.000000000000000000e+00
1.354166666666666713e-03,7.395833333333334120e-03,1.518982540588896014e-03,1.000000000000000000e+00
1.562500000000000087e-03,7.395833333333334120e-03,1.616961336948321117e-03,1.000000000000000000e+00
1.770833333333333461e-03,7.395833333333334120e-03,1.683320531425074387e-03,1.000000000000000000e+00
1.979166666666666834e-03,7.395833333333334120e-03,1.719651385668679059e-03,1.000000000000000000e+00
2.187500000000000208e-03,7.395833333333334120e-03,1.727659323852825078e-03,1.000000000000000000e+00
2.395833333333333582e-03,7.395833333333334120e-03,1.709236001845488434e-03,1.000000000000000000e+00
2.604166666666666956e-03,7.395833333333334120e-03,1.666551011745671983e-03,1.000000000000000000e+00
2.812500000000000330e-03,7.395833333333334120e-03,1.602164632756966287e-03,1.000000000000000000e+00
3.020833333333333703e-03,7.395833333333334120e-03,1.519157555766077403e-03,1.000000000000000000e+00
3.229166666666667077e-03,7.395833333333334120e-03,1.421260607921357279e-03,1.000000000000000000e+00
3.437500000000000017e-03,7.395833333333334120e-03,1.312945363677022782e-03,1.000000000000000000e+00
3.645833333333333391e-03,7.395833333333334120e-03,1.199405150183232346e-03,1.000000000000000000e+00
3.854166666666666765e-03,7.395833333333334120e-03,1.086286230635611413e-03,1.000000000000000000e+00
4.062500000000000139e-03,7.395833333333334120e-03,9.788004612486791642e-04,1.000000000000000000e+00
4.270833333333333946e-03,7.395833333333334120e-03,8.801610651801416302e-04,1.000000000000000000e+00
4.479166666666666886e-03,7.395833333333334120e-03,7.974267542268962750e-04,1.000000000000000000e+00
4.687500000000000694e-03,7.395833333333334120e-03,7.247635543324441095e-04,1.000000000000000000e+00
4.895833333333333634e-03,7.395833333333334120e-03,6.641629072423463950e-04,1.000000000000000000e+00
5.104166666666666574e-03,7.395833333333334120e-03,6.641629072423463950e-04,1.000000000000000000e+00
5.312500000000000382e-03,7.395833333333334120e-03,7.247635543324444348e-04,1.000000000000000000e+00
5.520833333333333322e-03,7.395833333333334120e-03,7.974267542268969255e-04,1.000000000000000000e+00
5.729166666666667129e-03,7.395833333333334120e-03,8.801610651801421723e-04,1.000000000000000000e+00
5.937500000000000069e-03,7.395833333333334120e-03,9.788004612486793810e-04,1.000000000000000000e+00
6.145833333333333877e-03,7.395833333333334120e-03,1.086286230635612063e-03,1.000000000000000000e+00
6.354166666666666817e-03,7.395833333333334120e-03,1.199405150183233213e-03,1.000000000000000000e+00
6.562500000000000625e-03,7.395833333333334120e-03,1.312945363677024083e-03,1.000000000000000000e+00
6.770833333333333565e-03,7.395833333333334120e-03,1.421260607921357930e-03,1.000000000000000000e+00
6.979166666666667372e-03,7.395833333333334120e-03,1.519157555766077836e-03,1.000000000000000000e+00
7.187500000000000312e-03,7.395833333333334120e-03,1.602164632756966937e-03,1.000000000000000000e+00
7.395833333333334120e-03,7.395833333333334120e-03,1.666551011745672850e-03,1.000000000000000000e+00
7.604166666666667060e-03,7.395833333333334120e-03,1.709236001845490169e-03,1.000000000000000000e+00
7.812500000000000000e-03,7.395833333333334120e-03,1.727659323852827463e-03,1.000000000000000000e+00
8.020833333333334675e-03,7.395833333333334120e-03,1.719651385668681011e-03,1.000000000000000000e+00
8.229166666666667615e-03,7.395833333333334120e-03,1.683320531425075905e-03,1.000000000000000000e+00
8.437500000000000555e-03,7.395833333333334120e-03,1.616961336948322418e-03,1.000000000000000000e+00
8.645833333333333495e-03,7.395833333333334120e-03,1.518982540588897315e-03,1.000000000000000000e+00
8.854166666666666435e-03,7.395833333333334120e-03,1.387851837478792537e-03,1.000000000000000000e+00
9.062500000000001110e-03,7.395833333333334120e-03,1.222055069467825909e-03,1.000000000000000000e+00
9.270833333333334050e-03,7.395833333333334120e-03,1.020068022442814594e-03,1.000000000000000000e+00
9.479166666666666990e-03,7.395833333333334120e-03,7.803395580448398410e-04,1.000000000000000000e+00
9.687499999999999931e-03,7.395833333333334120e-03,5.012849765405686308e-04,1.000000000000000000e+00
9.895833333333334605e-03,7.395833333333334120e-03,1.812883048238423994e-04,1.000000000000000000e+00
1.041666666666666734e-04,7.604166666666667060e-03,1.794281798183924392e-04,1.000000000000000000e+00
3.125000000000000065e-04,7.604166666666667060e-03,4.958598470877087581e-04,1.000000000000000000e+00
5.208333333333333261e-04,7.604166666666667060e-03,7.718117226349486930e-04,1.000000000000000000e+00
7.291666666666666999e-04,7.604166666666667060e-03,1.009197085305120044e-03,1.000000000000000000e+00
9.375000000000000737e-04,7.604166666666667060e-03,1.209883373122460585e-03,1.000000000000000000e+00
1.145833333333333339e-03,7.604166666666667060e-03,1.375686971701928218e-03,1.000000000000000000e+00
1.354166666666666713e-03,7.604166666666667060e-03,1.508378660510982603e-03,1.000000000000000000e+00
1.562500000000000087e-03,7.604166666666667060e-03,1.609700394438312240e-03,1.000000000000000000e+00
1.770833333333333461e-03,7.604166666666667060e-03,1.681393558135165466e-03,1.000000000000000000e+00
1.979166666666666834e-03,7.604166666666667060e-03,1.725238692801004531e-03,1.000000000000000000e+00
2.187500000000000208e-03,7.604166666666667060e-03,1.743106774015553816e-03,1.000000000000000000e+00
2.395833333333333582e-03,7.604166666666667060e-03,1.737022082374965965e-03,1.000000000000000000e+00
2.604166666666666956e-03,7.604166666666667060e-03,1.709236001845489301e-03,1.000000000000000000e+00
2.812500000000000330e-03,7.604166666666667060e-03,1.662308811630713520e-03,1.000000000000000000e+00
3.020833333333333703e-03,7.604166666666667060e-03,1.599191478038817539e-03,1.000000000000000000e+00
3.229166666666667077e-03,7.604166666666667060e-03,1.523290472644837825e-03,1.000000000000000000e+00
3.437500000000000017e-03,7.604166666666667060e-03,1.438485741969866387e-03,1.000000000000000000e+00
3.645833333333333391e-03,7.604166666666667060e-03,1.349056953229295364e-03,1.000000000000000000e+00
3.854166666666666765e-03,7.604166666666667060e-03,1.259460030738171130e-03,1.000000000000000000e+00
4.062500000000000139e-03,7.604166666666667060e-03,1.173920255248259766e-03,1.000000000000000000e+00
4.270833333333333946e-03,7.604166666666667060e-03,1.096108382069303864e-03,1.000000000000000000e+00
4.479166666666666886e-03,7.604166666666667060e-03,1.029932209051380053e-03,1.000000000000000000e+00
4.687500000000000694e-03,7.604166666666667060e-03,9.770623120283060837e-04,1.000000000000000000e+00
4.895833333333333634e-03,7.604166666666667060e-03,9.431811018481735254e-04,1.000000000000000000e+00
5.104166666666666574e-03,7.604166666666667060e-03,9.431811018481738506e-04,1.000000000000000000e+00
5.312500000000000382e-03,7.604166666666667060e-03,9.770623120283067342e-04,1.000000000000000000e+00
5.520833333333333322e-03,7.604166666666667060e-03,1.029932209051380486e-03,1.000000000000000000e+00
5.729166666666667129e-03,7.604166666666667060e-03,1.096108382069303864e-03,1.000000000000000000e+00
5.937500000000000069e-03,7.604166666666667060e-03,1.173920255248260200e-03,1.000000000000000000e+00
6.145833333333333877e-03,7.604166666666667060e-03,1.259460030738171563e-03,1.000000000000000000e+00
6.354166666666666817e-03,7.604166666666667060e-03,1.349056953229295797e-03,1.000000000000000000e+00
6.562500000000000625e-03,7.604166666666667060e-03,1.438485741969866387e-03,1.000000000000000000e+00
6.770833333333333565e-03,7.604166666666667060e-03,1.523290472644837825e-03,1.000000000000000000e+00
6.979166666666667372e-03,7.604166666666667060e-03,1.599191478038817973e-03,1.000000000000000000e+00
7.187500000000000312e-03,7.604166666666667060e-03,1.662308811630713954e-03,1.000000000000000000e+00
7.395833333333334120e-03,7.604166666666667060e-03,1.709236001845489518e-03,1.000000000000000000e+00
7.604166666666667060e-03,7.604166666666667060e-03,1.737022082374967049e-03,1.000000000000000000e+00
7.812500000000000000e-03,7.604166666666667060e-03,1.743106774015555985e-03,1.000000000000000000e+00
8.020833333333334675e-03,7.604166666666667060e-03,1.725238692801006266e-03,1.000000000000000000e+00
8.229166666666667615e-03,7.604166666666667060e-03,1.681393558135166550e-03,1.000000000000000000e+00
8.437500000000000555e-03,7.604166666666667060e-03,1.609700394438313108e-03,1.000000000000000000e+00
8.645833333333333495e-03,7.604166666666667060e-03,1.508378660510983037e-03,1.000000000000000000e+00
8.854166666666666435e-03,7.604166666666667060e-03,1.375686971701929086e-03,1.000000000000000000e+00
9.062500000000001110e-03,7.604166666666667060e-03,1.209883373122461019e-03,1.000000000000000000e+00
9.270833333333334050e-03,7.604166666666667060e-03,1.009197085305120044e-03,1.000000000000000000e+00
9.479166666666666990e-03,7.604166666666667060e-03,7.718117226349489098e-04,1.000000000000000000e+00
9.687499999999999931e-03,7.604166666666667060e-03,4.958598470877089749e-04,1.000000000000000000e+00
9.895833333333334605e-03,7.604166666666667060e-03,1.794281798183924935e-04,1.000000000000000000e+00
1.041666666666666734e-04,7.812500000000000000e-03,1.765899694026332525e-04,1.000000000000000000e+00
3.125000000000000065e-04,7.812500000000000000e-03,4.875117315791477812e-04,1.000000000000000000e+00
5.208333333333333261e-04,7.812500000000000000e-03,7.584476223243493721e-04,1.000000000000000000e+00
7.291666666666666999e-04,7.812500000000000000e-03,9.916224452424782492e-04,1.000000000000000000e+00
9.375000000000000737e-04,7.812500000000000000e-03,1.189191588237191628e-03,1.000000000000000000e+00
1.145833333333333339e-03,7.812500000000000000e-03,1.353231237917700610e-03,1.000000000000000000e+00
1.354166666666666713e-03,7.812500000000000000e-03,1.485741957537015882e-03,1.000000000000000000e+00
1.562500000000000087e-03,7.812500000000000000e-03,1.588665244381002369e-03,1.000000000000000000e+00
1.770833333333333461e-03,7.812500000000000000e-03,1.663911836098491779e-03,1.000000000000000000e+00
1.979166666666666834e-03,7.812500000000000000e-03,1.713400275606843243e-03,1.000000000000000000e+00
2.187500000000000208e-03,7.812500000000000000e-03,1.739104219255643586e-03,1.000000000000000000e+00
2.395833333333333582e-03,7.812500000000000000e-03,1.743106774015555117e-03,1.000000000000000000e+00
2.604166666666666956e-03,7.812500000000000000e-03,1.727659323852826379e-03,1.000000000000000000e+00
2.812500000000000330e-03,7.812500000000000000e-03,1.695240356103803981e-03,1.000000000000000000e+00
3.020833333333333703e-03,7.812500000000000000e-03,1.648606294335863785e-03,1.000000000000000000e+00
3.229166666666667077e-03,7.812500000000000000e-03,1.590821284871532255e-03,1.000000000000000000e+00
3.437500000000000017e-03,7.812500000000000000e-03,1.525247400550532170e-03,1.000000000000000000e+00
3.645833333333333391e-03,7.812500000000000000e-03,1.455474112248133969e-03,1.000000000000000000e+00
3.854166666666666765e-03,7.812500000000000000e-03,1.385173906061740352e-03,1.000000000000000000e+00
4.062500000000000139e-03,7.812500000000000000e-03,1.317909369159106850e-03,1.000000000000000000e+00
4.270833333333333946e-03,7.812500000000000000e-03,1.257017221019655299e-03,1.000000000000000000e+00
4.479166666666666886e-03,7.812500000000000000e-03,1.205728610103236689e-03,1.000000000000000000e+00
4.687500000000000694e-03,7.812500000000000000e-03,1.166969605103449241e-03,1.000000000000000000e+00
4.895833333333333634e-03,7.812500000000000000e-03,1.144915308496090474e-03,1.000000000000000000e+00
5.104166666666666574e-03,7.812500000000000000e-03,1.144915308496090691e-03,1.000000000000000000e+00
5.312500000000000382e-03,7.812500000000000000e-03,1.166969605103449891e-03,1.000000000000000000e+00
5.520833333333333322e-03,7.812500000000000000e-03,1.205728610103236906e-03,1.000000000000000000e+00
5.729166666666667129e-03,7.812500000000000000e-03,1.257017221019655082e-03,1.000000000000000000e+00
5.937500000000000069e-03,7.812500000000000000e-03,1.317909369159107284e-03,1.000000000000000000e+00
6.145833333333333877e-03,7.812500000000000000e-03,1.385173906061740569e-03,1.000000000000000000e+00
6.354166666666666817e-03,7.812500000000000000e-03,1.455474112248133318e-03,1.000000000000000000e+00
6.562500000000000625e-03,7.812500000000000000e-03,1.525247400550531086e-03,1.000000000000000000e+00
6.770833333333333565e-03,7.812500000000000000e-03,1.590821284871531387e-03,1.000000000000000000e+00
6.979166666666667372e-03,7.812500000000000000e-03,1.648606294335863351e-03,1.000000000000000000e+00
7.187500000000000312e-03,7.812500000000000000e-03,1.695240356103803765e-03,1.000000000000000000e+00
7.395833333333334120e-03,7.812500000000000000e-03,1.727659323852826596e-03,1.000000000000000000e+00
7.604166666666667060e-03,7.812500000000000000e-03,1.743106774015555334e-03,1.000000000000000000e+00
7.812500000000000000e-03,7.812500000000000000e-03,1.739104219255644670e-03,1.000000000000000000e+00
8.020833333333334675e-03,7.812500000000000000e-03,1.713400275606844327e-03,1.000000000000000000e+00
8.229166666666667615e-03,7.812500000000000000e-03,1.663911836098493514e-03,1.000000000000000000e+00
8.437500000000000555e-03,7.812500000000000000e-03,1.588665244381003020e-03,1.000000000000000000e+00
8.645833333333333495e-03,7.812500000000000000e-03,1.485741957537015882e-03,1.000000000000000000e+00
8.854166666666666435e-03,7.812500000000000000e-03,1.353231237917700827e-03,1.000000000000000000e+00
9.062500000000001110e-03,7.812500000000000000e-03,1.189191588237191845e-03,1.000000000000000000e+00
9.270833333333334050e-03,7.812500000000000000e-03,9.916224452424780324e-04,1.000000000000000000e+00
9.479166666666666990e-03,7.812500000000000000e-03,7.584476223243491553e-04,1.000000000000000000e+00
9.687499999999999931e-03,7.812500000000000000e-03,4.875117315791477812e-04,1.000000000000000000e+00
9.895833333333334605e-03,7.812500000000000000e-03,1.765899694026332796e-04,1.000000000000000000e+00
1.041666666666666734e-04,8.020833333333334675e-03,1.726071578378483103e-04,1.000000000000000000e+00
3.125000000000000065e-04,8.020833333333334675e-03,4.757467097241221184e-04,1.000000000000000000e+00
5.208333333333333261e-04,8.020833333333334675e-03,7.394418120630447079e-04,1.000000000000000000e+00
7.291666666666666999e-04,8.020833333333334675e-03,9.662507073254738947e-04,1.000000000000000000e+00
9.375000000000000737e-04,8.020833333333334675e-03,1.158626518888349879e-03,1.000000000000000000e+00
1.145833333333333339e-03,8.020833333333334675e-03,1.318901656416889088e-03,1.000000000000000000e+00
1.354166666666666713e-03,8.020833333333334675e-03,1.449289909560598803e-03,1.000000000000000000e+00
1.562500000000000087e-03,8.020833333333334675e-03,1.551904011672412386e-03,1.000000000000000000e+00
1.770833333333333461e-03,8.020833333333334675e-03,1.628785488493178849e-03,1.000000000000000000e+00
1.979166666666666834e-03,8.020833333333334675e-03,1.681943576494455668e-03,1.000000000000000000e+00
2.187500000000000208e-03,8.020833333333334675e-03,1.713400275606843676e-03,1.000000000000000000e+00
2.395833333333333582e-03,8.020833333333334675e-03,1.725238692801005398e-03,1.000000000000000000e+00
2.604166666666666956e-03,8.020833333333334675e-03,1.719651385668679276e-03,1.000000000000000000e+00
2.812500000000000330e-03,8.020833333333334675e-03,1.698984216818034618e-03,1.000000000000000000e+00
3.020833333333333703e-03,8.020833333333334675e-03,1.665769280551523523e-03,1.000000000000000000e+00
3.229166666666667077e-03,8.020833333333334675e-03,1.622738194177116532e-03,1.000000000000000000e+00
3.437500000000000017e-03,8.020833333333334675e-03,1.572805685334817145e-03,1.000000000000000000e+00
3.645833333333333391e-03,8.020833333333334675e-03,1.519015411373190365e-03,1.000000000000000000e+00
3.854166666666666765e-03,8.020833333333334675e-03,1.464449334323771838e-03,1.000000000000000000e+00
4.062500000000000139e-03,8.020833333333334675e-03,1.412123316528996093e-03,1.000000000000000000e+00
4.270833333333333946e-03,8.020833333333334675e-03,1.364919744969195518e-03,1.000000000000000000e+00
4.479166666666666886e-03,8.020833333333334675e-03,1.325592627460684108e-03,1.000000000000000000e+00
4.687500000000000694e-03,8.020833333333334675e-03,1.296769412008385875e-03,1.000000000000000000e+00
4.895833333333333634e-03,8.020833333333334675e-03,1.281192440758870382e-03,1.000000000000000000e+00
5.104166666666666574e-03,8.020833333333334675e-03,1.281192440758870598e-03,1.000000000000000000e+00
5.312500000000000382e-03,8.020833333333334675e-03,1.296769412008386309e-03,1.000000000000000000e+00
5.520833333333333322e-03,8.020833333333334675e-03,1.325592627460684325e-03,1.000000000000000000e+00
5.729166666666667129e-03,8.020833333333334675e-03,1.364919744969195301e-03,1.000000000000000000e+00
5.937500000000000069e-03,8.020833333333334675e-03,1.412123316528995226e-03,1.000000000000000000e+00
6.145833333333333877e-03,8.020833333333334675e-03,1.464449334323770753e-03,1.000000000000000000e+00
6.354166666666666817e-03,8.020833333333334675e-03,1.519015411373188847e-03,1.000000000000000000e+00
6.562500000000000625e-03,8.020833333333334675e-03,1.572805685334815844e-03,1.000000000000000000e+00
6.770833333333333565e-03,8.020833333333334675e-03,1.622738194177115231e-03,1.000000000000000000e+00
6.979166666666667372e-03,8.020833333333334675e-03,1.665769280551522222e-03,1.000000000000000000e+00
7.187500000000000312e-03,8.020833333333334675e-03,1.698984216818033967e-03,1.000000000000000000e+00
7.395833333333334120e-03,8.020833333333334675e-03,1.719651385668679710e-03,1.000000000000000000e+00
7.604166666666667060e-03,8.020833333333334675e-03,1.725238692801005832e-03,1.000000000000000000e+00
7.812500000000000000e-03,8.020833333333334675e-03,1.713400275606844110e-03,1.000000000000000000e+00
8.020833333333334675e-03,8.020833333333334675e-03,1.681943576494456319e-03,1.000000000000000000e+00
8.229166666666667615e-03,8.020833333333334675e-03,1.628785488493179282e-03,1.000000000000000000e+00
8.437500000000000555e-03,8.020833333333334675e-03,1.551904011672412169e-03,1.000000000000000000e+00
8.645833333333333495e-03,8.020833333333334675e-03,1.449289909560598586e-03,1.000000000000000000e+00
8.854166666666666435e-03,8.020833333333334675e-03,1.318901656416888654e-03,1.000000000000000000e+00
9.062500000000001110e-03,8.020833333333334675e-03,1.158626518888349229e-03,1.000000000000000000e+00
9.270833333333334050e-03,8.020833333333334675e-03,9.662507073254732442e-04,1.000000000000000000e+00
9.479166666666666990e-03,8.020833333333334675e-03,7.394418120630444910e-04,1.000000000000000000e+00
9.687499999999999931e-03,8.020833333333334675e-03,4.757467097241221726e-04,1.000000000000000000e+00
9.895833333333334605e-03,8.020833333333334675e-03,1.726071578378483374e-04,1.000000000000000000e+00
1.041666666666666734e-04,8.229166666666667615e-03,1.672963322847086651e-04,1.000000000000000000e+00
3.125000000000000065e-04,8.229166666666667615e-03,4.600233596386701864e-04,1.000000000000000000e+00
5.208333333333333261e-04,8.229166666666667615e-03,7.139194311004562563e-04,1.000000000000000000e+00
7.291666666666666999e-04,8.229166666666667615e-03,9.319092753302453359e-04,1.000000000000000000e+00
9.375000000000000737e-04,8.229166666666667615e-03,1.116759345796066632e-03,1.000000000000000000e+00
1.145833333333333339e-03,8.229166666666667615e-03,1.271056181523129002e-03,1.000000000000000000e+00
1.354166666666666713e-03,8.229166666666667615e-03,1.397209234838300449e-03,1.000000000000000000e+00
1.562500000000000087e-03,8.229166666666667615e-03,1.497472626477090382e-03,1.000000000000000000e+00
1.770833333333333461e-03,8.229166666666667615e-03,1.573979751929578588e-03,1.000000000000000000e+00
1.979166666666666834e-03,8.229166666666667615e-03,1.628785488493179282e-03,1.000000000000000000e+00
2.187500000000000208e-03,8.229166666666667615e-03,1.663911836098491779e-03,1.000000000000000000e+00
2.395833333333333582e-03,8.229166666666667615e-03,1.681393558135165466e-03,1.000000000000000000e+00
2.604166666666666956e-03,8.229166666666667615e-03,1.683320531425074387e-03,1.000000000000000000e+00
2.812500000000000330e-03,8.229166666666667615e-03,1.671873067170353199e-03,1.000000000000000000e+00
3.020833333333333703e-03,8.229166666666667615e-03,1.649345639097301100e-03,1.000000000000000000e+00
3.229166666666667077e-03,8.229166666666667615e-03,1.618153748172815798e-03,1.000000000000000000e+00
3.437500000000000017e-03,8.229166666666667615e-03,1.580818957460651455e-03,1.000000000000000000e+00
3.645833333333333391e-03,8.229166666666667615e-03,1.539929735808259152e-03,1.000000000000000000e+00
3.854166666666666765e-03,8.229166666666667615e-03,1.498081925553382482e-03,1.000000000000000000e+00
4.062500000000000139e-03,8.229166666666667615e-03,1.457812039886131027e-03,1.000000000000000000e+00
4.270833333333333946e-03,8.229166666666667615e-03,1.421543037089668298e-03,1.000000000000000000e+00
4.479166666666666886e-03,8.229166666666667615e-03,1.391549964984140726e-03,1.000000000000000000e+00
4.687500000000000694e-03,8.229166666666667615e-03,1.369920196932762580e-03,1.000000000000000000e+00
4.895833333333333634e-03,8.229166666666667615e-03,1.358489823994356305e-03,1.000000000000000000e+00
5.104166666666666574e-03,8.229166666666667615e-03,1.358489823994356305e-03,1.000000000000000000e+00
5.312500000000000382e-03,8.229166666666667615e-03,1.369920196932762580e-03,1.000000000000000000e+00
5.520833333333333322e-03,8.229166666666667615e-03,1.391549964984140726e-03,1.000000000000000000e+00
5.729166666666667129e-03,8.229166666666667615e-03,1.421543037089668081e-03,1.000000000000000000e+00
5.937500000000000069e-03,8.229166666666667615e-03,1.457812039886130159e-03,1.000000000000000000e+00
6.145833333333333877e-03,8.229166666666667615e-03,1.498081925553381398e-03,1.000000000000000000e+00
6.354166666666666817e-03,8.229166666666667615e-03,1.539929735808257850e-03,1.000000000000000000e+00
6.562500000000000625e-03,8.229166666666667615e-03,1.580818957460650587e-03,1.000000000000000000e+00
6.770833333333333565e-03,8.229166666666667615e-03,1.618153748172815364e-03,1.000000000000000000e+00
6.979166666666667372e-03,8.229166666666667615e-03,1.649345639097300233e-03,1.000000000000000000e+00
7.187500000000000312e-03,8.229166666666667615e-03,1.671873067170352115e-03,1.000000000000000000e+00
7.395833333333334120e-03,8.229166666666667615e-03,1.683320531425074387e-03,1.000000000000000000e+00
7.604166666666667060e-03,8.229166666666667615e-03,1.681393558135165466e-03,1.000000000000000000e+00
7.812500000000000000e-03,8.229166666666667615e-03,1.663911836098492646e-03,1.000000000000000000e+00
8.020833333333334675e-03,8.229166666666667615e-03,1.628785488493179282e-03,1.000000000000000000e+00
8.229166666666667615e-03,8.229166666666667615e-03,1.573979751929579455e-03,1.000000000000000000e+00
8.437500000000000555e-03,8.229166666666667615e-03,1.497472626477090816e-03,1.000000000000000000e+00
8.645833333333333495e-03,8.229166666666667615e-03,1.397209234838299799e-03,1.000000000000000000e+00
8.854166666666666435e-03,8.229166666666667615e-03,1.271056181523128135e-03,1.000000000000000000e+00
9.062500000000001110e-03,8.229166666666667615e-03,1.116759345796065764e-03,1.000000000000000000e+00
9.270833333333334050e-03,8.229166666666667615e-03,9.319092753302443601e-04,1.000000000000000000e+00
9.479166666666666990e-03,8.229166666666667615e-03,7.139194311004556058e-04,1.000000000000000000e+00
9.687499999999999931e-03,8.229166666666667615e-03,4.600233596386696443e-04,1.000000000000000000e+00
9.895833333333334605e-03,8.229166666666667615e-03,1.672963322847084754e-04,1.000000000000000000e+00
1.041666666666666734e-04,8.437500000000000555e-03,1.604483661692467989e-04,1.000000000000000000e+00
3.125000000000000065e-04,8.437500000000000555e-03,4.397281876676152959e-04,1.000000000000000000e+00
5.208333333333333261e-04,8.437500000000000555e-03,6.809004995920867921e-04,1.000000000000000000e+00
7.291666666666666999e-04,8.437500000000000555e-03,8.873048393212061785e-04,1.000000000000000000e+00
9.375000000000000737e-04,8.437500000000000555e-03,1.062042629664763926e-03,1.000000000000000000e+00
1.145833333333333339e-03,8.437500000000000555e-03,1.207951711263481999e-03,1.000000000000000000e+00
1.354166666666666713e-03,8.437500000000000555e-03,1.327615444014606204e-03,1.000000000000000000e+00
1.562500000000000087e-03,8.437500000000000555e-03,1.423394729690292699e-03,1.000000000000000000e+00
1.770833333333333461e-03,8.437500000000000555e-03,1.497472626477089949e-03,1.000000000000000000e+00
1.979166666666666834e-03,8.437500000000000555e-03,1.551904011672411736e-03,1.000000000000000000e+00
2.187500000000000208e-03,8.437500000000000555e-03,1.588665244381001502e-03,1.000000000000000000e+00
2.395833333333333582e-03,8.437500000000000555e-03,1.609700394438311590e-03,1.000000000000000000e+00
2.604166666666666956e-03,8.437500000000000555e-03,1.616961336948320900e-03,1.000000000000000000e+00
2.812500000000000330e-03,8.437500000000000555e-03,1.612439103563224202e-03,1.000000000000000000e+00
3.020833333333333703e-03,8.437500000000000555e-03,1.598183682716732522e-03,1.000000000000000000e+00
3.229166666666667077e-03,8.437500000000000555e-03,1.576309424178416914e-03,1.000000000000000000e+00
3.437500000000000017e-03,8.437500000000000555e-03,1.548983882748937186e-03,1.000000000000000000e+00
3.645833333333333391e-03,8.437500000000000555e-03,1.518399871068035331e-03,1.000000000000000000e+00
3.854166666666666765e-03,8.437500000000000555e-03,1.486733814417590506e-03,1.000000000000000000e+00
4.062500000000000139e-03,8.437500000000000555e-03,1.456097102594698526e-03,1.000000000000000000e+00
4.270833333333333946e-03,8.437500000000000555e-03,1.428487620741428297e-03,1.000000000000000000e+00
4.479166666666666886e-03,8.437500000000000555e-03,1.405741220675669426e-03,1.000000000000000000e+00
4.687500000000000694e-03,8.437500000000000555e-03,1.389468808966388925e-03,1.000000000000000000e+00
4.895833333333333634e-03,8.437500000000000555e-03,1.380954056513658112e-03,1.000000000000000000e+00
5.104166666666666574e-03,8.437500000000000555e-03,1.380954056513658112e-03,1.000000000000000000e+00
5.312500000000000382e-03,8.437500000000000555e-03,1.389468808966389142e-03,1.000000000000000000e+00
5.520833333333333322e-03,8.437500000000000555e-03,1.405741220675669426e-03,1.000000000000000000e+00
5.729166666666667129e-03,8.437500000000000555e-03,1.428487620741428514e-03,1.000000000000000000e+00
5.937500000000000069e-03,8.437500000000000555e-03,1.456097102594698309e-03,1.000000000000000000e+00
6.145833333333333877e-03,8.437500000000000555e-03,1.486733814417589856e-03,1.000000000000000000e+00
6.354166666666666817e-03,8.437500000000000555e-03,1.518399871068034247e-03,1.000000000000000000e+00
6.562500000000000625e-03,8.437500000000000555e-03,1.548983882748936102e-03,1.000000000000000000e+00
6.770833333333333565e-03,8.437500000000000555e-03,1.576309424178416263e-03,1.000000000000000000e+00
6.979166666666667372e-03,8.437500000000000555e-03,1.598183682716731871e-03,1.000000000000000000e+00
7.187500000000000312e-03,8.437500000000000555e-03,1.612439103563223335e-03,1.000000000000000000e+00
7.395833333333334120e-03,8.437500000000000555e-03,1.616961336948321334e-03,1.000000000000000000e+00
7.604166666666667060e-03,8.437500000000000555e-03,1.609700394438312240e-03,1.000000000000000000e+00
7.812500000000000000e-03,8.437500000000000555e-03,1.588665244381002369e-03,1.000000000000000000e+00
8.020833333333334675e-03,8.437500000000000555e-03,1.551904011672412169e-03,1.000000000000000000e+00
8.229166666666667615e-03,8.437500000000000555e-03,1.497472626477090816e-03,1.000000000000000000e+00
8.437500000000000555e-03,8.437500000000000555e-03,1.423394729690292482e-03,1.000000000000000000e+00
8.645833333333333495e-03,8.437500000000000555e-03,1.327615444014605770e-03,1.000000000000000000e+00
8.854166666666666435e-03,8.437500000000000555e-03,1.207951711263480915e-03,1.000000000000000000e+00
9.062500000000001110e-03,8.437500000000000555e-03,1.062042629664763276e-03,1.000000000000000000e+00
9.270833333333334050e-03,8.437500000000000555e-03,8.873048393212054196e-04,1.000000000000000000e+00
9.479166666666666990e-03,8.437500000000000555e-03,6.809004995920862500e-04,1.000000000000000000e+00
9.687499999999999931e-03,8.437500000000000555e-03,4.397281876676148622e-04,1.000000000000000000e+00
9.895833333333334605e-03,8.437500000000000555e-03,1.604483661692466092e-04,1.000000000000000000e+00
1.041666666666666734e-04,8.645833333333333495e-03,1.518145331161323557e-04,1.000000000000000000e+00
3.125000000000000065e-04,8.645833333333333495e-03,4.141377474926797014e-04,1.000000000000000000e+00
5.208333333333333261e-04,8.645833333333333495e-03,6.392467625012919225e-04,1.000000000000000000e+00
7.291666666666666999e-04,8.645833333333333495e-03,8.309641749199506025e-04,1.000000000000000000e+00
9.375000000000000737e-04,8.645833333333333495e-03,9.927518445005229474e-04,1.000000000000000000e+00
1.145833333333333339e-03,8.645833333333333495e-03,1.127689812073649940e-03,1.000000000000000000e+00
1.354166666666666713e-03,8.645833333333333495e-03,1.238503322488572478e-03,1.000000000000000000e+00
1.562500000000000087e-03,8.645833333333333495e-03,1.327615444014606421e-03,1.000000000000000000e+00
1.770833333333333461e-03,8.645833333333333495e-03,1.397209234838299799e-03,1.000000000000000000e+00
1.979166666666666834e-03,8.645833333333333495e-03,1.449289909560597936e-03,1.000000000000000000e+00
2.187500000000000208e-03,8.645833333333333495e-03,1.485741957537014147e-03,1.000000000000000000e+00
2.395833333333333582e-03,8.645833333333333495e-03,1.508378660510981519e-03,1.000000000000000000e+00
2.604166666666666956e-03,8.645833333333333495e-03,1.518982540588896014e-03,1.000000000000000000e+00
2.812500000000000330e-03,8.645833333333333495e-03,1.519335549639711262e-03,1.000000000000000000e+00
3.020833333333333703e-03,8.645833333333333495e-03,1.511237786250210248e-03,1.000000000000000000e+00
3.229166666666667077e-03,8.645833333333333495e-03,1.496513605297404310e-03,1.000000000000000000e+00
3.437500000000000017e-03,8.645833333333333495e-03,1.477004500510865469e-03,1.000000000000000000e+00
3.645833333333333391e-03,8.645833333333333495e-03,1.454549273519576856e-03,1.000000000000000000e+00
3.854166666666666765e-03,8.645833333333333495e-03,1.430953580676466979e-03,1.000000000000000000e+00
4.062500000000000139e-03,8.645833333333333495e-03,1.407952157555867299e-03,1.000000000000000000e+00
4.270833333333333946e-03,8.645833333333333495e-03,1.387166344827899314e-03,1.000000000000000000e+00
4.479166666666666886e-03,8.645833333333333495e-03,1.370055710232941050e-03,1.000000000000000000e+00
4.687500000000000694e-03,8.645833333333333495e-03,1.357856983965687742e-03,1.000000000000000000e+00
4.895833333333333634e-03,8.645833333333333495e-03,1.351500758802451482e-03,1.000000000000000000e+00
5.104166666666666574e-03,8.645833333333333495e-03,1.351500758802451265e-03,1.000000000000000000e+00
5.312500000000000382e-03,8.645833333333333495e-03,1.357856983965688392e-03,1.000000000000000000e+00
5.520833333333333322e-03,8.645833333333333495e-03,1.370055710232941050e-03,1.000000000000000000e+00
5.729166666666667129e-03,8.645833333333333495e-03,1.387166344827899314e-03,1.000000000000000000e+00
5.937500000000000069e-03,8.645833333333333495e-03,1.407952157555866866e-03,1.000000000000000000e+00
6.145833333333333877e-03,8.645833333333333495e-03,1.430953580676466545e-03,1.000000000000000000e+00
6.354166666666666817e-03,8.645833333333333495e-03,1.454549273519575772e-03,1.000000000000000000e+00
6.562500000000000625e-03,8.645833333333333495e-03,1.477004500510864819e-03,1.000000000000000000e+00
6.770833333333333565e-03,8.645833333333333495e-03,1.496513605297403876e-03,1.000000000000000000e+00
6.979166666666667372e-03,8.645833333333333495e-03,1.511237786250210248e-03,1.000000000000000000e+00
7.187500000000000312e-03,8.645833333333333495e-03,1.519335549639711479e-03,1.000000000000000000e+00
7.395833333333334120e-03,8.645833333333333495e-03,1.518982540588896014e-03,1.000000000000000000e+00
7.604166666666667060e-03,8.645833333333333495e-03,1.508378660510982386e-03,1.000000000000000000e+00
7.812500000000000000e-03,8.645833333333333495e-03,1.485741957537015014e-03,1.000000000000000000e+00
8.020833333333334675e-03,8.645833333333333495e-03,1.449289909560598586e-03,1.000000000000000000e+00
8.229166666666667615e-03,8.645833333333333495e-03,1.397209234838300016e-03,1.000000000000000000e+00
8.437500000000000555e-03,8.645833333333333495e-03,1.327615444014605553e-03,1.000000000000000000e+00
8.645833333333333495e-03,8.645833333333333495e-03,1.238503322488571827e-03,1.000000000000000000e+00
8.854166666666666435e-03,8.645833333333333495e-03,1.127689812073649073e-03,1.000000000000000000e+00
9.062500000000001110e-03,8.645833333333333495e-03,9.927518445005220800e-04,1.000000000000000000e+00
9.270833333333334050e-03,8.645833333333333495e-03,8.309641749199496268e-04,1.000000000000000000e+00
9.479166666666666990e-03,8.645833333333333495e-03,6.392467625012912720e-04,1.000000000000000000e+00
9.687499999999999931e-03,8.645833333333333495e-03,4.141377474926792677e-04,1.000000000000000000e+00
9.895833333333334605e-03,8.645833333333333495e-03,1.518145331161322201e-04,1.000000000000000000e+00
1.041666666666666734e-04,8.854166666666666435e-03,1.410837741409574919e-04,1.000000000000000000e+00
3.125000000000000065e-04,8.854166666666666435e-03,3.823587289079014451e-04,1.000000000000000000e+00
5.208333333333333261e-04,8.854166666666666435e-03,5.875818502226730789e-04,1.000000000000000000e+00
7.291666666666666999e-04,8.854166666666666435e-03,7.611504755790029792e-04,1.000000000000000000e+00
9.375000000000000737e-04,8.854166666666666435e-03,9.069079835659493716e-04,1.000000000000000000e+00
1.145833333333333339e-03,8.854166666666666435e-03,1.028149592264244062e-03,1.000000000000000000e+00
1.354166666666666713e-03,8.854166666666666435e-03,1.127689812073649723e-03,1.000000000000000000e+00
1.562500000000000087e-03,8.854166666666666435e-03,1.207951711263481349e-03,1.000000000000000000e+00
1.770833333333333461e-03,8.854166666666666435e-03,1.271056181523128135e-03,1.000000000000000000e+00
1.979166666666666834e-03,8.854166666666666435e-03,1.318901656416888220e-03,1.000000000000000000e+00
2.187500000000000208e-03,8.854166666666666435e-03,1.353231237917699959e-03,1.000000000000000000e+00
2.395833333333333582e-03,8.854166666666666435e-03,1.375686971701927351e-03,1.000000000000000000e+00
2.604166666666666956e-03,8.854166666666666435e-03,1.387851837478791235e-03,1.000000000000000000e+00
2.812500000000000330e-03,8.854166666666666435e-03,1.391279990378738261e-03,1.000000000000000000e+00
3.020833333333333703e-03,8.854166666666666435e-03,1.387515529569215925e-03,1.000000000000000000e+00
3.229166666666667077e-03,8.854166666666666435e-03,1.378099932472347851e-03,1.000000000000000000e+00
3.437500000000000017e-03,8.854166666666666435e-03,1.364568462699765686e-03,1.000000000000000000e+00
3.645833333333333391e-03,8.854166666666666435e-03,1.348436364045159635e-03,1.000000000000000000e+00
3.854166666666666765e-03,8.854166666666666435e-03,1.331176299435054763e-03,1.000000000000000000e+00
4.062500000000000139e-03,8.854166666666666435e-03,1.314188824346626755e-03,1.000000000000000000e+00
4.270833333333333946e-03,8.854166666666666435e-03,1.298767113003582770e-03,1.000000000000000000e+00
4.479166666666666886e-03,8.854166666666666435e-03,1.286055513684730093e-03,1.000000000000000000e+00
4.687500000000000694e-03,8.854166666666666435e-03,1.276999880083193187e-03,1.000000000000000000e+00
4.895833333333333634e-03,8.854166666666666435e-03,1.272288458150229234e-03,1.000000000000000000e+00
5.104166666666666574e-03,8.854166666666666435e-03,1.272288458150229668e-03,1.000000000000000000e+00
5.312500000000000382e-03,8.854166666666666435e-03,1.276999880083193621e-03,1.000000000000000000e+00
5.520833333333333322e-03,8.854166666666666435e-03,1.286055513684730310e-03,1.000000000000000000e+00
5.729166666666667129e-03,8.854166666666666435e-03,1.298767113003582337e-03,1.000000000000000000e+00
5.937500000000000069e-03,8.854166666666666435e-03,1.314188824346625888e-03,1.000000000000000000e+00
6.145833333333333877e-03,8.854166666666666435e-03,1.331176299435054330e-03,1.000000000000000000e+00
6.354166666666666817e-03,8.854166666666666435e-03,1.348436364045159635e-03,1.000000000000000000e+00
6.562500000000000625e-03,8.854166666666666435e-03,1.364568462699765035e-03,1.000000000000000000e+00
6.770833333333333565e-03,8.854166666666666435e-03,1.378099932472347418e-03,1.000000000000000000e+00
6.979166666666667372e-03,8.854166666666666435e-03,1.387515529569215708e-03,1.000000000000000000e+00
7.187500000000000312e-03,8.854166666666666435e-03,1.391279990378738261e-03,1.000000000000000000e+00
7.395833333333334120e-03,8.854166666666666435e-03,1.387851837478791019e-03,1.000000000000000000e+00
7.604166666666667060e-03,8.854166666666666435e-03,1.375686971701927785e-03,1.000000000000000000e+00
7.812500000000000000e-03,8.854166666666666435e-03,1.353231237917699309e-03,1.000000000000000000e+00
8.020833333333334675e-03,8.854166666666666435e-03,1.318901656416888220e-03,1.000000000000000000e+00
8.229166666666667615e-03,8.854166666666666435e-03,1.271056181523128135e-03,1.000000000000000000e+00
8.437500000000000555e-03,8.854166666666666435e-03,1.207951711263480698e-03,1.000000000000000000e+00
8.645833333333333495e-03,8.854166666666666435e-03,1.127689812073648856e-03,1.000000000000000000e+00
8.854166666666666435e-03,8.854166666666666435e-03,1.028149592264243194e-03,1.000000000000000000e+00
9.062500000000001110e-03,8.854166666666666435e-03,9.069079835659485042e-04,1.000000000000000000e+00
9.270833333333334050e-03,8.854166666666666435e-03,7.611504755790021119e-04,1.000000000000000000e+00
9.479166666666666990e-03,8.854166666666666435e-03,5.875818502226724284e-04,1.000000000000000000e+00
9.687499999999999931e-03,8.854166666666666435e-03,3.823587289079010115e-04,1.000000000000000000e+00
9.895833333333334605e-03,8.854166666666666435e-03,1.410837741409573835e-04,1.000000000000000000e+00
1.041666666666666734e-04,9.062500000000001110e-03,1.278428309029761164e-04,1.000000000000000000e+00
3.125000000000000065e-04,9.062500000000001110e-03,3.432287659975176409e-04,1.000000000000000000e+00
5.208333333333333261e-04,9.062500000000001110e-03,5.241686561247178031e-04,1.000000000000000000e+00
7.291666666666666999e-04,9.062500000000001110e-03,6.757451158296610234e-04,1.000000000000000000e+00
9.375000000000000737e-04,9.062500000000001110e-03,8.021772441422498744e-04,1.000000000000000000e+00
1.145833333333333339e-03,9.062500000000001110e-03,9.069079835659493716e-04,1.000000000000000000e+00
1.354166666666666713e-03,9.062500000000001110e-03,9.927518445005225137e-04,1.000000000000000000e+00
1.562500000000000087e-03,9.062500000000001110e-03,1.062042629664763059e-03,1.000000000000000000e+00
1.770833333333333461e-03,9.062500000000001110e-03,1.116759345796065764e-03,1.000000000000000000e+00
1.979166666666666834e-03,9.062500000000001110e-03,1.158626518888349229e-03,1.000000000000000000e+00
2.187500000000000208e-03,9.062500000000001110e-03,1.189191588237191628e-03,1.000000000000000000e+00
2.395833333333333582e-03,9.062500000000001110e-03,1.209883373122460368e-03,1.000000000000000000e+00
2.604166666666666956e-03,9.062500000000001110e-03,1.222055069467825042e-03,1.000000000000000000e+00
2.812500000000000330e-03,9.062500000000001110e-03,1.227014267049456563e-03,1.000000000000000000e+00
3.020833333333333703e-03,9.062500000000001110e-03,1.226041631397789718e-03,1.000000000000000000e+00
3.229166666666667077e-03,9.062500000000001110e-03,1.220399354545227428e-03,1.000000000000000000e+00
3.437500000000000017e-03,9.062500000000001110e-03,1.211330275992910646e-03,1.000000000000000000e+00
3.645833333333333391e-03,9.062500000000001110e-03,1.200048642748464912e-03,1.000000000000000000e+00
3.854166666666666765e-03,9.062500000000001110e-03,1.187723650894187844e-03,1.000000000000000000e+00
4.062500000000000139e-03,9.062500000000001110e-03,1.175456949614223697e-03,1.000000000000000000e+00
4.270833333333333946e-03,9.062500000000001110e-03,1.164254991377296645e-03,1.000000000000000000e+00
4.479166666666666886e-03,9.062500000000001110e-03,1.154996573641426175e-03,1.000000000000000000e+00
4.687500000000000694e-03,9.062500000000001110e-03,1.148395786754348273e-03,1.000000000000000000e+00
4.895833333333333634e-03,9.062500000000001110e-03,1.144961957787265627e-03,1.000000000000000000e+00
5.104166666666666574e-03,9.062500000000001110e-03,1.144961957787265627e-03,1.000000000000000000e+00
5.312500000000000382e-03,9.062500000000001110e-03,1.148395786754348490e-03,1.000000000000000000e+00
5.520833333333333322e-03,9.062500000000001110e-03,1.154996573641425958e-03,1.000000000000000000e+00
5.729166666666667129e-03,9.062500000000001110e-03,1.164254991377295777e-03,1.000000000000000000e+00
5.937500000000000069e-03,9.062500000000001110e-03,1.175456949614223263e-03,1.000000000000000000e+00
6.145833333333333877e-03,9.062500000000001110e-03,1.187723650894187844e-03,1.000000000000000000e+00
6.354166666666666817e-03,9.062500000000001110e-03,1.200048642748464695e-03,1.000000000000000000e+00
6.562500000000000625e-03,9.062500000000001110e-03,1.211330275992910429e-03,1.000000000000000000e+00
6.770833333333333565e-03,9.062500000000001110e-03,1.220399354545227428e-03,1.000000000000000000e+00
6.979166666666667372e-03,9.062500000000001110e-03,1.226041631397789284e-03,1.000000000000000000e+00
7.187500000000000312e-03,9.062500000000001110e-03,1.227014267049455912e-03,1.000000000000000000e+00
7.395833333333334120e-03,9.062500000000001110e-03,1.222055069467824391e-03,1.000000000000000000e+00
7.604166666666667060e-03,9.062500000000001110e-03,1.209883373122460368e-03,1.000000000000000000e+00
7.812500000000000000e-03,9.062500000000001110e-03,1.189191588237190978e-03,1.000000000000000000e+00
8.020833333333334675e-03,9.062500000000001110e-03,1.158626518888349012e-03,1.000000000000000000e+00
8.229166666666667615e-03,9.062500000000001110e-03,1.116759345796065764e-03,1.000000000000000000e+00
8.437500000000000555e-03,9.062500000000001110e-03,1.062042629664762842e-03,1.000000000000000000e+00
8.645833333333333495e-03,9.062500000000001110e-03,9.927518445005218631e-04,1.000000000000000000e+00
8.854166666666666435e-03,9.062500000000001110e-03,9.069079835659482874e-04,1.000000000000000000e+00
9.062500000000001110e-03,9.062500000000001110e-03,8.021772441422488987e-04,1.000000000000000000e+00
9.270833333333334050e-03,9.062500000000001110e-03,6.757451158296601560e-04,1.000000000000000000e+00
9.479166666666666990e-03,9.062500000000001110e-03,5.241686561247170442e-04,1.000000000000000000e+00
9.687499999999999931e-03,9.062500000000001110e-03,3.432287659975172614e-04,1.000000000000000000e+00
9.895833333333334605e-03,9.062500000000001110e-03,1.278428309029759537e-04,1.000000000000000000e+00
1.041666666666666734e-04,9.270833333333334050e-03,1.114988365986276087e-04,1.000000000000000000e+00
3.125000000000000065e-04,9.270833333333334050e-03,2.951420702766973042e-04,1.000000000000000000e+00
5.208333333333333261e-04,9.270833333333334050e-03,4.467161146712415746e-04,1.000000000000000000e+00
7.291666666666666999e-04,9.270833333333334050e-03,5.720813096948957049e-04,1.000000000000000000e+00
9.375000000000000737e-04,9.270833333333334050e-03,6.757451158296610234e-04,1.000000000000000000e+00
1.145833333333333339e-03,9.270833333333334050e-03,7.611504755790028708e-04,1.000000000000000000e+00
1.354166666666666713e-03,9.270833333333334050e-03,8.309641749199501689e-04,1.000000000000000000e+00
1.562500000000000087e-03,9.270833333333334050e-03,8.873048393212058533e-04,1.000000000000000000e+00
1.770833333333333461e-03,9.270833333333334050e-03,9.319092753302447938e-04,1.000000000000000000e+00
1.979166666666666834e-03,9.270833333333334050e-03,9.662507073254735694e-04,1.000000000000000000e+00
2.187500000000000208e-03,9.270833333333334050e-03,9.916224452424780324e-04,1.000000000000000000e+00
2.395833333333333582e-03,9.270833333333334050e-03,1.009197085305120044e-03,1.000000000000000000e+00
2.604166666666666956e-03,9.270833333333334050e-03,1.020068022442814160e-03,1.000000000000000000e+00
2.812500000000000330e-03,9.270833333333334050e-03,1.025277599175694523e-03,1.000000000000000000e+00
3.020833333333333703e-03,9.270833333333334050e-03,1.025834596649480897e-03,1.000000000000000000e+00
3.229166666666667077e-03,9.270833333333334050e-03,1.022722800540084524e-03,1.000000000000000000e+00
3.437500000000000017e-03,9.270833333333334050e-03,1.016901866200406717e-03,1.000000000000000000e+00
3.645833333333333391e-03,9.270833333333334050e-03,1.009301502283823683e-03,1.000000000000000000e+00
3.854166666666666765e-03,9.270833333333334050e-03,1.000809934001229947e-03,1.000000000000000000e+00
4.062500000000000139e-03,9.270833333333334050e-03,9.922575540610059208e-04,1.000000000000000000e+00
4.270833333333333946e-03,9.270833333333334050e-03,9.843965514721750125e-04,1.000000000000000000e+00
4.479166666666666886e-03,9.270833333333334050e-03,9.778772249715524979e-04,1.000000000000000000e+00
4.687500000000000694e-03,9.270833333333334050e-03,9.732219577277298299e-04,1.000000000000000000e+00
4.895833333333333634e-03,9.270833333333334050e-03,9.707988506794412069e-04,1.000000000000000000e+00
5.104166666666666574e-03,9.270833333333334050e-03,9.707988506794412069e-04,1.000000000000000000e+00
5.312500000000000382e-03,9.270833333333334050e-03,9.732219577277296130e-04,1.000000000000000000e+00
5.520833333333333322e-03,9.270833333333334050e-03,9.778772249715520642e-04,1.000000000000000000e+00
5.729166666666667129e-03,9.270833333333334050e-03,9.843965514721750125e-04,1.000000000000000000e+00
5.937500000000000069e-03,9.270833333333334050e-03,9.922575540610061376e-04,1.000000000000000000e+00
6.145833333333333877e-03,9.270833333333334050e-03,1.000809934001230164e-03,1.000000000000000000e+00
6.354166666666666817e-03,9.270833333333334050e-03,1.009301502283823466e-03,1.000000000000000000e+00
6.562500000000000625e-03,9.270833333333334050e-03,1.016901866200406283e-03,1.000000000000000000e+00
6.770833333333333565e-03,9.270833333333334050e-03,1.022722800540084524e-03,1.000000000000000000e+00
6.979166666666667372e-03,9.270833333333334050e-03,1.025834596649480464e-03,1.000000000000000000e+00
7.187500000000000312e-03,9.270833333333334050e-03,1.025277599175694089e-03,1.000000000000000000e+00
7.395833333333334120e-03,9.270833333333334050e-03,1.020068022442813726e-03,1.000000000000000000e+00
7.604166666666667060e-03,9.270833333333334050e-03,1.009197085305119611e-03,1.000000000000000000e+00
7.812500000000000000e-03,9.270833333333334050e-03,9.916224452424778155e-04,1.000000000000000000e+00
8.020833333333334675e-03,9.270833333333334050e-03,9.662507073254733526e-04,1.000000000000000000e+00
8.229166666666667615e-03,9.270833333333334050e-03,9.319092753302443601e-04,1.000000000000000000e+00
8.437500000000000555e-03,9.270833333333334050e-03,8.873048393212052028e-04,1.000000000000000000e+00
8.645833333333333495e-03,9.270833333333334050e-03,8.309641749199496268e-04,1.000000000000000000e+00
8.854166666666666435e-03,9.270833333333334050e-03,7.611504755790022203e-04,1.000000000000000000e+00
9.062500000000001110e-03,9.270833333333334050e-03,6.757451158296600476e-04,1.000000000000000000e+00
9.270833333333334050e-03,9.270833333333334050e-03,5.720813096948950544e-04,1.000000000000000000e+00
9.479166666666666990e-03,9.270833333333334050e-03,4.467161146712410867e-04,1.000000000000000000e+00
9.687499999999999931e-03,9.270833333333334050e-03,2.951420702766969790e-04,1.000000000000000000e+00
9.895833333333334605e-03,9.270833333333334050e-03,1.114988365986275003e-04,1.000000000000000000e+00
1.041666666666666734e-04,9.479166666666666990e-03,9.110650403568682301e-05,1.000000000000000000e+00
3.125000000000000065e-04,9.479166666666666990e-03,2.357217860616245254e-04,1.000000000000000000e+00
5.208333333333333261e-04,9.479166666666666990e-03,3.520696448108774287e-04,1.000000000000000000e+00
7.291666666666666999e-04,9.479166666666666990e-03,4.467161146712413577e-04,1.000000000000000000e+00
9.375000000000000737e-04,9.479166666666666990e-03,5.241686561247175863e-04,1.000000000000000000e+00
1.145833333333333339e-03,9.479166666666666990e-03,5.875818502226728621e-04,1.000000000000000000e+00
1.354166666666666713e-03,9.479166666666666990e-03,6.392467625012919225e-04,1.000000000000000000e+00
1.562500000000000087e-03,9.479166666666666990e-03,6.809004995920867921e-04,1.000000000000000000e+00
1.770833333333333461e-03,9.479166666666666990e-03,7.139194311004560395e-04,1.000000000000000000e+00
1.979166666666666834e-03,9.479166666666666990e-03,7.394418120630448163e-04,1.000000000000000000e+00
2.187500000000000208e-03,9.479166666666666990e-03,7.584476223243493721e-04,1.000000000000000000e+00
2.395833333333333582e-03,9.479166666666666990e-03,7.718117226349489098e-04,1.000000000000000000e+00
2.604166666666666956e-03,9.479166666666666990e-03,7.803395580448396242e-04,1.000000000000000000e+00
2.812500000000000330e-03,9.479166666666666990e-03,7.847907327832485220e-04,1.000000000000000000e+00
3.020833333333333703e-03,9.479166666666666990e-03,7.858935777065765519e-04,1.000000000000000000e+00
3.229166666666667077e-03,9.479166666666666990e-03,7.843526069874454283e-04,1.000000000000000000e+00
3.437500000000000017e-03,9.479166666666666990e-03,7.808501082070299585e-04,1.000000000000000000e+00
3.645833333333333391e-03,9.479166666666666990e-03,7.760427884074157494e-04,1.000000000000000000e+00
3.854166666666666765e-03,9.479166666666666990e-03,7.705542509881251490e-04,1.000000000000000000e+00
4.062500000000000139e-03,9.479166666666666990e-03,7.649640033786180536e-04,1.000000000000000000e+00
4.270833333333333946e-03,9.479166666666666990e-03,7.597936577010674713e-04,1.000000000000000000e+00
4.479166666666666886e-03,9.479166666666666990e-03,7.554910392671009174e-04,1.000000000000000000e+00
4.687500000000000694e-03,9.479166666666666990e-03,7.524131907277991759e-04,1.000000000000000000e+00
4.895833333333333634e-03,9.479166666666666990e-03,7.508098587455506491e-04,1.000000000000000000e+00
5.104166666666666574e-03,9.479166666666666990e-03,7.508098587455505407e-04,1.000000000000000000e+00
5.312500000000000382e-03,9.479166666666666990e-03,7.524131907277989591e-04,1.000000000000000000e+00
5.520833333333333322e-03,9.479166666666666990e-03,7.554910392671004837e-04,1.000000000000000000e+00
5.729166666666667129e-03,9.479166666666666990e-03,7.597936577010673629e-04,1.000000000000000000e+00
5.937500000000000069e-03,9.479166666666666990e-03,7.649640033786180536e-04,1.000000000000000000e+00
6.145833333333333877e-03,9.479166666666666990e-03,7.705542509881251490e-04,1.000000000000000000e+00
6.354166666666666817e-03,9.479166666666666990e-03,7.760427884074157494e-04,1.000000000000000000e+00
6.562500000000000625e-03,9.479166666666666990e-03,7.808501082070297417e-04,1.000000000000000000e+00
6.770833333333333565e-03,9.479166666666666990e-03,7.843526069874452115e-04,1.000000000000000000e+00
6.979166666666667372e-03,9.479166666666666990e-03,7.858935777065761182e-04,1.000000000000000000e+00
7.187500000000000312e-03,9.479166666666666990e-03,7.847907327832479799e-04,1.000000000000000000e+00
7.395833333333334120e-03,9.479166666666666990e-03,7.803395580448390821e-04,1.000000000000000000e+00
7.604166666666667060e-03,9.479166666666666990e-03,7.718117226349484761e-04,1.000000000000000000e+00
7.812500000000000000e-03,9.479166666666666990e-03,7.584476223243489384e-04,1.000000000000000000e+00
8.020833333333334675e-03,9.479166666666666990e-03,7.394418120630445995e-04,1.000000000000000000e+00
8.229166666666667615e-03,9.479166666666666990e-03,7.139194311004556058e-04,1.000000000000000000e+00
8.437500000000000555e-03,9.479166666666666990e-03,6.809004995920862500e-04,1.000000000000000000e+00
8.645833333333333495e-03,9.479166666666666990e-03,6.392467625012912720e-04,1.000000000000000000e+00
8.854166666666666435e-03,9.479166666666666990e-03,5.875818502226723200e-04,1.000000000000000000e+00
9.062500000000001110e-03,9.479166666666666990e-03,5.241686561247170442e-04,1.000000000000000000e+00
9.270833333333334050e-03,9.479166666666666990e-03,4.467161146712409240e-04,1.000000000000000000e+00
9.479166666666666990e-03,9.479166666666666990e-03,3.520696448108771577e-04,1.000000000000000000e+00
9.687499999999999931e-03,9.479166666666666990e-03,2.357217860616243356e-04,1.000000000000000000e+00
9.895833333333334605e-03,9.479166666666666990e-03,9.110650403568675525e-05,1.000000000000000000e+00
1.041666666666666734e-04,9.687499999999999931e-03,6.490911974040422191e-05,1.000000000000000000e+00
3.125000000000000065e-04,9.687499999999999931e-03,1.611661473454587999e-04,1.000000000000000000e+00
5.208333333333333261e-04,9.687499999999999931e-03,2.357217860616244711e-04,1.000000000000000000e+00
7.291666666666666999e-04,9.687499999999999931e-03,2.951420702766970874e-04,1.000000000000000000e+00
9.375000000000000737e-04,9.687499999999999931e-03,3.432287659975173698e-04,1.000000000000000000e+00
1.145833333333333339e-03,9.687499999999999931e-03,3.823587289079011741e-04,1.000000000000000000e+00
1.354166666666666713e-03,9.687499999999999931e-03,4.141377474926797014e-04,1.000000000000000000e+00
1.562500000000000087e-03,9.687499999999999931e-03,4.397281876676151875e-04,1.000000000000000000e+00
1.770833333333333461e-03,9.687499999999999931e-03,4.600233596386699153e-04,1.000000000000000000e+00
1.979166666666666834e-03,9.687499999999999931e-03,4.757467097241220642e-04,1.000000000000000000e+00
2.187500000000000208e-03,9.687499999999999931e-03,4.875117315791478354e-04,1.000000000000000000e+00
2.395833333333333582e-03,9.687499999999999931e-03,4.958598470877089749e-04,1.000000000000000000e+00
2.604166666666666956e-03,9.687499999999999931e-03,5.012849765405684140e-04,1.000000000000000000e+00
2.812500000000000330e-03,9.687499999999999931e-03,5.042494184281053320e-04,1.000000000000000000e+00
3.020833333333333703e-03,9.687499999999999931e-03,5.051935966283533025e-04,1.000000000000000000e+00
3.229166666666667077e-03,9.687499999999999931e-03,5.045411637183126220e-04,1.000000000000000000e+00
3.437500000000000017e-03,9.687499999999999931e-03,5.027003934550742072e-04,1.000000000000000000e+00
3.645833333333333391e-03,9.687499999999999931e-03,5.000625143729061500e-04,1.000000000000000000e+00
3.854166666666666765e-03,9.687499999999999931e-03,4.969975003874594396e-04,1.000000000000000000e+00
4.062500000000000139e-03,9.687499999999999931e-03,4.938477729864959413e-04,1.000000000000000000e+00
4.270833333333333946e-03,9.687499999999999931e-03,4.909202589085980614e-04,1.000000000000000000e+00
4.479166666666666886e-03,9.687499999999999931e-03,4.884773058902066841e-04,1.000000000000000000e+00
4.687500000000000694e-03,9.687499999999999931e-03,4.867271293930375753e-04,1.000000000000000000e+00
4.895833333333333634e-03,9.687499999999999931e-03,4.858147570516339409e-04,1.000000000000000000e+00
5.104166666666666574e-03,9.687499999999999931e-03,4.858147570516337240e-04,1.000000000000000000e+00
5.312500000000000382e-03,9.687499999999999931e-03,4.867271293930373584e-04,1.000000000000000000e+00
5.520833333333333322e-03,9.687499999999999931e-03,4.884773058902063588e-04,1.000000000000000000e+00
5.729166666666667129e-03,9.687499999999999931e-03,4.909202589085976277e-04,1.000000000000000000e+00
5.937500000000000069e-03,9.687499999999999931e-03,4.938477729864957245e-04,1.000000000000000000e+00
6.145833333333333877e-03,9.687499999999999931e-03,4.969975003874593312e-04,1.000000000000000000e+00
6.354166666666666817e-03,9.687499999999999931e-03,5.000625143729060416e-04,1.000000000000000000e+00
6.562500000000000625e-03,9.687499999999999931e-03,5.027003934550740988e-04,1.000000000000000000e+00
6.770833333333333565e-03,9.687499999999999931e-03,5.045411637183125136e-04,1.000000000000000000e+00
6.979166666666667372e-03,9.687499999999999931e-03,5.051935966283531941e-04,1.000000000000000000e+00
7.187500000000000312e-03,9.687499999999999931e-03,5.042494184281051152e-04,1.000000000000000000e+00
7.395833333333334120e-03,9.687499999999999931e-03,5.012849765405681971e-04,1.000000000000000000e+00
7.604166666666667060e-03,9.687499999999999931e-03,4.958598470877086497e-04,1.000000000000000000e+00
7.812500000000000000e-03,9.687499999999999931e-03,4.875117315791476186e-04,1.000000000000000000e+00
8.020833333333334675e-03,9.687499999999999931e-03,4.757467097241221184e-04,1.000000000000000000e+00
8.229166666666667615e-03,9.687499999999999931e-03,4.600233596386699153e-04,1.000000000000000000e+00
8.437500000000000555e-03,9.687499999999999931e-03,4.397281876676149706e-04,1.000000000000000000e+00
8.645833333333333495e-03,9.687499999999999931e-03,4.141377474926793219e-04,1.000000000000000000e+00
8.854166666666666435e-03,9.687499999999999931e-03,3.823587289079011199e-04,1.000000000000000000e+00
9.062500000000001110e-03,9.687499999999999931e-03,3.432287659975172614e-04,1.000000000000000000e+00
9.270833333333334050e-03,9.687499999999999931e-03,2.951420702766969248e-04,1.000000000000000000e+00
9.479166666666666990e-03,9.687499999999999931e-03,2.357217860616243356e-04,1.000000000000000000e+00
9.687499999999999931e-03,9.687499999999999931e-03,1.611661473454587185e-04,1.000000000000000000e+00
9.895833333333334605e-03,9.687499999999999931e-03,6.490911974040418126e-05,1.000000000000000000e+00
1.041666666666666734e-04,9.895833333333334605e-03,2.887016954309770049e-05,1.000000000000000000e+00
3.125000000000000065e-04,9.895833333333334605e-03,6.490911974040420836e-05,1.000000000000000000e+00
5.208333333333333261e-04,9.895833333333334605e-03,9.110650403568678235e-05,1.000000000000000000e+00
7.291666666666666999e-04,9.895833333333334605e-03,1.114988365986275274e-04,1.000000000000000000e+00
9.375000000000000737e-04,9.895833333333334605e-03,1.278428309029760622e-04,1.000000000000000000e+00
1.145833333333333339e-03,9.895833333333334605e-03,1.410837741409575190e-04,1.000000000000000000e+00
1.354166666666666713e-03,9.895833333333334605e-03,1.518145331161323557e-04,1.000000000000000000e+00
1.562500000000000087e-03,9.895833333333334605e-03,1.604483661692467718e-04,1.000000000000000000e+00
1.770833333333333461e-03,9.895833333333334605e-03,1.672963322847085567e-04,1.000000000000000000e+00
1.979166666666666834e-03,9.895833333333334605e-03,1.726071578378483374e-04,1.000000000000000000e+00
2.187500000000000208e-03,9.895833333333334605e-03,1.765899694026332796e-04,1.000000000000000000e+00
2.395833333333333582e-03,9.895833333333334605e-03,1.794281798183924935e-04,1.000000000000000000e+00
2.604166666666666956e-03,9.895833333333334605e-03,1.812883048238423994e-04,1.000000000000000000e+00
2.812500000000000330e-03,9.895833333333334605e-03,1.823255899824733034e-04,1.000000000000000000e+00
3.020833333333333703e-03,9.895833333333334605e-03,1.826874488826409992e-04,1.000000000000000000e+00
3.229166666666667077e-03,9.895833333333334605e-03,1.825152800246003060e-04,1.000000000000000000e+00
3.437500000000000017e-03,9.895833333333334605e-03,1.819450097442699326e-04,1.000000000000000000e+00
3.645833333333333391e-03,9.895833333333334605e-03,1.811065974638973364e-04,1.000000000000000000e+00
3.854166666666666765e-03,9.895833333333334605e-03,1.801226854245329214e-04,1.000000000000000000e+00
4.062500000000000139e-03,9.895833333333334605e-03,1.791065514935300451e-04,1.000000000000000000e+00
4.270833333333333946e-03,9.895833333333334605e-03,1.781595212788435493e-04,1.000000000000000000e+00
4.479166666666666886e-03,9.895833333333334605e-03,1.773680182143121521e-04,1.000000000000000000e+00
4.687500000000000694e-03,9.895833333333334605e-03,1.768004861247326868e-04,1.000000000000000000e+00
4.895833333333333634e-03,9.895833333333334605e-03,1.765045052385360832e-04,1.000000000000000000e+00
5.104166666666666574e-03,9.895833333333334605e-03,1.765045052385360289e-04,1.000000000000000000e+00
5.312500000000000382e-03,9.895833333333334605e-03,1.768004861247326326e-04,1.000000000000000000e+00
5.520833333333333322e-03,9.895833333333334605e-03,1.773680182143120708e-04,1.000000000000000000e+00
5.729166666666667129e-03,9.895833333333334605e-03,1.781595212788434680e-04,1.000000000000000000e+00
5.937500000000000069e-03,9.895833333333334605e-03,1.791065514935299638e-04,1.000000000000000000e+00
6.145833333333333877e-03,9.895833333333334605e-03,1.801226854245328130e-04,1.000000000000000000e+00
6.354166666666666817e-03,9.895833333333334605e-03,1.811065974638973364e-04,1.000000000000000000e+00
6.562500000000000625e-03,9.895833333333334605e-03,1.819450097442699055e-04,1.000000000000000000e+00
6.770833333333333565e-03,9.895833333333334605e-03,1.825152800246002246e-04,1.000000000000000000e+00
6.979166666666667372e-03,9.895833333333334605e-03,1.826874488826408637e-04,1.000000000000000000e+00
7.187500000000000312e-03,9.895833333333334605e-03,1.823255899824731679e-04,1.000000000000000000e+00
7.395833333333334120e-03,9.895833333333334605e-03,1.812883048238422910e-04,1.000000000000000000e+00
7.604166666666667060e-03,9.895833333333334605e-03,1.794281798183924121e-04,1.000000000000000000e+00
7.812500000000000000e-03,9.895833333333334605e-03,1.765899694026331983e-04,1.000000000000000000e+00
8.020833333333334675e-03,9.895833333333334605e-03,1.726071578378483103e-04,1.000000000000000000e+00
8.229166666666667615e-03,9.895833333333334605e-03,1.672963322847085296e-04,1.000000000000000000e+00
8.437500000000000555e-03,9.895833333333334605e-03,1.604483661692467447e-04,1.000000000000000000e+00
8.645833333333333495e-03,9.895833333333334605e-03,1.518145331161322473e-04,1.000000000000000000e+00
8.854166666666666435e-03,9.895833333333334605e-03,1.410837741409574377e-04,1.000000000000000000e+00
9.062500000000001110e-03,9.895833333333334605e-03,1.278428309029760080e-04,1.000000000000000000e+00
9.270833333333334050e-03,9.895833333333334605e-03,1.114988365986274732e-04,1.000000000000000000e+00
9.479166666666666990e-03,9.895833333333334605e-03,9.110650403568675525e-05,1.000000000000000000e+00
9.687499999999999931e-03,9.895833333333334605e-03,6.490911974040418126e-05,1.000000000000000000e+00
9.895833333333334605e-03,9.895833333333334605e-03,2.887016954309769032e-05,1.000000000000000000e+00
