x_m,y_m,velocity_m_s,fluid_mask
7.812500000000000163e-05,7.812500000000000163e-05,1.732648760499182769e-05,1.000000000000000000e+00
2.343749999999999913e-04,7.812500000000000163e-05,3.977243156497548579e-05,1.000000000000000000e+00
3.906250000000000217e-04,7.812500000000000163e-05,5.668231648581149970e-05,1.000000000000000000e+00
5.468750000000000520e-04,7.812500000000000163e-05,7.032596871090934147e-05,1.000000000000000000e+00
7.031249999999999740e-04,7.812500000000000163e-05,8.168993618030975725e-05,1.000000000000000000e+00
8.593750000000000043e-04,7.812500000000000163e-05,9.130309610660724054e-05,1.000000000000000000e+00
1.015625000000000035e-03,7.812500000000000163e-05,9.949450102823470857e-05,1.000000000000000000e+00
1.171874999999999957e-03,7.812500000000000163e-05,1.064902581915339405e-04,1.000000000000000000e+00
1.328125000000000095e-03,7.812500000000000163e-05,1.124567765177421786e-04,1.000000000000000000e+00
1.484375000000000017e-03,7.812500000000000163e-05,1.175229475127695833e-04,1.000000000000000000e+00
1.640624999999999939e-03,7.812500000000000163e-05,1.217927654124776097e-04,1.000000000000000000e+00
1.796875000000000078e-03,7.812500000000000163e-05,1.253530786398976307e-04,1.000000000000000000e+00
1.953125000000000000e-03,7.812500000000000163e-05,1.282786309746514143e-04,1.000000000000000000e+00
2.109375000000000139e-03,7.812500000000000163e-05,1.306354835205617633e-04,1.000000000000000000e+00
2.265624999999999844e-03,7.812500000000000163e-05,1.324834102171172721e-04,1.000000000000000000e+00
2.421874999999999983e-03,7.812500000000000163e-05,1.338776071079202166e-04,1.000000000000000000e+00
2.578125000000000121e-03,7.812500000000000163e-05,1.348699190873384613e-04,1.000000000000000000e+00
2.734375000000000260e-03,7.812500000000000163e-05,1.355097102863322663e-04,1.000000000000000000e+00
2.890624999999999965e-03,7.812500000000000163e-05,1.358444585380398227e-04,1.000000000000000000e+00
3.046875000000000104e-03,7.812500000000000163e-05,1.359201268117161976e-04,1.000000000000000000e+00
3.203125000000000243e-03,7.812500000000000163e-05,1.357813478489959113e-04,1.000000000000000000e+00
3.359374999999999948e-03,7.812500000000000163e-05,1.354714484271153099e-04,1.000000000000000000e+00
3.515625000000000087e-03,7.812500000000000163e-05,1.350323343502676235e-04,1.000000000000000000e+00
3.671875000000000226e-03,7.812500000000000163e-05,1.345042549957816498e-04,1.000000000000000000e+00
3.828124999999999931e-03,7.812500000000000163e-05,1.339254660908804255e-04,1.000000000000000000e+00
3.984375000000000069e-03,7.812500000000000163e-05,1.333318107175253538e-04,1.000000000000000000e+00
4.140625000000000208e-03,7.812500000000000163e-05,1.327562408118772893e-04,1.000000000000000000e+00
4.296875000000000347e-03,7.812500000000000163e-05,1.322283041423622776e-04,1.000000000000000000e+00
4.453125000000000486e-03,7.812500000000000163e-05,1.317736243787414046e-04,1.000000000000000000e+00
4.609374999999999757e-03,7.812500000000000163e-05,1.314134037910545314e-04,1.000000000000000000e+00
4.765624999999999896e-03,7.812500000000000163e-05,1.311639786593195496e-04,1.000000000000000000e+00
4.921875000000000035e-03,7.812500000000000163e-05,1.310364559693153212e-04,1.000000000000000000e+00
5.078125000000000173e-03,7.812500000000000163e-05,1.310364559693152941e-04,1.000000000000000000e+00
5.234375000000000312e-03,7.812500000000000163e-05,1.311639786593196038e-04,1.000000000000000000e+00
5.390625000000000451e-03,7.812500000000000163e-05,1.314134037910545585e-04,1.000000000000000000e+00
5.546874999999999722e-03,7.812500000000000163e-05,1.317736243787413775e-04,1.000000000000000000e+00
5.703124999999999861e-03,7.812500000000000163e-05,1.322283041423622505e-04,1.000000000000000000e+00
5.859375000000000000e-03,7.812500000000000163e-05,1.327562408118771267e-04,1.000000000000000000e+00
6.015625000000000139e-03,7.812500000000000163e-05,1.333318107175252183e-04,1.000000000000000000e+00
6.171875000000000278e-03,7.812500000000000163e-05,1.339254660908802358e-04,1.000000000000000000e+00
6.328125000000000416e-03,7.812500000000000163e-05,1.345042549957815414e-04,1.000000000000000000e+00
6.484375000000000555e-03,7.812500000000000163e-05,1.350323343502675692e-04,1.000000000000000000e+00
6.640624999999999827e-03,7.812500000000000163e-05,1.354714484271151743e-04,1.000000000000000000e+00
6.796874999999999965e-03,7.812500000000000163e-05,1.357813478489957757e-04,1.000000000000000000e+00
6.953125000000000104e-03,7.812500000000000163e-05,1.359201268117160078e-04,1.000000000000000000e+00
7.109375000000000243e-03,7.812500000000000163e-05,1.358444585380396330e-04,1.000000000000000000e+00
7.265625000000000382e-03,7.812500000000000163e-05,1.355097102863321037e-04,1.000000000000000000e+00
7.421875000000000520e-03,7.812500000000000163e-05,1.348699190873382174e-04,1.000000000000000000e+00
7.578124999999999792e-03,7.812500000000000163e-05,1.338776071079199998e-04,1.000000000000000000e+00
7.734374999999999931e-03,7.812500000000000163e-05,1.324834102171169468e-04,1.000000000000000000e+00
7.890625000000000069e-03,7.812500000000000163e-05,1.306354835205613839e-04,1.000000000000000000e+00
8.046875000000000208e-03,7.812500000000000163e-05,1.282786309746511433e-04,1.000000000000000000e+00
8.203125000000000347e-03,7.812500000000000163e-05,1.253530786398973054e-04,1.000000000000000000e+00
8.359375000000000486e-03,7.812500000000000163e-05,1.217927654124772844e-04,1.000000000000000000e+00
8.515625000000000625e-03,7.812500000000000163e-05,1.175229475127692309e-04,1.000000000000000000e+00
8.671875000000000763e-03,7.812500000000000163e-05,1.124567765177418533e-04,1.000000000000000000e+00
8.828125000000000902e-03,7.812500000000000163e-05,1.064902581915336830e-04,1.000000000000000000e+00
8.984375000000001041e-03,7.812500000000000163e-05,9.949450102823449173e-05,1.000000000000000000e+00
9.140624999999999445e-03,7.812500000000000163e-05,9.130309610660714567e-05,1.000000000000000000e+00
9.296874999999999584e-03,7.812500000000000163e-05,8.168993618030966238e-05,1.000000000000000000e+00
9.453124999999999722e-03,7.812500000000000163e-05,7.032596871090923305e-05,1.000000000000000000e+00
9.609374999999999861e-03,7.812500000000000163e-05,5.668231648581143194e-05,1.000000000000000000e+00
9.765625000000000000e-03,7.812500000000000163e-05,3.977243156497543836e-05,1.000000000000000000e+00
9.921875000000000139e-03,7.812500000000000163e-05,1.732648760499181075e-05,1.000000000000000000e+00
7.812500000000000163e-05,2.343749999999999913e-04,3.977243156497548579e-05,1.000000000000000000e+00
2.343749999999999913e-04,2.343749999999999913e-04,1.004392912340741070e-04,1.000000000000000000e+00
3.906250000000000217e-04,2.343749999999999913e-04,1.488991196531727309e-04,1.000000000000000000e+00
5.468750000000000520e-04,2.343749999999999913e-04,1.888435283884254152e-04,1.000000000000000000e+00
7.031249999999999740e-04,2.343749999999999913e-04,2.224065535840323723e-04,1.000000000000000000e+00
8.593750000000000043e-04,2.343749999999999913e-04,2.509169808244919998e-04,1.000000000000000000e+00
1.015625000000000035e-03,2.343749999999999913e-04,2.752650883430323944e-04,1.000000000000000000e+00
1.171874999999999957e-03,2.343749999999999913e-04,2.960859509116927800e-04,1.000000000000000000e+00
1.328125000000000095e-03,2.343749999999999913e-04,3.138566143844074424e-04,1.000000000000000000e+00
1.484375000000000017e-03,2.343749999999999913e-04,3.289511331336281066e-04,1.000000000000000000e+00
1.640624999999999939e-03,2.343749999999999913e-04,3.416737384097208669e-04,1.000000000000000000e+00
1.796875000000000078e-03,2.343749999999999913e-04,3.522799343123591350e-04,1.000000000000000000e+00
1.953125000000000000e-03,2.343749999999999913e-04,3.609905302127977642e-04,1.000000000000000000e+00
2.109375000000000139e-03,2.343749999999999913e-04,3.680013139110402441e-04,1.000000000000000000e+00
2.265624999999999844e-03,2.343749999999999913e-04,3.734898979571043588e-04,1.000000000000000000e+00
2.421874999999999983e-03,2.343749999999999913e-04,3.776206437351455449e-04,1.000000000000000000e+00
2.578125000000000121e-03,2.343749999999999913e-04,3.805482155424397750e-04,1.000000000000000000e+00
2.734375000000000260e-03,2.343749999999999913e-04,3.824201113062831612e-04,1.000000000000000000e+00
2.890624999999999965e-03,2.343749999999999913e-04,3.833783930921507094e-04,1.000000000000000000e+00
3.046875000000000104e-03,2.343749999999999913e-04,3.835607651715451779e-04,1.000000000000000000e+00
3.203125000000000243e-03,2.343749999999999913e-04,3.831011015061481085e-04,1.000000000000000000e+00
3.359374999999999948e-03,2.343749999999999913e-04,3.821294974363129929e-04,1.000000000000000000e+00
3.515625000000000087e-03,2.343749999999999913e-04,3.807719058284413528e-04,1.000000000000000000e+00
3.671875000000000226e-03,2.343749999999999913e-04,3.791494120377602597e-04,1.000000000000000000e+00
3.828124999999999931e-03,2.343749999999999913e-04,3.773772022410949397e-04,1.000000000000000000e+00
3.984375000000000069e-03,2.343749999999999913e-04,3.755632841848691953e-04,1.000000000000000000e+00
4.140625000000000208e-03,2.343749999999999913e-04,3.738070266994987121e-04,1.000000000000000000e+00
4.296875000000000347e-03,2.343749999999999913e-04,3.721975930211928081e-04,1.000000000000000000e+00
4.453125000000000486e-03,2.343749999999999913e-04,3.708123514602902735e-04,1.000000000000000000e+00
4.609374999999999757e-03,2.343749999999999913e-04,3.697153534172117895e-04,1.000000000000000000e+00
4.765624999999999896e-03,2.343749999999999913e-04,3.689559710362281175e-04,1.000000000000000000e+00
4.921875000000000035e-03,2.343749999999999913e-04,3.685677827179417135e-04,1.000000000000000000e+00
5.078125000000000173e-03,2.343749999999999913e-04,3.685677827179416051e-04,1.000000000000000000e+00
5.234375000000000312e-03,2.343749999999999913e-04,3.689559710362281175e-04,1.000000000000000000e+00
5.390625000000000451e-03,2.343749999999999913e-04,3.697153534172117895e-04,1.000000000000000000e+00
5.546874999999999722e-03,2.343749999999999913e-04,3.708123514602902192e-04,1.000000000000000000e+00
5.703124999999999861e-03,2.343749999999999913e-04,3.721975930211926997e-04,1.000000000000000000e+00
5.859375000000000000e-03,2.343749999999999913e-04,3.738070266994982785e-04,1.000000000000000000e+00
6.015625000000000139e-03,2.343749999999999913e-04,3.755632841848688700e-04,1.000000000000000000e+00
6.171875000000000278e-03,2.343749999999999913e-04,3.773772022410945060e-04,1.000000000000000000e+00
6.328125000000000416e-03,2.343749999999999913e-04,3.791494120377599344e-04,1.000000000000000000e+00
6.484375000000000555e-03,2.343749999999999913e-04,3.807719058284410275e-04,1.000000000000000000e+00
6.640624999999999827e-03,2.343749999999999913e-04,3.821294974363125593e-04,1.000000000000000000e+00
6.796874999999999965e-03,2.343749999999999913e-04,3.831011015061478375e-04,1.000000000000000000e+00
6.953125000000000104e-03,2.343749999999999913e-04,3.835607651715446358e-04,1.000000000000000000e+00
7.109375000000000243e-03,2.343749999999999913e-04,3.833783930921501673e-04,1.000000000000000000e+00
7.265625000000000382e-03,2.343749999999999913e-04,3.824201113062826191e-04,1.000000000000000000e+00
7.421875000000000520e-03,2.343749999999999913e-04,3.805482155424391244e-04,1.000000000000000000e+00
7.578124999999999792e-03,2.343749999999999913e-04,3.776206437351448402e-04,1.000000000000000000e+00
7.734374999999999931e-03,2.343749999999999913e-04,3.734898979571034373e-04,1.000000000000000000e+00
7.890625000000000069e-03,2.343749999999999913e-04,3.680013139110393226e-04,1.000000000000000000e+00
8.046875000000000208e-03,2.343749999999999913e-04,3.609905302127969511e-04,1.000000000000000000e+00
8.203125000000000347e-03,2.343749999999999913e-04,3.522799343123581592e-04,1.000000000000000000e+00
8.359375000000000486e-03,2.343749999999999913e-04,3.416737384097198911e-04,1.000000000000000000e+00
8.515625000000000625e-03,2.343749999999999913e-04,3.289511331336270766e-04,1.000000000000000000e+00
8.671875000000000763e-03,2.343749999999999913e-04,3.138566143844065208e-04,1.000000000000000000e+00
8.828125000000000902e-03,2.343749999999999913e-04,2.960859509116920210e-04,1.000000000000000000e+00
8.984375000000001041e-03,2.343749999999999913e-04,2.752650883430316896e-04,1.000000000000000000e+00
9.140624999999999445e-03,2.343749999999999913e-04,2.509169808244914035e-04,1.000000000000000000e+00
9.296874999999999584e-03,2.343749999999999913e-04,2.224065535840319657e-04,1.000000000000000000e+00
9.453124999999999722e-03,2.343749999999999913e-04,1.888435283884250628e-04,1.000000000000000000e+00
9.609374999999999861e-03,2.343749999999999913e-04,1.488991196531724869e-04,1.000000000000000000e+00
9.765625000000000000e-03,2.343749999999999913e-04,1.004392912340739579e-04,1.000000000000000000e+00
9.921875000000000139e-03,2.343749999999999913e-04,3.977243156497543158e-05,1.000000000000000000e+00
7.812500000000000163e-05,3.906250000000000217e-04,5.668231648581151326e-05,1.000000000000000000e+00
2.343749999999999913e-04,3.906250000000000217e-04,1.488991196531727309e-04,1.000000000000000000e+00
3.906250000000000217e-04,3.906250000000000217e-04,2.252172800043798935e-04,1.000000000000000000e+00
5.468750000000000520e-04,3.906250000000000217e-04,2.893284091055871267e-04,1.000000000000000000e+00
7.031249999999999740e-04,3.906250000000000217e-04,3.437617064429023764e-04,1.000000000000000000e+00
8.593750000000000043e-04,3.906250000000000217e-04,3.902791227642959026e-04,1.000000000000000000e+00
1.015625000000000035e-03,3.906250000000000217e-04,4.301488581077099861e-04,1.000000000000000000e+00
1.171874999999999957e-03,3.906250000000000217e-04,4.643177802277975784e-04,1.000000000000000000e+00
1.328125000000000095e-03,3.906250000000000217e-04,4.935185344745666829e-04,1.000000000000000000e+00
1.484375000000000017e-03,3.906250000000000217e-04,5.183371697276145662e-04,1.000000000000000000e+00
1.640624999999999939e-03,3.906250000000000217e-04,5.392570582804187031e-04,1.000000000000000000e+00
1.796875000000000078e-03,3.906250000000000217e-04,5.566883274870200937e-04,1.000000000000000000e+00
1.953125000000000000e-03,3.906250000000000217e-04,5.709881791531404857e-04,1.000000000000000000e+00
2.109375000000000139e-03,3.906250000000000217e-04,5.824752814536967704e-04,1.000000000000000000e+00
2.265624999999999844e-03,3.906250000000000217e-04,5.914401614651146506e-04,1.000000000000000000e+00
2.421874999999999983e-03,3.906250000000000217e-04,5.981527918331177533e-04,1.000000000000000000e+00
2.578125000000000121e-03,3.906250000000000217e-04,6.028681255409917752e-04,1.000000000000000000e+00
2.734375000000000260e-03,3.906250000000000217e-04,6.058300638042099810e-04,1.000000000000000000e+00
2.890624999999999965e-03,3.906250000000000217e-04,6.072741748527348167e-04,1.000000000000000000e+00
3.046875000000000104e-03,3.906250000000000217e-04,6.074293767761655390e-04,1.000000000000000000e+00
3.203125000000000243e-03,3.906250000000000217e-04,6.065187330677390080e-04,1.000000000000000000e+00
3.359374999999999948e-03,3.906250000000000217e-04,6.047594714835469350e-04,1.000000000000000000e+00
3.515625000000000087e-03,3.906250000000000217e-04,6.023623169894246759e-04,1.000000000000000000e+00
3.671875000000000226e-03,3.906250000000000217e-04,5.995302225857231018e-04,1.000000000000000000e+00
3.828124999999999931e-03,3.906250000000000217e-04,5.964565841508700193e-04,1.000000000000000000e+00
3.984375000000000069e-03,3.906250000000000217e-04,5.933230345813579436e-04,1.000000000000000000e+00
4.140625000000000208e-03,3.906250000000000217e-04,5.902969262800551817e-04,1.000000000000000000e+00
4.296875000000000347e-03,3.906250000000000217e-04,5.875286272826201915e-04,1.000000000000000000e+00
4.453125000000000486e-03,3.906250000000000217e-04,5.851487725240149887e-04,1.000000000000000000e+00
4.609374999999999757e-03,3.906250000000000217e-04,5.832656248812742410e-04,1.000000000000000000e+00
4.765624999999999896e-03,3.906250000000000217e-04,5.819627068504396126e-04,1.000000000000000000e+00
4.921875000000000035e-03,3.906250000000000217e-04,5.812968586482816259e-04,1.000000000000000000e+00
5.078125000000000173e-03,3.906250000000000217e-04,5.812968586482816259e-04,1.000000000000000000e+00
5.234375000000000312e-03,3.906250000000000217e-04,5.819627068504396126e-04,1.000000000000000000e+00
5.390625000000000451e-03,3.906250000000000217e-04,5.832656248812742410e-04,1.000000000000000000e+00
5.546874999999999722e-03,3.906250000000000217e-04,5.851487725240148803e-04,1.000000000000000000e+00
5.703124999999999861e-03,3.906250000000000217e-04,5.875286272826199746e-04,1.000000000000000000e+00
5.859375000000000000e-03,3.906250000000000217e-04,5.902969262800547481e-04,1.000000000000000000e+00
6.015625000000000139e-03,3.906250000000000217e-04,5.933230345813574015e-04,1.000000000000000000e+00
6.171875000000000278e-03,3.906250000000000217e-04,5.964565841508693688e-04,1.000000000000000000e+00
6.328125000000000416e-03,3.906250000000000217e-04,5.995302225857224512e-04,1.000000000000000000e+00
6.484375000000000555e-03,3.906250000000000217e-04,6.023623169894240254e-04,1.000000000000000000e+00
6.640624999999999827e-03,3.906250000000000217e-04,6.047594714835463929e-04,1.000000000000000000e+00
6.796874999999999965e-03,3.906250000000000217e-04,6.065187330677383575e-04,1.000000000000000000e+00
6.953125000000000104e-03,3.906250000000000217e-04,6.074293767761647801e-04,1.000000000000000000e+00
7.109375000000000243e-03,3.906250000000000217e-04,6.072741748527339493e-04,1.000000000000000000e+00
7.265625000000000382e-03,3.906250000000000217e-04,6.058300638042091136e-04,1.000000000000000000e+00
7.421875000000000520e-03,3.906250000000000217e-04,6.028681255409909078e-04,1.000000000000000000e+00
7.578124999999999792e-03,3.906250000000000217e-04,5.981527918331167775e-04,1.000000000000000000e+00
7.734374999999999931e-03,3.906250000000000217e-04,5.914401614651134580e-04,1.000000000000000000e+00
7.890625000000000069e-03,3.906250000000000217e-04,5.824752814536954693e-04,1.000000000000000000e+00
8.046875000000000208e-03,3.906250000000000217e-04,5.709881791531390763e-04,1.000000000000000000e+00
8.203125000000000347e-03,3.906250000000000217e-04,5.566883274870186842e-04,1.000000000000000000e+00
8.359375000000000486e-03,3.906250000000000217e-04,5.392570582804171852e-04,1.000000000000000000e+00
8.515625000000000625e-03,3.906250000000000217e-04,5.183371697276129399e-04,1.000000000000000000e+00
8.671875000000000763e-03,3.906250000000000217e-04,4.935185344745650566e-04,1.000000000000000000e+00
8.828125000000000902e-03,3.906250000000000217e-04,4.643177802277962231e-04,1.000000000000000000e+00
8.984375000000001041e-03,3.906250000000000217e-04,4.301488581077088477e-04,1.000000000000000000e+00
9.140624999999999445e-03,3.906250000000000217e-04,3.902791227642950353e-04,1.000000000000000000e+00
9.296874999999999584e-03,3.906250000000000217e-04,3.437617064429016717e-04,1.000000000000000000e+00
9.453124999999999722e-03,3.906250000000000217e-04,2.893284091055865846e-04,1.000000000000000000e+00
9.609374999999999861e-03,3.906250000000000217e-04,2.252172800043795141e-04,1.000000000000000000e+00
9.765625000000000000e-03,3.906250000000000217e-04,1.488991196531724598e-04,1.000000000000000000e+00
9.921875000000000139e-03,3.906250000000000217e-04,5.668231648581141839e-05,1.000000000000000000e+00
7.812500000000000163e-05,5.468750000000000520e-04,7.032596871090935503e-05,1.000000000000000000e+00
2.343749999999999913e-04,5.468750000000000520e-04,1.888435283884254152e-04,1.000000000000000000e+00
3.906250000000000217e-04,5.468750000000000520e-04,2.893284091055870724e-04,1.000000000000000000e+00
5.468750000000000520e-04,5.468750000000000520e-04,3.750770590866406642e-04,1.000000000000000000e+00
7.031249999999999740e-04,5.468750000000000520e-04,4.486186778176942452e-04,1.000000000000000000e+00
8.593750000000000043e-04,5.468750000000000520e-04,5.118748831820796059e-04,1.000000000000000000e+00
1.015625000000000035e-03,5.468750000000000520e-04,5.663193785957143728e-04,1.000000000000000000e+00
1.171874999999999957e-03,5.468750000000000520e-04,6.131037149172208428e-04,1.000000000000000000e+00
1.328125000000000095e-03,5.468750000000000520e-04,6.531485110584472854e-04,1.000000000000000000e+00
1.484375000000000017e-03,5.468750000000000520e-04,6.872078905218445338e-04,1.000000000000000000e+00
1.640624999999999939e-03,5.468750000000000520e-04,7.159149349973191554e-04,1.000000000000000000e+00
1.796875000000000078e-03,5.468750000000000520e-04,7.398140757021620835e-04,1.000000000000000000e+00
1.953125000000000000e-03,5.468750000000000520e-04,7.593845149590470762e-04,1.000000000000000000e+00
2.109375000000000139e-03,5.468750000000000520e-04,7.750574087854915709e-04,1.000000000000000000e+00
2.265624999999999844e-03,5.468750000000000520e-04,7.872286121165400236e-04,1.000000000000000000e+00
2.421874999999999983e-03,5.468750000000000520e-04,7.962681740912190206e-04,1.000000000000000000e+00
2.578125000000000121e-03,5.468750000000000520e-04,8.025273684841998951e-04,1.000000000000000000e+00
2.734375000000000260e-03,5.468750000000000520e-04,8.063437810168299323e-04,1.000000000000000000e+00
2.890624999999999965e-03,5.468750000000000520e-04,8.080448032384126905e-04,1.000000000000000000e+00
3.046875000000000104e-03,5.468750000000000520e-04,8.079497715126429148e-04,1.000000000000000000e+00
3.203125000000000243e-03,5.468750000000000520e-04,8.063709200050951566e-04,1.000000000000000000e+00
3.359374999999999948e-03,5.468750000000000520e-04,8.036132759407112582e-04,1.000000000000000000e+00
3.515625000000000087e-03,5.468750000000000520e-04,7.999736055599874010e-04,1.000000000000000000e+00
3.671875000000000226e-03,5.468750000000000520e-04,7.957385146648372678e-04,1.000000000000000000e+00
3.828124999999999931e-03,5.468750000000000520e-04,7.911818146953039079e-04,1.000000000000000000e+00
3.984375000000000069e-03,5.468750000000000520e-04,7.865612812096375731e-04,1.000000000000000000e+00
4.140625000000000208e-03,5.468750000000000520e-04,7.821149540567437497e-04,1.000000000000000000e+00
4.296875000000000347e-03,5.468750000000000520e-04,7.780571548052177657e-04,1.000000000000000000e+00
4.453125000000000486e-03,5.468750000000000520e-04,7.745744239718752814e-04,1.000000000000000000e+00
4.609374999999999757e-03,5.468750000000000520e-04,7.718216042334306599e-04,1.000000000000000000e+00
4.765624999999999896e-03,5.468750000000000520e-04,7.699183103359744443e-04,1.000000000000000000e+00
4.921875000000000035e-03,5.468750000000000520e-04,7.689460238764634758e-04,1.000000000000000000e+00
5.078125000000000173e-03,5.468750000000000520e-04,7.689460238764634758e-04,1.000000000000000000e+00
5.234375000000000312e-03,5.468750000000000520e-04,7.699183103359744443e-04,1.000000000000000000e+00
5.390625000000000451e-03,5.468750000000000520e-04,7.718216042334306599e-04,1.000000000000000000e+00
5.546874999999999722e-03,5.468750000000000520e-04,7.745744239718751730e-04,1.000000000000000000e+00
5.703124999999999861e-03,5.468750000000000520e-04,7.780571548052174404e-04,1.000000000000000000e+00
5.859375000000000000e-03,5.468750000000000520e-04,7.821149540567430992e-04,1.000000000000000000e+00
6.015625000000000139e-03,5.468750000000000520e-04,7.865612812096365973e-04,1.000000000000000000e+00
6.171875000000000278e-03,5.468750000000000520e-04,7.911818146953031490e-04,1.000000000000000000e+00
6.328125000000000416e-03,5.468750000000000520e-04,7.957385146648365088e-04,1.000000000000000000e+00
6.484375000000000555e-03,5.468750000000000520e-04,7.999736055599864252e-04,1.000000000000000000e+00
6.640624999999999827e-03,5.468750000000000520e-04,8.036132759407103908e-04,1.000000000000000000e+00
6.796874999999999965e-03,5.468750000000000520e-04,8.063709200050941809e-04,1.000000000000000000e+00
6.953125000000000104e-03,5.468750000000000520e-04,8.079497715126419391e-04,1.000000000000000000e+00
7.109375000000000243e-03,5.468750000000000520e-04,8.080448032384118231e-04,1.000000000000000000e+00
7.265625000000000382e-03,5.468750000000000520e-04,8.063437810168289565e-04,1.000000000000000000e+00
7.421875000000000520e-03,5.468750000000000520e-04,8.025273684841987025e-04,1.000000000000000000e+00
7.578124999999999792e-03,5.468750000000000520e-04,7.962681740912177196e-04,1.000000000000000000e+00
7.734374999999999931e-03,5.468750000000000520e-04,7.872286121165386142e-04,1.000000000000000000e+00
7.890625000000000069e-03,5.468750000000000520e-04,7.750574087854901614e-04,1.000000000000000000e+00
8.046875000000000208e-03,5.468750000000000520e-04,7.593845149590454499e-04,1.000000000000000000e+00
8.203125000000000347e-03,5.468750000000000520e-04,7.398140757021600235e-04,1.000000000000000000e+00
8.359375000000000486e-03,5.468750000000000520e-04,7.159149349973169870e-04,1.000000000000000000e+00
8.515625000000000625e-03,5.468750000000000520e-04,6.872078905218422570e-04,1.000000000000000000e+00
8.671875000000000763e-03,5.468750000000000520e-04,6.531485110584447917e-04,1.000000000000000000e+00
8.828125000000000902e-03,5.468750000000000520e-04,6.131037149172187829e-04,1.000000000000000000e+00
8.984375000000001041e-03,5.468750000000000520e-04,5.663193785957127465e-04,1.000000000000000000e+00
9.140624999999999445e-03,5.468750000000000520e-04,5.118748831820781964e-04,1.000000000000000000e+00
9.296874999999999584e-03,5.468750000000000520e-04,4.486186778176931068e-04,1.000000000000000000e+00
9.453124999999999722e-03,5.468750000000000520e-04,3.750770590866397969e-04,1.000000000000000000e+00
9.609374999999999861e-03,5.468750000000000520e-04,2.893284091055864761e-04,1.000000000000000000e+00
9.765625000000000000e-03,5.468750000000000520e-04,1.888435283884250086e-04,1.000000000000000000e+00
9.921875000000000139e-03,5.468750000000000520e-04,7.032596871090920595e-05,1.000000000000000000e+00
7.812500000000000163e-05,7.031249999999999740e-04,8.168993618030985211e-05,1.000000000000000000e+00
2.343749999999999913e-04,7.031249999999999740e-04,2.224065535840325078e-04,1.000000000000000000e+00
3.906250000000000217e-04,7.031249999999999740e-04,3.437617064429024849e-04,1.000000000000000000e+00
5.468750000000000520e-04,7.031249999999999740e-04,4.486186778176943536e-04,1.000000000000000000e+00
7.031249999999999740e-04,7.031249999999999740e-04,5.393470000591542041e-04,1.000000000000000000e+00
8.593750000000000043e-04,7.031249999999999740e-04,6.178682910506137728e-04,1.000000000000000000e+00
1.015625000000000035e-03,7.031249999999999740e-04,6.857359956758470347e-04,1.000000000000000000e+00
1.171874999999999957e-03,7.031249999999999740e-04,7.442151272869237336e-04,1.000000000000000000e+00
1.328125000000000095e-03,7.031249999999999740e-04,7.943498418201564099e-04,1.000000000000000000e+00
1.484375000000000017e-03,7.031249999999999740e-04,8.370168838039969980e-04,1.000000000000000000e+00
1.640624999999999939e-03,7.031249999999999740e-04,8.729666529848518217e-04,1.000000000000000000e+00
1.796875000000000078e-03,7.031249999999999740e-04,9.028544628652615534e-04,1.000000000000000000e+00
1.953125000000000000e-03,7.031249999999999740e-04,9.272643336953937093e-04,1.000000000000000000e+00
2.109375000000000139e-03,7.031249999999999740e-04,9.467271641126830421e-04,1.000000000000000000e+00
2.265624999999999844e-03,7.031249999999999740e-04,9.617346416243348307e-04,1.000000000000000000e+00
2.421874999999999983e-03,7.031249999999999740e-04,9.727498614310180636e-04,1.000000000000000000e+00
2.578125000000000121e-03,7.031249999999999740e-04,9.802153307877587221e-04,1.000000000000000000e+00
2.734375000000000260e-03,7.031249999999999740e-04,9.845588260404970326e-04,1.000000000000000000e+00
2.890624999999999965e-03,7.031249999999999740e-04,9.861974230714431848e-04,1.000000000000000000e+00
3.046875000000000104e-03,7.031249999999999740e-04,9.855399235308981432e-04,1.000000000000000000e+00
3.203125000000000243e-03,7.031249999999999740e-04,9.829878369992882912e-04,1.000000000000000000e+00
3.359374999999999948e-03,7.031249999999999740e-04,9.789350442142156269e-04,1.000000000000000000e+00
3.515625000000000087e-03,7.031249999999999740e-04,9.737662521449752962e-04,1.000000000000000000e+00
3.671875000000000226e-03,7.031249999999999740e-04,9.678543533183347472e-04,1.000000000000000000e+00
3.828124999999999931e-03,7.031249999999999740e-04,9.615568162558707499e-04,1.000000000000000000e+00
3.984375000000000069e-03,7.031249999999999740e-04,9.552112590051444526e-04,1.000000000000000000e+00
4.140625000000000208e-03,7.031249999999999740e-04,9.491303914320642398e-04,1.000000000000000000e+00
4.296875000000000347e-03,7.031249999999999740e-04,9.435965514096316016e-04,1.000000000000000000e+00
4.453125000000000486e-03,7.031249999999999740e-04,9.388561018248376897e-04,1.000000000000000000e+00
4.609374999999999757e-03,7.031249999999999740e-04,9.351139952445987596e-04,1.000000000000000000e+00
4.765624999999999896e-03,7.031249999999999740e-04,9.325288438835643325e-04,1.000000000000000000e+00
4.921875000000000035e-03,7.031249999999999740e-04,9.312088401451337934e-04,1.000000000000000000e+00
5.078125000000000173e-03,7.031249999999999740e-04,9.312088401451340102e-04,1.000000000000000000e+00
5.234375000000000312e-03,7.031249999999999740e-04,9.325288438835645493e-04,1.000000000000000000e+00
5.390625000000000451e-03,7.031249999999999740e-04,9.351139952445987596e-04,1.000000000000000000e+00
5.546874999999999722e-03,7.031249999999999740e-04,9.388561018248374728e-04,1.000000000000000000e+00
5.703124999999999861e-03,7.031249999999999740e-04,9.435965514096313848e-04,1.000000000000000000e+00
5.859375000000000000e-03,7.031249999999999740e-04,9.491303914320640229e-04,1.000000000000000000e+00
6.015625000000000139e-03,7.031249999999999740e-04,9.552112590051436937e-04,1.000000000000000000e+00
6.171875000000000278e-03,7.031249999999999740e-04,9.615568162558697741e-04,1.000000000000000000e+00
6.328125000000000416e-03,7.031249999999999740e-04,9.678543533183337714e-04,1.000000000000000000e+00
6.484375000000000555e-03,7.031249999999999740e-04,9.737662521449744289e-04,1.000000000000000000e+00
6.640624999999999827e-03,7.031249999999999740e-04,9.789350442142145427e-04,1.000000000000000000e+00
6.796874999999999965e-03,7.031249999999999740e-04,9.829878369992869902e-04,1.000000000000000000e+00
6.953125000000000104e-03,7.031249999999999740e-04,9.855399235308968421e-04,1.000000000000000000e+00
7.109375000000000243e-03,7.031249999999999740e-04,9.861974230714421006e-04,1.000000000000000000e+00
7.265625000000000382e-03,7.031249999999999740e-04,9.845588260404959484e-04,1.000000000000000000e+00
7.421875000000000520e-03,7.031249999999999740e-04,9.802153307877574211e-04,1.000000000000000000e+00
7.578124999999999792e-03,7.031249999999999740e-04,9.727498614310165458e-04,1.000000000000000000e+00
7.734374999999999931e-03,7.031249999999999740e-04,9.617346416243332044e-04,1.000000000000000000e+00
7.890625000000000069e-03,7.031249999999999740e-04,9.467271641126809821e-04,1.000000000000000000e+00
8.046875000000000208e-03,7.031249999999999740e-04,9.272643336953914324e-04,1.000000000000000000e+00
8.203125000000000347e-03,7.031249999999999740e-04,9.028544628652589513e-04,1.000000000000000000e+00
8.359375000000000486e-03,7.031249999999999740e-04,8.729666529848491112e-04,1.000000000000000000e+00
8.515625000000000625e-03,7.031249999999999740e-04,8.370168838039943960e-04,1.000000000000000000e+00
8.671875000000000763e-03,7.031249999999999740e-04,7.943498418201534825e-04,1.000000000000000000e+00
8.828125000000000902e-03,7.031249999999999740e-04,7.442151272869211315e-04,1.000000000000000000e+00
8.984375000000001041e-03,7.031249999999999740e-04,6.857359956758447578e-04,1.000000000000000000e+00
9.140624999999999445e-03,7.031249999999999740e-04,6.178682910506120380e-04,1.000000000000000000e+00
9.296874999999999584e-03,7.031249999999999740e-04,5.393470000591526863e-04,1.000000000000000000e+00
9.453124999999999722e-03,7.031249999999999740e-04,4.486186778176932152e-04,1.000000000000000000e+00
9.609374999999999861e-03,7.031249999999999740e-04,3.437617064429016717e-04,1.000000000000000000e+00
9.765625000000000000e-03,7.031249999999999740e-04,2.224065535840319386e-04,1.000000000000000000e+00
9.921875000000000139e-03,7.031249999999999740e-04,8.168993618030964883e-05,1.000000000000000000e+00
7.812500000000000163e-05,8.593750000000000043e-04,9.130309610660734896e-05,1.000000000000000000e+00
2.343749999999999913e-04,8.593750000000000043e-04,2.509169808244921082e-04,1.000000000000000000e+00
3.906250000000000217e-04,8.593750000000000043e-04,3.902791227642962279e-04,1.000000000000000000e+00
5.468750000000000520e-04,8.593750000000000043e-04,5.118748831820798227e-04,1.000000000000000000e+00
7.031249999999999740e-04,8.593750000000000043e-04,6.178682910506138812e-04,1.000000000000000000e+00
8.593750000000000043e-04,8.593750000000000043e-04,7.101012227853747668e-04,1.000000000000000000e+00
1.015625000000000035e-03,8.593750000000000043e-04,7.901271232701360210e-04,1.000000000000000000e+00
1.171874999999999957e-03,8.593750000000000043e-04,8.592568942344707339e-04,1.000000000000000000e+00
1.328125000000000095e-03,8.593750000000000043e-04,9.186047826312572755e-04,1.000000000000000000e+00
1.484375000000000017e-03,8.593750000000000043e-04,9.691290873891352051e-04,1.000000000000000000e+00
1.640624999999999939e-03,8.593750000000000043e-04,1.011666267772828908e-03,1.000000000000000000e+00
1.796875000000000078e-03,8.593750000000000043e-04,1.046958726578638577e-03,1.000000000000000000e+00
1.953125000000000000e-03,8.593750000000000043e-04,1.075677130344583794e-03,1.000000000000000000e+00
2.109375000000000139e-03,8.593750000000000043e-04,1.098438209845511602e-03,1.000000000000000000e+00
2.265624999999999844e-03,8.593750000000000043e-04,1.115818866337097304e-03,1.000000000000000000e+00
2.421874999999999983e-03,8.593750000000000043e-04,1.128367236720760093e-03,1.000000000000000000e+00
2.578125000000000121e-03,8.593750000000000043e-04,1.136611204695320201e-03,1.000000000000000000e+00
2.734375000000000260e-03,8.593750000000000043e-04,1.141064706785956812e-03,1.000000000000000000e+00
2.890624999999999965e-03,8.593750000000000043e-04,1.142232076975965285e-03,1.000000000000000000e+00
3.046875000000000104e-03,8.593750000000000043e-04,1.140610600040218052e-03,1.000000000000000000e+00
3.203125000000000243e-03,8.593750000000000043e-04,1.136691397746944325e-03,1.000000000000000000e+00
3.359374999999999948e-03,8.593750000000000043e-04,1.130958749271887206e-03,1.000000000000000000e+00
3.515625000000000087e-03,8.593750000000000043e-04,1.123887942987364039e-03,1.000000000000000000e+00
3.671875000000000226e-03,8.593750000000000043e-04,1.115941767707655762e-03,1.000000000000000000e+00
3.828124999999999931e-03,8.593750000000000043e-04,1.107565775504699111e-03,1.000000000000000000e+00
3.984375000000000069e-03,8.593750000000000043e-04,1.099182484623005551e-03,1.000000000000000000e+00
4.140625000000000208e-03,8.593750000000000043e-04,1.091184738756737242e-03,1.000000000000000000e+00
4.296875000000000347e-03,8.593750000000000043e-04,1.083928495076406798e-03,1.000000000000000000e+00
4.453125000000000486e-03,8.593750000000000043e-04,1.077725374173245203e-03,1.000000000000000000e+00
4.609374999999999757e-03,8.593750000000000043e-04,1.072835368536561793e-03,1.000000000000000000e+00
4.765624999999999896e-03,8.593750000000000043e-04,1.069460167308550419e-03,1.000000000000000000e+00
4.921875000000000035e-03,8.593750000000000043e-04,1.067737590175374092e-03,1.000000000000000000e+00
5.078125000000000173e-03,8.593750000000000043e-04,1.067737590175374309e-03,1.000000000000000000e+00
5.234375000000000312e-03,8.593750000000000043e-04,1.069460167308550853e-03,1.000000000000000000e+00
5.390625000000000451e-03,8.593750000000000043e-04,1.072835368536562009e-03,1.000000000000000000e+00
5.546874999999999722e-03,8.593750000000000043e-04,1.077725374173244769e-03,1.000000000000000000e+00
5.703124999999999861e-03,8.593750000000000043e-04,1.083928495076406581e-03,1.000000000000000000e+00
5.859375000000000000e-03,8.593750000000000043e-04,1.091184738756737025e-03,1.000000000000000000e+00
6.015625000000000139e-03,8.593750000000000043e-04,1.099182484623004684e-03,1.000000000000000000e+00
6.171875000000000278e-03,8.593750000000000043e-04,1.107565775504697810e-03,1.000000000000000000e+00
6.328125000000000416e-03,8.593750000000000043e-04,1.115941767707654677e-03,1.000000000000000000e+00
6.484375000000000555e-03,8.593750000000000043e-04,1.123887942987362738e-03,1.000000000000000000e+00
6.640624999999999827e-03,8.593750000000000043e-04,1.130958749271886339e-03,1.000000000000000000e+00
6.796874999999999965e-03,8.593750000000000043e-04,1.136691397746942590e-03,1.000000000000000000e+00
6.953125000000000104e-03,8.593750000000000043e-04,1.140610600040216317e-03,1.000000000000000000e+00
7.109375000000000243e-03,8.593750000000000043e-04,1.142232076975963333e-03,1.000000000000000000e+00
7.265625000000000382e-03,8.593750000000000043e-04,1.141064706785955511e-03,1.000000000000000000e+00
7.421875000000000520e-03,8.593750000000000043e-04,1.136611204695318683e-03,1.000000000000000000e+00
7.578124999999999792e-03,8.593750000000000043e-04,1.128367236720758575e-03,1.000000000000000000e+00
7.734374999999999931e-03,8.593750000000000043e-04,1.115818866337096220e-03,1.000000000000000000e+00
7.890625000000000069e-03,8.593750000000000043e-04,1.098438209845509217e-03,1.000000000000000000e+00
8.046875000000000208e-03,8.593750000000000043e-04,1.075677130344581192e-03,1.000000000000000000e+00
8.203125000000000347e-03,8.593750000000000043e-04,1.046958726578635542e-03,1.000000000000000000e+00
8.359375000000000486e-03,8.593750000000000043e-04,1.011666267772825655e-03,1.000000000000000000e+00
8.515625000000000625e-03,8.593750000000000043e-04,9.691290873891319525e-04,1.000000000000000000e+00
8.671875000000000763e-03,8.593750000000000043e-04,9.186047826312535892e-04,1.000000000000000000e+00
8.828125000000000902e-03,8.593750000000000043e-04,8.592568942344673728e-04,1.000000000000000000e+00
8.984375000000001041e-03,8.593750000000000043e-04,7.901271232701330936e-04,1.000000000000000000e+00
9.140624999999999445e-03,8.593750000000000043e-04,7.101012227853725984e-04,1.000000000000000000e+00
9.296874999999999584e-03,8.593750000000000043e-04,6.178682910506120380e-04,1.000000000000000000e+00
9.453124999999999722e-03,8.593750000000000043e-04,5.118748831820783048e-04,1.000000000000000000e+00
9.609374999999999861e-03,8.593750000000000043e-04,3.902791227642951437e-04,1.000000000000000000e+00
9.765625000000000000e-03,8.593750000000000043e-04,2.509169808244914577e-04,1.000000000000000000e+00
9.921875000000000139e-03,8.593750000000000043e-04,9.130309610660709146e-05,1.000000000000000000e+00
7.812500000000000163e-05,1.015625000000000035e-03,9.949450102823476278e-05,1.000000000000000000e+00
2.343749999999999913e-04,1.015625000000000035e-03,2.752650883430325028e-04,1.000000000000000000e+00
3.906250000000000217e-04,1.015625000000000035e-03,4.301488581077100946e-04,1.000000000000000000e+00
5.468750000000000520e-04,1.015625000000000035e-03,5.663193785957142644e-04,1.000000000000000000e+00
7.031249999999999740e-04,1.015625000000000035e-03,6.857359956758468178e-04,1.000000000000000000e+00
8.593750000000000043e-04,1.015625000000000035e-03,7.901271232701356957e-04,1.000000000000000000e+00
1.015625000000000035e-03,1.015625000000000035e-03,8.810003178848507680e-04,1.000000000000000000e+00
1.171874999999999957e-03,1.015625000000000035e-03,9.596664812495656668e-04,1.000000000000000000e+00
1.328125000000000095e-03,1.015625000000000035e-03,1.027269244581265973e-03,1.000000000000000000e+00
1.484375000000000017e-03,1.015625000000000035e-03,1.084814352848457618e-03,1.000000000000000000e+00
1.640624999999999939e-03,1.015625000000000035e-03,1.133196541638690222e-03,1.000000000000000000e+00
1.796875000000000078e-03,1.015625000000000035e-03,1.173222982831879924e-03,1.000000000000000000e+00
1.953125000000000000e-03,1.015625000000000035e-03,1.205633188758791375e-03,1.000000000000000000e+00
2.109375000000000139e-03,1.015625000000000035e-03,1.231115616087682246e-03,1.000000000000000000e+00
2.265624999999999844e-03,1.015625000000000035e-03,1.250321314657783754e-03,1.000000000000000000e+00
2.421874999999999983e-03,1.015625000000000035e-03,1.263874951919604457e-03,1.000000000000000000e+00
2.578125000000000121e-03,1.015625000000000035e-03,1.272383481986805046e-03,1.000000000000000000e+00
2.734375000000000260e-03,1.015625000000000035e-03,1.276442656932045032e-03,1.000000000000000000e+00
2.890624999999999965e-03,1.015625000000000035e-03,1.276641515506242528e-03,1.000000000000000000e+00
3.046875000000000104e-03,1.015625000000000035e-03,1.273564939407064106e-03,1.000000000000000000e+00
3.203125000000000243e-03,1.015625000000000035e-03,1.267794342176381886e-03,1.000000000000000000e+00
3.359374999999999948e-03,1.015625000000000035e-03,1.259906549639026006e-03,1.000000000000000000e+00
3.515625000000000087e-03,1.015625000000000035e-03,1.250470940324937760e-03,1.000000000000000000e+00
3.671875000000000226e-03,1.015625000000000035e-03,1.240044936520224694e-03,1.000000000000000000e+00
3.828124999999999931e-03,1.015625000000000035e-03,1.229167970932263602e-03,1.000000000000000000e+00
3.984375000000000069e-03,1.015625000000000035e-03,1.218354102725441486e-03,1.000000000000000000e+00
4.140625000000000208e-03,1.015625000000000035e-03,1.208083521395472140e-03,1.000000000000000000e+00
4.296875000000000347e-03,1.015625000000000035e-03,1.198793253466013016e-03,1.000000000000000000e+00
4.453125000000000486e-03,1.015625000000000035e-03,1.190867468755173967e-03,1.000000000000000000e+00
4.609374999999999757e-03,1.015625000000000035e-03,1.184627874919852442e-03,1.000000000000000000e+00
4.765624999999999896e-03,1.015625000000000035e-03,1.180324804138700896e-03,1.000000000000000000e+00
4.921875000000000035e-03,1.015625000000000035e-03,1.178129700572437934e-03,1.000000000000000000e+00
5.078125000000000173e-03,1.015625000000000035e-03,1.178129700572438368e-03,1.000000000000000000e+00
5.234375000000000312e-03,1.015625000000000035e-03,1.180324804138701764e-03,1.000000000000000000e+00
5.390625000000000451e-03,1.015625000000000035e-03,1.184627874919853526e-03,1.000000000000000000e+00
5.546874999999999722e-03,1.015625000000000035e-03,1.190867468755174617e-03,1.000000000000000000e+00
5.703124999999999861e-03,1.015625000000000035e-03,1.198793253466013233e-03,1.000000000000000000e+00
5.859375000000000000e-03,1.015625000000000035e-03,1.208083521395472357e-03,1.000000000000000000e+00
6.015625000000000139e-03,1.015625000000000035e-03,1.218354102725440835e-03,1.000000000000000000e+00
6.171875000000000278e-03,1.015625000000000035e-03,1.229167970932262951e-03,1.000000000000000000e+00
6.328125000000000416e-03,1.015625000000000035e-03,1.240044936520224043e-03,1.000000000000000000e+00
6.484375000000000555e-03,1.015625000000000035e-03,1.250470940324936459e-03,1.000000000000000000e+00
6.640624999999999827e-03,1.015625000000000035e-03,1.259906549639025139e-03,1.000000000000000000e+00
6.796874999999999965e-03,1.015625000000000035e-03,1.267794342176380368e-03,1.000000000000000000e+00
6.953125000000000104e-03,1.015625000000000035e-03,1.273564939407062589e-03,1.000000000000000000e+00
7.109375000000000243e-03,1.015625000000000035e-03,1.276641515506240793e-03,1.000000000000000000e+00
7.265625000000000382e-03,1.015625000000000035e-03,1.276442656932043297e-03,1.000000000000000000e+00
7.421875000000000520e-03,1.015625000000000035e-03,1.272383481986803528e-03,1.000000000000000000e+00
7.578124999999999792e-03,1.015625000000000035e-03,1.263874951919602288e-03,1.000000000000000000e+00
7.734374999999999931e-03,1.015625000000000035e-03,1.250321314657781152e-03,1.000000000000000000e+00
7.890625000000000069e-03,1.015625000000000035e-03,1.231115616087678994e-03,1.000000000000000000e+00
8.046875000000000208e-03,1.015625000000000035e-03,1.205633188758788122e-03,1.000000000000000000e+00
8.203125000000000347e-03,1.015625000000000035e-03,1.173222982831876454e-03,1.000000000000000000e+00
8.359375000000000486e-03,1.015625000000000035e-03,1.133196541638686536e-03,1.000000000000000000e+00
8.515625000000000625e-03,1.015625000000000035e-03,1.084814352848454148e-03,1.000000000000000000e+00
8.671875000000000763e-03,1.015625000000000035e-03,1.027269244581261853e-03,1.000000000000000000e+00
8.828125000000000902e-03,1.015625000000000035e-03,9.596664812495618721e-04,1.000000000000000000e+00
8.984375000000001041e-03,1.015625000000000035e-03,8.810003178848477322e-04,1.000000000000000000e+00
9.140624999999999445e-03,1.015625000000000035e-03,7.901271232701330936e-04,1.000000000000000000e+00
9.296874999999999584e-03,1.015625000000000035e-03,6.857359956758447578e-04,1.000000000000000000e+00
9.453124999999999722e-03,1.015625000000000035e-03,5.663193785957126381e-04,1.000000000000000000e+00
9.609374999999999861e-03,1.015625000000000035e-03,4.301488581077089019e-04,1.000000000000000000e+00
9.765625000000000000e-03,1.015625000000000035e-03,2.752650883430317439e-04,1.000000000000000000e+00
9.921875000000000139e-03,1.015625000000000035e-03,9.949450102823450528e-05,1.000000000000000000e+00
7.812500000000000163e-05,1.171874999999999957e-03,1.064902581915339269e-04,1.000000000000000000e+00
2.343749999999999913e-04,1.171874999999999957e-03,2.960859509116927800e-04,1.000000000000000000e+00
3.906250000000000217e-04,1.171874999999999957e-03,4.643177802277975242e-04,1.000000000000000000e+00
5.468750000000000520e-04,1.171874999999999957e-03,6.131037149172205176e-04,1.000000000000000000e+00
7.031249999999999740e-04,1.171874999999999957e-03,7.442151272869234084e-04,1.000000000000000000e+00
8.593750000000000043e-04,1.171874999999999957e-03,8.592568942344701918e-04,1.000000000000000000e+00
1.015625000000000035e-03,1.171874999999999957e-03,9.596664812495652331e-04,1.000000000000000000e+00
1.171874999999999957e-03,1.171874999999999957e-03,1.046725405797674629e-03,1.000000000000000000e+00
1.328125000000000095e-03,1.171874999999999957e-03,1.121577299095783201e-03,1.000000000000000000e+00
1.484375000000000017e-03,1.171874999999999957e-03,1.185248475284739374e-03,1.000000000000000000e+00
1.640624999999999939e-03,1.171874999999999957e-03,1.238668500601594093e-03,1.000000000000000000e+00
1.796875000000000078e-03,1.171874999999999957e-03,1.282689411851398956e-03,1.000000000000000000e+00
1.953125000000000000e-03,1.171874999999999957e-03,1.318102963271020273e-03,1.000000000000000000e+00
2.109375000000000139e-03,1.171874999999999957e-03,1.345655688588641690e-03,1.000000000000000000e+00
2.265624999999999844e-03,1.171874999999999957e-03,1.366061761786750662e-03,1.000000000000000000e+00
2.421874999999999983e-03,1.171874999999999957e-03,1.380013711813069021e-03,1.000000000000000000e+00
2.578125000000000121e-03,1.171874999999999957e-03,1.388191051900251449e-03,1.000000000000000000e+00
2.734375000000000260e-03,1.171874999999999957e-03,1.391266860949174743e-03,1.000000000000000000e+00
2.890624999999999965e-03,1.171874999999999957e-03,1.389912326209896427e-03,1.000000000000000000e+00
3.046875000000000104e-03,1.171874999999999957e-03,1.384799237405414914e-03,1.000000000000000000e+00
3.203125000000000243e-03,1.171874999999999957e-03,1.376600419412492976e-03,1.000000000000000000e+00
3.359374999999999948e-03,1.171874999999999957e-03,1.365988104282897693e-03,1.000000000000000000e+00
3.515625000000000087e-03,1.171874999999999957e-03,1.353630269653135522e-03,1.000000000000000000e+00
3.671875000000000226e-03,1.171874999999999957e-03,1.340185004616041954e-03,1.000000000000000000e+00
3.828124999999999931e-03,1.171874999999999957e-03,1.326293006478688769e-03,1.000000000000000000e+00
3.984375000000000069e-03,1.171874999999999957e-03,1.312568371451024087e-03,1.000000000000000000e+00
4.140625000000000208e-03,1.171874999999999957e-03,1.299587928133697336e-03,1.000000000000000000e+00
4.296875000000000347e-03,1.171874999999999957e-03,1.287879466136998378e-03,1.000000000000000000e+00
4.453125000000000486e-03,1.171874999999999957e-03,1.277909309961585511e-03,1.000000000000000000e+00
4.609374999999999757e-03,1.171874999999999957e-03,1.270069795748973197e-03,1.000000000000000000e+00
4.765624999999999896e-03,1.171874999999999957e-03,1.264667411253963310e-03,1.000000000000000000e+00
4.921875000000000035e-03,1.171874999999999957e-03,1.261912644903238033e-03,1.000000000000000000e+00
5.078125000000000173e-03,1.171874999999999957e-03,1.261912644903238467e-03,1.000000000000000000e+00
5.234375000000000312e-03,1.171874999999999957e-03,1.264667411253964178e-03,1.000000000000000000e+00
5.390625000000000451e-03,1.171874999999999957e-03,1.270069795748974715e-03,1.000000000000000000e+00
5.546874999999999722e-03,1.171874999999999957e-03,1.277909309961587029e-03,1.000000000000000000e+00
5.703124999999999861e-03,1.171874999999999957e-03,1.287879466136999246e-03,1.000000000000000000e+00
5.859375000000000000e-03,1.171874999999999957e-03,1.299587928133697987e-03,1.000000000000000000e+00
6.015625000000000139e-03,1.171874999999999957e-03,1.312568371451023870e-03,1.000000000000000000e+00
6.171875000000000278e-03,1.171874999999999957e-03,1.326293006478688119e-03,1.000000000000000000e+00
6.328125000000000416e-03,1.171874999999999957e-03,1.340185004616041304e-03,1.000000000000000000e+00
6.484375000000000555e-03,1.171874999999999957e-03,1.353630269653134221e-03,1.000000000000000000e+00
6.640624999999999827e-03,1.171874999999999957e-03,1.365988104282895958e-03,1.000000000000000000e+00
6.796874999999999965e-03,1.171874999999999957e-03,1.376600419412491458e-03,1.000000000000000000e+00
6.953125000000000104e-03,1.171874999999999957e-03,1.384799237405413179e-03,1.000000000000000000e+00
7.109375000000000243e-03,1.171874999999999957e-03,1.389912326209893608e-03,1.000000000000000000e+00
7.265625000000000382e-03,1.171874999999999957e-03,1.391266860949172575e-03,1.000000000000000000e+00
7.421875000000000520e-03,1.171874999999999957e-03,1.388191051900248846e-03,1.000000000000000000e+00
7.578124999999999792e-03,1.171874999999999957e-03,1.380013711813066419e-03,1.000000000000000000e+00
7.734374999999999931e-03,1.171874999999999957e-03,1.366061761786747627e-03,1.000000000000000000e+00
7.890625000000000069e-03,1.171874999999999957e-03,1.345655688588638437e-03,1.000000000000000000e+00
8.046875000000000208e-03,1.171874999999999957e-03,1.318102963271016370e-03,1.000000000000000000e+00
8.203125000000000347e-03,1.171874999999999957e-03,1.282689411851394836e-03,1.000000000000000000e+00
8.359375000000000486e-03,1.171874999999999957e-03,1.238668500601589973e-03,1.000000000000000000e+00
8.515625000000000625e-03,1.171874999999999957e-03,1.185248475284735254e-03,1.000000000000000000e+00
8.671875000000000763e-03,1.171874999999999957e-03,1.121577299095778864e-03,1.000000000000000000e+00
8.828125000000000902e-03,1.171874999999999957e-03,1.046725405797670509e-03,1.000000000000000000e+00
8.984375000000001041e-03,1.171874999999999957e-03,9.596664812495619805e-04,1.000000000000000000e+00
9.140624999999999445e-03,1.171874999999999957e-03,8.592568942344673728e-04,1.000000000000000000e+00
9.296874999999999584e-03,1.171874999999999957e-03,7.442151272869209147e-04,1.000000000000000000e+00
9.453124999999999722e-03,1.171874999999999957e-03,6.131037149172186744e-04,1.000000000000000000e+00
9.609374999999999861e-03,1.171874999999999957e-03,4.643177802277962231e-04,1.000000000000000000e+00
9.765625000000000000e-03,1.171874999999999957e-03,2.960859509116920210e-04,1.000000000000000000e+00
9.921875000000000139e-03,1.171874999999999957e-03,1.064902581915336830e-04,1.000000000000000000e+00
7.812500000000000163e-05,1.328125000000000095e-03,1.124567765177421515e-04,1.000000000000000000e+00
2.343749999999999913e-04,1.328125000000000095e-03,3.138566143844073340e-04,1.000000000000000000e+00
3.906250000000000217e-04,1.328125000000000095e-03,4.935185344745664660e-04,1.000000000000000000e+00
5.468750000000000520e-04,1.328125000000000095e-03,6.531485110584467433e-04,1.000000000000000000e+00
7.031249999999999740e-04,1.328125000000000095e-03,7.943498418201558678e-04,1.000000000000000000e+00
8.593750000000000043e-04,1.328125000000000095e-03,9.186047826312565166e-04,1.000000000000000000e+00
1.015625000000000035e-03,1.328125000000000095e-03,1.027269244581265973e-03,1.000000000000000000e+00
1.171874999999999957e-03,1.328125000000000095e-03,1.121577299095783634e-03,1.000000000000000000e+00
1.328125000000000095e-03,1.328125000000000095e-03,1.202652008219453131e-03,1.000000000000000000e+00
1.484375000000000017e-03,1.328125000000000095e-03,1.271519686093122020e-03,1.000000000000000000e+00
1.640624999999999939e-03,1.328125000000000095e-03,1.329125511131547688e-03,1.000000000000000000e+00
1.796875000000000078e-03,1.328125000000000095e-03,1.376349138201100539e-03,1.000000000000000000e+00
1.953125000000000000e-03,1.328125000000000095e-03,1.414019501385247422e-03,1.000000000000000000e+00
2.109375000000000139e-03,1.328125000000000095e-03,1.442928350709113666e-03,1.000000000000000000e+00
2.265624999999999844e-03,1.328125000000000095e-03,1.463842269587508054e-03,1.000000000000000000e+00
2.421874999999999983e-03,1.328125000000000095e-03,1.477513019145669819e-03,1.000000000000000000e+00
2.578125000000000121e-03,1.328125000000000095e-03,1.484686090351955987e-03,1.000000000000000000e+00
2.734375000000000260e-03,1.328125000000000095e-03,1.486107346254506587e-03,1.000000000000000000e+00
2.890624999999999965e-03,1.328125000000000095e-03,1.482527628478750572e-03,1.000000000000000000e+00
3.046875000000000104e-03,1.328125000000000095e-03,1.474705202092207318e-03,1.000000000000000000e+00
3.203125000000000243e-03,1.328125000000000095e-03,1.463405931285277498e-03,1.000000000000000000e+00
3.359374999999999948e-03,1.328125000000000095e-03,1.449401115926935487e-03,1.000000000000000000e+00
3.515625000000000087e-03,1.328125000000000095e-03,1.433462966888664550e-03,1.000000000000000000e+00
3.671875000000000226e-03,1.328125000000000095e-03,1.416357743312120004e-03,1.000000000000000000e+00
3.828124999999999931e-03,1.328125000000000095e-03,1.398836616415425737e-03,1.000000000000000000e+00
3.984375000000000069e-03,1.328125000000000095e-03,1.381624385966268628e-03,1.000000000000000000e+00
4.140625000000000208e-03,1.328125000000000095e-03,1.365406291051295476e-03,1.000000000000000000e+00
4.296875000000000347e-03,1.328125000000000095e-03,1.350813310486697737e-03,1.000000000000000000e+00
4.453125000000000486e-03,1.328125000000000095e-03,1.338406446705197022e-03,1.000000000000000000e+00
4.609374999999999757e-03,1.328125000000000095e-03,1.328660524360492264e-03,1.000000000000000000e+00
4.765624999999999896e-03,1.328125000000000095e-03,1.321948337724940768e-03,1.000000000000000000e+00
4.921875000000000035e-03,1.328125000000000095e-03,1.318526760383312291e-03,1.000000000000000000e+00
5.078125000000000173e-03,1.328125000000000095e-03,1.318526760383312508e-03,1.000000000000000000e+00
5.234375000000000312e-03,1.328125000000000095e-03,1.321948337724941636e-03,1.000000000000000000e+00
5.390625000000000451e-03,1.328125000000000095e-03,1.328660524360493781e-03,1.000000000000000000e+00
5.546874999999999722e-03,1.328125000000000095e-03,1.338406446705198974e-03,1.000000000000000000e+00
5.703124999999999861e-03,1.328125000000000095e-03,1.350813310486698822e-03,1.000000000000000000e+00
5.859375000000000000e-03,1.328125000000000095e-03,1.365406291051295476e-03,1.000000000000000000e+00
6.015625000000000139e-03,1.328125000000000095e-03,1.381624385966267543e-03,1.000000000000000000e+00
6.171875000000000278e-03,1.328125000000000095e-03,1.398836616415424219e-03,1.000000000000000000e+00
6.328125000000000416e-03,1.328125000000000095e-03,1.416357743312118486e-03,1.000000000000000000e+00
6.484375000000000555e-03,1.328125000000000095e-03,1.433462966888662815e-03,1.000000000000000000e+00
6.640624999999999827e-03,1.328125000000000095e-03,1.449401115926934186e-03,1.000000000000000000e+00
6.796874999999999965e-03,1.328125000000000095e-03,1.463405931285275980e-03,1.000000000000000000e+00
6.953125000000000104e-03,1.328125000000000095e-03,1.474705202092205149e-03,1.000000000000000000e+00
7.109375000000000243e-03,1.328125000000000095e-03,1.482527628478748404e-03,1.000000000000000000e+00
7.265625000000000382e-03,1.328125000000000095e-03,1.486107346254503985e-03,1.000000000000000000e+00
7.421875000000000520e-03,1.328125000000000095e-03,1.484686090351953385e-03,1.000000000000000000e+00
7.578124999999999792e-03,1.328125000000000095e-03,1.477513019145667217e-03,1.000000000000000000e+00
7.734374999999999931e-03,1.328125000000000095e-03,1.463842269587504802e-03,1.000000000000000000e+00
7.890625000000000069e-03,1.328125000000000095e-03,1.442928350709110630e-03,1.000000000000000000e+00
8.046875000000000208e-03,1.328125000000000095e-03,1.414019501385244170e-03,1.000000000000000000e+00
8.203125000000000347e-03,1.328125000000000095e-03,1.376349138201096852e-03,1.000000000000000000e+00
8.359375000000000486e-03,1.328125000000000095e-03,1.329125511131543785e-03,1.000000000000000000e+00
8.515625000000000625e-03,1.328125000000000095e-03,1.271519686093117900e-03,1.000000000000000000e+00
8.671875000000000763e-03,1.328125000000000095e-03,1.202652008219448577e-03,1.000000000000000000e+00
8.828125000000000902e-03,1.328125000000000095e-03,1.121577299095778864e-03,1.000000000000000000e+00
8.984375000000001041e-03,1.328125000000000095e-03,1.027269244581261853e-03,1.000000000000000000e+00
9.140624999999999445e-03,1.328125000000000095e-03,9.186047826312535892e-04,1.000000000000000000e+00
9.296874999999999584e-03,1.328125000000000095e-03,7.943498418201533741e-04,1.000000000000000000e+00
9.453124999999999722e-03,1.328125000000000095e-03,6.531485110584450086e-04,1.000000000000000000e+00
9.609374999999999861e-03,1.328125000000000095e-03,4.935185344745651650e-04,1.000000000000000000e+00
9.765625000000000000e-03,1.328125000000000095e-03,3.138566143844065751e-04,1.000000000000000000e+00
9.921875000000000139e-03,1.328125000000000095e-03,1.124567765177419076e-04,1.000000000000000000e+00
7.812500000000000163e-05,1.484375000000000017e-03,1.175229475127695291e-04,1.000000000000000000e+00
2.343749999999999913e-04,1.484375000000000017e-03,3.289511331336277813e-04,1.000000000000000000e+00
3.906250000000000217e-04,1.484375000000000017e-03,5.183371697276142409e-04,1.000000000000000000e+00
5.468750000000000520e-04,1.484375000000000017e-03,6.872078905218442085e-04,1.000000000000000000e+00
7.031249999999999740e-04,1.484375000000000017e-03,8.370168838039967812e-04,1.000000000000000000e+00
8.593750000000000043e-04,1.484375000000000017e-03,9.691290873891352051e-04,1.000000000000000000e+00
1.015625000000000035e-03,1.484375000000000017e-03,1.084814352848458051e-03,1.000000000000000000e+00
1.171874999999999957e-03,1.484375000000000017e-03,1.185248475284739807e-03,1.000000000000000000e+00
1.328125000000000095e-03,1.484375000000000017e-03,1.271519686093122888e-03,1.000000000000000000e+00
1.484375000000000017e-03,1.484375000000000017e-03,1.344638687236748408e-03,1.000000000000000000e+00
1.640624999999999939e-03,1.484375000000000017e-03,1.405550657130373539e-03,1.000000000000000000e+00
1.796875000000000078e-03,1.484375000000000017e-03,1.455148065936208825e-03,1.000000000000000000e+00
1.953125000000000000e-03,1.484375000000000017e-03,1.494283490859755949e-03,1.000000000000000000e+00
2.109375000000000139e-03,1.484375000000000017e-03,1.523781880775057366e-03,1.000000000000000000e+00
2.265624999999999844e-03,1.484375000000000017e-03,1.544451884208496856e-03,1.000000000000000000e+00
2.421874999999999983e-03,1.484375000000000017e-03,1.557095942330146299e-03,1.000000000000000000e+00
2.578125000000000121e-03,1.484375000000000017e-03,1.562518881607396180e-03,1.000000000000000000e+00
2.734375000000000260e-03,1.484375000000000017e-03,1.561534742738145132e-03,1.000000000000000000e+00
2.890624999999999965e-03,1.484375000000000017e-03,1.554971576858392478e-03,1.000000000000000000e+00
3.046875000000000104e-03,1.484375000000000017e-03,1.543673948699386591e-03,1.000000000000000000e+00
3.203125000000000243e-03,1.484375000000000017e-03,1.528502925209473430e-03,1.000000000000000000e+00
3.359374999999999948e-03,1.484375000000000017e-03,1.510333398750902511e-03,1.000000000000000000e+00
3.515625000000000087e-03,1.484375000000000017e-03,1.490048676162467490e-03,1.000000000000000000e+00
3.671875000000000226e-03,1.484375000000000017e-03,1.468532322828346995e-03,1.000000000000000000e+00
3.828124999999999931e-03,1.484375000000000017e-03,1.446657267404625200e-03,1.000000000000000000e+00
3.984375000000000069e-03,1.484375000000000017e-03,1.425272202447328430e-03,1.000000000000000000e+00
4.140625000000000208e-03,1.484375000000000017e-03,1.405185477118518723e-03,1.000000000000000000e+00
4.296875000000000347e-03,1.484375000000000017e-03,1.387146975553300594e-03,1.000000000000000000e+00
4.453125000000000486e-03,1.484375000000000017e-03,1.371828579512013530e-03,1.000000000000000000e+00
4.609374999999999757e-03,1.484375000000000017e-03,1.359803454762858153e-03,1.000000000000000000e+00
4.765624999999999896e-03,1.484375000000000017e-03,1.351524592401993994e-03,1.000000000000000000e+00
4.921875000000000035e-03,1.484375000000000017e-03,1.347305236021758808e-03,1.000000000000000000e+00
5.078125000000000173e-03,1.484375000000000017e-03,1.347305236021759025e-03,1.000000000000000000e+00
5.234375000000000312e-03,1.484375000000000017e-03,1.351524592401994861e-03,1.000000000000000000e+00
5.390625000000000451e-03,1.484375000000000017e-03,1.359803454762859888e-03,1.000000000000000000e+00
5.546874999999999722e-03,1.484375000000000017e-03,1.371828579512015265e-03,1.000000000000000000e+00
5.703124999999999861e-03,1.484375000000000017e-03,1.387146975553301244e-03,1.000000000000000000e+00
5.859375000000000000e-03,1.484375000000000017e-03,1.405185477118518506e-03,1.000000000000000000e+00
6.015625000000000139e-03,1.484375000000000017e-03,1.425272202447327346e-03,1.000000000000000000e+00
6.171875000000000278e-03,1.484375000000000017e-03,1.446657267404623682e-03,1.000000000000000000e+00
6.328125000000000416e-03,1.484375000000000017e-03,1.468532322828345043e-03,1.000000000000000000e+00
6.484375000000000555e-03,1.484375000000000017e-03,1.490048676162465105e-03,1.000000000000000000e+00
6.640624999999999827e-03,1.484375000000000017e-03,1.510333398750899909e-03,1.000000000000000000e+00
6.796874999999999965e-03,1.484375000000000017e-03,1.528502925209471262e-03,1.000000000000000000e+00
6.953125000000000104e-03,1.484375000000000017e-03,1.543673948699383555e-03,1.000000000000000000e+00
7.109375000000000243e-03,1.484375000000000017e-03,1.554971576858389442e-03,1.000000000000000000e+00
7.265625000000000382e-03,1.484375000000000017e-03,1.561534742738141879e-03,1.000000000000000000e+00
7.421875000000000520e-03,1.484375000000000017e-03,1.562518881607393145e-03,1.000000000000000000e+00
7.578124999999999792e-03,1.484375000000000017e-03,1.557095942330143480e-03,1.000000000000000000e+00
7.734374999999999931e-03,1.484375000000000017e-03,1.544451884208494037e-03,1.000000000000000000e+00
7.890625000000000069e-03,1.484375000000000017e-03,1.523781880775054547e-03,1.000000000000000000e+00
8.046875000000000208e-03,1.484375000000000017e-03,1.494283490859753131e-03,1.000000000000000000e+00
8.203125000000000347e-03,1.484375000000000017e-03,1.455148065936205139e-03,1.000000000000000000e+00
8.359375000000000486e-03,1.484375000000000017e-03,1.405550657130369419e-03,1.000000000000000000e+00
8.515625000000000625e-03,1.484375000000000017e-03,1.344638687236743638e-03,1.000000000000000000e+00
8.671875000000000763e-03,1.484375000000000017e-03,1.271519686093117683e-03,1.000000000000000000e+00
8.828125000000000902e-03,1.484375000000000017e-03,1.185248475284735037e-03,1.000000000000000000e+00
8.984375000000001041e-03,1.484375000000000017e-03,1.084814352848453714e-03,1.000000000000000000e+00
9.140624999999999445e-03,1.484375000000000017e-03,9.691290873891319525e-04,1.000000000000000000e+00
9.296874999999999584e-03,1.484375000000000017e-03,8.370168838039942875e-04,1.000000000000000000e+00
9.453124999999999722e-03,1.484375000000000017e-03,6.872078905218423654e-04,1.000000000000000000e+00
9.609374999999999861e-03,1.484375000000000017e-03,5.183371697276130483e-04,1.000000000000000000e+00
9.765625000000000000e-03,1.484375000000000017e-03,3.289511331336272392e-04,1.000000000000000000e+00
9.921875000000000139e-03,1.484375000000000017e-03,1.175229475127692987e-04,1.000000000000000000e+00
7.812500000000000163e-05,1.640624999999999939e-03,1.217927654124775148e-04,1.000000000000000000e+00
2.343749999999999913e-04,1.640624999999999939e-03,3.416737384097206500e-04,1.000000000000000000e+00
3.906250000000000217e-04,1.640624999999999939e-03,5.392570582804184862e-04,1.000000000000000000e+00
5.468750000000000520e-04,1.640624999999999939e-03,7.159149349973190470e-04,1.000000000000000000e+00
7.031249999999999740e-04,1.640624999999999939e-03,8.729666529848517133e-04,1.000000000000000000e+00
8.593750000000000043e-04,1.640624999999999939e-03,1.011666267772828908e-03,1.000000000000000000e+00
1.015625000000000035e-03,1.640624999999999939e-03,1.133196541638690439e-03,1.000000000000000000e+00
1.171874999999999957e-03,1.640624999999999939e-03,1.238668500601594743e-03,1.000000000000000000e+00
1.328125000000000095e-03,1.640624999999999939e-03,1.329125511131548556e-03,1.000000000000000000e+00
1.484375000000000017e-03,1.640624999999999939e-03,1.405550657130374189e-03,1.000000000000000000e+00
1.640624999999999939e-03,1.640624999999999939e-03,1.468876301716989753e-03,1.000000000000000000e+00
1.796875000000000078e-03,1.640624999999999939e-03,1.519994915053605360e-03,1.000000000000000000e+00
1.953125000000000000e-03,1.640624999999999939e-03,1.559770452842510488e-03,1.000000000000000000e+00
2.109375000000000139e-03,1.640624999999999939e-03,1.589049734822864162e-03,1.000000000000000000e+00
2.265624999999999844e-03,1.640624999999999939e-03,1.608673381641276007e-03,1.000000000000000000e+00
2.421874999999999983e-03,1.640624999999999939e-03,1.619485921859021346e-03,1.000000000000000000e+00
2.578125000000000121e-03,1.640624999999999939e-03,1.622344688509337173e-03,1.000000000000000000e+00
2.734375000000000260e-03,1.640624999999999939e-03,1.618127103732285152e-03,1.000000000000000000e+00
2.890624999999999965e-03,1.640624999999999939e-03,1.607735925017287487e-03,1.000000000000000000e+00
3.046875000000000104e-03,1.640624999999999939e-03,1.592102028137472140e-03,1.000000000000000000e+00
3.203125000000000243e-03,1.640624999999999939e-03,1.572184359602328725e-03,1.000000000000000000e+00
3.359374999999999948e-03,1.640624999999999939e-03,1.548966815204732856e-03,1.000000000000000000e+00
3.515625000000000087e-03,1.640624999999999939e-03,1.523451953681955340e-03,1.000000000000000000e+00
3.671875000000000226e-03,1.640624999999999939e-03,1.496651541934175371e-03,1.000000000000000000e+00
3.828124999999999931e-03,1.640624999999999939e-03,1.469573865427398641e-03,1.000000000000000000e+00
3.984375000000000069e-03,1.640624999999999939e-03,1.443207616799901689e-03,1.000000000000000000e+00
4.140625000000000208e-03,1.640624999999999939e-03,1.418502376922150914e-03,1.000000000000000000e+00
4.296875000000000347e-03,1.640624999999999939e-03,1.396346472595972037e-03,1.000000000000000000e+00
4.453125000000000486e-03,1.640624999999999939e-03,1.377543378526699088e-03,1.000000000000000000e+00
4.609374999999999757e-03,1.640624999999999939e-03,1.362786060276932696e-03,1.000000000000000000e+00
4.765624999999999896e-03,1.640624999999999939e-03,1.352627278598417682e-03,1.000000000000000000e+00
4.921875000000000035e-03,1.640624999999999939e-03,1.347450292779969576e-03,1.000000000000000000e+00
5.078125000000000173e-03,1.640624999999999939e-03,1.347450292779970010e-03,1.000000000000000000e+00
5.234375000000000312e-03,1.640624999999999939e-03,1.352627278598419417e-03,1.000000000000000000e+00
5.390625000000000451e-03,1.640624999999999939e-03,1.362786060276934431e-03,1.000000000000000000e+00
5.546874999999999722e-03,1.640624999999999939e-03,1.377543378526700606e-03,1.000000000000000000e+00
5.703124999999999861e-03,1.640624999999999939e-03,1.396346472595972905e-03,1.000000000000000000e+00
5.859375000000000000e-03,1.640624999999999939e-03,1.418502376922150480e-03,1.000000000000000000e+00
6.015625000000000139e-03,1.640624999999999939e-03,1.443207616799900605e-03,1.000000000000000000e+00
6.171875000000000278e-03,1.640624999999999939e-03,1.469573865427397123e-03,1.000000000000000000e+00
6.328125000000000416e-03,1.640624999999999939e-03,1.496651541934172769e-03,1.000000000000000000e+00
6.484375000000000555e-03,1.640624999999999939e-03,1.523451953681952305e-03,1.000000000000000000e+00
6.640624999999999827e-03,1.640624999999999939e-03,1.548966815204729820e-03,1.000000000000000000e+00
6.796874999999999965e-03,1.640624999999999939e-03,1.572184359602326123e-03,1.000000000000000000e+00
6.953125000000000104e-03,1.640624999999999939e-03,1.592102028137468888e-03,1.000000000000000000e+00
7.109375000000000243e-03,1.640624999999999939e-03,1.607735925017284235e-03,1.000000000000000000e+00
7.265625000000000382e-03,1.640624999999999939e-03,1.618127103732281465e-03,1.000000000000000000e+00
7.421875000000000520e-03,1.640624999999999939e-03,1.622344688509333921e-03,1.000000000000000000e+00
7.578124999999999792e-03,1.640624999999999939e-03,1.619485921859019611e-03,1.000000000000000000e+00
7.734374999999999931e-03,1.640624999999999939e-03,1.608673381641272755e-03,1.000000000000000000e+00
7.890625000000000069e-03,1.640624999999999939e-03,1.589049734822860910e-03,1.000000000000000000e+00
8.046875000000000208e-03,1.640624999999999939e-03,1.559770452842507019e-03,1.000000000000000000e+00
8.203125000000000347e-03,1.640624999999999939e-03,1.519994915053601457e-03,1.000000000000000000e+00
8.359375000000000486e-03,1.640624999999999939e-03,1.468876301716985850e-03,1.000000000000000000e+00
8.515625000000000625e-03,1.640624999999999939e-03,1.405550657130369635e-03,1.000000000000000000e+00
8.671875000000000763e-03,1.640624999999999939e-03,1.329125511131544002e-03,1.000000000000000000e+00
8.828125000000000902e-03,1.640624999999999939e-03,1.238668500601590190e-03,1.000000000000000000e+00
8.984375000000001041e-03,1.640624999999999939e-03,1.133196541638686753e-03,1.000000000000000000e+00
9.140624999999999445e-03,1.640624999999999939e-03,1.011666267772826089e-03,1.000000000000000000e+00
9.296874999999999584e-03,1.640624999999999939e-03,8.729666529848491112e-04,1.000000000000000000e+00
9.453124999999999722e-03,1.640624999999999939e-03,7.159149349973173123e-04,1.000000000000000000e+00
9.609374999999999861e-03,1.640624999999999939e-03,5.392570582804172936e-04,1.000000000000000000e+00
9.765625000000000000e-03,1.640624999999999939e-03,3.416737384097199453e-04,1.000000000000000000e+00
9.921875000000000139e-03,1.640624999999999939e-03,1.217927654124773386e-04,1.000000000000000000e+00
7.812500000000000163e-05,1.796875000000000078e-03,1.253530786398975765e-04,1.000000000000000000e+00
2.343749999999999913e-04,1.796875000000000078e-03,3.522799343123589723e-04,1.000000000000000000e+00
3.906250000000000217e-04,1.796875000000000078e-03,5.566883274870198768e-04,1.000000000000000000e+00
5.468750000000000520e-04,1.796875000000000078e-03,7.398140757021618667e-04,1.000000000000000000e+00
7.031249999999999740e-04,1.796875000000000078e-03,9.028544628652615534e-04,1.000000000000000000e+00
8.593750000000000043e-04,1.796875000000000078e-03,1.046958726578639011e-03,1.000000000000000000e+00
1.015625000000000035e-03,1.796875000000000078e-03,1.173222982831880357e-03,1.000000000000000000e+00
1.171874999999999957e-03,1.796875000000000078e-03,1.282689411851399390e-03,1.000000000000000000e+00
1.328125000000000095e-03,1.796875000000000078e-03,1.376349138201101623e-03,1.000000000000000000e+00
1.484375000000000017e-03,1.796875000000000078e-03,1.455148065936209909e-03,1.000000000000000000e+00
1.640624999999999939e-03,1.796875000000000078e-03,1.519994915053605794e-03,1.000000000000000000e+00
1.796875000000000078e-03,1.796875000000000078e-03,1.571770777218711593e-03,1.000000000000000000e+00
1.953125000000000000e-03,1.796875000000000078e-03,1.611339608133816785e-03,1.000000000000000000e+00
2.109375000000000139e-03,1.796875000000000078e-03,1.639559161532612875e-03,1.000000000000000000e+00
2.265624999999999844e-03,1.796875000000000078e-03,1.657291923174719801e-03,1.000000000000000000e+00
2.421874999999999983e-03,1.796875000000000078e-03,1.665415612455329458e-03,1.000000000000000000e+00
2.578125000000000121e-03,1.796875000000000078e-03,1.664832784338644584e-03,1.000000000000000000e+00
2.734375000000000260e-03,1.796875000000000078e-03,1.656478996164370034e-03,1.000000000000000000e+00
2.890624999999999965e-03,1.796875000000000078e-03,1.641328928841000265e-03,1.000000000000000000e+00
3.046875000000000104e-03,1.796875000000000078e-03,1.620399816730885411e-03,1.000000000000000000e+00
3.203125000000000243e-03,1.796875000000000078e-03,1.594751607357636561e-03,1.000000000000000000e+00
3.359374999999999948e-03,1.796875000000000078e-03,1.565483486283744501e-03,1.000000000000000000e+00
3.515625000000000087e-03,1.796875000000000078e-03,1.533726718926446166e-03,1.000000000000000000e+00
3.671875000000000226e-03,1.796875000000000078e-03,1.500633963298999727e-03,1.000000000000000000e+00
3.828124999999999931e-03,1.796875000000000078e-03,1.467364973070893258e-03,1.000000000000000000e+00
3.984375000000000069e-03,1.796875000000000078e-03,1.435067959902727773e-03,1.000000000000000000e+00
4.140625000000000208e-03,1.796875000000000078e-03,1.404855878674210424e-03,1.000000000000000000e+00
4.296875000000000347e-03,1.796875000000000078e-03,1.377779096881738509e-03,1.000000000000000000e+00
4.453125000000000486e-03,1.796875000000000078e-03,1.354798339221876874e-03,1.000000000000000000e+00
4.609374999999999757e-03,1.796875000000000078e-03,1.336756066719755730e-03,1.000000000000000000e+00
4.765624999999999896e-03,1.796875000000000078e-03,1.324334106434775851e-03,1.000000000000000000e+00
4.921875000000000035e-03,1.796875000000000078e-03,1.318004301219731673e-03,1.000000000000000000e+00
5.078125000000000173e-03,1.796875000000000078e-03,1.318004301219732107e-03,1.000000000000000000e+00
5.234375000000000312e-03,1.796875000000000078e-03,1.324334106434777369e-03,1.000000000000000000e+00
5.390625000000000451e-03,1.796875000000000078e-03,1.336756066719757465e-03,1.000000000000000000e+00
5.546874999999999722e-03,1.796875000000000078e-03,1.354798339221878175e-03,1.000000000000000000e+00
5.703124999999999861e-03,1.796875000000000078e-03,1.377779096881738725e-03,1.000000000000000000e+00
5.859375000000000000e-03,1.796875000000000078e-03,1.404855878674209774e-03,1.000000000000000000e+00
6.015625000000000139e-03,1.796875000000000078e-03,1.435067959902726472e-03,1.000000000000000000e+00
6.171875000000000278e-03,1.796875000000000078e-03,1.467364973070891306e-03,1.000000000000000000e+00
6.328125000000000416e-03,1.796875000000000078e-03,1.500633963298997342e-03,1.000000000000000000e+00
6.484375000000000555e-03,1.796875000000000078e-03,1.533726718926443130e-03,1.000000000000000000e+00
6.640624999999999827e-03,1.796875000000000078e-03,1.565483486283741682e-03,1.000000000000000000e+00
6.796874999999999965e-03,1.796875000000000078e-03,1.594751607357633525e-03,1.000000000000000000e+00
6.953125000000000104e-03,1.796875000000000078e-03,1.620399816730881725e-03,1.000000000000000000e+00
7.109375000000000243e-03,1.796875000000000078e-03,1.641328928840996362e-03,1.000000000000000000e+00
7.265625000000000382e-03,1.796875000000000078e-03,1.656478996164366130e-03,1.000000000000000000e+00
7.421875000000000520e-03,1.796875000000000078e-03,1.664832784338641115e-03,1.000000000000000000e+00
7.578124999999999792e-03,1.796875000000000078e-03,1.665415612455326856e-03,1.000000000000000000e+00
7.734374999999999931e-03,1.796875000000000078e-03,1.657291923174717199e-03,1.000000000000000000e+00
7.890625000000000069e-03,1.796875000000000078e-03,1.639559161532609839e-03,1.000000000000000000e+00
8.046875000000000208e-03,1.796875000000000078e-03,1.611339608133813966e-03,1.000000000000000000e+00
8.203125000000000347e-03,1.796875000000000078e-03,1.571770777218707690e-03,1.000000000000000000e+00
8.359375000000000486e-03,1.796875000000000078e-03,1.519994915053601240e-03,1.000000000000000000e+00
8.515625000000000625e-03,1.796875000000000078e-03,1.455148065936204922e-03,1.000000000000000000e+00
8.671875000000000763e-03,1.796875000000000078e-03,1.376349138201097286e-03,1.000000000000000000e+00
8.828125000000000902e-03,1.796875000000000078e-03,1.282689411851395053e-03,1.000000000000000000e+00
8.984375000000001041e-03,1.796875000000000078e-03,1.173222982831876454e-03,1.000000000000000000e+00
9.140624999999999445e-03,1.796875000000000078e-03,1.046958726578635758e-03,1.000000000000000000e+00
9.296874999999999584e-03,1.796875000000000078e-03,9.028544628652588428e-04,1.000000000000000000e+00
9.453124999999999722e-03,1.796875000000000078e-03,7.398140757021599151e-04,1.000000000000000000e+00
9.609374999999999861e-03,1.796875000000000078e-03,5.566883274870186842e-04,1.000000000000000000e+00
9.765625000000000000e-03,1.796875000000000078e-03,3.522799343123583218e-04,1.000000000000000000e+00
9.921875000000000139e-03,1.796875000000000078e-03,1.253530786398973597e-04,1.000000000000000000e+00
7.812500000000000163e-05,1.953125000000000000e-03,1.282786309746513872e-04,1.000000000000000000e+00
2.343749999999999913e-04,1.953125000000000000e-03,3.609905302127976016e-04,1.000000000000000000e+00
3.906250000000000217e-04,1.953125000000000000e-03,5.709881791531402689e-04,1.000000000000000000e+00
5.468750000000000520e-04,1.953125000000000000e-03,7.593845149590468593e-04,1.000000000000000000e+00
7.031249999999999740e-04,1.953125000000000000e-03,9.272643336953939261e-04,1.000000000000000000e+00
8.593750000000000043e-04,1.953125000000000000e-03,1.075677130344584228e-03,1.000000000000000000e+00
1.015625000000000035e-03,1.953125000000000000e-03,1.205633188758792025e-03,1.000000000000000000e+00
1.171874999999999957e-03,1.953125000000000000e-03,1.318102963271020923e-03,1.000000000000000000e+00
1.328125000000000095e-03,1.953125000000000000e-03,1.414019501385248507e-03,1.000000000000000000e+00
1.484375000000000017e-03,1.953125000000000000e-03,1.494283490859756817e-03,1.000000000000000000e+00
1.640624999999999939e-03,1.953125000000000000e-03,1.559770452842511573e-03,1.000000000000000000e+00
1.796875000000000078e-03,1.953125000000000000e-03,1.611339608133817653e-03,1.000000000000000000e+00
1.953125000000000000e-03,1.953125000000000000e-03,1.649843978441434007e-03,1.000000000000000000e+00
2.109375000000000139e-03,1.953125000000000000e-03,1.676141317499050621e-03,1.000000000000000000e+00
2.265624999999999844e-03,1.953125000000000000e-03,1.691105474569660951e-03,1.000000000000000000e+00
2.421874999999999983e-03,1.953125000000000000e-03,1.695637757948932189e-03,1.000000000000000000e+00
2.578125000000000121e-03,1.953125000000000000e-03,1.690677777725542192e-03,1.000000000000000000e+00
2.734375000000000260e-03,1.953125000000000000e-03,1.677213105245548702e-03,1.000000000000000000e+00
2.890624999999999965e-03,1.953125000000000000e-03,1.656286914951457349e-03,1.000000000000000000e+00
3.046875000000000104e-03,1.953125000000000000e-03,1.629002640087432764e-03,1.000000000000000000e+00
3.203125000000000243e-03,1.953125000000000000e-03,1.596524704313587260e-03,1.000000000000000000e+00
3.359374999999999948e-03,1.953125000000000000e-03,1.560074741146162507e-03,1.000000000000000000e+00
3.515625000000000087e-03,1.953125000000000000e-03,1.520923409941084097e-03,1.000000000000000000e+00
3.671875000000000226e-03,1.953125000000000000e-03,1.480378556764485069e-03,1.000000000000000000e+00
3.828124999999999931e-03,1.953125000000000000e-03,1.439770041154446760e-03,1.000000000000000000e+00
3.984375000000000069e-03,1.953125000000000000e-03,1.400429308565907111e-03,1.000000000000000000e+00
4.140625000000000208e-03,1.953125000000000000e-03,1.363660018490224154e-03,1.000000000000000000e+00
4.296875000000000347e-03,1.953125000000000000e-03,1.330701634534894352e-03,1.000000000000000000e+00
4.453125000000000486e-03,1.953125000000000000e-03,1.302700752259314688e-03,1.000000000000000000e+00
4.609374999999999757e-03,1.953125000000000000e-03,1.280691698445439756e-03,1.000000000000000000e+00
4.765624999999999896e-03,1.953125000000000000e-03,1.265534716701199923e-03,1.000000000000000000e+00
4.921875000000000035e-03,1.953125000000000000e-03,1.257814441944448813e-03,1.000000000000000000e+00
5.078125000000000173e-03,1.953125000000000000e-03,1.257814441944448813e-03,1.000000000000000000e+00
5.234375000000000312e-03,1.953125000000000000e-03,1.265534716701200574e-03,1.000000000000000000e+00
5.390625000000000451e-03,1.953125000000000000e-03,1.280691698445440624e-03,1.000000000000000000e+00
5.546874999999999722e-03,1.953125000000000000e-03,1.302700752259315772e-03,1.000000000000000000e+00
5.703124999999999861e-03,1.953125000000000000e-03,1.330701634534894569e-03,1.000000000000000000e+00
5.859375000000000000e-03,1.953125000000000000e-03,1.363660018490222853e-03,1.000000000000000000e+00
6.015625000000000139e-03,1.953125000000000000e-03,1.400429308565904725e-03,1.000000000000000000e+00
6.171875000000000278e-03,1.953125000000000000e-03,1.439770041154444591e-03,1.000000000000000000e+00
6.328125000000000416e-03,1.953125000000000000e-03,1.480378556764482684e-03,1.000000000000000000e+00
6.484375000000000555e-03,1.953125000000000000e-03,1.520923409941081928e-03,1.000000000000000000e+00
6.640624999999999827e-03,1.953125000000000000e-03,1.560074741146159688e-03,1.000000000000000000e+00
6.796874999999999965e-03,1.953125000000000000e-03,1.596524704313584224e-03,1.000000000000000000e+00
6.953125000000000104e-03,1.953125000000000000e-03,1.629002640087429078e-03,1.000000000000000000e+00
7.109375000000000243e-03,1.953125000000000000e-03,1.656286914951453446e-03,1.000000000000000000e+00
7.265625000000000382e-03,1.953125000000000000e-03,1.677213105245545016e-03,1.000000000000000000e+00
7.421875000000000520e-03,1.953125000000000000e-03,1.690677777725538723e-03,1.000000000000000000e+00
7.578124999999999792e-03,1.953125000000000000e-03,1.695637757948929153e-03,1.000000000000000000e+00
7.734374999999999931e-03,1.953125000000000000e-03,1.691105474569657699e-03,1.000000000000000000e+00
7.890625000000000069e-03,1.953125000000000000e-03,1.676141317499047368e-03,1.000000000000000000e+00
8.046875000000000208e-03,1.953125000000000000e-03,1.649843978441430971e-03,1.000000000000000000e+00
8.203125000000000347e-03,1.953125000000000000e-03,1.611339608133813533e-03,1.000000000000000000e+00
8.359375000000000486e-03,1.953125000000000000e-03,1.559770452842506802e-03,1.000000000000000000e+00
8.515625000000000625e-03,1.953125000000000000e-03,1.494283490859752480e-03,1.000000000000000000e+00
8.671875000000000763e-03,1.953125000000000000e-03,1.414019501385244170e-03,1.000000000000000000e+00
8.828125000000000902e-03,1.953125000000000000e-03,1.318102963271016587e-03,1.000000000000000000e+00
8.984375000000001041e-03,1.953125000000000000e-03,1.205633188758788339e-03,1.000000000000000000e+00
9.140624999999999445e-03,1.953125000000000000e-03,1.075677130344580975e-03,1.000000000000000000e+00
9.296874999999999584e-03,1.953125000000000000e-03,9.272643336953913240e-04,1.000000000000000000e+00
9.453124999999999722e-03,1.953125000000000000e-03,7.593845149590452330e-04,1.000000000000000000e+00
9.609374999999999861e-03,1.953125000000000000e-03,5.709881791531392931e-04,1.000000000000000000e+00
9.765625000000000000e-03,1.953125000000000000e-03,3.609905302127970595e-04,1.000000000000000000e+00
9.921875000000000139e-03,1.953125000000000000e-03,1.282786309746511975e-04,1.000000000000000000e+00
7.812500000000000163e-05,2.109375000000000139e-03,1.306354835205617362e-04,1.000000000000000000e+00
2.343749999999999913e-04,2.109375000000000139e-03,3.680013139110400815e-04,1.000000000000000000e+00
3.906250000000000217e-04,2.109375000000000139e-03,5.824752814536965535e-04,1.000000000000000000e+00
5.468750000000000520e-04,2.109375000000000139e-03,7.750574087854914624e-04,1.000000000000000000e+00
7.031249999999999740e-04,2.109375000000000139e-03,9.467271641126830421e-04,1.000000000000000000e+00
8.593750000000000043e-04,2.109375000000000139e-03,1.098438209845511819e-03,1.000000000000000000e+00
1.015625000000000035e-03,2.109375000000000139e-03,1.231115616087682680e-03,1.000000000000000000e+00
1.171874999999999957e-03,2.109375000000000139e-03,1.345655688588642774e-03,1.000000000000000000e+00
1.328125000000000095e-03,2.109375000000000139e-03,1.442928350709114533e-03,1.000000000000000000e+00
1.484375000000000017e-03,2.109375000000000139e-03,1.523781880775058667e-03,1.000000000000000000e+00
1.640624999999999939e-03,2.109375000000000139e-03,1.589049734822865030e-03,1.000000000000000000e+00
1.796875000000000078e-03,2.109375000000000139e-03,1.639559161532613525e-03,1.000000000000000000e+00
1.953125000000000000e-03,2.109375000000000139e-03,1.676141317499051054e-03,1.000000000000000000e+00
2.109375000000000139e-03,2.109375000000000139e-03,1.699642592952495170e-03,1.000000000000000000e+00
2.265624999999999844e-03,2.109375000000000139e-03,1.710936837155939329e-03,1.000000000000000000e+00
2.421874999999999983e-03,2.109375000000000139e-03,1.710938104545196457e-03,1.000000000000000000e+00
2.578125000000000121e-03,2.109375000000000139e-03,1.700613400869044030e-03,1.000000000000000000e+00
2.734375000000000260e-03,2.109375000000000139e-03,1.680994669640824887e-03,1.000000000000000000e+00
2.890624999999999965e-03,2.109375000000000139e-03,1.653188923131846885e-03,1.000000000000000000e+00
3.046875000000000104e-03,2.109375000000000139e-03,1.618385061853800039e-03,1.000000000000000000e+00
3.203125000000000243e-03,2.109375000000000139e-03,1.577855766163117294e-03,1.000000000000000000e+00
3.359374999999999948e-03,2.109375000000000139e-03,1.532953301546234257e-03,1.000000000000000000e+00
3.515625000000000087e-03,2.109375000000000139e-03,1.485099560427243165e-03,1.000000000000000000e+00
3.671875000000000226e-03,2.109375000000000139e-03,1.435772750163409779e-03,1.000000000000000000e+00
3.828124999999999931e-03,2.109375000000000139e-03,1.386493263716501254e-03,1.000000000000000000e+00
3.984375000000000069e-03,2.109375000000000139e-03,1.338805152216226806e-03,1.000000000000000000e+00
4.140625000000000208e-03,2.109375000000000139e-03,1.294239189685883950e-03,1.000000000000000000e+00
4.296875000000000347e-03,2.109375000000000139e-03,1.254252608008299495e-03,1.000000000000000000e+00
4.453125000000000486e-03,2.109375000000000139e-03,1.220197274335048290e-03,1.000000000000000000e+00
4.609374999999999757e-03,2.109375000000000139e-03,1.193361195601487686e-03,1.000000000000000000e+00
4.765624999999999896e-03,2.109375000000000139e-03,1.174884557480134492e-03,1.000000000000000000e+00
4.921875000000000035e-03,2.109375000000000139e-03,1.165490245412414061e-03,1.000000000000000000e+00
5.078125000000000173e-03,2.109375000000000139e-03,1.165490245412413844e-03,1.000000000000000000e+00
5.234375000000000312e-03,2.109375000000000139e-03,1.174884557480135143e-03,1.000000000000000000e+00
5.390625000000000451e-03,2.109375000000000139e-03,1.193361195601488336e-03,1.000000000000000000e+00
5.546874999999999722e-03,2.109375000000000139e-03,1.220197274335048940e-03,1.000000000000000000e+00
5.703124999999999861e-03,2.109375000000000139e-03,1.254252608008299711e-03,1.000000000000000000e+00
5.859375000000000000e-03,2.109375000000000139e-03,1.294239189685882649e-03,1.000000000000000000e+00
6.015625000000000139e-03,2.109375000000000139e-03,1.338805152216224637e-03,1.000000000000000000e+00
6.171875000000000278e-03,2.109375000000000139e-03,1.386493263716499303e-03,1.000000000000000000e+00
6.328125000000000416e-03,2.109375000000000139e-03,1.435772750163407611e-03,1.000000000000000000e+00
6.484375000000000555e-03,2.109375000000000139e-03,1.485099560427240780e-03,1.000000000000000000e+00
6.640624999999999827e-03,2.109375000000000139e-03,1.532953301546231221e-03,1.000000000000000000e+00
6.796874999999999965e-03,2.109375000000000139e-03,1.577855766163114041e-03,1.000000000000000000e+00
6.953125000000000104e-03,2.109375000000000139e-03,1.618385061853795485e-03,1.000000000000000000e+00
7.109375000000000243e-03,2.109375000000000139e-03,1.653188923131843199e-03,1.000000000000000000e+00
7.265625000000000382e-03,2.109375000000000139e-03,1.680994669640820983e-03,1.000000000000000000e+00
7.421875000000000520e-03,2.109375000000000139e-03,1.700613400869039910e-03,1.000000000000000000e+00
7.578124999999999792e-03,2.109375000000000139e-03,1.710938104545193204e-03,1.000000000000000000e+00
7.734374999999999931e-03,2.109375000000000139e-03,1.710936837155936077e-03,1.000000000000000000e+00
7.890625000000000069e-03,2.109375000000000139e-03,1.699642592952491918e-03,1.000000000000000000e+00
8.046875000000000208e-03,2.109375000000000139e-03,1.676141317499047368e-03,1.000000000000000000e+00
8.203125000000000347e-03,2.109375000000000139e-03,1.639559161532609406e-03,1.000000000000000000e+00
8.359375000000000486e-03,2.109375000000000139e-03,1.589049734822860476e-03,1.000000000000000000e+00
8.515625000000000625e-03,2.109375000000000139e-03,1.523781880775054113e-03,1.000000000000000000e+00
8.671875000000000763e-03,2.109375000000000139e-03,1.442928350709110196e-03,1.000000000000000000e+00
8.828125000000000902e-03,2.109375000000000139e-03,1.345655688588638221e-03,1.000000000000000000e+00
8.984375000000001041e-03,2.109375000000000139e-03,1.231115616087678994e-03,1.000000000000000000e+00
9.140624999999999445e-03,2.109375000000000139e-03,1.098438209845508783e-03,1.000000000000000000e+00
9.296874999999999584e-03,2.109375000000000139e-03,9.467271641126807653e-04,1.000000000000000000e+00
9.453124999999999722e-03,2.109375000000000139e-03,7.750574087854900530e-04,1.000000000000000000e+00
9.609374999999999861e-03,2.109375000000000139e-03,5.824752814536956862e-04,1.000000000000000000e+00
9.765625000000000000e-03,2.109375000000000139e-03,3.680013139110395394e-04,1.000000000000000000e+00
9.921875000000000139e-03,2.109375000000000139e-03,1.306354835205615736e-04,1.000000000000000000e+00
7.812500000000000163e-05,2.265624999999999844e-03,1.324834102171172450e-04,1.000000000000000000e+00
2.343749999999999913e-04,2.265624999999999844e-03,3.734898979571042504e-04,1.000000000000000000e+00
3.906250000000000217e-04,2.265624999999999844e-03,5.914401614651145422e-04,1.000000000000000000e+00
5.468750000000000520e-04,2.265624999999999844e-03,7.872286121165398068e-04,1.000000000000000000e+00
7.031249999999999740e-04,2.265624999999999844e-03,9.617346416243347223e-04,1.000000000000000000e+00
8.593750000000000043e-04,2.265624999999999844e-03,1.115818866337097521e-03,1.000000000000000000e+00
1.015625000000000035e-03,2.265624999999999844e-03,1.250321314657783971e-03,1.000000000000000000e+00
1.171874999999999957e-03,2.265624999999999844e-03,1.366061761786751313e-03,1.000000000000000000e+00
1.328125000000000095e-03,2.265624999999999844e-03,1.463842269587508488e-03,1.000000000000000000e+00
1.484375000000000017e-03,2.265624999999999844e-03,1.544451884208497723e-03,1.000000000000000000e+00
1.640624999999999939e-03,2.265624999999999844e-03,1.608673381641276441e-03,1.000000000000000000e+00
1.796875000000000078e-03,2.265624999999999844e-03,1.657291923174720235e-03,1.000000000000000000e+00
1.953125000000000000e-03,2.265624999999999844e-03,1.691105474569661168e-03,1.000000000000000000e+00
2.109375000000000139e-03,2.265624999999999844e-03,1.710936837155939546e-03,1.000000000000000000e+00
2.265624999999999844e-03,2.265624999999999844e-03,1.717647114056405477e-03,1.000000000000000000e+00
2.421874999999999983e-03,2.265624999999999844e-03,1.712150359706871450e-03,1.000000000000000000e+00
2.578125000000000121e-03,2.265624999999999844e-03,1.695428989064611588e-03,1.000000000000000000e+00
2.734375000000000260e-03,2.265624999999999844e-03,1.668549186816860232e-03,1.000000000000000000e+00
2.890624999999999965e-03,2.265624999999999844e-03,1.632674983581306654e-03,1.000000000000000000e+00
3.046875000000000104e-03,2.265624999999999844e-03,1.589078855532799830e-03,1.000000000000000000e+00
3.203125000000000243e-03,2.265624999999999844e-03,1.539145934438849225e-03,1.000000000000000000e+00
3.359374999999999948e-03,2.265624999999999844e-03,1.484369075948412196e-03,1.000000000000000000e+00
3.515625000000000087e-03,2.265624999999999844e-03,1.426334717558245049e-03,1.000000000000000000e+00
3.671875000000000226e-03,2.265624999999999844e-03,1.366705557245409715e-03,1.000000000000000000e+00
3.828124999999999931e-03,2.265624999999999844e-03,1.307211048831922844e-03,1.000000000000000000e+00
3.984375000000000069e-03,2.265624999999999844e-03,1.249644784396613043e-03,1.000000000000000000e+00
4.140625000000000208e-03,2.265624999999999844e-03,1.195824917528784566e-03,1.000000000000000000e+00
4.296875000000000347e-03,2.265624999999999844e-03,1.147458270977372774e-03,1.000000000000000000e+00
4.453125000000000486e-03,2.265624999999999844e-03,1.106060478971091811e-03,1.000000000000000000e+00
4.609374999999999757e-03,2.265624999999999844e-03,1.073257189645328291e-03,1.000000000000000000e+00
4.765624999999999896e-03,2.265624999999999844e-03,1.050738009705436821e-03,1.000000000000000000e+00
4.921875000000000035e-03,2.265624999999999844e-03,1.039357674312658747e-03,1.000000000000000000e+00
5.078125000000000173e-03,2.265624999999999844e-03,1.039357674312658530e-03,1.000000000000000000e+00
5.234375000000000312e-03,2.265624999999999844e-03,1.050738009705437037e-03,1.000000000000000000e+00
5.390625000000000451e-03,2.265624999999999844e-03,1.073257189645328508e-03,1.000000000000000000e+00
5.546874999999999722e-03,2.265624999999999844e-03,1.106060478971091811e-03,1.000000000000000000e+00
5.703124999999999861e-03,2.265624999999999844e-03,1.147458270977372340e-03,1.000000000000000000e+00
5.859375000000000000e-03,2.265624999999999844e-03,1.195824917528783699e-03,1.000000000000000000e+00
6.015625000000000139e-03,2.265624999999999844e-03,1.249644784396611742e-03,1.000000000000000000e+00
6.171875000000000278e-03,2.265624999999999844e-03,1.307211048831921326e-03,1.000000000000000000e+00
6.328125000000000416e-03,2.265624999999999844e-03,1.366705557245407546e-03,1.000000000000000000e+00
6.484375000000000555e-03,2.265624999999999844e-03,1.426334717558242881e-03,1.000000000000000000e+00
6.640624999999999827e-03,2.265624999999999844e-03,1.484369075948409377e-03,1.000000000000000000e+00
6.796874999999999965e-03,2.265624999999999844e-03,1.539145934438845755e-03,1.000000000000000000e+00
6.953125000000000104e-03,2.265624999999999844e-03,1.589078855532795927e-03,1.000000000000000000e+00
7.109375000000000243e-03,2.265624999999999844e-03,1.632674983581302317e-03,1.000000000000000000e+00
7.265625000000000382e-03,2.265624999999999844e-03,1.668549186816855896e-03,1.000000000000000000e+00
7.421875000000000520e-03,2.265624999999999844e-03,1.695428989064607901e-03,1.000000000000000000e+00
7.578124999999999792e-03,2.265624999999999844e-03,1.712150359706867764e-03,1.000000000000000000e+00
7.734374999999999931e-03,2.265624999999999844e-03,1.717647114056401790e-03,1.000000000000000000e+00
7.890625000000000069e-03,2.265624999999999844e-03,1.710936837155935426e-03,1.000000000000000000e+00
8.046875000000000208e-03,2.265624999999999844e-03,1.691105474569656614e-03,1.000000000000000000e+00
8.203125000000000347e-03,2.265624999999999844e-03,1.657291923174715681e-03,1.000000000000000000e+00
8.359375000000000486e-03,2.265624999999999844e-03,1.608673381641271671e-03,1.000000000000000000e+00
8.515625000000000625e-03,2.265624999999999844e-03,1.544451884208493386e-03,1.000000000000000000e+00
8.671875000000000763e-03,2.265624999999999844e-03,1.463842269587504151e-03,1.000000000000000000e+00
8.828125000000000902e-03,2.265624999999999844e-03,1.366061761786747410e-03,1.000000000000000000e+00
8.984375000000001041e-03,2.265624999999999844e-03,1.250321314657780718e-03,1.000000000000000000e+00
9.140624999999999445e-03,2.265624999999999844e-03,1.115818866337095136e-03,1.000000000000000000e+00
9.296874999999999584e-03,2.265624999999999844e-03,9.617346416243327707e-04,1.000000000000000000e+00
9.453124999999999722e-03,2.265624999999999844e-03,7.872286121165383973e-04,1.000000000000000000e+00
9.609374999999999861e-03,2.265624999999999844e-03,5.914401614651135664e-04,1.000000000000000000e+00
9.765625000000000000e-03,2.265624999999999844e-03,3.734898979571038167e-04,1.000000000000000000e+00
9.921875000000000139e-03,2.265624999999999844e-03,1.324834102171171908e-04,1.000000000000000000e+00
7.812500000000000163e-05,2.421874999999999983e-03,1.338776071079201624e-04,1.000000000000000000e+00
2.343749999999999913e-04,2.421874999999999983e-03,3.776206437351453823e-04,1.000000000000000000e+00
3.906250000000000217e-04,2.421874999999999983e-03,5.981527918331176448e-04,1.000000000000000000e+00
5.468750000000000520e-04,2.421874999999999983e-03,7.962681740912185870e-04,1.000000000000000000e+00
7.031249999999999740e-04,2.421874999999999983e-03,9.727498614310175215e-04,1.000000000000000000e+00
8.593750000000000043e-04,2.421874999999999983e-03,1.128367236720759659e-03,1.000000000000000000e+00
1.015625000000000035e-03,2.421874999999999983e-03,1.263874951919604240e-03,1.000000000000000000e+00
1.171874999999999957e-03,2.421874999999999983e-03,1.380013711813069237e-03,1.000000000000000000e+00
1.328125000000000095e-03,2.421874999999999983e-03,1.477513019145670035e-03,1.000000000000000000e+00
1.484375000000000017e-03,2.421874999999999983e-03,1.557095942330146299e-03,1.000000000000000000e+00
1.640624999999999939e-03,2.421874999999999983e-03,1.619485921859021779e-03,1.000000000000000000e+00
1.796875000000000078e-03,2.421874999999999983e-03,1.665415612455329675e-03,1.000000000000000000e+00
1.953125000000000000e-03,2.421874999999999983e-03,1.695637757948932622e-03,1.000000000000000000e+00
2.109375000000000139e-03,2.421874999999999983e-03,1.710938104545196891e-03,1.000000000000000000e+00
2.265624999999999844e-03,2.421874999999999983e-03,1.712150359706871450e-03,1.000000000000000000e+00
2.421874999999999983e-03,2.421874999999999983e-03,1.700173168661271500e-03,1.000000000000000000e+00
2.578125000000000121e-03,2.421874999999999983e-03,1.675988946365670942e-03,1.000000000000000000e+00
2.734375000000000260e-03,2.421874999999999983e-03,1.640684042480696804e-03,1.000000000000000000e+00
2.890624999999999965e-03,2.421874999999999983e-03,1.595468906343719970e-03,1.000000000000000000e+00
3.046875000000000104e-03,2.421874999999999983e-03,1.541695379757243058e-03,1.000000000000000000e+00
3.203125000000000243e-03,2.421874999999999983e-03,1.480865977611066364e-03,1.000000000000000000e+00
3.359374999999999948e-03,2.421874999999999983e-03,1.414628287750320339e-03,1.000000000000000000e+00
3.515625000000000087e-03,2.421874999999999983e-03,1.344750614111916076e-03,1.000000000000000000e+00
3.671875000000000226e-03,2.421874999999999983e-03,1.273089649928060190e-03,1.000000000000000000e+00
3.828124999999999931e-03,2.421874999999999983e-03,1.201586527469167449e-03,1.000000000000000000e+00
3.984375000000000069e-03,2.421874999999999983e-03,1.132323956509518259e-03,1.000000000000000000e+00
4.140625000000000208e-03,2.421874999999999983e-03,1.067543362555267716e-03,1.000000000000000000e+00
4.296875000000000347e-03,2.421874999999999983e-03,1.009281016901315310e-03,1.000000000000000000e+00
4.453125000000000486e-03,2.421874999999999983e-03,9.589151184266181925e-04,1.000000000000000000e+00
4.609374999999999757e-03,2.421874999999999983e-03,9.184550118032962836e-04,1.000000000000000000e+00
4.765624999999999896e-03,2.421874999999999983e-03,8.910385548836261644e-04,1.000000000000000000e+00
4.921875000000000035e-03,2.421874999999999983e-03,8.774307053201250116e-04,1.000000000000000000e+00
5.078125000000000173e-03,2.421874999999999983e-03,8.774307053201251200e-04,1.000000000000000000e+00
5.234375000000000312e-03,2.421874999999999983e-03,8.910385548836260560e-04,1.000000000000000000e+00
5.390625000000000451e-03,2.421874999999999983e-03,9.184550118032961752e-04,1.000000000000000000e+00
5.546874999999999722e-03,2.421874999999999983e-03,9.589151184266178672e-04,1.000000000000000000e+00
5.703124999999999861e-03,2.421874999999999983e-03,1.009281016901314876e-03,1.000000000000000000e+00
5.859375000000000000e-03,2.421874999999999983e-03,1.067543362555266849e-03,1.000000000000000000e+00
6.015625000000000139e-03,2.421874999999999983e-03,1.132323956509516958e-03,1.000000000000000000e+00
6.171875000000000278e-03,2.421874999999999983e-03,1.201586527469165498e-03,1.000000000000000000e+00
6.328125000000000416e-03,2.421874999999999983e-03,1.273089649928058021e-03,1.000000000000000000e+00
6.484375000000000555e-03,2.421874999999999983e-03,1.344750614111913907e-03,1.000000000000000000e+00
6.640624999999999827e-03,2.421874999999999983e-03,1.414628287750317737e-03,1.000000000000000000e+00
6.796874999999999965e-03,2.421874999999999983e-03,1.480865977611063112e-03,1.000000000000000000e+00
6.953125000000000104e-03,2.421874999999999983e-03,1.541695379757238721e-03,1.000000000000000000e+00
7.109375000000000243e-03,2.421874999999999983e-03,1.595468906343715416e-03,1.000000000000000000e+00
7.265625000000000382e-03,2.421874999999999983e-03,1.640684042480692684e-03,1.000000000000000000e+00
7.421875000000000520e-03,2.421874999999999983e-03,1.675988946365666822e-03,1.000000000000000000e+00
7.578124999999999792e-03,2.421874999999999983e-03,1.700173168661267163e-03,1.000000000000000000e+00
7.734374999999999931e-03,2.421874999999999983e-03,1.712150359706866897e-03,1.000000000000000000e+00
7.890625000000000069e-03,2.421874999999999983e-03,1.710938104545192120e-03,1.000000000000000000e+00
8.046875000000000208e-03,2.421874999999999983e-03,1.695637757948927418e-03,1.000000000000000000e+00
8.203125000000000347e-03,2.421874999999999983e-03,1.665415612455325338e-03,1.000000000000000000e+00
8.359375000000000486e-03,2.421874999999999983e-03,1.619485921859017876e-03,1.000000000000000000e+00
8.515625000000000625e-03,2.421874999999999983e-03,1.557095942330141963e-03,1.000000000000000000e+00
8.671875000000000763e-03,2.421874999999999983e-03,1.477513019145665482e-03,1.000000000000000000e+00
8.828125000000000902e-03,2.421874999999999983e-03,1.380013711813065551e-03,1.000000000000000000e+00
8.984375000000001041e-03,2.421874999999999983e-03,1.263874951919601421e-03,1.000000000000000000e+00
9.140624999999999445e-03,2.421874999999999983e-03,1.128367236720757708e-03,1.000000000000000000e+00
9.296874999999999584e-03,2.421874999999999983e-03,9.727498614310162205e-04,1.000000000000000000e+00
9.453124999999999722e-03,2.421874999999999983e-03,7.962681740912173943e-04,1.000000000000000000e+00
9.609374999999999861e-03,2.421874999999999983e-03,5.981527918331166691e-04,1.000000000000000000e+00
9.765625000000000000e-03,2.421874999999999983e-03,3.776206437351448402e-04,1.000000000000000000e+00
9.921875000000000139e-03,2.421874999999999983e-03,1.338776071079200540e-04,1.000000000000000000e+00
7.812500000000000163e-05,2.578125000000000121e-03,1.348699190873384071e-04,1.000000000000000000e+00
2.343749999999999913e-04,2.578125000000000121e-03,3.805482155424396665e-04,1.000000000000000000e+00
3.906250000000000217e-04,2.578125000000000121e-03,6.028681255409916668e-04,1.000000000000000000e+00
5.468750000000000520e-04,2.578125000000000121e-03,8.025273684841995698e-04,1.000000000000000000e+00
7.031249999999999740e-04,2.578125000000000121e-03,9.802153307877582884e-04,1.000000000000000000e+00
8.593750000000000043e-04,2.578125000000000121e-03,1.136611204695319550e-03,1.000000000000000000e+00
1.015625000000000035e-03,2.578125000000000121e-03,1.272383481986804829e-03,1.000000000000000000e+00
1.171874999999999957e-03,2.578125000000000121e-03,1.388191051900251232e-03,1.000000000000000000e+00
1.328125000000000095e-03,2.578125000000000121e-03,1.484686090351955770e-03,1.000000000000000000e+00
1.484375000000000017e-03,2.578125000000000121e-03,1.562518881607395747e-03,1.000000000000000000e+00
1.640624999999999939e-03,2.578125000000000121e-03,1.622344688509335872e-03,1.000000000000000000e+00
1.796875000000000078e-03,2.578125000000000121e-03,1.664832784338644150e-03,1.000000000000000000e+00
1.953125000000000000e-03,2.578125000000000121e-03,1.690677777725542192e-03,1.000000000000000000e+00
2.109375000000000139e-03,2.578125000000000121e-03,1.700613400869044247e-03,1.000000000000000000e+00
2.265624999999999844e-03,2.578125000000000121e-03,1.695428989064611805e-03,1.000000000000000000e+00
2.421874999999999983e-03,2.578125000000000121e-03,1.675988946365670942e-03,1.000000000000000000e+00
2.578125000000000121e-03,2.578125000000000121e-03,1.643255522756103528e-03,1.000000000000000000e+00
2.734375000000000260e-03,2.578125000000000121e-03,1.598315067896536159e-03,1.000000000000000000e+00
2.890624999999999965e-03,2.578125000000000121e-03,1.542407157055632801e-03,1.000000000000000000e+00
3.046875000000000104e-03,2.578125000000000121e-03,1.476953717041385285e-03,1.000000000000000000e+00
3.203125000000000243e-03,2.578125000000000121e-03,1.403580245997852706e-03,1.000000000000000000e+00
3.359374999999999948e-03,2.578125000000000121e-03,1.324113420829887240e-03,1.000000000000000000e+00
3.515625000000000087e-03,2.578125000000000121e-03,1.240535738711039679e-03,1.000000000000000000e+00
3.671875000000000226e-03,2.578125000000000121e-03,1.154901838385746955e-03,1.000000000000000000e+00
3.828124999999999931e-03,2.578125000000000121e-03,1.069307392107167725e-03,1.000000000000000000e+00
3.984375000000000069e-03,2.578125000000000121e-03,9.861070891170251301e-04,1.000000000000000000e+00
4.140625000000000208e-03,2.578125000000000121e-03,9.083294967814528175e-04,1.000000000000000000e+00
4.296875000000000347e-03,2.578125000000000121e-03,8.387932531460028616e-04,1.000000000000000000e+00
4.453125000000000486e-03,2.578125000000000121e-03,7.774499035307691269e-04,1.000000000000000000e+00
4.609374999999999757e-03,2.578125000000000121e-03,7.261951217576131153e-04,1.000000000000000000e+00
4.765624999999999896e-03,2.578125000000000121e-03,6.931164302056465202e-04,1.000000000000000000e+00
4.921875000000000035e-03,2.578125000000000121e-03,6.774818242640909694e-04,1.000000000000000000e+00
5.078125000000000173e-03,2.578125000000000121e-03,6.774818242640909694e-04,1.000000000000000000e+00
5.234375000000000312e-03,2.578125000000000121e-03,6.931164302056463033e-04,1.000000000000000000e+00
5.390625000000000451e-03,2.578125000000000121e-03,7.261951217576128985e-04,1.000000000000000000e+00
5.546874999999999722e-03,2.578125000000000121e-03,7.774499035307689100e-04,1.000000000000000000e+00
5.703124999999999861e-03,2.578125000000000121e-03,8.387932531460019943e-04,1.000000000000000000e+00
5.859375000000000000e-03,2.578125000000000121e-03,9.083294967814517333e-04,1.000000000000000000e+00
6.015625000000000139e-03,2.578125000000000121e-03,9.861070891170238290e-04,1.000000000000000000e+00
6.171875000000000278e-03,2.578125000000000121e-03,1.069307392107166424e-03,1.000000000000000000e+00
6.328125000000000416e-03,2.578125000000000121e-03,1.154901838385745004e-03,1.000000000000000000e+00
6.484375000000000555e-03,2.578125000000000121e-03,1.240535738711037077e-03,1.000000000000000000e+00
6.640624999999999827e-03,2.578125000000000121e-03,1.324113420829884421e-03,1.000000000000000000e+00
6.796874999999999965e-03,2.578125000000000121e-03,1.403580245997849019e-03,1.000000000000000000e+00
6.953125000000000104e-03,2.578125000000000121e-03,1.476953717041381599e-03,1.000000000000000000e+00
7.109375000000000243e-03,2.578125000000000121e-03,1.542407157055629115e-03,1.000000000000000000e+00
7.265625000000000382e-03,2.578125000000000121e-03,1.598315067896532039e-03,1.000000000000000000e+00
7.421875000000000520e-03,2.578125000000000121e-03,1.643255522756099842e-03,1.000000000000000000e+00
7.578124999999999792e-03,2.578125000000000121e-03,1.675988946365666605e-03,1.000000000000000000e+00
7.734374999999999931e-03,2.578125000000000121e-03,1.695428989064607251e-03,1.000000000000000000e+00
7.890625000000000069e-03,2.578125000000000121e-03,1.700613400869039043e-03,1.000000000000000000e+00
8.046875000000000208e-03,2.578125000000000121e-03,1.690677777725537855e-03,1.000000000000000000e+00
8.203125000000000347e-03,2.578125000000000121e-03,1.664832784338640247e-03,1.000000000000000000e+00
8.359375000000000486e-03,2.578125000000000121e-03,1.622344688509332186e-03,1.000000000000000000e+00
8.515625000000000625e-03,2.578125000000000121e-03,1.562518881607391410e-03,1.000000000000000000e+00
8.671875000000000763e-03,2.578125000000000121e-03,1.484686090351952301e-03,1.000000000000000000e+00
8.828125000000000902e-03,2.578125000000000121e-03,1.388191051900247762e-03,1.000000000000000000e+00
8.984375000000001041e-03,2.578125000000000121e-03,1.272383481986802227e-03,1.000000000000000000e+00
9.140624999999999445e-03,2.578125000000000121e-03,1.136611204695317815e-03,1.000000000000000000e+00
9.296874999999999584e-03,2.578125000000000121e-03,9.802153307877569874e-04,1.000000000000000000e+00
9.453124999999999722e-03,2.578125000000000121e-03,8.025273684841985940e-04,1.000000000000000000e+00
9.609374999999999861e-03,2.578125000000000121e-03,6.028681255409907994e-04,1.000000000000000000e+00
9.765625000000000000e-03,2.578125000000000121e-03,3.805482155424391786e-04,1.000000000000000000e+00
9.921875000000000139e-03,2.578125000000000121e-03,1.348699190873382716e-04,1.000000000000000000e+00
7.812500000000000163e-05,2.734375000000000260e-03,1.355097102863322121e-04,1.000000000000000000e+00
2.343749999999999913e-04,2.734375000000000260e-03,3.824201113062829986e-04,1.000000000000000000e+00
3.906250000000000217e-04,2.734375000000000260e-03,6.058300638042097641e-04,1.000000000000000000e+00
5.468750000000000520e-04,2.734375000000000260e-03,8.063437810168297155e-04,1.000000000000000000e+00
7.031249999999999740e-04,2.734375000000000260e-03,9.845588260404963821e-04,1.000000000000000000e+00
8.593750000000000043e-04,2.734375000000000260e-03,1.141064706785956161e-03,1.000000000000000000e+00
1.015625000000000035e-03,2.734375000000000260e-03,1.276442656932044381e-03,1.000000000000000000e+00
1.171874999999999957e-03,2.734375000000000260e-03,1.391266860949173876e-03,1.000000000000000000e+00
1.328125000000000095e-03,2.734375000000000260e-03,1.486107346254505936e-03,1.000000000000000000e+00
1.484375000000000017e-03,2.734375000000000260e-03,1.561534742738144264e-03,1.000000000000000000e+00
1.640624999999999939e-03,2.734375000000000260e-03,1.618127103732284067e-03,1.000000000000000000e+00
1.796875000000000078e-03,2.734375000000000260e-03,1.656478996164369166e-03,1.000000000000000000e+00
1.953125000000000000e-03,2.734375000000000260e-03,1.677213105245548485e-03,1.000000000000000000e+00
2.109375000000000139e-03,2.734375000000000260e-03,1.680994669640825537e-03,1.000000000000000000e+00
2.265624999999999844e-03,2.734375000000000260e-03,1.668549186816860449e-03,1.000000000000000000e+00
2.421874999999999983e-03,2.734375000000000260e-03,1.640684042480697021e-03,1.000000000000000000e+00
2.578125000000000121e-03,2.734375000000000260e-03,1.598315067896536375e-03,1.000000000000000000e+00
2.734375000000000260e-03,2.734375000000000260e-03,1.542499486793712888e-03,1.000000000000000000e+00
2.890624999999999965e-03,2.734375000000000260e-03,1.474476874440889228e-03,1.000000000000000000e+00
3.046875000000000104e-03,2.734375000000000260e-03,1.395718022854813313e-03,1.000000000000000000e+00
3.203125000000000243e-03,2.734375000000000260e-03,1.307973806009070719e-03,1.000000000000000000e+00
3.359374999999999948e-03,2.734375000000000260e-03,1.213295348360336322e-03,1.000000000000000000e+00
3.515625000000000087e-03,2.734375000000000260e-03,1.113963019016607232e-03,1.000000000000000000e+00
3.671875000000000226e-03,2.734375000000000260e-03,1.012260510296720747e-03,1.000000000000000000e+00
3.828124999999999931e-03,2.734375000000000260e-03,9.102200509567321025e-04,1.000000000000000000e+00
3.984375000000000069e-03,2.734375000000000260e-03,8.100534485699613721e-04,1.000000000000000000e+00
4.140625000000000208e-03,2.734375000000000260e-03,7.164602198075155403e-04,1.000000000000000000e+00
4.296875000000000347e-03,2.734375000000000260e-03,6.356985328704738451e-04,1.000000000000000000e+00
4.453125000000000486e-03,2.734375000000000260e-03,5.614820582928423164e-04,1.000000000000000000e+00
4.609374999999999757e-03,2.734375000000000260e-03,4.913450789907407258e-04,1.000000000000000000e+00
4.765624999999999896e-03,2.734375000000000260e-03,4.533361574172555929e-04,1.000000000000000000e+00
4.921875000000000035e-03,2.734375000000000260e-03,4.374842747665017343e-04,1.000000000000000000e+00
5.078125000000000173e-03,2.734375000000000260e-03,4.374842747665016259e-04,1.000000000000000000e+00
5.234375000000000312e-03,2.734375000000000260e-03,4.533361574172553761e-04,1.000000000000000000e+00
5.390625000000000451e-03,2.734375000000000260e-03,4.913450789907406174e-04,1.000000000000000000e+00
5.546874999999999722e-03,2.734375000000000260e-03,5.614820582928420995e-04,1.000000000000000000e+00
5.703124999999999861e-03,2.734375000000000260e-03,6.356985328704730862e-04,1.000000000000000000e+00
5.859375000000000000e-03,2.734375000000000260e-03,7.164602198075145645e-04,1.000000000000000000e+00
6.015625000000000139e-03,2.734375000000000260e-03,8.100534485699600711e-04,1.000000000000000000e+00
6.171875000000000278e-03,2.734375000000000260e-03,9.102200509567304762e-04,1.000000000000000000e+00
6.328125000000000416e-03,2.734375000000000260e-03,1.012260510296719013e-03,1.000000000000000000e+00
6.484375000000000555e-03,2.734375000000000260e-03,1.113963019016605063e-03,1.000000000000000000e+00
6.640624999999999827e-03,2.734375000000000260e-03,1.213295348360333287e-03,1.000000000000000000e+00
6.796874999999999965e-03,2.734375000000000260e-03,1.307973806009067250e-03,1.000000000000000000e+00
6.953125000000000104e-03,2.734375000000000260e-03,1.395718022854809410e-03,1.000000000000000000e+00
7.109375000000000243e-03,2.734375000000000260e-03,1.474476874440885325e-03,1.000000000000000000e+00
7.265625000000000382e-03,2.734375000000000260e-03,1.542499486793708552e-03,1.000000000000000000e+00
7.421875000000000520e-03,2.734375000000000260e-03,1.598315067896532472e-03,1.000000000000000000e+00
7.578124999999999792e-03,2.734375000000000260e-03,1.640684042480692467e-03,1.000000000000000000e+00
7.734374999999999931e-03,2.734375000000000260e-03,1.668549186816855028e-03,1.000000000000000000e+00
7.890625000000000069e-03,2.734375000000000260e-03,1.680994669640819682e-03,1.000000000000000000e+00
8.046875000000000208e-03,2.734375000000000260e-03,1.677213105245543715e-03,1.000000000000000000e+00
8.203125000000000347e-03,2.734375000000000260e-03,1.656478996164364396e-03,1.000000000000000000e+00
8.359375000000000486e-03,2.734375000000000260e-03,1.618127103732279297e-03,1.000000000000000000e+00
8.515625000000000625e-03,2.734375000000000260e-03,1.561534742738139928e-03,1.000000000000000000e+00
8.671875000000000763e-03,2.734375000000000260e-03,1.486107346254502467e-03,1.000000000000000000e+00
8.828125000000000902e-03,2.734375000000000260e-03,1.391266860949171057e-03,1.000000000000000000e+00
8.984375000000001041e-03,2.734375000000000260e-03,1.276442656932041779e-03,1.000000000000000000e+00
9.140624999999999445e-03,2.734375000000000260e-03,1.141064706785954209e-03,1.000000000000000000e+00
9.296874999999999584e-03,2.734375000000000260e-03,9.845588260404952979e-04,1.000000000000000000e+00
9.453124999999999722e-03,2.734375000000000260e-03,8.063437810168287397e-04,1.000000000000000000e+00
9.609374999999999861e-03,2.734375000000000260e-03,6.058300638042090052e-04,1.000000000000000000e+00
9.765625000000000000e-03,2.734375000000000260e-03,3.824201113062825649e-04,1.000000000000000000e+00
9.921875000000000139e-03,2.734375000000000260e-03,1.355097102863320766e-04,1.000000000000000000e+00
7.812500000000000163e-05,2.890624999999999965e-03,1.358444585380397685e-04,1.000000000000000000e+00
2.343749999999999913e-04,2.890624999999999965e-03,3.833783930921506010e-04,1.000000000000000000e+00
3.906250000000000217e-04,2.890624999999999965e-03,6.072741748527344914e-04,1.000000000000000000e+00
5.468750000000000520e-04,2.890624999999999965e-03,8.080448032384123652e-04,1.000000000000000000e+00
7.031249999999999740e-04,2.890624999999999965e-03,9.861974230714425343e-04,1.000000000000000000e+00
8.593750000000000043e-04,2.890624999999999965e-03,1.142232076975964851e-03,1.000000000000000000e+00
1.015625000000000035e-03,2.890624999999999965e-03,1.276641515506241661e-03,1.000000000000000000e+00
1.171874999999999957e-03,2.890624999999999965e-03,1.389912326209894692e-03,1.000000000000000000e+00
1.328125000000000095e-03,2.890624999999999965e-03,1.482527628478749705e-03,1.000000000000000000e+00
1.484375000000000017e-03,2.890624999999999965e-03,1.554971576858392044e-03,1.000000000000000000e+00
1.640624999999999939e-03,2.890624999999999965e-03,1.607735925017286837e-03,1.000000000000000000e+00
1.796875000000000078e-03,2.890624999999999965e-03,1.641328928840999398e-03,1.000000000000000000e+00
1.953125000000000000e-03,2.890624999999999965e-03,1.656286914951456916e-03,1.000000000000000000e+00
2.109375000000000139e-03,2.890624999999999965e-03,1.653188923131847102e-03,1.000000000000000000e+00
2.265624999999999844e-03,2.890624999999999965e-03,1.632674983581306654e-03,1.000000000000000000e+00
2.421874999999999983e-03,2.890624999999999965e-03,1.595468906343719536e-03,1.000000000000000000e+00
2.578125000000000121e-03,2.890624999999999965e-03,1.542407157055632801e-03,1.000000000000000000e+00
2.734375000000000260e-03,2.890624999999999965e-03,1.474476874440888794e-03,1.000000000000000000e+00
2.890624999999999965e-03,2.890624999999999965e-03,1.392868768559397995e-03,1.000000000000000000e+00
3.046875000000000104e-03,2.890624999999999965e-03,1.299053631427907023e-03,1.000000000000000000e+00
3.203125000000000243e-03,2.890624999999999965e-03,1.194887544323280839e-03,1.000000000000000000e+00
3.359374999999999948e-03,2.890624999999999965e-03,1.082717085085779752e-03,1.000000000000000000e+00
3.515625000000000087e-03,2.890624999999999965e-03,9.653464161983323728e-04,1.000000000000000000e+00
3.671875000000000226e-03,2.890624999999999965e-03,8.455430703277959197e-04,1.000000000000000000e+00
3.828124999999999931e-03,2.890624999999999965e-03,7.248447903530784355e-04,1.000000000000000000e+00
3.984375000000000069e-03,2.890624999999999965e-03,6.030123718985726938e-04,1.000000000000000000e+00
4.140625000000000208e-03,2.890624999999999965e-03,4.873453385081733457e-04,1.000000000000000000e+00
4.296875000000000347e-03,2.890624999999999965e-03,4.016445377355342609e-04,1.000000000000000000e+00
4.453125000000000486e-03,2.890624999999999965e-03,3.170206552793858714e-04,1.000000000000000000e+00
4.609374999999999757e-03,2.890624999999999965e-03,1.999529159952520194e-04,1.000000000000000000e+00
4.765624999999999896e-03,2.890624999999999965e-03,1.669847832061332885e-04,1.000000000000000000e+00
4.921875000000000035e-03,2.890624999999999965e-03,1.572207801181587543e-04,1.000000000000000000e+00
5.078125000000000173e-03,2.890624999999999965e-03,1.572207801181587001e-04,1.000000000000000000e+00
5.234375000000000312e-03,2.890624999999999965e-03,1.669847832061331801e-04,1.000000000000000000e+00
5.390625000000000451e-03,2.890624999999999965e-03,1.999529159952518568e-04,1.000000000000000000e+00
5.546874999999999722e-03,2.890624999999999965e-03,3.170206552793857087e-04,1.000000000000000000e+00
5.703124999999999861e-03,2.890624999999999965e-03,4.016445377355338272e-04,1.000000000000000000e+00
5.859375000000000000e-03,2.890624999999999965e-03,4.873453385081726952e-04,1.000000000000000000e+00
6.015625000000000139e-03,2.890624999999999965e-03,6.030123718985717180e-04,1.000000000000000000e+00
6.171875000000000278e-03,2.890624999999999965e-03,7.248447903530771345e-04,1.000000000000000000e+00
6.328125000000000416e-03,2.890624999999999965e-03,8.455430703277944018e-04,1.000000000000000000e+00
6.484375000000000555e-03,2.890624999999999965e-03,9.653464161983302044e-04,1.000000000000000000e+00
6.640624999999999827e-03,2.890624999999999965e-03,1.082717085085776933e-03,1.000000000000000000e+00
6.796874999999999965e-03,2.890624999999999965e-03,1.194887544323277586e-03,1.000000000000000000e+00
6.953125000000000104e-03,2.890624999999999965e-03,1.299053631427903553e-03,1.000000000000000000e+00
7.109375000000000243e-03,2.890624999999999965e-03,1.392868768559394742e-03,1.000000000000000000e+00
7.265625000000000382e-03,2.890624999999999965e-03,1.474476874440885108e-03,1.000000000000000000e+00
7.421875000000000520e-03,2.890624999999999965e-03,1.542407157055628465e-03,1.000000000000000000e+00
7.578124999999999792e-03,2.890624999999999965e-03,1.595468906343715416e-03,1.000000000000000000e+00
7.734374999999999931e-03,2.890624999999999965e-03,1.632674983581301666e-03,1.000000000000000000e+00
7.890625000000000069e-03,2.890624999999999965e-03,1.653188923131842115e-03,1.000000000000000000e+00
8.046875000000000208e-03,2.890624999999999965e-03,1.656286914951451712e-03,1.000000000000000000e+00
8.203125000000000347e-03,2.890624999999999965e-03,1.641328928840994194e-03,1.000000000000000000e+00
8.359375000000000486e-03,2.890624999999999965e-03,1.607735925017281632e-03,1.000000000000000000e+00
8.515625000000000625e-03,2.890624999999999965e-03,1.554971576858387491e-03,1.000000000000000000e+00
8.671875000000000763e-03,2.890624999999999965e-03,1.482527628478746452e-03,1.000000000000000000e+00
8.828125000000000902e-03,2.890624999999999965e-03,1.389912326209892090e-03,1.000000000000000000e+00
8.984375000000001041e-03,2.890624999999999965e-03,1.276641515506239275e-03,1.000000000000000000e+00
9.140624999999999445e-03,2.890624999999999965e-03,1.142232076975962683e-03,1.000000000000000000e+00
9.296874999999999584e-03,2.890624999999999965e-03,9.861974230714414501e-04,1.000000000000000000e+00
9.453124999999999722e-03,2.890624999999999965e-03,8.080448032384113894e-04,1.000000000000000000e+00
9.609374999999999861e-03,2.890624999999999965e-03,6.072741748527337325e-04,1.000000000000000000e+00
9.765625000000000000e-03,2.890624999999999965e-03,3.833783930921501131e-04,1.000000000000000000e+00
9.921875000000000139e-03,2.890624999999999965e-03,1.358444585380396059e-04,1.000000000000000000e+00
7.812500000000000163e-05,3.046875000000000104e-03,1.359201268117161434e-04,1.000000000000000000e+00
2.343749999999999913e-04,3.046875000000000104e-03,3.835607651715450695e-04,1.000000000000000000e+00
3.906250000000000217e-04,3.046875000000000104e-03,6.074293767761654306e-04,1.000000000000000000e+00
5.468750000000000520e-04,3.046875000000000104e-03,8.079497715126426980e-04,1.000000000000000000e+00
7.031249999999999740e-04,3.046875000000000104e-03,9.855399235308977095e-04,1.000000000000000000e+00
8.593750000000000043e-04,3.046875000000000104e-03,1.140610600040217401e-03,1.000000000000000000e+00
1.015625000000000035e-03,3.046875000000000104e-03,1.273564939407063673e-03,1.000000000000000000e+00
1.171874999999999957e-03,3.046875000000000104e-03,1.384799237405414263e-03,1.000000000000000000e+00
1.328125000000000095e-03,3.046875000000000104e-03,1.474705202092206884e-03,1.000000000000000000e+00
1.484375000000000017e-03,3.046875000000000104e-03,1.543673948699385940e-03,1.000000000000000000e+00
1.640624999999999939e-03,3.046875000000000104e-03,1.592102028137471273e-03,1.000000000000000000e+00
1.796875000000000078e-03,3.046875000000000104e-03,1.620399816730884544e-03,1.000000000000000000e+00
1.953125000000000000e-03,3.046875000000000104e-03,1.629002640087431897e-03,1.000000000000000000e+00
2.109375000000000139e-03,3.046875000000000104e-03,1.618385061853798738e-03,1.000000000000000000e+00
2.265624999999999844e-03,3.046875000000000104e-03,1.589078855532798963e-03,1.000000000000000000e+00
2.421874999999999983e-03,3.046875000000000104e-03,1.541695379757242190e-03,1.000000000000000000e+00
2.578125000000000121e-03,3.046875000000000104e-03,1.476953717041384851e-03,1.000000000000000000e+00
2.734375000000000260e-03,3.046875000000000104e-03,1.395718022854812229e-03,1.000000000000000000e+00
2.890624999999999965e-03,3.046875000000000104e-03,1.299053631427906589e-03,1.000000000000000000e+00
3.046875000000000104e-03,3.046875000000000104e-03,1.188326127474135813e-03,1.000000000000000000e+00
3.203125000000000243e-03,3.046875000000000104e-03,1.065391592270365081e-03,1.000000000000000000e+00
3.359374999999999948e-03,3.046875000000000104e-03,9.329249689611692365e-04,1.000000000000000000e+00
3.515625000000000087e-03,3.046875000000000104e-03,7.947484278631462406e-04,1.000000000000000000e+00
3.671875000000000226e-03,3.046875000000000104e-03,6.553065019630524264e-04,1.000000000000000000e+00
3.828124999999999931e-03,3.046875000000000104e-03,5.161896057292130044e-04,1.000000000000000000e+00
3.984375000000000069e-03,3.046875000000000104e-03,3.653918476630774377e-04,1.000000000000000000e+00
4.140625000000000208e-03,3.046875000000000104e-03,2.038501620910708662e-04,1.000000000000000000e+00
4.296875000000000347e-03,3.046875000000000104e-03,1.420995617841039869e-04,1.000000000000000000e+00
4.453125000000000486e-03,3.046875000000000104e-03,8.058904659391497548e-05,1.000000000000000000e+00
4.609374999999999757e-03,3.046875000000000104e-03,0.000000000000000000e+00,0.000000000000000000e+00
4.765624999999999896e-03,3.046875000000000104e-03,0.000000000000000000e+00,0.000000000000000000e+00
4.921875000000000035e-03,3.046875000000000104e-03,0.000000000000000000e+00,0.000000000000000000e+00
5.078125000000000173e-03,3.046875000000000104e-03,0.000000000000000000e+00,0.000000000000000000e+00
5.234375000000000312e-03,3.046875000000000104e-03,0.000000000000000000e+00,0.000000000000000000e+00
5.390625000000000451e-03,3.046875000000000104e-03,0.000000000000000000e+00,0.000000000000000000e+00
5.546874999999999722e-03,3.046875000000000104e-03,8.058904659391492127e-05,1.000000000000000000e+00
5.703124999999999861e-03,3.046875000000000104e-03,1.420995617841038514e-04,1.000000000000000000e+00
5.859375000000000000e-03,3.046875000000000104e-03,2.038501620910705952e-04,1.000000000000000000e+00
6.015625000000000139e-03,3.046875000000000104e-03,3.653918476630770582e-04,1.000000000000000000e+00
6.171875000000000278e-03,3.046875000000000104e-03,5.161896057292122454e-04,1.000000000000000000e+00
6.328125000000000416e-03,3.046875000000000104e-03,6.553065019630514507e-04,1.000000000000000000e+00
6.484375000000000555e-03,3.046875000000000104e-03,7.947484278631446143e-04,1.000000000000000000e+00
6.640624999999999827e-03,3.046875000000000104e-03,9.329249689611667428e-04,1.000000000000000000e+00
6.796874999999999965e-03,3.046875000000000104e-03,1.065391592270362479e-03,1.000000000000000000e+00
6.953125000000000104e-03,3.046875000000000104e-03,1.188326127474133211e-03,1.000000000000000000e+00
7.109375000000000243e-03,3.046875000000000104e-03,1.299053631427903553e-03,1.000000000000000000e+00
7.265625000000000382e-03,3.046875000000000104e-03,1.395718022854809410e-03,1.000000000000000000e+00
7.421875000000000520e-03,3.046875000000000104e-03,1.476953717041381599e-03,1.000000000000000000e+00
7.578124999999999792e-03,3.046875000000000104e-03,1.541695379757238721e-03,1.000000000000000000e+00
7.734374999999999931e-03,3.046875000000000104e-03,1.589078855532794843e-03,1.000000000000000000e+00
7.890625000000000069e-03,3.046875000000000104e-03,1.618385061853793968e-03,1.000000000000000000e+00
8.046875000000000208e-03,3.046875000000000104e-03,1.629002640087426693e-03,1.000000000000000000e+00
8.203125000000000347e-03,3.046875000000000104e-03,1.620399816730879339e-03,1.000000000000000000e+00
8.359375000000000486e-03,3.046875000000000104e-03,1.592102028137466719e-03,1.000000000000000000e+00
8.515625000000000625e-03,3.046875000000000104e-03,1.543673948699381820e-03,1.000000000000000000e+00
8.671875000000000763e-03,3.046875000000000104e-03,1.474705202092203415e-03,1.000000000000000000e+00
8.828125000000000902e-03,3.046875000000000104e-03,1.384799237405411445e-03,1.000000000000000000e+00
8.984375000000001041e-03,3.046875000000000104e-03,1.273564939407061287e-03,1.000000000000000000e+00
9.140624999999999445e-03,3.046875000000000104e-03,1.140610600040215666e-03,1.000000000000000000e+00
9.296874999999999584e-03,3.046875000000000104e-03,9.855399235308964084e-04,1.000000000000000000e+00
9.453124999999999722e-03,3.046875000000000104e-03,8.079497715126416138e-04,1.000000000000000000e+00
9.609374999999999861e-03,3.046875000000000104e-03,6.074293767761643464e-04,1.000000000000000000e+00
9.765625000000000000e-03,3.046875000000000104e-03,3.835607651715444732e-04,1.000000000000000000e+00
9.921875000000000139e-03,3.046875000000000104e-03,1.359201268117159265e-04,1.000000000000000000e+00
7.812500000000000163e-05,3.203125000000000243e-03,1.357813478489959384e-04,1.000000000000000000e+00
2.343749999999999913e-04,3.203125000000000243e-03,3.831011015061482170e-04,1.000000000000000000e+00
3.906250000000000217e-04,3.203125000000000243e-03,6.065187330677390080e-04,1.000000000000000000e+00
5.468750000000000520e-04,3.203125000000000243e-03,8.063709200050952651e-04,1.000000000000000000e+00
7.031249999999999740e-04,3.203125000000000243e-03,9.829878369992878576e-04,1.000000000000000000e+00
8.593750000000000043e-04,3.203125000000000243e-03,1.136691397746943241e-03,1.000000000000000000e+00
1.015625000000000035e-03,3.203125000000000243e-03,1.267794342176381019e-03,1.000000000000000000e+00
1.171874999999999957e-03,3.203125000000000243e-03,1.376600419412492109e-03,1.000000000000000000e+00
1.328125000000000095e-03,3.203125000000000243e-03,1.463405931285276847e-03,1.000000000000000000e+00
1.484375000000000017e-03,3.203125000000000243e-03,1.528502925209472996e-03,1.000000000000000000e+00
1.640624999999999939e-03,3.203125000000000243e-03,1.572184359602327858e-03,1.000000000000000000e+00
1.796875000000000078e-03,3.203125000000000243e-03,1.594751607357635910e-03,1.000000000000000000e+00
1.953125000000000000e-03,3.203125000000000243e-03,1.596524704313586826e-03,1.000000000000000000e+00
2.109375000000000139e-03,3.203125000000000243e-03,1.577855766163116860e-03,1.000000000000000000e+00
2.265624999999999844e-03,3.203125000000000243e-03,1.539145934438847924e-03,1.000000000000000000e+00
2.421874999999999983e-03,3.203125000000000243e-03,1.480865977611065497e-03,1.000000000000000000e+00
2.578125000000000121e-03,3.203125000000000243e-03,1.403580245997851188e-03,1.000000000000000000e+00
2.734375000000000260e-03,3.203125000000000243e-03,1.307973806009069418e-03,1.000000000000000000e+00
2.890624999999999965e-03,3.203125000000000243e-03,1.194887544323279972e-03,1.000000000000000000e+00
3.046875000000000104e-03,3.203125000000000243e-03,1.065391592270364647e-03,1.000000000000000000e+00
3.203125000000000243e-03,3.203125000000000243e-03,9.210136658228745225e-04,1.000000000000000000e+00
3.359374999999999948e-03,3.203125000000000243e-03,7.644287081253845493e-04,1.000000000000000000e+00
3.515625000000000087e-03,3.203125000000000243e-03,6.010017618300316639e-04,1.000000000000000000e+00
3.671875000000000226e-03,3.203125000000000243e-03,4.403308414320546279e-04,1.000000000000000000e+00
3.828124999999999931e-03,3.203125000000000243e-03,2.948012204376441840e-04,1.000000000000000000e+00
3.984375000000000069e-03,3.203125000000000243e-03,1.141011884334535982e-04,1.000000000000000000e+00
4.140625000000000208e-03,3.203125000000000243e-03,0.000000000000000000e+00,0.000000000000000000e+00
4.296875000000000347e-03,3.203125000000000243e-03,0.000000000000000000e+00,0.000000000000000000e+00
4.453125000000000486e-03,3.203125000000000243e-03,0.000000000000000000e+00,0.000000000000000000e+00
4.609374999999999757e-03,3.203125000000000243e-03,0.000000000000000000e+00,0.000000000000000000e+00
4.765624999999999896e-03,3.203125000000000243e-03,0.000000000000000000e+00,0.000000000000000000e+00
4.921875000000000035e-03,3.203125000000000243e-03,0.000000000000000000e+00,0.000000000000000000e+00
5.078125000000000173e-03,3.203125000000000243e-03,0.000000000000000000e+00,0.000000000000000000e+00
5.234375000000000312e-03,3.203125000000000243e-03,0.000000000000000000e+00,0.000000000000000000e+00
5.390625000000000451e-03,3.203125000000000243e-03,0.000000000000000000e+00,0.000000000000000000e+00
5.546874999999999722e-03,3.203125000000000243e-03,0.000000000000000000e+00,0.000000000000000000e+00
5.703124999999999861e-03,3.203125000000000243e-03,0.000000000000000000e+00,0.000000000000000000e+00
5.859375000000000000e-03,3.203125000000000243e-03,0.000000000000000000e+00,0.000000000000000000e+00
6.015625000000000139e-03,3.203125000000000243e-03,1.141011884334534762e-04,1.000000000000000000e+00
6.171875000000000278e-03,3.203125000000000243e-03,2.948012204376438045e-04,1.000000000000000000e+00
6.328125000000000416e-03,3.203125000000000243e-03,4.403308414320539232e-04,1.000000000000000000e+00
6.484375000000000555e-03,3.203125000000000243e-03,6.010017618300304712e-04,1.000000000000000000e+00
6.640624999999999827e-03,3.203125000000000243e-03,7.644287081253829230e-04,1.000000000000000000e+00
6.796874999999999965e-03,3.203125000000000243e-03,9.210136658228727877e-04,1.000000000000000000e+00
6.953125000000000104e-03,3.203125000000000243e-03,1.065391592270362696e-03,1.000000000000000000e+00
7.109375000000000243e-03,3.203125000000000243e-03,1.194887544323277803e-03,1.000000000000000000e+00
7.265625000000000382e-03,3.203125000000000243e-03,1.307973806009067467e-03,1.000000000000000000e+00
7.421875000000000520e-03,3.203125000000000243e-03,1.403580245997848802e-03,1.000000000000000000e+00
7.578124999999999792e-03,3.203125000000000243e-03,1.480865977611062461e-03,1.000000000000000000e+00
7.734374999999999931e-03,3.203125000000000243e-03,1.539145934438844671e-03,1.000000000000000000e+00
7.890625000000000069e-03,3.203125000000000243e-03,1.577855766163112523e-03,1.000000000000000000e+00
8.046875000000000208e-03,3.203125000000000243e-03,1.596524704313582489e-03,1.000000000000000000e+00
8.203125000000000347e-03,3.203125000000000243e-03,1.594751607357631357e-03,1.000000000000000000e+00
8.359375000000000486e-03,3.203125000000000243e-03,1.572184359602324388e-03,1.000000000000000000e+00
8.515625000000000625e-03,3.203125000000000243e-03,1.528502925209469310e-03,1.000000000000000000e+00
8.671875000000000763e-03,3.203125000000000243e-03,1.463405931285273378e-03,1.000000000000000000e+00
8.828125000000000902e-03,3.203125000000000243e-03,1.376600419412489507e-03,1.000000000000000000e+00
8.984375000000001041e-03,3.203125000000000243e-03,1.267794342176378850e-03,1.000000000000000000e+00
9.140624999999999445e-03,3.203125000000000243e-03,1.136691397746941506e-03,1.000000000000000000e+00
9.296874999999999584e-03,3.203125000000000243e-03,9.829878369992863397e-04,1.000000000000000000e+00
9.453124999999999722e-03,3.203125000000000243e-03,8.063709200050940724e-04,1.000000000000000000e+00
9.609374999999999861e-03,3.203125000000000243e-03,6.065187330677381406e-04,1.000000000000000000e+00
9.765625000000000000e-03,3.203125000000000243e-03,3.831011015061476207e-04,1.000000000000000000e+00
9.921875000000000139e-03,3.203125000000000243e-03,1.357813478489957215e-04,1.000000000000000000e+00
7.812500000000000163e-05,3.359374999999999948e-03,1.354714484271152828e-04,1.000000000000000000e+00
2.343749999999999913e-04,3.359374999999999948e-03,3.821294974363129387e-04,1.000000000000000000e+00
3.906250000000000217e-04,3.359374999999999948e-03,6.047594714835468266e-04,1.000000000000000000e+00
5.468750000000000520e-04,3.359374999999999948e-03,8.036132759407112582e-04,1.000000000000000000e+00
7.031249999999999740e-04,3.359374999999999948e-03,9.789350442142154100e-04,1.000000000000000000e+00
8.593750000000000043e-04,3.359374999999999948e-03,1.130958749271886773e-03,1.000000000000000000e+00
1.015625000000000035e-03,3.359374999999999948e-03,1.259906549639025573e-03,1.000000000000000000e+00
1.171874999999999957e-03,3.359374999999999948e-03,1.365988104282896826e-03,1.000000000000000000e+00
1.328125000000000095e-03,3.359374999999999948e-03,1.449401115926934620e-03,1.000000000000000000e+00
1.484375000000000017e-03,3.359374999999999948e-03,1.510333398750901427e-03,1.000000000000000000e+00
1.640624999999999939e-03,3.359374999999999948e-03,1.548966815204732422e-03,1.000000000000000000e+00
1.796875000000000078e-03,3.359374999999999948e-03,1.565483486283743850e-03,1.000000000000000000e+00
1.953125000000000000e-03,3.359374999999999948e-03,1.560074741146161856e-03,1.000000000000000000e+00
2.109375000000000139e-03,3.359374999999999948e-03,1.532953301546232739e-03,1.000000000000000000e+00
2.265624999999999844e-03,3.359374999999999948e-03,1.484369075948411111e-03,1.000000000000000000e+00
2.421874999999999983e-03,3.359374999999999948e-03,1.414628287750319688e-03,1.000000000000000000e+00
2.578125000000000121e-03,3.359374999999999948e-03,1.324113420829886372e-03,1.000000000000000000e+00
2.734375000000000260e-03,3.359374999999999948e-03,1.213295348360335455e-03,1.000000000000000000e+00
2.890624999999999965e-03,3.359374999999999948e-03,1.082717085085778885e-03,1.000000000000000000e+00
3.046875000000000104e-03,3.359374999999999948e-03,9.329249689611685860e-04,1.000000000000000000e+00
3.203125000000000243e-03,3.359374999999999948e-03,7.644287081253845493e-04,1.000000000000000000e+00
3.359374999999999948e-03,3.359374999999999948e-03,5.783603733874628609e-04,1.000000000000000000e+00
3.515625000000000087e-03,3.359374999999999948e-03,3.800850073995413244e-04,1.000000000000000000e+00
3.671875000000000226e-03,3.359374999999999948e-03,1.857998189974903512e-04,1.000000000000000000e+00
3.828124999999999931e-03,3.359374999999999948e-03,8.416918365585575497e-05,1.000000000000000000e+00
3.984375000000000069e-03,3.359374999999999948e-03,0.000000000000000000e+00,0.000000000000000000e+00
4.140625000000000208e-03,3.359374999999999948e-03,0.000000000000000000e+00,0.000000000000000000e+00
4.296875000000000347e-03,3.359374999999999948e-03,0.000000000000000000e+00,0.000000000000000000e+00
4.453125000000000486e-03,3.359374999999999948e-03,0.000000000000000000e+00,0.000000000000000000e+00
4.609374999999999757e-03,3.359374999999999948e-03,0.000000000000000000e+00,0.000000000000000000e+00
4.765624999999999896e-03,3.359374999999999948e-03,0.000000000000000000e+00,0.000000000000000000e+00
4.921875000000000035e-03,3.359374999999999948e-03,0.000000000000000000e+00,0.000000000000000000e+00
5.078125000000000173e-03,3.359374999999999948e-03,0.000000000000000000e+00,0.000000000000000000e+00
5.234375000000000312e-03,3.359374999999999948e-03,0.000000000000000000e+00,0.000000000000000000e+00
5.390625000000000451e-03,3.359374999999999948e-03,0.000000000000000000e+00,0.000000000000000000e+00
5.546874999999999722e-03,3.359374999999999948e-03,0.000000000000000000e+00,0.000000000000000000e+00
5.703124999999999861e-03,3.359374999999999948e-03,0.000000000000000000e+00,0.000000000000000000e+00
5.859375000000000000e-03,3.359374999999999948e-03,0.000000000000000000e+00,0.000000000000000000e+00
6.015625000000000139e-03,3.359374999999999948e-03,0.000000000000000000e+00,0.000000000000000000e+00
6.171875000000000278e-03,3.359374999999999948e-03,8.416918365585563300e-05,1.000000000000000000e+00
6.328125000000000416e-03,3.359374999999999948e-03,1.857998189974900260e-04,1.000000000000000000e+00
6.484375000000000555e-03,3.359374999999999948e-03,3.800850073995406197e-04,1.000000000000000000e+00
6.640624999999999827e-03,3.359374999999999948e-03,5.783603733874617767e-04,1.000000000000000000e+00
6.796874999999999965e-03,3.359374999999999948e-03,7.644287081253832482e-04,1.000000000000000000e+00
6.953125000000000104e-03,3.359374999999999948e-03,9.329249689611670681e-04,1.000000000000000000e+00
7.109375000000000243e-03,3.359374999999999948e-03,1.082717085085777367e-03,1.000000000000000000e+00
7.265625000000000382e-03,3.359374999999999948e-03,1.213295348360333504e-03,1.000000000000000000e+00
7.421875000000000520e-03,3.359374999999999948e-03,1.324113420829884204e-03,1.000000000000000000e+00
7.578124999999999792e-03,3.359374999999999948e-03,1.414628287750317303e-03,1.000000000000000000e+00
7.734374999999999931e-03,3.359374999999999948e-03,1.484369075948408509e-03,1.000000000000000000e+00
7.890625000000000069e-03,3.359374999999999948e-03,1.532953301546228836e-03,1.000000000000000000e+00
8.046875000000000208e-03,3.359374999999999948e-03,1.560074741146157736e-03,1.000000000000000000e+00
8.203125000000000347e-03,3.359374999999999948e-03,1.565483486283739730e-03,1.000000000000000000e+00
8.359375000000000486e-03,3.359374999999999948e-03,1.548966815204728302e-03,1.000000000000000000e+00
8.515625000000000625e-03,3.359374999999999948e-03,1.510333398750898174e-03,1.000000000000000000e+00
8.671875000000000763e-03,3.359374999999999948e-03,1.449401115926931584e-03,1.000000000000000000e+00
8.828125000000000902e-03,3.359374999999999948e-03,1.365988104282894007e-03,1.000000000000000000e+00
8.984375000000001041e-03,3.359374999999999948e-03,1.259906549639023187e-03,1.000000000000000000e+00
9.140624999999999445e-03,3.359374999999999948e-03,1.130958749271884604e-03,1.000000000000000000e+00
9.296874999999999584e-03,3.359374999999999948e-03,9.789350442142136753e-04,1.000000000000000000e+00
9.453124999999999722e-03,3.359374999999999948e-03,8.036132759407098487e-04,1.000000000000000000e+00
9.609374999999999861e-03,3.359374999999999948e-03,6.047594714835458508e-04,1.000000000000000000e+00
9.765625000000000000e-03,3.359374999999999948e-03,3.821294974363123424e-04,1.000000000000000000e+00
9.921875000000000139e-03,3.359374999999999948e-03,1.354714484271150930e-04,1.000000000000000000e+00
7.812500000000000163e-05,3.515625000000000087e-03,1.350323343502675692e-04,1.000000000000000000e+00
2.343749999999999913e-04,3.515625000000000087e-03,3.807719058284411901e-04,1.000000000000000000e+00
3.906250000000000217e-04,3.515625000000000087e-03,6.023623169894243507e-04,1.000000000000000000e+00
5.468750000000000520e-04,3.515625000000000087e-03,7.999736055599867505e-04,1.000000000000000000e+00
7.031249999999999740e-04,3.515625000000000087e-03,9.737662521449748625e-04,1.000000000000000000e+00
8.593750000000000043e-04,3.515625000000000087e-03,1.123887942987363388e-03,1.000000000000000000e+00
1.015625000000000035e-03,3.515625000000000087e-03,1.250470940324937327e-03,1.000000000000000000e+00
1.171874999999999957e-03,3.515625000000000087e-03,1.353630269653134871e-03,1.000000000000000000e+00
1.328125000000000095e-03,3.515625000000000087e-03,1.433462966888663682e-03,1.000000000000000000e+00
1.484375000000000017e-03,3.515625000000000087e-03,1.490048676162466189e-03,1.000000000000000000e+00
1.640624999999999939e-03,3.515625000000000087e-03,1.523451953681954690e-03,1.000000000000000000e+00
1.796875000000000078e-03,3.515625000000000087e-03,1.533726718926445298e-03,1.000000000000000000e+00
1.953125000000000000e-03,3.515625000000000087e-03,1.520923409941083012e-03,1.000000000000000000e+00
2.109375000000000139e-03,3.515625000000000087e-03,1.485099560427241864e-03,1.000000000000000000e+00
2.265624999999999844e-03,3.515625000000000087e-03,1.426334717558244182e-03,1.000000000000000000e+00
2.421874999999999983e-03,3.515625000000000087e-03,1.344750614111915425e-03,1.000000000000000000e+00
2.578125000000000121e-03,3.515625000000000087e-03,1.240535738711039029e-03,1.000000000000000000e+00
2.734375000000000260e-03,3.515625000000000087e-03,1.113963019016606581e-03,1.000000000000000000e+00
2.890624999999999965e-03,3.515625000000000087e-03,9.653464161983317223e-04,1.000000000000000000e+00
3.046875000000000104e-03,3.515625000000000087e-03,7.947484278631460237e-04,1.000000000000000000e+00
3.203125000000000243e-03,3.515625000000000087e-03,6.010017618300315554e-04,1.000000000000000000e+00
3.359374999999999948e-03,3.515625000000000087e-03,3.800850073995412160e-04,1.000000000000000000e+00
3.515625000000000087e-03,3.515625000000000087e-03,1.307640128831804270e-04,1.000000000000000000e+00
3.671875000000000226e-03,3.515625000000000087e-03,0.000000000000000000e+00,0.000000000000000000e+00
3.828124999999999931e-03,3.515625000000000087e-03,0.000000000000000000e+00,0.000000000000000000e+00
3.984375000000000069e-03,3.515625000000000087e-03,0.000000000000000000e+00,0.000000000000000000e+00
4.140625000000000208e-03,3.515625000000000087e-03,0.000000000000000000e+00,0.000000000000000000e+00
4.296875000000000347e-03,3.515625000000000087e-03,0.000000000000000000e+00,0.000000000000000000e+00
4.453125000000000486e-03,3.515625000000000087e-03,0.000000000000000000e+00,0.000000000000000000e+00
4.609374999999999757e-03,3.515625000000000087e-03,0.000000000000000000e+00,0.000000000000000000e+00
4.765624999999999896e-03,3.515625000000000087e-03,0.000000000000000000e+00,0.000000000000000000e+00
4.921875000000000035e-03,3.515625000000000087e-03,0.000000000000000000e+00,0.000000000000000000e+00
5.078125000000000173e-03,3.515625000000000087e-03,0.000000000000000000e+00,0.000000000000000000e+00
5.234375000000000312e-03,3.515625000000000087e-03,0.000000000000000000e+00,0.000000000000000000e+00
5.390625000000000451e-03,3.515625000000000087e-03,0.000000000000000000e+00,0.000000000000000000e+00
5.546874999999999722e-03,3.515625000000000087e-03,0.000000000000000000e+00,0.000000000000000000e+00
5.703124999999999861e-03,3.515625000000000087e-03,0.000000000000000000e+00,0.000000000000000000e+00
5.859375000000000000e-03,3.515625000000000087e-03,0.000000000000000000e+00,0.000000000000000000e+00
6.015625000000000139e-03,3.515625000000000087e-03,0.000000000000000000e+00,0.000000000000000000e+00
6.171875000000000278e-03,3.515625000000000087e-03,0.000000000000000000e+00,0.000000000000000000e+00
6.328125000000000416e-03,3.515625000000000087e-03,0.000000000000000000e+00,0.000000000000000000e+00
6.484375000000000555e-03,3.515625000000000087e-03,1.307640128831802102e-04,1.000000000000000000e+00
6.640624999999999827e-03,3.515625000000000087e-03,3.800850073995407281e-04,1.000000000000000000e+00
6.796874999999999965e-03,3.515625000000000087e-03,6.010017618300307965e-04,1.000000000000000000e+00
6.953125000000000104e-03,3.515625000000000087e-03,7.947484278631448311e-04,1.000000000000000000e+00
7.109375000000000243e-03,3.515625000000000087e-03,9.653464161983303128e-04,1.000000000000000000e+00
7.265625000000000382e-03,3.515625000000000087e-03,1.113963019016605063e-03,1.000000000000000000e+00
7.421875000000000520e-03,3.515625000000000087e-03,1.240535738711036643e-03,1.000000000000000000e+00
7.578124999999999792e-03,3.515625000000000087e-03,1.344750614111913040e-03,1.000000000000000000e+00
7.734374999999999931e-03,3.515625000000000087e-03,1.426334717558241146e-03,1.000000000000000000e+00
7.890625000000000069e-03,3.515625000000000087e-03,1.485099560427239045e-03,1.000000000000000000e+00
8.046875000000000208e-03,3.515625000000000087e-03,1.520923409941080193e-03,1.000000000000000000e+00
8.203125000000000347e-03,3.515625000000000087e-03,1.533726718926441612e-03,1.000000000000000000e+00
8.359375000000000486e-03,3.515625000000000087e-03,1.523451953681951004e-03,1.000000000000000000e+00
8.515625000000000625e-03,3.515625000000000087e-03,1.490048676162463370e-03,1.000000000000000000e+00
8.671875000000000763e-03,3.515625000000000087e-03,1.433462966888660864e-03,1.000000000000000000e+00
8.828125000000000902e-03,3.515625000000000087e-03,1.353630269653132269e-03,1.000000000000000000e+00
8.984375000000001041e-03,3.515625000000000087e-03,1.250470940324934508e-03,1.000000000000000000e+00
9.140624999999999445e-03,3.515625000000000087e-03,1.123887942987360786e-03,1.000000000000000000e+00
9.296874999999999584e-03,3.515625000000000087e-03,9.737662521449726941e-04,1.000000000000000000e+00
9.453124999999999722e-03,3.515625000000000087e-03,7.999736055599852326e-04,1.000000000000000000e+00
9.609374999999999861e-03,3.515625000000000087e-03,6.023623169894234833e-04,1.000000000000000000e+00
9.765625000000000000e-03,3.515625000000000087e-03,3.807719058284406480e-04,1.000000000000000000e+00
9.921875000000000139e-03,3.515625000000000087e-03,1.350323343502674066e-04,1.000000000000000000e+00
7.812500000000000163e-05,3.671875000000000226e-03,1.345042549957815685e-04,1.000000000000000000e+00
2.343749999999999913e-04,3.671875000000000226e-03,3.791494120377599886e-04,1.000000000000000000e+00
3.906250000000000217e-04,3.671875000000000226e-03,5.995302225857225597e-04,1.000000000000000000e+00
5.468750000000000520e-04,3.671875000000000226e-03,7.957385146648366173e-04,1.000000000000000000e+00
7.031249999999999740e-04,3.671875000000000226e-03,9.678543533183340966e-04,1.000000000000000000e+00
8.593750000000000043e-04,3.671875000000000226e-03,1.115941767707655111e-03,1.000000000000000000e+00
1.015625000000000035e-03,3.671875000000000226e-03,1.240044936520224260e-03,1.000000000000000000e+00
1.171874999999999957e-03,3.671875000000000226e-03,1.340185004616041738e-03,1.000000000000000000e+00
1.328125000000000095e-03,3.671875000000000226e-03,1.416357743312118920e-03,1.000000000000000000e+00
1.484375000000000017e-03,3.671875000000000226e-03,1.468532322828345910e-03,1.000000000000000000e+00
1.640624999999999939e-03,3.671875000000000226e-03,1.496651541934174504e-03,1.000000000000000000e+00
1.796875000000000078e-03,3.671875000000000226e-03,1.500633963298999077e-03,1.000000000000000000e+00
1.953125000000000000e-03,3.671875000000000226e-03,1.480378556764483551e-03,1.000000000000000000e+00
2.109375000000000139e-03,3.671875000000000226e-03,1.435772750163408478e-03,1.000000000000000000e+00
2.265624999999999844e-03,3.671875000000000226e-03,1.366705557245408631e-03,1.000000000000000000e+00
2.421874999999999983e-03,3.671875000000000226e-03,1.273089649928059539e-03,1.000000000000000000e+00
2.578125000000000121e-03,3.671875000000000226e-03,1.154901838385746305e-03,1.000000000000000000e+00
2.734375000000000260e-03,3.671875000000000226e-03,1.012260510296719880e-03,1.000000000000000000e+00
2.890624999999999965e-03,3.671875000000000226e-03,8.455430703277953776e-04,1.000000000000000000e+00
3.046875000000000104e-03,3.671875000000000226e-03,6.553065019630523180e-04,1.000000000000000000e+00
3.203125000000000243e-03,3.671875000000000226e-03,4.403308414320546279e-04,1.000000000000000000e+00
3.359374999999999948e-03,3.671875000000000226e-03,1.857998189974903241e-04,1.000000000000000000e+00
3.515625000000000087e-03,3.671875000000000226e-03,0.000000000000000000e+00,0.000000000000000000e+00
3.671875000000000226e-03,3.671875000000000226e-03,0.000000000000000000e+00,0.000000000000000000e+00
3.828124999999999931e-03,3.671875000000000226e-03,0.000000000000000000e+00,0.000000000000000000e+00
3.984375000000000069e-03,3.671875000000000226e-03,0.000000000000000000e+00,0.000000000000000000e+00
4.140625000000000208e-03,3.671875000000000226e-03,0.000000000000000000e+00,0.000000000000000000e+00
4.296875000000000347e-03,3.671875000000000226e-03,0.000000000000000000e+00,0.000000000000000000e+00
4.453125000000000486e-03,3.671875000000000226e-03,0.000000000000000000e+00,0.000000000000000000e+00
4.609374999999999757e-03,3.671875000000000226e-03,0.000000000000000000e+00,0.000000000000000000e+00
4.765624999999999896e-03,3.671875000000000226e-03,0.000000000000000000e+00,0.000000000000000000e+00
4.921875000000000035e-03,3.671875000000000226e-03,0.000000000000000000e+00,0.000000000000000000e+00
5.078125000000000173e-03,3.671875000000000226e-03,0.000000000000000000e+00,0.000000000000000000e+00
5.234375000000000312e-03,3.671875000000000226e-03,0.000000000000000000e+00,0.000000000000000000e+00
5.390625000000000451e-03,3.671875000000000226e-03,0.000000000000000000e+00,0.000000000000000000e+00
5.546874999999999722e-03,3.671875000000000226e-03,0.000000000000000000e+00,0.000000000000000000e+00
5.703124999999999861e-03,3.671875000000000226e-03,0.000000000000000000e+00,0.000000000000000000e+00
5.859375000000000000e-03,3.671875000000000226e-03,0.000000000000000000e+00,0.000000000000000000e+00
6.015625000000000139e-03,3.671875000000000226e-03,0.000000000000000000e+00,0.000000000000000000e+00
6.171875000000000278e-03,3.671875000000000226e-03,0.000000000000000000e+00,0.000000000000000000e+00
6.328125000000000416e-03,3.671875000000000226e-03,0.000000000000000000e+00,0.000000000000000000e+00
6.484375000000000555e-03,3.671875000000000226e-03,0.000000000000000000e+00,0.000000000000000000e+00
6.640624999999999827e-03,3.671875000000000226e-03,1.857998189974900260e-04,1.000000000000000000e+00
6.796874999999999965e-03,3.671875000000000226e-03,4.403308414320540858e-04,1.000000000000000000e+00
6.953125000000000104e-03,3.671875000000000226e-03,6.553065019630513422e-04,1.000000000000000000e+00
7.109375000000000243e-03,3.671875000000000226e-03,8.455430703277942934e-04,1.000000000000000000e+00
7.265625000000000382e-03,3.671875000000000226e-03,1.012260510296718579e-03,1.000000000000000000e+00
7.421875000000000520e-03,3.671875000000000226e-03,1.154901838385744570e-03,1.000000000000000000e+00
7.578124999999999792e-03,3.671875000000000226e-03,1.273089649928056720e-03,1.000000000000000000e+00
7.734374999999999931e-03,3.671875000000000226e-03,1.366705557245405812e-03,1.000000000000000000e+00
7.890625000000000069e-03,3.671875000000000226e-03,1.435772750163405876e-03,1.000000000000000000e+00
8.046875000000000208e-03,3.671875000000000226e-03,1.480378556764480949e-03,1.000000000000000000e+00
8.203125000000000347e-03,3.671875000000000226e-03,1.500633963298995607e-03,1.000000000000000000e+00
8.359375000000000486e-03,3.671875000000000226e-03,1.496651541934171251e-03,1.000000000000000000e+00
8.515625000000000625e-03,3.671875000000000226e-03,1.468532322828343091e-03,1.000000000000000000e+00
8.671875000000000763e-03,3.671875000000000226e-03,1.416357743312116751e-03,1.000000000000000000e+00
8.828125000000000902e-03,3.671875000000000226e-03,1.340185004616039136e-03,1.000000000000000000e+00
8.984375000000001041e-03,3.671875000000000226e-03,1.240044936520221658e-03,1.000000000000000000e+00
9.140624999999999445e-03,3.671875000000000226e-03,1.115941767707652726e-03,1.000000000000000000e+00
9.296874999999999584e-03,3.671875000000000226e-03,9.678543533183322535e-04,1.000000000000000000e+00
9.453124999999999722e-03,3.671875000000000226e-03,7.957385146648350994e-04,1.000000000000000000e+00
9.609374999999999861e-03,3.671875000000000226e-03,5.995302225857218007e-04,1.000000000000000000e+00
9.765625000000000000e-03,3.671875000000000226e-03,3.791494120377595549e-04,1.000000000000000000e+00
9.921875000000000139e-03,3.671875000000000226e-03,1.345042549957814330e-04,1.000000000000000000e+00
7.812500000000000163e-05,3.828124999999999931e-03,1.339254660908802087e-04,1.000000000000000000e+00
2.343749999999999913e-04,3.828124999999999931e-03,3.773772022410945060e-04,1.000000000000000000e+00
3.906250000000000217e-04,3.828124999999999931e-03,5.964565841508691520e-04,1.000000000000000000e+00
5.468750000000000520e-04,3.828124999999999931e-03,7.911818146953030406e-04,1.000000000000000000e+00
7.031249999999999740e-04,3.828124999999999931e-03,9.615568162558698825e-04,1.000000000000000000e+00
8.593750000000000043e-04,3.828124999999999931e-03,1.107565775504698027e-03,1.000000000000000000e+00
1.015625000000000035e-03,3.828124999999999931e-03,1.229167970932262734e-03,1.000000000000000000e+00
1.171874999999999957e-03,3.828124999999999931e-03,1.326293006478688119e-03,1.000000000000000000e+00
1.328125000000000095e-03,3.828124999999999931e-03,1.398836616415425303e-03,1.000000000000000000e+00
1.484375000000000017e-03,3.828124999999999931e-03,1.446657267404624549e-03,1.000000000000000000e+00
1.640624999999999939e-03,3.828124999999999931e-03,1.469573865427397773e-03,1.000000000000000000e+00
1.796875000000000078e-03,3.828124999999999931e-03,1.467364973070892607e-03,1.000000000000000000e+00
1.953125000000000000e-03,3.828124999999999931e-03,1.439770041154445459e-03,1.000000000000000000e+00
2.109375000000000139e-03,3.828124999999999931e-03,1.386493263716500387e-03,1.000000000000000000e+00
2.265624999999999844e-03,3.828124999999999931e-03,1.307211048831922193e-03,1.000000000000000000e+00
2.421874999999999983e-03,3.828124999999999931e-03,1.201586527469167016e-03,1.000000000000000000e+00
2.578125000000000121e-03,3.828124999999999931e-03,1.069307392107167508e-03,1.000000000000000000e+00
2.734375000000000260e-03,3.828124999999999931e-03,9.102200509567317773e-04,1.000000000000000000e+00
2.890624999999999965e-03,3.828124999999999931e-03,7.248447903530781103e-04,1.000000000000000000e+00
3.046875000000000104e-03,3.828124999999999931e-03,5.161896057292128959e-04,1.000000000000000000e+00
3.203125000000000243e-03,3.828124999999999931e-03,2.948012204376442382e-04,1.000000000000000000e+00
3.359374999999999948e-03,3.828124999999999931e-03,8.416918365585575497e-05,1.000000000000000000e+00
3.515625000000000087e-03,3.828124999999999931e-03,0.000000000000000000e+00,0.000000000000000000e+00
3.671875000000000226e-03,3.828124999999999931e-03,0.000000000000000000e+00,0.000000000000000000e+00
3.828124999999999931e-03,3.828124999999999931e-03,0.000000000000000000e+00,0.000000000000000000e+00
3.984375000000000069e-03,3.828124999999999931e-03,0.000000000000000000e+00,0.000000000000000000e+00
4.140625000000000208e-03,3.828124999999999931e-03,0.000000000000000000e+00,0.000000000000000000e+00
4.296875000000000347e-03,3.828124999999999931e-03,0.000000000000000000e+00,0.000000000000000000e+00
4.453125000000000486e-03,3.828124999999999931e-03,0.000000000000000000e+00,0.000000000000000000e+00
4.609374999999999757e-03,3.828124999999999931e-03,0.000000000000000000e+00,0.000000000000000000e+00
4.765624999999999896e-03,3.828124999999999931e-03,0.000000000000000000e+00,0.000000000000000000e+00
4.921875000000000035e-03,3.828124999999999931e-03,0.000000000000000000e+00,0.000000000000000000e+00
5.078125000000000173e-03,3.828124999999999931e-03,0.000000000000000000e+00,0.000000000000000000e+00
5.234375000000000312e-03,3.828124999999999931e-03,0.000000000000000000e+00,0.000000000000000000e+00
5.390625000000000451e-03,3.828124999999999931e-03,0.000000000000000000e+00,0.000000000000000000e+00
5.546874999999999722e-03,3.828124999999999931e-03,0.000000000000000000e+00,0.000000000000000000e+00
5.703124999999999861e-03,3.828124999999999931e-03,0.000000000000000000e+00,0.000000000000000000e+00
5.859375000000000000e-03,3.828124999999999931e-03,0.000000000000000000e+00,0.000000000000000000e+00
6.015625000000000139e-03,3.828124999999999931e-03,0.000000000000000000e+00,0.000000000000000000e+00
6.171875000000000278e-03,3.828124999999999931e-03,0.000000000000000000e+00,0.000000000000000000e+00
6.328125000000000416e-03,3.828124999999999931e-03,0.000000000000000000e+00,0.000000000000000000e+00
6.484375000000000555e-03,3.828124999999999931e-03,0.000000000000000000e+00,0.000000000000000000e+00
6.640624999999999827e-03,3.828124999999999931e-03,8.416918365585564655e-05,1.000000000000000000e+00
6.796874999999999965e-03,3.828124999999999931e-03,2.948012204376439130e-04,1.000000000000000000e+00
6.953125000000000104e-03,3.828124999999999931e-03,5.161896057292122454e-04,1.000000000000000000e+00
7.109375000000000243e-03,3.828124999999999931e-03,7.248447903530771345e-04,1.000000000000000000e+00
7.265625000000000382e-03,3.828124999999999931e-03,9.102200509567301510e-04,1.000000000000000000e+00
7.421875000000000520e-03,3.828124999999999931e-03,1.069307392107165340e-03,1.000000000000000000e+00
7.578124999999999792e-03,3.828124999999999931e-03,1.201586527469164414e-03,1.000000000000000000e+00
7.734374999999999931e-03,3.828124999999999931e-03,1.307211048831919591e-03,1.000000000000000000e+00
7.890625000000000069e-03,3.828124999999999931e-03,1.386493263716497351e-03,1.000000000000000000e+00
8.046875000000000208e-03,3.828124999999999931e-03,1.439770041154442640e-03,1.000000000000000000e+00
8.203125000000000347e-03,3.828124999999999931e-03,1.467364973070889572e-03,1.000000000000000000e+00
8.359375000000000486e-03,3.828124999999999931e-03,1.469573865427395388e-03,1.000000000000000000e+00
8.515625000000000625e-03,3.828124999999999931e-03,1.446657267404621514e-03,1.000000000000000000e+00
8.671875000000000763e-03,3.828124999999999931e-03,1.398836616415422701e-03,1.000000000000000000e+00
8.828125000000000902e-03,3.828124999999999931e-03,1.326293006478686384e-03,1.000000000000000000e+00
8.984375000000001041e-03,3.828124999999999931e-03,1.229167970932261000e-03,1.000000000000000000e+00
9.140624999999999445e-03,3.828124999999999931e-03,1.107565775504696292e-03,1.000000000000000000e+00
9.296874999999999584e-03,3.828124999999999931e-03,9.615568162558683647e-04,1.000000000000000000e+00
9.453124999999999722e-03,3.828124999999999931e-03,7.911818146953020648e-04,1.000000000000000000e+00
9.609374999999999861e-03,3.828124999999999931e-03,5.964565841508687183e-04,1.000000000000000000e+00
9.765625000000000000e-03,3.828124999999999931e-03,3.773772022410942350e-04,1.000000000000000000e+00
9.921875000000000139e-03,3.828124999999999931e-03,1.339254660908801816e-04,1.000000000000000000e+00
7.812500000000000163e-05,3.984375000000000069e-03,1.333318107175252183e-04,1.000000000000000000e+00
2.343749999999999913e-04,3.984375000000000069e-03,3.755632841848687074e-04,1.000000000000000000e+00
3.906250000000000217e-04,3.984375000000000069e-03,5.933230345813572931e-04,1.000000000000000000e+00
5.468750000000000520e-04,3.984375000000000069e-03,7.865612812096365973e-04,1.000000000000000000e+00
7.031249999999999740e-04,3.984375000000000069e-03,9.552112590051435852e-04,1.000000000000000000e+00
8.593750000000000043e-04,3.984375000000000069e-03,1.099182484623004684e-03,1.000000000000000000e+00
1.015625000000000035e-03,3.984375000000000069e-03,1.218354102725440619e-03,1.000000000000000000e+00
1.171874999999999957e-03,3.984375000000000069e-03,1.312568371451023654e-03,1.000000000000000000e+00
1.328125000000000095e-03,3.984375000000000069e-03,1.381624385966268194e-03,1.000000000000000000e+00
1.484375000000000017e-03,3.984375000000000069e-03,1.425272202447327996e-03,1.000000000000000000e+00
1.640624999999999939e-03,3.984375000000000069e-03,1.443207616799900388e-03,1.000000000000000000e+00
1.796875000000000078e-03,3.984375000000000069e-03,1.435067959902726472e-03,1.000000000000000000e+00
1.953125000000000000e-03,3.984375000000000069e-03,1.400429308565905376e-03,1.000000000000000000e+00
2.109375000000000139e-03,3.984375000000000069e-03,1.338805152216225721e-03,1.000000000000000000e+00
2.265624999999999844e-03,3.984375000000000069e-03,1.249644784396612609e-03,1.000000000000000000e+00
2.421874999999999983e-03,3.984375000000000069e-03,1.132323956509518259e-03,1.000000000000000000e+00
2.578125000000000121e-03,3.984375000000000069e-03,9.861070891170249132e-04,1.000000000000000000e+00
2.734375000000000260e-03,3.984375000000000069e-03,8.100534485699611553e-04,1.000000000000000000e+00
2.890624999999999965e-03,3.984375000000000069e-03,6.030123718985724770e-04,1.000000000000000000e+00
3.046875000000000104e-03,3.984375000000000069e-03,3.653918476630774377e-04,1.000000000000000000e+00
3.203125000000000243e-03,3.984375000000000069e-03,1.141011884334536117e-04,1.000000000000000000e+00
3.359374999999999948e-03,3.984375000000000069e-03,0.000000000000000000e+00,0.000000000000000000e+00
3.515625000000000087e-03,3.984375000000000069e-03,0.000000000000000000e+00,0.000000000000000000e+00
3.671875000000000226e-03,3.984375000000000069e-03,0.000000000000000000e+00,0.000000000000000000e+00
3.828124999999999931e-03,3.984375000000000069e-03,0.000000000000000000e+00,0.000000000000000000e+00
3.984375000000000069e-03,3.984375000000000069e-03,0.000000000000000000e+00,0.000000000000000000e+00
4.140625000000000208e-03,3.984375000000000069e-03,0.000000000000000000e+00,0.000000000000000000e+00
4.296875000000000347e-03,3.984375000000000069e-03,0.000000000000000000e+00,0.000000000000000000e+00
4.453125000000000486e-03,3.984375000000000069e-03,0.000000000000000000e+00,0.000000000000000000e+00
4.609374999999999757e-03,3.984375000000000069e-03,0.000000000000000000e+00,0.000000000000000000e+00
4.765624999999999896e-03,3.984375000000000069e-03,0.000000000000000000e+00,0.000000000000000000e+00
4.921875000000000035e-03,3.984375000000000069e-03,0.000000000000000000e+00,0.000000000000000000e+00
5.078125000000000173e-03,3.984375000000000069e-03,0.000000000000000000e+00,0.000000000000000000e+00
5.234375000000000312e-03,3.984375000000000069e-03,0.000000000000000000e+00,0.000000000000000000e+00
5.390625000000000451e-03,3.984375000000000069e-03,0.000000000000000000e+00,0.000000000000000000e+00
5.546874999999999722e-03,3.984375000000000069e-03,0.000000000000000000e+00,0.000000000000000000e+00
5.703124999999999861e-03,3.984375000000000069e-03,0.000000000000000000e+00,0.000000000000000000e+00
5.859375000000000000e-03,3.984375000000000069e-03,0.000000000000000000e+00,0.000000000000000000e+00
6.015625000000000139e-03,3.984375000000000069e-03,0.000000000000000000e+00,0.000000000000000000e+00
6.171875000000000278e-03,3.984375000000000069e-03,0.000000000000000000e+00,0.000000000000000000e+00
6.328125000000000416e-03,3.984375000000000069e-03,0.000000000000000000e+00,0.000000000000000000e+00
6.484375000000000555e-03,3.984375000000000069e-03,0.000000000000000000e+00,0.000000000000000000e+00
6.640624999999999827e-03,3.984375000000000069e-03,0.000000000000000000e+00,0.000000000000000000e+00
6.796874999999999965e-03,3.984375000000000069e-03,1.141011884334534491e-04,1.000000000000000000e+00
6.953125000000000104e-03,3.984375000000000069e-03,3.653918476630768413e-04,1.000000000000000000e+00
7.109375000000000243e-03,3.984375000000000069e-03,6.030123718985713928e-04,1.000000000000000000e+00
7.265625000000000382e-03,3.984375000000000069e-03,8.100534485699596374e-04,1.000000000000000000e+00
7.421875000000000520e-03,3.984375000000000069e-03,9.861070891170227448e-04,1.000000000000000000e+00
7.578124999999999792e-03,3.984375000000000069e-03,1.132323956509515873e-03,1.000000000000000000e+00
7.734374999999999931e-03,3.984375000000000069e-03,1.249644784396609573e-03,1.000000000000000000e+00
7.890625000000000069e-03,3.984375000000000069e-03,1.338805152216222469e-03,1.000000000000000000e+00
8.046875000000000208e-03,3.984375000000000069e-03,1.400429308565902557e-03,1.000000000000000000e+00
8.203125000000000347e-03,3.984375000000000069e-03,1.435067959902724087e-03,1.000000000000000000e+00
8.359375000000000486e-03,3.984375000000000069e-03,1.443207616799898436e-03,1.000000000000000000e+00
8.515625000000000625e-03,3.984375000000000069e-03,1.425272202447325177e-03,1.000000000000000000e+00
8.671875000000000763e-03,3.984375000000000069e-03,1.381624385966265592e-03,1.000000000000000000e+00
8.828125000000000902e-03,3.984375000000000069e-03,1.312568371451021485e-03,1.000000000000000000e+00
8.984375000000001041e-03,3.984375000000000069e-03,1.218354102725439101e-03,1.000000000000000000e+00
9.140624999999999445e-03,3.984375000000000069e-03,1.099182484623003383e-03,1.000000000000000000e+00
9.296874999999999584e-03,3.984375000000000069e-03,9.552112590051425010e-04,1.000000000000000000e+00
9.453124999999999722e-03,3.984375000000000069e-03,7.865612812096359468e-04,1.000000000000000000e+00
9.609374999999999861e-03,3.984375000000000069e-03,5.933230345813568594e-04,1.000000000000000000e+00
9.765625000000000000e-03,3.984375000000000069e-03,3.755632841848685448e-04,1.000000000000000000e+00
9.921875000000000139e-03,3.984375000000000069e-03,1.333318107175251099e-04,1.000000000000000000e+00
7.812500000000000163e-05,4.140625000000000208e-03,1.327562408118771538e-04,1.000000000000000000e+00
2.343749999999999913e-04,4.140625000000000208e-03,3.738070266994983327e-04,1.000000000000000000e+00
3.906250000000000217e-04,4.140625000000000208e-03,5.902969262800545312e-04,1.000000000000000000e+00
5.468750000000000520e-04,4.140625000000000208e-03,7.821149540567428823e-04,1.000000000000000000e+00
7.031249999999999740e-04,4.140625000000000208e-03,9.491303914320635892e-04,1.000000000000000000e+00
8.593750000000000043e-04,4.140625000000000208e-03,1.091184738756736591e-03,1.000000000000000000e+00
1.015625000000000035e-03,4.140625000000000208e-03,1.208083521395471706e-03,1.000000000000000000e+00
1.171874999999999957e-03,4.140625000000000208e-03,1.299587928133697553e-03,1.000000000000000000e+00
1.328125000000000095e-03,4.140625000000000208e-03,1.365406291051295042e-03,1.000000000000000000e+00
1.484375000000000017e-03,4.140625000000000208e-03,1.405185477118518289e-03,1.000000000000000000e+00
1.640624999999999939e-03,4.140625000000000208e-03,1.418502376922149829e-03,1.000000000000000000e+00
1.796875000000000078e-03,4.140625000000000208e-03,1.404855878674209340e-03,1.000000000000000000e+00
1.953125000000000000e-03,4.140625000000000208e-03,1.363660018490222853e-03,1.000000000000000000e+00
2.109375000000000139e-03,4.140625000000000208e-03,1.294239189685883517e-03,1.000000000000000000e+00
2.265624999999999844e-03,4.140625000000000208e-03,1.195824917528784566e-03,1.000000000000000000e+00
2.421874999999999983e-03,4.140625000000000208e-03,1.067543362555267716e-03,1.000000000000000000e+00
2.578125000000000121e-03,4.140625000000000208e-03,9.083294967814526007e-04,1.000000000000000000e+00
2.734375000000000260e-03,4.140625000000000208e-03,7.164602198075151066e-04,1.000000000000000000e+00
2.890624999999999965e-03,4.140625000000000208e-03,4.873453385081731289e-04,1.000000000000000000e+00
3.046875000000000104e-03,4.140625000000000208e-03,2.038501620910709476e-04,1.000000000000000000e+00
3.203125000000000243e-03,4.140625000000000208e-03,0.000000000000000000e+00,0.000000000000000000e+00
3.359374999999999948e-03,4.140625000000000208e-03,0.000000000000000000e+00,0.000000000000000000e+00
3.515625000000000087e-03,4.140625000000000208e-03,0.000000000000000000e+00,0.000000000000000000e+00
3.671875000000000226e-03,4.140625000000000208e-03,0.000000000000000000e+00,0.000000000000000000e+00
3.828124999999999931e-03,4.140625000000000208e-03,0.000000000000000000e+00,0.000000000000000000e+00
3.984375000000000069e-03,4.140625000000000208e-03,0.000000000000000000e+00,0.000000000000000000e+00
4.140625000000000208e-03,4.140625000000000208e-03,0.000000000000000000e+00,0.000000000000000000e+00
4.296875000000000347e-03,4.140625000000000208e-03,0.000000000000000000e+00,0.000000000000000000e+00
4.453125000000000486e-03,4.140625000000000208e-03,0.000000000000000000e+00,0.000000000000000000e+00
4.609374999999999757e-03,4.140625000000000208e-03,0.000000000000000000e+00,0.000000000000000000e+00
4.765624999999999896e-03,4.140625000000000208e-03,0.000000000000000000e+00,0.000000000000000000e+00
4.921875000000000035e-03,4.140625000000000208e-03,0.000000000000000000e+00,0.000000000000000000e+00
5.078125000000000173e-03,4.140625000000000208e-03,0.000000000000000000e+00,0.000000000000000000e+00
5.234375000000000312e-03,4.140625000000000208e-03,0.000000000000000000e+00,0.000000000000000000e+00
5.390625000000000451e-03,4.140625000000000208e-03,0.000000000000000000e+00,0.000000000000000000e+00
5.546874999999999722e-03,4.140625000000000208e-03,0.000000000000000000e+00,0.000000000000000000e+00
5.703124999999999861e-03,4.140625000000000208e-03,0.000000000000000000e+00,0.000000000000000000e+00
5.859375000000000000e-03,4.140625000000000208e-03,0.000000000000000000e+00,0.000000000000000000e+00
6.015625000000000139e-03,4.140625000000000208e-03,0.000000000000000000e+00,0.000000000000000000e+00
6.171875000000000278e-03,4.140625000000000208e-03,0.000000000000000000e+00,0.000000000000000000e+00
6.328125000000000416e-03,4.140625000000000208e-03,0.000000000000000000e+00,0.000000000000000000e+00
6.484375000000000555e-03,4.140625000000000208e-03,0.000000000000000000e+00,0.000000000000000000e+00
6.640624999999999827e-03,4.140625000000000208e-03,0.000000000000000000e+00,0.000000000000000000e+00
6.796874999999999965e-03,4.140625000000000208e-03,0.000000000000000000e+00,0.000000000000000000e+00
6.953125000000000104e-03,4.140625000000000208e-03,2.038501620910705410e-04,1.000000000000000000e+00
7.109375000000000243e-03,4.140625000000000208e-03,4.873453385081721531e-04,1.000000000000000000e+00
7.265625000000000382e-03,4.140625000000000208e-03,7.164602198075136971e-04,1.000000000000000000e+00
7.421875000000000520e-03,4.140625000000000208e-03,9.083294967814508659e-04,1.000000000000000000e+00
7.578124999999999792e-03,4.140625000000000208e-03,1.067543362555265548e-03,1.000000000000000000e+00
7.734374999999999931e-03,4.140625000000000208e-03,1.195824917528781530e-03,1.000000000000000000e+00
7.890625000000000069e-03,4.140625000000000208e-03,1.294239189685880264e-03,1.000000000000000000e+00
8.046875000000000208e-03,4.140625000000000208e-03,1.363660018490220468e-03,1.000000000000000000e+00
8.203125000000000347e-03,4.140625000000000208e-03,1.404855878674207172e-03,1.000000000000000000e+00
8.359375000000000486e-03,4.140625000000000208e-03,1.418502376922147878e-03,1.000000000000000000e+00
8.515625000000000625e-03,4.140625000000000208e-03,1.405185477118515904e-03,1.000000000000000000e+00
8.671875000000000763e-03,4.140625000000000208e-03,1.365406291051292874e-03,1.000000000000000000e+00
8.828125000000000902e-03,4.140625000000000208e-03,1.299587928133695384e-03,1.000000000000000000e+00
8.984375000000001041e-03,4.140625000000000208e-03,1.208083521395470622e-03,1.000000000000000000e+00
9.140624999999999445e-03,4.140625000000000208e-03,1.091184738756735290e-03,1.000000000000000000e+00
9.296874999999999584e-03,4.140625000000000208e-03,9.491303914320626135e-04,1.000000000000000000e+00
9.453124999999999722e-03,4.140625000000000208e-03,7.821149540567424487e-04,1.000000000000000000e+00
9.609374999999999861e-03,4.140625000000000208e-03,5.902969262800540975e-04,1.000000000000000000e+00
9.765625000000000000e-03,4.140625000000000208e-03,3.738070266994980616e-04,1.000000000000000000e+00
9.921875000000000139e-03,4.140625000000000208e-03,1.327562408118770725e-04,1.000000000000000000e+00
7.812500000000000163e-05,4.296875000000000347e-03,1.322283041423622234e-04,1.000000000000000000e+00
2.343749999999999913e-04,4.296875000000000347e-03,3.721975930211925913e-04,1.000000000000000000e+00
3.906250000000000217e-04,4.296875000000000347e-03,5.875286272826198662e-04,1.000000000000000000e+00
5.468750000000000520e-04,4.296875000000000347e-03,7.780571548052173320e-04,1.000000000000000000e+00
7.031249999999999740e-04,4.296875000000000347e-03,9.435965514096311679e-04,1.000000000000000000e+00
8.593750000000000043e-04,4.296875000000000347e-03,1.083928495076406148e-03,1.000000000000000000e+00
1.015625000000000035e-03,4.296875000000000347e-03,1.198793253466012365e-03,1.000000000000000000e+00
1.171874999999999957e-03,4.296875000000000347e-03,1.287879466136997945e-03,1.000000000000000000e+00
1.328125000000000095e-03,4.296875000000000347e-03,1.350813310486696870e-03,1.000000000000000000e+00
1.484375000000000017e-03,4.296875000000000347e-03,1.387146975553299726e-03,1.000000000000000000e+00
1.640624999999999939e-03,4.296875000000000347e-03,1.396346472595971604e-03,1.000000000000000000e+00
1.796875000000000078e-03,4.296875000000000347e-03,1.377779096881738292e-03,1.000000000000000000e+00
1.953125000000000000e-03,4.296875000000000347e-03,1.330701634534893919e-03,1.000000000000000000e+00
2.109375000000000139e-03,4.296875000000000347e-03,1.254252608008299928e-03,1.000000000000000000e+00
2.265624999999999844e-03,4.296875000000000347e-03,1.147458270977373207e-03,1.000000000000000000e+00
2.421874999999999983e-03,4.296875000000000347e-03,1.009281016901315744e-03,1.000000000000000000e+00
2.578125000000000121e-03,4.296875000000000347e-03,8.387932531460028616e-04,1.000000000000000000e+00
2.734375000000000260e-03,4.296875000000000347e-03,6.356985328704735198e-04,1.000000000000000000e+00
2.890624999999999965e-03,4.296875000000000347e-03,4.016445377355340983e-04,1.000000000000000000e+00
3.046875000000000104e-03,4.296875000000000347e-03,1.420995617841039869e-04,1.000000000000000000e+00
3.203125000000000243e-03,4.296875000000000347e-03,0.000000000000000000e+00,0.000000000000000000e+00
3.359374999999999948e-03,4.296875000000000347e-03,0.000000000000000000e+00,0.000000000000000000e+00
3.515625000000000087e-03,4.296875000000000347e-03,0.000000000000000000e+00,0.000000000000000000e+00
3.671875000000000226e-03,4.296875000000000347e-03,0.000000000000000000e+00,0.000000000000000000e+00
3.828124999999999931e-03,4.296875000000000347e-03,0.000000000000000000e+00,0.000000000000000000e+00
3.984375000000000069e-03,4.296875000000000347e-03,0.000000000000000000e+00,0.000000000000000000e+00
4.140625000000000208e-03,4.296875000000000347e-03,0.000000000000000000e+00,0.000000000000000000e+00
4.296875000000000347e-03,4.296875000000000347e-03,0.000000000000000000e+00,0.000000000000000000e+00
4.453125000000000486e-03,4.296875000000000347e-03,0.000000000000000000e+00,0.000000000000000000e+00
4.609374999999999757e-03,4.296875000000000347e-03,0.000000000000000000e+00,0.000000000000000000e+00
4.765624999999999896e-03,4.296875000000000347e-03,0.000000000000000000e+00,0.000000000000000000e+00
4.921875000000000035e-03,4.296875000000000347e-03,0.000000000000000000e+00,0.000000000000000000e+00
5.078125000000000173e-03,4.296875000000000347e-03,0.000000000000000000e+00,0.000000000000000000e+00
5.234375000000000312e-03,4.296875000000000347e-03,0.000000000000000000e+00,0.000000000000000000e+00
5.390625000000000451e-03,4.296875000000000347e-03,0.000000000000000000e+00,0.000000000000000000e+00
5.546874999999999722e-03,4.296875000000000347e-03,0.000000000000000000e+00,0.000000000000000000e+00
5.703124999999999861e-03,4.296875000000000347e-03,0.000000000000000000e+00,0.000000000000000000e+00
5.859375000000000000e-03,4.296875000000000347e-03,0.000000000000000000e+00,0.000000000000000000e+00
6.015625000000000139e-03,4.296875000000000347e-03,0.000000000000000000e+00,0.000000000000000000e+00
6.171875000000000278e-03,4.296875000000000347e-03,0.000000000000000000e+00,0.000000000000000000e+00
6.328125000000000416e-03,4.296875000000000347e-03,0.000000000000000000e+00,0.000000000000000000e+00
6.484375000000000555e-03,4.296875000000000347e-03,0.000000000000000000e+00,0.000000000000000000e+00
6.640624999999999827e-03,4.296875000000000347e-03,0.000000000000000000e+00,0.000000000000000000e+00
6.796874999999999965e-03,4.296875000000000347e-03,0.000000000000000000e+00,0.000000000000000000e+00
6.953125000000000104e-03,4.296875000000000347e-03,1.420995617841037430e-04,1.000000000000000000e+00
7.109375000000000243e-03,4.296875000000000347e-03,4.016445377355334478e-04,1.000000000000000000e+00
7.265625000000000382e-03,4.296875000000000347e-03,6.356985328704725441e-04,1.000000000000000000e+00
7.421875000000000520e-03,4.296875000000000347e-03,8.387932531460013438e-04,1.000000000000000000e+00
7.578124999999999792e-03,4.296875000000000347e-03,1.009281016901314009e-03,1.000000000000000000e+00
7.734374999999999931e-03,4.296875000000000347e-03,1.147458270977371039e-03,1.000000000000000000e+00
7.890625000000000069e-03,4.296875000000000347e-03,1.254252608008296892e-03,1.000000000000000000e+00
8.046875000000000208e-03,4.296875000000000347e-03,1.330701634534891750e-03,1.000000000000000000e+00
8.203125000000000347e-03,4.296875000000000347e-03,1.377779096881735690e-03,1.000000000000000000e+00
8.359375000000000486e-03,4.296875000000000347e-03,1.396346472595969652e-03,1.000000000000000000e+00
8.515625000000000625e-03,4.296875000000000347e-03,1.387146975553297992e-03,1.000000000000000000e+00
8.671875000000000763e-03,4.296875000000000347e-03,1.350813310486695569e-03,1.000000000000000000e+00
8.828125000000000902e-03,4.296875000000000347e-03,1.287879466136996210e-03,1.000000000000000000e+00
8.984375000000001041e-03,4.296875000000000347e-03,1.198793253466011064e-03,1.000000000000000000e+00
9.140624999999999445e-03,4.296875000000000347e-03,1.083928495076405280e-03,1.000000000000000000e+00
9.296874999999999584e-03,4.296875000000000347e-03,9.435965514096303006e-04,1.000000000000000000e+00
9.453124999999999722e-03,4.296875000000000347e-03,7.780571548052167899e-04,1.000000000000000000e+00
9.609374999999999861e-03,4.296875000000000347e-03,5.875286272826194325e-04,1.000000000000000000e+00
9.765625000000000000e-03,4.296875000000000347e-03,3.721975930211923202e-04,1.000000000000000000e+00
9.921875000000000139e-03,4.296875000000000347e-03,1.322283041423621150e-04,1.000000000000000000e+00
7.812500000000000163e-05,4.453125000000000486e-03,1.317736243787413775e-04,1.000000000000000000e+00
2.343749999999999913e-04,4.453125000000000486e-03,3.708123514602901108e-04,1.000000000000000000e+00
3.906250000000000217e-04,4.453125000000000486e-03,5.851487725240147719e-04,1.000000000000000000e+00
5.468750000000000520e-04,4.453125000000000486e-03,7.745744239718749561e-04,1.000000000000000000e+00
7.031249999999999740e-04,4.453125000000000486e-03,9.388561018248371476e-04,1.000000000000000000e+00
8.593750000000000043e-04,4.453125000000000486e-03,1.077725374173244552e-03,1.000000000000000000e+00
1.015625000000000035e-03,4.453125000000000486e-03,1.190867468755173100e-03,1.000000000000000000e+00
1.171874999999999957e-03,4.453125000000000486e-03,1.277909309961585077e-03,1.000000000000000000e+00
1.328125000000000095e-03,4.453125000000000486e-03,1.338406446705196588e-03,1.000000000000000000e+00
1.484375000000000017e-03,4.453125000000000486e-03,1.371828579512013313e-03,1.000000000000000000e+00
1.640624999999999939e-03,4.453125000000000486e-03,1.377543378526698654e-03,1.000000000000000000e+00
1.796875000000000078e-03,4.453125000000000486e-03,1.354798339221876874e-03,1.000000000000000000e+00
1.953125000000000000e-03,4.453125000000000486e-03,1.302700752259314688e-03,1.000000000000000000e+00
2.109375000000000139e-03,4.453125000000000486e-03,1.220197274335048723e-03,1.000000000000000000e+00
2.265624999999999844e-03,4.453125000000000486e-03,1.106060478971092461e-03,1.000000000000000000e+00
2.421874999999999983e-03,4.453125000000000486e-03,9.589151184266186262e-04,1.000000000000000000e+00
2.578125000000000121e-03,4.453125000000000486e-03,7.774499035307693437e-04,1.000000000000000000e+00
2.734375000000000260e-03,4.453125000000000486e-03,5.614820582928424248e-04,1.000000000000000000e+00
2.890624999999999965e-03,4.453125000000000486e-03,3.170206552793858714e-04,1.000000000000000000e+00
3.046875000000000104e-03,4.453125000000000486e-03,8.058904659391497548e-05,1.000000000000000000e+00
3.203125000000000243e-03,4.453125000000000486e-03,0.000000000000000000e+00,0.000000000000000000e+00
3.359374999999999948e-03,4.453125000000000486e-03,0.000000000000000000e+00,0.000000000000000000e+00
3.515625000000000087e-03,4.453125000000000486e-03,0.000000000000000000e+00,0.000000000000000000e+00
3.671875000000000226e-03,4.453125000000000486e-03,0.000000000000000000e+00,0.000000000000000000e+00
3.828124999999999931e-03,4.453125000000000486e-03,0.000000000000000000e+00,0.000000000000000000e+00
3.984375000000000069e-03,4.453125000000000486e-03,0.000000000000000000e+00,0.000000000000000000e+00
4.140625000000000208e-03,4.453125000000000486e-03,0.000000000000000000e+00,0.000000000000000000e+00
4.296875000000000347e-03,4.453125000000000486e-03,0.000000000000000000e+00,0.000000000000000000e+00
4.453125000000000486e-03,4.453125000000000486e-03,0.000000000000000000e+00,0.000000000000000000e+00
4.609374999999999757e-03,4.453125000000000486e-03,0.000000000000000000e+00,0.000000000000000000e+00
4.765624999999999896e-03,4.453125000000000486e-03,0.000000000000000000e+00,0.000000000000000000e+00
4.921875000000000035e-03,4.453125000000000486e-03,0.000000000000000000e+00,0.000000000000000000e+00
5.078125000000000173e-03,4.453125000000000486e-03,0.000000000000000000e+00,0.000000000000000000e+00
5.234375000000000312e-03,4.453125000000000486e-03,0.000000000000000000e+00,0.000000000000000000e+00
5.390625000000000451e-03,4.453125000000000486e-03,0.000000000000000000e+00,0.000000000000000000e+00
5.546874999999999722e-03,4.453125000000000486e-03,0.000000000000000000e+00,0.000000000000000000e+00
5.703124999999999861e-03,4.453125000000000486e-03,0.000000000000000000e+00,0.000000000000000000e+00
5.859375000000000000e-03,4.453125000000000486e-03,0.000000000000000000e+00,0.000000000000000000e+00
6.015625000000000139e-03,4.453125000000000486e-03,0.000000000000000000e+00,0.000000000000000000e+00
6.171875000000000278e-03,4.453125000000000486e-03,0.000000000000000000e+00,0.000000000000000000e+00
6.328125000000000416e-03,4.453125000000000486e-03,0.000000000000000000e+00,0.000000000000000000e+00
6.484375000000000555e-03,4.453125000000000486e-03,0.000000000000000000e+00,0.000000000000000000e+00
6.640624999999999827e-03,4.453125000000000486e-03,0.000000000000000000e+00,0.000000000000000000e+00
6.796874999999999965e-03,4.453125000000000486e-03,0.000000000000000000e+00,0.000000000000000000e+00
6.953125000000000104e-03,4.453125000000000486e-03,8.058904659391485350e-05,1.000000000000000000e+00
7.109375000000000243e-03,4.453125000000000486e-03,3.170206552793854377e-04,1.000000000000000000e+00
7.265625000000000382e-03,4.453125000000000486e-03,5.614820582928415574e-04,1.000000000000000000e+00
7.421875000000000520e-03,4.453125000000000486e-03,7.774499035307681511e-04,1.000000000000000000e+00
7.578124999999999792e-03,4.453125000000000486e-03,9.589151184266174336e-04,1.000000000000000000e+00
7.734374999999999931e-03,4.453125000000000486e-03,1.106060478971090727e-03,1.000000000000000000e+00
7.890625000000000069e-03,4.453125000000000486e-03,1.220197274335046121e-03,1.000000000000000000e+00
8.046875000000000208e-03,4.453125000000000486e-03,1.302700752259312086e-03,1.000000000000000000e+00
8.203125000000000347e-03,4.453125000000000486e-03,1.354798339221874271e-03,1.000000000000000000e+00
8.359375000000000486e-03,4.453125000000000486e-03,1.377543378526696703e-03,1.000000000000000000e+00
8.515625000000000625e-03,4.453125000000000486e-03,1.371828579512011578e-03,1.000000000000000000e+00
8.671875000000000763e-03,4.453125000000000486e-03,1.338406446705195504e-03,1.000000000000000000e+00
8.828125000000000902e-03,4.453125000000000486e-03,1.277909309961583560e-03,1.000000000000000000e+00
8.984375000000001041e-03,4.453125000000000486e-03,1.190867468755172232e-03,1.000000000000000000e+00
9.140624999999999445e-03,4.453125000000000486e-03,1.077725374173243251e-03,1.000000000000000000e+00
9.296874999999999584e-03,4.453125000000000486e-03,9.388561018248363886e-04,1.000000000000000000e+00
9.453124999999999722e-03,4.453125000000000486e-03,7.745744239718743056e-04,1.000000000000000000e+00
9.609374999999999861e-03,4.453125000000000486e-03,5.851487725240142298e-04,1.000000000000000000e+00
9.765625000000000000e-03,4.453125000000000486e-03,3.708123514602897856e-04,1.000000000000000000e+00
9.921875000000000139e-03,4.453125000000000486e-03,1.317736243787412690e-04,1.000000000000000000e+00
7.812500000000000163e-05,4.609374999999999757e-03,1.314134037910545043e-04,1.000000000000000000e+00
2.343749999999999913e-04,4.609374999999999757e-03,3.697153534172115726e-04,1.000000000000000000e+00
3.906250000000000217e-04,4.609374999999999757e-03,5.832656248812740241e-04,1.000000000000000000e+00
5.468750000000000520e-04,4.609374999999999757e-03,7.718216042334302262e-04,1.000000000000000000e+00
7.031249999999999740e-04,4.609374999999999757e-03,9.351139952445981091e-04,1.000000000000000000e+00
8.593750000000000043e-04,4.609374999999999757e-03,1.072835368536560708e-03,1.000000000000000000e+00
1.015625000000000035e-03,4.609374999999999757e-03,1.184627874919850924e-03,1.000000000000000000e+00
1.171874999999999957e-03,4.609374999999999757e-03,1.270069795748972330e-03,1.000000000000000000e+00
1.328125000000000095e-03,4.609374999999999757e-03,1.328660524360491830e-03,1.000000000000000000e+00
1.484375000000000017e-03,4.609374999999999757e-03,1.359803454762858153e-03,1.000000000000000000e+00
1.640624999999999939e-03,4.609374999999999757e-03,1.362786060276932479e-03,1.000000000000000000e+00
1.796875000000000078e-03,4.609374999999999757e-03,1.336756066719756164e-03,1.000000000000000000e+00
1.953125000000000000e-03,4.609374999999999757e-03,1.280691698445439756e-03,1.000000000000000000e+00
2.109375000000000139e-03,4.609374999999999757e-03,1.193361195601487902e-03,1.000000000000000000e+00
2.265624999999999844e-03,4.609374999999999757e-03,1.073257189645328942e-03,1.000000000000000000e+00
2.421874999999999983e-03,4.609374999999999757e-03,9.184550118032974763e-04,1.000000000000000000e+00
2.578125000000000121e-03,4.609374999999999757e-03,7.261951217576136574e-04,1.000000000000000000e+00
2.734375000000000260e-03,4.609374999999999757e-03,4.913450789907410510e-04,1.000000000000000000e+00
2.890624999999999965e-03,4.609374999999999757e-03,1.999529159952520736e-04,1.000000000000000000e+00
3.046875000000000104e-03,4.609374999999999757e-03,0.000000000000000000e+00,0.000000000000000000e+00
3.203125000000000243e-03,4.609374999999999757e-03,0.000000000000000000e+00,0.000000000000000000e+00
3.359374999999999948e-03,4.609374999999999757e-03,0.000000000000000000e+00,0.000000000000000000e+00
3.515625000000000087e-03,4.609374999999999757e-03,0.000000000000000000e+00,0.000000000000000000e+00
3.671875000000000226e-03,4.609374999999999757e-03,0.000000000000000000e+00,0.000000000000000000e+00
3.828124999999999931e-03,4.609374999999999757e-03,0.000000000000000000e+00,0.000000000000000000e+00
3.984375000000000069e-03,4.609374999999999757e-03,0.000000000000000000e+00,0.000000000000000000e+00
4.140625000000000208e-03,4.609374999999999757e-03,0.000000000000000000e+00,0.000000000000000000e+00
4.296875000000000347e-03,4.609374999999999757e-03,0.000000000000000000e+00,0.000000000000000000e+00
4.453125000000000486e-03,4.609374999999999757e-03,0.000000000000000000e+00,0.000000000000000000e+00
4.609374999999999757e-03,4.609374999999999757e-03,0.000000000000000000e+00,0.000000000000000000e+00
4.765624999999999896e-03,4.609374999999999757e-03,0.000000000000000000e+00,0.000000000000000000e+00
4.921875000000000035e-03,4.609374999999999757e-03,0.000000000000000000e+00,0.000000000000000000e+00
5.078125000000000173e-03,4.609374999999999757e-03,0.000000000000000000e+00,0.000000000000000000e+00
5.234375000000000312e-03,4.609374999999999757e-03,0.000000000000000000e+00,0.000000000000000000e+00
5.390625000000000451e-03,4.609374999999999757e-03,0.000000000000000000e+00,0.000000000000000000e+00
5.546874999999999722e-03,4.609374999999999757e-03,0.000000000000000000e+00,0.000000000000000000e+00
5.703124999999999861e-03,4.609374999999999757e-03,0.000000000000000000e+00,0.000000000000000000e+00
5.859375000000000000e-03,4.609374999999999757e-03,0.000000000000000000e+00,0.000000000000000000e+00
6.015625000000000139e-03,4.609374999999999757e-03,0.000000000000000000e+00,0.000000000000000000e+00
6.171875000000000278e-03,4.609374999999999757e-03,0.000000000000000000e+00,0.000000000000000000e+00
6.328125000000000416e-03,4.609374999999999757e-03,0.000000000000000000e+00,0.000000000000000000e+00
6.484375000000000555e-03,4.609374999999999757e-03,0.000000000000000000e+00,0.000000000000000000e+00
6.640624999999999827e-03,4.609374999999999757e-03,0.000000000000000000e+00,0.000000000000000000e+00
6.796874999999999965e-03,4.609374999999999757e-03,0.000000000000000000e+00,0.000000000000000000e+00
6.953125000000000104e-03,4.609374999999999757e-03,0.000000000000000000e+00,0.000000000000000000e+00
7.109375000000000243e-03,4.609374999999999757e-03,1.999529159952517755e-04,1.000000000000000000e+00
7.265625000000000382e-03,4.609374999999999757e-03,4.913450789907404005e-04,1.000000000000000000e+00
7.421875000000000520e-03,4.609374999999999757e-03,7.261951217576125732e-04,1.000000000000000000e+00
7.578124999999999792e-03,4.609374999999999757e-03,9.184550118032957415e-04,1.000000000000000000e+00
7.734374999999999931e-03,4.609374999999999757e-03,1.073257189645327207e-03,1.000000000000000000e+00
7.890625000000000069e-03,4.609374999999999757e-03,1.193361195601485951e-03,1.000000000000000000e+00
8.046875000000000208e-03,4.609374999999999757e-03,1.280691698445436720e-03,1.000000000000000000e+00
8.203125000000000347e-03,4.609374999999999757e-03,1.336756066719753562e-03,1.000000000000000000e+00
8.359375000000000486e-03,4.609374999999999757e-03,1.362786060276930528e-03,1.000000000000000000e+00
8.515625000000000625e-03,4.609374999999999757e-03,1.359803454762855985e-03,1.000000000000000000e+00
8.671875000000000763e-03,4.609374999999999757e-03,1.328660524360490312e-03,1.000000000000000000e+00
8.828125000000000902e-03,4.609374999999999757e-03,1.270069795748971463e-03,1.000000000000000000e+00
8.984375000000001041e-03,4.609374999999999757e-03,1.184627874919850707e-03,1.000000000000000000e+00
9.140624999999999445e-03,4.609374999999999757e-03,1.072835368536560058e-03,1.000000000000000000e+00
9.296874999999999584e-03,4.609374999999999757e-03,9.351139952445975670e-04,1.000000000000000000e+00
9.453124999999999722e-03,4.609374999999999757e-03,7.718216042334299009e-04,1.000000000000000000e+00
9.609374999999999861e-03,4.609374999999999757e-03,5.832656248812735904e-04,1.000000000000000000e+00
9.765625000000000000e-03,4.609374999999999757e-03,3.697153534172113558e-04,1.000000000000000000e+00
9.921875000000000139e-03,4.609374999999999757e-03,1.314134037910543958e-04,1.000000000000000000e+00
7.812500000000000163e-05,4.765624999999999896e-03,1.311639786593195767e-04,1.000000000000000000e+00
2.343749999999999913e-04,4.765624999999999896e-03,3.689559710362280091e-04,1.000000000000000000e+00
3.906250000000000217e-04,4.765624999999999896e-03,5.819627068504393957e-04,1.000000000000000000e+00
5.468750000000000520e-04,4.765624999999999896e-03,7.699183103359742274e-04,1.000000000000000000e+00
7.031249999999999740e-04,4.765624999999999896e-03,9.325288438835638988e-04,1.000000000000000000e+00
8.593750000000000043e-04,4.765624999999999896e-03,1.069460167308549335e-03,1.000000000000000000e+00
1.015625000000000035e-03,4.765624999999999896e-03,1.180324804138699812e-03,1.000000000000000000e+00
1.171874999999999957e-03,4.765624999999999896e-03,1.264667411253962226e-03,1.000000000000000000e+00
1.328125000000000095e-03,4.765624999999999896e-03,1.321948337724939684e-03,1.000000000000000000e+00
1.484375000000000017e-03,4.765624999999999896e-03,1.351524592401993343e-03,1.000000000000000000e+00
1.640624999999999939e-03,4.765624999999999896e-03,1.352627278598417465e-03,1.000000000000000000e+00
1.796875000000000078e-03,4.765624999999999896e-03,1.324334106434775851e-03,1.000000000000000000e+00
1.953125000000000000e-03,4.765624999999999896e-03,1.265534716701199490e-03,1.000000000000000000e+00
2.109375000000000139e-03,4.765624999999999896e-03,1.174884557480134709e-03,1.000000000000000000e+00
2.265624999999999844e-03,4.765624999999999896e-03,1.050738009705437254e-03,1.000000000000000000e+00
2.421874999999999983e-03,4.765624999999999896e-03,8.910385548836267065e-04,1.000000000000000000e+00
2.578125000000000121e-03,4.765624999999999896e-03,6.931164302056468454e-04,1.000000000000000000e+00
2.734375000000000260e-03,4.765624999999999896e-03,4.533361574172559182e-04,1.000000000000000000e+00
2.890624999999999965e-03,4.765624999999999896e-03,1.669847832061333698e-04,1.000000000000000000e+00
3.046875000000000104e-03,4.765624999999999896e-03,0.000000000000000000e+00,0.000000000000000000e+00
3.203125000000000243e-03,4.765624999999999896e-03,0.000000000000000000e+00,0.000000000000000000e+00
3.359374999999999948e-03,4.765624999999999896e-03,0.000000000000000000e+00,0.000000000000000000e+00
3.515625000000000087e-03,4.765624999999999896e-03,0.000000000000000000e+00,0.000000000000000000e+00
3.671875000000000226e-03,4.765624999999999896e-03,0.000000000000000000e+00,0.000000000000000000e+00
3.828124999999999931e-03,4.765624999999999896e-03,0.000000000000000000e+00,0.000000000000000000e+00
3.984375000000000069e-03,4.765624999999999896e-03,0.000000000000000000e+00,0.000000000000000000e+00
4.140625000000000208e-03,4.765624999999999896e-03,0.000000000000000000e+00,0.000000000000000000e+00
4.296875000000000347e-03,4.765624999999999896e-03,0.000000000000000000e+00,0.000000000000000000e+00
4.453125000000000486e-03,4.765624999999999896e-03,0.000000000000000000e+00,0.000000000000000000e+00
4.609374999999999757e-03,4.765624999999999896e-03,0.000000000000000000e+00,0.000000000000000000e+00
4.765624999999999896e-03,4.765624999999999896e-03,0.000000000000000000e+00,0.000000000000000000e+00
4.921875000000000035e-03,4.765624999999999896e-03,0.000000000000000000e+00,0.000000000000000000e+00
5.078125000000000173e-03,4.765624999999999896e-03,0.000000000000000000e+00,0.000000000000000000e+00
5.234375000000000312e-03,4.765624999999999896e-03,0.000000000000000000e+00,0.000000000000000000e+00
5.390625000000000451e-03,4.765624999999999896e-03,0.000000000000000000e+00,0.000000000000000000e+00
5.546874999999999722e-03,4.765624999999999896e-03,0.000000000000000000e+00,0.000000000000000000e+00
5.703124999999999861e-03,4.765624999999999896e-03,0.000000000000000000e+00,0.000000000000000000e+00
5.859375000000000000e-03,4.765624999999999896e-03,0.000000000000000000e+00,0.000000000000000000e+00
6.015625000000000139e-03,4.765624999999999896e-03,0.000000000000000000e+00,0.000000000000000000e+00
6.171875000000000278e-03,4.765624999999999896e-03,0.000000000000000000e+00,0.000000000000000000e+00
6.328125000000000416e-03,4.765624999999999896e-03,0.000000000000000000e+00,0.000000000000000000e+00
6.484375000000000555e-03,4.765624999999999896e-03,0.000000000000000000e+00,0.000000000000000000e+00
6.640624999999999827e-03,4.765624999999999896e-03,0.000000000000000000e+00,0.000000000000000000e+00
6.796874999999999965e-03,4.765624999999999896e-03,0.000000000000000000e+00,0.000000000000000000e+00
6.953125000000000104e-03,4.765624999999999896e-03,0.000000000000000000e+00,0.000000000000000000e+00
7.109375000000000243e-03,4.765624999999999896e-03,1.669847832061332614e-04,1.000000000000000000e+00
7.265625000000000382e-03,4.765624999999999896e-03,4.533361574172553761e-04,1.000000000000000000e+00
7.421875000000000520e-03,4.765624999999999896e-03,6.931164302056463033e-04,1.000000000000000000e+00
7.578124999999999792e-03,4.765624999999999896e-03,8.910385548836258392e-04,1.000000000000000000e+00
7.734374999999999931e-03,4.765624999999999896e-03,1.050738009705436387e-03,1.000000000000000000e+00
7.890625000000000069e-03,4.765624999999999896e-03,1.174884557480133408e-03,1.000000000000000000e+00
8.046875000000000208e-03,4.765624999999999896e-03,1.265534716701197755e-03,1.000000000000000000e+00
8.203125000000000347e-03,4.765624999999999896e-03,1.324334106434774117e-03,1.000000000000000000e+00
8.359375000000000486e-03,4.765624999999999896e-03,1.352627278598416381e-03,1.000000000000000000e+00
8.515625000000000625e-03,4.765624999999999896e-03,1.351524592401991826e-03,1.000000000000000000e+00
8.671875000000000763e-03,4.765624999999999896e-03,1.321948337724938600e-03,1.000000000000000000e+00
8.828125000000000902e-03,4.765624999999999896e-03,1.264667411253961142e-03,1.000000000000000000e+00
8.984375000000001041e-03,4.765624999999999896e-03,1.180324804138699162e-03,1.000000000000000000e+00
9.140624999999999445e-03,4.765624999999999896e-03,1.069460167308548685e-03,1.000000000000000000e+00
9.296874999999999584e-03,4.765624999999999896e-03,9.325288438835632483e-04,1.000000000000000000e+00
9.453124999999999722e-03,4.765624999999999896e-03,7.699183103359737938e-04,1.000000000000000000e+00
9.609374999999999861e-03,4.765624999999999896e-03,5.819627068504391789e-04,1.000000000000000000e+00
9.765625000000000000e-03,4.765624999999999896e-03,3.689559710362277922e-04,1.000000000000000000e+00
9.921875000000000139e-03,4.765624999999999896e-03,1.311639786593194411e-04,1.000000000000000000e+00
7.812500000000000163e-05,4.921875000000000035e-03,1.310364559693152941e-04,1.000000000000000000e+00
2.343749999999999913e-04,4.921875000000000035e-03,3.685677827179415509e-04,1.000000000000000000e+00
3.906250000000000217e-04,4.921875000000000035e-03,5.812968586482811922e-04,1.000000000000000000e+00
5.468750000000000520e-04,4.921875000000000035e-03,7.689460238764630421e-04,1.000000000000000000e+00
7.031249999999999740e-04,4.921875000000000035e-03,9.312088401451335765e-04,1.000000000000000000e+00
8.593750000000000043e-04,4.921875000000000035e-03,1.067737590175373225e-03,1.000000000000000000e+00
1.015625000000000035e-03,4.921875000000000035e-03,1.178129700572436633e-03,1.000000000000000000e+00
1.171874999999999957e-03,4.921875000000000035e-03,1.261912644903236949e-03,1.000000000000000000e+00
1.328125000000000095e-03,4.921875000000000035e-03,1.318526760383311423e-03,1.000000000000000000e+00
1.484375000000000017e-03,4.921875000000000035e-03,1.347305236021758158e-03,1.000000000000000000e+00
1.640624999999999939e-03,4.921875000000000035e-03,1.347450292779968492e-03,1.000000000000000000e+00
1.796875000000000078e-03,4.921875000000000035e-03,1.318004301219730806e-03,1.000000000000000000e+00
1.953125000000000000e-03,4.921875000000000035e-03,1.257814441944448162e-03,1.000000000000000000e+00
2.109375000000000139e-03,4.921875000000000035e-03,1.165490245412413844e-03,1.000000000000000000e+00
2.265624999999999844e-03,4.921875000000000035e-03,1.039357674312658963e-03,1.000000000000000000e+00
2.421874999999999983e-03,4.921875000000000035e-03,8.774307053201254453e-04,1.000000000000000000e+00
2.578125000000000121e-03,4.921875000000000035e-03,6.774818242640914031e-04,1.000000000000000000e+00
2.734375000000000260e-03,4.921875000000000035e-03,4.374842747665019511e-04,1.000000000000000000e+00
2.890624999999999965e-03,4.921875000000000035e-03,1.572207801181588086e-04,1.000000000000000000e+00
3.046875000000000104e-03,4.921875000000000035e-03,0.000000000000000000e+00,0.000000000000000000e+00
3.203125000000000243e-03,4.921875000000000035e-03,0.000000000000000000e+00,0.000000000000000000e+00
3.359374999999999948e-03,4.921875000000000035e-03,0.000000000000000000e+00,0.000000000000000000e+00
3.515625000000000087e-03,4.921875000000000035e-03,0.000000000000000000e+00,0.000000000000000000e+00
3.671875000000000226e-03,4.921875000000000035e-03,0.000000000000000000e+00,0.000000000000000000e+00
3.828124999999999931e-03,4.921875000000000035e-03,0.000000000000000000e+00,0.000000000000000000e+00
3.984375000000000069e-03,4.921875000000000035e-03,0.000000000000000000e+00,0.000000000000000000e+00
4.140625000000000208e-03,4.921875000000000035e-03,0.000000000000000000e+00,0.000000000000000000e+00
4.296875000000000347e-03,4.921875000000000035e-03,0.000000000000000000e+00,0.000000000000000000e+00
4.453125000000000486e-03,4.921875000000000035e-03,0.000000000000000000e+00,0.000000000000000000e+00
4.609374999999999757e-03,4.921875000000000035e-03,0.000000000000000000e+00,0.000000000000000000e+00
4.765624999999999896e-03,4.921875000000000035e-03,0.000000000000000000e+00,0.000000000000000000e+00
4.921875000000000035e-03,4.921875000000000035e-03,0.000000000000000000e+00,0.000000000000000000e+00
5.078125000000000173e-03,4.921875000000000035e-03,0.000000000000000000e+00,0.000000000000000000e+00
5.234375000000000312e-03,4.921875000000000035e-03,0.000000000000000000e+00,0.000000000000000000e+00
5.390625000000000451e-03,4.921875000000000035e-03,0.000000000000000000e+00,0.000000000000000000e+00
5.546874999999999722e-03,4.921875000000000035e-03,0.000000000000000000e+00,0.000000000000000000e+00
5.703124999999999861e-03,4.921875000000000035e-03,0.000000000000000000e+00,0.000000000000000000e+00
5.859375000000000000e-03,4.921875000000000035e-03,0.000000000000000000e+00,0.000000000000000000e+00
6.015625000000000139e-03,4.921875000000000035e-03,0.000000000000000000e+00,0.000000000000000000e+00
6.171875000000000278e-03,4.921875000000000035e-03,0.000000000000000000e+00,0.000000000000000000e+00
6.328125000000000416e-03,4.921875000000000035e-03,0.000000000000000000e+00,0.000000000000000000e+00
6.484375000000000555e-03,4.921875000000000035e-03,0.000000000000000000e+00,0.000000000000000000e+00
6.640624999999999827e-03,4.921875000000000035e-03,0.000000000000000000e+00,0.000000000000000000e+00
6.796874999999999965e-03,4.921875000000000035e-03,0.000000000000000000e+00,0.000000000000000000e+00
6.953125000000000104e-03,4.921875000000000035e-03,0.000000000000000000e+00,0.000000000000000000e+00
7.109375000000000243e-03,4.921875000000000035e-03,1.572207801181587815e-04,1.000000000000000000e+00
7.265625000000000382e-03,4.921875000000000035e-03,4.374842747665017885e-04,1.000000000000000000e+00
7.421875000000000520e-03,4.921875000000000035e-03,6.774818242640912947e-04,1.000000000000000000e+00
7.578124999999999792e-03,4.921875000000000035e-03,8.774307053201254453e-04,1.000000000000000000e+00
7.734374999999999931e-03,4.921875000000000035e-03,1.039357674312658530e-03,1.000000000000000000e+00
7.890625000000000069e-03,4.921875000000000035e-03,1.165490245412413193e-03,1.000000000000000000e+00
8.046875000000000208e-03,4.921875000000000035e-03,1.257814441944447295e-03,1.000000000000000000e+00
8.203125000000000347e-03,4.921875000000000035e-03,1.318004301219729939e-03,1.000000000000000000e+00
8.359375000000000486e-03,4.921875000000000035e-03,1.347450292779967624e-03,1.000000000000000000e+00
8.515625000000000625e-03,4.921875000000000035e-03,1.347305236021756423e-03,1.000000000000000000e+00
8.671875000000000763e-03,4.921875000000000035e-03,1.318526760383310556e-03,1.000000000000000000e+00
8.828125000000000902e-03,4.921875000000000035e-03,1.261912644903235865e-03,1.000000000000000000e+00
8.984375000000001041e-03,4.921875000000000035e-03,1.178129700572435982e-03,1.000000000000000000e+00
9.140624999999999445e-03,4.921875000000000035e-03,1.067737590175372358e-03,1.000000000000000000e+00
9.296874999999999584e-03,4.921875000000000035e-03,9.312088401451329260e-04,1.000000000000000000e+00
9.453124999999999722e-03,4.921875000000000035e-03,7.689460238764626084e-04,1.000000000000000000e+00
9.609374999999999861e-03,4.921875000000000035e-03,5.812968586482809754e-04,1.000000000000000000e+00
9.765625000000000000e-03,4.921875000000000035e-03,3.685677827179413882e-04,1.000000000000000000e+00
9.921875000000000139e-03,4.921875000000000035e-03,1.310364559693152128e-04,1.000000000000000000e+00
7.812500000000000163e-05,5.078125000000000173e-03,1.310364559693152399e-04,1.000000000000000000e+00
2.343749999999999913e-04,5.078125000000000173e-03,3.685677827179414424e-04,1.000000000000000000e+00
3.906250000000000217e-04,5.078125000000000173e-03,5.812968586482811922e-04,1.000000000000000000e+00
5.468750000000000520e-04,5.078125000000000173e-03,7.689460238764627168e-04,1.000000000000000000e+00
7.031249999999999740e-04,5.078125000000000173e-03,9.312088401451329260e-04,1.000000000000000000e+00
8.593750000000000043e-04,5.078125000000000173e-03,1.067737590175373008e-03,1.000000000000000000e+00
1.015625000000000035e-03,5.078125000000000173e-03,1.178129700572436633e-03,1.000000000000000000e+00
1.171874999999999957e-03,5.078125000000000173e-03,1.261912644903236732e-03,1.000000000000000000e+00
1.328125000000000095e-03,5.078125000000000173e-03,1.318526760383311206e-03,1.000000000000000000e+00
1.484375000000000017e-03,5.078125000000000173e-03,1.347305236021757724e-03,1.000000000000000000e+00
1.640624999999999939e-03,5.078125000000000173e-03,1.347450292779968709e-03,1.000000000000000000e+00
1.796875000000000078e-03,5.078125000000000173e-03,1.318004301219731240e-03,1.000000000000000000e+00
1.953125000000000000e-03,5.078125000000000173e-03,1.257814441944447945e-03,1.000000000000000000e+00
2.109375000000000139e-03,5.078125000000000173e-03,1.165490245412413410e-03,1.000000000000000000e+00
2.265624999999999844e-03,5.078125000000000173e-03,1.039357674312658530e-03,1.000000000000000000e+00
2.421874999999999983e-03,5.078125000000000173e-03,8.774307053201250116e-04,1.000000000000000000e+00
2.578125000000000121e-03,5.078125000000000173e-03,6.774818242640909694e-04,1.000000000000000000e+00
2.734375000000000260e-03,5.078125000000000173e-03,4.374842747665016259e-04,1.000000000000000000e+00
2.890624999999999965e-03,5.078125000000000173e-03,1.572207801181587001e-04,1.000000000000000000e+00
3.046875000000000104e-03,5.078125000000000173e-03,0.000000000000000000e+00,0.000000000000000000e+00
3.203125000000000243e-03,5.078125000000000173e-03,0.000000000000000000e+00,0.000000000000000000e+00
3.359374999999999948e-03,5.078125000000000173e-03,0.000000000000000000e+00,0.000000000000000000e+00
3.515625000000000087e-03,5.078125000000000173e-03,0.000000000000000000e+00,0.000000000000000000e+00
3.671875000000000226e-03,5.078125000000000173e-03,0.000000000000000000e+00,0.000000000000000000e+00
3.828124999999999931e-03,5.078125000000000173e-03,0.000000000000000000e+00,0.000000000000000000e+00
3.984375000000000069e-03,5.078125000000000173e-03,0.000000000000000000e+00,0.000000000000000000e+00
4.140625000000000208e-03,5.078125000000000173e-03,0.000000000000000000e+00,0.000000000000000000e+00
4.296875000000000347e-03,5.078125000000000173e-03,0.000000000000000000e+00,0.000000000000000000e+00
4.453125000000000486e-03,5.078125000000000173e-03,0.000000000000000000e+00,0.000000000000000000e+00
4.609374999999999757e-03,5.078125000000000173e-03,0.000000000000000000e+00,0.000000000000000000e+00
4.765624999999999896e-03,5.078125000000000173e-03,0.000000000000000000e+00,0.000000000000000000e+00
4.921875000000000035e-03,5.078125000000000173e-03,0.000000000000000000e+00,0.000000000000000000e+00
5.078125000000000173e-03,5.078125000000000173e-03,0.000000000000000000e+00,0.000000000000000000e+00
5.234375000000000312e-03,5.078125000000000173e-03,0.000000000000000000e+00,0.000000000000000000e+00
5.390625000000000451e-03,5.078125000000000173e-03,0.000000000000000000e+00,0.000000000000000000e+00
5.546874999999999722e-03,5.078125000000000173e-03,0.000000000000000000e+00,0.000000000000000000e+00
5.703124999999999861e-03,5.078125000000000173e-03,0.000000000000000000e+00,0.000000000000000000e+00
5.859375000000000000e-03,5.078125000000000173e-03,0.000000000000000000e+00,0.000000000000000000e+00
6.015625000000000139e-03,5.078125000000000173e-03,0.000000000000000000e+00,0.000000000000000000e+00
6.171875000000000278e-03,5.078125000000000173e-03,0.000000000000000000e+00,0.000000000000000000e+00
6.328125000000000416e-03,5.078125000000000173e-03,0.000000000000000000e+00,0.000000000000000000e+00
6.484375000000000555e-03,5.078125000000000173e-03,0.000000000000000000e+00,0.000000000000000000e+00
6.640624999999999827e-03,5.078125000000000173e-03,0.000000000000000000e+00,0.000000000000000000e+00
6.796874999999999965e-03,5.078125000000000173e-03,0.000000000000000000e+00,0.000000000000000000e+00
6.953125000000000104e-03,5.078125000000000173e-03,0.000000000000000000e+00,0.000000000000000000e+00
7.109375000000000243e-03,5.078125000000000173e-03,1.572207801181587543e-04,1.000000000000000000e+00
7.265625000000000382e-03,5.078125000000000173e-03,4.374842747665017885e-04,1.000000000000000000e+00
7.421875000000000520e-03,5.078125000000000173e-03,6.774818242640912947e-04,1.000000000000000000e+00
7.578124999999999792e-03,5.078125000000000173e-03,8.774307053201256621e-04,1.000000000000000000e+00
7.734374999999999931e-03,5.078125000000000173e-03,1.039357674312658963e-03,1.000000000000000000e+00
7.890625000000000069e-03,5.078125000000000173e-03,1.165490245412413410e-03,1.000000000000000000e+00
8.046875000000000208e-03,5.078125000000000173e-03,1.257814441944447512e-03,1.000000000000000000e+00
8.203125000000000347e-03,5.078125000000000173e-03,1.318004301219730156e-03,1.000000000000000000e+00
8.359375000000000486e-03,5.078125000000000173e-03,1.347450292779967841e-03,1.000000000000000000e+00
8.515625000000000625e-03,5.078125000000000173e-03,1.347305236021755989e-03,1.000000000000000000e+00
8.671875000000000763e-03,5.078125000000000173e-03,1.318526760383310122e-03,1.000000000000000000e+00
8.828125000000000902e-03,5.078125000000000173e-03,1.261912644903235865e-03,1.000000000000000000e+00
8.984375000000001041e-03,5.078125000000000173e-03,1.178129700572435766e-03,1.000000000000000000e+00
9.140624999999999445e-03,5.078125000000000173e-03,1.067737590175372141e-03,1.000000000000000000e+00
9.296874999999999584e-03,5.078125000000000173e-03,9.312088401451329260e-04,1.000000000000000000e+00
9.453124999999999722e-03,5.078125000000000173e-03,7.689460238764626084e-04,1.000000000000000000e+00
9.609374999999999861e-03,5.078125000000000173e-03,5.812968586482809754e-04,1.000000000000000000e+00
9.765625000000000000e-03,5.078125000000000173e-03,3.685677827179412798e-04,1.000000000000000000e+00
9.921875000000000139e-03,5.078125000000000173e-03,1.310364559693151586e-04,1.000000000000000000e+00
7.812500000000000163e-05,5.234375000000000312e-03,1.311639786593195225e-04,1.000000000000000000e+00
2.343749999999999913e-04,5.234375000000000312e-03,3.689559710362279549e-04,1.000000000000000000e+00
3.906250000000000217e-04,5.234375000000000312e-03,5.819627068504392873e-04,1.000000000000000000e+00
5.468750000000000520e-04,5.234375000000000312e-03,7.699183103359737938e-04,1.000000000000000000e+00
7.031249999999999740e-04,5.234375000000000312e-03,9.325288438835632483e-04,1.000000000000000000e+00
8.593750000000000043e-04,5.234375000000000312e-03,1.069460167308549335e-03,1.000000000000000000e+00
1.015625000000000035e-03,5.234375000000000312e-03,1.180324804138699812e-03,1.000000000000000000e+00
1.171874999999999957e-03,5.234375000000000312e-03,1.264667411253962660e-03,1.000000000000000000e+00
1.328125000000000095e-03,5.234375000000000312e-03,1.321948337724939684e-03,1.000000000000000000e+00
1.484375000000000017e-03,5.234375000000000312e-03,1.351524592401993127e-03,1.000000000000000000e+00
1.640624999999999939e-03,5.234375000000000312e-03,1.352627278598417682e-03,1.000000000000000000e+00
1.796875000000000078e-03,5.234375000000000312e-03,1.324334106434776068e-03,1.000000000000000000e+00
1.953125000000000000e-03,5.234375000000000312e-03,1.265534716701199056e-03,1.000000000000000000e+00
2.109375000000000139e-03,5.234375000000000312e-03,1.174884557480134059e-03,1.000000000000000000e+00
2.265624999999999844e-03,5.234375000000000312e-03,1.050738009705436604e-03,1.000000000000000000e+00
2.421874999999999983e-03,5.234375000000000312e-03,8.910385548836258392e-04,1.000000000000000000e+00
2.578125000000000121e-03,5.234375000000000312e-03,6.931164302056459781e-04,1.000000000000000000e+00
2.734375000000000260e-03,5.234375000000000312e-03,4.533361574172552677e-04,1.000000000000000000e+00
2.890624999999999965e-03,5.234375000000000312e-03,1.669847832061331530e-04,1.000000000000000000e+00
3.046875000000000104e-03,5.234375000000000312e-03,0.000000000000000000e+00,0.000000000000000000e+00
3.203125000000000243e-03,5.234375000000000312e-03,0.000000000000000000e+00,0.000000000000000000e+00
3.359374999999999948e-03,5.234375000000000312e-03,0.000000000000000000e+00,0.000000000000000000e+00
3.515625000000000087e-03,5.234375000000000312e-03,0.000000000000000000e+00,0.000000000000000000e+00
3.671875000000000226e-03,5.234375000000000312e-03,0.000000000000000000e+00,0.000000000000000000e+00
3.828124999999999931e-03,5.234375000000000312e-03,0.000000000000000000e+00,0.000000000000000000e+00
3.984375000000000069e-03,5.234375000000000312e-03,0.000000000000000000e+00,0.000000000000000000e+00
4.140625000000000208e-03,5.234375000000000312e-03,0.000000000000000000e+00,0.000000000000000000e+00
4.296875000000000347e-03,5.234375000000000312e-03,0.000000000000000000e+00,0.000000000000000000e+00
4.453125000000000486e-03,5.234375000000000312e-03,0.000000000000000000e+00,0.000000000000000000e+00
4.609374999999999757e-03,5.234375000000000312e-03,0.000000000000000000e+00,0.000000000000000000e+00
4.765624999999999896e-03,5.234375000000000312e-03,0.000000000000000000e+00,0.000000000000000000e+00
4.921875000000000035e-03,5.234375000000000312e-03,0.000000000000000000e+00,0.000000000000000000e+00
5.078125000000000173e-03,5.234375000000000312e-03,0.000000000000000000e+00,0.000000000000000000e+00
5.234375000000000312e-03,5.234375000000000312e-03,0.000000000000000000e+00,0.000000000000000000e+00
5.390625000000000451e-03,5.234375000000000312e-03,0.000000000000000000e+00,0.000000000000000000e+00
5.546874999999999722e-03,5.234375000000000312e-03,0.000000000000000000e+00,0.000000000000000000e+00
5.703124999999999861e-03,5.234375000000000312e-03,0.000000000000000000e+00,0.000000000000000000e+00
5.859375000000000000e-03,5.234375000000000312e-03,0.000000000000000000e+00,0.000000000000000000e+00
6.015625000000000139e-03,5.234375000000000312e-03,0.000000000000000000e+00,0.000000000000000000e+00
6.171875000000000278e-03,5.234375000000000312e-03,0.000000000000000000e+00,0.000000000000000000e+00
6.328125000000000416e-03,5.234375000000000312e-03,0.000000000000000000e+00,0.000000000000000000e+00
6.484375000000000555e-03,5.234375000000000312e-03,0.000000000000000000e+00,0.000000000000000000e+00
6.640624999999999827e-03,5.234375000000000312e-03,0.000000000000000000e+00,0.000000000000000000e+00
6.796874999999999965e-03,5.234375000000000312e-03,0.000000000000000000e+00,0.000000000000000000e+00
6.953125000000000104e-03,5.234375000000000312e-03,0.000000000000000000e+00,0.000000000000000000e+00
7.109375000000000243e-03,5.234375000000000312e-03,1.669847832061332885e-04,1.000000000000000000e+00
7.265625000000000382e-03,5.234375000000000312e-03,4.533361574172555929e-04,1.000000000000000000e+00
7.421875000000000520e-03,5.234375000000000312e-03,6.931164302056466286e-04,1.000000000000000000e+00
7.578124999999999792e-03,5.234375000000000312e-03,8.910385548836263813e-04,1.000000000000000000e+00
7.734374999999999931e-03,5.234375000000000312e-03,1.050738009705436821e-03,1.000000000000000000e+00
7.890625000000000069e-03,5.234375000000000312e-03,1.174884557480134276e-03,1.000000000000000000e+00
8.046875000000000208e-03,5.234375000000000312e-03,1.265534716701199273e-03,1.000000000000000000e+00
8.203125000000000347e-03,5.234375000000000312e-03,1.324334106434774984e-03,1.000000000000000000e+00
8.359375000000000486e-03,5.234375000000000312e-03,1.352627278598416164e-03,1.000000000000000000e+00
8.515625000000000625e-03,5.234375000000000312e-03,1.351524592401991175e-03,1.000000000000000000e+00
8.671875000000000763e-03,5.234375000000000312e-03,1.321948337724938600e-03,1.000000000000000000e+00
8.828125000000000902e-03,5.234375000000000312e-03,1.264667411253961142e-03,1.000000000000000000e+00
8.984375000000001041e-03,5.234375000000000312e-03,1.180324804138699162e-03,1.000000000000000000e+00
9.140624999999999445e-03,5.234375000000000312e-03,1.069460167308548468e-03,1.000000000000000000e+00
9.296874999999999584e-03,5.234375000000000312e-03,9.325288438835630314e-04,1.000000000000000000e+00
9.453124999999999722e-03,5.234375000000000312e-03,7.699183103359733601e-04,1.000000000000000000e+00
9.609374999999999861e-03,5.234375000000000312e-03,5.819627068504389621e-04,1.000000000000000000e+00
9.765625000000000000e-03,5.234375000000000312e-03,3.689559710362277380e-04,1.000000000000000000e+00
9.921875000000000139e-03,5.234375000000000312e-03,1.311639786593194411e-04,1.000000000000000000e+00
7.812500000000000163e-05,5.390625000000000451e-03,1.314134037910544772e-04,1.000000000000000000e+00
2.343749999999999913e-04,5.390625000000000451e-03,3.697153534172114642e-04,1.000000000000000000e+00
3.906250000000000217e-04,5.390625000000000451e-03,5.832656248812738073e-04,1.000000000000000000e+00
5.468750000000000520e-04,5.390625000000000451e-03,7.718216042334300094e-04,1.000000000000000000e+00
7.031249999999999740e-04,5.390625000000000451e-03,9.351139952445977838e-04,1.000000000000000000e+00
8.593750000000000043e-04,5.390625000000000451e-03,1.072835368536560492e-03,1.000000000000000000e+00
1.015625000000000035e-03,5.390625000000000451e-03,1.184627874919851141e-03,1.000000000000000000e+00
1.171874999999999957e-03,5.390625000000000451e-03,1.270069795748972981e-03,1.000000000000000000e+00
1.328125000000000095e-03,5.390625000000000451e-03,1.328660524360491613e-03,1.000000000000000000e+00
1.484375000000000017e-03,5.390625000000000451e-03,1.359803454762857937e-03,1.000000000000000000e+00
1.640624999999999939e-03,5.390625000000000451e-03,1.362786060276932479e-03,1.000000000000000000e+00
1.796875000000000078e-03,5.390625000000000451e-03,1.336756066719756164e-03,1.000000000000000000e+00
1.953125000000000000e-03,5.390625000000000451e-03,1.280691698445439106e-03,1.000000000000000000e+00
2.109375000000000139e-03,5.390625000000000451e-03,1.193361195601487035e-03,1.000000000000000000e+00
2.265624999999999844e-03,5.390625000000000451e-03,1.073257189645327857e-03,1.000000000000000000e+00
2.421874999999999983e-03,5.390625000000000451e-03,9.184550118032958500e-04,1.000000000000000000e+00
2.578125000000000121e-03,5.390625000000000451e-03,7.261951217576124648e-04,1.000000000000000000e+00
2.734375000000000260e-03,5.390625000000000451e-03,4.913450789907401837e-04,1.000000000000000000e+00
2.890624999999999965e-03,5.390625000000000451e-03,1.999529159952517484e-04,1.000000000000000000e+00
3.046875000000000104e-03,5.390625000000000451e-03,0.000000000000000000e+00,0.000000000000000000e+00
3.203125000000000243e-03,5.390625000000000451e-03,0.000000000000000000e+00,0.000000000000000000e+00
3.359374999999999948e-03,5.390625000000000451e-03,0.000000000000000000e+00,0.000000000000000000e+00
3.515625000000000087e-03,5.390625000000000451e-03,0.000000000000000000e+00,0.000000000000000000e+00
3.671875000000000226e-03,5.390625000000000451e-03,0.000000000000000000e+00,0.000000000000000000e+00
3.828124999999999931e-03,5.390625000000000451e-03,0.000000000000000000e+00,0.000000000000000000e+00
3.984375000000000069e-03,5.390625000000000451e-03,0.000000000000000000e+00,0.000000000000000000e+00
4.140625000000000208e-03,5.390625000000000451e-03,0.000000000000000000e+00,0.000000000000000000e+00
4.296875000000000347e-03,5.390625000000000451e-03,0.000000000000000000e+00,0.000000000000000000e+00
4.453125000000000486e-03,5.390625000000000451e-03,0.000000000000000000e+00,0.000000000000000000e+00
4.609374999999999757e-03,5.390625000000000451e-03,0.000000000000000000e+00,0.000000000000000000e+00
4.765624999999999896e-03,5.390625000000000451e-03,0.000000000000000000e+00,0.000000000000000000e+00
4.921875000000000035e-03,5.390625000000000451e-03,0.000000000000000000e+00,0.000000000000000000e+00
5.078125000000000173e-03,5.390625000000000451e-03,0.000000000000000000e+00,0.000000000000000000e+00
5.234375000000000312e-03,5.390625000000000451e-03,0.000000000000000000e+00,0.000000000000000000e+00
5.390625000000000451e-03,5.390625000000000451e-03,0.000000000000000000e+00,0.000000000000000000e+00
5.546874999999999722e-03,5.390625000000000451e-03,0.000000000000000000e+00,0.000000000000000000e+00
5.703124999999999861e-03,5.390625000000000451e-03,0.000000000000000000e+00,0.000000000000000000e+00
5.859375000000000000e-03,5.390625000000000451e-03,0.000000000000000000e+00,0.000000000000000000e+00
6.015625000000000139e-03,5.390625000000000451e-03,0.000000000000000000e+00,0.000000000000000000e+00
6.171875000000000278e-03,5.390625000000000451e-03,0.000000000000000000e+00,0.000000000000000000e+00
6.328125000000000416e-03,5.390625000000000451e-03,0.000000000000000000e+00,0.000000000000000000e+00
6.484375000000000555e-03,5.390625000000000451e-03,0.000000000000000000e+00,0.000000000000000000e+00
6.640624999999999827e-03,5.390625000000000451e-03,0.000000000000000000e+00,0.000000000000000000e+00
6.796874999999999965e-03,5.390625000000000451e-03,0.000000000000000000e+00,0.000000000000000000e+00
6.953125000000000104e-03,5.390625000000000451e-03,0.000000000000000000e+00,0.000000000000000000e+00
7.109375000000000243e-03,5.390625000000000451e-03,1.999529159952519652e-04,1.000000000000000000e+00
7.265625000000000382e-03,5.390625000000000451e-03,4.913450789907406174e-04,1.000000000000000000e+00
7.421875000000000520e-03,5.390625000000000451e-03,7.261951217576131153e-04,1.000000000000000000e+00
7.578124999999999792e-03,5.390625000000000451e-03,9.184550118032962836e-04,1.000000000000000000e+00
7.734374999999999931e-03,5.390625000000000451e-03,1.073257189645328074e-03,1.000000000000000000e+00
7.890625000000000069e-03,5.390625000000000451e-03,1.193361195601487252e-03,1.000000000000000000e+00
8.046875000000000208e-03,5.390625000000000451e-03,1.280691698445439106e-03,1.000000000000000000e+00
8.203125000000000347e-03,5.390625000000000451e-03,1.336756066719755297e-03,1.000000000000000000e+00
8.359375000000000486e-03,5.390625000000000451e-03,1.362786060276931178e-03,1.000000000000000000e+00
8.515625000000000625e-03,5.390625000000000451e-03,1.359803454762855768e-03,1.000000000000000000e+00
8.671875000000000763e-03,5.390625000000000451e-03,1.328660524360490095e-03,1.000000000000000000e+00
8.828125000000000902e-03,5.390625000000000451e-03,1.270069795748971679e-03,1.000000000000000000e+00
8.984375000000001041e-03,5.390625000000000451e-03,1.184627874919850707e-03,1.000000000000000000e+00
9.140624999999999445e-03,5.390625000000000451e-03,1.072835368536560058e-03,1.000000000000000000e+00
9.296874999999999584e-03,5.390625000000000451e-03,9.351139952445974585e-04,1.000000000000000000e+00
9.453124999999999722e-03,5.390625000000000451e-03,7.718216042334295757e-04,1.000000000000000000e+00
9.609374999999999861e-03,5.390625000000000451e-03,5.832656248812735904e-04,1.000000000000000000e+00
9.765625000000000000e-03,5.390625000000000451e-03,3.697153534172113016e-04,1.000000000000000000e+00
9.921875000000000139e-03,5.390625000000000451e-03,1.314134037910543687e-04,1.000000000000000000e+00
7.812500000000000163e-05,5.546874999999999722e-03,1.317736243787413233e-04,1.000000000000000000e+00
2.343749999999999913e-04,5.546874999999999722e-03,3.708123514602900024e-04,1.000000000000000000e+00
3.906250000000000217e-04,5.546874999999999722e-03,5.851487725240146634e-04,1.000000000000000000e+00
5.468750000000000520e-04,5.546874999999999722e-03,7.745744239718747393e-04,1.000000000000000000e+00
7.031249999999999740e-04,5.546874999999999722e-03,9.388561018248368223e-04,1.000000000000000000e+00
8.593750000000000043e-04,5.546874999999999722e-03,1.077725374173243902e-03,1.000000000000000000e+00
1.015625000000000035e-03,5.546874999999999722e-03,1.190867468755173100e-03,1.000000000000000000e+00
1.171874999999999957e-03,5.546874999999999722e-03,1.277909309961585294e-03,1.000000000000000000e+00
1.328125000000000095e-03,5.546874999999999722e-03,1.338406446705197239e-03,1.000000000000000000e+00
1.484375000000000017e-03,5.546874999999999722e-03,1.371828579512013313e-03,1.000000000000000000e+00
1.640624999999999939e-03,5.546874999999999722e-03,1.377543378526698437e-03,1.000000000000000000e+00
1.796875000000000078e-03,5.546874999999999722e-03,1.354798339221876440e-03,1.000000000000000000e+00
1.953125000000000000e-03,5.546874999999999722e-03,1.302700752259314254e-03,1.000000000000000000e+00
2.109375000000000139e-03,5.546874999999999722e-03,1.220197274335047856e-03,1.000000000000000000e+00
2.265624999999999844e-03,5.546874999999999722e-03,1.106060478971090943e-03,1.000000000000000000e+00
2.421874999999999983e-03,5.546874999999999722e-03,9.589151184266173251e-04,1.000000000000000000e+00
2.578125000000000121e-03,5.546874999999999722e-03,7.774499035307681511e-04,1.000000000000000000e+00
2.734375000000000260e-03,5.546874999999999722e-03,5.614820582928415574e-04,1.000000000000000000e+00
2.890624999999999965e-03,5.546874999999999722e-03,3.170206552793854377e-04,1.000000000000000000e+00
3.046875000000000104e-03,5.546874999999999722e-03,8.058904659391486706e-05,1.000000000000000000e+00
3.203125000000000243e-03,5.546874999999999722e-03,0.000000000000000000e+00,0.000000000000000000e+00
3.359374999999999948e-03,5.546874999999999722e-03,0.000000000000000000e+00,0.000000000000000000e+00
3.515625000000000087e-03,5.546874999999999722e-03,0.000000000000000000e+00,0.000000000000000000e+00
3.671875000000000226e-03,5.546874999999999722e-03,0.000000000000000000e+00,0.000000000000000000e+00
3.828124999999999931e-03,5.546874999999999722e-03,0.000000000000000000e+00,0.000000000000000000e+00
3.984375000000000069e-03,5.546874999999999722e-03,0.000000000000000000e+00,0.000000000000000000e+00
4.140625000000000208e-03,5.546874999999999722e-03,0.000000000000000000e+00,0.000000000000000000e+00
4.296875000000000347e-03,5.546874999999999722e-03,0.000000000000000000e+00,0.000000000000000000e+00
4.453125000000000486e-03,5.546874999999999722e-03,0.000000000000000000e+00,0.000000000000000000e+00
4.609374999999999757e-03,5.546874999999999722e-03,0.000000000000000000e+00,0.000000000000000000e+00
4.765624999999999896e-03,5.546874999999999722e-03,0.000000000000000000e+00,0.000000000000000000e+00
4.921875000000000035e-03,5.546874999999999722e-03,0.000000000000000000e+00,0.000000000000000000e+00
5.078125000000000173e-03,5.546874999999999722e-03,0.000000000000000000e+00,0.000000000000000000e+00
5.234375000000000312e-03,5.546874999999999722e-03,0.000000000000000000e+00,0.000000000000000000e+00
5.390625000000000451e-03,5.546874999999999722e-03,0.000000000000000000e+00,0.000000000000000000e+00
5.546874999999999722e-03,5.546874999999999722e-03,0.000000000000000000e+00,0.000000000000000000e+00
5.703124999999999861e-03,5.546874999999999722e-03,0.000000000000000000e+00,0.000000000000000000e+00
5.859375000000000000e-03,5.546874999999999722e-03,0.000000000000000000e+00,0.000000000000000000e+00
6.015625000000000139e-03,5.546874999999999722e-03,0.000000000000000000e+00,0.000000000000000000e+00
6.171875000000000278e-03,5.546874999999999722e-03,0.000000000000000000e+00,0.000000000000000000e+00
6.328125000000000416e-03,5.546874999999999722e-03,0.000000000000000000e+00,0.000000000000000000e+00
6.484375000000000555e-03,5.546874999999999722e-03,0.000000000000000000e+00,0.000000000000000000e+00
6.640624999999999827e-03,5.546874999999999722e-03,0.000000000000000000e+00,0.000000000000000000e+00
6.796874999999999965e-03,5.546874999999999722e-03,0.000000000000000000e+00,0.000000000000000000e+00
6.953125000000000104e-03,5.546874999999999722e-03,8.058904659391494837e-05,1.000000000000000000e+00
7.109375000000000243e-03,5.546874999999999722e-03,3.170206552793857629e-04,1.000000000000000000e+00
7.265625000000000382e-03,5.546874999999999722e-03,5.614820582928422080e-04,1.000000000000000000e+00
7.421875000000000520e-03,5.546874999999999722e-03,7.774499035307688016e-04,1.000000000000000000e+00
7.578124999999999792e-03,5.546874999999999722e-03,9.589151184266176504e-04,1.000000000000000000e+00
7.734374999999999931e-03,5.546874999999999722e-03,1.106060478971091377e-03,1.000000000000000000e+00
7.890625000000000069e-03,5.546874999999999722e-03,1.220197274335048073e-03,1.000000000000000000e+00
8.046875000000000208e-03,5.546874999999999722e-03,1.302700752259314254e-03,1.000000000000000000e+00
8.203125000000000347e-03,5.546874999999999722e-03,1.354798339221876223e-03,1.000000000000000000e+00
8.359375000000000486e-03,5.546874999999999722e-03,1.377543378526697787e-03,1.000000000000000000e+00
8.515625000000000625e-03,5.546874999999999722e-03,1.371828579512012229e-03,1.000000000000000000e+00
8.671875000000000763e-03,5.546874999999999722e-03,1.338406446705195721e-03,1.000000000000000000e+00
8.828125000000000902e-03,5.546874999999999722e-03,1.277909309961584210e-03,1.000000000000000000e+00
8.984375000000001041e-03,5.546874999999999722e-03,1.190867468755172666e-03,1.000000000000000000e+00
9.140624999999999445e-03,5.546874999999999722e-03,1.077725374173243902e-03,1.000000000000000000e+00
9.296874999999999584e-03,5.546874999999999722e-03,9.388561018248364970e-04,1.000000000000000000e+00
9.453124999999999722e-03,5.546874999999999722e-03,7.745744239718741972e-04,1.000000000000000000e+00
9.609374999999999861e-03,5.546874999999999722e-03,5.851487725240143382e-04,1.000000000000000000e+00
9.765625000000000000e-03,5.546874999999999722e-03,3.708123514602896771e-04,1.000000000000000000e+00
9.921875000000000139e-03,5.546874999999999722e-03,1.317736243787411606e-04,1.000000000000000000e+00
7.812500000000000163e-05,5.703124999999999861e-03,1.322283041423622505e-04,1.000000000000000000e+00
2.343749999999999913e-04,5.703124999999999861e-03,3.721975930211926997e-04,1.000000000000000000e+00
3.906250000000000217e-04,5.703124999999999861e-03,5.875286272826198662e-04,1.000000000000000000e+00
5.468750000000000520e-04,5.703124999999999861e-03,7.780571548052172236e-04,1.000000000000000000e+00
7.031249999999999740e-04,5.703124999999999861e-03,9.435965514096308427e-04,1.000000000000000000e+00
8.593750000000000043e-04,5.703124999999999861e-03,1.083928495076406148e-03,1.000000000000000000e+00
1.015625000000000035e-03,5.703124999999999861e-03,1.198793253466012149e-03,1.000000000000000000e+00
1.171874999999999957e-03,5.703124999999999861e-03,1.287879466136998378e-03,1.000000000000000000e+00
1.328125000000000095e-03,5.703124999999999861e-03,1.350813310486697304e-03,1.000000000000000000e+00
1.484375000000000017e-03,5.703124999999999861e-03,1.387146975553299509e-03,1.000000000000000000e+00
1.640624999999999939e-03,5.703124999999999861e-03,1.396346472595970736e-03,1.000000000000000000e+00
1.796875000000000078e-03,5.703124999999999861e-03,1.377779096881737424e-03,1.000000000000000000e+00
1.953125000000000000e-03,5.703124999999999861e-03,1.330701634534893051e-03,1.000000000000000000e+00
2.109375000000000139e-03,5.703124999999999861e-03,1.254252608008298410e-03,1.000000000000000000e+00
2.265624999999999844e-03,5.703124999999999861e-03,1.147458270977371256e-03,1.000000000000000000e+00
2.421874999999999983e-03,5.703124999999999861e-03,1.009281016901314009e-03,1.000000000000000000e+00
2.578125000000000121e-03,5.703124999999999861e-03,8.387932531460013438e-04,1.000000000000000000e+00
2.734375000000000260e-03,5.703124999999999861e-03,6.356985328704726525e-04,1.000000000000000000e+00
2.890624999999999965e-03,5.703124999999999861e-03,4.016445377355335020e-04,1.000000000000000000e+00
3.046875000000000104e-03,5.703124999999999861e-03,1.420995617841037972e-04,1.000000000000000000e+00
3.203125000000000243e-03,5.703124999999999861e-03,0.000000000000000000e+00,0.000000000000000000e+00
3.359374999999999948e-03,5.703124999999999861e-03,0.000000000000000000e+00,0.000000000000000000e+00
3.515625000000000087e-03,5.703124999999999861e-03,0.000000000000000000e+00,0.000000000000000000e+00
3.671875000000000226e-03,5.703124999999999861e-03,0.000000000000000000e+00,0.000000000000000000e+00
3.828124999999999931e-03,5.703124999999999861e-03,0.000000000000000000e+00,0.000000000000000000e+00
3.984375000000000069e-03,5.703124999999999861e-03,0.000000000000000000e+00,0.000000000000000000e+00
4.140625000000000208e-03,5.703124999999999861e-03,0.000000000000000000e+00,0.000000000000000000e+00
4.296875000000000347e-03,5.703124999999999861e-03,0.000000000000000000e+00,0.000000000000000000e+00
4.453125000000000486e-03,5.703124999999999861e-03,0.000000000000000000e+00,0.000000000000000000e+00
4.609374999999999757e-03,5.703124999999999861e-03,0.000000000000000000e+00,0.000000000000000000e+00
4.765624999999999896e-03,5.703124999999999861e-03,0.000000000000000000e+00,0.000000000000000000e+00
4.921875000000000035e-03,5.703124999999999861e-03,0.000000000000000000e+00,0.000000000000000000e+00
5.078125000000000173e-03,5.703124999999999861e-03,0.000000000000000000e+00,0.000000000000000000e+00
5.234375000000000312e-03,5.703124999999999861e-03,0.000000000000000000e+00,0.000000000000000000e+00
5.390625000000000451e-03,5.703124999999999861e-03,0.000000000000000000e+00,0.000000000000000000e+00
5.546874999999999722e-03,5.703124999999999861e-03,0.000000000000000000e+00,0.000000000000000000e+00
5.703124999999999861e-03,5.703124999999999861e-03,0.000000000000000000e+00,0.000000000000000000e+00
5.859375000000000000e-03,5.703124999999999861e-03,0.000000000000000000e+00,0.000000000000000000e+00
6.015625000000000139e-03,5.703124999999999861e-03,0.000000000000000000e+00,0.000000000000000000e+00
6.171875000000000278e-03,5.703124999999999861e-03,0.000000000000000000e+00,0.000000000000000000e+00
6.328125000000000416e-03,5.703124999999999861e-03,0.000000000000000000e+00,0.000000000000000000e+00
6.484375000000000555e-03,5.703124999999999861e-03,0.000000000000000000e+00,0.000000000000000000e+00
6.640624999999999827e-03,5.703124999999999861e-03,0.000000000000000000e+00,0.000000000000000000e+00
6.796874999999999965e-03,5.703124999999999861e-03,0.000000000000000000e+00,0.000000000000000000e+00
6.953125000000000104e-03,5.703124999999999861e-03,1.420995617841039327e-04,1.000000000000000000e+00
7.109375000000000243e-03,5.703124999999999861e-03,4.016445377355339899e-04,1.000000000000000000e+00
7.265625000000000382e-03,5.703124999999999861e-03,6.356985328704734114e-04,1.000000000000000000e+00
7.421875000000000520e-03,5.703124999999999861e-03,8.387932531460022111e-04,1.000000000000000000e+00
7.578124999999999792e-03,5.703124999999999861e-03,1.009281016901314876e-03,1.000000000000000000e+00
7.734374999999999931e-03,5.703124999999999861e-03,1.147458270977371906e-03,1.000000000000000000e+00
7.890625000000000069e-03,5.703124999999999861e-03,1.254252608008298844e-03,1.000000000000000000e+00
8.046875000000000208e-03,5.703124999999999861e-03,1.330701634534893268e-03,1.000000000000000000e+00
8.203125000000000347e-03,5.703124999999999861e-03,1.377779096881737641e-03,1.000000000000000000e+00
8.359375000000000486e-03,5.703124999999999861e-03,1.396346472595971604e-03,1.000000000000000000e+00
8.515625000000000625e-03,5.703124999999999861e-03,1.387146975553299509e-03,1.000000000000000000e+00
8.671875000000000763e-03,5.703124999999999861e-03,1.350813310486696653e-03,1.000000000000000000e+00
8.828125000000000902e-03,5.703124999999999861e-03,1.287879466136997511e-03,1.000000000000000000e+00
8.984375000000001041e-03,5.703124999999999861e-03,1.198793253466011932e-03,1.000000000000000000e+00
9.140624999999999445e-03,5.703124999999999861e-03,1.083928495076405497e-03,1.000000000000000000e+00
9.296874999999999584e-03,5.703124999999999861e-03,9.435965514096305174e-04,1.000000000000000000e+00
9.453124999999999722e-03,5.703124999999999861e-03,7.780571548052167899e-04,1.000000000000000000e+00
9.609374999999999861e-03,5.703124999999999861e-03,5.875286272826194325e-04,1.000000000000000000e+00
9.765625000000000000e-03,5.703124999999999861e-03,3.721975930211923744e-04,1.000000000000000000e+00
9.921875000000000139e-03,5.703124999999999861e-03,1.322283041423621421e-04,1.000000000000000000e+00
7.812500000000000163e-05,5.859375000000000000e-03,1.327562408118771809e-04,1.000000000000000000e+00
2.343749999999999913e-04,5.859375000000000000e-03,3.738070266994983869e-04,1.000000000000000000e+00
3.906250000000000217e-04,5.859375000000000000e-03,5.902969262800547481e-04,1.000000000000000000e+00
5.468750000000000520e-04,5.859375000000000000e-03,7.821149540567429908e-04,1.000000000000000000e+00
7.031249999999999740e-04,5.859375000000000000e-03,9.491303914320632640e-04,1.000000000000000000e+00
8.593750000000000043e-04,5.859375000000000000e-03,1.091184738756736375e-03,1.000000000000000000e+00
1.015625000000000035e-03,5.859375000000000000e-03,1.208083521395471489e-03,1.000000000000000000e+00
1.171874999999999957e-03,5.859375000000000000e-03,1.299587928133696902e-03,1.000000000000000000e+00
1.328125000000000095e-03,5.859375000000000000e-03,1.365406291051294175e-03,1.000000000000000000e+00
1.484375000000000017e-03,5.859375000000000000e-03,1.405185477118517205e-03,1.000000000000000000e+00
1.640624999999999939e-03,5.859375000000000000e-03,1.418502376922149179e-03,1.000000000000000000e+00
1.796875000000000078e-03,5.859375000000000000e-03,1.404855878674208473e-03,1.000000000000000000e+00
1.953125000000000000e-03,5.859375000000000000e-03,1.363660018490221336e-03,1.000000000000000000e+00
2.109375000000000139e-03,5.859375000000000000e-03,1.294239189685881131e-03,1.000000000000000000e+00
2.265624999999999844e-03,5.859375000000000000e-03,1.195824917528781964e-03,1.000000000000000000e+00
2.421874999999999983e-03,5.859375000000000000e-03,1.067543362555265765e-03,1.000000000000000000e+00
2.578125000000000121e-03,5.859375000000000000e-03,9.083294967814510828e-04,1.000000000000000000e+00
2.734375000000000260e-03,5.859375000000000000e-03,7.164602198075140224e-04,1.000000000000000000e+00
2.890624999999999965e-03,5.859375000000000000e-03,4.873453385081723700e-04,1.000000000000000000e+00
3.046875000000000104e-03,5.859375000000000000e-03,2.038501620910706223e-04,1.000000000000000000e+00
3.203125000000000243e-03,5.859375000000000000e-03,0.000000000000000000e+00,0.000000000000000000e+00
3.359374999999999948e-03,5.859375000000000000e-03,0.000000000000000000e+00,0.000000000000000000e+00
3.515625000000000087e-03,5.859375000000000000e-03,0.000000000000000000e+00,0.000000000000000000e+00
3.671875000000000226e-03,5.859375000000000000e-03,0.000000000000000000e+00,0.000000000000000000e+00
3.828124999999999931e-03,5.859375000000000000e-03,0.000000000000000000e+00,0.000000000000000000e+00
3.984375000000000069e-03,5.859375000000000000e-03,0.000000000000000000e+00,0.000000000000000000e+00
4.140625000000000208e-03,5.859375000000000000e-03,0.000000000000000000e+00,0.000000000000000000e+00
4.296875000000000347e-03,5.859375000000000000e-03,0.000000000000000000e+00,0.000000000000000000e+00
4.453125000000000486e-03,5.859375000000000000e-03,0.000000000000000000e+00,0.000000000000000000e+00
4.609374999999999757e-03,5.859375000000000000e-03,0.000000000000000000e+00,0.000000000000000000e+00
4.765624999999999896e-03,5.859375000000000000e-03,0.000000000000000000e+00,0.000000000000000000e+00
4.921875000000000035e-03,5.859375000000000000e-03,0.000000000000000000e+00,0.000000000000000000e+00
5.078125000000000173e-03,5.859375000000000000e-03,0.000000000000000000e+00,0.000000000000000000e+00
5.234375000000000312e-03,5.859375000000000000e-03,0.000000000000000000e+00,0.000000000000000000e+00
5.390625000000000451e-03,5.859375000000000000e-03,0.000000000000000000e+00,0.000000000000000000e+00
5.546874999999999722e-03,5.859375000000000000e-03,0.000000000000000000e+00,0.000000000000000000e+00
5.703124999999999861e-03,5.859375000000000000e-03,0.000000000000000000e+00,0.000000000000000000e+00
5.859375000000000000e-03,5.859375000000000000e-03,0.000000000000000000e+00,0.000000000000000000e+00
6.015625000000000139e-03,5.859375000000000000e-03,0.000000000000000000e+00,0.000000000000000000e+00
6.171875000000000278e-03,5.859375000000000000e-03,0.000000000000000000e+00,0.000000000000000000e+00
6.328125000000000416e-03,5.859375000000000000e-03,0.000000000000000000e+00,0.000000000000000000e+00
6.484375000000000555e-03,5.859375000000000000e-03,0.000000000000000000e+00,0.000000000000000000e+00
6.640624999999999827e-03,5.859375000000000000e-03,0.000000000000000000e+00,0.000000000000000000e+00
6.796874999999999965e-03,5.859375000000000000e-03,0.000000000000000000e+00,0.000000000000000000e+00
6.953125000000000104e-03,5.859375000000000000e-03,2.038501620910708662e-04,1.000000000000000000e+00
7.109375000000000243e-03,5.859375000000000000e-03,4.873453385081730747e-04,1.000000000000000000e+00
7.265625000000000382e-03,5.859375000000000000e-03,7.164602198075149982e-04,1.000000000000000000e+00
7.421875000000000520e-03,5.859375000000000000e-03,9.083294967814521670e-04,1.000000000000000000e+00
7.578124999999999792e-03,5.859375000000000000e-03,1.067543362555266849e-03,1.000000000000000000e+00
7.734374999999999931e-03,5.859375000000000000e-03,1.195824917528783265e-03,1.000000000000000000e+00
7.890625000000000069e-03,5.859375000000000000e-03,1.294239189685882432e-03,1.000000000000000000e+00
8.046875000000000208e-03,5.859375000000000000e-03,1.363660018490222420e-03,1.000000000000000000e+00
8.203125000000000347e-03,5.859375000000000000e-03,1.404855878674209340e-03,1.000000000000000000e+00
8.359375000000000486e-03,5.859375000000000000e-03,1.418502376922150046e-03,1.000000000000000000e+00
8.515625000000000625e-03,5.859375000000000000e-03,1.405185477118517856e-03,1.000000000000000000e+00
8.671875000000000763e-03,5.859375000000000000e-03,1.365406291051294609e-03,1.000000000000000000e+00
8.828125000000000902e-03,5.859375000000000000e-03,1.299587928133697119e-03,1.000000000000000000e+00
8.984375000000001041e-03,5.859375000000000000e-03,1.208083521395471273e-03,1.000000000000000000e+00
9.140624999999999445e-03,5.859375000000000000e-03,1.091184738756735724e-03,1.000000000000000000e+00
9.296874999999999584e-03,5.859375000000000000e-03,9.491303914320632640e-04,1.000000000000000000e+00
9.453124999999999722e-03,5.859375000000000000e-03,7.821149540567429908e-04,1.000000000000000000e+00
9.609374999999999861e-03,5.859375000000000000e-03,5.902969262800545312e-04,1.000000000000000000e+00
9.765625000000000000e-03,5.859375000000000000e-03,3.738070266994981700e-04,1.000000000000000000e+00
9.921875000000000139e-03,5.859375000000000000e-03,1.327562408118770996e-04,1.000000000000000000e+00
7.812500000000000163e-05,6.015625000000000139e-03,1.333318107175252996e-04,1.000000000000000000e+00
2.343749999999999913e-04,6.015625000000000139e-03,3.755632841848690869e-04,1.000000000000000000e+00
3.906250000000000217e-04,6.015625000000000139e-03,5.933230345813578352e-04,1.000000000000000000e+00
5.468750000000000520e-04,6.015625000000000139e-03,7.865612812096370310e-04,1.000000000000000000e+00
7.031249999999999740e-04,6.015625000000000139e-03,9.552112590051434768e-04,1.000000000000000000e+00
8.593750000000000043e-04,6.015625000000000139e-03,1.099182484623004684e-03,1.000000000000000000e+00
1.015625000000000035e-03,6.015625000000000139e-03,1.218354102725440185e-03,1.000000000000000000e+00
1.171874999999999957e-03,6.015625000000000139e-03,1.312568371451022786e-03,1.000000000000000000e+00
1.328125000000000095e-03,6.015625000000000139e-03,1.381624385966266676e-03,1.000000000000000000e+00
1.484375000000000017e-03,6.015625000000000139e-03,1.425272202447326695e-03,1.000000000000000000e+00
1.640624999999999939e-03,6.015625000000000139e-03,1.443207616799899737e-03,1.000000000000000000e+00
1.796875000000000078e-03,6.015625000000000139e-03,1.435067959902725388e-03,1.000000000000000000e+00
1.953125000000000000e-03,6.015625000000000139e-03,1.400429308565903207e-03,1.000000000000000000e+00
2.109375000000000139e-03,6.015625000000000139e-03,1.338805152216223336e-03,1.000000000000000000e+00
2.265624999999999844e-03,6.015625000000000139e-03,1.249644784396610440e-03,1.000000000000000000e+00
2.421874999999999983e-03,6.015625000000000139e-03,1.132323956509516090e-03,1.000000000000000000e+00
2.578125000000000121e-03,6.015625000000000139e-03,9.861070891170229617e-04,1.000000000000000000e+00
2.734375000000000260e-03,6.015625000000000139e-03,8.100534485699596374e-04,1.000000000000000000e+00
2.890624999999999965e-03,6.015625000000000139e-03,6.030123718985713928e-04,1.000000000000000000e+00
3.046875000000000104e-03,6.015625000000000139e-03,3.653918476630770040e-04,1.000000000000000000e+00
3.203125000000000243e-03,6.015625000000000139e-03,1.141011884334534627e-04,1.000000000000000000e+00
3.359374999999999948e-03,6.015625000000000139e-03,0.000000000000000000e+00,0.000000000000000000e+00
3.515625000000000087e-03,6.015625000000000139e-03,0.000000000000000000e+00,0.000000000000000000e+00
3.671875000000000226e-03,6.015625000000000139e-03,0.000000000000000000e+00,0.000000000000000000e+00
3.828124999999999931e-03,6.015625000000000139e-03,0.000000000000000000e+00,0.000000000000000000e+00
3.984375000000000069e-03,6.015625000000000139e-03,0.000000000000000000e+00,0.000000000000000000e+00
4.140625000000000208e-03,6.015625000000000139e-03,0.000000000000000000e+00,0.000000000000000000e+00
4.296875000000000347e-03,6.015625000000000139e-03,0.000000000000000000e+00,0.000000000000000000e+00
4.453125000000000486e-03,6.015625000000000139e-03,0.000000000000000000e+00,0.000000000000000000e+00
4.609374999999999757e-03,6.015625000000000139e-03,0.000000000000000000e+00,0.000000000000000000e+00
4.765624999999999896e-03,6.015625000000000139e-03,0.000000000000000000e+00,0.000000000000000000e+00
4.921875000000000035e-03,6.015625000000000139e-03,0.000000000000000000e+00,0.000000000000000000e+00
5.078125000000000173e-03,6.015625000000000139e-03,0.000000000000000000e+00,0.000000000000000000e+00
5.234375000000000312e-03,6.015625000000000139e-03,0.000000000000000000e+00,0.000000000000000000e+00
5.390625000000000451e-03,6.015625000000000139e-03,0.000000000000000000e+00,0.000000000000000000e+00
5.546874999999999722e-03,6.015625000000000139e-03,0.000000000000000000e+00,0.000000000000000000e+00
5.703124999999999861e-03,6.015625000000000139e-03,0.000000000000000000e+00,0.000000000000000000e+00
5.859375000000000000e-03,6.015625000000000139e-03,0.000000000000000000e+00,0.000000000000000000e+00
6.015625000000000139e-03,6.015625000000000139e-03,0.000000000000000000e+00,0.000000000000000000e+00
6.171875000000000278e-03,6.015625000000000139e-03,0.000000000000000000e+00,0.000000000000000000e+00
6.328125000000000416e-03,6.015625000000000139e-03,0.000000000000000000e+00,0.000000000000000000e+00
6.484375000000000555e-03,6.015625000000000139e-03,0.000000000000000000e+00,0.000000000000000000e+00
6.640624999999999827e-03,6.015625000000000139e-03,0.000000000000000000e+00,0.000000000000000000e+00
6.796874999999999965e-03,6.015625000000000139e-03,1.141011884334536253e-04,1.000000000000000000e+00
6.953125000000000104e-03,6.015625000000000139e-03,3.653918476630773834e-04,1.000000000000000000e+00
7.109375000000000243e-03,6.015625000000000139e-03,6.030123718985724770e-04,1.000000000000000000e+00
7.265625000000000382e-03,6.015625000000000139e-03,8.100534485699609384e-04,1.000000000000000000e+00
7.421875000000000520e-03,6.015625000000000139e-03,9.861070891170244795e-04,1.000000000000000000e+00
7.578124999999999792e-03,6.015625000000000139e-03,1.132323956509517608e-03,1.000000000000000000e+00
7.734374999999999931e-03,6.015625000000000139e-03,1.249644784396611958e-03,1.000000000000000000e+00
7.890625000000000069e-03,6.015625000000000139e-03,1.338805152216225071e-03,1.000000000000000000e+00
8.046875000000000208e-03,6.015625000000000139e-03,1.400429308565904725e-03,1.000000000000000000e+00
8.203125000000000347e-03,6.015625000000000139e-03,1.435067959902726472e-03,1.000000000000000000e+00
8.359375000000000486e-03,6.015625000000000139e-03,1.443207616799900605e-03,1.000000000000000000e+00
8.515625000000000625e-03,6.015625000000000139e-03,1.425272202447327996e-03,1.000000000000000000e+00
8.671875000000000763e-03,6.015625000000000139e-03,1.381624385966267760e-03,1.000000000000000000e+00
8.828125000000000902e-03,6.015625000000000139e-03,1.312568371451023220e-03,1.000000000000000000e+00
8.984375000000001041e-03,6.015625000000000139e-03,1.218354102725439968e-03,1.000000000000000000e+00
9.140624999999999445e-03,6.015625000000000139e-03,1.099182484623004033e-03,1.000000000000000000e+00
9.296874999999999584e-03,6.015625000000000139e-03,9.552112590051433684e-04,1.000000000000000000e+00
9.453124999999999722e-03,6.015625000000000139e-03,7.865612812096365973e-04,1.000000000000000000e+00
9.609374999999999861e-03,6.015625000000000139e-03,5.933230345813572931e-04,1.000000000000000000e+00
9.765625000000000000e-03,6.015625000000000139e-03,3.755632841848688158e-04,1.000000000000000000e+00
9.921875000000000139e-03,6.015625000000000139e-03,1.333318107175252183e-04,1.000000000000000000e+00
7.812500000000000163e-05,6.171875000000000278e-03,1.339254660908803171e-04,1.000000000000000000e+00
2.343749999999999913e-04,6.171875000000000278e-03,3.773772022410947771e-04,1.000000000000000000e+00
3.906250000000000217e-04,6.171875000000000278e-03,5.964565841508698025e-04,1.000000000000000000e+00
5.468750000000000520e-04,6.171875000000000278e-03,7.911818146953033658e-04,1.000000000000000000e+00
7.031249999999999740e-04,6.171875000000000278e-03,9.615568162558699910e-04,1.000000000000000000e+00
8.593750000000000043e-04,6.171875000000000278e-03,1.107565775504698027e-03,1.000000000000000000e+00
1.015625000000000035e-03,6.171875000000000278e-03,1.229167970932262518e-03,1.000000000000000000e+00
1.171874999999999957e-03,6.171875000000000278e-03,1.326293006478687468e-03,1.000000000000000000e+00
1.328125000000000095e-03,6.171875000000000278e-03,1.398836616415423569e-03,1.000000000000000000e+00
1.484375000000000017e-03,6.171875000000000278e-03,1.446657267404622598e-03,1.000000000000000000e+00
1.640624999999999939e-03,6.171875000000000278e-03,1.469573865427396689e-03,1.000000000000000000e+00
1.796875000000000078e-03,6.171875000000000278e-03,1.467364973070890873e-03,1.000000000000000000e+00
1.953125000000000000e-03,6.171875000000000278e-03,1.439770041154443941e-03,1.000000000000000000e+00
2.109375000000000139e-03,6.171875000000000278e-03,1.386493263716497785e-03,1.000000000000000000e+00
2.265624999999999844e-03,6.171875000000000278e-03,1.307211048831919808e-03,1.000000000000000000e+00
2.421874999999999983e-03,6.171875000000000278e-03,1.201586527469164414e-03,1.000000000000000000e+00
2.578125000000000121e-03,6.171875000000000278e-03,1.069307392107165773e-03,1.000000000000000000e+00
2.734375000000000260e-03,6.171875000000000278e-03,9.102200509567302594e-04,1.000000000000000000e+00
2.890624999999999965e-03,6.171875000000000278e-03,7.248447903530772429e-04,1.000000000000000000e+00
3.046875000000000104e-03,6.171875000000000278e-03,5.161896057292122454e-04,1.000000000000000000e+00
3.203125000000000243e-03,6.171875000000000278e-03,2.948012204376438045e-04,1.000000000000000000e+00
3.359374999999999948e-03,6.171875000000000278e-03,8.416918365585564655e-05,1.000000000000000000e+00
3.515625000000000087e-03,6.171875000000000278e-03,0.000000000000000000e+00,0.000000000000000000e+00
3.671875000000000226e-03,6.171875000000000278e-03,0.000000000000000000e+00,0.000000000000000000e+00
3.828124999999999931e-03,6.171875000000000278e-03,0.000000000000000000e+00,0.000000000000000000e+00
3.984375000000000069e-03,6.171875000000000278e-03,0.000000000000000000e+00,0.000000000000000000e+00
4.140625000000000208e-03,6.171875000000000278e-03,0.000000000000000000e+00,0.000000000000000000e+00
4.296875000000000347e-03,6.171875000000000278e-03,0.000000000000000000e+00,0.000000000000000000e+00
4.453125000000000486e-03,6.171875000000000278e-03,0.000000000000000000e+00,0.000000000000000000e+00
4.609374999999999757e-03,6.171875000000000278e-03,0.000000000000000000e+00,0.000000000000000000e+00
4.765624999999999896e-03,6.171875000000000278e-03,0.000000000000000000e+00,0.000000000000000000e+00
4.921875000000000035e-03,6.171875000000000278e-03,0.000000000000000000e+00,0.000000000000000000e+00
5.078125000000000173e-03,6.171875000000000278e-03,0.000000000000000000e+00,0.000000000000000000e+00
5.234375000000000312e-03,6.171875000000000278e-03,0.000000000000000000e+00,0.000000000000000000e+00
5.390625000000000451e-03,6.171875000000000278e-03,0.000000000000000000e+00,0.000000000000000000e+00
5.546874999999999722e-03,6.171875000000000278e-03,0.000000000000000000e+00,0.000000000000000000e+00
5.703124999999999861e-03,6.171875000000000278e-03,0.000000000000000000e+00,0.000000000000000000e+00
5.859375000000000000e-03,6.171875000000000278e-03,0.000000000000000000e+00,0.000000000000000000e+00
6.015625000000000139e-03,6.171875000000000278e-03,0.000000000000000000e+00,0.000000000000000000e+00
6.171875000000000278e-03,6.171875000000000278e-03,0.000000000000000000e+00,0.000000000000000000e+00
6.328125000000000416e-03,6.171875000000000278e-03,0.000000000000000000e+00,0.000000000000000000e+00
6.484375000000000555e-03,6.171875000000000278e-03,0.000000000000000000e+00,0.000000000000000000e+00
6.640624999999999827e-03,6.171875000000000278e-03,8.416918365585578207e-05,1.000000000000000000e+00
6.796874999999999965e-03,6.171875000000000278e-03,2.948012204376443466e-04,1.000000000000000000e+00
6.953125000000000104e-03,6.171875000000000278e-03,5.161896057292132212e-04,1.000000000000000000e+00
7.109375000000000243e-03,6.171875000000000278e-03,7.248447903530783271e-04,1.000000000000000000e+00
7.265625000000000382e-03,6.171875000000000278e-03,9.102200509567319941e-04,1.000000000000000000e+00
7.421875000000000520e-03,6.171875000000000278e-03,1.069307392107167291e-03,1.000000000000000000e+00
7.578124999999999792e-03,6.171875000000000278e-03,1.201586527469166582e-03,1.000000000000000000e+00
7.734374999999999931e-03,6.171875000000000278e-03,1.307211048831921543e-03,1.000000000000000000e+00
7.890625000000000069e-03,6.171875000000000278e-03,1.386493263716499953e-03,1.000000000000000000e+00
8.046875000000000208e-03,6.171875000000000278e-03,1.439770041154445242e-03,1.000000000000000000e+00
8.203125000000000347e-03,6.171875000000000278e-03,1.467364973070892174e-03,1.000000000000000000e+00
8.359375000000000486e-03,6.171875000000000278e-03,1.469573865427398424e-03,1.000000000000000000e+00
8.515625000000000625e-03,6.171875000000000278e-03,1.446657267404625200e-03,1.000000000000000000e+00
8.671875000000000763e-03,6.171875000000000278e-03,1.398836616415425303e-03,1.000000000000000000e+00
8.828125000000000902e-03,6.171875000000000278e-03,1.326293006478687902e-03,1.000000000000000000e+00
8.984375000000001041e-03,6.171875000000000278e-03,1.229167970932262301e-03,1.000000000000000000e+00
9.140624999999999445e-03,6.171875000000000278e-03,1.107565775504697810e-03,1.000000000000000000e+00
9.296874999999999584e-03,6.171875000000000278e-03,9.615568162558696657e-04,1.000000000000000000e+00
9.453124999999999722e-03,6.171875000000000278e-03,7.911818146953030406e-04,1.000000000000000000e+00
9.609374999999999861e-03,6.171875000000000278e-03,5.964565841508693688e-04,1.000000000000000000e+00
9.765625000000000000e-03,6.171875000000000278e-03,3.773772022410945602e-04,1.000000000000000000e+00
9.921875000000000139e-03,6.171875000000000278e-03,1.339254660908802358e-04,1.000000000000000000e+00
7.812500000000000163e-05,6.328125000000000416e-03,1.345042549957816227e-04,1.000000000000000000e+00
2.343749999999999913e-04,6.328125000000000416e-03,3.791494120377600970e-04,1.000000000000000000e+00
3.906250000000000217e-04,6.328125000000000416e-03,5.995302225857228849e-04,1.000000000000000000e+00
5.468750000000000520e-04,6.328125000000000416e-03,7.957385146648368341e-04,1.000000000000000000e+00
7.031249999999999740e-04,6.328125000000000416e-03,9.678543533183342051e-04,1.000000000000000000e+00
8.593750000000000043e-04,6.328125000000000416e-03,1.115941767707654894e-03,1.000000000000000000e+00
1.015625000000000035e-03,6.328125000000000416e-03,1.240044936520223609e-03,1.000000000000000000e+00
1.171874999999999957e-03,6.328125000000000416e-03,1.340185004616040437e-03,1.000000000000000000e+00
1.328125000000000095e-03,6.328125000000000416e-03,1.416357743312118053e-03,1.000000000000000000e+00
1.484375000000000017e-03,6.328125000000000416e-03,1.468532322828344392e-03,1.000000000000000000e+00
1.640624999999999939e-03,6.328125000000000416e-03,1.496651541934172769e-03,1.000000000000000000e+00
1.796875000000000078e-03,6.328125000000000416e-03,1.500633963298996908e-03,1.000000000000000000e+00
1.953125000000000000e-03,6.328125000000000416e-03,1.480378556764482033e-03,1.000000000000000000e+00
2.109375000000000139e-03,6.328125000000000416e-03,1.435772750163405876e-03,1.000000000000000000e+00
2.265624999999999844e-03,6.328125000000000416e-03,1.366705557245405595e-03,1.000000000000000000e+00
2.421874999999999983e-03,6.328125000000000416e-03,1.273089649928056720e-03,1.000000000000000000e+00
2.578125000000000121e-03,6.328125000000000416e-03,1.154901838385744353e-03,1.000000000000000000e+00
2.734375000000000260e-03,6.328125000000000416e-03,1.012260510296718362e-03,1.000000000000000000e+00
2.890624999999999965e-03,6.328125000000000416e-03,8.455430703277942934e-04,1.000000000000000000e+00
3.046875000000000104e-03,6.328125000000000416e-03,6.553065019630513422e-04,1.000000000000000000e+00
3.203125000000000243e-03,6.328125000000000416e-03,4.403308414320539774e-04,1.000000000000000000e+00
3.359374999999999948e-03,6.328125000000000416e-03,1.857998189974900531e-04,1.000000000000000000e+00
3.515625000000000087e-03,6.328125000000000416e-03,0.000000000000000000e+00,0.000000000000000000e+00
3.671875000000000226e-03,6.328125000000000416e-03,0.000000000000000000e+00,0.000000000000000000e+00
3.828124999999999931e-03,6.328125000000000416e-03,0.000000000000000000e+00,0.000000000000000000e+00
3.984375000000000069e-03,6.328125000000000416e-03,0.000000000000000000e+00,0.000000000000000000e+00
4.140625000000000208e-03,6.328125000000000416e-03,0.000000000000000000e+00,0.000000000000000000e+00
4.296875000000000347e-03,6.328125000000000416e-03,0.000000000000000000e+00,0.000000000000000000e+00
4.453125000000000486e-03,6.328125000000000416e-03,0.000000000000000000e+00,0.000000000000000000e+00
4.609374999999999757e-03,6.328125000000000416e-03,0.000000000000000000e+00,0.000000000000000000e+00
4.765624999999999896e-03,6.328125000000000416e-03,0.000000000000000000e+00,0.000000000000000000e+00
4.921875000000000035e-03,6.328125000000000416e-03,0.000000000000000000e+00,0.000000000000000000e+00
5.078125000000000173e-03,6.328125000000000416e-03,0.000000000000000000e+00,0.000000000000000000e+00
5.234375000000000312e-03,6.328125000000000416e-03,0.000000000000000000e+00,0.000000000000000000e+00
5.390625000000000451e-03,6.328125000000000416e-03,0.000000000000000000e+00,0.000000000000000000e+00
5.546874999999999722e-03,6.328125000000000416e-03,0.000000000000000000e+00,0.000000000000000000e+00
5.703124999999999861e-03,6.328125000000000416e-03,0.000000000000000000e+00,0.000000000000000000e+00
5.859375000000000000e-03,6.328125000000000416e-03,0.000000000000000000e+00,0.000000000000000000e+00
6.015625000000000139e-03,6.328125000000000416e-03,0.000000000000000000e+00,0.000000000000000000e+00
6.171875000000000278e-03,6.328125000000000416e-03,0.000000000000000000e+00,0.000000000000000000e+00
6.328125000000000416e-03,6.328125000000000416e-03,0.000000000000000000e+00,0.000000000000000000e+00
6.484375000000000555e-03,6.328125000000000416e-03,0.000000000000000000e+00,0.000000000000000000e+00
6.640624999999999827e-03,6.328125000000000416e-03,1.857998189974903241e-04,1.000000000000000000e+00
6.796874999999999965e-03,6.328125000000000416e-03,4.403308414320546279e-04,1.000000000000000000e+00
6.953125000000000104e-03,6.328125000000000416e-03,6.553065019630524264e-04,1.000000000000000000e+00
7.109375000000000243e-03,6.328125000000000416e-03,8.455430703277957028e-04,1.000000000000000000e+00
7.265625000000000382e-03,6.328125000000000416e-03,1.012260510296720097e-03,1.000000000000000000e+00
7.421875000000000520e-03,6.328125000000000416e-03,1.154901838385746522e-03,1.000000000000000000e+00
7.578124999999999792e-03,6.328125000000000416e-03,1.273089649928058672e-03,1.000000000000000000e+00
7.734374999999999931e-03,6.328125000000000416e-03,1.366705557245407546e-03,1.000000000000000000e+00
7.890625000000000069e-03,6.328125000000000416e-03,1.435772750163407828e-03,1.000000000000000000e+00
8.046875000000000208e-03,6.328125000000000416e-03,1.480378556764483985e-03,1.000000000000000000e+00
8.203125000000000347e-03,6.328125000000000416e-03,1.500633963298999077e-03,1.000000000000000000e+00
8.359375000000000486e-03,6.328125000000000416e-03,1.496651541934174720e-03,1.000000000000000000e+00
8.515625000000000625e-03,6.328125000000000416e-03,1.468532322828346995e-03,1.000000000000000000e+00
8.671875000000000763e-03,6.328125000000000416e-03,1.416357743312119354e-03,1.000000000000000000e+00
8.828125000000000902e-03,6.328125000000000416e-03,1.340185004616041304e-03,1.000000000000000000e+00
8.984375000000001041e-03,6.328125000000000416e-03,1.240044936520223609e-03,1.000000000000000000e+00
9.140624999999999445e-03,6.328125000000000416e-03,1.115941767707654460e-03,1.000000000000000000e+00
9.296874999999999584e-03,6.328125000000000416e-03,9.678543533183337714e-04,1.000000000000000000e+00
9.453124999999999722e-03,6.328125000000000416e-03,7.957385146648366173e-04,1.000000000000000000e+00
9.609374999999999861e-03,6.328125000000000416e-03,5.995302225857226681e-04,1.000000000000000000e+00
9.765625000000000000e-03,6.328125000000000416e-03,3.791494120377598802e-04,1.000000000000000000e+00
9.921875000000000139e-03,6.328125000000000416e-03,1.345042549957815143e-04,1.000000000000000000e+00
7.812500000000000163e-05,6.484375000000000555e-03,1.350323343502676506e-04,1.000000000000000000e+00
2.343749999999999913e-04,6.484375000000000555e-03,3.807719058284413528e-04,1.000000000000000000e+00
3.906250000000000217e-04,6.484375000000000555e-03,6.023623169894244591e-04,1.000000000000000000e+00
5.468750000000000520e-04,6.484375000000000555e-03,7.999736055599869673e-04,1.000000000000000000e+00
7.031249999999999740e-04,6.484375000000000555e-03,9.737662521449752962e-04,1.000000000000000000e+00
8.593750000000000043e-04,6.484375000000000555e-03,1.123887942987363605e-03,1.000000000000000000e+00
1.015625000000000035e-03,6.484375000000000555e-03,1.250470940324936459e-03,1.000000000000000000e+00
1.171874999999999957e-03,6.484375000000000555e-03,1.353630269653134004e-03,1.000000000000000000e+00
1.328125000000000095e-03,6.484375000000000555e-03,1.433462966888662815e-03,1.000000000000000000e+00
1.484375000000000017e-03,6.484375000000000555e-03,1.490048676162464671e-03,1.000000000000000000e+00
1.640624999999999939e-03,6.484375000000000555e-03,1.523451953681952955e-03,1.000000000000000000e+00
1.796875000000000078e-03,6.484375000000000555e-03,1.533726718926443130e-03,1.000000000000000000e+00
1.953125000000000000e-03,6.484375000000000555e-03,1.520923409941081278e-03,1.000000000000000000e+00
2.109375000000000139e-03,6.484375000000000555e-03,1.485099560427239479e-03,1.000000000000000000e+00
2.265624999999999844e-03,6.484375000000000555e-03,1.426334717558241580e-03,1.000000000000000000e+00
2.421874999999999983e-03,6.484375000000000555e-03,1.344750614111912606e-03,1.000000000000000000e+00
2.578125000000000121e-03,6.484375000000000555e-03,1.240535738711036427e-03,1.000000000000000000e+00
2.734375000000000260e-03,6.484375000000000555e-03,1.113963019016604846e-03,1.000000000000000000e+00
2.890624999999999965e-03,6.484375000000000555e-03,9.653464161983303128e-04,1.000000000000000000e+00
3.046875000000000104e-03,6.484375000000000555e-03,7.947484278631449395e-04,1.000000000000000000e+00
3.203125000000000243e-03,6.484375000000000555e-03,6.010017618300306881e-04,1.000000000000000000e+00
3.359374999999999948e-03,6.484375000000000555e-03,3.800850073995407281e-04,1.000000000000000000e+00
3.515625000000000087e-03,6.484375000000000555e-03,1.307640128831802644e-04,1.000000000000000000e+00
3.671875000000000226e-03,6.484375000000000555e-03,0.000000000000000000e+00,0.000000000000000000e+00
3.828124999999999931e-03,6.484375000000000555e-03,0.000000000000000000e+00,0.000000000000000000e+00
3.984375000000000069e-03,6.484375000000000555e-03,0.000000000000000000e+00,0.000000000000000000e+00
4.140625000000000208e-03,6.484375000000000555e-03,0.000000000000000000e+00,0.000000000000000000e+00
4.296875000000000347e-03,6.484375000000000555e-03,0.000000000000000000e+00,0.000000000000000000e+00
4.453125000000000486e-03,6.484375000000000555e-03,0.000000000000000000e+00,0.000000000000000000e+00
4.609374999999999757e-03,6.484375000000000555e-03,0.000000000000000000e+00,0.000000000000000000e+00
4.765624999999999896e-03,6.484375000000000555e-03,0.000000000000000000e+00,0.000000000000000000e+00
4.921875000000000035e-03,6.484375000000000555e-03,0.000000000000000000e+00,0.000000000000000000e+00
5.078125000000000173e-03,6.484375000000000555e-03,0.000000000000000000e+00,0.000000000000000000e+00
5.234375000000000312e-03,6.484375000000000555e-03,0.000000000000000000e+00,0.000000000000000000e+00
5.390625000000000451e-03,6.484375000000000555e-03,0.000000000000000000e+00,0.000000000000000000e+00
5.546874999999999722e-03,6.484375000000000555e-03,0.000000000000000000e+00,0.000000000000000000e+00
5.703124999999999861e-03,6.484375000000000555e-03,0.000000000000000000e+00,0.000000000000000000e+00
5.859375000000000000e-03,6.484375000000000555e-03,0.000000000000000000e+00,0.000000000000000000e+00
6.015625000000000139e-03,6.484375000000000555e-03,0.000000000000000000e+00,0.000000000000000000e+00
6.171875000000000278e-03,6.484375000000000555e-03,0.000000000000000000e+00,0.000000000000000000e+00
6.328125000000000416e-03,6.484375000000000555e-03,0.000000000000000000e+00,0.000000000000000000e+00
6.484375000000000555e-03,6.484375000000000555e-03,1.307640128831804270e-04,1.000000000000000000e+00
6.640624999999999827e-03,6.484375000000000555e-03,3.800850073995413244e-04,1.000000000000000000e+00
6.796874999999999965e-03,6.484375000000000555e-03,6.010017618300316639e-04,1.000000000000000000e+00
6.953125000000000104e-03,6.484375000000000555e-03,7.947484278631461322e-04,1.000000000000000000e+00
7.109375000000000243e-03,6.484375000000000555e-03,9.653464161983319391e-04,1.000000000000000000e+00
7.265625000000000382e-03,6.484375000000000555e-03,1.113963019016606581e-03,1.000000000000000000e+00
7.421875000000000520e-03,6.484375000000000555e-03,1.240535738711038595e-03,1.000000000000000000e+00
7.578124999999999792e-03,6.484375000000000555e-03,1.344750614111914775e-03,1.000000000000000000e+00
7.734374999999999931e-03,6.484375000000000555e-03,1.426334717558243531e-03,1.000000000000000000e+00
7.890625000000000069e-03,6.484375000000000555e-03,1.485099560427241647e-03,1.000000000000000000e+00
8.046875000000000208e-03,6.484375000000000555e-03,1.520923409941083012e-03,1.000000000000000000e+00
8.203125000000000347e-03,6.484375000000000555e-03,1.533726718926445298e-03,1.000000000000000000e+00
8.359375000000000486e-03,6.484375000000000555e-03,1.523451953681954473e-03,1.000000000000000000e+00
8.515625000000000625e-03,6.484375000000000555e-03,1.490048676162466623e-03,1.000000000000000000e+00
8.671875000000000763e-03,6.484375000000000555e-03,1.433462966888663682e-03,1.000000000000000000e+00
8.828125000000000902e-03,6.484375000000000555e-03,1.353630269653134004e-03,1.000000000000000000e+00
8.984375000000001041e-03,6.484375000000000555e-03,1.250470940324936459e-03,1.000000000000000000e+00
9.140624999999999445e-03,6.484375000000000555e-03,1.123887942987362954e-03,1.000000000000000000e+00
9.296874999999999584e-03,6.484375000000000555e-03,9.737662521449744289e-04,1.000000000000000000e+00
9.453124999999999722e-03,6.484375000000000555e-03,7.999736055599866421e-04,1.000000000000000000e+00
9.609374999999999861e-03,6.484375000000000555e-03,6.023623169894242423e-04,1.000000000000000000e+00
9.765625000000000000e-03,6.484375000000000555e-03,3.807719058284411901e-04,1.000000000000000000e+00
9.921875000000000139e-03,6.484375000000000555e-03,1.350323343502675964e-04,1.000000000000000000e+00
7.812500000000000163e-05,6.640624999999999827e-03,1.354714484271152557e-04,1.000000000000000000e+00
2.343749999999999913e-04,6.640624999999999827e-03,3.821294974363128303e-04,1.000000000000000000e+00
3.906250000000000217e-04,6.640624999999999827e-03,6.047594714835468266e-04,1.000000000000000000e+00
5.468750000000000520e-04,6.640624999999999827e-03,8.036132759407110413e-04,1.000000000000000000e+00
7.031249999999999740e-04,6.640624999999999827e-03,9.789350442142154100e-04,1.000000000000000000e+00
8.593750000000000043e-04,6.640624999999999827e-03,1.130958749271886773e-03,1.000000000000000000e+00
1.015625000000000035e-03,6.640624999999999827e-03,1.259906549639025139e-03,1.000000000000000000e+00
1.171874999999999957e-03,6.640624999999999827e-03,1.365988104282895958e-03,1.000000000000000000e+00
1.328125000000000095e-03,6.640624999999999827e-03,1.449401115926933752e-03,1.000000000000000000e+00
1.484375000000000017e-03,6.640624999999999827e-03,1.510333398750900342e-03,1.000000000000000000e+00
1.640624999999999939e-03,6.640624999999999827e-03,1.548966815204730254e-03,1.000000000000000000e+00
1.796875000000000078e-03,6.640624999999999827e-03,1.565483486283741465e-03,1.000000000000000000e+00
1.953125000000000000e-03,6.640624999999999827e-03,1.560074741146159037e-03,1.000000000000000000e+00
2.109375000000000139e-03,6.640624999999999827e-03,1.532953301546229920e-03,1.000000000000000000e+00
2.265624999999999844e-03,6.640624999999999827e-03,1.484369075948408292e-03,1.000000000000000000e+00
2.421874999999999983e-03,6.640624999999999827e-03,1.414628287750316869e-03,1.000000000000000000e+00
2.578125000000000121e-03,6.640624999999999827e-03,1.324113420829884204e-03,1.000000000000000000e+00
2.734375000000000260e-03,6.640624999999999827e-03,1.213295348360333287e-03,1.000000000000000000e+00
2.890624999999999965e-03,6.640624999999999827e-03,1.082717085085777367e-03,1.000000000000000000e+00
3.046875000000000104e-03,6.640624999999999827e-03,9.329249689611675018e-04,1.000000000000000000e+00
3.203125000000000243e-03,6.640624999999999827e-03,7.644287081253833566e-04,1.000000000000000000e+00
3.359374999999999948e-03,6.640624999999999827e-03,5.783603733874621020e-04,1.000000000000000000e+00
3.515625000000000087e-03,6.640624999999999827e-03,3.800850073995408907e-04,1.000000000000000000e+00
3.671875000000000226e-03,6.640624999999999827e-03,1.857998189974901615e-04,1.000000000000000000e+00
3.828124999999999931e-03,6.640624999999999827e-03,8.416918365585570076e-05,1.000000000000000000e+00
3.984375000000000069e-03,6.640624999999999827e-03,0.000000000000000000e+00,0.000000000000000000e+00
4.140625000000000208e-03,6.640624999999999827e-03,0.000000000000000000e+00,0.000000000000000000e+00
4.296875000000000347e-03,6.640624999999999827e-03,0.000000000000000000e+00,0.000000000000000000e+00
4.453125000000000486e-03,6.640624999999999827e-03,0.000000000000000000e+00,0.000000000000000000e+00
4.609374999999999757e-03,6.640624999999999827e-03,0.000000000000000000e+00,0.000000000000000000e+00
4.765624999999999896e-03,6.640624999999999827e-03,0.000000000000000000e+00,0.000000000000000000e+00
4.921875000000000035e-03,6.640624999999999827e-03,0.000000000000000000e+00,0.000000000000000000e+00
5.078125000000000173e-03,6.640624999999999827e-03,0.000000000000000000e+00,0.000000000000000000e+00
5.234375000000000312e-03,6.640624999999999827e-03,0.000000000000000000e+00,0.000000000000000000e+00
5.390625000000000451e-03,6.640624999999999827e-03,0.000000000000000000e+00,0.000000000000000000e+00
5.546874999999999722e-03,6.640624999999999827e-03,0.000000000000000000e+00,0.000000000000000000e+00
5.703124999999999861e-03,6.640624999999999827e-03,0.000000000000000000e+00,0.000000000000000000e+00
5.859375000000000000e-03,6.640624999999999827e-03,0.000000000000000000e+00,0.000000000000000000e+00
6.015625000000000139e-03,6.640624999999999827e-03,0.000000000000000000e+00,0.000000000000000000e+00
6.171875000000000278e-03,6.640624999999999827e-03,8.416918365585578207e-05,1.000000000000000000e+00
6.328125000000000416e-03,6.640624999999999827e-03,1.857998189974903512e-04,1.000000000000000000e+00
6.484375000000000555e-03,6.640624999999999827e-03,3.800850073995413244e-04,1.000000000000000000e+00
6.640624999999999827e-03,6.640624999999999827e-03,5.783603733874628609e-04,1.000000000000000000e+00
6.796874999999999965e-03,6.640624999999999827e-03,7.644287081253844408e-04,1.000000000000000000e+00
6.953125000000000104e-03,6.640624999999999827e-03,9.329249689611685860e-04,1.000000000000000000e+00
7.109375000000000243e-03,6.640624999999999827e-03,1.082717085085778885e-03,1.000000000000000000e+00
7.265625000000000382e-03,6.640624999999999827e-03,1.213295348360335455e-03,1.000000000000000000e+00
7.421875000000000520e-03,6.640624999999999827e-03,1.324113420829886156e-03,1.000000000000000000e+00
7.578124999999999792e-03,6.640624999999999827e-03,1.414628287750319471e-03,1.000000000000000000e+00
7.734374999999999931e-03,6.640624999999999827e-03,1.484369075948410461e-03,1.000000000000000000e+00
7.890625000000000069e-03,6.640624999999999827e-03,1.532953301546232088e-03,1.000000000000000000e+00
8.046875000000000208e-03,6.640624999999999827e-03,1.560074741146160772e-03,1.000000000000000000e+00
8.203125000000000347e-03,6.640624999999999827e-03,1.565483486283743200e-03,1.000000000000000000e+00
8.359375000000000486e-03,6.640624999999999827e-03,1.548966815204731772e-03,1.000000000000000000e+00
8.515625000000000625e-03,6.640624999999999827e-03,1.510333398750901860e-03,1.000000000000000000e+00
8.671875000000000763e-03,6.640624999999999827e-03,1.449401115926934186e-03,1.000000000000000000e+00
8.828125000000000902e-03,6.640624999999999827e-03,1.365988104282895958e-03,1.000000000000000000e+00
8.984375000000001041e-03,6.640624999999999827e-03,1.259906549639024922e-03,1.000000000000000000e+00
9.140624999999999445e-03,6.640624999999999827e-03,1.130958749271886339e-03,1.000000000000000000e+00
9.296874999999999584e-03,6.640624999999999827e-03,9.789350442142147595e-04,1.000000000000000000e+00
9.453124999999999722e-03,6.640624999999999827e-03,8.036132759407108245e-04,1.000000000000000000e+00
9.609374999999999861e-03,6.640624999999999827e-03,6.047594714835467181e-04,1.000000000000000000e+00
9.765625000000000000e-03,6.640624999999999827e-03,3.821294974363127761e-04,1.000000000000000000e+00
9.921875000000000139e-03,6.640624999999999827e-03,1.354714484271152557e-04,1.000000000000000000e+00
7.812500000000000163e-05,6.796874999999999965e-03,1.357813478489958842e-04,1.000000000000000000e+00
2.343749999999999913e-04,6.796874999999999965e-03,3.831011015061481628e-04,1.000000000000000000e+00
3.906250000000000217e-04,6.796874999999999965e-03,6.065187330677388996e-04,1.000000000000000000e+00
5.468750000000000520e-04,6.796874999999999965e-03,8.063709200050951566e-04,1.000000000000000000e+00
7.031249999999999740e-04,6.796874999999999965e-03,9.829878369992878576e-04,1.000000000000000000e+00
8.593750000000000043e-04,6.796874999999999965e-03,1.136691397746943024e-03,1.000000000000000000e+00
1.015625000000000035e-03,6.796874999999999965e-03,1.267794342176380585e-03,1.000000000000000000e+00
1.171874999999999957e-03,6.796874999999999965e-03,1.376600419412491241e-03,1.000000000000000000e+00
1.328125000000000095e-03,6.796874999999999965e-03,1.463405931285275980e-03,1.000000000000000000e+00
1.484375000000000017e-03,6.796874999999999965e-03,1.528502925209471912e-03,1.000000000000000000e+00
1.640624999999999939e-03,6.796874999999999965e-03,1.572184359602326557e-03,1.000000000000000000e+00
1.796875000000000078e-03,6.796874999999999965e-03,1.594751607357633308e-03,1.000000000000000000e+00
1.953125000000000000e-03,6.796874999999999965e-03,1.596524704313583573e-03,1.000000000000000000e+00
2.109375000000000139e-03,6.796874999999999965e-03,1.577855766163112957e-03,1.000000000000000000e+00
2.265624999999999844e-03,6.796874999999999965e-03,1.539145934438844888e-03,1.000000000000000000e+00
2.421874999999999983e-03,6.796874999999999965e-03,1.480865977611062678e-03,1.000000000000000000e+00
2.578125000000000121e-03,6.796874999999999965e-03,1.403580245997849236e-03,1.000000000000000000e+00
2.734375000000000260e-03,6.796874999999999965e-03,1.307973806009067683e-03,1.000000000000000000e+00
2.890624999999999965e-03,6.796874999999999965e-03,1.194887544323278671e-03,1.000000000000000000e+00
3.046875000000000104e-03,6.796874999999999965e-03,1.065391592270363563e-03,1.000000000000000000e+00
3.203125000000000243e-03,6.796874999999999965e-03,9.210136658228734383e-04,1.000000000000000000e+00
3.359374999999999948e-03,6.796874999999999965e-03,7.644287081253835735e-04,1.000000000000000000e+00
3.515625000000000087e-03,6.796874999999999965e-03,6.010017618300310133e-04,1.000000000000000000e+00
3.671875000000000226e-03,6.796874999999999965e-03,4.403308414320543027e-04,1.000000000000000000e+00
3.828124999999999931e-03,6.796874999999999965e-03,2.948012204376440756e-04,1.000000000000000000e+00
3.984375000000000069e-03,6.796874999999999965e-03,1.141011884334535304e-04,1.000000000000000000e+00
4.140625000000000208e-03,6.796874999999999965e-03,0.000000000000000000e+00,0.000000000000000000e+00
4.296875000000000347e-03,6.796874999999999965e-03,0.000000000000000000e+00,0.000000000000000000e+00
4.453125000000000486e-03,6.796874999999999965e-03,0.000000000000000000e+00,0.000000000000000000e+00
4.609374999999999757e-03,6.796874999999999965e-03,0.000000000000000000e+00,0.000000000000000000e+00
4.765624999999999896e-03,6.796874999999999965e-03,0.000000000000000000e+00,0.000000000000000000e+00
4.921875000000000035e-03,6.796874999999999965e-03,0.000000000000000000e+00,0.000000000000000000e+00
5.078125000000000173e-03,6.796874999999999965e-03,0.000000000000000000e+00,0.000000000000000000e+00
5.234375000000000312e-03,6.796874999999999965e-03,0.000000000000000000e+00,0.000000000000000000e+00
5.390625000000000451e-03,6.796874999999999965e-03,0.000000000000000000e+00,0.000000000000000000e+00
5.546874999999999722e-03,6.796874999999999965e-03,0.000000000000000000e+00,0.000000000000000000e+00
5.703124999999999861e-03,6.796874999999999965e-03,0.000000000000000000e+00,0.000000000000000000e+00
5.859375000000000000e-03,6.796874999999999965e-03,0.000000000000000000e+00,0.000000000000000000e+00
6.015625000000000139e-03,6.796874999999999965e-03,1.141011884334536931e-04,1.000000000000000000e+00
6.171875000000000278e-03,6.796874999999999965e-03,2.948012204376444009e-04,1.000000000000000000e+00
6.328125000000000416e-03,6.796874999999999965e-03,4.403308414320547906e-04,1.000000000000000000e+00
6.484375000000000555e-03,6.796874999999999965e-03,6.010017618300316639e-04,1.000000000000000000e+00
6.640624999999999827e-03,6.796874999999999965e-03,7.644287081253843324e-04,1.000000000000000000e+00
6.796874999999999965e-03,6.796874999999999965e-03,9.210136658228741972e-04,1.000000000000000000e+00
6.953125000000000104e-03,6.796874999999999965e-03,1.065391592270364647e-03,1.000000000000000000e+00
7.109375000000000243e-03,6.796874999999999965e-03,1.194887544323279972e-03,1.000000000000000000e+00
7.265625000000000382e-03,6.796874999999999965e-03,1.307973806009070069e-03,1.000000000000000000e+00
7.421875000000000520e-03,6.796874999999999965e-03,1.403580245997851405e-03,1.000000000000000000e+00
7.578124999999999792e-03,6.796874999999999965e-03,1.480865977611065063e-03,1.000000000000000000e+00
7.734374999999999931e-03,6.796874999999999965e-03,1.539145934438847273e-03,1.000000000000000000e+00
7.890625000000000069e-03,6.796874999999999965e-03,1.577855766163115125e-03,1.000000000000000000e+00
8.046875000000000208e-03,6.796874999999999965e-03,1.596524704313585308e-03,1.000000000000000000e+00
8.203125000000000347e-03,6.796874999999999965e-03,1.594751607357634392e-03,1.000000000000000000e+00
8.359375000000000486e-03,6.796874999999999965e-03,1.572184359602326990e-03,1.000000000000000000e+00
8.515625000000000625e-03,6.796874999999999965e-03,1.528502925209472563e-03,1.000000000000000000e+00
8.671875000000000763e-03,6.796874999999999965e-03,1.463405931285276414e-03,1.000000000000000000e+00
8.828125000000000902e-03,6.796874999999999965e-03,1.376600419412492109e-03,1.000000000000000000e+00
8.984375000000001041e-03,6.796874999999999965e-03,1.267794342176380585e-03,1.000000000000000000e+00
9.140624999999999445e-03,6.796874999999999965e-03,1.136691397746942807e-03,1.000000000000000000e+00
9.296874999999999584e-03,6.796874999999999965e-03,9.829878369992874239e-04,1.000000000000000000e+00
9.453124999999999722e-03,6.796874999999999965e-03,8.063709200050949398e-04,1.000000000000000000e+00
9.609374999999999861e-03,6.796874999999999965e-03,6.065187330677386827e-04,1.000000000000000000e+00
9.765625000000000000e-03,6.796874999999999965e-03,3.831011015061481085e-04,1.000000000000000000e+00
9.921875000000000139e-03,6.796874999999999965e-03,1.357813478489958842e-04,1.000000000000000000e+00
7.812500000000000163e-05,6.953125000000000104e-03,1.359201268117161434e-04,1.000000000000000000e+00
2.343749999999999913e-04,6.953125000000000104e-03,3.835607651715450153e-04,1.000000000000000000e+00
3.906250000000000217e-04,6.953125000000000104e-03,6.074293767761653222e-04,1.000000000000000000e+00
5.468750000000000520e-04,6.953125000000000104e-03,8.079497715126426980e-04,1.000000000000000000e+00
7.031249999999999740e-04,6.953125000000000104e-03,9.855399235308977095e-04,1.000000000000000000e+00
8.593750000000000043e-04,6.953125000000000104e-03,1.140610600040216967e-03,1.000000000000000000e+00
1.015625000000000035e-03,6.953125000000000104e-03,1.273564939407063456e-03,1.000000000000000000e+00
1.171874999999999957e-03,6.953125000000000104e-03,1.384799237405413830e-03,1.000000000000000000e+00
1.328125000000000095e-03,6.953125000000000104e-03,1.474705202092205800e-03,1.000000000000000000e+00
1.484375000000000017e-03,6.953125000000000104e-03,1.543673948699384423e-03,1.000000000000000000e+00
1.640624999999999939e-03,6.953125000000000104e-03,1.592102028137469538e-03,1.000000000000000000e+00
1.796875000000000078e-03,6.953125000000000104e-03,1.620399816730881942e-03,1.000000000000000000e+00
1.953125000000000000e-03,6.953125000000000104e-03,1.629002640087429295e-03,1.000000000000000000e+00
2.109375000000000139e-03,6.953125000000000104e-03,1.618385061853795485e-03,1.000000000000000000e+00
2.265624999999999844e-03,6.953125000000000104e-03,1.589078855532795927e-03,1.000000000000000000e+00
2.421874999999999983e-03,6.953125000000000104e-03,1.541695379757239371e-03,1.000000000000000000e+00
2.578125000000000121e-03,6.953125000000000104e-03,1.476953717041382249e-03,1.000000000000000000e+00
2.734375000000000260e-03,6.953125000000000104e-03,1.395718022854810060e-03,1.000000000000000000e+00
2.890624999999999965e-03,6.953125000000000104e-03,1.299053631427904854e-03,1.000000000000000000e+00
3.046875000000000104e-03,6.953125000000000104e-03,1.188326127474134079e-03,1.000000000000000000e+00
3.203125000000000243e-03,6.953125000000000104e-03,1.065391592270363563e-03,1.000000000000000000e+00
3.359374999999999948e-03,6.953125000000000104e-03,9.329249689611675018e-04,1.000000000000000000e+00
3.515625000000000087e-03,6.953125000000000104e-03,7.947484278631452648e-04,1.000000000000000000e+00
3.671875000000000226e-03,6.953125000000000104e-03,6.553065019630517759e-04,1.000000000000000000e+00
3.828124999999999931e-03,6.953125000000000104e-03,5.161896057292125707e-04,1.000000000000000000e+00
3.984375000000000069e-03,6.953125000000000104e-03,3.653918476630771666e-04,1.000000000000000000e+00
4.140625000000000208e-03,6.953125000000000104e-03,2.038501620910707307e-04,1.000000000000000000e+00
4.296875000000000347e-03,6.953125000000000104e-03,1.420995617841038514e-04,1.000000000000000000e+00
4.453125000000000486e-03,6.953125000000000104e-03,8.058904659391492127e-05,1.000000000000000000e+00
4.609374999999999757e-03,6.953125000000000104e-03,0.000000000000000000e+00,0.000000000000000000e+00
4.765624999999999896e-03,6.953125000000000104e-03,0.000000000000000000e+00,0.000000000000000000e+00
4.921875000000000035e-03,6.953125000000000104e-03,0.000000000000000000e+00,0.000000000000000000e+00
5.078125000000000173e-03,6.953125000000000104e-03,0.000000000000000000e+00,0.000000000000000000e+00
5.234375000000000312e-03,6.953125000000000104e-03,0.000000000000000000e+00,0.000000000000000000e+00
5.390625000000000451e-03,6.953125000000000104e-03,0.000000000000000000e+00,0.000000000000000000e+00
5.546874999999999722e-03,6.953125000000000104e-03,8.058904659391504324e-05,1.000000000000000000e+00
5.703124999999999861e-03,6.953125000000000104e-03,1.420995617841040953e-04,1.000000000000000000e+00
5.859375000000000000e-03,6.953125000000000104e-03,2.038501620910710560e-04,1.000000000000000000e+00
6.015625000000000139e-03,6.953125000000000104e-03,3.653918476630778171e-04,1.000000000000000000e+00
6.171875000000000278e-03,6.953125000000000104e-03,5.161896057292132212e-04,1.000000000000000000e+00
6.328125000000000416e-03,6.953125000000000104e-03,6.553065019630525349e-04,1.000000000000000000e+00
6.484375000000000555e-03,6.953125000000000104e-03,7.947484278631462406e-04,1.000000000000000000e+00
6.640624999999999827e-03,6.953125000000000104e-03,9.329249689611685860e-04,1.000000000000000000e+00
6.796874999999999965e-03,6.953125000000000104e-03,1.065391592270364864e-03,1.000000000000000000e+00
6.953125000000000104e-03,6.953125000000000104e-03,1.188326127474135597e-03,1.000000000000000000e+00
7.109375000000000243e-03,6.953125000000000104e-03,1.299053631427906589e-03,1.000000000000000000e+00
7.265625000000000382e-03,6.953125000000000104e-03,1.395718022854812012e-03,1.000000000000000000e+00
7.421875000000000520e-03,6.953125000000000104e-03,1.476953717041383984e-03,1.000000000000000000e+00
7.578124999999999792e-03,6.953125000000000104e-03,1.541695379757241323e-03,1.000000000000000000e+00
7.734374999999999931e-03,6.953125000000000104e-03,1.589078855532798096e-03,1.000000000000000000e+00
7.890625000000000069e-03,6.953125000000000104e-03,1.618385061853796570e-03,1.000000000000000000e+00
8.046875000000000208e-03,6.953125000000000104e-03,1.629002640087429728e-03,1.000000000000000000e+00
8.203125000000000347e-03,6.953125000000000104e-03,1.620399816730882809e-03,1.000000000000000000e+00
8.359375000000000486e-03,6.953125000000000104e-03,1.592102028137469972e-03,1.000000000000000000e+00
8.515625000000000625e-03,6.953125000000000104e-03,1.543673948699385290e-03,1.000000000000000000e+00
8.671875000000000763e-03,6.953125000000000104e-03,1.474705202092206234e-03,1.000000000000000000e+00
8.828125000000000902e-03,6.953125000000000104e-03,1.384799237405414263e-03,1.000000000000000000e+00
8.984375000000001041e-03,6.953125000000000104e-03,1.273564939407063022e-03,1.000000000000000000e+00
9.140624999999999445e-03,6.953125000000000104e-03,1.140610600040216751e-03,1.000000000000000000e+00
9.296874999999999584e-03,6.953125000000000104e-03,9.855399235308974926e-04,1.000000000000000000e+00
9.453124999999999722e-03,6.953125000000000104e-03,8.079497715126425896e-04,1.000000000000000000e+00
9.609374999999999861e-03,6.953125000000000104e-03,6.074293767761654306e-04,1.000000000000000000e+00
9.765625000000000000e-03,6.953125000000000104e-03,3.835607651715451237e-04,1.000000000000000000e+00
9.921875000000000139e-03,6.953125000000000104e-03,1.359201268117161705e-04,1.000000000000000000e+00
7.812500000000000163e-05,7.109375000000000243e-03,1.358444585380397685e-04,1.000000000000000000e+00
2.343749999999999913e-04,7.109375000000000243e-03,3.833783930921506552e-04,1.000000000000000000e+00
3.906250000000000217e-04,7.109375000000000243e-03,6.072741748527345999e-04,1.000000000000000000e+00
5.468750000000000520e-04,7.109375000000000243e-03,8.080448032384123652e-04,1.000000000000000000e+00
7.031249999999999740e-04,7.109375000000000243e-03,9.861974230714427511e-04,1.000000000000000000e+00
8.593750000000000043e-04,7.109375000000000243e-03,1.142232076975964201e-03,1.000000000000000000e+00
1.015625000000000035e-03,7.109375000000000243e-03,1.276641515506241878e-03,1.000000000000000000e+00
1.171874999999999957e-03,7.109375000000000243e-03,1.389912326209894475e-03,1.000000000000000000e+00
1.328125000000000095e-03,7.109375000000000243e-03,1.482527628478748838e-03,1.000000000000000000e+00
1.484375000000000017e-03,7.109375000000000243e-03,1.554971576858390093e-03,1.000000000000000000e+00
1.640624999999999939e-03,7.109375000000000243e-03,1.607735925017284668e-03,1.000000000000000000e+00
1.796875000000000078e-03,7.109375000000000243e-03,1.641328928840996796e-03,1.000000000000000000e+00
1.953125000000000000e-03,7.109375000000000243e-03,1.656286914951453880e-03,1.000000000000000000e+00
2.109375000000000139e-03,7.109375000000000243e-03,1.653188923131843849e-03,1.000000000000000000e+00
2.265624999999999844e-03,7.109375000000000243e-03,1.632674983581303184e-03,1.000000000000000000e+00
2.421874999999999983e-03,7.109375000000000243e-03,1.595468906343716284e-03,1.000000000000000000e+00
2.578125000000000121e-03,7.109375000000000243e-03,1.542407157055629549e-03,1.000000000000000000e+00
2.734375000000000260e-03,7.109375000000000243e-03,1.474476874440886843e-03,1.000000000000000000e+00
2.890624999999999965e-03,7.109375000000000243e-03,1.392868768559396044e-03,1.000000000000000000e+00
3.046875000000000104e-03,7.109375000000000243e-03,1.299053631427904854e-03,1.000000000000000000e+00
3.203125000000000243e-03,7.109375000000000243e-03,1.194887544323278671e-03,1.000000000000000000e+00
3.359374999999999948e-03,7.109375000000000243e-03,1.082717085085777584e-03,1.000000000000000000e+00
3.515625000000000087e-03,7.109375000000000243e-03,9.653464161983307465e-04,1.000000000000000000e+00
3.671875000000000226e-03,7.109375000000000243e-03,8.455430703277948355e-04,1.000000000000000000e+00
3.828124999999999931e-03,7.109375000000000243e-03,7.248447903530775682e-04,1.000000000000000000e+00
3.984375000000000069e-03,7.109375000000000243e-03,6.030123718985718265e-04,1.000000000000000000e+00
4.140625000000000208e-03,7.109375000000000243e-03,4.873453385081725868e-04,1.000000000000000000e+00
4.296875000000000347e-03,7.109375000000000243e-03,4.016445377355337730e-04,1.000000000000000000e+00
4.453125000000000486e-03,7.109375000000000243e-03,3.170206552793857087e-04,1.000000000000000000e+00
4.609374999999999757e-03,7.109375000000000243e-03,1.999529159952519923e-04,1.000000000000000000e+00
4.765624999999999896e-03,7.109375000000000243e-03,1.669847832061334240e-04,1.000000000000000000e+00
4.921875000000000035e-03,7.109375000000000243e-03,1.572207801181589712e-04,1.000000000000000000e+00
5.078125000000000173e-03,7.109375000000000243e-03,1.572207801181589441e-04,1.000000000000000000e+00
5.234375000000000312e-03,7.109375000000000243e-03,1.669847832061335325e-04,1.000000000000000000e+00
5.390625000000000451e-03,7.109375000000000243e-03,1.999529159952522634e-04,1.000000000000000000e+00
5.546874999999999722e-03,7.109375000000000243e-03,3.170206552793861966e-04,1.000000000000000000e+00
5.703124999999999861e-03,7.109375000000000243e-03,4.016445377355345320e-04,1.000000000000000000e+00
5.859375000000000000e-03,7.109375000000000243e-03,4.873453385081735626e-04,1.000000000000000000e+00
6.015625000000000139e-03,7.109375000000000243e-03,6.030123718985729107e-04,1.000000000000000000e+00
6.171875000000000278e-03,7.109375000000000243e-03,7.248447903530785439e-04,1.000000000000000000e+00
6.328125000000000416e-03,7.109375000000000243e-03,8.455430703277959197e-04,1.000000000000000000e+00
6.484375000000000555e-03,7.109375000000000243e-03,9.653464161983323728e-04,1.000000000000000000e+00
6.640624999999999827e-03,7.109375000000000243e-03,1.082717085085779535e-03,1.000000000000000000e+00
6.796874999999999965e-03,7.109375000000000243e-03,1.194887544323280405e-03,1.000000000000000000e+00
6.953125000000000104e-03,7.109375000000000243e-03,1.299053631427906806e-03,1.000000000000000000e+00
7.109375000000000243e-03,7.109375000000000243e-03,1.392868768559397778e-03,1.000000000000000000e+00
7.265625000000000382e-03,7.109375000000000243e-03,1.474476874440888360e-03,1.000000000000000000e+00
7.421875000000000520e-03,7.109375000000000243e-03,1.542407157055631500e-03,1.000000000000000000e+00
7.578124999999999792e-03,7.109375000000000243e-03,1.595468906343718452e-03,1.000000000000000000e+00
7.734374999999999931e-03,7.109375000000000243e-03,1.632674983581304702e-03,1.000000000000000000e+00
7.890625000000000069e-03,7.109375000000000243e-03,1.653188923131845151e-03,1.000000000000000000e+00
8.046875000000000208e-03,7.109375000000000243e-03,1.656286914951454964e-03,1.000000000000000000e+00
8.203125000000000347e-03,7.109375000000000243e-03,1.641328928840998097e-03,1.000000000000000000e+00
8.359375000000000486e-03,7.109375000000000243e-03,1.607735925017285319e-03,1.000000000000000000e+00
8.515625000000000625e-03,7.109375000000000243e-03,1.554971576858390960e-03,1.000000000000000000e+00
8.671875000000000763e-03,7.109375000000000243e-03,1.482527628478749271e-03,1.000000000000000000e+00
8.828125000000000902e-03,7.109375000000000243e-03,1.389912326209894909e-03,1.000000000000000000e+00
8.984375000000001041e-03,7.109375000000000243e-03,1.276641515506241878e-03,1.000000000000000000e+00
9.140624999999999445e-03,7.109375000000000243e-03,1.142232076975964201e-03,1.000000000000000000e+00
9.296874999999999584e-03,7.109375000000000243e-03,9.861974230714429680e-04,1.000000000000000000e+00
9.453124999999999722e-03,7.109375000000000243e-03,8.080448032384127989e-04,1.000000000000000000e+00
9.609374999999999861e-03,7.109375000000000243e-03,6.072741748527349251e-04,1.000000000000000000e+00
9.765625000000000000e-03,7.109375000000000243e-03,3.833783930921506552e-04,1.000000000000000000e+00
9.921875000000000139e-03,7.109375000000000243e-03,1.358444585380397956e-04,1.000000000000000000e+00
7.812500000000000163e-05,7.265625000000000382e-03,1.355097102863322663e-04,1.000000000000000000e+00
2.343749999999999913e-04,7.265625000000000382e-03,3.824201113062831612e-04,1.000000000000000000e+00
3.906250000000000217e-04,7.265625000000000382e-03,6.058300638042098726e-04,1.000000000000000000e+00
5.468750000000000520e-04,7.265625000000000382e-03,8.063437810168297155e-04,1.000000000000000000e+00
7.031249999999999740e-04,7.265625000000000382e-03,9.845588260404968158e-04,1.000000000000000000e+00
8.593750000000000043e-04,7.265625000000000382e-03,1.141064706785955727e-03,1.000000000000000000e+00
1.015625000000000035e-03,7.265625000000000382e-03,1.276442656932043514e-03,1.000000000000000000e+00
1.171874999999999957e-03,7.265625000000000382e-03,1.391266860949173009e-03,1.000000000000000000e+00
1.328125000000000095e-03,7.265625000000000382e-03,1.486107346254504418e-03,1.000000000000000000e+00
1.484375000000000017e-03,7.265625000000000382e-03,1.561534742738142530e-03,1.000000000000000000e+00
1.640624999999999939e-03,7.265625000000000382e-03,1.618127103732282333e-03,1.000000000000000000e+00
1.796875000000000078e-03,7.265625000000000382e-03,1.656478996164366781e-03,1.000000000000000000e+00
1.953125000000000000e-03,7.265625000000000382e-03,1.677213105245545666e-03,1.000000000000000000e+00
2.109375000000000139e-03,7.265625000000000382e-03,1.680994669640821634e-03,1.000000000000000000e+00
2.265624999999999844e-03,7.265625000000000382e-03,1.668549186816856763e-03,1.000000000000000000e+00
2.421874999999999983e-03,7.265625000000000382e-03,1.640684042480693768e-03,1.000000000000000000e+00
2.578125000000000121e-03,7.265625000000000382e-03,1.598315067896533773e-03,1.000000000000000000e+00
2.734375000000000260e-03,7.265625000000000382e-03,1.542499486793710503e-03,1.000000000000000000e+00
2.890624999999999965e-03,7.265625000000000382e-03,1.474476874440887059e-03,1.000000000000000000e+00
3.046875000000000104e-03,7.265625000000000382e-03,1.395718022854810711e-03,1.000000000000000000e+00
3.203125000000000243e-03,7.265625000000000382e-03,1.307973806009068334e-03,1.000000000000000000e+00
3.359374999999999948e-03,7.265625000000000382e-03,1.213295348360334154e-03,1.000000000000000000e+00
3.515625000000000087e-03,7.265625000000000382e-03,1.113963019016605714e-03,1.000000000000000000e+00
3.671875000000000226e-03,7.265625000000000382e-03,1.012260510296719230e-03,1.000000000000000000e+00
3.828124999999999931e-03,7.265625000000000382e-03,9.102200509567310183e-04,1.000000000000000000e+00
3.984375000000000069e-03,7.265625000000000382e-03,8.100534485699603963e-04,1.000000000000000000e+00
4.140625000000000208e-03,7.265625000000000382e-03,7.164602198075144561e-04,1.000000000000000000e+00
4.296875000000000347e-03,7.265625000000000382e-03,6.356985328704729777e-04,1.000000000000000000e+00
4.453125000000000486e-03,7.265625000000000382e-03,5.614820582928420995e-04,1.000000000000000000e+00
4.609374999999999757e-03,7.265625000000000382e-03,4.913450789907409426e-04,1.000000000000000000e+00
4.765624999999999896e-03,7.265625000000000382e-03,4.533361574172561350e-04,1.000000000000000000e+00
4.921875000000000035e-03,7.265625000000000382e-03,4.374842747665023848e-04,1.000000000000000000e+00
5.078125000000000173e-03,7.265625000000000382e-03,4.374842747665023306e-04,1.000000000000000000e+00
5.234375000000000312e-03,7.265625000000000382e-03,4.533361574172562435e-04,1.000000000000000000e+00
5.390625000000000451e-03,7.265625000000000382e-03,4.913450789907414847e-04,1.000000000000000000e+00
5.546874999999999722e-03,7.265625000000000382e-03,5.614820582928429669e-04,1.000000000000000000e+00
5.703124999999999861e-03,7.265625000000000382e-03,6.356985328704742788e-04,1.000000000000000000e+00
5.859375000000000000e-03,7.265625000000000382e-03,7.164602198075158655e-04,1.000000000000000000e+00
6.015625000000000139e-03,7.265625000000000382e-03,8.100534485699619142e-04,1.000000000000000000e+00
6.171875000000000278e-03,7.265625000000000382e-03,9.102200509567325362e-04,1.000000000000000000e+00
6.328125000000000416e-03,7.265625000000000382e-03,1.012260510296720747e-03,1.000000000000000000e+00
6.484375000000000555e-03,7.265625000000000382e-03,1.113963019016607449e-03,1.000000000000000000e+00
6.640624999999999827e-03,7.265625000000000382e-03,1.213295348360336322e-03,1.000000000000000000e+00
6.796874999999999965e-03,7.265625000000000382e-03,1.307973806009070502e-03,1.000000000000000000e+00
6.953125000000000104e-03,7.265625000000000382e-03,1.395718022854812446e-03,1.000000000000000000e+00
7.109375000000000243e-03,7.265625000000000382e-03,1.474476874440888794e-03,1.000000000000000000e+00
7.265625000000000382e-03,7.265625000000000382e-03,1.542499486793712238e-03,1.000000000000000000e+00
7.421875000000000520e-03,7.265625000000000382e-03,1.598315067896535508e-03,1.000000000000000000e+00
7.578124999999999792e-03,7.265625000000000382e-03,1.640684042480695720e-03,1.000000000000000000e+00
7.734374999999999931e-03,7.265625000000000382e-03,1.668549186816858281e-03,1.000000000000000000e+00
7.890625000000000069e-03,7.265625000000000382e-03,1.680994669640823152e-03,1.000000000000000000e+00
8.046875000000000208e-03,7.265625000000000382e-03,1.677213105245546967e-03,1.000000000000000000e+00
8.203125000000000347e-03,7.265625000000000382e-03,1.656478996164367865e-03,1.000000000000000000e+00
8.359375000000000486e-03,7.265625000000000382e-03,1.618127103732282983e-03,1.000000000000000000e+00
8.515625000000000625e-03,7.265625000000000382e-03,1.561534742738143397e-03,1.000000000000000000e+00
8.671875000000000763e-03,7.265625000000000382e-03,1.486107346254505503e-03,1.000000000000000000e+00
8.828125000000000902e-03,7.265625000000000382e-03,1.391266860949173659e-03,1.000000000000000000e+00
8.984375000000001041e-03,7.265625000000000382e-03,1.276442656932043947e-03,1.000000000000000000e+00
9.140624999999999445e-03,7.265625000000000382e-03,1.141064706785955944e-03,1.000000000000000000e+00
9.296874999999999584e-03,7.265625000000000382e-03,9.845588260404968158e-04,1.000000000000000000e+00
9.453124999999999722e-03,7.265625000000000382e-03,8.063437810168299323e-04,1.000000000000000000e+00
9.609374999999999861e-03,7.265625000000000382e-03,6.058300638042099810e-04,1.000000000000000000e+00
9.765625000000000000e-03,7.265625000000000382e-03,3.824201113062831612e-04,1.000000000000000000e+00
9.921875000000000139e-03,7.265625000000000382e-03,1.355097102863322934e-04,1.000000000000000000e+00
7.812500000000000163e-05,7.421875000000000520e-03,1.348699190873384071e-04,1.000000000000000000e+00
2.343749999999999913e-04,7.421875000000000520e-03,3.805482155424396665e-04,1.000000000000000000e+00
3.906250000000000217e-04,7.421875000000000520e-03,6.028681255409917752e-04,1.000000000000000000e+00
5.468750000000000520e-04,7.421875000000000520e-03,8.025273684841998951e-04,1.000000000000000000e+00
7.031249999999999740e-04,7.421875000000000520e-03,9.802153307877587221e-04,1.000000000000000000e+00
8.593750000000000043e-04,7.421875000000000520e-03,1.136611204695319333e-03,1.000000000000000000e+00
1.015625000000000035e-03,7.421875000000000520e-03,1.272383481986803745e-03,1.000000000000000000e+00
1.171874999999999957e-03,7.421875000000000520e-03,1.388191051900249063e-03,1.000000000000000000e+00
1.328125000000000095e-03,7.421875000000000520e-03,1.484686090351954035e-03,1.000000000000000000e+00
1.484375000000000017e-03,7.421875000000000520e-03,1.562518881607394012e-03,1.000000000000000000e+00
1.640624999999999939e-03,7.421875000000000520e-03,1.622344688509334571e-03,1.000000000000000000e+00
1.796875000000000078e-03,7.421875000000000520e-03,1.664832784338641982e-03,1.000000000000000000e+00
1.953125000000000000e-03,7.421875000000000520e-03,1.690677777725539373e-03,1.000000000000000000e+00
2.109375000000000139e-03,7.421875000000000520e-03,1.700613400869040778e-03,1.000000000000000000e+00
2.265624999999999844e-03,7.421875000000000520e-03,1.695428989064608552e-03,1.000000000000000000e+00
2.421874999999999983e-03,7.421875000000000520e-03,1.675988946365667906e-03,1.000000000000000000e+00
2.578125000000000121e-03,7.421875000000000520e-03,1.643255522756101143e-03,1.000000000000000000e+00
2.734375000000000260e-03,7.421875000000000520e-03,1.598315067896533773e-03,1.000000000000000000e+00
2.890624999999999965e-03,7.421875000000000520e-03,1.542407157055630416e-03,1.000000000000000000e+00
3.046875000000000104e-03,7.421875000000000520e-03,1.476953717041382683e-03,1.000000000000000000e+00
3.203125000000000243e-03,7.421875000000000520e-03,1.403580245997849887e-03,1.000000000000000000e+00
3.359374999999999948e-03,7.421875000000000520e-03,1.324113420829885071e-03,1.000000000000000000e+00
3.515625000000000087e-03,7.421875000000000520e-03,1.240535738711037728e-03,1.000000000000000000e+00
3.671875000000000226e-03,7.421875000000000520e-03,1.154901838385745437e-03,1.000000000000000000e+00
3.828124999999999931e-03,7.421875000000000520e-03,1.069307392107166424e-03,1.000000000000000000e+00
3.984375000000000069e-03,7.421875000000000520e-03,9.861070891170240459e-04,1.000000000000000000e+00
4.140625000000000208e-03,7.421875000000000520e-03,9.083294967814519501e-04,1.000000000000000000e+00
4.296875000000000347e-03,7.421875000000000520e-03,8.387932531460022111e-04,1.000000000000000000e+00
4.453125000000000486e-03,7.421875000000000520e-03,7.774499035307690185e-04,1.000000000000000000e+00
4.609374999999999757e-03,7.421875000000000520e-03,7.261951217576137659e-04,1.000000000000000000e+00
4.765624999999999896e-03,7.421875000000000520e-03,6.931164302056473875e-04,1.000000000000000000e+00
4.921875000000000035e-03,7.421875000000000520e-03,6.774818242640921620e-04,1.000000000000000000e+00
5.078125000000000173e-03,7.421875000000000520e-03,6.774818242640921620e-04,1.000000000000000000e+00
5.234375000000000312e-03,7.421875000000000520e-03,6.931164302056477128e-04,1.000000000000000000e+00
5.390625000000000451e-03,7.421875000000000520e-03,7.261951217576141995e-04,1.000000000000000000e+00
5.546874999999999722e-03,7.421875000000000520e-03,7.774499035307699943e-04,1.000000000000000000e+00
5.703124999999999861e-03,7.421875000000000520e-03,8.387932531460035122e-04,1.000000000000000000e+00
5.859375000000000000e-03,7.421875000000000520e-03,9.083294967814534680e-04,1.000000000000000000e+00
6.015625000000000139e-03,7.421875000000000520e-03,9.861070891170257806e-04,1.000000000000000000e+00
6.171875000000000278e-03,7.421875000000000520e-03,1.069307392107168376e-03,1.000000000000000000e+00
6.328125000000000416e-03,7.421875000000000520e-03,1.154901838385747172e-03,1.000000000000000000e+00
6.484375000000000555e-03,7.421875000000000520e-03,1.240535738711039462e-03,1.000000000000000000e+00
6.640624999999999827e-03,7.421875000000000520e-03,1.324113420829887023e-03,1.000000000000000000e+00
6.796874999999999965e-03,7.421875000000000520e-03,1.403580245997852272e-03,1.000000000000000000e+00
6.953125000000000104e-03,7.421875000000000520e-03,1.476953717041385068e-03,1.000000000000000000e+00
7.109375000000000243e-03,7.421875000000000520e-03,1.542407157055632151e-03,1.000000000000000000e+00
7.265625000000000382e-03,7.421875000000000520e-03,1.598315067896535942e-03,1.000000000000000000e+00
7.421875000000000520e-03,7.421875000000000520e-03,1.643255522756102878e-03,1.000000000000000000e+00
7.578124999999999792e-03,7.421875000000000520e-03,1.675988946365669641e-03,1.000000000000000000e+00
7.734374999999999931e-03,7.421875000000000520e-03,1.695428989064610070e-03,1.000000000000000000e+00
7.890625000000000069e-03,7.421875000000000520e-03,1.700613400869042512e-03,1.000000000000000000e+00
8.046875000000000208e-03,7.421875000000000520e-03,1.690677777725541758e-03,1.000000000000000000e+00
8.203125000000000347e-03,7.421875000000000520e-03,1.664832784338643717e-03,1.000000000000000000e+00
8.359375000000000486e-03,7.421875000000000520e-03,1.622344688509335438e-03,1.000000000000000000e+00
8.515625000000000625e-03,7.421875000000000520e-03,1.562518881607395096e-03,1.000000000000000000e+00
8.671875000000000763e-03,7.421875000000000520e-03,1.484686090351954686e-03,1.000000000000000000e+00
8.828125000000000902e-03,7.421875000000000520e-03,1.388191051900250364e-03,1.000000000000000000e+00
8.984375000000001041e-03,7.421875000000000520e-03,1.272383481986804179e-03,1.000000000000000000e+00
9.140624999999999445e-03,7.421875000000000520e-03,1.136611204695319333e-03,1.000000000000000000e+00
9.296874999999999584e-03,7.421875000000000520e-03,9.802153307877585053e-04,1.000000000000000000e+00
9.453124999999999722e-03,7.421875000000000520e-03,8.025273684841997867e-04,1.000000000000000000e+00
9.609374999999999861e-03,7.421875000000000520e-03,6.028681255409917752e-04,1.000000000000000000e+00
9.765625000000000000e-03,7.421875000000000520e-03,3.805482155424396665e-04,1.000000000000000000e+00
9.921875000000000139e-03,7.421875000000000520e-03,1.348699190873384342e-04,1.000000000000000000e+00
7.812500000000000163e-05,7.578124999999999792e-03,1.338776071079201895e-04,1.000000000000000000e+00
2.343749999999999913e-04,7.578124999999999792e-03,3.776206437351454365e-04,1.000000000000000000e+00
3.906250000000000217e-04,7.578124999999999792e-03,5.981527918331176448e-04,1.000000000000000000e+00
5.468750000000000520e-04,7.578124999999999792e-03,7.962681740912184785e-04,1.000000000000000000e+00
7.031249999999999740e-04,7.578124999999999792e-03,9.727498614310174131e-04,1.000000000000000000e+00
8.593750000000000043e-04,7.578124999999999792e-03,1.128367236720758575e-03,1.000000000000000000e+00
1.015625000000000035e-03,7.578124999999999792e-03,1.263874951919602072e-03,1.000000000000000000e+00
1.171874999999999957e-03,7.578124999999999792e-03,1.380013711813066419e-03,1.000000000000000000e+00
1.328125000000000095e-03,7.578124999999999792e-03,1.477513019145667217e-03,1.000000000000000000e+00
1.484375000000000017e-03,7.578124999999999792e-03,1.557095942330143697e-03,1.000000000000000000e+00
1.640624999999999939e-03,7.578124999999999792e-03,1.619485921859020044e-03,1.000000000000000000e+00
1.796875000000000078e-03,7.578124999999999792e-03,1.665415612455326856e-03,1.000000000000000000e+00
1.953125000000000000e-03,7.578124999999999792e-03,1.695637757948929153e-03,1.000000000000000000e+00
2.109375000000000139e-03,7.578124999999999792e-03,1.710938104545193638e-03,1.000000000000000000e+00
2.265624999999999844e-03,7.578124999999999792e-03,1.712150359706867981e-03,1.000000000000000000e+00
2.421874999999999983e-03,7.578124999999999792e-03,1.700173168661267813e-03,1.000000000000000000e+00
2.578125000000000121e-03,7.578124999999999792e-03,1.675988946365667689e-03,1.000000000000000000e+00
2.734375000000000260e-03,7.578124999999999792e-03,1.640684042480693768e-03,1.000000000000000000e+00
2.890624999999999965e-03,7.578124999999999792e-03,1.595468906343717151e-03,1.000000000000000000e+00
3.046875000000000104e-03,7.578124999999999792e-03,1.541695379757240022e-03,1.000000000000000000e+00
3.203125000000000243e-03,7.578124999999999792e-03,1.480865977611063979e-03,1.000000000000000000e+00
3.359374999999999948e-03,7.578124999999999792e-03,1.414628287750317953e-03,1.000000000000000000e+00
3.515625000000000087e-03,7.578124999999999792e-03,1.344750614111914341e-03,1.000000000000000000e+00
3.671875000000000226e-03,7.578124999999999792e-03,1.273089649928058672e-03,1.000000000000000000e+00
3.828124999999999931e-03,7.578124999999999792e-03,1.201586527469166148e-03,1.000000000000000000e+00
3.984375000000000069e-03,7.578124999999999792e-03,1.132323956509517608e-03,1.000000000000000000e+00
4.140625000000000208e-03,7.578124999999999792e-03,1.067543362555266849e-03,1.000000000000000000e+00
4.296875000000000347e-03,7.578124999999999792e-03,1.009281016901314876e-03,1.000000000000000000e+00
4.453125000000000486e-03,7.578124999999999792e-03,9.589151184266183009e-04,1.000000000000000000e+00
4.609374999999999757e-03,7.578124999999999792e-03,9.184550118032972594e-04,1.000000000000000000e+00
4.765624999999999896e-03,7.578124999999999792e-03,8.910385548836274655e-04,1.000000000000000000e+00
4.921875000000000035e-03,7.578124999999999792e-03,8.774307053201266379e-04,1.000000000000000000e+00
5.078125000000000173e-03,7.578124999999999792e-03,8.774307053201267463e-04,1.000000000000000000e+00
5.234375000000000312e-03,7.578124999999999792e-03,8.910385548836276823e-04,1.000000000000000000e+00
5.390625000000000451e-03,7.578124999999999792e-03,9.184550118032980184e-04,1.000000000000000000e+00
5.546874999999999722e-03,7.578124999999999792e-03,9.589151184266197104e-04,1.000000000000000000e+00
5.703124999999999861e-03,7.578124999999999792e-03,1.009281016901316611e-03,1.000000000000000000e+00
5.859375000000000000e-03,7.578124999999999792e-03,1.067543362555268584e-03,1.000000000000000000e+00
6.015625000000000139e-03,7.578124999999999792e-03,1.132323956509519126e-03,1.000000000000000000e+00
6.171875000000000278e-03,7.578124999999999792e-03,1.201586527469168100e-03,1.000000000000000000e+00
6.328125000000000416e-03,7.578124999999999792e-03,1.273089649928060407e-03,1.000000000000000000e+00
6.484375000000000555e-03,7.578124999999999792e-03,1.344750614111916509e-03,1.000000000000000000e+00
6.640624999999999827e-03,7.578124999999999792e-03,1.414628287750320122e-03,1.000000000000000000e+00
6.796874999999999965e-03,7.578124999999999792e-03,1.480865977611065497e-03,1.000000000000000000e+00
6.953125000000000104e-03,7.578124999999999792e-03,1.541695379757241973e-03,1.000000000000000000e+00
7.109375000000000243e-03,7.578124999999999792e-03,1.595468906343718886e-03,1.000000000000000000e+00
7.265625000000000382e-03,7.578124999999999792e-03,1.640684042480696370e-03,1.000000000000000000e+00
7.421875000000000520e-03,7.578124999999999792e-03,1.675988946365669858e-03,1.000000000000000000e+00
7.578124999999999792e-03,7.578124999999999792e-03,1.700173168661269548e-03,1.000000000000000000e+00
7.734374999999999931e-03,7.578124999999999792e-03,1.712150359706869716e-03,1.000000000000000000e+00
7.890625000000000069e-03,7.578124999999999792e-03,1.710938104545195590e-03,1.000000000000000000e+00
8.046875000000000208e-03,7.578124999999999792e-03,1.695637757948931755e-03,1.000000000000000000e+00
8.203125000000000347e-03,7.578124999999999792e-03,1.665415612455329025e-03,1.000000000000000000e+00
8.359375000000000486e-03,7.578124999999999792e-03,1.619485921859021346e-03,1.000000000000000000e+00
8.515625000000000625e-03,7.578124999999999792e-03,1.557095942330145866e-03,1.000000000000000000e+00
8.671875000000000763e-03,7.578124999999999792e-03,1.477513019145668951e-03,1.000000000000000000e+00
8.828125000000000902e-03,7.578124999999999792e-03,1.380013711813067720e-03,1.000000000000000000e+00
8.984375000000001041e-03,7.578124999999999792e-03,1.263874951919603589e-03,1.000000000000000000e+00
9.140624999999999445e-03,7.578124999999999792e-03,1.128367236720759443e-03,1.000000000000000000e+00
9.296874999999999584e-03,7.578124999999999792e-03,9.727498614310178468e-04,1.000000000000000000e+00
9.453124999999999722e-03,7.578124999999999792e-03,7.962681740912189122e-04,1.000000000000000000e+00
9.609374999999999861e-03,7.578124999999999792e-03,5.981527918331176448e-04,1.000000000000000000e+00
9.765625000000000000e-03,7.578124999999999792e-03,3.776206437351454365e-04,1.000000000000000000e+00
9.921875000000000139e-03,7.578124999999999792e-03,1.338776071079202166e-04,1.000000000000000000e+00
7.812500000000000163e-05,7.734374999999999931e-03,1.324834102171171908e-04,1.000000000000000000e+00
2.343749999999999913e-04,7.734374999999999931e-03,3.734898979571041962e-04,1.000000000000000000e+00
3.906250000000000217e-04,7.734374999999999931e-03,5.914401614651142169e-04,1.000000000000000000e+00
5.468750000000000520e-04,7.734374999999999931e-03,7.872286121165392647e-04,1.000000000000000000e+00
7.031249999999999740e-04,7.734374999999999931e-03,9.617346416243338549e-04,1.000000000000000000e+00
8.593750000000000043e-04,7.734374999999999931e-03,1.115818866337096003e-03,1.000000000000000000e+00
1.015625000000000035e-03,7.734374999999999931e-03,1.250321314657781803e-03,1.000000000000000000e+00
1.171874999999999957e-03,7.734374999999999931e-03,1.366061761786748060e-03,1.000000000000000000e+00
1.328125000000000095e-03,7.734374999999999931e-03,1.463842269587505235e-03,1.000000000000000000e+00
1.484375000000000017e-03,7.734374999999999931e-03,1.544451884208494254e-03,1.000000000000000000e+00
1.640624999999999939e-03,7.734374999999999931e-03,1.608673381641272972e-03,1.000000000000000000e+00
1.796875000000000078e-03,7.734374999999999931e-03,1.657291923174716982e-03,1.000000000000000000e+00
1.953125000000000000e-03,7.734374999999999931e-03,1.691105474569657915e-03,1.000000000000000000e+00
2.109375000000000139e-03,7.734374999999999931e-03,1.710936837155936944e-03,1.000000000000000000e+00
2.265624999999999844e-03,7.734374999999999931e-03,1.717647114056402875e-03,1.000000000000000000e+00
2.421874999999999983e-03,7.734374999999999931e-03,1.712150359706868415e-03,1.000000000000000000e+00
2.578125000000000121e-03,7.734374999999999931e-03,1.695428989064608552e-03,1.000000000000000000e+00
2.734375000000000260e-03,7.734374999999999931e-03,1.668549186816857197e-03,1.000000000000000000e+00
2.890624999999999965e-03,7.734374999999999931e-03,1.632674983581303835e-03,1.000000000000000000e+00
3.046875000000000104e-03,7.734374999999999931e-03,1.589078855532796795e-03,1.000000000000000000e+00
3.203125000000000243e-03,7.734374999999999931e-03,1.539145934438846189e-03,1.000000000000000000e+00
3.359374999999999948e-03,7.734374999999999931e-03,1.484369075948409594e-03,1.000000000000000000e+00
3.515625000000000087e-03,7.734374999999999931e-03,1.426334717558243531e-03,1.000000000000000000e+00
3.671875000000000226e-03,7.734374999999999931e-03,1.366705557245407980e-03,1.000000000000000000e+00
3.828124999999999931e-03,7.734374999999999931e-03,1.307211048831921759e-03,1.000000000000000000e+00
3.984375000000000069e-03,7.734374999999999931e-03,1.249644784396612175e-03,1.000000000000000000e+00
4.140625000000000208e-03,7.734374999999999931e-03,1.195824917528783482e-03,1.000000000000000000e+00
4.296875000000000347e-03,7.734374999999999931e-03,1.147458270977372774e-03,1.000000000000000000e+00
4.453125000000000486e-03,7.734374999999999931e-03,1.106060478971092245e-03,1.000000000000000000e+00
4.609374999999999757e-03,7.734374999999999931e-03,1.073257189645329375e-03,1.000000000000000000e+00
4.765624999999999896e-03,7.734374999999999931e-03,1.050738009705438339e-03,1.000000000000000000e+00
4.921875000000000035e-03,7.734374999999999931e-03,1.039357674312660264e-03,1.000000000000000000e+00
5.078125000000000173e-03,7.734374999999999931e-03,1.039357674312660264e-03,1.000000000000000000e+00
5.234375000000000312e-03,7.734374999999999931e-03,1.050738009705438555e-03,1.000000000000000000e+00
5.390625000000000451e-03,7.734374999999999931e-03,1.073257189645330243e-03,1.000000000000000000e+00
5.546874999999999722e-03,7.734374999999999931e-03,1.106060478971093762e-03,1.000000000000000000e+00
5.703124999999999861e-03,7.734374999999999931e-03,1.147458270977374292e-03,1.000000000000000000e+00
5.859375000000000000e-03,7.734374999999999931e-03,1.195824917528785433e-03,1.000000000000000000e+00
6.015625000000000139e-03,7.734374999999999931e-03,1.249644784396614127e-03,1.000000000000000000e+00
6.171875000000000278e-03,7.734374999999999931e-03,1.307211048831923711e-03,1.000000000000000000e+00
6.328125000000000416e-03,7.734374999999999931e-03,1.366705557245410148e-03,1.000000000000000000e+00
6.484375000000000555e-03,7.734374999999999931e-03,1.426334717558245917e-03,1.000000000000000000e+00
6.640624999999999827e-03,7.734374999999999931e-03,1.484369075948411545e-03,1.000000000000000000e+00
6.796874999999999965e-03,7.734374999999999931e-03,1.539145934438847924e-03,1.000000000000000000e+00
6.953125000000000104e-03,7.734374999999999931e-03,1.589078855532798529e-03,1.000000000000000000e+00
7.109375000000000243e-03,7.734374999999999931e-03,1.632674983581306003e-03,1.000000000000000000e+00
7.265625000000000382e-03,7.734374999999999931e-03,1.668549186816859365e-03,1.000000000000000000e+00
7.421875000000000520e-03,7.734374999999999931e-03,1.695428989064610504e-03,1.000000000000000000e+00
7.578124999999999792e-03,7.734374999999999931e-03,1.712150359706869933e-03,1.000000000000000000e+00
7.734374999999999931e-03,7.734374999999999931e-03,1.717647114056403959e-03,1.000000000000000000e+00
7.890625000000000069e-03,7.734374999999999931e-03,1.710936837155938896e-03,1.000000000000000000e+00
8.046875000000000208e-03,7.734374999999999931e-03,1.691105474569659867e-03,1.000000000000000000e+00
8.203125000000000347e-03,7.734374999999999931e-03,1.657291923174719368e-03,1.000000000000000000e+00
8.359375000000000486e-03,7.734374999999999931e-03,1.608673381641274923e-03,1.000000000000000000e+00
8.515625000000000625e-03,7.734374999999999931e-03,1.544451884208496205e-03,1.000000000000000000e+00
8.671875000000000763e-03,7.734374999999999931e-03,1.463842269587507187e-03,1.000000000000000000e+00
8.828125000000000902e-03,7.734374999999999931e-03,1.366061761786749795e-03,1.000000000000000000e+00
8.984375000000001041e-03,7.734374999999999931e-03,1.250321314657783320e-03,1.000000000000000000e+00
9.140624999999999445e-03,7.734374999999999931e-03,1.115818866337097304e-03,1.000000000000000000e+00
9.296874999999999584e-03,7.734374999999999931e-03,9.617346416243346139e-04,1.000000000000000000e+00
9.453124999999999722e-03,7.734374999999999931e-03,7.872286121165399152e-04,1.000000000000000000e+00
9.609374999999999861e-03,7.734374999999999931e-03,5.914401614651145422e-04,1.000000000000000000e+00
9.765625000000000000e-03,7.734374999999999931e-03,3.734898979571043046e-04,1.000000000000000000e+00
9.921875000000000139e-03,7.734374999999999931e-03,1.324834102171172450e-04,1.000000000000000000e+00
7.812500000000000163e-05,7.890625000000000069e-03,1.306354835205616278e-04,1.000000000000000000e+00
2.343749999999999913e-04,7.890625000000000069e-03,3.680013139110398105e-04,1.000000000000000000e+00
3.906250000000000217e-04,7.890625000000000069e-03,5.824752814536961198e-04,1.000000000000000000e+00
5.468750000000000520e-04,7.890625000000000069e-03,7.750574087854907035e-04,1.000000000000000000e+00
7.031249999999999740e-04,7.890625000000000069e-03,9.467271641126816326e-04,1.000000000000000000e+00
8.593750000000000043e-04,7.890625000000000069e-03,1.098438209845509651e-03,1.000000000000000000e+00
1.015625000000000035e-03,7.890625000000000069e-03,1.231115616087679861e-03,1.000000000000000000e+00
1.171874999999999957e-03,7.890625000000000069e-03,1.345655688588639088e-03,1.000000000000000000e+00
1.328125000000000095e-03,7.890625000000000069e-03,1.442928350709111280e-03,1.000000000000000000e+00
1.484375000000000017e-03,7.890625000000000069e-03,1.523781880775054980e-03,1.000000000000000000e+00
1.640624999999999939e-03,7.890625000000000069e-03,1.589049734822861343e-03,1.000000000000000000e+00
1.796875000000000078e-03,7.890625000000000069e-03,1.639559161532609839e-03,1.000000000000000000e+00
1.953125000000000000e-03,7.890625000000000069e-03,1.676141317499048019e-03,1.000000000000000000e+00
2.109375000000000139e-03,7.890625000000000069e-03,1.699642592952492568e-03,1.000000000000000000e+00
2.265624999999999844e-03,7.890625000000000069e-03,1.710936837155936944e-03,1.000000000000000000e+00
2.421874999999999983e-03,7.890625000000000069e-03,1.710938104545194289e-03,1.000000000000000000e+00
2.578125000000000121e-03,7.890625000000000069e-03,1.700613400869040994e-03,1.000000000000000000e+00
2.734375000000000260e-03,7.890625000000000069e-03,1.680994669640821851e-03,1.000000000000000000e+00
2.890624999999999965e-03,7.890625000000000069e-03,1.653188923131844066e-03,1.000000000000000000e+00
3.046875000000000104e-03,7.890625000000000069e-03,1.618385061853796136e-03,1.000000000000000000e+00
3.203125000000000243e-03,7.890625000000000069e-03,1.577855766163114258e-03,1.000000000000000000e+00
3.359374999999999948e-03,7.890625000000000069e-03,1.532953301546231221e-03,1.000000000000000000e+00
3.515625000000000087e-03,7.890625000000000069e-03,1.485099560427241431e-03,1.000000000000000000e+00
3.671875000000000226e-03,7.890625000000000069e-03,1.435772750163408478e-03,1.000000000000000000e+00
3.828124999999999931e-03,7.890625000000000069e-03,1.386493263716499953e-03,1.000000000000000000e+00
3.984375000000000069e-03,7.890625000000000069e-03,1.338805152216225288e-03,1.000000000000000000e+00
4.140625000000000208e-03,7.890625000000000069e-03,1.294239189685883300e-03,1.000000000000000000e+00
4.296875000000000347e-03,7.890625000000000069e-03,1.254252608008300145e-03,1.000000000000000000e+00
4.453125000000000486e-03,7.890625000000000069e-03,1.220197274335049374e-03,1.000000000000000000e+00
4.609374999999999757e-03,7.890625000000000069e-03,1.193361195601489420e-03,1.000000000000000000e+00
4.765624999999999896e-03,7.890625000000000069e-03,1.174884557480136444e-03,1.000000000000000000e+00
4.921875000000000035e-03,7.890625000000000069e-03,1.165490245412415578e-03,1.000000000000000000e+00
5.078125000000000173e-03,7.890625000000000069e-03,1.165490245412416012e-03,1.000000000000000000e+00
5.234375000000000312e-03,7.890625000000000069e-03,1.174884557480136878e-03,1.000000000000000000e+00
5.390625000000000451e-03,7.890625000000000069e-03,1.193361195601490288e-03,1.000000000000000000e+00
5.546874999999999722e-03,7.890625000000000069e-03,1.220197274335050892e-03,1.000000000000000000e+00
5.703124999999999861e-03,7.890625000000000069e-03,1.254252608008301663e-03,1.000000000000000000e+00
5.859375000000000000e-03,7.890625000000000069e-03,1.294239189685885034e-03,1.000000000000000000e+00
6.015625000000000139e-03,7.890625000000000069e-03,1.338805152216227239e-03,1.000000000000000000e+00
6.171875000000000278e-03,7.890625000000000069e-03,1.386493263716502122e-03,1.000000000000000000e+00
6.328125000000000416e-03,7.890625000000000069e-03,1.435772750163410647e-03,1.000000000000000000e+00
6.484375000000000555e-03,7.890625000000000069e-03,1.485099560427243816e-03,1.000000000000000000e+00
6.640624999999999827e-03,7.890625000000000069e-03,1.532953301546233389e-03,1.000000000000000000e+00
6.796874999999999965e-03,7.890625000000000069e-03,1.577855766163116426e-03,1.000000000000000000e+00
6.953125000000000104e-03,7.890625000000000069e-03,1.618385061853798304e-03,1.000000000000000000e+00
7.109375000000000243e-03,7.890625000000000069e-03,1.653188923131846668e-03,1.000000000000000000e+00
7.265625000000000382e-03,7.890625000000000069e-03,1.680994669640824453e-03,1.000000000000000000e+00
7.421875000000000520e-03,7.890625000000000069e-03,1.700613400869042946e-03,1.000000000000000000e+00
7.578124999999999792e-03,7.890625000000000069e-03,1.710938104545195806e-03,1.000000000000000000e+00
7.734374999999999931e-03,7.890625000000000069e-03,1.710936837155938679e-03,1.000000000000000000e+00
7.890625000000000069e-03,7.890625000000000069e-03,1.699642592952494303e-03,1.000000000000000000e+00
8.046875000000000208e-03,7.890625000000000069e-03,1.676141317499050404e-03,1.000000000000000000e+00
8.203125000000000347e-03,7.890625000000000069e-03,1.639559161532612875e-03,1.000000000000000000e+00
8.359375000000000486e-03,7.890625000000000069e-03,1.589049734822863946e-03,1.000000000000000000e+00
8.515625000000000625e-03,7.890625000000000069e-03,1.523781880775057582e-03,1.000000000000000000e+00
8.671875000000000763e-03,7.890625000000000069e-03,1.442928350709113666e-03,1.000000000000000000e+00
8.828125000000000902e-03,7.890625000000000069e-03,1.345655688588641256e-03,1.000000000000000000e+00
8.984375000000001041e-03,7.890625000000000069e-03,1.231115616087681596e-03,1.000000000000000000e+00
9.140624999999999445e-03,7.890625000000000069e-03,1.098438209845511168e-03,1.000000000000000000e+00
9.296874999999999584e-03,7.890625000000000069e-03,9.467271641126827168e-04,1.000000000000000000e+00
9.453124999999999722e-03,7.890625000000000069e-03,7.750574087854917877e-04,1.000000000000000000e+00
9.609374999999999861e-03,7.890625000000000069e-03,5.824752814536967704e-04,1.000000000000000000e+00
9.765625000000000000e-03,7.890625000000000069e-03,3.680013139110401357e-04,1.000000000000000000e+00
9.921875000000000139e-03,7.890625000000000069e-03,1.306354835205617362e-04,1.000000000000000000e+00
7.812500000000000163e-05,8.046875000000000208e-03,1.282786309746513059e-04,1.000000000000000000e+00
2.343749999999999913e-04,8.046875000000000208e-03,3.609905302127974390e-04,1.000000000000000000e+00
3.906250000000000217e-04,8.046875000000000208e-03,5.709881791531397268e-04,1.000000000000000000e+00
5.468750000000000520e-04,8.046875000000000208e-03,7.593845149590461004e-04,1.000000000000000000e+00
7.031249999999999740e-04,8.046875000000000208e-03,9.272643336953922998e-04,1.000000000000000000e+00
8.593750000000000043e-04,8.046875000000000208e-03,1.075677130344582060e-03,1.000000000000000000e+00
1.015625000000000035e-03,8.046875000000000208e-03,1.205633188758789207e-03,1.000000000000000000e+00
1.171874999999999957e-03,8.046875000000000208e-03,1.318102963271017237e-03,1.000000000000000000e+00
1.328125000000000095e-03,8.046875000000000208e-03,1.414019501385244820e-03,1.000000000000000000e+00
1.484375000000000017e-03,8.046875000000000208e-03,1.494283490859753564e-03,1.000000000000000000e+00
1.640624999999999939e-03,8.046875000000000208e-03,1.559770452842508320e-03,1.000000000000000000e+00
1.796875000000000078e-03,8.046875000000000208e-03,1.611339608133814834e-03,1.000000000000000000e+00
1.953125000000000000e-03,8.046875000000000208e-03,1.649843978441431838e-03,1.000000000000000000e+00
2.109375000000000139e-03,8.046875000000000208e-03,1.676141317499048235e-03,1.000000000000000000e+00
2.265624999999999844e-03,8.046875000000000208e-03,1.691105474569658132e-03,1.000000000000000000e+00
2.421874999999999983e-03,8.046875000000000208e-03,1.695637757948929587e-03,1.000000000000000000e+00
2.578125000000000121e-03,8.046875000000000208e-03,1.690677777725539156e-03,1.000000000000000000e+00
2.734375000000000260e-03,8.046875000000000208e-03,1.677213105245545883e-03,1.000000000000000000e+00
2.890624999999999965e-03,8.046875000000000208e-03,1.656286914951454097e-03,1.000000000000000000e+00
3.046875000000000104e-03,8.046875000000000208e-03,1.629002640087429295e-03,1.000000000000000000e+00
3.203125000000000243e-03,8.046875000000000208e-03,1.596524704313584658e-03,1.000000000000000000e+00
3.359374999999999948e-03,8.046875000000000208e-03,1.560074741146160772e-03,1.000000000000000000e+00
3.515625000000000087e-03,8.046875000000000208e-03,1.520923409941083229e-03,1.000000000000000000e+00
3.671875000000000226e-03,8.046875000000000208e-03,1.480378556764483985e-03,1.000000000000000000e+00
3.828124999999999931e-03,8.046875000000000208e-03,1.439770041154445025e-03,1.000000000000000000e+00
3.984375000000000069e-03,8.046875000000000208e-03,1.400429308565905376e-03,1.000000000000000000e+00
4.140625000000000208e-03,8.046875000000000208e-03,1.363660018490223721e-03,1.000000000000000000e+00
4.296875000000000347e-03,8.046875000000000208e-03,1.330701634534895003e-03,1.000000000000000000e+00
4.453125000000000486e-03,8.046875000000000208e-03,1.302700752259316639e-03,1.000000000000000000e+00
4.609374999999999757e-03,8.046875000000000208e-03,1.280691698445441708e-03,1.000000000000000000e+00
4.765624999999999896e-03,8.046875000000000208e-03,1.265534716701202309e-03,1.000000000000000000e+00
4.921875000000000035e-03,8.046875000000000208e-03,1.257814441944450981e-03,1.000000000000000000e+00
5.078125000000000173e-03,8.046875000000000208e-03,1.257814441944450981e-03,1.000000000000000000e+00
5.234375000000000312e-03,8.046875000000000208e-03,1.265534716701202742e-03,1.000000000000000000e+00
5.390625000000000451e-03,8.046875000000000208e-03,1.280691698445443009e-03,1.000000000000000000e+00
5.546874999999999722e-03,8.046875000000000208e-03,1.302700752259317507e-03,1.000000000000000000e+00
5.703124999999999861e-03,8.046875000000000208e-03,1.330701634534896738e-03,1.000000000000000000e+00
5.859375000000000000e-03,8.046875000000000208e-03,1.363660018490225889e-03,1.000000000000000000e+00
6.015625000000000139e-03,8.046875000000000208e-03,1.400429308565907761e-03,1.000000000000000000e+00
6.171875000000000278e-03,8.046875000000000208e-03,1.439770041154447844e-03,1.000000000000000000e+00
6.328125000000000416e-03,8.046875000000000208e-03,1.480378556764486587e-03,1.000000000000000000e+00
6.484375000000000555e-03,8.046875000000000208e-03,1.520923409941085398e-03,1.000000000000000000e+00
6.640624999999999827e-03,8.046875000000000208e-03,1.560074741146162940e-03,1.000000000000000000e+00
6.796874999999999965e-03,8.046875000000000208e-03,1.596524704313587260e-03,1.000000000000000000e+00
6.953125000000000104e-03,8.046875000000000208e-03,1.629002640087431897e-03,1.000000000000000000e+00
7.109375000000000243e-03,8.046875000000000208e-03,1.656286914951456482e-03,1.000000000000000000e+00
7.265625000000000382e-03,8.046875000000000208e-03,1.677213105245548268e-03,1.000000000000000000e+00
7.421875000000000520e-03,8.046875000000000208e-03,1.690677777725541325e-03,1.000000000000000000e+00
7.578124999999999792e-03,8.046875000000000208e-03,1.695637757948931755e-03,1.000000000000000000e+00
7.734374999999999931e-03,8.046875000000000208e-03,1.691105474569660084e-03,1.000000000000000000e+00
7.890625000000000069e-03,8.046875000000000208e-03,1.676141317499050404e-03,1.000000000000000000e+00
8.046875000000000208e-03,8.046875000000000208e-03,1.649843978441433573e-03,1.000000000000000000e+00
8.203125000000000347e-03,8.046875000000000208e-03,1.611339608133817002e-03,1.000000000000000000e+00
8.359375000000000486e-03,8.046875000000000208e-03,1.559770452842510922e-03,1.000000000000000000e+00
8.515625000000000625e-03,8.046875000000000208e-03,1.494283490859756817e-03,1.000000000000000000e+00
8.671875000000000763e-03,8.046875000000000208e-03,1.414019501385248073e-03,1.000000000000000000e+00
8.828125000000000902e-03,8.046875000000000208e-03,1.318102963271020056e-03,1.000000000000000000e+00
8.984375000000001041e-03,8.046875000000000208e-03,1.205633188758790941e-03,1.000000000000000000e+00
9.140624999999999445e-03,8.046875000000000208e-03,1.075677130344583577e-03,1.000000000000000000e+00
9.296874999999999584e-03,8.046875000000000208e-03,9.272643336953934924e-04,1.000000000000000000e+00
9.453124999999999722e-03,8.046875000000000208e-03,7.593845149590468593e-04,1.000000000000000000e+00
9.609374999999999861e-03,8.046875000000000208e-03,5.709881791531402689e-04,1.000000000000000000e+00
9.765625000000000000e-03,8.046875000000000208e-03,3.609905302127977642e-04,1.000000000000000000e+00
9.921875000000000139e-03,8.046875000000000208e-03,1.282786309746514414e-04,1.000000000000000000e+00
7.812500000000000163e-05,8.203125000000000347e-03,1.253530786398974681e-04,1.000000000000000000e+00
2.343749999999999913e-04,8.203125000000000347e-03,3.522799343123586471e-04,1.000000000000000000e+00
3.906250000000000217e-04,8.203125000000000347e-03,5.566883274870194432e-04,1.000000000000000000e+00
5.468750000000000520e-04,8.203125000000000347e-03,7.398140757021611077e-04,1.000000000000000000e+00
7.031249999999999740e-04,8.203125000000000347e-03,9.028544628652602523e-04,1.000000000000000000e+00
8.593750000000000043e-04,8.203125000000000347e-03,1.046958726578636626e-03,1.000000000000000000e+00
1.015625000000000035e-03,8.203125000000000347e-03,1.173222982831877538e-03,1.000000000000000000e+00
1.171874999999999957e-03,8.203125000000000347e-03,1.282689411851395921e-03,1.000000000000000000e+00
1.328125000000000095e-03,8.203125000000000347e-03,1.376349138201097937e-03,1.000000000000000000e+00
1.484375000000000017e-03,8.203125000000000347e-03,1.455148065936206223e-03,1.000000000000000000e+00
1.640624999999999939e-03,8.203125000000000347e-03,1.519994915053602758e-03,1.000000000000000000e+00
1.796875000000000078e-03,8.203125000000000347e-03,1.571770777218709425e-03,1.000000000000000000e+00
1.953125000000000000e-03,8.203125000000000347e-03,1.611339608133815051e-03,1.000000000000000000e+00
2.109375000000000139e-03,8.203125000000000347e-03,1.639559161532610707e-03,1.000000000000000000e+00
2.265624999999999844e-03,8.203125000000000347e-03,1.657291923174717850e-03,1.000000000000000000e+00
2.421874999999999983e-03,8.203125000000000347e-03,1.665415612455327290e-03,1.000000000000000000e+00
2.578125000000000121e-03,8.203125000000000347e-03,1.664832784338641765e-03,1.000000000000000000e+00
2.734375000000000260e-03,8.203125000000000347e-03,1.656478996164367215e-03,1.000000000000000000e+00
2.890624999999999965e-03,8.203125000000000347e-03,1.641328928840997230e-03,1.000000000000000000e+00
3.046875000000000104e-03,8.203125000000000347e-03,1.620399816730882809e-03,1.000000000000000000e+00
3.203125000000000243e-03,8.203125000000000347e-03,1.594751607357634609e-03,1.000000000000000000e+00
3.359374999999999948e-03,8.203125000000000347e-03,1.565483486283743200e-03,1.000000000000000000e+00
3.515625000000000087e-03,8.203125000000000347e-03,1.533726718926444865e-03,1.000000000000000000e+00
3.671875000000000226e-03,8.203125000000000347e-03,1.500633963298999294e-03,1.000000000000000000e+00
3.828124999999999931e-03,8.203125000000000347e-03,1.467364973070892824e-03,1.000000000000000000e+00
3.984375000000000069e-03,8.203125000000000347e-03,1.435067959902727557e-03,1.000000000000000000e+00
4.140625000000000208e-03,8.203125000000000347e-03,1.404855878674211075e-03,1.000000000000000000e+00
4.296875000000000347e-03,8.203125000000000347e-03,1.377779096881739593e-03,1.000000000000000000e+00
4.453125000000000486e-03,8.203125000000000347e-03,1.354798339221878825e-03,1.000000000000000000e+00
4.609374999999999757e-03,8.203125000000000347e-03,1.336756066719758549e-03,1.000000000000000000e+00
4.765624999999999896e-03,8.203125000000000347e-03,1.324334106434778453e-03,1.000000000000000000e+00
4.921875000000000035e-03,8.203125000000000347e-03,1.318004301219734276e-03,1.000000000000000000e+00
5.078125000000000173e-03,8.203125000000000347e-03,1.318004301219734709e-03,1.000000000000000000e+00
5.234375000000000312e-03,8.203125000000000347e-03,1.324334106434779971e-03,1.000000000000000000e+00
5.390625000000000451e-03,8.203125000000000347e-03,1.336756066719760284e-03,1.000000000000000000e+00
5.546874999999999722e-03,8.203125000000000347e-03,1.354798339221880994e-03,1.000000000000000000e+00
5.703124999999999861e-03,8.203125000000000347e-03,1.377779096881741544e-03,1.000000000000000000e+00
5.859375000000000000e-03,8.203125000000000347e-03,1.404855878674213026e-03,1.000000000000000000e+00
6.015625000000000139e-03,8.203125000000000347e-03,1.435067959902730159e-03,1.000000000000000000e+00
6.171875000000000278e-03,8.203125000000000347e-03,1.467364973070895209e-03,1.000000000000000000e+00
6.328125000000000416e-03,8.203125000000000347e-03,1.500633963299002113e-03,1.000000000000000000e+00
6.484375000000000555e-03,8.203125000000000347e-03,1.533726718926447467e-03,1.000000000000000000e+00
6.640624999999999827e-03,8.203125000000000347e-03,1.565483486283745368e-03,1.000000000000000000e+00
6.796874999999999965e-03,8.203125000000000347e-03,1.594751607357636561e-03,1.000000000000000000e+00
6.953125000000000104e-03,8.203125000000000347e-03,1.620399816730885194e-03,1.000000000000000000e+00
7.109375000000000243e-03,8.203125000000000347e-03,1.641328928840999832e-03,1.000000000000000000e+00
7.265625000000000382e-03,8.203125000000000347e-03,1.656478996164368949e-03,1.000000000000000000e+00
7.421875000000000520e-03,8.203125000000000347e-03,1.664832784338643717e-03,1.000000000000000000e+00
7.578124999999999792e-03,8.203125000000000347e-03,1.665415612455329025e-03,1.000000000000000000e+00
7.734374999999999931e-03,8.203125000000000347e-03,1.657291923174719584e-03,1.000000000000000000e+00
7.890625000000000069e-03,8.203125000000000347e-03,1.639559161532612658e-03,1.000000000000000000e+00
8.046875000000000208e-03,8.203125000000000347e-03,1.611339608133816569e-03,1.000000000000000000e+00
8.203125000000000347e-03,8.203125000000000347e-03,1.571770777218710943e-03,1.000000000000000000e+00
8.359375000000000486e-03,8.203125000000000347e-03,1.519994915053604926e-03,1.000000000000000000e+00
8.515625000000000625e-03,8.203125000000000347e-03,1.455148065936209259e-03,1.000000000000000000e+00
8.671875000000000763e-03,8.203125000000000347e-03,1.376349138201100972e-03,1.000000000000000000e+00
8.828125000000000902e-03,8.203125000000000347e-03,1.282689411851398306e-03,1.000000000000000000e+00
8.984375000000001041e-03,8.203125000000000347e-03,1.173222982831879056e-03,1.000000000000000000e+00
9.140624999999999445e-03,8.203125000000000347e-03,1.046958726578637927e-03,1.000000000000000000e+00
9.296874999999999584e-03,8.203125000000000347e-03,9.028544628652611197e-04,1.000000000000000000e+00
9.453124999999999722e-03,8.203125000000000347e-03,7.398140757021616498e-04,1.000000000000000000e+00
9.609374999999999861e-03,8.203125000000000347e-03,5.566883274870198768e-04,1.000000000000000000e+00
9.765625000000000000e-03,8.203125000000000347e-03,3.522799343123589181e-04,1.000000000000000000e+00
9.921875000000000139e-03,8.203125000000000347e-03,1.253530786398975765e-04,1.000000000000000000e+00
7.812500000000000163e-05,8.359375000000000486e-03,1.217927654124774741e-04,1.000000000000000000e+00
2.343749999999999913e-04,8.359375000000000486e-03,3.416737384097205416e-04,1.000000000000000000e+00
3.906250000000000217e-04,8.359375000000000486e-03,5.392570582804181610e-04,1.000000000000000000e+00
5.468750000000000520e-04,8.359375000000000486e-03,7.159149349973185049e-04,1.000000000000000000e+00
7.031249999999999740e-04,8.359375000000000486e-03,8.729666529848503038e-04,1.000000000000000000e+00
8.593750000000000043e-04,8.359375000000000486e-03,1.011666267772826956e-03,1.000000000000000000e+00
1.015625000000000035e-03,8.359375000000000486e-03,1.133196541638687403e-03,1.000000000000000000e+00
1.171874999999999957e-03,8.359375000000000486e-03,1.238668500601591057e-03,1.000000000000000000e+00
1.328125000000000095e-03,8.359375000000000486e-03,1.329125511131544870e-03,1.000000000000000000e+00
1.484375000000000017e-03,8.359375000000000486e-03,1.405550657130370720e-03,1.000000000000000000e+00
1.640624999999999939e-03,8.359375000000000486e-03,1.468876301716987368e-03,1.000000000000000000e+00
1.796875000000000078e-03,8.359375000000000486e-03,1.519994915053602975e-03,1.000000000000000000e+00
1.953125000000000000e-03,8.359375000000000486e-03,1.559770452842508537e-03,1.000000000000000000e+00
2.109375000000000139e-03,8.359375000000000486e-03,1.589049734822862428e-03,1.000000000000000000e+00
2.265624999999999844e-03,8.359375000000000486e-03,1.608673381641274273e-03,1.000000000000000000e+00
2.421874999999999983e-03,8.359375000000000486e-03,1.619485921859020478e-03,1.000000000000000000e+00
2.578125000000000121e-03,8.359375000000000486e-03,1.622344688509334571e-03,1.000000000000000000e+00
2.734375000000000260e-03,8.359375000000000486e-03,1.618127103732282766e-03,1.000000000000000000e+00
2.890624999999999965e-03,8.359375000000000486e-03,1.607735925017285319e-03,1.000000000000000000e+00
3.046875000000000104e-03,8.359375000000000486e-03,1.592102028137470189e-03,1.000000000000000000e+00
3.203125000000000243e-03,8.359375000000000486e-03,1.572184359602327424e-03,1.000000000000000000e+00
3.359374999999999948e-03,8.359375000000000486e-03,1.548966815204731555e-03,1.000000000000000000e+00
3.515625000000000087e-03,8.359375000000000486e-03,1.523451953681954039e-03,1.000000000000000000e+00
3.671875000000000226e-03,8.359375000000000486e-03,1.496651541934174937e-03,1.000000000000000000e+00
3.828124999999999931e-03,8.359375000000000486e-03,1.469573865427398858e-03,1.000000000000000000e+00
3.984375000000000069e-03,8.359375000000000486e-03,1.443207616799902122e-03,1.000000000000000000e+00
4.140625000000000208e-03,8.359375000000000486e-03,1.418502376922151781e-03,1.000000000000000000e+00
4.296875000000000347e-03,8.359375000000000486e-03,1.396346472595973555e-03,1.000000000000000000e+00
4.453125000000000486e-03,8.359375000000000486e-03,1.377543378526701039e-03,1.000000000000000000e+00
4.609374999999999757e-03,8.359375000000000486e-03,1.362786060276935298e-03,1.000000000000000000e+00
4.765624999999999896e-03,8.359375000000000486e-03,1.352627278598420718e-03,1.000000000000000000e+00
4.921875000000000035e-03,8.359375000000000486e-03,1.347450292779972612e-03,1.000000000000000000e+00
5.078125000000000173e-03,8.359375000000000486e-03,1.347450292779972829e-03,1.000000000000000000e+00
5.234375000000000312e-03,8.359375000000000486e-03,1.352627278598422019e-03,1.000000000000000000e+00
5.390625000000000451e-03,8.359375000000000486e-03,1.362786060276937466e-03,1.000000000000000000e+00
5.546874999999999722e-03,8.359375000000000486e-03,1.377543378526703208e-03,1.000000000000000000e+00
5.703124999999999861e-03,8.359375000000000486e-03,1.396346472595975940e-03,1.000000000000000000e+00
5.859375000000000000e-03,8.359375000000000486e-03,1.418502376922153732e-03,1.000000000000000000e+00
6.015625000000000139e-03,8.359375000000000486e-03,1.443207616799904291e-03,1.000000000000000000e+00
6.171875000000000278e-03,8.359375000000000486e-03,1.469573865427401460e-03,1.000000000000000000e+00
6.328125000000000416e-03,8.359375000000000486e-03,1.496651541934177756e-03,1.000000000000000000e+00
6.484375000000000555e-03,8.359375000000000486e-03,1.523451953681957292e-03,1.000000000000000000e+00
6.640624999999999827e-03,8.359375000000000486e-03,1.548966815204734157e-03,1.000000000000000000e+00
6.796874999999999965e-03,8.359375000000000486e-03,1.572184359602329376e-03,1.000000000000000000e+00
6.953125000000000104e-03,8.359375000000000486e-03,1.592102028137471923e-03,1.000000000000000000e+00
7.109375000000000243e-03,8.359375000000000486e-03,1.607735925017286837e-03,1.000000000000000000e+00
7.265625000000000382e-03,8.359375000000000486e-03,1.618127103732284284e-03,1.000000000000000000e+00
7.421875000000000520e-03,8.359375000000000486e-03,1.622344688509336740e-03,1.000000000000000000e+00
7.578124999999999792e-03,8.359375000000000486e-03,1.619485921859021562e-03,1.000000000000000000e+00
7.734374999999999931e-03,8.359375000000000486e-03,1.608673381641275357e-03,1.000000000000000000e+00
7.890625000000000069e-03,8.359375000000000486e-03,1.589049734822863946e-03,1.000000000000000000e+00
8.046875000000000208e-03,8.359375000000000486e-03,1.559770452842510488e-03,1.000000000000000000e+00
8.203125000000000347e-03,8.359375000000000486e-03,1.519994915053604709e-03,1.000000000000000000e+00
8.359375000000000486e-03,8.359375000000000486e-03,1.468876301716988885e-03,1.000000000000000000e+00
8.515625000000000625e-03,8.359375000000000486e-03,1.405550657130373539e-03,1.000000000000000000e+00
8.671875000000000763e-03,8.359375000000000486e-03,1.329125511131547472e-03,1.000000000000000000e+00
8.828125000000000902e-03,8.359375000000000486e-03,1.238668500601593876e-03,1.000000000000000000e+00
8.984375000000001041e-03,8.359375000000000486e-03,1.133196541638689572e-03,1.000000000000000000e+00
9.140624999999999445e-03,8.359375000000000486e-03,1.011666267772828257e-03,1.000000000000000000e+00
9.296874999999999584e-03,8.359375000000000486e-03,8.729666529848511712e-04,1.000000000000000000e+00
9.453124999999999722e-03,8.359375000000000486e-03,7.159149349973187217e-04,1.000000000000000000e+00
9.609374999999999861e-03,8.359375000000000486e-03,5.392570582804184862e-04,1.000000000000000000e+00
9.765625000000000000e-03,8.359375000000000486e-03,3.416737384097207043e-04,1.000000000000000000e+00
9.921875000000000139e-03,8.359375000000000486e-03,1.217927654124775555e-04,1.000000000000000000e+00
7.812500000000000163e-05,8.515625000000000625e-03,1.175229475127694207e-04,1.000000000000000000e+00
2.343749999999999913e-04,8.515625000000000625e-03,3.289511331336277271e-04,1.000000000000000000e+00
3.906250000000000217e-04,8.515625000000000625e-03,5.183371697276139157e-04,1.000000000000000000e+00
5.468750000000000520e-04,8.515625000000000625e-03,6.872078905218433412e-04,1.000000000000000000e+00
7.031249999999999740e-04,8.515625000000000625e-03,8.370168838039954802e-04,1.000000000000000000e+00
8.593750000000000043e-04,8.515625000000000625e-03,9.691290873891331452e-04,1.000000000000000000e+00
1.015625000000000035e-03,8.515625000000000625e-03,1.084814352848455232e-03,1.000000000000000000e+00
1.171874999999999957e-03,8.515625000000000625e-03,1.185248475284736338e-03,1.000000000000000000e+00
1.328125000000000095e-03,8.515625000000000625e-03,1.271519686093118984e-03,1.000000000000000000e+00
1.484375000000000017e-03,8.515625000000000625e-03,1.344638687236744939e-03,1.000000000000000000e+00
1.640624999999999939e-03,8.515625000000000625e-03,1.405550657130370936e-03,1.000000000000000000e+00
1.796875000000000078e-03,8.515625000000000625e-03,1.455148065936206657e-03,1.000000000000000000e+00
1.953125000000000000e-03,8.515625000000000625e-03,1.494283490859754648e-03,1.000000000000000000e+00
2.109375000000000139e-03,8.515625000000000625e-03,1.523781880775056065e-03,1.000000000000000000e+00
2.265624999999999844e-03,8.515625000000000625e-03,1.544451884208495338e-03,1.000000000000000000e+00
2.421874999999999983e-03,8.515625000000000625e-03,1.557095942330144565e-03,1.000000000000000000e+00
2.578125000000000121e-03,8.515625000000000625e-03,1.562518881607394229e-03,1.000000000000000000e+00
2.734375000000000260e-03,8.515625000000000625e-03,1.561534742738143831e-03,1.000000000000000000e+00
2.890624999999999965e-03,8.515625000000000625e-03,1.554971576858390960e-03,1.000000000000000000e+00
3.046875000000000104e-03,8.515625000000000625e-03,1.543673948699385290e-03,1.000000000000000000e+00
3.203125000000000243e-03,8.515625000000000625e-03,1.528502925209472780e-03,1.000000000000000000e+00
3.359374999999999948e-03,8.515625000000000625e-03,1.510333398750901644e-03,1.000000000000000000e+00
3.515625000000000087e-03,8.515625000000000625e-03,1.490048676162467056e-03,1.000000000000000000e+00
3.671875000000000226e-03,8.515625000000000625e-03,1.468532322828347211e-03,1.000000000000000000e+00
3.828124999999999931e-03,8.515625000000000625e-03,1.446657267404625850e-03,1.000000000000000000e+00
3.984375000000000069e-03,8.515625000000000625e-03,1.425272202447329297e-03,1.000000000000000000e+00
4.140625000000000208e-03,8.515625000000000625e-03,1.405185477118520024e-03,1.000000000000000000e+00
4.296875000000000347e-03,8.515625000000000625e-03,1.387146975553302762e-03,1.000000000000000000e+00
4.453125000000000486e-03,8.515625000000000625e-03,1.371828579512015265e-03,1.000000000000000000e+00
4.609374999999999757e-03,8.515625000000000625e-03,1.359803454762860755e-03,1.000000000000000000e+00
4.765624999999999896e-03,8.515625000000000625e-03,1.351524592401996379e-03,1.000000000000000000e+00
4.921875000000000035e-03,8.515625000000000625e-03,1.347305236021761627e-03,1.000000000000000000e+00
5.078125000000000173e-03,8.515625000000000625e-03,1.347305236021762061e-03,1.000000000000000000e+00
5.234375000000000312e-03,8.515625000000000625e-03,1.351524592401997897e-03,1.000000000000000000e+00
5.390625000000000451e-03,8.515625000000000625e-03,1.359803454762862490e-03,1.000000000000000000e+00
5.546874999999999722e-03,8.515625000000000625e-03,1.371828579512018084e-03,1.000000000000000000e+00
5.703124999999999861e-03,8.515625000000000625e-03,1.387146975553304930e-03,1.000000000000000000e+00
5.859375000000000000e-03,8.515625000000000625e-03,1.405185477118522843e-03,1.000000000000000000e+00
6.015625000000000139e-03,8.515625000000000625e-03,1.425272202447332767e-03,1.000000000000000000e+00
6.171875000000000278e-03,8.515625000000000625e-03,1.446657267404628452e-03,1.000000000000000000e+00
6.328125000000000416e-03,8.515625000000000625e-03,1.468532322828349597e-03,1.000000000000000000e+00
6.484375000000000555e-03,8.515625000000000625e-03,1.490048676162469658e-03,1.000000000000000000e+00
6.640624999999999827e-03,8.515625000000000625e-03,1.510333398750904029e-03,1.000000000000000000e+00
6.796874999999999965e-03,8.515625000000000625e-03,1.528502925209475165e-03,1.000000000000000000e+00
6.953125000000000104e-03,8.515625000000000625e-03,1.543673948699386808e-03,1.000000000000000000e+00
7.109375000000000243e-03,8.515625000000000625e-03,1.554971576858392044e-03,1.000000000000000000e+00
7.265625000000000382e-03,8.515625000000000625e-03,1.561534742738144264e-03,1.000000000000000000e+00
7.421875000000000520e-03,8.515625000000000625e-03,1.562518881607395313e-03,1.000000000000000000e+00
7.578124999999999792e-03,8.515625000000000625e-03,1.557095942330145432e-03,1.000000000000000000e+00
7.734374999999999931e-03,8.515625000000000625e-03,1.544451884208496422e-03,1.000000000000000000e+00
7.890625000000000069e-03,8.515625000000000625e-03,1.523781880775057582e-03,1.000000000000000000e+00
8.046875000000000208e-03,8.515625000000000625e-03,1.494283490859755733e-03,1.000000000000000000e+00
8.203125000000000347e-03,8.515625000000000625e-03,1.455148065936208391e-03,1.000000000000000000e+00
8.359375000000000486e-03,8.515625000000000625e-03,1.405550657130372671e-03,1.000000000000000000e+00
8.515625000000000625e-03,8.515625000000000625e-03,1.344638687236747107e-03,1.000000000000000000e+00
8.671875000000000763e-03,8.515625000000000625e-03,1.271519686093121370e-03,1.000000000000000000e+00
8.828125000000000902e-03,8.515625000000000625e-03,1.185248475284738506e-03,1.000000000000000000e+00
8.984375000000001041e-03,8.515625000000000625e-03,1.084814352848456750e-03,1.000000000000000000e+00
9.140624999999999445e-03,8.515625000000000625e-03,9.691290873891341209e-04,1.000000000000000000e+00
9.296874999999999584e-03,8.515625000000000625e-03,8.370168838039960223e-04,1.000000000000000000e+00
9.453124999999999722e-03,8.515625000000000625e-03,6.872078905218437749e-04,1.000000000000000000e+00
9.609374999999999861e-03,8.515625000000000625e-03,5.183371697276141325e-04,1.000000000000000000e+00
9.765625000000000000e-03,8.515625000000000625e-03,3.289511331336278897e-04,1.000000000000000000e+00
9.921875000000000139e-03,8.515625000000000625e-03,1.175229475127694749e-04,1.000000000000000000e+00
7.812500000000000163e-05,8.671875000000000763e-03,1.124567765177420702e-04,1.000000000000000000e+00
2.343749999999999913e-04,8.671875000000000763e-03,3.138566143844072256e-04,1.000000000000000000e+00
3.906250000000000217e-04,8.671875000000000763e-03,4.935185344745662492e-04,1.000000000000000000e+00
5.468750000000000520e-04,8.671875000000000763e-03,6.531485110584458759e-04,1.000000000000000000e+00
7.031249999999999740e-04,8.671875000000000763e-03,7.943498418201545667e-04,1.000000000000000000e+00
8.593750000000000043e-04,8.671875000000000763e-03,9.186047826312548903e-04,1.000000000000000000e+00
1.015625000000000035e-03,8.671875000000000763e-03,1.027269244581263371e-03,1.000000000000000000e+00
1.171874999999999957e-03,8.671875000000000763e-03,1.121577299095779731e-03,1.000000000000000000e+00
1.328125000000000095e-03,8.671875000000000763e-03,1.202652008219449661e-03,1.000000000000000000e+00
1.484375000000000017e-03,8.671875000000000763e-03,1.271519686093118984e-03,1.000000000000000000e+00
1.640624999999999939e-03,8.671875000000000763e-03,1.329125511131545086e-03,1.000000000000000000e+00
1.796875000000000078e-03,8.671875000000000763e-03,1.376349138201098370e-03,1.000000000000000000e+00
1.953125000000000000e-03,8.671875000000000763e-03,1.414019501385245688e-03,1.000000000000000000e+00
2.109375000000000139e-03,8.671875000000000763e-03,1.442928350709112148e-03,1.000000000000000000e+00
2.265624999999999844e-03,8.671875000000000763e-03,1.463842269587506103e-03,1.000000000000000000e+00
2.421874999999999983e-03,8.671875000000000763e-03,1.477513019145668084e-03,1.000000000000000000e+00
2.578125000000000121e-03,8.671875000000000763e-03,1.484686090351954252e-03,1.000000000000000000e+00
2.734375000000000260e-03,8.671875000000000763e-03,1.486107346254505069e-03,1.000000000000000000e+00
2.890624999999999965e-03,8.671875000000000763e-03,1.482527628478748621e-03,1.000000000000000000e+00
3.046875000000000104e-03,8.671875000000000763e-03,1.474705202092206234e-03,1.000000000000000000e+00
3.203125000000000243e-03,8.671875000000000763e-03,1.463405931285276847e-03,1.000000000000000000e+00
3.359374999999999948e-03,8.671875000000000763e-03,1.449401115926934836e-03,1.000000000000000000e+00
3.515625000000000087e-03,8.671875000000000763e-03,1.433462966888664333e-03,1.000000000000000000e+00
3.671875000000000226e-03,8.671875000000000763e-03,1.416357743312120221e-03,1.000000000000000000e+00
3.828124999999999931e-03,8.671875000000000763e-03,1.398836616415426604e-03,1.000000000000000000e+00
3.984375000000000069e-03,8.671875000000000763e-03,1.381624385966269495e-03,1.000000000000000000e+00
4.140625000000000208e-03,8.671875000000000763e-03,1.365406291051297211e-03,1.000000000000000000e+00
4.296875000000000347e-03,8.671875000000000763e-03,1.350813310486699906e-03,1.000000000000000000e+00
4.453125000000000486e-03,8.671875000000000763e-03,1.338406446705199624e-03,1.000000000000000000e+00
4.609374999999999757e-03,8.671875000000000763e-03,1.328660524360494866e-03,1.000000000000000000e+00
4.765624999999999896e-03,8.671875000000000763e-03,1.321948337724942937e-03,1.000000000000000000e+00
4.921875000000000035e-03,8.671875000000000763e-03,1.318526760383315110e-03,1.000000000000000000e+00
5.078125000000000173e-03,8.671875000000000763e-03,1.318526760383315543e-03,1.000000000000000000e+00
5.234375000000000312e-03,8.671875000000000763e-03,1.321948337724944021e-03,1.000000000000000000e+00
5.390625000000000451e-03,8.671875000000000763e-03,1.328660524360496600e-03,1.000000000000000000e+00
5.546874999999999722e-03,8.671875000000000763e-03,1.338406446705201359e-03,1.000000000000000000e+00
5.703124999999999861e-03,8.671875000000000763e-03,1.350813310486702074e-03,1.000000000000000000e+00
5.859375000000000000e-03,8.671875000000000763e-03,1.365406291051299162e-03,1.000000000000000000e+00
6.015625000000000139e-03,8.671875000000000763e-03,1.381624385966272097e-03,1.000000000000000000e+00
6.171875000000000278e-03,8.671875000000000763e-03,1.398836616415428773e-03,1.000000000000000000e+00
6.328125000000000416e-03,8.671875000000000763e-03,1.416357743312122823e-03,1.000000000000000000e+00
6.484375000000000555e-03,8.671875000000000763e-03,1.433462966888667152e-03,1.000000000000000000e+00
6.640624999999999827e-03,8.671875000000000763e-03,1.449401115926937655e-03,1.000000000000000000e+00
6.796874999999999965e-03,8.671875000000000763e-03,1.463405931285279449e-03,1.000000000000000000e+00
6.953125000000000104e-03,8.671875000000000763e-03,1.474705202092208619e-03,1.000000000000000000e+00
7.109375000000000243e-03,8.671875000000000763e-03,1.482527628478750572e-03,1.000000000000000000e+00
7.265625000000000382e-03,8.671875000000000763e-03,1.486107346254506370e-03,1.000000000000000000e+00
7.421875000000000520e-03,8.671875000000000763e-03,1.484686090351955553e-03,1.000000000000000000e+00
7.578124999999999792e-03,8.671875000000000763e-03,1.477513019145669168e-03,1.000000000000000000e+00
7.734374999999999931e-03,8.671875000000000763e-03,1.463842269587507187e-03,1.000000000000000000e+00
7.890625000000000069e-03,8.671875000000000763e-03,1.442928350709113232e-03,1.000000000000000000e+00
8.046875000000000208e-03,8.671875000000000763e-03,1.414019501385246989e-03,1.000000000000000000e+00
8.203125000000000347e-03,8.671875000000000763e-03,1.376349138201099888e-03,1.000000000000000000e+00
8.359375000000000486e-03,8.671875000000000763e-03,1.329125511131546604e-03,1.000000000000000000e+00
8.515625000000000625e-03,8.671875000000000763e-03,1.271519686093120719e-03,1.000000000000000000e+00
8.671875000000000763e-03,8.671875000000000763e-03,1.202652008219451396e-03,1.000000000000000000e+00
8.828125000000000902e-03,8.671875000000000763e-03,1.121577299095781683e-03,1.000000000000000000e+00
8.984375000000001041e-03,8.671875000000000763e-03,1.027269244581264888e-03,1.000000000000000000e+00
9.140624999999999445e-03,8.671875000000000763e-03,9.186047826312559745e-04,1.000000000000000000e+00
9.296874999999999584e-03,8.671875000000000763e-03,7.943498418201552173e-04,1.000000000000000000e+00
9.453124999999999722e-03,8.671875000000000763e-03,6.531485110584464180e-04,1.000000000000000000e+00
9.609374999999999861e-03,8.671875000000000763e-03,4.935185344745664660e-04,1.000000000000000000e+00
9.765625000000000000e-03,8.671875000000000763e-03,3.138566143844073340e-04,1.000000000000000000e+00
9.921875000000000139e-03,8.671875000000000763e-03,1.124567765177421108e-04,1.000000000000000000e+00
7.812500000000000163e-05,8.828125000000000902e-03,1.064902581915338592e-04,1.000000000000000000e+00
2.343749999999999913e-04,8.828125000000000902e-03,2.960859509116925631e-04,1.000000000000000000e+00
3.906250000000000217e-04,8.828125000000000902e-03,4.643177802277970363e-04,1.000000000000000000e+00
5.468750000000000520e-04,8.828125000000000902e-03,6.131037149172197586e-04,1.000000000000000000e+00
7.031249999999999740e-04,8.828125000000000902e-03,7.442151272869223242e-04,1.000000000000000000e+00
8.593750000000000043e-04,8.828125000000000902e-03,8.592568942344684570e-04,1.000000000000000000e+00
1.015625000000000035e-03,8.828125000000000902e-03,9.596664812495628478e-04,1.000000000000000000e+00
1.171874999999999957e-03,8.828125000000000902e-03,1.046725405797671159e-03,1.000000000000000000e+00
1.328125000000000095e-03,8.828125000000000902e-03,1.121577299095779948e-03,1.000000000000000000e+00
1.484375000000000017e-03,8.828125000000000902e-03,1.185248475284736121e-03,1.000000000000000000e+00
1.640624999999999939e-03,8.828125000000000902e-03,1.238668500601591057e-03,1.000000000000000000e+00
1.796875000000000078e-03,8.828125000000000902e-03,1.282689411851396354e-03,1.000000000000000000e+00
1.953125000000000000e-03,8.828125000000000902e-03,1.318102963271017888e-03,1.000000000000000000e+00
2.109375000000000139e-03,8.828125000000000902e-03,1.345655688588639955e-03,1.000000000000000000e+00
2.265624999999999844e-03,8.828125000000000902e-03,1.366061761786748711e-03,1.000000000000000000e+00
2.421874999999999983e-03,8.828125000000000902e-03,1.380013711813067720e-03,1.000000000000000000e+00
2.578125000000000121e-03,8.828125000000000902e-03,1.388191051900250148e-03,1.000000000000000000e+00
2.734375000000000260e-03,8.828125000000000902e-03,1.391266860949173442e-03,1.000000000000000000e+00
2.890624999999999965e-03,8.828125000000000902e-03,1.389912326209894475e-03,1.000000000000000000e+00
3.046875000000000104e-03,8.828125000000000902e-03,1.384799237405414263e-03,1.000000000000000000e+00
3.203125000000000243e-03,8.828125000000000902e-03,1.376600419412492759e-03,1.000000000000000000e+00
3.359374999999999948e-03,8.828125000000000902e-03,1.365988104282897259e-03,1.000000000000000000e+00
3.515625000000000087e-03,8.828125000000000902e-03,1.353630269653135739e-03,1.000000000000000000e+00
3.671875000000000226e-03,8.828125000000000902e-03,1.340185004616042388e-03,1.000000000000000000e+00
3.828124999999999931e-03,8.828125000000000902e-03,1.326293006478689637e-03,1.000000000000000000e+00
3.984375000000000069e-03,8.828125000000000902e-03,1.312568371451025388e-03,1.000000000000000000e+00
4.140625000000000208e-03,8.828125000000000902e-03,1.299587928133699288e-03,1.000000000000000000e+00
4.296875000000000347e-03,8.828125000000000902e-03,1.287879466137000547e-03,1.000000000000000000e+00
4.453125000000000486e-03,8.828125000000000902e-03,1.277909309961587896e-03,1.000000000000000000e+00
4.609374999999999757e-03,8.828125000000000902e-03,1.270069795748975799e-03,1.000000000000000000e+00
4.765624999999999896e-03,8.828125000000000902e-03,1.264667411253965479e-03,1.000000000000000000e+00
4.921875000000000035e-03,8.828125000000000902e-03,1.261912644903240201e-03,1.000000000000000000e+00
5.078125000000000173e-03,8.828125000000000902e-03,1.261912644903240852e-03,1.000000000000000000e+00
5.234375000000000312e-03,8.828125000000000902e-03,1.264667411253966346e-03,1.000000000000000000e+00
5.390625000000000451e-03,8.828125000000000902e-03,1.270069795748977100e-03,1.000000000000000000e+00
5.546874999999999722e-03,8.828125000000000902e-03,1.277909309961589414e-03,1.000000000000000000e+00
5.703124999999999861e-03,8.828125000000000902e-03,1.287879466137002282e-03,1.000000000000000000e+00
5.859375000000000000e-03,8.828125000000000902e-03,1.299587928133701022e-03,1.000000000000000000e+00
6.015625000000000139e-03,8.828125000000000902e-03,1.312568371451027340e-03,1.000000000000000000e+00
6.171875000000000278e-03,8.828125000000000902e-03,1.326293006478692022e-03,1.000000000000000000e+00
6.328125000000000416e-03,8.828125000000000902e-03,1.340185004616044773e-03,1.000000000000000000e+00
6.484375000000000555e-03,8.828125000000000902e-03,1.353630269653137907e-03,1.000000000000000000e+00
6.640624999999999827e-03,8.828125000000000902e-03,1.365988104282899861e-03,1.000000000000000000e+00
6.796874999999999965e-03,8.828125000000000902e-03,1.376600419412495361e-03,1.000000000000000000e+00
6.953125000000000104e-03,8.828125000000000902e-03,1.384799237405416866e-03,1.000000000000000000e+00
7.109375000000000243e-03,8.828125000000000902e-03,1.389912326209896644e-03,1.000000000000000000e+00
7.265625000000000382e-03,8.828125000000000902e-03,1.391266860949174960e-03,1.000000000000000000e+00
7.421875000000000520e-03,8.828125000000000902e-03,1.388191051900251015e-03,1.000000000000000000e+00
7.578124999999999792e-03,8.828125000000000902e-03,1.380013711813068804e-03,1.000000000000000000e+00
7.734374999999999931e-03,8.828125000000000902e-03,1.366061761786750445e-03,1.000000000000000000e+00
7.890625000000000069e-03,8.828125000000000902e-03,1.345655688588640823e-03,1.000000000000000000e+00
8.046875000000000208e-03,8.828125000000000902e-03,1.318102963271019189e-03,1.000000000000000000e+00
8.203125000000000347e-03,8.828125000000000902e-03,1.282689411851397655e-03,1.000000000000000000e+00
8.359375000000000486e-03,8.828125000000000902e-03,1.238668500601593008e-03,1.000000000000000000e+00
8.515625000000000625e-03,8.828125000000000902e-03,1.185248475284738073e-03,1.000000000000000000e+00
8.671875000000000763e-03,8.828125000000000902e-03,1.121577299095781900e-03,1.000000000000000000e+00
8.828125000000000902e-03,8.828125000000000902e-03,1.046725405797672894e-03,1.000000000000000000e+00
8.984375000000001041e-03,8.828125000000000902e-03,9.596664812495641489e-04,1.000000000000000000e+00
9.140624999999999445e-03,8.828125000000000902e-03,8.592568942344694328e-04,1.000000000000000000e+00
9.296874999999999584e-03,8.828125000000000902e-03,7.442151272869226494e-04,1.000000000000000000e+00
9.453124999999999722e-03,8.828125000000000902e-03,6.131037149172200839e-04,1.000000000000000000e+00
9.609374999999999861e-03,8.828125000000000902e-03,4.643177802277972531e-04,1.000000000000000000e+00
9.765625000000000000e-03,8.828125000000000902e-03,2.960859509116926173e-04,1.000000000000000000e+00
9.921875000000000139e-03,8.828125000000000902e-03,1.064902581915338863e-04,1.000000000000000000e+00
7.812500000000000163e-05,8.984375000000001041e-03,9.949450102823462726e-05,1.000000000000000000e+00
2.343749999999999913e-04,8.984375000000001041e-03,2.752650883430320691e-04,1.000000000000000000e+00
3.906250000000000217e-04,8.984375000000001041e-03,4.301488581077094983e-04,1.000000000000000000e+00
5.468750000000000520e-04,8.984375000000001041e-03,5.663193785957136139e-04,1.000000000000000000e+00
7.031249999999999740e-04,8.984375000000001041e-03,6.857359956758457336e-04,1.000000000000000000e+00
8.593750000000000043e-04,8.984375000000001041e-03,7.901271232701339610e-04,1.000000000000000000e+00
1.015625000000000035e-03,8.984375000000001041e-03,8.810003178848482743e-04,1.000000000000000000e+00
1.171874999999999957e-03,8.984375000000001041e-03,9.596664812495625226e-04,1.000000000000000000e+00
1.328125000000000095e-03,8.984375000000001041e-03,1.027269244581262937e-03,1.000000000000000000e+00
1.484375000000000017e-03,8.984375000000001041e-03,1.084814352848455232e-03,1.000000000000000000e+00
1.640624999999999939e-03,8.984375000000001041e-03,1.133196541638687620e-03,1.000000000000000000e+00
1.796875000000000078e-03,8.984375000000001041e-03,1.173222982831877755e-03,1.000000000000000000e+00
1.953125000000000000e-03,8.984375000000001041e-03,1.205633188758789640e-03,1.000000000000000000e+00
2.109375000000000139e-03,8.984375000000001041e-03,1.231115616087680512e-03,1.000000000000000000e+00
2.265624999999999844e-03,8.984375000000001041e-03,1.250321314657782453e-03,1.000000000000000000e+00
2.421874999999999983e-03,8.984375000000001041e-03,1.263874951919603589e-03,1.000000000000000000e+00
2.578125000000000121e-03,8.984375000000001041e-03,1.272383481986804395e-03,1.000000000000000000e+00
2.734375000000000260e-03,8.984375000000001041e-03,1.276442656932043731e-03,1.000000000000000000e+00
2.890624999999999965e-03,8.984375000000001041e-03,1.276641515506241444e-03,1.000000000000000000e+00
3.046875000000000104e-03,8.984375000000001041e-03,1.273564939407063890e-03,1.000000000000000000e+00
3.203125000000000243e-03,8.984375000000001041e-03,1.267794342176381669e-03,1.000000000000000000e+00
3.359374999999999948e-03,8.984375000000001041e-03,1.259906549639026006e-03,1.000000000000000000e+00
3.515625000000000087e-03,8.984375000000001041e-03,1.250470940324937543e-03,1.000000000000000000e+00
3.671875000000000226e-03,8.984375000000001041e-03,1.240044936520224694e-03,1.000000000000000000e+00
3.828124999999999931e-03,8.984375000000001041e-03,1.229167970932264035e-03,1.000000000000000000e+00
3.984375000000000069e-03,8.984375000000001041e-03,1.218354102725442353e-03,1.000000000000000000e+00
4.140625000000000208e-03,8.984375000000001041e-03,1.208083521395473658e-03,1.000000000000000000e+00
4.296875000000000347e-03,8.984375000000001041e-03,1.198793253466014534e-03,1.000000000000000000e+00
4.453125000000000486e-03,8.984375000000001041e-03,1.190867468755175702e-03,1.000000000000000000e+00
4.609374999999999757e-03,8.984375000000001041e-03,1.184627874919854393e-03,1.000000000000000000e+00
4.765624999999999896e-03,8.984375000000001041e-03,1.180324804138702848e-03,1.000000000000000000e+00
4.921875000000000035e-03,8.984375000000001041e-03,1.178129700572439669e-03,1.000000000000000000e+00
5.078125000000000173e-03,8.984375000000001041e-03,1.178129700572439886e-03,1.000000000000000000e+00
5.234375000000000312e-03,8.984375000000001041e-03,1.180324804138703065e-03,1.000000000000000000e+00
5.390625000000000451e-03,8.984375000000001041e-03,1.184627874919855044e-03,1.000000000000000000e+00
5.546874999999999722e-03,8.984375000000001041e-03,1.190867468755177003e-03,1.000000000000000000e+00
5.703124999999999861e-03,8.984375000000001041e-03,1.198793253466015835e-03,1.000000000000000000e+00
5.859375000000000000e-03,8.984375000000001041e-03,1.208083521395475392e-03,1.000000000000000000e+00
6.015625000000000139e-03,8.984375000000001041e-03,1.218354102725444088e-03,1.000000000000000000e+00
6.171875000000000278e-03,8.984375000000001041e-03,1.229167970932265987e-03,1.000000000000000000e+00
6.328125000000000416e-03,8.984375000000001041e-03,1.240044936520227513e-03,1.000000000000000000e+00
6.484375000000000555e-03,8.984375000000001041e-03,1.250470940324939929e-03,1.000000000000000000e+00
6.640624999999999827e-03,8.984375000000001041e-03,1.259906549639027958e-03,1.000000000000000000e+00
6.796874999999999965e-03,8.984375000000001041e-03,1.267794342176383621e-03,1.000000000000000000e+00
6.953125000000000104e-03,8.984375000000001041e-03,1.273564939407065841e-03,1.000000000000000000e+00
7.109375000000000243e-03,8.984375000000001041e-03,1.276641515506243829e-03,1.000000000000000000e+00
7.265625000000000382e-03,8.984375000000001041e-03,1.276442656932045465e-03,1.000000000000000000e+00
7.421875000000000520e-03,8.984375000000001041e-03,1.272383481986805696e-03,1.000000000000000000e+00
7.578124999999999792e-03,8.984375000000001041e-03,1.263874951919604674e-03,1.000000000000000000e+00
7.734374999999999931e-03,8.984375000000001041e-03,1.250321314657783537e-03,1.000000000000000000e+00
7.890625000000000069e-03,8.984375000000001041e-03,1.231115616087681379e-03,1.000000000000000000e+00
8.046875000000000208e-03,8.984375000000001041e-03,1.205633188758790508e-03,1.000000000000000000e+00
8.203125000000000347e-03,8.984375000000001041e-03,1.173222982831878623e-03,1.000000000000000000e+00
8.359375000000000486e-03,8.984375000000001041e-03,1.133196541638689138e-03,1.000000000000000000e+00
8.515625000000000625e-03,8.984375000000001041e-03,1.084814352848456750e-03,1.000000000000000000e+00
8.671875000000000763e-03,8.984375000000001041e-03,1.027269244581264888e-03,1.000000000000000000e+00
8.828125000000000902e-03,8.984375000000001041e-03,9.596664812495642573e-04,1.000000000000000000e+00
8.984375000000001041e-03,8.984375000000001041e-03,8.810003178848495754e-04,1.000000000000000000e+00
9.140624999999999445e-03,8.984375000000001041e-03,7.901271232701346115e-04,1.000000000000000000e+00
9.296874999999999584e-03,8.984375000000001041e-03,6.857359956758458421e-04,1.000000000000000000e+00
9.453124999999999722e-03,8.984375000000001041e-03,5.663193785957135054e-04,1.000000000000000000e+00
9.609374999999999861e-03,8.984375000000001041e-03,4.301488581077095525e-04,1.000000000000000000e+00
9.765625000000000000e-03,8.984375000000001041e-03,2.752650883430320691e-04,1.000000000000000000e+00
9.921875000000000139e-03,8.984375000000001041e-03,9.949450102823462726e-05,1.000000000000000000e+00
7.812500000000000163e-05,9.140624999999999445e-03,9.130309610660725409e-05,1.000000000000000000e+00
2.343749999999999913e-04,9.140624999999999445e-03,2.509169808244917830e-04,1.000000000000000000e+00
3.906250000000000217e-04,9.140624999999999445e-03,3.902791227642955774e-04,1.000000000000000000e+00
5.468750000000000520e-04,9.140624999999999445e-03,5.118748831820788469e-04,1.000000000000000000e+00
7.031249999999999740e-04,9.140624999999999445e-03,6.178682910506126886e-04,1.000000000000000000e+00
8.593750000000000043e-04,9.140624999999999445e-03,7.101012227853731405e-04,1.000000000000000000e+00
1.015625000000000035e-03,9.140624999999999445e-03,7.901271232701335273e-04,1.000000000000000000e+00
1.171874999999999957e-03,9.140624999999999445e-03,8.592568942344676981e-04,1.000000000000000000e+00
1.328125000000000095e-03,9.140624999999999445e-03,9.186047826312541313e-04,1.000000000000000000e+00
1.484375000000000017e-03,9.140624999999999445e-03,9.691290873891327115e-04,1.000000000000000000e+00
1.640624999999999939e-03,9.140624999999999445e-03,1.011666267772826739e-03,1.000000000000000000e+00
1.796875000000000078e-03,9.140624999999999445e-03,1.046958726578636626e-03,1.000000000000000000e+00
1.953125000000000000e-03,9.140624999999999445e-03,1.075677130344582060e-03,1.000000000000000000e+00
2.109375000000000139e-03,9.140624999999999445e-03,1.098438209845510518e-03,1.000000000000000000e+00
2.265624999999999844e-03,9.140624999999999445e-03,1.115818866337096654e-03,1.000000000000000000e+00
2.421874999999999983e-03,9.140624999999999445e-03,1.128367236720759659e-03,1.000000000000000000e+00
2.578125000000000121e-03,9.140624999999999445e-03,1.136611204695319767e-03,1.000000000000000000e+00
2.734375000000000260e-03,9.140624999999999445e-03,1.141064706785956378e-03,1.000000000000000000e+00
2.890624999999999965e-03,9.140624999999999445e-03,1.142232076975964634e-03,1.000000000000000000e+00
3.046875000000000104e-03,9.140624999999999445e-03,1.140610600040217618e-03,1.000000000000000000e+00
3.203125000000000243e-03,9.140624999999999445e-03,1.136691397746944108e-03,1.000000000000000000e+00
3.359374999999999948e-03,9.140624999999999445e-03,1.130958749271887206e-03,1.000000000000000000e+00
3.515625000000000087e-03,9.140624999999999445e-03,1.123887942987364039e-03,1.000000000000000000e+00
3.671875000000000226e-03,9.140624999999999445e-03,1.115941767707655762e-03,1.000000000000000000e+00
3.828124999999999931e-03,9.140624999999999445e-03,1.107565775504699328e-03,1.000000000000000000e+00
3.984375000000000069e-03,9.140624999999999445e-03,1.099182484623006419e-03,1.000000000000000000e+00
4.140625000000000208e-03,9.140624999999999445e-03,1.091184738756738109e-03,1.000000000000000000e+00
4.296875000000000347e-03,9.140624999999999445e-03,1.083928495076407882e-03,1.000000000000000000e+00
4.453125000000000486e-03,9.140624999999999445e-03,1.077725374173246070e-03,1.000000000000000000e+00
4.609374999999999757e-03,9.140624999999999445e-03,1.072835368536562877e-03,1.000000000000000000e+00
4.765624999999999896e-03,9.140624999999999445e-03,1.069460167308551937e-03,1.000000000000000000e+00
4.921875000000000035e-03,9.140624999999999445e-03,1.067737590175375610e-03,1.000000000000000000e+00
5.078125000000000173e-03,9.140624999999999445e-03,1.067737590175375610e-03,1.000000000000000000e+00
5.234375000000000312e-03,9.140624999999999445e-03,1.069460167308551937e-03,1.000000000000000000e+00
5.390625000000000451e-03,9.140624999999999445e-03,1.072835368536563527e-03,1.000000000000000000e+00
5.546874999999999722e-03,9.140624999999999445e-03,1.077725374173247371e-03,1.000000000000000000e+00
5.703124999999999861e-03,9.140624999999999445e-03,1.083928495076408966e-03,1.000000000000000000e+00
5.859375000000000000e-03,9.140624999999999445e-03,1.091184738756739410e-03,1.000000000000000000e+00
6.015625000000000139e-03,9.140624999999999445e-03,1.099182484623007720e-03,1.000000000000000000e+00
6.171875000000000278e-03,9.140624999999999445e-03,1.107565775504700846e-03,1.000000000000000000e+00
6.328125000000000416e-03,9.140624999999999445e-03,1.115941767707657496e-03,1.000000000000000000e+00
6.484375000000000555e-03,9.140624999999999445e-03,1.123887942987365990e-03,1.000000000000000000e+00
6.640624999999999827e-03,9.140624999999999445e-03,1.130958749271888941e-03,1.000000000000000000e+00
6.796874999999999965e-03,9.140624999999999445e-03,1.136691397746945192e-03,1.000000000000000000e+00
6.953125000000000104e-03,9.140624999999999445e-03,1.140610600040219136e-03,1.000000000000000000e+00
7.109375000000000243e-03,9.140624999999999445e-03,1.142232076975966369e-03,1.000000000000000000e+00
7.265625000000000382e-03,9.140624999999999445e-03,1.141064706785957679e-03,1.000000000000000000e+00
7.421875000000000520e-03,9.140624999999999445e-03,1.136611204695321068e-03,1.000000000000000000e+00
7.578124999999999792e-03,9.140624999999999445e-03,1.128367236720760527e-03,1.000000000000000000e+00
7.734374999999999931e-03,9.140624999999999445e-03,1.115818866337097304e-03,1.000000000000000000e+00
7.890625000000000069e-03,9.140624999999999445e-03,1.098438209845511168e-03,1.000000000000000000e+00
8.046875000000000208e-03,9.140624999999999445e-03,1.075677130344583144e-03,1.000000000000000000e+00
8.203125000000000347e-03,9.140624999999999445e-03,1.046958726578637927e-03,1.000000000000000000e+00
8.359375000000000486e-03,9.140624999999999445e-03,1.011666267772828040e-03,1.000000000000000000e+00
8.515625000000000625e-03,9.140624999999999445e-03,9.691290873891341209e-04,1.000000000000000000e+00
8.671875000000000763e-03,9.140624999999999445e-03,9.186047826312560829e-04,1.000000000000000000e+00
8.828125000000000902e-03,9.140624999999999445e-03,8.592568942344697581e-04,1.000000000000000000e+00
8.984375000000001041e-03,9.140624999999999445e-03,7.901271232701350452e-04,1.000000000000000000e+00
9.140624999999999445e-03,9.140624999999999445e-03,7.101012227853740078e-04,1.000000000000000000e+00
9.296874999999999584e-03,9.140624999999999445e-03,6.178682910506129054e-04,1.000000000000000000e+00
9.453124999999999722e-03,9.140624999999999445e-03,5.118748831820789554e-04,1.000000000000000000e+00
9.609374999999999861e-03,9.140624999999999445e-03,3.902791227642955774e-04,1.000000000000000000e+00
9.765625000000000000e-03,9.140624999999999445e-03,2.509169808244917830e-04,1.000000000000000000e+00
9.921875000000000139e-03,9.140624999999999445e-03,9.130309610660724054e-05,1.000000000000000000e+00
7.812500000000000163e-05,9.296874999999999584e-03,8.168993618030977080e-05,1.000000000000000000e+00
2.343749999999999913e-04,9.296874999999999584e-03,2.224065535840323181e-04,1.000000000000000000e+00
3.906250000000000217e-04,9.296874999999999584e-03,3.437617064429021596e-04,1.000000000000000000e+00
5.468750000000000520e-04,9.296874999999999584e-03,4.486186778176935405e-04,1.000000000000000000e+00
7.031249999999999740e-04,9.296874999999999584e-03,5.393470000591531199e-04,1.000000000000000000e+00
8.593750000000000043e-04,9.296874999999999584e-03,6.178682910506126886e-04,1.000000000000000000e+00
1.015625000000000035e-03,9.296874999999999584e-03,6.857359956758451915e-04,1.000000000000000000e+00
1.171874999999999957e-03,9.296874999999999584e-03,7.442151272869213484e-04,1.000000000000000000e+00
1.328125000000000095e-03,9.296874999999999584e-03,7.943498418201541331e-04,1.000000000000000000e+00
1.484375000000000017e-03,9.296874999999999584e-03,8.370168838039949381e-04,1.000000000000000000e+00
1.640624999999999939e-03,9.296874999999999584e-03,8.729666529848497617e-04,1.000000000000000000e+00
1.796875000000000078e-03,9.296874999999999584e-03,9.028544628652600355e-04,1.000000000000000000e+00
1.953125000000000000e-03,9.296874999999999584e-03,9.272643336953926251e-04,1.000000000000000000e+00
2.109375000000000139e-03,9.296874999999999584e-03,9.467271641126820663e-04,1.000000000000000000e+00
2.265624999999999844e-03,9.296874999999999584e-03,9.617346416243340718e-04,1.000000000000000000e+00
2.421874999999999983e-03,9.296874999999999584e-03,9.727498614310179552e-04,1.000000000000000000e+00
2.578125000000000121e-03,9.296874999999999584e-03,9.802153307877587221e-04,1.000000000000000000e+00
2.734375000000000260e-03,9.296874999999999584e-03,9.845588260404970326e-04,1.000000000000000000e+00
2.890624999999999965e-03,9.296874999999999584e-03,9.861974230714431848e-04,1.000000000000000000e+00
3.046875000000000104e-03,9.296874999999999584e-03,9.855399235308981432e-04,1.000000000000000000e+00
3.203125000000000243e-03,9.296874999999999584e-03,9.829878369992885081e-04,1.000000000000000000e+00
3.359374999999999948e-03,9.296874999999999584e-03,9.789350442142151932e-04,1.000000000000000000e+00
3.515625000000000087e-03,9.296874999999999584e-03,9.737662521449754046e-04,1.000000000000000000e+00
3.671875000000000226e-03,9.296874999999999584e-03,9.678543533183348556e-04,1.000000000000000000e+00
3.828124999999999931e-03,9.296874999999999584e-03,9.615568162558707499e-04,1.000000000000000000e+00
3.984375000000000069e-03,9.296874999999999584e-03,9.552112590051449947e-04,1.000000000000000000e+00
4.140625000000000208e-03,9.296874999999999584e-03,9.491303914320648903e-04,1.000000000000000000e+00
4.296875000000000347e-03,9.296874999999999584e-03,9.435965514096326858e-04,1.000000000000000000e+00
4.453125000000000486e-03,9.296874999999999584e-03,9.388561018248387739e-04,1.000000000000000000e+00
4.609374999999999757e-03,9.296874999999999584e-03,9.351139952445997354e-04,1.000000000000000000e+00
4.765624999999999896e-03,9.296874999999999584e-03,9.325288438835656335e-04,1.000000000000000000e+00
4.921875000000000035e-03,9.296874999999999584e-03,9.312088401451350944e-04,1.000000000000000000e+00
5.078125000000000173e-03,9.296874999999999584e-03,9.312088401451353113e-04,1.000000000000000000e+00
5.234375000000000312e-03,9.296874999999999584e-03,9.325288438835660672e-04,1.000000000000000000e+00
5.390625000000000451e-03,9.296874999999999584e-03,9.351139952446004943e-04,1.000000000000000000e+00
5.546874999999999722e-03,9.296874999999999584e-03,9.388561018248394244e-04,1.000000000000000000e+00
5.703124999999999861e-03,9.296874999999999584e-03,9.435965514096334448e-04,1.000000000000000000e+00
5.859375000000000000e-03,9.296874999999999584e-03,9.491303914320658661e-04,1.000000000000000000e+00
6.015625000000000139e-03,9.296874999999999584e-03,9.552112590051460789e-04,1.000000000000000000e+00
6.171875000000000278e-03,9.296874999999999584e-03,9.615568162558720509e-04,1.000000000000000000e+00
6.328125000000000416e-03,9.296874999999999584e-03,9.678543533183361566e-04,1.000000000000000000e+00
6.484375000000000555e-03,9.296874999999999584e-03,9.737662521449767057e-04,1.000000000000000000e+00
6.640624999999999827e-03,9.296874999999999584e-03,9.789350442142167111e-04,1.000000000000000000e+00
6.796874999999999965e-03,9.296874999999999584e-03,9.829878369992895923e-04,1.000000000000000000e+00
6.953125000000000104e-03,9.296874999999999584e-03,9.855399235308994442e-04,1.000000000000000000e+00
7.109375000000000243e-03,9.296874999999999584e-03,9.861974230714447027e-04,1.000000000000000000e+00
7.265625000000000382e-03,9.296874999999999584e-03,9.845588260404985505e-04,1.000000000000000000e+00
7.421875000000000520e-03,9.296874999999999584e-03,9.802153307877600232e-04,1.000000000000000000e+00
7.578124999999999792e-03,9.296874999999999584e-03,9.727498614310186057e-04,1.000000000000000000e+00
7.734374999999999931e-03,9.296874999999999584e-03,9.617346416243345054e-04,1.000000000000000000e+00
7.890625000000000069e-03,9.296874999999999584e-03,9.467271641126827168e-04,1.000000000000000000e+00
8.046875000000000208e-03,9.296874999999999584e-03,9.272643336953933840e-04,1.000000000000000000e+00
8.203125000000000347e-03,9.296874999999999584e-03,9.028544628652611197e-04,1.000000000000000000e+00
8.359375000000000486e-03,9.296874999999999584e-03,8.729666529848511712e-04,1.000000000000000000e+00
8.515625000000000625e-03,9.296874999999999584e-03,8.370168838039960223e-04,1.000000000000000000e+00
8.671875000000000763e-03,9.296874999999999584e-03,7.943498418201554341e-04,1.000000000000000000e+00
8.828125000000000902e-03,9.296874999999999584e-03,7.442151272869228663e-04,1.000000000000000000e+00
8.984375000000001041e-03,9.296874999999999584e-03,6.857359956758462757e-04,1.000000000000000000e+00
9.140624999999999445e-03,9.296874999999999584e-03,6.178682910506133391e-04,1.000000000000000000e+00
9.296874999999999584e-03,9.296874999999999584e-03,5.393470000591534452e-04,1.000000000000000000e+00
9.453124999999999722e-03,9.296874999999999584e-03,4.486186778176937031e-04,1.000000000000000000e+00
9.609374999999999861e-03,9.296874999999999584e-03,3.437617064429021054e-04,1.000000000000000000e+00
9.765625000000000000e-03,9.296874999999999584e-03,2.224065535840322096e-04,1.000000000000000000e+00
9.921875000000000139e-03,9.296874999999999584e-03,8.168993618030973014e-05,1.000000000000000000e+00
7.812500000000000163e-05,9.453124999999999722e-03,7.032596871090930082e-05,1.000000000000000000e+00
2.343749999999999913e-04,9.453124999999999722e-03,1.888435283884252525e-04,1.000000000000000000e+00
3.906250000000000217e-04,9.453124999999999722e-03,2.893284091055868014e-04,1.000000000000000000e+00
5.468750000000000520e-04,9.453124999999999722e-03,3.750770590866400137e-04,1.000000000000000000e+00
7.031249999999999740e-04,9.453124999999999722e-03,4.486186778176934863e-04,1.000000000000000000e+00
8.593750000000000043e-04,9.453124999999999722e-03,5.118748831820786301e-04,1.000000000000000000e+00
1.015625000000000035e-03,9.453124999999999722e-03,5.663193785957129633e-04,1.000000000000000000e+00
1.171874999999999957e-03,9.453124999999999722e-03,6.131037149172189997e-04,1.000000000000000000e+00
1.328125000000000095e-03,9.453124999999999722e-03,6.531485110584454423e-04,1.000000000000000000e+00
1.484375000000000017e-03,9.453124999999999722e-03,6.872078905218426906e-04,1.000000000000000000e+00
1.640624999999999939e-03,9.453124999999999722e-03,7.159149349973177459e-04,1.000000000000000000e+00
1.796875000000000078e-03,9.453124999999999722e-03,7.398140757021607825e-04,1.000000000000000000e+00
1.953125000000000000e-03,9.453124999999999722e-03,7.593845149590462088e-04,1.000000000000000000e+00
2.109375000000000139e-03,9.453124999999999722e-03,7.750574087854911372e-04,1.000000000000000000e+00
2.265624999999999844e-03,9.453124999999999722e-03,7.872286121165396984e-04,1.000000000000000000e+00
2.421874999999999983e-03,9.453124999999999722e-03,7.962681740912188038e-04,1.000000000000000000e+00
2.578125000000000121e-03,9.453124999999999722e-03,8.025273684842001119e-04,1.000000000000000000e+00
2.734375000000000260e-03,9.453124999999999722e-03,8.063437810168300407e-04,1.000000000000000000e+00
2.890624999999999965e-03,9.453124999999999722e-03,8.080448032384129073e-04,1.000000000000000000e+00
3.046875000000000104e-03,9.453124999999999722e-03,8.079497715126429148e-04,1.000000000000000000e+00
3.203125000000000243e-03,9.453124999999999722e-03,8.063709200050955903e-04,1.000000000000000000e+00
3.359374999999999948e-03,9.453124999999999722e-03,8.036132759407115835e-04,1.000000000000000000e+00
3.515625000000000087e-03,9.453124999999999722e-03,7.999736055599875094e-04,1.000000000000000000e+00
3.671875000000000226e-03,9.453124999999999722e-03,7.957385146648374846e-04,1.000000000000000000e+00
3.828124999999999931e-03,9.453124999999999722e-03,7.911818146953040164e-04,1.000000000000000000e+00
3.984375000000000069e-03,9.453124999999999722e-03,7.865612812096378983e-04,1.000000000000000000e+00
4.140625000000000208e-03,9.453124999999999722e-03,7.821149540567444002e-04,1.000000000000000000e+00
4.296875000000000347e-03,9.453124999999999722e-03,7.780571548052186330e-04,1.000000000000000000e+00
4.453125000000000486e-03,9.453124999999999722e-03,7.745744239718761488e-04,1.000000000000000000e+00
4.609374999999999757e-03,9.453124999999999722e-03,7.718216042334316357e-04,1.000000000000000000e+00
4.765624999999999896e-03,9.453124999999999722e-03,7.699183103359753116e-04,1.000000000000000000e+00
4.921875000000000035e-03,9.453124999999999722e-03,7.689460238764642347e-04,1.000000000000000000e+00
5.078125000000000173e-03,9.453124999999999722e-03,7.689460238764643431e-04,1.000000000000000000e+00
5.234375000000000312e-03,9.453124999999999722e-03,7.699183103359758537e-04,1.000000000000000000e+00
5.390625000000000451e-03,9.453124999999999722e-03,7.718216042334322862e-04,1.000000000000000000e+00
5.546874999999999722e-03,9.453124999999999722e-03,7.745744239718767993e-04,1.000000000000000000e+00
5.703124999999999861e-03,9.453124999999999722e-03,7.780571548052192836e-04,1.000000000000000000e+00
5.859375000000000000e-03,9.453124999999999722e-03,7.821149540567450507e-04,1.000000000000000000e+00
6.015625000000000139e-03,9.453124999999999722e-03,7.865612812096388741e-04,1.000000000000000000e+00
6.171875000000000278e-03,9.453124999999999722e-03,7.911818146953053174e-04,1.000000000000000000e+00
6.328125000000000416e-03,9.453124999999999722e-03,7.957385146648386772e-04,1.000000000000000000e+00
6.484375000000000555e-03,9.453124999999999722e-03,7.999736055599884852e-04,1.000000000000000000e+00
6.640624999999999827e-03,9.453124999999999722e-03,8.036132759407124508e-04,1.000000000000000000e+00
6.796874999999999965e-03,9.453124999999999722e-03,8.063709200050964577e-04,1.000000000000000000e+00
6.953125000000000104e-03,9.453124999999999722e-03,8.079497715126438906e-04,1.000000000000000000e+00
7.109375000000000243e-03,9.453124999999999722e-03,8.080448032384136663e-04,1.000000000000000000e+00
7.265625000000000382e-03,9.453124999999999722e-03,8.063437810168309081e-04,1.000000000000000000e+00
7.421875000000000520e-03,9.453124999999999722e-03,8.025273684842008709e-04,1.000000000000000000e+00
7.578124999999999792e-03,9.453124999999999722e-03,7.962681740912195627e-04,1.000000000000000000e+00
7.734374999999999931e-03,9.453124999999999722e-03,7.872286121165401320e-04,1.000000000000000000e+00
7.890625000000000069e-03,9.453124999999999722e-03,7.750574087854915709e-04,1.000000000000000000e+00
8.046875000000000208e-03,9.453124999999999722e-03,7.593845149590468593e-04,1.000000000000000000e+00
8.203125000000000347e-03,9.453124999999999722e-03,7.398140757021618667e-04,1.000000000000000000e+00
8.359375000000000486e-03,9.453124999999999722e-03,7.159149349973189386e-04,1.000000000000000000e+00
8.515625000000000625e-03,9.453124999999999722e-03,6.872078905218438833e-04,1.000000000000000000e+00
8.671875000000000763e-03,9.453124999999999722e-03,6.531485110584464180e-04,1.000000000000000000e+00
8.828125000000000902e-03,9.453124999999999722e-03,6.131037149172200839e-04,1.000000000000000000e+00
8.984375000000001041e-03,9.453124999999999722e-03,5.663193785957138307e-04,1.000000000000000000e+00
9.140624999999999445e-03,9.453124999999999722e-03,5.118748831820792806e-04,1.000000000000000000e+00
9.296874999999999584e-03,9.453124999999999722e-03,4.486186778176938115e-04,1.000000000000000000e+00
9.453124999999999722e-03,9.453124999999999722e-03,3.750770590866403390e-04,1.000000000000000000e+00
9.609374999999999861e-03,9.453124999999999722e-03,2.893284091055869098e-04,1.000000000000000000e+00
9.765625000000000000e-03,9.453124999999999722e-03,1.888435283884253068e-04,1.000000000000000000e+00
9.921875000000000139e-03,9.453124999999999722e-03,7.032596871090930082e-05,1.000000000000000000e+00
7.812500000000000163e-05,9.609374999999999861e-03,5.668231648581147260e-05,1.000000000000000000e+00
2.343749999999999913e-04,9.609374999999999861e-03,1.488991196531725954e-04,1.000000000000000000e+00
3.906250000000000217e-04,9.609374999999999861e-03,2.252172800043796225e-04,1.000000000000000000e+00
5.468750000000000520e-04,9.609374999999999861e-03,2.893284091055865846e-04,1.000000000000000000e+00
7.031249999999999740e-04,9.609374999999999861e-03,3.437617064429018343e-04,1.000000000000000000e+00
8.593750000000000043e-04,9.609374999999999861e-03,3.902791227642952521e-04,1.000000000000000000e+00
1.015625000000000035e-03,9.609374999999999861e-03,4.301488581077090104e-04,1.000000000000000000e+00
1.171874999999999957e-03,9.609374999999999861e-03,4.643177802277964400e-04,1.000000000000000000e+00
1.328125000000000095e-03,9.609374999999999861e-03,4.935185344745654902e-04,1.000000000000000000e+00
1.484375000000000017e-03,9.609374999999999861e-03,5.183371697276131567e-04,1.000000000000000000e+00
1.640624999999999939e-03,9.609374999999999861e-03,5.392570582804176189e-04,1.000000000000000000e+00
1.796875000000000078e-03,9.609374999999999861e-03,5.566883274870192263e-04,1.000000000000000000e+00
1.953125000000000000e-03,9.609374999999999861e-03,5.709881791531398352e-04,1.000000000000000000e+00
2.109375000000000139e-03,9.609374999999999861e-03,5.824752814536964451e-04,1.000000000000000000e+00
2.265624999999999844e-03,9.609374999999999861e-03,5.914401614651146506e-04,1.000000000000000000e+00
2.421874999999999983e-03,9.609374999999999861e-03,5.981527918331177533e-04,1.000000000000000000e+00
2.578125000000000121e-03,9.609374999999999861e-03,6.028681255409919920e-04,1.000000000000000000e+00
2.734375000000000260e-03,9.609374999999999861e-03,6.058300638042100894e-04,1.000000000000000000e+00
2.890624999999999965e-03,9.609374999999999861e-03,6.072741748527348167e-04,1.000000000000000000e+00
3.046875000000000104e-03,9.609374999999999861e-03,6.074293767761655390e-04,1.000000000000000000e+00
3.203125000000000243e-03,9.609374999999999861e-03,6.065187330677392248e-04,1.000000000000000000e+00
3.359374999999999948e-03,9.609374999999999861e-03,6.047594714835472602e-04,1.000000000000000000e+00
3.515625000000000087e-03,9.609374999999999861e-03,6.023623169894248928e-04,1.000000000000000000e+00
3.671875000000000226e-03,9.609374999999999861e-03,5.995302225857232102e-04,1.000000000000000000e+00
3.828124999999999931e-03,9.609374999999999861e-03,5.964565841508702362e-04,1.000000000000000000e+00
3.984375000000000069e-03,9.609374999999999861e-03,5.933230345813582688e-04,1.000000000000000000e+00
4.140625000000000208e-03,9.609374999999999861e-03,5.902969262800556154e-04,1.000000000000000000e+00
4.296875000000000347e-03,9.609374999999999861e-03,5.875286272826208420e-04,1.000000000000000000e+00
4.453125000000000486e-03,9.609374999999999861e-03,5.851487725240156392e-04,1.000000000000000000e+00
4.609374999999999757e-03,9.609374999999999861e-03,5.832656248812752168e-04,1.000000000000000000e+00
4.765624999999999896e-03,9.609374999999999861e-03,5.819627068504406968e-04,1.000000000000000000e+00
4.921875000000000035e-03,9.609374999999999861e-03,5.812968586482822764e-04,1.000000000000000000e+00
5.078125000000000173e-03,9.609374999999999861e-03,5.812968586482823849e-04,1.000000000000000000e+00
5.234375000000000312e-03,9.609374999999999861e-03,5.819627068504405884e-04,1.000000000000000000e+00
5.390625000000000451e-03,9.609374999999999861e-03,5.832656248812753252e-04,1.000000000000000000e+00
5.546874999999999722e-03,9.609374999999999861e-03,5.851487725240161813e-04,1.000000000000000000e+00
5.703124999999999861e-03,9.609374999999999861e-03,5.875286272826212757e-04,1.000000000000000000e+00
5.859375000000000000e-03,9.609374999999999861e-03,5.902969262800562660e-04,1.000000000000000000e+00
6.015625000000000139e-03,9.609374999999999861e-03,5.933230345813590278e-04,1.000000000000000000e+00
6.171875000000000278e-03,9.609374999999999861e-03,5.964565841508708867e-04,1.000000000000000000e+00
6.328125000000000416e-03,9.609374999999999861e-03,5.995302225857241860e-04,1.000000000000000000e+00
6.484375000000000555e-03,9.609374999999999861e-03,6.023623169894255433e-04,1.000000000000000000e+00
6.640624999999999827e-03,9.609374999999999861e-03,6.047594714835479108e-04,1.000000000000000000e+00
6.796874999999999965e-03,9.609374999999999861e-03,6.065187330677397669e-04,1.000000000000000000e+00
6.953125000000000104e-03,9.609374999999999861e-03,6.074293767761659727e-04,1.000000000000000000e+00
7.109375000000000243e-03,9.609374999999999861e-03,6.072741748527353588e-04,1.000000000000000000e+00
7.265625000000000382e-03,9.609374999999999861e-03,6.058300638042105231e-04,1.000000000000000000e+00
7.421875000000000520e-03,9.609374999999999861e-03,6.028681255409924257e-04,1.000000000000000000e+00
7.578124999999999792e-03,9.609374999999999861e-03,5.981527918331181869e-04,1.000000000000000000e+00
7.734374999999999931e-03,9.609374999999999861e-03,5.914401614651149759e-04,1.000000000000000000e+00
7.890625000000000069e-03,9.609374999999999861e-03,5.824752814536966619e-04,1.000000000000000000e+00
8.046875000000000208e-03,9.609374999999999861e-03,5.709881791531402689e-04,1.000000000000000000e+00
8.203125000000000347e-03,9.609374999999999861e-03,5.566883274870198768e-04,1.000000000000000000e+00
8.359375000000000486e-03,9.609374999999999861e-03,5.392570582804182694e-04,1.000000000000000000e+00
8.515625000000000625e-03,9.609374999999999861e-03,5.183371697276140241e-04,1.000000000000000000e+00
8.671875000000000763e-03,9.609374999999999861e-03,4.935185344745661408e-04,1.000000000000000000e+00
8.828125000000000902e-03,9.609374999999999861e-03,4.643177802277971989e-04,1.000000000000000000e+00
8.984375000000001041e-03,9.609374999999999861e-03,4.301488581077097151e-04,1.000000000000000000e+00
9.140624999999999445e-03,9.609374999999999861e-03,3.902791227642957942e-04,1.000000000000000000e+00
9.296874999999999584e-03,9.609374999999999861e-03,3.437617064429021596e-04,1.000000000000000000e+00
9.453124999999999722e-03,9.609374999999999861e-03,2.893284091055868556e-04,1.000000000000000000e+00
9.609374999999999861e-03,9.609374999999999861e-03,2.252172800043797580e-04,1.000000000000000000e+00
9.765625000000000000e-03,9.609374999999999861e-03,1.488991196531726496e-04,1.000000000000000000e+00
9.921875000000000139e-03,9.609374999999999861e-03,5.668231648581148615e-05,1.000000000000000000e+00
7.812500000000000163e-05,9.765625000000000000e-03,3.977243156497546546e-05,1.000000000000000000e+00
2.343749999999999913e-04,9.765625000000000000e-03,1.004392912340740257e-04,1.000000000000000000e+00
3.906250000000000217e-04,9.765625000000000000e-03,1.488991196531725411e-04,1.000000000000000000e+00
5.468750000000000520e-04,9.765625000000000000e-03,1.888435283884250899e-04,1.000000000000000000e+00
7.031249999999999740e-04,9.765625000000000000e-03,2.224065535840320199e-04,1.000000000000000000e+00
8.593750000000000043e-04,9.765625000000000000e-03,2.509169808244915119e-04,1.000000000000000000e+00
1.015625000000000035e-03,9.765625000000000000e-03,2.752650883430318523e-04,1.000000000000000000e+00
1.171874999999999957e-03,9.765625000000000000e-03,2.960859509116921836e-04,1.000000000000000000e+00
1.328125000000000095e-03,9.765625000000000000e-03,3.138566143844067919e-04,1.000000000000000000e+00
1.484375000000000017e-03,9.765625000000000000e-03,3.289511331336273476e-04,1.000000000000000000e+00
1.640624999999999939e-03,9.765625000000000000e-03,3.416737384097202164e-04,1.000000000000000000e+00
1.796875000000000078e-03,9.765625000000000000e-03,3.522799343123585929e-04,1.000000000000000000e+00
1.953125000000000000e-03,9.765625000000000000e-03,3.609905302127973848e-04,1.000000000000000000e+00
2.109375000000000139e-03,9.765625000000000000e-03,3.680013139110399731e-04,1.000000000000000000e+00
2.265624999999999844e-03,9.765625000000000000e-03,3.734898979571044130e-04,1.000000000000000000e+00
2.421874999999999983e-03,9.765625000000000000e-03,3.776206437351455991e-04,1.000000000000000000e+00
2.578125000000000121e-03,9.765625000000000000e-03,3.805482155424398834e-04,1.000000000000000000e+00
2.734375000000000260e-03,9.765625000000000000e-03,3.824201113062832154e-04,1.000000000000000000e+00
2.890624999999999965e-03,9.765625000000000000e-03,3.833783930921507636e-04,1.000000000000000000e+00
3.046875000000000104e-03,9.765625000000000000e-03,3.835607651715452321e-04,1.000000000000000000e+00
3.203125000000000243e-03,9.765625000000000000e-03,3.831011015061484880e-04,1.000000000000000000e+00
3.359374999999999948e-03,9.765625000000000000e-03,3.821294974363132098e-04,1.000000000000000000e+00
3.515625000000000087e-03,9.765625000000000000e-03,3.807719058284415154e-04,1.000000000000000000e+00
3.671875000000000226e-03,9.765625000000000000e-03,3.791494120377603681e-04,1.000000000000000000e+00
3.828124999999999931e-03,9.765625000000000000e-03,3.773772022410951566e-04,1.000000000000000000e+00
3.984375000000000069e-03,9.765625000000000000e-03,3.755632841848694664e-04,1.000000000000000000e+00
4.140625000000000208e-03,9.765625000000000000e-03,3.738070266994989832e-04,1.000000000000000000e+00
4.296875000000000347e-03,9.765625000000000000e-03,3.721975930211931876e-04,1.000000000000000000e+00
4.453125000000000486e-03,9.765625000000000000e-03,3.708123514602906529e-04,1.000000000000000000e+00
4.609374999999999757e-03,9.765625000000000000e-03,3.697153534172123316e-04,1.000000000000000000e+00
4.765624999999999896e-03,9.765625000000000000e-03,3.689559710362288222e-04,1.000000000000000000e+00
4.921875000000000035e-03,9.765625000000000000e-03,3.685677827179422014e-04,1.000000000000000000e+00
5.078125000000000173e-03,9.765625000000000000e-03,3.685677827179421472e-04,1.000000000000000000e+00
5.234375000000000312e-03,9.765625000000000000e-03,3.689559710362287680e-04,1.000000000000000000e+00
5.390625000000000451e-03,9.765625000000000000e-03,3.697153534172123858e-04,1.000000000000000000e+00
5.546874999999999722e-03,9.765625000000000000e-03,3.708123514602908698e-04,1.000000000000000000e+00
5.703124999999999861e-03,9.765625000000000000e-03,3.721975930211935671e-04,1.000000000000000000e+00
5.859375000000000000e-03,9.765625000000000000e-03,3.738070266994992542e-04,1.000000000000000000e+00
6.015625000000000139e-03,9.765625000000000000e-03,3.755632841848698458e-04,1.000000000000000000e+00
6.171875000000000278e-03,9.765625000000000000e-03,3.773772022410955360e-04,1.000000000000000000e+00
6.328125000000000416e-03,9.765625000000000000e-03,3.791494120377608560e-04,1.000000000000000000e+00
6.484375000000000555e-03,9.765625000000000000e-03,3.807719058284420033e-04,1.000000000000000000e+00
6.640624999999999827e-03,9.765625000000000000e-03,3.821294974363134808e-04,1.000000000000000000e+00
6.796874999999999965e-03,9.765625000000000000e-03,3.831011015061487049e-04,1.000000000000000000e+00
6.953125000000000104e-03,9.765625000000000000e-03,3.835607651715455032e-04,1.000000000000000000e+00
7.109375000000000243e-03,9.765625000000000000e-03,3.833783930921510347e-04,1.000000000000000000e+00
7.265625000000000382e-03,9.765625000000000000e-03,3.824201113062835949e-04,1.000000000000000000e+00
7.421875000000000520e-03,9.765625000000000000e-03,3.805482155424400460e-04,1.000000000000000000e+00
7.578124999999999792e-03,9.765625000000000000e-03,3.776206437351457617e-04,1.000000000000000000e+00
7.734374999999999931e-03,9.765625000000000000e-03,3.734898979571045757e-04,1.000000000000000000e+00
7.890625000000000069e-03,9.765625000000000000e-03,3.680013139110401899e-04,1.000000000000000000e+00
8.046875000000000208e-03,9.765625000000000000e-03,3.609905302127977642e-04,1.000000000000000000e+00
8.203125000000000347e-03,9.765625000000000000e-03,3.522799343123589181e-04,1.000000000000000000e+00
8.359375000000000486e-03,9.765625000000000000e-03,3.416737384097207043e-04,1.000000000000000000e+00
8.515625000000000625e-03,9.765625000000000000e-03,3.289511331336279982e-04,1.000000000000000000e+00
8.671875000000000763e-03,9.765625000000000000e-03,3.138566143844072256e-04,1.000000000000000000e+00
8.828125000000000902e-03,9.765625000000000000e-03,2.960859509116926173e-04,1.000000000000000000e+00
8.984375000000001041e-03,9.765625000000000000e-03,2.752650883430321775e-04,1.000000000000000000e+00
9.140624999999999445e-03,9.765625000000000000e-03,2.509169808244918372e-04,1.000000000000000000e+00
9.296874999999999584e-03,9.765625000000000000e-03,2.224065535840322638e-04,1.000000000000000000e+00
9.453124999999999722e-03,9.765625000000000000e-03,1.888435283884252525e-04,1.000000000000000000e+00
9.609374999999999861e-03,9.765625000000000000e-03,1.488991196531726225e-04,1.000000000000000000e+00
9.765625000000000000e-03,9.765625000000000000e-03,1.004392912340740528e-04,1.000000000000000000e+00
9.921875000000000139e-03,9.765625000000000000e-03,3.977243156497547224e-05,1.000000000000000000e+00
7.812500000000000163e-05,9.921875000000000139e-03,1.732648760499181753e-05,1.000000000000000000e+00
2.343749999999999913e-04,9.921875000000000139e-03,3.977243156497545191e-05,1.000000000000000000e+00
3.906250000000000217e-04,9.921875000000000139e-03,5.668231648581144549e-05,1.000000000000000000e+00
5.468750000000000520e-04,9.921875000000000139e-03,7.032596871090923305e-05,1.000000000000000000e+00
7.031249999999999740e-04,9.921875000000000139e-03,8.168993618030970304e-05,1.000000000000000000e+00
8.593750000000000043e-04,9.921875000000000139e-03,9.130309610660717278e-05,1.000000000000000000e+00
1.015625000000000035e-03,9.921875000000000139e-03,9.949450102823454594e-05,1.000000000000000000e+00
1.171874999999999957e-03,9.921875000000000139e-03,1.064902581915337372e-04,1.000000000000000000e+00
1.328125000000000095e-03,9.921875000000000139e-03,1.124567765177419618e-04,1.000000000000000000e+00
1.484375000000000017e-03,9.921875000000000139e-03,1.175229475127693394e-04,1.000000000000000000e+00
1.640624999999999939e-03,9.921875000000000139e-03,1.217927654124773928e-04,1.000000000000000000e+00
1.796875000000000078e-03,9.921875000000000139e-03,1.253530786398974681e-04,1.000000000000000000e+00
1.953125000000000000e-03,9.921875000000000139e-03,1.282786309746512788e-04,1.000000000000000000e+00
2.109375000000000139e-03,9.921875000000000139e-03,1.306354835205617091e-04,1.000000000000000000e+00
2.265624999999999844e-03,9.921875000000000139e-03,1.324834102171172992e-04,1.000000000000000000e+00
2.421874999999999983e-03,9.921875000000000139e-03,1.338776071079202708e-04,1.000000000000000000e+00
2.578125000000000121e-03,9.921875000000000139e-03,1.348699190873384884e-04,1.000000000000000000e+00
2.734375000000000260e-03,9.921875000000000139e-03,1.355097102863322934e-04,1.000000000000000000e+00
2.890624999999999965e-03,9.921875000000000139e-03,1.358444585380398498e-04,1.000000000000000000e+00
3.046875000000000104e-03,9.921875000000000139e-03,1.359201268117162247e-04,1.000000000000000000e+00
3.203125000000000243e-03,9.921875000000000139e-03,1.357813478489960739e-04,1.000000000000000000e+00
3.359374999999999948e-03,9.921875000000000139e-03,1.354714484271154183e-04,1.000000000000000000e+00
3.515625000000000087e-03,9.921875000000000139e-03,1.350323343502677319e-04,1.000000000000000000e+00
3.671875000000000226e-03,9.921875000000000139e-03,1.345042549957817040e-04,1.000000000000000000e+00
3.828124999999999931e-03,9.921875000000000139e-03,1.339254660908804797e-04,1.000000000000000000e+00
3.984375000000000069e-03,9.921875000000000139e-03,1.333318107175254623e-04,1.000000000000000000e+00
4.140625000000000208e-03,9.921875000000000139e-03,1.327562408118773706e-04,1.000000000000000000e+00
4.296875000000000347e-03,9.921875000000000139e-03,1.322283041423624132e-04,1.000000000000000000e+00
4.453125000000000486e-03,9.921875000000000139e-03,1.317736243787415401e-04,1.000000000000000000e+00
4.609374999999999757e-03,9.921875000000000139e-03,1.314134037910547211e-04,1.000000000000000000e+00
4.765624999999999896e-03,9.921875000000000139e-03,1.311639786593197935e-04,1.000000000000000000e+00
4.921875000000000035e-03,9.921875000000000139e-03,1.310364559693155109e-04,1.000000000000000000e+00
5.078125000000000173e-03,9.921875000000000139e-03,1.310364559693154838e-04,1.000000000000000000e+00
5.234375000000000312e-03,9.921875000000000139e-03,1.311639786593197935e-04,1.000000000000000000e+00
5.390625000000000451e-03,9.921875000000000139e-03,1.314134037910547482e-04,1.000000000000000000e+00
5.546874999999999722e-03,9.921875000000000139e-03,1.317736243787416214e-04,1.000000000000000000e+00
5.703124999999999861e-03,9.921875000000000139e-03,1.322283041423625216e-04,1.000000000000000000e+00
5.859375000000000000e-03,9.921875000000000139e-03,1.327562408118774791e-04,1.000000000000000000e+00
6.015625000000000139e-03,9.921875000000000139e-03,1.333318107175255978e-04,1.000000000000000000e+00
6.171875000000000278e-03,9.921875000000000139e-03,1.339254660908806424e-04,1.000000000000000000e+00
6.328125000000000416e-03,9.921875000000000139e-03,1.345042549957819209e-04,1.000000000000000000e+00
6.484375000000000555e-03,9.921875000000000139e-03,1.350323343502678945e-04,1.000000000000000000e+00
6.640624999999999827e-03,9.921875000000000139e-03,1.354714484271154725e-04,1.000000000000000000e+00
6.796874999999999965e-03,9.921875000000000139e-03,1.357813478489961010e-04,1.000000000000000000e+00
6.953125000000000104e-03,9.921875000000000139e-03,1.359201268117163602e-04,1.000000000000000000e+00
7.109375000000000243e-03,9.921875000000000139e-03,1.358444585380399311e-04,1.000000000000000000e+00
7.265625000000000382e-03,9.921875000000000139e-03,1.355097102863324289e-04,1.000000000000000000e+00
7.421875000000000520e-03,9.921875000000000139e-03,1.348699190873385426e-04,1.000000000000000000e+00
7.578124999999999792e-03,9.921875000000000139e-03,1.338776071079203251e-04,1.000000000000000000e+00
7.734374999999999931e-03,9.921875000000000139e-03,1.324834102171173534e-04,1.000000000000000000e+00
7.890625000000000069e-03,9.921875000000000139e-03,1.306354835205617904e-04,1.000000000000000000e+00
8.046875000000000208e-03,9.921875000000000139e-03,1.282786309746514414e-04,1.000000000000000000e+00
8.203125000000000347e-03,9.921875000000000139e-03,1.253530786398975765e-04,1.000000000000000000e+00
8.359375000000000486e-03,9.921875000000000139e-03,1.217927654124775690e-04,1.000000000000000000e+00
8.515625000000000625e-03,9.921875000000000139e-03,1.175229475127695562e-04,1.000000000000000000e+00
8.671875000000000763e-03,9.921875000000000139e-03,1.124567765177421651e-04,1.000000000000000000e+00
8.828125000000000902e-03,9.921875000000000139e-03,1.064902581915338998e-04,1.000000000000000000e+00
8.984375000000001041e-03,9.921875000000000139e-03,9.949450102823465436e-05,1.000000000000000000e+00
9.140624999999999445e-03,9.921875000000000139e-03,9.130309610660725409e-05,1.000000000000000000e+00
9.296874999999999584e-03,9.921875000000000139e-03,8.168993618030979790e-05,1.000000000000000000e+00
9.453124999999999722e-03,9.921875000000000139e-03,7.032596871090930082e-05,1.000000000000000000e+00
9.609374999999999861e-03,9.921875000000000139e-03,5.668231648581147937e-05,1.000000000000000000e+00
9.765625000000000000e-03,9.921875000000000139e-03,3.977243156497546546e-05,1.000000000000000000e+00
9.921875000000000139e-03,9.921875000000000139e-03,1.732648760499182092e-05,1.000000000000000000e+00
