x,y,u,v,pressure,theta,vorticity
1.562500000000000000e-02,1.562500000000000000e-02,7.211802264377517721e-05,-7.211802264382622958e-05,1.061271078014412207e-02,5.000000000000000000e-01,5.828494626688092949e-03
4.687500000000000000e-02,1.562500000000000000e-02,1.247703158823652001e-04,1.946572940518516445e-05,1.040380419020032685e-02,5.000000000000000000e-01,1.799955945639227298e-02
7.812500000000000000e-02,1.562500000000000000e-02,-6.656994210206993259e-05,1.718745285792499513e-04,1.001489420774613441e-02,5.000000000000000000e-01,4.110444412830484978e-02
1.093750000000000000e-01,1.562500000000000000e-02,-5.544109898228722928e-04,3.159665191415523817e-04,9.571994052336366479e-03,5.000000000000000000e-01,7.381146377874348019e-02
1.406250000000000000e-01,1.562500000000000000e-02,-1.299861640695865314e-03,4.294841317314406935e-04,9.165742820786974138e-03,5.000000000000000000e-01,1.160693868347168894e-01
1.718750000000000000e-01,1.562500000000000000e-02,-2.238307404042590761e-03,5.089616316152847540e-04,8.852434910262321419e-03,5.000000000000000000e-01,1.662962540420008795e-01
2.031250000000000000e-01,1.562500000000000000e-02,-3.304820615371286026e-03,5.575515797134106191e-04,8.663599509451612099e-03,5.000000000000000000e-01,2.222278210629017592e-01
2.343750000000000000e-01,1.562500000000000000e-02,-4.442262945878233150e-03,5.798907507935368308e-04,8.615133098697666872e-03,5.000000000000000000e-01,2.814262016787985043e-01
2.656250000000000000e-01,1.562500000000000000e-02,-5.602194309014276417e-03,5.800406123425062193e-04,8.713890372664232983e-03,5.000000000000000000e-01,3.415234035412473834e-01
2.968750000000000000e-01,1.562500000000000000e-02,-6.743069462542099213e-03,5.608345411853170098e-04,8.961692113523459999e-03,5.000000000000000000e-01,4.003069260460644929e-01
3.281250000000000000e-01,1.562500000000000000e-02,-7.827802446067247399e-03,5.238984423398305263e-04,9.357237704838603301e-03,5.000000000000000000e-01,4.557285163486178847e-01
3.593750000000000000e-01,1.562500000000000000e-02,-8.821690477151603038e-03,4.699895887445250582e-04,9.896502741635202632e-03,5.000000000000000000e-01,5.058881538296181590e-01
3.906250000000000000e-01,1.562500000000000000e-02,-9.691144243786753432e-03,3.994641778906257148e-04,1.057216681008727767e-02,5.000000000000000000e-01,5.490233170186286094e-01
4.218750000000000000e-01,1.562500000000000000e-02,-1.040337460904072059e-02,3.127661873633418759e-04,1.137254690745239522e-02,5.000000000000000000e-01,5.835183221199049530e-01
4.531250000000000000e-01,1.562500000000000000e-02,-1.092701431811986604e-02,2.108735217158027599e-04,1.228044014613131896e-02,5.000000000000000000e-01,6.079382470399957716e-01
4.843750000000000000e-01,1.562500000000000000e-02,-1.123354344189587614e-02,9.565560206020779128e-05,1.327221558219156793e-02,5.000000000000000000e-01,6.210851524773313148e-01
5.156250000000000000e-01,1.562500000000000000e-02,-1.129928585405112068e-02,-2.991318990496218111e-05,1.431743511582164556e-02,5.000000000000000000e-01,6.220703346205195272e-01
5.468750000000000000e-01,1.562500000000000000e-02,-1.110758546046947820e-02,-1.617872036766823869e-04,1.537948224469968400e-02,5.000000000000000000e-01,6.104157506645887521e-01
5.781250000000000000e-01,1.562500000000000000e-02,-1.065158878638276102e-02,-2.942094704100327329e-04,1.641531287431779312e-02,5.000000000000000000e-01,5.861462532902507183e-01
6.093750000000000000e-01,1.562500000000000000e-02,-9.937418237304679325e-03,-4.199610786680490170e-04,1.737762020901194998e-02,5.000000000000000000e-01,5.498526909236953752e-01
6.406250000000000000e-01,1.562500000000000000e-02,-8.986578522408953176e-03,-5.308786362276787579e-04,1.821837226710184415e-02,5.000000000000000000e-01,5.027458076768847040e-01
6.718750000000000000e-01,1.562500000000000000e-02,-7.837183117021154222e-03,-6.185167691601209557e-04,1.889311042721340123e-02,5.000000000000000000e-01,4.466743189244843926e-01
7.031250000000000000e-01,1.562500000000000000e-02,-6.543689944056701839e-03,-6.749764038043303428e-04,1.936573011673403677e-02,5.000000000000000000e-01,3.840912642823460232e-01
7.343750000000000000e-01,1.562500000000000000e-02,-5.174877994943089324e-03,-6.938355453092826062e-04,1.961321227967448982e-02,5.000000000000000000e-01,3.179605414477011394e-01
7.656250000000000000e-01,1.562500000000000000e-02,-3.809970385477009884e-03,-6.710720641567962915e-04,1.962969225528223005e-02,5.000000000000000000e-01,2.515983335729284898e-01
7.968750000000000000e-01,1.562500000000000000e-02,-2.533041225219803509e-03,-6.058570961004103002e-04,1.942929946334552571e-02,5.000000000000000000e-01,1.884471239478987536e-01
8.281250000000000000e-01,1.562500000000000000e-02,-1.426032448853789677e-03,-5.011516802656036402e-04,1.904740295156975155e-02,5.000000000000000000e-01,1.317818747056703210e-01
8.593750000000000000e-01,1.562500000000000000e-02,-5.606673507647495390e-04,-3.642134178234363354e-04,1.854021930866997514e-02,5.000000000000000000e-01,8.434709110518634478e-02
8.906250000000000000e-01,1.562500000000000000e-02,1.105926799153710081e-05,-2.075132009328502908e-04,1.798301917411780290e-02,5.000000000000000000e-01,4.792077992101074352e-02
9.218750000000000000e-01,1.562500000000000000e-02,2.699166701730003012e-04,-5.134420124861286213e-05,1.746688838014900935e-02,5.000000000000000000e-01,2.281261638906707107e-02
9.531250000000000000e-01,1.562500000000000000e-02,2.518613118599255041e-04,6.939955956168765243e-05,1.709241993487747510e-02,5.000000000000000000e-01,7.379546397780619056e-03
9.843750000000000000e-01,1.562500000000000000e-02,9.123087614911893262e-05,9.123087614911894617e-05,1.695124799517758879e-02,5.000000000000000000e-01,1.219619269631190550e-03
1.562500000000000000e-02,4.687500000000000000e-02,-1.843868239121633680e-05,-1.257973628964361291e-04,1.082160485957505032e-02,5.000000000000000000e-01,1.824665276493973171e-02
4.687500000000000000e-02,4.687500000000000000e-02,-3.157196415183552061e-04,3.177737355462928004e-04,1.060876082668471554e-02,5.000000000000000000e-01,3.521325331875273246e-02
7.812500000000000000e-02,4.687500000000000000e-02,-1.202833426243412902e-03,9.520205651476349980e-04,1.028893021477011137e-02,5.000000000000000000e-01,6.253405695075023307e-02
1.093750000000000000e-01,4.687500000000000000e-02,-2.732214431332510678e-03,1.553042535383067661e-03,9.939691574503480009e-03,5.000000000000000000e-01,9.447590597723876105e-02
1.406250000000000000e-01,4.687500000000000000e-02,-4.830532423043902221e-03,2.036176758074310141e-03,9.622249943736964697e-03,5.000000000000000000e-01,1.329144985590432759e-01
1.718750000000000000e-01,4.687500000000000000e-02,-7.371031618864132794e-03,2.381213964439371326e-03,9.378867985976794067e-03,5.000000000000000000e-01,1.775545392254239963e-01
2.031250000000000000e-01,4.687500000000000000e-02,-1.021397546399784029e-02,2.594756303351726696e-03,9.236002284801323250e-03,5.000000000000000000e-01,2.269596846758728803e-01
2.343750000000000000e-01,4.687500000000000000e-02,-1.322558723202613834e-02,2.691740125690466907e-03,9.208912651117511991e-03,5.000000000000000000e-01,2.791947072351784742e-01
2.656250000000000000e-01,4.687500000000000000e-02,-1.628432877448236782e-02,2.686864143037846504e-03,9.305651228098243272e-03,5.000000000000000000e-01,3.321842268178259450e-01
2.968750000000000000e-01,4.687500000000000000e-02,-1.928073198648295322e-02,2.591289376018389694e-03,9.529748150228528614e-03,5.000000000000000000e-01,3.838946146163377815e-01
3.281250000000000000e-01,4.687500000000000000e-02,-2.211474105818195257e-02,2.412185662730904293e-03,9.881576665002117163e-03,5.000000000000000000e-01,4.324166282686045526e-01
3.593750000000000000e-01,4.687500000000000000e-02,-2.469291241655177313e-02,2.153761757807625809e-03,1.035864825448902515e-02,5.000000000000000000e-01,4.759998828203291787e-01
3.906250000000000000e-01,4.687500000000000000e-02,-2.692673460130948909e-02,1.818967960220391807e-03,1.095517147691438958e-02,5.000000000000000000e-01,5.130706757951870589e-01
4.218750000000000000e-01,4.687500000000000000e-02,-2.873261750337516296e-02,1.411375672353214639e-03,1.166121258190093435e-02,5.000000000000000000e-01,5.422507232793335463e-01
4.531250000000000000e-01,4.687500000000000000e-02,-3.003363983077129984e-02,9.369260732012140054e-04,1.246177017093653971e-02,5.000000000000000000e-01,5.623844595576437122e-01
4.843750000000000000e-01,4.687500000000000000e-02,-3.076284781262286078e-02,4.053401562023699052e-04,1.333603992873964861e-02,5.000000000000000000e-01,5.725755499815042837e-01
5.156250000000000000e-01,4.687500000000000000e-02,-3.086770521381080115e-02,-1.689979307039409125e-04,1.425710069318427732e-02,5.000000000000000000e-01,5.722295544773636777e-01
5.468750000000000000e-01,4.687500000000000000e-02,-3.031522580899041058e-02,-7.668822612797410957e-04,1.519318608891664923e-02,5.000000000000000000e-01,5.611404343398165295e-01
5.781250000000000000e-01,4.687500000000000000e-02,-2.909774613919877823e-02,-1.362590756685320200e-03,1.610649677280967876e-02,5.000000000000000000e-01,5.395413132738168249e-01
6.093750000000000000e-01,4.687500000000000000e-02,-2.723864941157898290e-02,-1.924847069090637654e-03,1.695559141750048460e-02,5.000000000000000000e-01,5.081003731448493488e-01
6.406250000000000000e-01,4.687500000000000000e-02,-2.479666285755763311e-02,-2.418818914722165730e-03,1.769867183217503637e-02,5.000000000000000000e-01,4.679347048364594364e-01
6.718750000000000000e-01,4.687500000000000000e-02,-2.186780446719961690e-02,-2.808830286411454456e-03,1.829739994170633682e-02,5.000000000000000000e-01,4.206033294454654681e-01
7.031250000000000000e-01,4.687500000000000000e-02,-1.858420134095459600e-02,-3.061759185762466008e-03,1.872112797576852561e-02,5.000000000000000000e-01,3.680662703524486545e-01
7.343750000000000000e-01,4.687500000000000000e-02,-1.510919274535998252e-02,-3.150873308059373365e-03,1.895102465324136759e-02,5.000000000000000000e-01,3.126062675256959245e-01
7.656250000000000000e-01,4.687500000000000000e-02,-1.162842908502658736e-02,-3.059705571206179382e-03,1.898350467137678230e-02,5.000000000000000000e-01,2.567090387529994411e-01
7.968750000000000000e-01,4.687500000000000000e-02,-8.337053656646043615e-03,-2.785528177688777977e-03,1.883240529905445826e-02,5.000000000000000000e-01,2.028961964767854176e-01
8.281250000000000000e-01,4.687500000000000000e-02,-5.423394194267500308e-03,-2.342148837421791259e-03,1.852952018402272139e-02,5.000000000000000000e-01,1.535011682909571129e-01
8.593750000000000000e-01,4.687500000000000000e-02,-3.049694708135446478e-03,-1.762280844888341764e-03,1.812335662835181174e-02,5.000000000000000000e-01,1.103723876413077176e-01
8.906250000000000000e-01,4.687500000000000000e-02,-1.330030496252636914e-03,-1.100836604507041214e-03,1.767620583891718611e-02,5.000000000000000000e-01,7.448209566785492231e-02
9.218750000000000000e-01,4.687500000000000000e-02,-3.045212117380766506e-04,-4.423874843704453689e-04,1.725960345733635812e-02,5.000000000000000000e-01,4.542898319993853712e-02
9.531250000000000000e-01,4.687500000000000000e-02,9.253802562814706614e-05,8.143896363037134124e-05,1.694792882070465800e-02,5.000000000000000000e-01,2.089572450533328310e-02
9.843750000000000000e-01,4.687500000000000000e-02,7.494909056057552166e-05,2.574108428588134140e-04,1.681004311864033388e-02,5.000000000000000000e-01,7.482017811714462667e-03
1.562500000000000000e-02,7.812500000000000000e-02,-1.811555782795000870e-04,7.379689777428031497e-05,1.121983436667645974e-02,5.000000000000000000e-01,4.248263258277808901e-02
4.687500000000000000e-02,7.812500000000000000e-02,-9.982400884956095597e-04,1.232544944218824570e-03,1.092070106201200978e-02,5.000000000000000000e-01,6.419493175718489486e-02
7.812500000000000000e-02,7.812500000000000000e-02,-2.739679701687184991e-03,2.665802754391735814e-03,1.059112511457623376e-02,5.000000000000000000e-01,9.527759876529982852e-02
1.093750000000000000e-01,7.812500000000000000e-02,-5.374998920473619823e-03,4.003960570014499995e-03,1.027181646721419400e-02,5.000000000000000000e-01,1.254529482614347713e-01
1.406250000000000000e-01,7.812500000000000000e-02,-8.778846371579766827e-03,5.087424166260416138e-03,9.997672668010739588e-03,5.000000000000000000e-01,1.578333603178485312e-01
1.718750000000000000e-01,7.812500000000000000e-02,-1.277688656035417397e-02,5.868505940847904348e-03,9.794446894066919512e-03,5.000000000000000000e-01,1.934705467403969870e-01
2.031250000000000000e-01,7.812500000000000000e-02,-1.717927474636224416e-02,6.352796358084973963e-03,9.679381262971496064e-03,5.000000000000000000e-01,2.320543282805533902e-01
2.343750000000000000e-01,7.812500000000000000e-02,-2.179982430839076668e-02,6.565861401014038042e-03,9.663335971826014087e-03,5.000000000000000000e-01,2.724743980526072029e-01
2.656250000000000000e-01,7.812500000000000000e-02,-2.646415923480047519e-02,6.535819336580213357e-03,9.752908669330715222e-03,5.000000000000000000e-01,3.132271470354662246e-01
2.968750000000000000e-01,7.812500000000000000e-02,-3.101116135637015450e-02,6.285739516046294495e-03,9.951884117451365724e-03,5.000000000000000000e-01,3.526895130709791770e-01
3.281250000000000000e-01,7.812500000000000000e-02,-3.529136933106579582e-02,5.831952569097638428e-03,1.026186076862662007e-02,5.000000000000000000e-01,3.892923392841238228e-01
3.593750000000000000e-01,7.812500000000000000e-02,-3.916490085593268833e-02,5.185697734677602137e-03,1.068215215918283216e-02,5.000000000000000000e-01,4.216240443032768792e-01
3.906250000000000000e-01,7.812500000000000000e-02,-4.250044756644035665e-02,4.356400878615801497e-03,1.120916609087077055e-02,5.000000000000000000e-01,4.484894343957367968e-01
4.218750000000000000e-01,7.812500000000000000e-02,-4.517608670101824764e-02,3.355464790601369804e-03,1.183549716538911251e-02,5.000000000000000000e-01,4.689414976080187314e-01
4.531250000000000000e-01,7.812500000000000000e-02,-4.708207855662344815e-02,2.199851137954391897e-03,1.254896907270271200e-02,5.000000000000000000e-01,4.822974583100791968e-01
4.843750000000000000e-01,7.812500000000000000e-02,-4.812543931964505250e-02,9.149838363223586606e-04,1.333185025845505176e-02,5.000000000000000000e-01,4.881449740958336281e-01
5.156250000000000000e-01,7.812500000000000000e-02,-4.823585542636846246e-02,-4.633681029125777916e-04,1.416044327024346995e-02,5.000000000000000000e-01,4.863429513506553059e-01
5.468750000000000000e-01,7.812500000000000000e-02,-4.737245543268939207e-02,-1.888391487570569970e-03,1.500696501333991656e-02,5.000000000000000000e-01,4.770623881231031427e-01
5.781250000000000000e-01,7.812500000000000000e-02,-4.553088567380721152e-02,-3.300130959068302717e-03,1.583700442742661668e-02,5.000000000000000000e-01,4.607720244622555139e-01
6.093750000000000000e-01,7.812500000000000000e-02,-4.274991971689461046e-02,-4.627369551240052836e-03,1.661234346882011284e-02,5.000000000000000000e-01,4.381599881950163922e-01
6.406250000000000000e-01,7.812500000000000000e-02,-3.911648079200848171e-02,-5.791721911480220836e-03,1.729414096682917873e-02,5.000000000000000000e-01,4.100936116503933748e-01
6.718750000000000000e-01,7.812500000000000000e-02,-3.476783147840304539e-02,-6.713434993616859692e-03,1.784656697225698446e-02,5.000000000000000000e-01,3.775817897183966765e-01
7.031250000000000000e-01,7.812500000000000000e-02,-2.988987486273266339e-02,-7.318714220472462804e-03,1.824086281883495475e-02,5.000000000000000000e-01,3.417320565768611207e-01
7.343750000000000000e-01,7.812500000000000000e-02,-2.471071610074280014e-02,-7.548085630933853291e-03,1.845928704534352538e-02,5.000000000000000000e-01,3.037028813723778309e-01
7.656250000000000000e-01,7.812500000000000000e-02,-1.948894017716888000e-02,-7.365032832239016072e-03,1.849830957488290961e-02,5.000000000000000000e-01,2.646480363167614813e-01
7.968750000000000000e-01,7.812500000000000000e-02,-1.449649677123450442e-02,-6.764019750970861472e-03,1.837043628773567597e-02,5.000000000000000000e-01,2.256439723124647467e-01
8.281250000000000000e-01,7.812500000000000000e-02,-9.996608134238173238e-03,-5.777205363514580951e-03,1.810421140556928155e-02,5.000000000000000000e-01,1.875836502737404099e-01
8.593750000000000000e-01,7.812500000000000000e-02,-6.217629345431732388e-03,-4.479902593734046319e-03,1.774223488652563324e-02,5.000000000000000000e-01,1.510138469599813793e-01
8.906250000000000000e-01,7.812500000000000000e-02,-3.324178350731499081e-03,-2.996330062244379963e-03,1.733736546214712654e-02,5.000000000000000000e-01,1.158938086930942080e-01
9.218750000000000000e-01,7.812500000000000000e-02,-1.387119211685745781e-03,-1.509462450193420780e-03,1.694754799123644393e-02,5.000000000000000000e-01,8.127278545223065587e-02
9.531250000000000000e-01,7.812500000000000000e-02,-3.543231424941458525e-04,-2.813413771044767707e-04,1.662989037114345758e-02,5.000000000000000000e-01,4.493551855598693079e-02
9.843750000000000000e-01,7.812500000000000000e-02,-2.445147862615082839e-05,3.079084547932380836e-04,1.643500870221030474e-02,5.000000000000000000e-01,2.241347939558186592e-02
1.562500000000000000e-02,1.093750000000000000e-01,-3.561071259257585198e-04,6.110596019795388675e-04,1.168530171398530354e-02,5.000000000000000000e-01,7.848201360156714657e-02
4.687500000000000000e-02,1.093750000000000000e-01,-1.735897019724955527e-03,2.892156644028872660e-03,1.126166986359565698e-02,5.000000000000000000e-01,9.992800524436076803e-02
7.812500000000000000e-02,1.093750000000000000e-01,-4.386267723278976759e-03,5.398001371327284387e-03,1.087769598479798767e-02,5.000000000000000000e-01,1.288071565518328909e-01
1.093750000000000000e-01,1.093750000000000000e-01,-8.151402285803502692e-03,7.672215734389913055e-03,1.054694431148184459e-02,5.000000000000000000e-01,1.538988511395375791e-01
1.406250000000000000e-01,1.093750000000000000e-01,-1.283057207207603106e-02,9.502186239263675852e-03,1.028246890686517270e-02,5.000000000000000000e-01,1.787576809149258317e-01
1.718750000000000000e-01,1.093750000000000000e-01,-1.819756859831438839e-02,1.081878058285740823e-02,1.009428034020089758e-02,5.000000000000000000e-01,2.051003864091067441e-01
2.031250000000000000e-01,1.093750000000000000e-01,-2.402001552136629262e-02,1.162735682513544797e-02,9.989347710840699654e-03,5.000000000000000000e-01,2.332640422197902463e-01
2.343750000000000000e-01,1.093750000000000000e-01,-3.007221413181884739e-02,1.196404910644463526e-02,9.972580519708453342e-03,5.000000000000000000e-01,2.626721179929084049e-01
2.656250000000000000e-01,1.093750000000000000e-01,-3.614114734916674954e-02,1.187089977490723286e-02,1.004779791699494593e-02,5.000000000000000000e-01,2.922383946409931599e-01
2.968750000000000000e-01,1.093750000000000000e-01,-4.202769332090172671e-02,1.138420717102392454e-02,1.021822846590255199e-02,5.000000000000000000e-01,3.206805446757395317e-01
3.281250000000000000e-01,1.093750000000000000e-01,-4.754555404480838299e-02,1.053155361272230250e-02,1.048642726460443514e-02,5.000000000000000000e-01,3.467416534962441399e-01
3.593750000000000000e-01,1.093750000000000000e-01,-5.251996687598841501e-02,9.334041047099863458e-03,1.085367652554851924e-02,5.000000000000000000e-01,3.693316898543429483e-01
3.906250000000000000e-01,1.093750000000000000e-01,-5.678755719511927036e-02,7.811194595832062978e-03,1.131901521039508328e-02,5.000000000000000000e-01,3.876059907839043417e-01
4.218750000000000000e-01,1.093750000000000000e-01,-6.019801084453774154e-02,5.986763857381486101e-03,1.187807370882796448e-02,5.000000000000000000e-01,4.009976242679644809e-01
4.531250000000000000e-01,1.093750000000000000e-01,-6.261771192943026143e-02,3.894245011671992537e-03,1.252190032874187647e-02,5.000000000000000000e-01,4.092176333776159636e-01
4.843750000000000000e-01,1.093750000000000000e-01,-6.393512793447943265e-02,1.581366730675529044e-03,1.323596994807607272e-02,5.000000000000000000e-01,4.122335438567445998e-01
5.156250000000000000e-01,1.093750000000000000e-01,-6.406751499711968445e-02,-8.869478279020756887e-04,1.399956200669333871e-02,5.000000000000000000e-01,4.102354703366895006e-01
5.468750000000000000e-01,1.093750000000000000e-01,-6.296838792284008279e-02,-3.427338830539755285e-03,1.478782433944922196e-02,5.000000000000000000e-01,4.036316650678234974e-01
5.781250000000000000e-01,1.093750000000000000e-01,-6.063497573175923028e-02,-5.936165566062147868e-03,1.556828370034235576e-02,5.000000000000000000e-01,3.929941008050897300e-01
6.093750000000000000e-01,1.093750000000000000e-01,-5.711523962617942596e-02,-8.292037006738613505e-03,1.630392978306877128e-02,5.000000000000000000e-01,3.789428837625072877e-01
6.406250000000000000e-01,1.093750000000000000e-01,-5.251357902808402589e-02,-1.036215397896318550e-02,1.695635643009610685e-02,5.000000000000000000e-01,3.620696598904258323e-01
6.718750000000000000e-01,1.093750000000000000e-01,-4.699365863359165202e-02,-1.201157263423171043e-02,1.748941946925505059e-02,5.000000000000000000e-01,3.428836914764512578e-01
7.031250000000000000e-01,1.093750000000000000e-01,-4.077710551432540964e-02,-1.311508631479423731e-02,1.787339772435878743e-02,5.000000000000000000e-01,3.217712095985366116e-01
7.343750000000000000e-01,1.093750000000000000e-01,-3.413694144290015109e-02,-1.357103637002720145e-02,1.808907719560827465e-02,5.000000000000000000e-01,2.989710291145421528e-01
7.656250000000000000e-01,1.093750000000000000e-01,-2.738486547486118985e-02,-1.331593398475854756e-02,1.813104425010618123e-02,5.000000000000000000e-01,2.745656276813924768e-01
7.968750000000000000e-01,1.093750000000000000e-01,-2.085197445745065603e-02,-1.233845302179623418e-02,1.800947128180449552e-02,5.000000000000000000e-01,2.484801913129955353e-01
8.281250000000000000e-01,1.093750000000000000e-01,-1.486325517913945904e-02,-1.069138000799673555e-02,1.774985546414781928e-02,5.000000000000000000e-01,2.204730594268973221e-01
8.593750000000000000e-01,1.093750000000000000e-01,-9.707184841864080829e-03,-8.500777075333709049e-03,1.739052764697814057e-02,5.000000000000000000e-01,1.900924888073083907e-01
8.906250000000000000e-01,1.093750000000000000e-01,-5.602953396030400240e-03,-5.973138021178631130e-03,1.697821352468613376e-02,5.000000000000000000e-01,1.565731969454610684e-01
9.218750000000000000e-01,1.093750000000000000e-01,-2.669081617362588799e-03,-3.403585408972734788e-03,1.656236587796814513e-02,5.000000000000000000e-01,1.186605124944306311e-01
9.531250000000000000e-01,1.093750000000000000e-01,-8.985609791343768379e-04,-1.190535125744974707e-03,1.618922594783738997e-02,5.000000000000000000e-01,7.438288115616395468e-02
9.843750000000000000e-01,1.093750000000000000e-01,-1.473937078678615523e-04,1.360632682992257334e-04,1.589640823422010241e-02,5.000000000000000000e-01,4.640256758268426068e-02
1.562500000000000000e-02,1.406250000000000000e-01,-5.240873442787795421e-04,1.491254072184076875e-03,1.211800632824666310e-02,5.000000000000000000e-01,1.278457396679751612e-01
4.687500000000000000e-02,1.406250000000000000e-01,-2.456798646920411826e-03,5.324463370265163781e-03,1.155778812691181032e-02,5.000000000000000000e-01,1.452426959881853163e-01
7.812500000000000000e-02,1.406250000000000000e-01,-6.010067895815701146e-03,9.169334597540303167e-03,1.109749436759616820e-02,5.000000000000000000e-01,1.662083152765000404e-01
1.093750000000000000e-01,1.406250000000000000e-01,-1.088949224875832705e-02,1.254544142364404612e-02,1.073069506043698197e-02,5.000000000000000000e-01,1.824863819773077378e-01
1.406250000000000000e-01,1.406250000000000000e-01,-1.680463658029513613e-02,1.522327466781887850e-02,1.045274847330430849e-02,5.000000000000000000e-01,1.976654348675926653e-01
1.718750000000000000e-01,1.406250000000000000e-01,-2.347049012505157337e-02,1.713054222529699841e-02,1.025985683633821345e-02,5.000000000000000000e-01,2.136904081727255544e-01
2.031250000000000000e-01,1.406250000000000000e-01,-3.061300886151190753e-02,1.828056084220809618e-02,1.014927683973060150e-02,5.000000000000000000e-01,2.311830009287984544e-01
2.343750000000000000e-01,1.406250000000000000e-01,-3.797328873317575709e-02,1.872332357148839485e-02,1.011986151167458027e-02,5.000000000000000000e-01,2.498418955044915402e-01
2.656250000000000000e-01,1.406250000000000000e-01,-4.530890083528325840e-02,1.851617062931888019e-02,1.017236273866176793e-02,5.000000000000000000e-01,2.688333934317007623e-01
2.968750000000000000e-01,1.406250000000000000e-01,-5.239304156078880559e-02,1.770962301385279117e-02,1.030925243454235141e-02,5.000000000000000000e-01,2.871188397839903872e-01
3.281250000000000000e-01,1.406250000000000000e-01,-5.901288879850511565e-02,1.634384573151640221e-02,1.053403984999667919e-02,5.000000000000000000e-01,3.036963251946031006e-01
3.593750000000000000e-01,1.406250000000000000e-01,-6.496849048871936039e-02,1.445176344970004571e-02,1.085017203157310692e-02,5.000000000000000000e-01,3.177559250844064764e-01
3.906250000000000000e-01,1.406250000000000000e-01,-7.007309918015275363e-02,1.206567120379613278e-02,1.125964860111808817e-02,5.000000000000000000e-01,3.287600771239739261e-01
4.218750000000000000e-01,1.406250000000000000e-01,-7.415538780192609813e-02,9.225029520609237185e-03,1.176149941513707914e-02,5.000000000000000000e-01,3.364655948192545321e-01
4.531250000000000000e-01,1.406250000000000000e-01,-7.706357776943040250e-02,5.983870400841058770e-03,1.235028611644562770e-02,5.000000000000000000e-01,3.409038735400581333e-01
4.843750000000000000e-01,1.406250000000000000e-01,-7.867122865026565659e-02,2.416808227390886826e-03,1.301480313676818892e-02,5.000000000000000000e-01,3.423334930362391670e-01
5.156250000000000000e-01,1.406250000000000000e-01,-7.888427788362684101e-02,-1.376953028615997363e-03,1.373716698899402414e-02,5.000000000000000000e-01,3.411744138892657263e-01
5.468750000000000000e-01,1.406250000000000000e-01,-7.764865223758843360e-02,-5.272086350143851893e-03,1.449453139220345868e-02,5.000000000000000000e-01,3.379667314366244235e-01
5.781250000000000000e-01,1.406250000000000000e-01,-7.495771515032417787e-02,-9.115767324803148233e-03,1.525535014948474835e-02,5.000000000000000000e-01,3.333062715473812387e-01
6.093750000000000000e-01,1.406250000000000000e-01,-7.085983836495235444e-02,-1.273004813894923828e-02,1.598232211143921222e-02,5.000000000000000000e-01,3.277114798325183598e-01
6.406250000000000000e-01,1.406250000000000000e-01,-6.546537016265319142e-02,-1.592027164714712728e-02,1.663551531712649523e-02,5.000000000000000000e-01,3.215127168236460720e-01
6.718750000000000000e-01,1.406250000000000000e-01,-5.895099453151229907e-02,-1.848775099168104008e-02,1.717616787097773698e-02,5.000000000000000000e-01,3.147875042526764866e-01
7.031250000000000000e-01,1.406250000000000000e-01,-5.156003919843669264e-02,-2.024641640968674952e-02,1.757113851403122734e-02,5.000000000000000000e-01,3.073194407018569607e-01
7.343750000000000000e-01,1.406250000000000000e-01,-4.359725309036599494e-02,-2.104265645463064202e-02,1.779738599839886248e-02,5.000000000000000000e-01,2.985865689188278438e-01
7.656250000000000000e-01,1.406250000000000000e-01,-3.541670855902494253e-02,-2.077693439953512064e-02,1.784567451664722387e-02,5.000000000000000000e-01,2.877830411995306870e-01
7.968750000000000000e-01,1.406250000000000000e-01,-2.740195475153491336e-02,-1.942509743192023103e-02,1.772266519155210607e-02,5.000000000000000000e-01,2.738722974992899850e-01
8.281250000000000000e-01,1.406250000000000000e-01,-1.993849840195673073e-02,-1.705691122576212179e-02,1.745073402805854060e-02,5.000000000000000000e-01,2.556599261198476691e-01
8.593750000000000000e-01,1.406250000000000000e-01,-1.338016790907040239e-02,-1.384964668773003109e-02,1.706527665145233033e-02,5.000000000000000000e-01,2.318617901239584389e-01
8.906250000000000000e-01,1.406250000000000000e-01,-8.012811493461842460e-03,-1.009585627022455134e-02,1.660984797894692055e-02,5.000000000000000000e-01,2.011342888942296292e-01
9.218750000000000000e-01,1.406250000000000000e-01,-4.020798347154004235e-03,-6.206752084902462940e-03,1.613005332446825965e-02,5.000000000000000000e-01,1.620390664413708104e-01
9.531250000000000000e-01,1.406250000000000000e-01,-1.463604537482432986e-03,-2.715082897715028788e-03,1.566737233871342075e-02,5.000000000000000000e-01,1.129414351205339923e-01
9.843750000000000000e-01,1.406250000000000000e-01,-2.714151644555162649e-04,-2.827456040241520837e-04,1.525373132052704542e-02,5.000000000000000000e-01,8.175306938538368096e-02
1.562500000000000000e-02,1.718750000000000000e-01,-6.800472590120315792e-04,2.695388675474887780e-03,1.243840838741513619e-02,5.000000000000000000e-01,1.908031469779238043e-01
4.687500000000000000e-02,1.718750000000000000e-01,-3.135484993630311291e-03,8.508477804234264655e-03,1.174256399408548680e-02,5.000000000000000000e-01,2.010802164398270420e-01
7.812500000000000000e-02,1.718750000000000000e-01,-7.553309374681346083e-03,1.395641379351752684e-02,1.119775636386552246e-02,5.000000000000000000e-01,2.089460998651231360e-01
1.093750000000000000e-01,1.718750000000000000e-01,-1.350286108910666097e-02,1.858733829503476237e-02,1.078180275837029023e-02,5.000000000000000000e-01,2.127039037323015247e-01
1.406250000000000000e-01,1.718750000000000000e-01,-2.059956094964762036e-02,2.219322198850593245e-02,1.047542883142649900e-02,5.000000000000000000e-01,2.157933714829283200e-01
1.718750000000000000e-01,1.718750000000000000e-01,-2.849593293472051786e-02,2.472282043443927921e-02,1.026304347003726379e-02,5.000000000000000000e-01,2.201120696485810990e-01
2.031250000000000000e-01,1.718750000000000000e-01,-3.687617173322479958e-02,2.621104016803043474e-02,1.013340121962079399e-02,5.000000000000000000e-01,2.262969977825128876e-01
2.343750000000000000e-01,1.718750000000000000e-01,-4.545172281373878465e-02,2.672867519784388399e-02,1.007997467956025725e-02,5.000000000000000000e-01,2.341042170141758305e-01
2.656250000000000000e-01,1.718750000000000000e-01,-5.395693499628365086e-02,2.635164328761576552e-02,1.010082864813439431e-02,5.000000000000000000e-01,2.427954761251860938e-01
2.968750000000000000e-01,1.718750000000000000e-01,-6.214494570520360389e-02,2.514630178998140952e-02,1.019793940474541562e-02,5.000000000000000000e-01,2.514696740360182758e-01
3.281250000000000000e-01,1.718750000000000000e-01,-6.978443393362382396e-02,2.316650242152431399e-02,1.037602082479672366e-02,5.000000000000000000e-01,2.593078044850897212e-01
3.593750000000000000e-01,1.718750000000000000e-01,-7.665788672148408922e-02,2.045816123776665607e-02,1.064097246431153741e-02,5.000000000000000000e-01,2.657249895227373204e-01
3.906250000000000000e-01,1.718750000000000000e-01,-8.256179594445844927e-02,1.706779133013728092e-02,1.099807980837894800e-02,5.000000000000000000e-01,2.704393868758333541e-01
4.218750000000000000e-01,1.718750000000000000e-01,-8.730891132369622554e-02,1.305231339527919941e-02,1.145010285791396402e-02,5.000000000000000000e-01,2.734755909408614905e-01
4.531250000000000000e-01,1.718750000000000000e-01,-9.073242531890224338e-02,8.488290488881422222e-03,1.199540252402529240e-02,5.000000000000000000e-01,2.751218161636645454e-01
4.843750000000000000e-01,1.718750000000000000e-01,-9.269179467870143629e-02,3.479408379984964307e-03,1.262627782648552410e-02,5.000000000000000000e-01,2.758582598967297961e-01
5.156250000000000000e-01,1.718750000000000000e-01,-9.307981044273352933e-02,-1.838488183816792835e-03,1.332771377882185568e-02,5.000000000000000000e-01,2.762595382023385060e-01
5.468750000000000000e-01,1.718750000000000000e-01,-9.183012293381626057e-02,-7.295864349898732379e-03,1.407834284709133695e-02,5.000000000000000000e-01,2.769283403756193085e-01
5.781250000000000000e-01,1.718750000000000000e-01,-8.892457949227594582e-02,-1.268846985385283996e-02,1.484697506377531326e-02,5.000000000000000000e-01,2.784550771426935745e-01
6.093750000000000000e-01,1.718750000000000000e-01,-8.440171143805580423e-02,-1.777809044949150291e-02,1.559496616183074502e-02,5.000000000000000000e-01,2.812747030073684540e-01
6.406250000000000000e-01,1.718750000000000000e-01,-7.836582668229370718e-02,-2.230258229466612965e-02,1.627931389279663882e-02,5.000000000000000000e-01,2.855093700889579922e-01
6.718750000000000000e-01,1.718750000000000000e-01,-7.099402241192355467e-02,-2.599162024567308951e-02,1.685664617536332746e-02,5.000000000000000000e-01,2.908907038080965068e-01
7.031250000000000000e-01,1.718750000000000000e-01,-6.253947602114107163e-02,-2.858804887955278956e-02,1.728808726276189617e-02,5.000000000000000000e-01,2.967095235035185907e-01
7.343750000000000000e-01,1.718750000000000000e-01,-5.332911999017526244e-02,-2.987416612380110192e-02,1.754435689368371437e-02,5.000000000000000000e-01,3.018027798288276387e-01
7.656250000000000000e-01,1.718750000000000000e-01,-4.375374652712144680e-02,-2.970134272475952880e-02,1.761021258381981897e-02,5.000000000000000000e-01,3.045890912809975926e-01
7.968750000000000000e-01,1.718750000000000000e-01,-3.424896987738328125e-02,-2.802021956392402105e-02,1.748724853165481430e-02,5.000000000000000000e-01,3.031611613896507129e-01
8.281250000000000000e-01,1.718750000000000000e-01,-2.526654981743973669e-02,-2.490766550328005896e-02,1.719421917284182783e-02,5.000000000000000000e-01,2.954327040968022788e-01
8.593750000000000000e-01,1.718750000000000000e-01,-1.723749176907391281e-02,-2.058628095146424614e-02,1.676451298491581435e-02,5.000000000000000000e-01,2.793188906055412701e-01
8.906250000000000000e-01,1.718750000000000000e-01,-1.053095184909218392e-02,-1.543311834208062339e-02,1.624109872344589936e-02,5.000000000000000000e-01,2.529086257390241732e-01
9.218750000000000000e-01,1.718750000000000000e-01,-5.415749897438742327e-03,-9.976705111007670712e-03,1.566997676286843028e-02,5.000000000000000000e-01,2.145781798351001357e-01
9.531250000000000000e-01,1.718750000000000000e-01,-2.033394193289440443e-03,-4.884679385430695450e-03,1.509353103483801473e-02,5.000000000000000000e-01,1.630153594854393817e-01
9.843750000000000000e-01,1.718750000000000000e-01,-3.922859570725874983e-04,-9.464467255522559554e-04,1.454482690684515481e-02,5.000000000000000000e-01,1.299020057145032492e-01
1.562500000000000000e-02,2.031250000000000000e-01,-8.231057728802632350e-04,4.198541707367182269e-03,1.258098564951009093e-02,5.000000000000000000e-01,2.668459421211126226e-01
4.687500000000000000e-02,2.031250000000000000e-01,-3.763287056366962022e-03,1.240094379044694856e-02,1.175660179640388228e-02,5.000000000000000000e-01,2.673772534209084006e-01
7.812500000000000000e-02,2.031250000000000000e-01,-8.990338646585400301e-03,1.970882377857431644e-02,1.112686177533571755e-02,5.000000000000000000e-01,2.574997843574086120e-01
1.093750000000000000e-01,2.031250000000000000e-01,-1.594667803703876674e-02,2.574081941485665409e-02,1.065597548917924554e-02,5.000000000000000000e-01,2.452449471562444527e-01
1.406250000000000000e-01,2.031250000000000000e-01,-2.415624015857363929e-02,3.034600285075987613e-02,1.031202086838848772e-02,5.000000000000000000e-01,2.338262162502660058e-01
1.718750000000000000e-01,2.031250000000000000e-01,-3.320967629856338976e-02,3.351984769724798696e-02,1.006928865483141047e-02,5.000000000000000000e-01,2.249100657478645404e-01
2.031250000000000000e-01,2.031250000000000000e-01,-4.275071645951435823e-02,3.533529186467697369e-02,9.909352776657507147e-03,5.000000000000000000e-01,2.189424503407146894e-01
2.343750000000000000e-01,2.031250000000000000e-01,-5.246419917697641572e-02,3.589345729917337025e-02,9.821296229900629976e-03,5.000000000000000000e-01,2.155533016295564375e-01
2.656250000000000000e-01,2.031250000000000000e-01,-6.206599150096986373e-02,3.529386569282459696e-02,9.801222056971909888e-03,5.000000000000000000e-01,2.139555619568040967e-01
2.968750000000000000e-01,2.031250000000000000e-01,-7.129503705413139936e-02,3.362113564685406675e-02,9.851152936049626871e-03,5.000000000000000000e-01,2.132793332794993280e-01
3.281250000000000000e-01,2.031250000000000000e-01,-7.990776713103797668e-02,3.094388686997844723e-02,9.977443830000935071e-03,5.000000000000000000e-01,2.128104812356635400e-01
3.593750000000000000e-01,2.031250000000000000e-01,-8.767501342527747599e-02,2.732147587141229086e-02,1.018883731170704653e-02,5.000000000000000000e-01,2.121281976393163404e-01
3.906250000000000000e-01,2.031250000000000000e-01,-9.438140870237979319e-02,2.281478119656833031e-02,1.049428502853091971e-02,5.000000000000000000e-01,2.111532498104501943e-01
4.218750000000000000e-01,2.031250000000000000e-01,-9.982711307698580172e-02,1.749814328269191921e-02,1.090065899832779774e-02,5.000000000000000000e-01,2.101273066097961162e-01
4.531250000000000000e-01,2.031250000000000000e-01,-1.038315962949536708e-01,1.147045781464261019e-02,1.141049358371056151e-02,5.000000000000000000e-01,2.095455895735071350e-01
4.843750000000000000e-01,2.031250000000000000e-01,-1.062391485665094837e-01,4.864162685578760428e-03,1.201993238120631878e-02,5.000000000000000000e-01,2.100627993952087214e-01
5.156250000000000000e-01,2.031250000000000000e-01,-1.069257717511566952e-01,-2.148603540731257311e-03,1.271709392326443241e-02,5.000000000000000000e-01,2.123640226539506015e-01
5.468750000000000000e-01,2.031250000000000000e-01,-1.058066551811006895e-01,-9.354553071957550855e-03,1.348216802739323969e-02,5.000000000000000000e-01,2.170787157635112874e-01
5.781250000000000000e-01,2.031250000000000000e-01,-1.028433835713352951e-01,-1.649859618309973755e-02,1.428423959620580413e-02,5.000000000000000000e-01,2.248043504044016372e-01
6.093750000000000000e-01,2.031250000000000000e-01,-9.805361974372617251e-02,-2.328059600207387295e-02,1.508269881972576845e-02,5.000000000000000000e-01,2.359586733908238809e-01
6.406250000000000000e-01,2.031250000000000000e-01,-9.152323558939465253e-02,-2.936634565217737317e-02,1.583027316625693764e-02,5.000000000000000000e-01,2.505460714907057906e-01
6.718750000000000000e-01,2.031250000000000000e-01,-8.341713010440499065e-02,-3.440576664352165692e-02,1.647717389168640995e-02,5.000000000000000000e-01,2.680595251678364321e-01
7.031250000000000000e-01,2.031250000000000000e-01,-7.398693029553461697e-02,-3.805864868135708234e-02,1.697644593841689947e-02,5.000000000000000000e-01,2.874074755676230275e-01
7.343750000000000000e-01,2.031250000000000000e-01,-6.357322067487446160e-02,-4.002763197362277370e-02,1.728988943249767582e-02,5.000000000000000000e-01,3.068808225791940236e-01
7.656250000000000000e-01,2.031250000000000000e-01,-5.259958020421021119e-02,-4.009689080865591615e-02,1.739359175590561926e-02,5.000000000000000000e-01,3.241821976972073527e-01
7.968750000000000000e-01,2.031250000000000000e-01,-4.155585011690861308e-02,-3.817317821706739389e-02,1.728191438374696715e-02,5.000000000000000000e-01,3.365410799276824516e-01
8.281250000000000000e-01,2.031250000000000000e-01,-3.096910379554709825e-02,-3.432387323144174551e-02,1.696885596007470173e-02,5.000000000000000000e-01,3.409283763978840920e-01
8.593750000000000000e-01,2.031250000000000000e-01,-2.136305141071729446e-02,-2.880518365649819071e-02,1.648615892907894648e-02,5.000000000000000000e-01,3.343581496189236835e-01
8.906250000000000000e-01,2.031250000000000000e-01,-1.321002476169427786e-02,-2.207378220605141911e-02,1.587830950898803245e-02,5.000000000000000000e-01,3.142256002350853894e-01
9.218750000000000000e-01,2.031250000000000000e-01,-6.883495630197833913e-03,-1.477777233018676140e-02,1.519546392594368911e-02,5.000000000000000000e-01,2.785974400202013701e-01
9.531250000000000000e-01,2.031250000000000000e-01,-2.621806119866978285e-03,-7.727657380731760978e-03,1.448589306391344714e-02,5.000000000000000000e-01,2.263734558710757683e-01
9.843750000000000000e-01,2.031250000000000000e-01,-5.138252018550888310e-04,-1.852557884479932122e-03,1.378934181870841019e-02,5.000000000000000000e-01,1.920163732280459890e-01
1.562500000000000000e-02,2.343750000000000000e-01,-9.531144754220367225e-04,5.974761955669483093e-03,1.248934160588149531e-02,5.000000000000000000e-01,3.550901630391682384e-01
4.687500000000000000e-02,2.343750000000000000e-01,-4.336281261229950855e-03,1.694807161143926239e-02,1.154645865208548360e-02,5.000000000000000000e-01,3.435581017351611588e-01
7.812500000000000000e-02,2.343750000000000000e-01,-1.030717027260968054e-02,2.635963655918016971e-02,1.083561365386207995e-02,5.000000000000000000e-01,3.117869888628196917e-01
1.093750000000000000e-01,2.343750000000000000e-01,-1.819349121418637957e-02,3.393266696628087498e-02,1.030839552036597398e-02,5.000000000000000000e-01,2.803136420441155185e-01
1.406250000000000000e-01,2.343750000000000000e-01,-2.743467118289791284e-02,3.960489738958206107e-02,9.921466735106276510e-03,5.000000000000000000e-01,2.520829952424517018e-01
1.718750000000000000e-01,2.343750000000000000e-01,-3.756352303004495408e-02,4.344324114556259719e-02,9.640282525829390464e-03,5.000000000000000000e-01,2.283919900846308471e-01
2.031250000000000000e-01,2.343750000000000000e-01,-4.818646527759408438e-02,4.557588082486245529e-02,9.440431627619528393e-03,5.000000000000000000e-01,2.093272651401920648e-01
2.343750000000000000e-01,2.343750000000000000e-01,-5.896523033743843872e-02,4.614511611629430743e-02,9.307634272486492097e-03,5.000000000000000000e-01,1.942338647660813988e-01
2.656250000000000000e-01,2.343750000000000000e-01,-6.960147927090321041e-02,4.528024813316187946e-02,9.236865170441964715e-03,5.000000000000000000e-01,1.821437442258084793e-01
2.968750000000000000e-01,2.343750000000000000e-01,-7.982488285801846162e-02,4.308720234679357108e-02,9.230854471519670673e-03,5.000000000000000000e-01,1.721149920294701152e-01
3.281250000000000000e-01,2.343750000000000000e-01,-8.938474878629457110e-02,3.965041617522161582e-02,9.298135886507812378e-03,5.000000000000000000e-01,1.634590992293305511e-01
3.593750000000000000e-01,2.343750000000000000e-01,-9.804500474735147741e-02,3.504244882146551054e-02,9.450767698976288850e-03,5.000000000000000000e-01,1.558571159705640641e-01
3.906250000000000000e-01,2.343750000000000000e-01,-1.055822066463319581e-01,2.933740542259792583e-02,9.701828763582455092e-03,5.000000000000000000e-01,1.493816292352764252e-01
4.218750000000000000e-01,2.343750000000000000e-01,-1.117861913687342029e-01,2.262520815367057708e-02,1.006279052689738017e-02,5.000000000000000000e-01,1.444491215431007447e-01
4.531250000000000000e-01,2.343750000000000000e-01,-1.164630052643595981e-01,1.502469005725722007e-02,1.054089071292541903e-02,5.000000000000000000e-01,1.417279945751471759e-01
4.843750000000000000e-01,2.343750000000000000e-01,-1.194397809962758489e-01,6.694258446436203783e-03,1.113668013691751849e-02,5.000000000000000000e-01,1.420240596459201310e-01
5.156250000000000000e-01,2.343750000000000000e-01,-1.205712776161417532e-01,-2.160579497075570087e-03,1.184196779338638796e-02,5.000000000000000000e-01,1.461241349410654644e-01
5.468750000000000000e-01,2.343750000000000000e-01,-1.197475353114041963e-01,-1.128543599040681203e-02,1.263929476313313018e-02,5.000000000000000000e-01,1.546764781020015800e-01
5.781250000000000000e-01,2.343750000000000000e-01,-1.169008943226673702e-01,-2.037762586315268465e-02,1.349859481182159697e-02,5.000000000000000000e-01,1.683281515957973373e-01
6.093750000000000000e-01,2.343750000000000000e-01,-1.120168779940599324e-01,-2.907534647823750706e-02,1.437714213691707044e-02,5.000000000000000000e-01,1.875905511146960247e-01
6.406250000000000000e-01,2.343750000000000000e-01,-1.051501267919106031e-01,-3.696873053249458141e-02,1.522255130249865890e-02,5.000000000000000000e-01,2.124780024413458479e-01
6.718750000000000000e-01,2.343750000000000000e-01,-9.644004576409304086e-02,-4.361956827601167624e-02,1.597696620125020617e-02,5.000000000000000000e-01,2.423796713869470487e-01
7.031250000000000000e-01,2.343750000000000000e-01,-8.612430857421862762e-02,-4.859078404761185688e-02,1.658288896780996807e-02,5.000000000000000000e-01,2.759463537776505326e-01
7.343750000000000000e-01,2.343750000000000000e-01,-7.454741352867372273e-02,-5.148610127357306637e-02,1.699009292738374796e-02,5.000000000000000000e-01,3.110140772538756426e-01
7.656250000000000000e-01,2.343750000000000000e-01,-6.216068012664152653e-02,-5.199879538140206314e-02,1.716262456726951741e-02,5.000000000000000000e-01,3.446004463237503090e-01
7.968750000000000000e-01,2.343750000000000000e-01,-4.950976979564926383e-02,-4.996591406261510770e-02,1.708455448390262810e-02,5.000000000000000000e-01,3.730187754490758012e-01
8.281250000000000000e-01,2.343750000000000000e-01,-3.720657878173828925e-02,-4.542107472116650724e-02,1.676305985771036483e-02,5.000000000000000000e-01,3.921494254242900990e-01
8.593750000000000000e-01,2.343750000000000000e-01,-2.588478509486631662e-02,-3.863582823847520886e-02,1.622777343184612919e-02,5.000000000000000000e-01,3.978755300694414299e-01
8.906250000000000000e-01,2.343750000000000000e-01,-1.614264053747359318e-02,-3.013830883049014447e-02,1.552615775720285821e-02,5.000000000000000000e-01,3.866276762984487414e-01
9.218750000000000000e-01,2.343750000000000000e-01,-8.481965073381669828e-03,-2.070045030133640246e-02,1.471575898854829770e-02,5.000000000000000000e-01,3.559092349702294711e-01
9.531250000000000000e-01,2.343750000000000000e-01,-3.256520739524846469e-03,-1.129211325376979803e-02,1.385509088645310929e-02,5.000000000000000000e-01,3.046407665945820020e-01
9.843750000000000000e-01,2.343750000000000000e-01,-6.431102913218051265e-04,-3.009493377656826188e-03,1.299504102398811589e-02,5.000000000000000000e-01,2.694365943073042113e-01
1.562500000000000000e-02,2.656250000000000000e-01,-1.069621651288718903e-03,7.997498082380238502e-03,1.211352823442346169e-02,5.000000000000000000e-01,4.544468390456678497e-01
4.687500000000000000e-02,2.656250000000000000e-01,-4.850793811303847833e-03,2.208967443055154939e-02,1.106383979363659460e-02,5.000000000000000000e-01,4.287822196730242119e-01
7.812500000000000000e-02,2.656250000000000000e-01,-1.149243009567001844e-02,3.383055903581378560e-02,1.027799955957067572e-02,5.000000000000000000e-01,3.714215779032612463e-01
1.093750000000000000e-01,2.656250000000000000e-01,-2.022101983439409528e-02,4.307665516994803323e-02,9.695483961924673127e-03,5.000000000000000000e-01,3.178377170212912106e-01
1.406250000000000000e-01,2.656250000000000000e-01,-3.040085318194514843e-02,4.988192250217747536e-02,9.262368426652567432e-03,5.000000000000000000e-01,2.706677342762449090e-01
1.718750000000000000e-01,2.656250000000000000e-01,-4.151319224357242349e-02,5.440740694174149572e-02,8.936256620238385018e-03,5.000000000000000000e-01,2.307206372305833364e-01
2.031250000000000000e-01,2.656250000000000000e-01,-5.313179556004465204e-02,5.685326059270490867e-02,8.687754163659230922e-03,5.000000000000000000e-01,1.975778308296152197e-01
2.343750000000000000e-01,2.656250000000000000e-01,-6.489944841655707897e-02,5.741415426480864226e-02,8.500139471995814267e-03,5.000000000000000000e-01,1.701578023926642036e-01
2.656250000000000000e-01,2.656250000000000000e-01,-7.650788928458363003e-02,5.625589978613886044e-02,8.368047991531707419e-03,5.000000000000000000e-01,1.471891260212707664e-01
2.968750000000000000e-01,2.656250000000000000e-01,-8.768205601391354520e-02,5.350912101026177037e-02,8.295572219040786566e-03,5.000000000000000000e-01,1.275584651483141485e-01
3.281250000000000000e-01,2.656250000000000000e-01,-9.816871435819919667e-02,4.927502178431517055e-02,8.293981076671234215e-03,5.000000000000000000e-01,1.105244088051462459e-01
3.593750000000000000e-01,2.656250000000000000e-01,-1.077290939260614200e-01,4.363847874129106463e-02,8.379164797774809464e-03,5.000000000000000000e-01,9.580858916581647122e-02
3.906250000000000000e-01,2.656250000000000000e-01,-1.161350011973795032e-01,3.668448467307094951e-02,8.568869338690818238e-03,5.000000000000000000e-01,8.358877632614070130e-02
4.218750000000000000e-01,2.656250000000000000e-01,-1.231678985387703040e-01,2.851501096699060600e-02,8.879783156099867875e-03,5.000000000000000000e-01,7.442365102711212543e-02
4.531250000000000000e-01,2.656250000000000000e-01,-1.286205456631347444e-01,1.926434826392701971e-02,9.324573384236678128e-03,5.000000000000000000e-01,6.913737621384852261e-02
4.843750000000000000e-01,2.656250000000000000e-01,-1.323009218487122829e-01,9.111752157260179577e-03,9.909030464529162627e-03,5.000000000000000000e-01,6.868677473789541743e-02
5.156250000000000000e-01,2.656250000000000000e-01,-1.340382246218163043e-01,-1.709273814929594161e-03,1.062955518940758397e-02,5.000000000000000000e-01,7.399025968354377980e-02
5.468750000000000000e-01,2.656250000000000000e-01,-1.336909814285529019e-01,-1.290772717055376981e-02,1.147253033859376575e-02,5.000000000000000000e-01,8.572899437190234506e-02
5.781250000000000000e-01,2.656250000000000000e-01,-1.311538035339033237e-01,-2.413915356639209989e-02,1.241027528007600592e-02,5.000000000000000000e-01,1.046592786135923103e-01
6.093750000000000000e-01,2.656250000000000000e-01,-1.263691338577365708e-01,-3.498250477977227907e-02,1.339837006596846306e-02,5.000000000000000000e-01,1.315364093398797007e-01
6.406250000000000000e-01,2.656250000000000000e-01,-1.193473325397529372e-01,-4.495012475109279315e-02,1.437893807600623686e-02,5.000000000000000000e-01,1.665496245582989143e-01
6.718750000000000000e-01,2.656250000000000000e-01,-1.101879130812064567e-01,-5.350767454377752114e-02,1.528463980651049298e-02,5.000000000000000000e-01,2.091542011974371063e-01
7.031250000000000000e-01,2.656250000000000000e-01,-9.910011040419916539e-02,-6.010621764672773731e-02,1.604486788751477433e-02,5.000000000000000000e-01,2.578989310555491743e-01
7.343750000000000000e-01,2.656250000000000000e-01,-8.641961183703189553e-02,-6.422806128716934682e-02,1.659375104656696590e-02,5.000000000000000000e-01,3.102779543332040424e-01
7.656250000000000000e-01,2.656250000000000000e-01,-7.261692088848664683e-02,-6.544625971838322065e-02,1.687900825762957829e-02,5.000000000000000000e-01,3.626583298170031888e-01
7.968750000000000000e-01,2.656250000000000000e-01,-5.829180292224029475e-02,-6.349447802287254417e-02,1.687013931168186015e-02,5.000000000000000000e-01,4.103561739765562155e-01
8.281250000000000000e-01,2.656250000000000000e-01,-4.414835706042533059e-02,-5.833914763663500258e-02,1.656410008451756136e-02,5.000000000000000000e-01,4.479401557942862544e-01
8.593750000000000000e-01,2.656250000000000000e-01,-3.094750614938102107e-02,-5.024039992092300261e-02,1.598674157583640509e-02,5.000000000000000000e-01,4.698087861454829373e-01
8.906250000000000000e-01,2.656250000000000000e-01,-1.943887659320851780e-02,-3.978451126160757745e-02,1.518906674223878192e-02,5.000000000000000000e-01,4.709978556919720560e-01
9.218750000000000000e-01,2.656250000000000000e-01,-1.028162723911682855e-02,-2.787217268840258902e-02,1.423869704533759287e-02,5.000000000000000000e-01,4.480400582572520163e-01
9.531250000000000000e-01,2.656250000000000000e-01,-3.970897108348776273e-03,-1.565656533132848971e-02,1.320837093875337417e-02,5.000000000000000000e-01,3.995948902135090242e-01
9.843750000000000000e-01,2.656250000000000000e-01,-7.883725938356598651e-04,-4.440976262814290421e-03,1.216407000770379845e-02,5.000000000000000000e-01,3.639391643560206946e-01
1.562500000000000000e-02,2.968750000000000000e-01,-1.171689219433655988e-03,1.023880895310261274e-02,1.140904171893987636e-02,5.000000000000000000e-01,5.636911116313771952e-01
4.687500000000000000e-02,2.968750000000000000e-01,-5.302109037360420475e-03,2.775995553777106661e-02,1.026541714088317556e-02,5.000000000000000000e-01,5.220614065116095937e-01
7.812500000000000000e-02,2.968750000000000000e-01,-1.253403815216702633e-02,4.203384332776704396e-02,9.411914394365710618e-03,5.000000000000000000e-01,4.358622801248474010e-01
1.093750000000000000e-01,2.968750000000000000e-01,-2.200698506165339047e-02,5.307490752620522279e-02,8.776346431976068604e-03,5.000000000000000000e-01,3.576071076980837926e-01
1.406250000000000000e-01,2.968750000000000000e-01,-3.302065280336975717e-02,6.107717123518770913e-02,8.294890007518668923e-03,5.000000000000000000e-01,2.895796595284214070e-01
1.718750000000000000e-01,2.968750000000000000e-01,-4.501222476642897929e-02,6.631606923341776261e-02,7.918100733450410614e-03,5.000000000000000000e-01,2.319930015021038905e-01
2.031250000000000000e-01,2.968750000000000000e-01,-5.752833238137788907e-02,6.907930923244977317e-02,7.612416835660896705e-03,5.000000000000000000e-01,1.837924822996456209e-01
2.343750000000000000e-01,2.968750000000000000e-01,-7.019745379354599968e-02,6.962487989374430142e-02,7.359428411794616959e-03,5.000000000000000000e-01,1.433411773527466515e-01
2.656250000000000000e-01,2.968750000000000000e-01,-8.270583290177950520e-02,6.816199413346324398e-02,7.154085599466073267e-03,5.000000000000000000e-01,1.089498214424406974e-01
2.968750000000000000e-01,2.968750000000000000e-01,-9.477816493161178579e-02,6.484952542209959647e-02,7.002401105356668813e-03,5.000000000000000000e-01,7.923769529805435585e-02
3.281250000000000000e-01,2.968750000000000000e-01,-1.061631666055869172e-01,5.980627739073813426e-02,6.918880678059761632e-03,5.000000000000000000e-01,5.333296691093902808e-02
3.593750000000000000e-01,2.968750000000000000e-01,-1.166235786814592279e-01,5.312801477860264188e-02,6.923756915217574998e-03,5.000000000000000000e-01,3.093779127679030516e-02
3.906250000000000000e-01,2.968750000000000000e-01,-1.259299729410162105e-01,4.490725016663447283e-02,7.040036865800675461e-03,5.000000000000000000e-01,1.229250355887590018e-02
4.218750000000000000e-01,2.968750000000000000e-01,-1.338578059670726406e-01,3.525297584087427882e-02,7.290370159359760641e-03,5.000000000000000000e-01,-1.925721650975820154e-03
4.531250000000000000e-01,2.968750000000000000e-01,-1.401873500874555589e-01,2.430857463479069863e-02,7.693787034489651261e-03,5.000000000000000000e-01,-1.073933790620362760e-02
4.843750000000000000e-01,2.968750000000000000e-01,-1.447063264962509255e-01,1.226687838076939013e-02,8.262436368048015414e-03,5.000000000000000000e-01,-1.301960211698544034e-02
5.156250000000000000e-01,2.968750000000000000e-01,-1.472151481741771906e-01,-6.182755874085032934e-04,8.998572781149077535e-03,5.000000000000000000e-01,-7.651317531852663834e-03
5.468750000000000000e-01,2.968750000000000000e-01,-1.475354772111105994e-01,-1.402563955440485483e-02,9.894539503858974447e-03,5.000000000000000000e-01,6.115983716675432724e-03
5.781250000000000000e-01,2.968750000000000000e-01,-1.455168768452353989e-01,-2.757701944306578321e-02,1.092786529712745647e-02,5.000000000000000000e-01,2.921509133385680190e-02
6.093750000000000000e-01,2.968750000000000000e-01,-1.410488747625031070e-01,-4.079731066199761280e-02,1.205361145465946339e-02,5.000000000000000000e-01,6.282091306229214966e-02
6.406250000000000000e-01,2.968750000000000000e-01,-1.340846480908095273e-01,-5.312134685854470045e-02,1.320870908653757649e-02,5.000000000000000000e-01,1.074987590786227187e-01
6.718750000000000000e-01,2.968750000000000000e-01,-1.246682762345678042e-01,-6.391224375111380362e-02,1.431535800086472521e-02,5.000000000000000000e-01,1.629821241847754232e-01
7.031250000000000000e-01,2.968750000000000000e-01,-1.129633785085822767e-01,-7.249434884238428745e-02,1.528731932788550407e-02,5.000000000000000000e-01,2.279215671651966257e-01
7.343750000000000000e-01,2.968750000000000000e-01,-9.927982774615445871e-02,-7.820397942110787759e-02,1.603897861171429962e-02,5.000000000000000000e-01,2.996329326382689562e-01
7.656250000000000000e-01,2.968750000000000000e-01,-8.409324247590742318e-02,-8.045961780323700185e-02,1.649637839633021422e-02,5.000000000000000000e-01,3.739099402409631345e-01
7.968750000000000000e-01,2.968750000000000000e-01,-6.804991858743580924e-02,-7.884956179273674981e-02,1.660859877787156103e-02,5.000000000000000000e-01,4.450061344619403725e-01
8.281250000000000000e-01,2.968750000000000000e-01,-5.194876041693163859e-02,-7.322866789908993868e-02,1.635713355652471113e-02,5.000000000000000000e-01,5.059204984386558301e-01
8.593750000000000000e-01,2.968750000000000000e-01,-3.669319785393157507e-02,-6.380729313251244650e-02,1.576062749536688568e-02,5.000000000000000000e-01,5.491034221357441458e-01
8.906250000000000000e-01,2.968750000000000000e-01,-2.321177928570143309e-02,-5.120766617442076840e-02,1.487289161432665471e-02,5.000000000000000000e-01,5.675876939566316670e-01
9.218750000000000000e-01,2.968750000000000000e-01,-1.235652278418083137e-02,-3.646152363120169770e-02,1.377366821480572982e-02,5.000000000000000000e-01,5.563294124518565198e-01
9.531250000000000000e-01,2.968750000000000000e-01,-4.800004952280863615e-03,-2.093446235119740886e-02,1.255382070138879452e-02,5.000000000000000000e-01,5.133102970376620666e-01
9.843750000000000000e-01,2.968750000000000000e-01,-9.581299265447009361e-04,-6.187478783194651222e-03,1.129848341872901826e-02,5.000000000000000000e-01,4.778636305204487789e-01
1.562500000000000000e-02,3.281250000000000000e-01,-1.258022958912885861e-03,1.266852113144915568e-02,1.033691100943503159e-02,5.000000000000000000e-01,6.814877297378294507e-01
4.687500000000000000e-02,3.281250000000000000e-01,-5.684597343615015348e-03,3.388723756205341830e-02,9.113203366255283322e-03,5.000000000000000000e-01,6.223150888670117009e-01
7.812500000000000000e-02,3.281250000000000000e-01,-1.341887061503882483e-02,5.087276368971510587e-02,8.200018222373602061e-03,5.000000000000000000e-01,5.044966222885932661e-01
1.093750000000000000e-01,3.281250000000000000e-01,-2.352813615810366715e-02,6.381819961680836040e-02,7.514130570853776517e-03,5.000000000000000000e-01,3.993603484917969126e-01
1.406250000000000000e-01,3.281250000000000000e-01,-3.525842019525894655e-02,7.307783092345621068e-02,6.982533395767641718e-03,5.000000000000000000e-01,3.087887121472142615e-01
1.718750000000000000e-01,3.281250000000000000e-01,-4.801061684019185261e-02,7.905917815314139618e-02,6.549447711747583521e-03,5.000000000000000000e-01,2.323015814059761208e-01
2.031250000000000000e-01,3.281250000000000000e-01,-6.131001504344596453e-02,8.215170613092914742e-02,6.177797225738390283e-03,5.000000000000000000e-01,1.680915137547043248e-01
2.343750000000000000e-01,3.281250000000000000e-01,-7.477558710009027387e-02,8.268717646407733324e-02,5.848043673583570683e-03,5.000000000000000000e-01,1.138490433975705152e-01
2.656250000000000000e-01,3.281250000000000000e-01,-8.809260759638087857e-02,8.092509716765430849e-02,5.555914820151760213e-03,5.000000000000000000e-01,6.735983137067669269e-02
2.968750000000000000e-01,3.281250000000000000e-01,-1.009901287127670522e-01,7.705627553412697228e-02,5.309736485703158045e-03,5.000000000000000000e-01,2.688283051020246006e-02
3.281250000000000000e-01,3.281250000000000000e-01,-1.132235354336298405e-01,7.121793567354868515e-02,5.127631053000896756e-03,5.000000000000000000e-01,-8.661267295407615308e-03
3.593750000000000000e-01,3.281250000000000000e-01,-1.245617331049644755e-01,6.351496624299904359e-02,5.034620020738997392e-03,5.000000000000000000e-01,-3.964968861898510166e-02
3.906250000000000000e-01,3.281250000000000000e-01,-1.347783216075376100e-01,5.404328146436820218e-02,5.059574727311187681e-03,5.000000000000000000e-01,-6.581999728815124406e-02
4.218750000000000000e-01,3.281250000000000000e-01,-1.436462164674280895e-01,4.291267242908743118e-02,5.231947689448478156e-03,5.000000000000000000e-01,-8.639394545858380958e-02
4.531250000000000000e-01,3.281250000000000000e-01,-1.509354345041019063e-01,3.026764020363429536e-02,5.578261135370650610e-03,5.000000000000000000e-01,-1.002306135647795804e-01
4.843750000000000000e-01,3.281250000000000000e-01,-1.564140469385998933e-01,1.630540165521914692e-02,6.118412656663154564e-03,5.000000000000000000e-01,-1.059878893767561836e-01
5.156250000000000000e-01,3.281250000000000000e-01,-1.598525352112497577e-01,1.290511088717888116e-03,6.861961368254969676e-03,5.000000000000000000e-01,-1.022819249449000156e-01
5.468750000000000000e-01,3.281250000000000000e-01,-1.610319742665023979e-01,-1.443465813834517511e-02,7.810212398710597061e-03,5.000000000000000000e-01,-8.821186062173946851e-02
5.781250000000000000e-01,3.281250000000000000e-01,-1.597514178498621318e-01,-3.046715764164092954e-02,8.949886295432874991e-03,5.000000000000000000e-01,-6.258643491423598881e-02
6.093750000000000000e-01,3.281250000000000000e-01,-1.558397683396087474e-01,-4.628682405640813929e-02,1.023786167436315994e-02,5.000000000000000000e-01,-2.365409530182538411e-02
6.406250000000000000e-01,3.281250000000000000e-01,-1.491809380712830480e-01,-6.125489040415348085e-02,1.160717139142577320e-02,5.000000000000000000e-01,2.976494814842156611e-02
6.718750000000000000e-01,3.281250000000000000e-01,-1.397472978265945076e-01,-7.462871230643529363e-02,1.296934996891918254e-02,5.000000000000000000e-01,9.794166100542467390e-02
7.031250000000000000e-01,3.281250000000000000e-01,-1.276369440220180285e-01,-8.559313181762477629e-02,1.422036065444850714e-02,5.000000000000000000e-01,1.798953534948584121e-01
7.343750000000000000e-01,3.281250000000000000e-01,-1.131119390877764197e-01,-9.331375214253681549e-02,1.525046676423072803e-02,5.000000000000000000e-01,2.730069514151554078e-01
7.656250000000000000e-01,3.281250000000000000e-01,-9.663187452517571496e-02,-9.701649491465580422e-02,1.595761066781791263e-02,5.000000000000000000e-01,3.726615750633015534e-01
7.968750000000000000e-01,3.281250000000000000e-01,-7.887373642196450485e-02,-9.609414667300075763e-02,1.626273458853014914e-02,5.000000000000000000e-01,4.720571355248237566e-01
8.281250000000000000e-01,3.281250000000000000e-01,-6.072611955261701666e-02,-9.023285805867758969e-02,1.612420676882822534e-02,5.000000000000000000e-01,5.623837516454528451e-01
8.593750000000000000e-01,3.281250000000000000e-01,-4.324546830819585991e-02,-7.953931678034602271e-02,1.554755580468995639e-02,5.000000000000000000e-01,6.336026133724789178e-01
8.906250000000000000e-01,3.281250000000000000e-01,-2.756733796418724819e-02,-6.463519143882594242e-02,1.458673239863356522e-02,5.000000000000000000e-01,6.759430974302398365e-01
9.218750000000000000e-01,3.281250000000000000e-01,-1.477901169413449803e-02,-4.667758113836986689e-02,1.333472394836961866e-02,5.000000000000000000e-01,6.819163176319589237e-01
9.531250000000000000e-01,3.281250000000000000e-01,-5.778745825195606353e-03,-2.727518854486809044e-02,1.190454521330831274e-02,5.000000000000000000e-01,6.481927178649463661e-01
9.843750000000000000e-01,3.281250000000000000e-01,-1.160882365358192718e-03,-8.306491075097545418e-03,1.040523176362256885e-02,5.000000000000000000e-01,6.141492193209157069e-01
1.562500000000000000e-02,3.593750000000000000e-01,-1.327239466839470099e-03,1.525378355720151055e-02,8.864433671008134161e-03,5.000000000000000000e-01,8.064058556207014394e-01
4.687500000000000000e-02,3.593750000000000000e-01,-5.992559533282708524e-03,4.039386958744643069e-02,7.575298994511542837e-03,5.000000000000000000e-01,7.284015660463023512e-01
7.812500000000000000e-02,3.593750000000000000e-01,-1.413411499044916510e-02,6.024196039291235261e-02,6.610725234713707259e-03,5.000000000000000000e-01,5.766893450537122767e-01
1.093750000000000000e-01,3.593750000000000000e-01,-2.476193960864959270e-02,7.518609307487637838e-02,5.877375306905937950e-03,5.000000000000000000e-01,4.428363772679652088e-01
1.406250000000000000e-01,3.593750000000000000e-01,-3.707896877623761273e-02,8.575725067013148517e-02,5.293886179954092677e-03,5.000000000000000000e-01,3.282837691614651776e-01
1.718750000000000000e-01,3.593750000000000000e-01,-5.045719839682955010e-02,9.251018467199098594e-02,4.798813864248286515e-03,5.000000000000000000e-01,2.317777333752002455e-01
2.031250000000000000e-01,3.593750000000000000e-01,-6.440605368011097231e-02,9.594895309861511956e-02,4.352066934514555070e-03,5.000000000000000000e-01,1.506583092015134628e-01
2.343750000000000000e-01,3.593750000000000000e-01,-7.853962796916899580e-02,9.648907584209372168e-02,3.933323963621745620e-03,5.000000000000000000e-01,8.183937320273937388e-02
2.656250000000000000e-01,3.593750000000000000e-01,-9.254672329239715944e-02,9.444731360915670226e-02,3.539318545796993169e-03,5.000000000000000000e-01,2.248203386307823237e-02
2.968750000000000000e-01,3.593750000000000000e-01,-1.061655033326050629e-01,9.005036024921865556e-02,3.180859622956746374e-03,5.000000000000000000e-01,-2.960501897255918280e-02
3.281250000000000000e-01,3.593750000000000000e-01,-1.191631466907518699e-01,8.345490103746658339e-02,2.879879039472372539e-03,5.000000000000000000e-01,-7.578591580387961102e-02
3.593750000000000000e-01,3.593750000000000000e-01,-1.313201273519531420e-01,7.477317921161703851e-02,2.666502691339429562e-03,5.000000000000000000e-01,-1.165789449384566634e-01
3.906250000000000000e-01,3.593750000000000000e-01,-1.424185169244183702e-01,6.410004657078857693e-02,2.576014289159659493e-03,5.000000000000000000e-01,-1.517414209543733739e-01
4.218750000000000000e-01,3.593750000000000000e-01,-1.522338256366450593e-01,5.153911089478418334e-02,2.645555674930711101e-03,5.000000000000000000e-01,-1.804106103138527484e-01
4.531250000000000000e-01,3.593750000000000000e-01,-1.605302075135251194e-01,3.722680165149143405e-02,2.910448843043386344e-03,5.000000000000000000e-01,-2.012672407842541755e-01
4.843750000000000000e-01,3.593750000000000000e-01,-1.670592125251200710e-01,2.135385765345493986e-02,3.400111231141863394e-03,5.000000000000000000e-01,-2.127026497553405893e-01
5.156250000000000000e-01,3.593750000000000000e-01,-1.715625876586852616e-01,4.183918496697167783e-03,4.133647675353357281e-03,5.000000000000000000e-01,-2.129829510425689243e-01
5.468750000000000000e-01,3.593750000000000000e-01,-1.737799046526107005e-01,-1.393130949714634949e-02,5.122056488193077808e-03,5.000000000000000000e-01,-2.009292991945184070e-01
5.781250000000000000e-01,3.593750000000000000e-01,-1.734573905811586103e-01,-3.257357677093211668e-02,6.369328533754433502e-03,5.000000000000000000e-01,-1.750125188451195912e-01
6.093750000000000000e-01,3.593750000000000000e-01,-1.703582265686515718e-01,-5.119121844987739589e-02,7.837392776794890881e-03,5.000000000000000000e-01,-1.327850944002015865e-01
6.406250000000000000e-01,3.593750000000000000e-01,-1.642868456001130295e-01,-6.908070724754844516e-02,9.457930747741902927e-03,5.000000000000000000e-01,-7.218746221213589997e-02
6.718750000000000000e-01,3.593750000000000000e-01,-1.551278714608781417e-01,-8.539550984696377134e-02,1.113280958173581969e-02,5.000000000000000000e-01,7.893549260941767898e-03
7.031250000000000000e-01,3.593750000000000000e-01,-1.428918779381124493e-01,-9.917268160443842850e-02,1.273887607255737645e-02,5.000000000000000000e-01,1.071853761558314577e-01
7.343750000000000000e-01,3.593750000000000000e-01,-1.277661253066326996e-01,-1.093849599214445356e-01,1.413804552426903283e-02,5.000000000000000000e-01,2.234827327145081366e-01
7.656250000000000000e-01,3.593750000000000000e-01,-1.101649854478277124e-01,-1.150264915571537899e-01,1.519288156674255749e-02,5.000000000000000000e-01,3.520614289458725565e-01
7.968750000000000000e-01,3.593750000000000000e-01,-9.076985270175907949e-02,-1.152374208797826149e-01,1.578645640258691599e-02,5.000000000000000000e-01,4.852120225231275619e-01
8.281250000000000000e-01,3.593750000000000000e-01,-7.054291500211770649e-02,-1.094641384208845936e-01,1.584334677416479945e-02,5.000000000000000000e-01,6.121755907940682473e-01
8.593750000000000000e-01,3.593750000000000000e-01,-5.069569456985986017e-02,-9.763590809481800803e-02,1.534665081736180485e-02,5.000000000000000000e-01,7.198684926707852316e-01
8.906250000000000000e-01,3.593750000000000000e-01,-3.259648723311526358e-02,-8.031593780510715153e-02,1.434489106329789668e-02,5.000000000000000000e-01,7.947300130386393269e-01
9.218750000000000000e-01,3.593750000000000000e-01,-1.761628974222041039e-02,-5.876535853303625073e-02,1.294389172429786378e-02,5.000000000000000000e-01,8.256214795028585796e-01
9.531250000000000000e-01,3.593750000000000000e-01,-6.940959755567690896e-03,-3.486300700579331863e-02,1.128297484704634396e-02,5.000000000000000000e-01,8.069291876333639646e-01
9.843750000000000000e-01,3.593750000000000000e-01,-1.405061194560841380e-03,-1.087243463501657952e-02,9.501030835987824691e-03,5.000000000000000000e-01,7.763094722849245288e-01
1.562500000000000000e-02,3.906250000000000000e-01,-1.378216874716886630e-03,1.795923989875786858e-02,6.966210604827748239e-03,5.000000000000000000e-01,9.369418492643162288e-01
4.687500000000000000e-02,3.906250000000000000e-01,-6.221518385798075444e-03,4.719703482341450207e-02,5.626789345397249092e-03,5.000000000000000000e-01,8.391458884729269263e-01
7.812500000000000000e-02,3.906250000000000000e-01,-1.466973119346589097e-02,7.002856342177855853e-02,4.619212370558020177e-03,5.000000000000000000e-01,6.518127103430775282e-01
1.093750000000000000e-01,3.906250000000000000e-01,-2.569011946013236014e-02,8.704770293087707445e-02,3.841312352620049851e-03,5.000000000000000000e-01,4.878032862406277426e-01
1.406250000000000000e-01,3.906250000000000000e-01,-3.845206417073591260e-02,9.897461469232235465e-02,3.204335173367921577e-03,5.000000000000000000e-01,3.480989641641785148e-01
1.718750000000000000e-01,3.906250000000000000e-01,-5.230502274765823356e-02,1.065240088473143748e-01,2.641795899978276532e-03,5.000000000000000000e-01,2.306171343873477664e-01
2.031250000000000000e-01,3.906250000000000000e-01,-6.674726819843782022e-02,1.103262296573527257e-01,2.110912678649056601e-03,5.000000000000000000e-01,1.317673641508696480e-01
2.343750000000000000e-01,3.906250000000000000e-01,-8.139218741471990204e-02,1.108902927886961931e-01,1.590675321416056692e-03,5.000000000000000000e-01,4.759847208307244060e-02
2.656250000000000000e-01,3.906250000000000000e-01,-9.593645030569833421e-02,1.085974548767608266e-01,1.078768930860493636e-03,5.000000000000000000e-01,-2.544307707243032013e-02
2.968750000000000000e-01,3.906250000000000000e-01,-1.101322275986722221e-01,1.037147763147963087e-01,5.883750827228653724e-04,5.000000000000000000e-01,-9.008498501282136139e-02
3.281250000000000000e-01,3.906250000000000000e-01,-1.237640967334889819e-01,9.641999746485249712e-02,1.451743555590488677e-04,5.000000000000000000e-01,-1.480541804913007020e-01
3.593750000000000000e-01,3.906250000000000000e-01,-1.366304035129889405e-01,8.683137022493236934e-02,-2.154941202403941325e-04,5.000000000000000000e-01,-2.000755317491595964e-01
3.906250000000000000e-01,3.906250000000000000e-01,-1.485285511147221293e-01,7.503839273167166313e-02,-4.515261766833422730e-04,5.000000000000000000e-01,-2.459738334212635547e-01
4.218750000000000000e-01,3.906250000000000000e-01,-1.592437982421094356e-01,6.113132057351507165e-02,-5.172530503413305669e-04,5.000000000000000000e-01,-2.848253079347043970e-01
4.531250000000000000e-01,3.906250000000000000e-01,-1.685414851964152638e-01,4.522866080394646188e-02,-3.671685958392904153e-04,5.000000000000000000e-01,-3.151243069891399573e-01
4.843750000000000000e-01,3.906250000000000000e-01,-1.761630144836853762e-01,2.750253279986495519e-02,3.968807561779280624e-05,5.000000000000000000e-01,-3.349491642547506309e-01
5.156250000000000000e-01,3.906250000000000000e-01,-1.818262679216904876e-01,8.201871921857440545e-03,7.347048698682513007e-04,5.000000000000000000e-01,-3.421252147900557539e-01
5.468750000000000000e-01,3.906250000000000000e-01,-1.852313883344742784e-01,-1.232682551559737515e-02,1.738419928510091458e-03,5.000000000000000000e-01,-3.349871313539460882e-01
5.781250000000000000e-01,3.906250000000000000e-01,-1.860730443747732055e-01,-3.365891878363427153e-02,3.081797156041000268e-03,5.000000000000000000e-01,-3.116183363922987448e-01
6.093750000000000000e-01,3.906250000000000000e-01,-1.840478304162124767e-01,-5.523025440824302912e-02,4.737129818251045558e-03,5.000000000000000000e-01,-2.688427903459539303e-01
6.406250000000000000e-01,3.906250000000000000e-01,-1.788735130801109297e-01,-7.628736959382287353e-02,6.639022911008050747e-03,5.000000000000000000e-01,-2.034322479099099912e-01
6.718750000000000000e-01,3.906250000000000000e-01,-1.703326190122933514e-01,-9.588871570774183672e-02,8.682408449484901522e-03,5.000000000000000000e-01,-1.130893064452873631e-01
7.031250000000000000e-01,3.906250000000000000e-01,-1.583254801062382588e-01,-1.129226081724811204e-01,1.072522102006365045e-02,5.000000000000000000e-01,3.033140129312661415e-03
7.343750000000000000e-01,3.906250000000000000e-01,-1.429334198351485397e-01,-1.261528462559713404e-01,1.259767414313293053e-02,5.000000000000000000e-01,1.436145501571903793e-01
7.656250000000000000e-01,3.906250000000000000e-01,-1.244881747926308291e-01,-1.343049901239496691e-01,1.411938449601766316e-02,5.000000000000000000e-01,3.042988175096814629e-01
7.968750000000000000e-01,3.906250000000000000e-01,-1.036371346933907811e-01,-1.362050951582954028e-01,1.512397386582426187e-02,5.000000000000000000e-01,4.768362411851625460e-01
8.281250000000000000e-01,3.906250000000000000e-01,-8.138558119228167520e-02,-1.309749553431222846e-01,1.548812731790331389e-02,5.000000000000000000e-01,6.485848640285278854e-01
8.593750000000000000e-01,3.906250000000000000e-01,-5.908904848434249485e-02,-1.182688443127773437e-01,1.515875712127377588e-02,5.000000000000000000e-01,8.029533684583997077e-01
8.906250000000000000e-01,3.906250000000000000e-01,-3.836741421732044882e-02,-9.850384319091445851e-02,1.416914680451914453e-02,5.000000000000000000e-01,9.214664752552949034e-01
9.218750000000000000e-01,3.906250000000000000e-01,-2.092742336374932635e-02,-7.299764149169493677e-02,1.263492024872540052e-02,5.000000000000000000e-01,9.877283141504615838e-01
9.531250000000000000e-01,3.906250000000000000e-01,-8.318896154261182924e-03,-4.391458124327550505e-02,1.072564035439723534e-02,5.000000000000000000e-01,9.923643224586786715e-01
9.843750000000000000e-01,3.906250000000000000e-01,-1.699079641612503836e-03,-1.397657547118992365e-02,8.617616413375803891e-03,5.000000000000000000e-01,9.683576457578353391e-01
1.562500000000000000e-02,4.218750000000000000e-01,-1.410515196545969159e-03,2.074797197002072394e-02,4.625171939604455842e-03,5.000000000000000000e-01,1.071561437672677197e+00
4.687500000000000000e-02,4.218750000000000000e-01,-6.369854039819952338e-03,5.421094310650681480e-02,3.250540748120826252e-03,5.000000000000000000e-01,9.533761548362982285e-01
7.812500000000000000e-02,4.218750000000000000e-01,-1.502174127942893650e-02,8.011475518596303247e-02,2.208261514012883897e-03,5.000000000000000000e-01,7.292685584592397685e-01
1.093750000000000000e-01,4.218750000000000000e-01,-2.630359372814503049e-02,9.926375188207514633e-02,1.388985853178493698e-03,5.000000000000000000e-01,5.340704705145811193e-01
1.406250000000000000e-01,4.218750000000000000e-01,-3.935884812006146954e-02,1.125757648436442604e-01,6.976428675034302557e-04,5.000000000000000000e-01,3.683206906810237991e-01
1.718750000000000000e-01,4.218750000000000000e-01,-5.351915433100841446e-02,1.209361234838617349e-01,6.323197965803391274e-05,5.000000000000000000e-01,2.290861622444448908e-01
2.031250000000000000e-01,4.218750000000000000e-01,-6.827522999815850702e-02,1.251124361387350725e-01,-5.596327783119539601e-04,5.000000000000000000e-01,1.117944849842551491e-01
2.343750000000000000e-01,4.218750000000000000e-01,-8.324330725495292238e-02,1.257170827803903435e-01,-1.192871450276735898e-03,5.000000000000000000e-01,1.155981326017729849e-02
2.656250000000000000e-01,4.218750000000000000e-01,-9.813204744927014889e-02,1.232036679703623488e-01,-1.838246699804703746e-03,5.000000000000000000e-01,-7.596430902931894380e-02
2.968750000000000000e-01,4.218750000000000000e-01,-1.127126491812120573e-01,1.178849422461105967e-01,-2.480656999376546282e-03,5.000000000000000000e-01,-1.541224625069119725e-01
3.281250000000000000e-01,4.218750000000000000e-01,-1.267931664999095154e-01,1.099622179870524269e-01,-3.091052990426423550e-03,5.000000000000000000e-01,-2.250822492823254528e-01
3.593750000000000000e-01,4.218750000000000000e-01,-1.401970113508115012e-01,9.955930133313439789e-02,-3.629056208824905580e-03,5.000000000000000000e-01,-2.898456335199857126e-01
3.906250000000000000e-01,4.218750000000000000e-01,-1.527452019870066957e-01,8.675679986139800404e-02,-4.045567354707395313e-03,5.000000000000000000e-01,-3.483623632302934592e-01
4.218750000000000000e-01,4.218750000000000000e-01,-1.642419758184512357e-01,7.162493440262059086e-02,-4.285719907923316724e-03,5.000000000000000000e-01,-3.996851168059428749e-01
4.531250000000000000e-01,4.218750000000000000e-01,-1.744637261003539885e-01,5.425448421104950986e-02,-4.292516154039383372e-03,5.000000000000000000e-01,-4.421316285787983968e-01
4.843750000000000000e-01,4.218750000000000000e-01,-1.831516786412871745e-01,3.478619122096518468e-02,-4.011393637656639546e-03,5.000000000000000000e-01,-4.734420161964043583e-01
5.156250000000000000e-01,4.218750000000000000e-01,-1.900091200497691091e-01,1.343890834724428482e-02,-3.395788939027149719e-03,5.000000000000000000e-01,-4.909370399386463468e-01
5.468750000000000000e-01,4.218750000000000000e-01,-1.947039996484807856e-01,-9.463861929488779842e-03,-2.413392807527265857e-03,5.000000000000000000e-01,-4.921599452170597466e-01
5.781250000000000000e-01,4.218750000000000000e-01,-1.968846734492855910e-01,-3.349955252863912047e-02,-1.001979068893940963e-03,5.000000000000000000e-01,-4.747739594803765950e-01
6.093750000000000000e-01,4.218750000000000000e-01,-1.961840029822180531e-01,-5.811550508886643984e-02,8.326807130226241555e-04,5.000000000000000000e-01,-4.349651540497718738e-01
6.406250000000000000e-01,4.218750000000000000e-01,-1.922307914052424627e-01,-8.252964782627657259e-02,3.033950507743330555e-03,5.000000000000000000e-01,-3.680432042812327165e-01
6.718750000000000000e-01,4.218750000000000000e-01,-1.846950283867059284e-01,-1.057230945616422779e-01,5.494704659438294329e-03,5.000000000000000000e-01,-2.701704882846216460e-01
7.031250000000000000e-01,4.218750000000000000e-01,-1.733455797444239943e-01,-1.264448168669176920e-01,8.056474005138005573e-03,5.000000000000000000e-01,-1.389110010250713678e-01
7.343750000000000000e-01,4.218750000000000000e-01,-1.581244166429256470e-01,-1.432438609341228075e-01,1.051629749563410057e-02,5.000000000000000000e-01,2.589516871325381331e-02
7.656250000000000000e-01,4.218750000000000000e-01,-1.392359104445068663e-01,-1.545477266867346933e-01,1.264399416421794348e-02,5.000000000000000000e-01,2.209477332978049269e-01
7.968750000000000000e-01,4.218750000000000000e-01,-1.172420829950043542e-01,-1.588072261442529387e-01,1.421096854998950970e-02,5.000000000000000000e-01,4.381202837861275512e-01
8.281250000000000000e-01,4.218750000000000000e-01,-9.314321815838264018e-02,-1.547232426948955686e-01,1.502842193010274496e-02,5.000000000000000000e-01,6.632910875847777277e-01
8.593750000000000000e-01,4.218750000000000000e-01,-6.840916794630201581e-02,-1.415511398810238852e-01,1.498790038704354323e-02,5.000000000000000000e-01,8.761534940523628689e-01
8.906250000000000000e-01,4.218750000000000000e-01,-4.491693911548878815e-02,-1.194354107205032045e-01,1.409168777497876376e-02,5.000000000000000000e-01,1.052174501540710239e+00
9.218750000000000000e-01,4.218750000000000000e-01,-2.476004742898530939e-02,-8.966295650218078506e-02,1.245780591605533290e-02,5.000000000000000000e-01,1.167663019279861825e+00
9.531250000000000000e-01,4.218750000000000000e-01,-9.942663888730097349e-03,-5.467517698253300529e-02,1.028885490031047033e-02,5.000000000000000000e-01,1.207302557475324889e+00
9.843750000000000000e-01,4.218750000000000000e-01,-2.051402510254387700e-03,-1.772705762305681540e-02,7.807935789740375748e-03,5.000000000000000000e-01,1.194683918311180371e+00
1.562500000000000000e-02,4.531250000000000000e-01,-1.424864456287020398e-03,2.358335162285371198e-02,1.833289574868711760e-03,5.000000000000000000e-01,1.208769198466079553e+00
4.687500000000000000e-02,4.531250000000000000e-01,-6.440744847124403594e-03,6.135078268778519639e-02,4.376157279692323432e-04,5.000000000000000000e-01,1.069975645046870705e+00
7.812500000000000000e-02,4.531250000000000000e-01,-1.519620732160004151e-02,9.038226531876927816e-02,-6.313081877068402181e-04,5.000000000000000000e-01,8.085074435038412943e-01
1.093750000000000000e-01,4.531250000000000000e-01,-2.660851420961244870e-02,1.116904010859974122e-01,-1.488016258689384141e-03,5.000000000000000000e-01,5.814868837830176052e-01
1.406250000000000000e-01,4.531250000000000000e-01,-3.979973573651331142e-02,1.263955915585392997e-01,-2.232794018662982369e-03,5.000000000000000000e-01,3.890751886724804764e-01
1.718750000000000000e-01,4.531250000000000000e-01,-5.408623659284522711e-02,1.355631038362455909e-01,-2.940847328711224812e-03,5.000000000000000000e-01,2.275062260976173922e-01
2.031250000000000000e-01,4.531250000000000000e-01,-6.895346421342515852e-02,1.401087590740812405e-01,-3.660439432174934435e-03,5.000000000000000000e-01,9.120321696918254339e-02
2.343750000000000000e-01,4.531250000000000000e-01,-8.402344391185370687e-02,1.407588168002671392e-01,-4.415042842834273826e-03,5.000000000000000000e-01,-2.570292657803352476e-02
2.656250000000000000e-01,4.531250000000000000e-01,-9.902082152564564699e-02,1.380480517585947475e-01,-5.206695954535303997e-03,5.000000000000000000e-01,-1.284153608084181997e-01
2.968750000000000000e-01,4.531250000000000000e-01,-1.137410236753001458e-01,1.323413623394746053e-01,-6.019236867459096599e-03,5.000000000000000000e-01,-2.209675061928353390e-01
3.281250000000000000e-01,4.531250000000000000e-01,-1.280220970663198399e-01,1.238673886034055427e-01,-6.821002366572825534e-03,5.000000000000000000e-01,-3.060431475506741883e-01
3.593750000000000000e-01,4.531250000000000000e-01,-1.417204695436442563e-01,1.127563480450077260e-01,-7.567091515412438171e-03,5.000000000000000000e-01,-3.849962586858901581e-01
3.906250000000000000e-01,4.531250000000000000e-01,-1.546902703433425952e-01,9.907774458541820928e-02,-8.201547062021993448e-03,5.000000000000000000e-01,-4.579708060949467807e-01
4.218750000000000000e-01,4.531250000000000000e-01,-1.667657940920865001e-01,8.287628725878881664e-02,-8.659908762973548071e-03,5.000000000000000000e-01,-5.240526701363728002e-01
4.531250000000000000e-01,4.531250000000000000e-01,-1.777470015918957702e-01,6.420608913659328620e-02,-8.872604416156714205e-03,5.000000000000000000e-01,-5.814179346229031431e-01
4.843750000000000000e-01,4.531250000000000000e-01,-1.873884643352153323e-01,4.316400157967417717e-02,-8.769593537001909092e-03,5.000000000000000000e-01,-6.274699277938512454e-01
5.156250000000000000e-01,4.531250000000000000e-01,-1.953927560759790572e-01,1.992283113778094833e-02,-8.286560160373631148e-03,5.000000000000000000e-01,-6.589794306698157911e-01
5.468750000000000000e-01,4.531250000000000000e-01,-2.014098526342914530e-01,-5.235808563001372734e-03,-7.372745199666750140e-03,5.000000000000000000e-01,-6.724830114442235107e-01
5.781250000000000000e-01,4.531250000000000000e-01,-2.050513150666273265e-01,-3.190546966198585382e-02,-5.940181150700071452e-03,5.000000000000000000e-01,-6.651588609532412821e-01
6.093750000000000000e-01,4.531250000000000000e-01,-2.058926035857391867e-01,-5.956896990347535642e-02,-3.952973125464571275e-03,5.000000000000000000e-01,-6.326055661660924256e-01
6.406250000000000000e-01,4.531250000000000000e-01,-2.034784022853097230e-01,-8.744359588907271719e-02,-1.451841661587878821e-03,5.000000000000000000e-01,-5.684844605620934521e-01
6.718750000000000000e-01,4.531250000000000000e-01,-1.973621325351456179e-01,-1.144611792675467865e-01,1.461420060546593513e-03,5.000000000000000000e-01,-4.670964491554845388e-01
7.031250000000000000e-01,4.531250000000000000e-01,-1.871643089146518280e-01,-1.392540044237889074e-01,4.617572398341208452e-03,5.000000000000000000e-01,-3.239213681358834585e-01
7.343750000000000000e-01,4.531250000000000000e-01,-1.726547776995439043e-01,-1.601653676938578630e-01,7.782128817103075441e-03,5.000000000000000000e-01,-1.366155548606089454e-01
7.656250000000000000e-01,4.531250000000000000e-01,-1.538607733338737682e-01,-1.753087304910885269e-01,1.067046353912715420e-02,5.000000000000000000e-01,9.348616687125455016e-02
7.968750000000000000e-01,4.531250000000000000e-01,-1.311951684381846284e-01,-1.827056546850907570e-01,1.297914430984674003e-02,5.000000000000000000e-01,3.594057491451825292e-01
8.281250000000000000e-01,4.531250000000000000e-01,-1.055851879031012297e-01,-1.805336595257628907e-01,1.443341471634495242e-02,5.000000000000000000e-01,6.464262527006954251e-01
8.593750000000000000e-01,4.531250000000000000e-01,-7.856080988822281008e-02,-1.674991512771156210e-01,1.484422209361505388e-02,5.000000000000000000e-01,9.307940122209277245e-01
8.906250000000000000e-01,4.531250000000000000e-01,-5.224013718477173163e-02,-1.433003008586757610e-01,1.415921855456252904e-02,5.000000000000000000e-01,1.180976247745451069e+00
9.218750000000000000e-01,4.531250000000000000e-01,-2.914612833077049811e-02,-1.090489669045129478e-01,1.248457286589141867e-02,5.000000000000000000e-01,1.363574515492436801e+00
9.531250000000000000e-01,4.531250000000000000e-01,-1.183940711734502403e-02,-6.741327133388153037e-02,1.005583227339128249e-02,5.000000000000000000e-01,1.454229129950988408e+00
9.843750000000000000e-01,4.531250000000000000e-01,-2.470585817108906981e-03,-2.224904595042011268e-02,7.153880146673130720e-03,5.000000000000000000e-01,1.459877023805816076e+00
1.562500000000000000e-02,4.843750000000000000e-01,-1.423727970812975214e-03,2.643194404995370672e-02,-1.408344731334547351e-03,5.000000000000000000e-01,1.347211772489271597e+00
4.687500000000000000e-02,4.843750000000000000e-01,-6.444418159333806934e-03,6.853876084004341396e-02,-2.813006895353157774e-03,5.000000000000000000e-01,1.187956153329286835e+00
7.812500000000000000e-02,4.843750000000000000e-01,-1.521383810020680502e-02,1.007191695818596966e-01,-3.900906352666431640e-03,5.000000000000000000e-01,8.890472636146572460e-01
1.093750000000000000e-01,4.843750000000000000e-01,-2.663319772481361272e-02,1.241851633355262052e-01,-4.789473879363717948e-03,5.000000000000000000e-01,6.299250775734523966e-01
1.406250000000000000e-01,4.843750000000000000e-01,-3.980334466184332065e-02,1.402621977729410774e-01,-5.583232694382206721e-03,5.000000000000000000e-01,4.104939327299789165e-01
1.718750000000000000e-01,4.843750000000000000e-01,-5.402512594656756068e-02,1.502047797628999759e-01,-6.361703653996764532e-03,5.000000000000000000e-01,2.262109097777879052e-01
2.031250000000000000e-01,4.843750000000000000e-01,-6.877971809471086773e-02,1.550889029161500732e-01,-7.176862143833126831e-03,5.000000000000000000e-01,7.049983046505992057e-02
2.343750000000000000e-01,4.843750000000000000e-01,-8.369758165931232008e-02,1.557665162212283350e-01,-8.054959730425756761e-03,5.000000000000000000e-01,-6.351932903045209855e-02
2.656250000000000000e-01,4.843750000000000000e-01,-9.852354185953654531e-02,1.528636901516496893e-01,-8.999676368839798837e-03,5.000000000000000000e-01,-1.819536444979268364e-01
2.968750000000000000e-01,4.843750000000000000e-01,-1.130828431993490535e-01,1.468052274358866427e-01,-9.995117457074811571e-03,5.000000000000000000e-01,-2.895852137504908441e-01
3.281250000000000000e-01,4.843750000000000000e-01,-1.272504840724592579e-01,1.378522377711233760e-01,-1.100816603755037752e-02,5.000000000000000000e-01,-3.896832285134870233e-01
3.593750000000000000e-01,4.843750000000000000e-01,-1.409243892009306998e-01,1.261437764830857788e-01,-1.199028021421158670e-02,5.000000000000000000e-01,-4.840301624684073545e-01
3.906250000000000000e-01,4.843750000000000000e-01,-1.540020873922914313e-01,1.117378151383992546e-01,-1.287912929268322966e-02,5.000000000000000000e-01,-5.730450908630002615e-01
4.218750000000000000e-01,4.843750000000000000e-01,-1.663603393837528588e-01,9.464999244601307593e-02,-1.360060186860282370e-02,5.000000000000000000e-01,-6.559272208772446433e-01
4.531250000000000000e-01,4.843750000000000000e-01,-1.778373908655371816e-01,7.489064293096261982e-02,-1.407177157717303360e-02,5.000000000000000000e-01,-7.307810638208844800e-01
4.843750000000000000e-01,4.843750000000000000e-01,-1.882180661529838095e-01,5.250158581607103359e-02,-1.420541153271679020e-02,5.000000000000000000e-01,-7.947174308255218200e-01
5.156250000000000000e-01,4.843750000000000000e-01,-1.972227157755811755e-01,2.759418826474516542e-02,-1.391661602974749758e-02,5.000000000000000000e-01,-8.439506902558477908e-01
5.468750000000000000e-01,4.843750000000000000e-01,-2.045021122329836183e-01,3.893273257492685640e-04,-1.313200719767557319e-02,5.000000000000000000e-01,-8.739921199576590194e-01
5.781250000000000000e-01,4.843750000000000000e-01,-2.096454059801819980e-01,-2.874584937120228806e-02,-1.174145141845818301e-02,5.000000000000000000e-01,-8.813574562775892129e-01
6.093750000000000000e-01,4.843750000000000000e-01,-2.121842813239241399e-01,-5.934842633140488544e-02,-9.648852163663188333e-03,5.000000000000000000e-01,-8.610003098934030374e-01
6.406250000000000000e-01,4.843750000000000000e-01,-2.115927219841830520e-01,-9.066990010131373290e-02,-6.869402456314616448e-03,5.000000000000000000e-01,-8.049784570284730378e-01
6.718750000000000000e-01,4.843750000000000000e-01,-2.073119088492043349e-01,-1.216319579404485929e-01,-3.489233778451115639e-03,5.000000000000000000e-01,-7.054799977789096843e-01
7.031250000000000000e-01,4.843750000000000000e-01,-1.988046826622423546e-01,-1.507882755583428713e-01,3.210984180694962525e-04,5.000000000000000000e-01,-5.554218306583837972e-01
7.343750000000000000e-01,4.843750000000000000e-01,-1.856406705314372074e-01,-1.763046399052169699e-01,4.301640297282405961e-03,5.000000000000000000e-01,-3.495060871154702653e-01
7.656250000000000000e-01,4.843750000000000000e-01,-1.676190828651931697e-01,-1.959850503116435938e-01,8.112750555260518290e-03,5.000000000000000000e-01,-8.598966460253310018e-02
7.968750000000000000e-01,4.843750000000000000e-01,-1.449298713512526260e-01,-2.073841512741654292e-01,1.136578556695261484e-02,5.000000000000000000e-01,2.307203653049580971e-01
8.281250000000000000e-01,4.843750000000000000e-01,-1.183383555442009683e-01,-2.080566592788232472e-01,1.367826252261914073e-02,5.000000000000000000e-01,5.868151268278474220e-01
8.593750000000000000e-01,4.843750000000000000e-01,-8.935043504302286888e-02,-1.959884500401117835e-01,1.474941294908785859e-02,5.000000000000000000e-01,9.561084059968218973e-01
8.906250000000000000e-01,4.843750000000000000e-01,-6.027777022697680676e-02,-1.702043396151767252e-01,1.443896196238293045e-02,5.000000000000000000e-01,1.299672526114228566e+00
9.218750000000000000e-01,4.843750000000000000e-01,-3.409642512246838231e-02,-1.314202821065216242e-01,1.281690447200867396e-02,5.000000000000000000e-01,1.571819258715675627e+00
9.531250000000000000e-01,4.843750000000000000e-01,-1.403206355657403946e-02,-8.241303891119267089e-02,1.014586130620117981e-02,5.000000000000000000e-01,1.734938778486970978e+00
9.843750000000000000e-01,4.843750000000000000e-01,-2.965265731195054072e-03,-2.768489749872407243e-02,6.776223674945449846e-03,5.000000000000000000e-01,1.768476999167527985e+00
1.562500000000000000e-02,5.156250000000000000e-01,-1.411966656687075120e-03,2.926763867745375836e-02,-5.090427047716823347e-03,5.000000000000000000e-01,1.485820800560245125e+00
4.687500000000000000e-02,5.156250000000000000e-01,-6.400778898298844360e-03,7.571256864267597586e-02,-6.495761942941437675e-03,5.000000000000000000e-01,1.306556849286627964e+00
7.812500000000000000e-02,5.156250000000000000e-01,-1.511525880203332811e-02,1.110292616238346269e-01,-7.595459716526505381e-03,5.000000000000000000e-01,9.704910717807629927e-01
1.093750000000000000e-01,5.156250000000000000e-01,-2.643580336687183924e-02,1.366149754829966145e-01,-8.507364415755265183e-03,5.000000000000000000e-01,6.792471840455749366e-01
1.406250000000000000e-01,5.156250000000000000e-01,-3.943599010476322303e-02,1.540027193003917771e-01,-9.339654042688360844e-03,5.000000000000000000e-01,4.326504636301181650e-01
1.718750000000000000e-01,5.156250000000000000e-01,-5.339771331074797539e-02,1.646477627261582477e-01,-1.017703814197526251e-02,5.000000000000000000e-01,2.254675444410396690e-01
2.031250000000000000e-01,5.156250000000000000e-01,-6.779796715916304450e-02,1.698007659494501498e-01,-1.107692207489326293e-02,5.000000000000000000e-01,5.014644032866288903e-02
2.343750000000000000e-01,5.156250000000000000e-01,-8.227869861195083456e-02,1.704532482053175146e-01,-1.207038482365480579e-02,5.000000000000000000e-01,-1.012151065371735825e-01
2.656250000000000000e-01,5.156250000000000000e-01,-9.661000752986691198e-02,1.673342272857007984e-01,-1.316478688814308635e-02,5.000000000000000000e-01,-2.356585937799646757e-01
2.968750000000000000e-01,5.156250000000000000e-01,-1.106534001964207814e-01,1.609373843082018696e-01,-1.434634093193802064e-02,5.000000000000000000e-01,-3.587589452576722682e-01
3.281250000000000000e-01,5.156250000000000000e-01,-1.243283462370277648e-01,1.515626678125253091e-01,-1.558202321009657075e-02,5.000000000000000000e-01,-4.744283305072314327e-01
3.593750000000000000e-01,5.156250000000000000e-01,-1.375830070220929180e-01,1.393619123552204409e-01,-1.682085184875012351e-02,5.000000000000000000e-01,-5.849502806559099266e-01
3.906250000000000000e-01,5.156250000000000000e-01,-1.503687362014777817e-01,1.243831066370102018e-01,-1.799491977108268886e-02,5.000000000000000000e-01,-6.911078095947646993e-01
4.218750000000000000e-01,5.156250000000000000e-01,-1.626175149946953447e-01,1.066117317320811331e-01,-1.902075643173052610e-02,5.000000000000000000e-01,-7.923179413236662860e-01
4.531250000000000000e-01,5.156250000000000000e-01,-1.742215917330325325e-01,8.601003186501608722e-02,-1.980169090499993290e-02,5.000000000000000000e-01,-8.867290419994193762e-01
4.843750000000000000e-01,5.156250000000000000e-01,-1.850150795748376764e-01,6.255636001126935186e-02,-2.023195190432083151e-02,5.000000000000000000e-01,-9.712733731204616916e-01
5.156250000000000000e-01,5.156250000000000000e-01,-1.947580964253103342e-01,3.628708054261688132e-02,-2.020329246781854549e-02,5.000000000000000000e-01,-1.041695534106717336e+00
5.468750000000000000e-01,5.156250000000000000e-01,-2.031253827728852213e-01,7.343117852854912260e-03,-1.961502764344484617e-02,5.000000000000000000e-01,-1.092598904660928572e+00
5.781250000000000000e-01,5.156250000000000000e-01,-2.097042277064321558e-01,-2.397750121756262939e-02,-1.834405023070637825e-02,5.000000000000000000e-01,-1.119523512363617357e+00
6.093750000000000000e-01,5.156250000000000000e-01,-2.140041349475129417e-01,-5.727799190022161979e-02,-1.621314076902306139e-02,5.000000000000000000e-01,-1.116708979122444934e+00
6.406250000000000000e-01,5.156250000000000000e-01,-2.154507803300738655e-01,-9.188524848967717651e-02,-1.320136699195248974e-02,5.000000000000000000e-01,-1.074920596141346163e+00
6.718750000000000000e-01,5.156250000000000000e-01,-2.133880081309929011e-01,-1.267601948861448169e-01,-9.366403001347433158e-03,5.000000000000000000e-01,-9.840866786603259531e-01
7.031250000000000000e-01,5.156250000000000000e-01,-2.071231264632712177e-01,-1.604321464673303110e-01,-4.866731110518994138e-03,5.000000000000000000e-01,-8.341549630222604428e-01
7.343750000000000000e-01,5.156250000000000000e-01,-1.960074220081277352e-01,-1.909404855821781599e-01,2.365886471784178768e-05,5.000000000000000000e-01,-6.161047871814560040e-01
7.656250000000000000e-01,5.156250000000000000e-01,-1.795659306651639087e-01,-2.158122836438902681e-01,4.915591296199880132e-03,5.000000000000000000e-01,-3.238600271228055938e-01
7.968750000000000000e-01,5.156250000000000000e-01,-1.576868002369241628e-01,-2.321252598840990722e-01,9.329855838885021957e-03,5.000000000000000000e-01,4.255163046259413662e-02
8.281250000000000000e-01,5.156250000000000000e-01,-1.308654320957880479e-01,-2.367284346170773490e-01,1.275596632873747180e-02,5.000000000000000000e-01,4.724543483873504535e-01
8.593750000000000000e-01,5.156250000000000000e-01,-1.004652655993776567e-01,-2.267047616994462000e-01,1.474592143341593026e-02,5.000000000000000000e-01,9.392845868970156609e-01
8.906250000000000000e-01,5.156250000000000000e-01,-6.890150213332085771e-02,-2.001244562379451697e-01,1.502748082329496276e-02,5.000000000000000000e-01,1.397355106307198280e+00
9.218750000000000000e-01,5.156250000000000000e-01,-3.959353129651616704e-02,-1.569894814250663018e-01,1.359636159060727441e-02,5.000000000000000000e-01,1.786361939560934919e+00
9.531250000000000000e-01,5.156250000000000000e-01,-1.653769616498316011e-02,-9.996403629007531710e-02,1.072626259860850161e-02,5.000000000000000000e-01,2.050059306196153841e+00
9.843750000000000000e-01,5.156250000000000000e-01,-3.544115440142222608e-03,-3.419427867006134825e-02,6.847515116823678534e-03,5.000000000000000000e-01,2.124641632855284623e+00
1.562500000000000000e-02,5.468750000000000000e-01,-1.397668075383864646e-03,3.207727340952470224e-02,-9.197741848990781052e-03,5.000000000000000000e-01,1.624001803219972784e+00
4.687500000000000000e-02,5.468750000000000000e-01,-6.342598293367182616e-03,8.283667637020011854e-02,-1.060129540977598588e-02,5.000000000000000000e-01,1.425371916387129900e+00
7.812500000000000000e-02,5.468750000000000000e-01,-1.496712324618385340e-02,1.212441587528616249e-01,-1.170608126733084682e-02,5.000000000000000000e-01,1.052539390185853962e+00
1.093750000000000000e-01,5.468750000000000000e-01,-2.611268905110489258e-02,1.488661887237291426e-01,-1.262787699276767504e-02,5.000000000000000000e-01,7.292430922020644024e-01
1.406250000000000000e-01,5.468750000000000000e-01,-3.881121139556407279e-02,1.674502151420098062e-01,-1.347880312959265185e-02,5.000000000000000000e-01,4.554560444185153933e-01
1.718750000000000000e-01,5.468750000000000000e-01,-5.231880082507416735e-02,1.786695795200350656e-01,-1.435096503370763936e-02,5.000000000000000000e-01,2.253488098979302690e-01
2.031250000000000000e-01,5.468750000000000000e-01,-6.610838513609303135e-02,1.839687873150072650e-01,-1.531029458654545143e-02,5.000000000000000000e-01,3.041635843645629222e-02
2.343750000000000000e-01,5.468750000000000000e-01,-7.983817616448832255e-02,1.844957493209434807e-01,-1.639590099618093433e-02,5.000000000000000000e-01,-1.382719828979883658e-01
2.656250000000000000e-01,5.468750000000000000e-01,-9.331074364540439814e-02,1.810956025689069993e-01,-1.762169032748465286e-02,5.000000000000000000e-01,-2.887093248721961380e-01
2.968750000000000000e-01,5.468750000000000000e-01,-1.064319685939200261e-01,1.743406266400651661e-01,-1.897833656548291587e-02,5.000000000000000000e-01,-4.272895119942548003e-01
3.281250000000000000e-01,5.468750000000000000e-01,-1.191741853687387220e-01,1.645765882960876780e-01,-2.043474221456473977e-02,5.000000000000000000e-01,-5.586074670717668944e-01
3.593750000000000000e-01,5.468750000000000000e-01,-1.315445578354514367e-01,1.519730251234359675e-01,-2.193885558891123938e-02,5.000000000000000000e-01,-6.855079812472908429e-01
3.906250000000000000e-01,5.468750000000000000e-01,-1.435580299157579454e-01,1.365711951284860337e-01,-2.341815531602670780e-02,5.000000000000000000e-01,-8.092254722308105386e-01
4.218750000000000000e-01,5.468750000000000000e-01,-1.552135428230178305e-01,1.183279349410827908e-01,-2.478036249299239019e-02,5.000000000000000000e-01,-9.295155838652879865e-01
4.531250000000000000e-01,5.468750000000000000e-01,-1.664721974613852518e-01,9.715656003271905261e-02,-2.591509127220544689e-02,5.000000000000000000e-01,-1.044728763662567506e+00
4.843750000000000000e-01,5.468750000000000000e-01,-1.772364316553541597e-01,7.296755387934045212e-02,-2.669725595436939908e-02,5.000000000000000000e-01,-1.151814558977487302e+00
5.156250000000000000e-01,5.468750000000000000e-01,-1.873299870523257860e-01,4.571245892199002347e-02,-2.699309942232667320e-02,5.000000000000000000e-01,-1.246276226019229938e+00
5.468750000000000000e-01,5.468750000000000000e-01,-1.964792624518550967e-01,1.543430122058600876e-02,-2.666950551652226553e-02,5.000000000000000000e-01,-1.322122087909909816e+00
5.781250000000000000e-01,5.468750000000000000e-01,-2.042962962105324409e-01,-1.767280589306943414e-02,-2.559911254161613414e-02,5.000000000000000000e-01,-1.373299640977253766e+00
6.093750000000000000e-01,5.468750000000000000e-01,-2.102977174008858752e-01,-5.328135879328063651e-02,-2.351254980062322114e-02,5.000000000000000000e-01,-1.393328235840162410e+00
6.406250000000000000e-01,5.468750000000000000e-01,-2.138923877112721139e-01,-9.084056590367098338e-02,-2.033755919192196948e-02,5.000000000000000000e-01,-1.372445989101004127e+00
6.718750000000000000e-01,5.468750000000000000e-01,-2.143533894105870974e-01,-1.294066479719170049e-01,-1.608885010387763742e-02,5.000000000000000000e-01,-1.298226256000919232e+00
7.031250000000000000e-01,5.468750000000000000e-01,-2.108502881693844200e-01,-1.675536762904825117e-01,-1.089621816882568352e-02,5.000000000000000000e-01,-1.157384735462798631e+00
7.343750000000000000e-01,5.468750000000000000e-01,-2.025142585091561642e-01,-2.032706898743977253e-01,-5.030660431971234123e-03,5.000000000000000000e-01,-9.365153209949030888e-01
7.656250000000000000e-01,5.468750000000000000e-01,-1.885626054719387323e-01,-2.338752237318519334e-01,1.082255916941813126e-03,5.000000000000000000e-01,-6.239223689355988256e-01
7.968750000000000000e-01,5.468750000000000000e-01,-1.685054992283518405e-01,-2.559985564679640446e-01,6.875518950244943230e-03,5.000000000000000000e-01,-2.131387933773130072e-01
8.281250000000000000e-01,5.468750000000000000e-01,-1.424462541337574994e-01,-2.657357512689427770e-01,1.169583368559630812e-02,5.000000000000000000e-01,2.912742238068988243e-01
8.593750000000000000e-01,5.468750000000000000e-01,-1.114517433449541683e-01,-2.590921223327944944e-01,1.491132443082438322e-02,5.000000000000000000e-01,8.657486857215530573e-01
8.906250000000000000e-01,5.468750000000000000e-01,-7.789718409679680100e-02,-2.328554183188110138e-01,1.606343124801337674e-02,5.000000000000000000e-01,1.460113040498050463e+00
9.218750000000000000e-01,5.468750000000000000e-01,-4.558362639715696218e-02,-1.858800478806449941e-01,1.501808292417259119e-02,5.000000000000000000e-01,1.998107644894388635e+00
9.531250000000000000e-01,5.468750000000000000e-01,-1.936556743882870274e-02,-1.203473639243579085e-01,1.202800210117940111e-02,5.000000000000000000e-01,2.398455212182687202e+00
9.843750000000000000e-01,5.468750000000000000e-01,-4.215852544622413108e-03,-4.195424665482598570e-02,7.608794486777305417e-03,5.000000000000000000e-01,2.531705677359362472e+00
1.562500000000000000e-02,5.781250000000000000e-01,-1.393273436584545203e-03,3.486821492149311252e-02,-1.371338441674795246e-02,5.000000000000000000e-01,1.761875482514696722e+00
4.687500000000000000e-02,5.781250000000000000e-01,-6.319638329157549993e-03,8.991702996878803145e-02,-1.512126808002971397e-02,5.000000000000000000e-01,1.544507567185078756e+00
7.812500000000000000e-02,5.781250000000000000e-01,-1.486945833512017326e-02,1.313381501130529982e-01,-1.622453315353957620e-02,5.000000000000000000e-01,1.134983445368568322e+00
1.093750000000000000e-01,5.781250000000000000e-01,-2.580744024035268314e-02,1.608557450736913252e-01,-1.713484501430612150e-02,5.000000000000000000e-01,7.795195260300367135e-01
1.406250000000000000e-01,5.781250000000000000e-01,-3.809860208461451209e-02,1.804503429807686465e-01,-1.797028733418117724e-02,5.000000000000000000e-01,4.784893477041730625e-01
1.718750000000000000e-01,5.781250000000000000e-01,-5.096344175637115836e-02,1.920418807825429730e-01,-1.883483802187586875e-02,5.000000000000000000e-01,2.255278982297073131e-01
2.031250000000000000e-01,5.781250000000000000e-01,-6.387281976053314769e-02,1.972954483676802317e-01,-1.980817196057051838e-02,5.000000000000000000e-01,1.116412278917855438e-02
2.343750000000000000e-01,5.781250000000000000e-01,-7.650988442692682745e-02,1.975359439630594571e-01,-2.094222097328111293e-02,5.000000000000000000e-01,-1.745830549530551501e-01
2.656250000000000000e-01,5.781250000000000000e-01,-8.872079740623296795e-02,1.937388883870132528e-01,-2.226126685785513593e-02,5.000000000000000000e-01,-3.406710258601004515e-01
2.968750000000000000e-01,5.781250000000000000e-01,-1.004668199695991776e-01,1.865645883338407640e-01,-2.376322592980739667e-02,5.000000000000000000e-01,-4.943209262846972596e-01
3.281250000000000000e-01,5.781250000000000000e-01,-1.117829810616715325e-01,1.764110044692031032e-01,-2.542081601713076788e-02,5.000000000000000000e-01,-6.408269288094343707e-01
3.593750000000000000e-01,5.781250000000000000e-01,-1.227441513617388846e-01,1.634701517171006091e-01,-2.718215629730613009e-02,5.000000000000000000e-01,-7.836327750175908768e-01
3.906250000000000000e-01,5.781250000000000000e-01,-1.334372343694052998e-01,1.477806236227942605e-01,-2.897093214396372768e-02,5.000000000000000000e-01,-9.244956128285513053e-01
4.218750000000000000e-01,5.781250000000000000e-01,-1.439374260988818266e-01,1.292742110835109759e-01,-3.068660933027152898e-02,5.000000000000000000e-01,-1.063626859076380882e+00
4.531250000000000000e-01,5.781250000000000000e-01,-1.542864250658644021e-01,1.078179374956408365e-01,-3.220540876134474206e-02,5.000000000000000000e-01,-1.199753520582806932e+00
4.843750000000000000e-01,5.781250000000000000e-01,-1.644707707494737492e-01,8.325475629399692323e-02,-3.338294015147816318e-02,5.000000000000000000e-01,-1.330082511117556043e+00
5.156250000000000000e-01,5.781250000000000000e-01,-1.743990849578629099e-01,5.544712611269432545e-02,-3.405957298832838764e-02,5.000000000000000000e-01,-1.450181737669636206e+00
5.468750000000000000e-01,5.781250000000000000e-01,-1.838780170935753189e-01,2.432784156512346127e-02,-3.406977498713791019e-02,5.000000000000000000e-01,-1.553824113577620292e+00
5.781250000000000000e-01,5.781250000000000000e-01,-1.925886601592204372e-01,-1.003866941328441717e-02,-3.325681856400006242e-02,5.000000000000000000e-01,-1.633319695308386388e+00
6.093750000000000000e-01,5.781250000000000000e-01,-2.000888802181043369e-01,-4.741385402382834735e-02,-3.130898558345330401e-02,5.000000000000000000e-01,-1.681440720533732502e+00
6.406250000000000000e-01,5.781250000000000000e-01,-2.057981951898974760e-01,-8.740408539094386697e-02,-2.805676956829487173e-02,5.000000000000000000e-01,-1.688296468321390131e+00
6.718750000000000000e-01,5.781250000000000000e-01,-2.089619775177469774e-01,-1.292183444574796503e-01,-2.346101868438527777e-02,5.000000000000000000e-01,-1.639396859064749412e+00
7.031250000000000000e-01,5.781250000000000000e-01,-2.086506223993270237e-01,-1.715564361645425251e-01,-1.760517271609644135e-02,5.000000000000000000e-01,-1.518266331403221425e+00
7.343750000000000000e-01,5.781250000000000000e-01,-2.037967618873157138e-01,-2.124578201725772497e-01,-1.073552399642155493e-02,5.000000000000000000e-01,-1.306706997917934210e+00
7.656250000000000000e-01,5.781250000000000000e-01,-1.932986492002553014e-01,-2.491378591579502255e-01,-3.292568905638507820e-03,5.000000000000000000e-01,-9.862563179809806790e-01
7.968750000000000000e-01,5.781250000000000000e-01,-1.762261531879329435e-01,-2.778655232977750300e-01,4.082545627459438498e-03,5.000000000000000000e-01,-5.416944660288973701e-01
8.281250000000000000e-01,5.781250000000000000e-01,-1.521636369485496743e-01,-2.939905457731094574e-01,1.058916595459542809e-02,5.000000000000000000e-01,3.219984155457211727e-02
8.593750000000000000e-01,5.781250000000000000e-01,-1.216942255068429596e-01,-2.923012500591378737e-01,1.537905465347189082e-02,5.000000000000000000e-01,7.197455878478047353e-01
8.906250000000000000e-01,5.781250000000000000e-01,-8.694649271229951126e-02,-2.679485826351684086e-01,1.774546470401659748e-02,5.000000000000000000e-01,1.470894198719783219e+00
9.218750000000000000e-01,5.781250000000000000e-01,-5.196720470796235836e-02,-2.180797292682645772e-01,1.734906203404942837e-02,5.000000000000000000e-01,2.194179439331041426e+00
9.531250000000000000e-01,5.781250000000000000e-01,-2.251534570058211920e-02,-1.438176005024468240e-01,1.436608518957919328e-02,5.000000000000000000e-01,2.776490276785411382e+00
9.843750000000000000e-01,5.781250000000000000e-01,-4.989485736038541848e-03,-5.115958493548694586e-02,9.391257308043719082e-03,5.000000000000000000e-01,2.991605549935059560e+00
1.562500000000000000e-02,6.093750000000000000e-01,-1.417255637962566315e-03,3.767874399604022317e-02,-1.862571038796825840e-02,5.000000000000000000e-01,1.900576548905572372e+00
4.687500000000000000e-02,6.093750000000000000e-01,-6.404386050874717393e-03,9.701999619972606625e-02,-2.005595636276626820e-02,5.000000000000000000e-01,1.664761689660686494e+00
7.812500000000000000e-02,6.093750000000000000e-01,-1.496487347681607280e-02,1.413454913140189395e-01,-2.115001136018135330e-02,5.000000000000000000e-01,1.217646954297976869e+00
1.093750000000000000e-01,6.093750000000000000e-01,-2.572046656026653888e-02,1.725419788614083738e-01,-2.201478703232351980e-02,5.000000000000000000e-01,8.292957622735955825e-01
1.406250000000000000e-01,6.093750000000000000e-01,-3.753065991822324143e-02,1.928654643952701364e-01,-2.277966098307192266e-02,5.000000000000000000e-01,5.007114538709290796e-01
1.718750000000000000e-01,6.093750000000000000e-01,-4.956918907751928921e-02,2.045301281990941633e-01,-2.356874786587925125e-02,5.000000000000000000e-01,2.249466261998358529e-01
2.031250000000000000e-01,6.093750000000000000e-01,-6.131207962990020688e-02,2.094594695076719415e-01,-2.448385919069375610e-02,5.000000000000000000e-01,-8.541611695367601342e-03
2.343750000000000000e-01,6.093750000000000000e-01,-7.248329521058935465e-02,2.091802030701505610e-01,-2.559663508475460564e-02,5.000000000000000000e-01,-2.108560563451589154e-01
2.656250000000000000e-01,6.093750000000000000e-01,-8.299016015836681304e-02,2.048124072070057755e-01,-2.694657321150000645e-02,5.000000000000000000e-01,-3.919421114171448561e-01
2.968750000000000000e-01,6.093750000000000000e-01,-9.286479461893659693e-02,1.971117265377842487e-01,-2.854178155526503058e-02,5.000000000000000000e-01,-5.598432180352228560e-01
3.281250000000000000e-01,6.093750000000000000e-01,-1.022169389348892288e-01,1.865321716732846191e-01,-3.036031737377927614e-02,5.000000000000000000e-01,-7.205431529260248880e-01
3.593750000000000000e-01,6.093750000000000000e-01,-1.111978902432608496e-01,1.732911061214580939e-01,-3.235109799798215752e-02,5.000000000000000000e-01,-8.780908955966659768e-01
3.906250000000000000e-01,6.093750000000000000e-01,-1.199729947475631220e-01,1.574278567304054632e-01,-3.443420809686500994e-02,5.000000000000000000e-01,-1.034805923878365785e+00
4.218750000000000000e-01,6.093750000000000000e-01,-1.286995502578974493e-01,1.388537252157106550e-01,-3.650094971446773973e-02,5.000000000000000000e-01,-1.191445068606194146e+00
4.531250000000000000e-01,6.093750000000000000e-01,-1.375070572144738712e-01,1.173949292870001410e-01,-3.841431286809691981e-02,5.000000000000000000e-01,-1.347268759365089164e+00
4.843750000000000000e-01,6.093750000000000000e-01,-1.464770860934534180e-01,9.283213906522649883e-02,-4.001081605069577163e-02,5.000000000000000000e-01,-1.499980029057450315e+00
5.156250000000000000e-01,6.093750000000000000e-01,-1.556205431768469816e-01,6.494151463324746021e-02,-4.110495766824580344e-02,5.000000000000000000e-01,-1.645533441598122204e+00
5.468750000000000000e-01,6.093750000000000000e-01,-1.648510508792325746e-01,3.354289288266833202e-02,-4.149787559084777699e-02,5.000000000000000000e-01,-1.777833746044597207e+00
5.781250000000000000e-01,6.093750000000000000e-01,-1.739555108427101038e-01,-1.438617701706650575e-03,-4.099242059502846564e-02,5.000000000000000000e-01,-1.888450955891930461e+00
6.093750000000000000e-01,6.093750000000000000e-01,-1.825730883451870401e-01,-3.989610817404529164e-02,-3.926454510113249613e-02,5.000000000000000000e-01,-1.969351413924523397e+00
6.406250000000000000e-01,6.093750000000000000e-01,-1.901783488748365336e-01,-8.160725573928426235e-02,-3.602194677015815860e-02,5.000000000000000000e-01,-2.010243674976082140e+00
6.718750000000000000e-01,6.093750000000000000e-01,-1.960434364926389172e-01,-1.259863041634873282e-01,-3.115993432287624681e-02,5.000000000000000000e-01,-1.995384312014178096e+00
7.031250000000000000e-01,6.093750000000000000e-01,-1.991981181717806804e-01,-1.719451498978130655e-01,-2.469766763398434373e-02,5.000000000000000000e-01,-1.905567738222796681e+00
7.343750000000000000e-01,6.093750000000000000e-01,-1.984264941326929765e-01,-2.176945909904056675e-01,-1.683206438944551131e-02,5.000000000000000000e-01,-1.717821639468915862e+00
7.656250000000000000e-01,6.093750000000000000e-01,-1.923292887233252202e-01,-2.604964064365499210e-01,-7.989551262823616287e-03,5.000000000000000000e-01,-1.406138854311966391e+00
7.968750000000000000e-01,6.093750000000000000e-01,-1.795022817167049867e-01,-2.964064790381178982e-01,1.140740505735933497e-03,5.000000000000000000e-01,-9.444139426733224596e-01
8.281250000000000000e-01,6.093750000000000000e-01,-1.588944709922811005e-01,-3.201199169965737168e-01,9.621226242509616638e-03,5.000000000000000000e-01,-3.135053193825134699e-01
8.593750000000000000e-01,6.093750000000000000e-01,-1.303938794475009155e-01,-3.251418818221605278e-01,1.636594712732752227e-02,5.000000000000000000e-01,4.852553619271764429e-01
8.906250000000000000e-01,6.093750000000000000e-01,-9.560655072590995562e-02,-3.046430123882801766e-01,2.035641017941637598e-02,5.000000000000000000e-01,1.409575702833214095e+00
9.218750000000000000e-01,6.093750000000000000e-01,-5.858885922262546675e-02,-2.533822790227744370e-01,2.095235821667838783e-02,5.000000000000000000e-01,2.357141966350757567e+00
9.531250000000000000e-01,6.093750000000000000e-01,-2.597606540513928627e-02,-1.705797035728033872e-01,1.816632282019966030e-02,5.000000000000000000e-01,3.177108898155822203e+00
9.843750000000000000e-01,6.093750000000000000e-01,-5.875168281643879283e-03,-6.202423895316936525e-02,1.264453046721411046e-02,5.000000000000000000e-01,3.504124328407459021e+00
1.562500000000000000e-02,6.406250000000000000e-01,-1.496803335811132266e-03,4.059280296981392089e-02,-2.393942543200721501e-02,5.000000000000000000e-01,2.042607464391346994e+00
4.687500000000000000e-02,6.406250000000000000e-01,-6.700496614971738693e-03,1.042967609180251304e-01,-2.542596115185545569e-02,5.000000000000000000e-01,1.787800338641708287e+00
7.812500000000000000e-02,6.406250000000000000e-01,-1.545041031706141481e-02,1.513791277237508948e-01,-2.649902112945053817e-02,5.000000000000000000e-01,1.300205036783743884e+00
1.093750000000000000e-01,6.406250000000000000e-01,-2.611845230120121014e-02,1.839319775192666540e-01,-2.726370614499194767e-02,5.000000000000000000e-01,8.770165437566234123e-01
1.406250000000000000e-01,6.406250000000000000e-01,-3.740491861386179007e-02,2.045721254080291596e-01,-2.787221198495499347e-02,5.000000000000000000e-01,5.199709830976613212e-01
1.718750000000000000e-01,6.406250000000000000e-01,-4.842860078145909408e-02,2.158856785132285405e-01,-2.848324032550646201e-02,5.000000000000000000e-01,2.212585511952930295e-01
2.031250000000000000e-01,6.406250000000000000e-01,-5.868889415851627489e-02,2.201071031229756836e-01,-2.923370540901130271e-02,5.000000000000000000e-01,-3.102258183550721249e-02
2.343750000000000000e-01,6.406250000000000000e-01,-6.797844320602056123e-02,2.189933340830402808e-01,-3.022437230548459530e-02,5.000000000000000000e-01,-2.492659530007039770e-01
2.656250000000000000e-01,6.406250000000000000e-01,-7.629289197502772679e-02,2.138205899109006936e-01,-3.151558186096294761e-02,5.000000000000000000e-01,-4.444622235734068116e-01
2.968750000000000000e-01,6.406250000000000000e-01,-8.375685437611890549e-02,2.054421406955503071e-01,-3.312818147527903795e-02,5.000000000000000000e-01,-6.254674534355779691e-01
3.281250000000000000e-01,6.406250000000000000e-01,-9.056965442012113177e-02,1.943667018754734188e-01,-3.504603621590028639e-02,5.000000000000000000e-01,-7.989203987116155758e-01
3.593750000000000000e-01,6.406250000000000000e-01,-9.696778532982641696e-02,1.808356581373461724e-01,-3.721818854482632916e-02,5.000000000000000000e-01,-9.694455434024897844e-01
3.906250000000000000e-01,6.406250000000000000e-01,-1.031992450327548771e-01,1.648898689217481173e-01,-3.956005470978891242e-02,5.000000000000000000e-01,-1.139921340057502785e+00
4.218750000000000000e-01,6.406250000000000000e-01,-1.095050367544000147e-01,1.464240602563474936e-01,-4.195383481314261809e-02,5.000000000000000000e-01,-1.311692837624277796e+00
4.531250000000000000e-01,6.406250000000000000e-01,-1.161037137560304855e-01,1.252307782045701812e-01,-4.424878049409399633e-02,5.000000000000000000e-01,-1.484666022850845923e+00
4.843750000000000000e-01,6.406250000000000000e-01,-1.231754335871357853e-01,1.010380388577413191e-01,-4.626231116996814413e-02,5.000000000000000000e-01,-1.657250783705156216e+00
5.156250000000000000e-01,6.406250000000000000e-01,-1.308424910405384389e-01,7.354612937752888491e-02,-4.778331281926909146e-02,5.000000000000000000e-01,-1.826133712741778048e+00
5.468750000000000000e-01,6.406250000000000000e-01,-1.391435403007421079e-01,4.246983510097616238e-02,-4.857924187036315872e-02,5.000000000000000000e-01,-1.985865766277048472e+00
5.781250000000000000e-01,6.406250000000000000e-01,-1.479994764726884071e-01,7.594836215409362865e-03,-4.840934155157326779e-02,5.000000000000000000e-01,-2.128261422569794892e+00
6.093750000000000000e-01,6.406250000000000000e-01,-1.571730548853992326e-01,-3.113840617597356253e-02,-4.695508787803012729e-02,5.000000000000000000e-01,-2.244642596815653590e+00
6.406250000000000000e-01,6.406250000000000000e-01,-1.662481614933343788e-01,-7.368459059977133796e-02,-4.379144396396950772e-02,5.000000000000000000e-01,-2.324254094370739931e+00
6.718750000000000000e-01,6.406250000000000000e-01,-1.745883521753896495e-01,-1.197036910031426121e-01,-3.873949360895808519e-02,5.000000000000000000e-01,-2.351046242439353229e+00
7.031250000000000000e-01,6.406250000000000000e-01,-1.812609255873205705e-01,-1.684005079670851113e-01,-3.173874719825804658e-02,5.000000000000000000e-01,-2.303980452568452186e+00
7.343750000000000000e-01,6.406250000000000000e-01,-1.849841659592453280e-01,-2.182876165882965402e-01,-2.291239475966561773e-02,5.000000000000000000e-01,-2.155917243071863609e+00
7.656250000000000000e-01,6.406250000000000000e-01,-1.841268588534696327e-01,-2.668578933538025000e-01,-1.263902461337975021e-02,5.000000000000000000e-01,-1.873190803972885288e+00
7.968750000000000000e-01,6.406250000000000000e-01,-1.768237923308740855e-01,-3.101750656500810721e-01,-1.617687712265704347e-03,5.000000000000000000e-01,-1.417193556782883501e+00
8.281250000000000000e-01,6.406250000000000000e-01,-1.613049572711852120e-01,-3.424779761687233304e-01,9.105886700055219191e-03,5.000000000000000000e-01,-7.506642952940154601e-01
8.593750000000000000e-01,6.406250000000000000e-01,-1.365457810189979471e-01,-3.560435904469783086e-01,1.820545254592047246e-02,5.000000000000000000e-01,1.472638719221475156e-01
8.906250000000000000e-01,6.406250000000000000e-01,-1.032853713399893014e-01,-3.417890421640620291e-01,2.429437623647427019e-02,5.000000000000000000e-01,1.253285135395459715e+00
9.218750000000000000e-01,6.406250000000000000e-01,-6.522526878940791695e-02,-2.913140433008584163e-01,2.631894726655971406e-02,5.000000000000000000e-01,2.464141551626870985e+00
9.531250000000000000e-01,6.406250000000000000e-01,-2.972661176571593511e-02,-2.007593901358975252e-01,2.400097794332307910e-02,5.000000000000000000e-01,3.588648080538692220e+00
9.843750000000000000e-01,6.406250000000000000e-01,-6.886327022236665880e-03,-7.478573425704990174e-02,1.797442893907509262e-02,5.000000000000000000e-01,4.065861637962907338e+00
1.562500000000000000e-02,6.718750000000000000e-01,-1.672306265999329473e-03,4.376191257162437981e-02,-2.969351699648222626e-02,5.000000000000000000e-01,2.192218019243313609e+00
4.687500000000000000e-02,6.718750000000000000e-01,-7.355582462044511424e-03,1.120146207914204661e-01,-3.129036404593467380e-02,5.000000000000000000e-01,1.916258485473704365e+00
7.812500000000000000e-02,6.718750000000000000e-01,-1.659247167455854544e-02,1.616480707649592952e-01,-3.231956928568103377e-02,5.000000000000000000e-01,1.381728596279452770e+00
1.093750000000000000e-01,6.718750000000000000e-01,-2.734100286077723735e-02,1.950796076484167529e-01,-3.289575772704691342e-02,5.000000000000000000e-01,9.196046367144884437e-01
1.406250000000000000e-01,6.718750000000000000e-01,-3.807514536786518744e-02,2.154451040986275767e-01,-3.321687219412218506e-02,5.000000000000000000e-01,5.321147330051942959e-01
1.718750000000000000e-01,6.718750000000000000e-01,-4.786287081227857954e-02,2.258241074346407917e-01,-3.350047108518391936e-02,5.000000000000000000e-01,2.098579193289462630e-01
2.031250000000000000e-01,6.718750000000000000e-01,-5.626551269536926581e-02,2.288316094617112717e-01,-3.393770155533729072e-02,5.000000000000000000e-01,-6.102639891393268901e-02
2.343750000000000000e-01,6.718750000000000000e-01,-6.319068636012034612e-02,2.264835504565600455e-01,-3.467043002899966586e-02,5.000000000000000000e-01,-2.945523456936554041e-01
2.656250000000000000e-01,6.718750000000000000e-01,-6.876246457251886102e-02,2.202166005187865538e-01,-3.578543650397008474e-02,5.000000000000000000e-01,-5.028733614254189410e-01
2.968750000000000000e-01,6.718750000000000000e-01,-7.322696681464024859e-02,2.109745947308769853e-01,-3.731735454805915758e-02,5.000000000000000000e-01,-6.956551101643624335e-01
3.281250000000000000e-01,6.718750000000000000e-01,-7.689089657361738994e-02,1.993109776431261082e-01,-3.925421421451932846e-02,5.000000000000000000e-01,-8.801369762230575322e-01
3.593750000000000000e-01,6.718750000000000000e-01,-8.008437673433053960e-02,1.854829934401119318e-01,-4.154232020452310742e-02,5.000000000000000000e-01,-1.061454373452261235e+00
3.906250000000000000e-01,6.718750000000000000e-01,-8.313950887496787678e-02,1.695291254625481692e-01,-4.408938284110285738e-02,5.000000000000000000e-01,-1.242994076276972892e+00
4.218750000000000000e-01,6.718750000000000000e-01,-8.637783862355802311e-02,1.513289251857827256e-01,-4.676596228186706561e-02,5.000000000000000000e-01,-1.426672690467036597e+00
4.531250000000000000e-01,6.718750000000000000e-01,-9.010145218490217545e-02,1.306482038381095445e-01,-4.940590777347585866e-02,5.000000000000000000e-01,-1.613083585325187030e+00
4.843750000000000000e-01,6.718750000000000000e-01,-9.458356093892245076e-02,1.071744418093275308e-01,-5.180689502086541914e-02,5.000000000000000000e-01,-1.801477889246546837e+00
5.156250000000000000e-01,6.718750000000000000e-01,-1.000553898872510172e-01,8.054861282767390718e-02,-5.373261552058451046e-02,5.000000000000000000e-01,-1.989561468636285024e+00
5.468750000000000000e-01,6.718750000000000000e-01,-1.066857336490365654e-01,5.039874467282034337e-02,-5.491788482621127315e-02,5.000000000000000000e-01,-2.173074800642321058e+00
5.781250000000000000e-01,6.718750000000000000e-01,-1.145474132090476549e-01,1.638354237552258619e-02,-5.507821665031988750e-02,5.000000000000000000e-01,-2.345080829352752083e+00
6.093750000000000000e-01,6.718750000000000000e-01,-1.235623528593894072e-01,-2.173859427303419939e-02,-5.390421996395156762e-02,5.000000000000000000e-01,-2.496532789260428764e+00
6.406250000000000000e-01,6.718750000000000000e-01,-1.334777528038343375e-01,-6.409389595033064546e-02,-5.085173636702580713e-02,5.000000000000000000e-01,-2.616553712365928153e+00
6.718750000000000000e-01,6.718750000000000000e-01,-1.438189637074931138e-01,-1.106129840668692854e-01,-4.565833480709476783e-02,5.000000000000000000e-01,-2.690031613974063429e+00
7.031250000000000000e-01,6.718750000000000000e-01,-1.537832654714063330e-01,-1.608543397275142839e-01,-3.817330070331122205e-02,5.000000000000000000e-01,-2.695308408782806975e+00
7.343750000000000000e-01,6.718750000000000000e-01,-1.621390518274188897e-01,-2.137547580999300534e-01,-2.842615558478162746e-02,5.000000000000000000e-01,-2.602436813520527803e+00
7.656250000000000000e-01,6.718750000000000000e-01,-1.671423125368044216e-01,-2.672447982385591780e-01,-1.671357104821596246e-02,5.000000000000000000e-01,-2.371005091704768031e+00
7.968750000000000000e-01,6.718750000000000000e-01,-1.665477672326955982e-01,-3.176857725920287367e-01,-3.697724160835729607e-03,5.000000000000000000e-01,-1.949340521439720142e+00
8.281250000000000000e-01,6.718750000000000000e-01,-1.578464773333023707e-01,-3.591873941858577668e-01,9.515411014811991572e-03,5.000000000000000000e-01,-1.278463888967602102e+00
8.593750000000000000e-01,6.718750000000000000e-01,-1.389089374379738340e-01,-3.830308885773596739e-01,2.138235311586846737e-02,5.000000000000000000e-01,-3.066072237193209205e-01
8.906250000000000000e-01,6.718750000000000000e-01,-1.092073245420062955e-01,-3.777637666086569035e-01,3.011006784461828928e-02,5.000000000000000000e-01,9.770084078324705601e-01
9.218750000000000000e-01,6.718750000000000000e-01,-7.156805417114038559e-02,-3.310386917777108362e-01,3.410930908964794617e-02,5.000000000000000000e-01,2.485884707232613344e+00
9.531250000000000000e-01,6.718750000000000000e-01,-3.373826139499903204e-02,-2.343631914588784615e-01,3.263758408192637961e-02,5.000000000000000000e-01,3.993185354829656752e+00
9.843750000000000000e-01,6.718750000000000000e-01,-8.044208896630352171e-03,-8.971627017591692066e-02,2.619573017607103316e-02,5.000000000000000000e-01,4.668705145056516237e+00
1.562500000000000000e-02,7.031250000000000000e-01,-2.005013098926040037e-03,4.743923193654975279e-02,-3.599141563460201559e-02,5.000000000000000000e-01,2.355704537810973331e+00
4.687500000000000000e-02,7.031250000000000000e-01,-8.580493763743334001e-03,1.205960582873575604e-01,-3.777563529724255187e-02,5.000000000000000000e-01,2.053580225414888716e+00
7.812500000000000000e-02,7.031250000000000000e-01,-1.874346072753093131e-02,1.724664894453238340e-01,-3.871165892472749198e-02,5.000000000000000000e-01,1.459637520932877797e+00
1.093750000000000000e-01,7.031250000000000000e-01,-2.979670876218845632e-02,2.060629681889284415e-01,-3.895375558959383866e-02,5.000000000000000000e-01,9.510030949937210432e-01
1.406250000000000000e-01,7.031250000000000000e-01,-3.991758964046239477e-02,2.253167669434777975e-01,-3.878917918922498986e-02,5.000000000000000000e-01,5.293466574269838354e-01
1.718750000000000000e-01,7.031250000000000000e-01,-4.815821537643454053e-02,2.339807957701761365e-01,-3.853355371153874970e-02,5.000000000000000000e-01,1.821311704279693355e-01
2.031250000000000000e-01,7.031250000000000000e-01,-5.421530120447622808e-02,2.351346488373082799e-01,-3.845877819524702590e-02,5.000000000000000000e-01,-1.075608493132729215e-01
2.343750000000000000e-01,7.031250000000000000e-01,-5.818393054309181633e-02,2.310743140843297128e-01,-3.876124510219990105e-02,5.000000000000000000e-01,-3.559272848446445314e-01
2.656250000000000000e-01,7.031250000000000000e-01,-6.037226261162210311e-02,2.233859471719457090e-01,-3.955776918220252347e-02,5.000000000000000000e-01,-5.764874131148003400e-01
2.968750000000000000e-01,7.031250000000000000e-01,-6.118403286650669903e-02,2.130815205747238483e-01,-4.089438947643023875e-02,5.000000000000000000e-01,-7.797313429921579608e-01
3.281250000000000000e-01,7.031250000000000000e-01,-6.105269469694508955e-02,2.007366433886948187e-01,-4.275804529690872130e-02,5.000000000000000000e-01,-9.734341069457294049e-01
3.593750000000000000e-01,7.031250000000000000e-01,-6.040873916963802881e-02,1.866068523279493241e-01,-4.508619941972910605e-02,5.000000000000000000e-01,-1.163150729461795763e+00
3.906250000000000000e-01,7.031250000000000000e-01,-5.966618351977327761e-02,1.707178430654833767e-01,-4.777317444706651040e-02,5.000000000000000000e-01,-1.352682543317259567e+00
4.218750000000000000e-01,7.031250000000000000e-01,-5.921891522464885205e-02,1.529312690363132388e-01,-5.067333239893211105e-02,5.000000000000000000e-01,-1.544440467892024715e+00
4.531250000000000000e-01,7.031250000000000000e-01,-5.944047304966148387e-02,1.329910313739358363e-01,-5.360197523983038087e-02,5.000000000000000000e-01,-1.739668377172954195e+00
4.843750000000000000e-01,7.031250000000000000e-01,-6.068265651966223834e-02,1.105559064975222827e-01,-5.633528105570722450e-02,5.000000000000000000e-01,-1.938475973950481546e+00
5.156250000000000000e-01,7.031250000000000000e-01,-6.327059638727781932e-02,8.522691695542330970e-02,-5.861189535978818949e-02,5.000000000000000000e-01,-2.139701423543115766e+00
5.468750000000000000e-01,7.031250000000000000e-01,-6.749143571274837661e-02,5.657162363232703939e-02,-6.013662724192177927e-02,5.000000000000000000e-01,-2.340611453320378121e+00
5.781250000000000000e-01,7.031250000000000000e-01,-7.356926358399593080e-02,2.415017084727453037e-02,-6.058725881338699465e-02,5.000000000000000000e-01,-2.536262088674491544e+00
6.093750000000000000e-01,7.031250000000000000e-01,-8.161719388247568041e-02,-1.244235279596463475e-02,-5.962836690255059885e-02,5.000000000000000000e-01,-2.718363659964793566e+00
6.406250000000000000e-01,7.031250000000000000e-01,-9.158794426429894830e-02,-5.350398710113202227e-02,-5.667104137092033450e-02,5.000000000000000000e-01,-2.876626967456631156e+00
6.718750000000000000e-01,7.031250000000000000e-01,-1.032218200791943236e-01,-9.922780619751375708e-02,-5.133366940467358475e-02,5.000000000000000000e-01,-2.997648418674151216e+00
7.031250000000000000e-01,7.031250000000000000e-01,-1.159459240714559025e-01,-1.495511118406950279e-01,-4.337466453155520291e-02,5.000000000000000000e-01,-3.060841035488672368e+00
7.343750000000000000e-01,7.031250000000000000e-01,-1.287223236252572345e-01,-2.039258000769354207e-01,-3.271882431306519928e-02,5.000000000000000000e-01,-3.035757248569017630e+00
7.656250000000000000e-01,7.031250000000000000e-01,-1.398700551140203141e-01,-2.609227640634051992e-01,-1.955123993807612870e-02,5.000000000000000000e-01,-2.877600400380203371e+00
7.968750000000000000e-01,7.031250000000000000e-01,-1.469326056881901654e-01,-3.175398014971216876e-01,-4.446891041037712849e-03,5.000000000000000000e-01,-2.522812419846802712e+00
8.281250000000000000e-01,7.031250000000000000e-01,-1.467460801960410177e-01,-3.682211806723072467e-01,1.149248475972403788e-02,5.000000000000000000e-01,-1.888705966036884565e+00
8.593750000000000000e-01,7.031250000000000000e-01,-1.359592019593395262e-01,-4.037215202229402777e-01,2.655958172698105052e-02,5.000000000000000000e-01,-8.841036541601452470e-01
8.906250000000000000e-01,7.031250000000000000e-01,-1.123562000298698738e-01,-4.103777497885134906e-01,3.854640622507486680e-02,5.000000000000000000e-01,5.545370185853522038e-01
9.218750000000000000e-01,7.031250000000000000e-01,-7.719248784166779509e-02,-3.712276911569222793e-01,4.520690808221954765e-02,5.000000000000000000e-01,2.385316627240552378e+00
9.531250000000000000e-01,7.031250000000000000e-01,-3.797827484077559435e-02,-2.712181978567005936e-01,4.510854224356846548e-02,5.000000000000000000e-01,4.364008396189419159e+00
9.843750000000000000e-01,7.031250000000000000e-01,-9.386556022345891523e-03,-1.071470350948931644e-01,3.841129294249038401e-02,5.000000000000000000e-01,5.297283877676846942e+00
1.562500000000000000e-02,7.343750000000000000e-01,-2.590187177569534469e-03,5.203443221304532296e-02,-4.305438714916630383e-02,5.000000000000000000e-01,2.541313184795495950e+00
4.687500000000000000e-02,7.343750000000000000e-01,-1.067708904170097672e-02,1.306632405398107100e-01,-4.512323573195639592e-02,5.000000000000000000e-01,2.203144684977275780e+00
7.812500000000000000e-02,7.343750000000000000e-01,-2.235290683129252665e-02,1.842380919462497935e-01,-4.585707124456123163e-02,5.000000000000000000e-01,1.527401307700657851e+00
1.093750000000000000e-01,7.343750000000000000e-01,-3.392841879973083896e-02,2.169201256910982534e-01,-4.552083495316554956e-02,5.000000000000000000e-01,9.593140492302258959e-01
1.406250000000000000e-01,7.343750000000000000e-01,-4.324148387580398212e-02,2.338935553956550117e-01,-4.457112753625962209e-02,5.000000000000000000e-01,4.971415972243777848e-01
1.718750000000000000e-01,7.343750000000000000e-01,-4.942818707019618063e-02,2.398313362483632805e-01,-4.348201712985619305e-02,5.000000000000000000e-01,1.222381166880250891e-01
2.031250000000000000e-01,7.343750000000000000e-01,-5.244944129913613196e-02,2.383624484161027957e-01,-4.263938395403060050e-02,5.000000000000000000e-01,-1.872090451261153587e-01
2.343750000000000000e-01,7.343750000000000000e-01,-5.269393272269263379e-02,2.320596352677072871e-01,-4.230536261354078675e-02,5.000000000000000000e-01,-4.504462125378356774e-01
2.656250000000000000e-01,7.343750000000000000e-01,-5.072479476244970420e-02,2.226198200968554919e-01,-4.262444503417491676e-02,5.000000000000000000e-01,-6.826642139254083252e-01
2.968750000000000000e-01,7.343750000000000000e-01,-4.714306166088126637e-02,2.110776848031302166e-01,-4.364518595983594290e-02,5.000000000000000000e-01,-8.952207821658693110e-01
3.281250000000000000e-01,7.343750000000000000e-01,-4.252593313628382637e-02,1.979920124661294079e-01,-4.534263679611299364e-02,5.000000000000000000e-01,-1.096367645961299431e+00
3.593750000000000000e-01,7.343750000000000000e-01,-3.740625646617974642e-02,1.835878510531036012e-01,-4.763497766678852219e-02,5.000000000000000000e-01,-1.291980494218642139e+00
3.906250000000000000e-01,7.343750000000000000e-01,-3.227243320927523917e-02,1.678604654335598134e-01,-5.039435061100477203e-02,5.000000000000000000e-01,-1.486150538096758122e+00
4.218750000000000000e-01,7.343750000000000000e-01,-2.757712107185401884e-02,1.506460662356911284e-01,-5.345229455276184066e-02,5.000000000000000000e-01,-1.681654791907224222e+00
4.531250000000000000e-01,7.343750000000000000e-01,-2.374754115038350127e-02,1.316682120781000609e-01,-5.660111666865375729e-02,5.000000000000000000e-01,-1.880308336216327092e+00
4.843750000000000000e-01,7.343750000000000000e-01,-2.119292698552988422e-02,1.105662950985051990e-01,-5.959211197853644254e-02,5.000000000000000000e-01,-2.083003940481657601e+00
5.156250000000000000e-01,7.343750000000000000e-01,-2.030833378100154255e-02,8.691987501752763967e-02,-6.213777523921342610e-02,5.000000000000000000e-01,-2.289592009108898374e+00
5.468750000000000000e-01,7.343750000000000000e-01,-2.147426392466172257e-02,6.026543503935344326e-02,-6.391502997388170959e-02,5.000000000000000000e-01,-2.498862558234718811e+00
5.781250000000000000e-01,7.343750000000000000e-01,-2.504500909518359714e-02,3.010493248201755873e-02,-6.456802855997291479e-02,5.000000000000000000e-01,-2.708133881124850539e+00
6.093750000000000000e-01,7.343750000000000000e-01,-3.131878205999635845e-02,-4.075411167415159130e-03,-6.371878727635246764e-02,5.000000000000000000e-01,-2.911830296479981151e+00
6.406250000000000000e-01,7.343750000000000000e-01,-4.047402073934400907e-02,-4.274493966851057591e-02,-6.077328476879973601e-02,5.000000000000000000e-01,-3.101297253357370387e+00
6.718750000000000000e-01,7.343750000000000000e-01,-5.251306227992165454e-02,-8.631393627466216190e-02,-5.521819338422825213e-02,5.000000000000000000e-01,-3.264916600633062771e+00
7.031250000000000000e-01,7.343750000000000000e-01,-6.717869463278595965e-02,-1.350752454184207252e-01,-4.672299658074521855e-02,5.000000000000000000e-01,-3.385105931660834955e+00
7.343750000000000000e-01,7.343750000000000000e-01,-8.377587601456545907e-02,-1.890280855636288782e-01,-3.510755589564048401e-02,5.000000000000000000e-01,-3.434188869367738484e+00
7.656250000000000000e-01,7.343750000000000000e-01,-1.009062889332279778e-01,-2.475423341692861712e-01,-2.042118519789654085e-02,5.000000000000000000e-01,-3.367166342934023948e+00
7.968750000000000000e-01,7.343750000000000000e-01,-1.161704076011724762e-01,-3.085935621491264214e-01,-3.103016793662755415e-03,5.000000000000000000e-01,-3.112273513806622205e+00
8.281250000000000000e-01,7.343750000000000000e-01,-1.259840731818156756e-01,-3.675402799318084890e-01,1.582497179819996116e-02,5.000000000000000000e-01,-2.564221580824639357e+00
8.593750000000000000e-01,7.343750000000000000e-01,-1.258090281691710000e-01,-4.153643442127852303e-01,3.457900723907370716e-02,5.000000000000000000e-01,-1.585948245929995171e+00
8.906250000000000000e-01,7.343750000000000000e-01,-1.113720591375728097e-01,-4.367748967597363530e-01,5.056921748890614438e-02,5.000000000000000000e-01,-4.012734770673231921e-02
9.218750000000000000e-01,7.343750000000000000e-01,-8.149079144186202606e-02,-4.098755240696122515e-01,6.078390637973918320e-02,5.000000000000000000e-01,2.115813675092984791e+00
9.531250000000000000e-01,7.343750000000000000e-01,-4.240813009480860762e-02,-3.108672392919562544e-01,6.281464619359580781e-02,5.000000000000000000e-01,4.661367123907114163e+00
9.843750000000000000e-01,7.343750000000000000e-01,-1.098212572781838599e-02,-1.275157168450574419e-01,5.614096751833889953e-02,5.000000000000000000e-01,5.924258293281358334e+00
1.562500000000000000e-02,7.656250000000000000e-01,-3.579470495113760715e-03,5.820408988572861597e-02,-5.132115006056676976e-02,5.000000000000000000e-01,2.757879268685916152e+00
4.687500000000000000e-02,7.656250000000000000e-01,-1.407337684161861363e-02,1.430743910777637351e-01,-5.377031002539232191e-02,5.000000000000000000e-01,2.365565454069047391e+00
7.812500000000000000e-02,7.656250000000000000e-01,-2.794915730753450359e-02,1.973785396638042533e-01,-5.406188903013869201e-02,5.000000000000000000e-01,1.569581620333600380e+00
1.093750000000000000e-01,7.656250000000000000e-01,-4.009837338967235654e-02,2.275044060241200039e-01,-5.273007341059986891e-02,5.000000000000000000e-01,9.211355946923032167e-01
1.406250000000000000e-01,7.656250000000000000e-01,-4.807772890972097923e-02,2.406016956587550548e-01,-5.054296489507297679e-02,5.000000000000000000e-01,4.083546500063307549e-01
1.718750000000000000e-01,7.656250000000000000e-01,-5.132920464898832469e-02,2.425613749189227675e-01,-4.821939953887708491e-02,5.000000000000000000e-01,1.116644307043390683e-03
2.031250000000000000e-01,7.656250000000000000e-01,-5.028643686475001151e-02,2.376108961902449190e-01,-4.629293140285881819e-02,5.000000000000000000e-01,-3.301413254969316480e-01
2.343750000000000000e-01,7.656250000000000000e-01,-4.577367057872439027e-02,2.285429126310960513e-01,-4.509176611660578593e-02,5.000000000000000000e-01,-6.089258061386318976e-01
2.656250000000000000e-01,7.656250000000000000e-01,-3.868769970586115325e-02,2.170814339003605542e-01,-4.477277075521288868e-02,5.000000000000000000e-01,-8.525225593120082657e-01
2.968750000000000000e-01,7.656250000000000000e-01,-2.986054161186595113e-02,2.042071798040615005e-01,-4.536715444991757523e-02,5.000000000000000000e-01,-1.073249418733720706e+00
3.281250000000000000e-01,7.656250000000000000e-01,-2.001955057439048363e-02,1.904043979031251888e-01,-4.681972188440242100e-02,5.000000000000000000e-01,-1.279823630202518103e+00
3.593750000000000000e-01,7.656250000000000000e-01,-9.791505313542489541e-03,1.758277436851557185e-01,-4.901366792413464762e-02,5.000000000000000000e-01,-1.478381492361542593e+00
3.906250000000000000e-01,7.656250000000000000e-01,2.764402938616366059e-04,1.604188039371990671e-01,-5.178699850184294989e-02,5.000000000000000000e-01,-1.673278591783828206e+00
4.218750000000000000e-01,7.656250000000000000e-01,9.692255914092912789e-03,1.439765999743993774e-01,-5.494026897168110407e-02,5.000000000000000000e-01,-1.867708050031842371e+00
4.531250000000000000e-01,7.656250000000000000e-01,1.799902682667302994e-02,1.262013275053411876e-01,-5.823864951911091742e-02,5.000000000000000000e-01,-2.063969487644607970e+00
4.843750000000000000e-01,7.656250000000000000e-01,2.475675269986894744e-02,1.067208396332145481e-01,-6.140701935001032646e-02,5.000000000000000000e-01,-2.263536418293531582e+00
5.156250000000000000e-01,7.656250000000000000e-01,2.952804412287655250e-02,8.510944585528233686e-02,-6.412930983920378525e-02,5.000000000000000000e-01,-2.467077108618082715e+00
5.468750000000000000e-01,7.656250000000000000e-01,3.187253164141147510e-02,6.089730682672400697e-02,-6.604821623056110480e-02,5.000000000000000000e-01,-2.674587797046049875e+00
5.781250000000000000e-01,7.656250000000000000e-01,3.134825777953863246e-02,3.356807972704171916e-02,-6.677195693575471713e-02,5.000000000000000000e-01,-2.885206020260333126e+00
6.093750000000000000e-01,7.656250000000000000e-01,2.752232749699502767e-02,2.561144834917055638e-03,-6.588360662372376442e-02,5.000000000000000000e-01,-3.096361139735054557e+00
6.406250000000000000e-01,7.656250000000000000e-01,2.000460896328971547e-02,-3.270853845778982916e-02,-6.280695068230046640e-02,5.000000000000000000e-01,-3.302371504680419623e+00
6.718750000000000000e-01,7.656250000000000000e-01,8.505161710461941679e-03,-7.281184869197750154e-02,-5.688734969464834951e-02,5.000000000000000000e-01,-3.494612029153724819e+00
7.031250000000000000e-01,7.656250000000000000e-01,-7.090952631620433232e-03,-1.183155863061587099e-01,-4.770500622117741785e-02,5.000000000000000000e-01,-3.660890282469292600e+00
7.343750000000000000e-01,7.656250000000000000e-01,-2.655260804063902524e-02,-1.697289078850927890e-01,-3.499449807850230770e-02,5.000000000000000000e-01,-3.780625855182318862e+00
7.656250000000000000e-01,7.656250000000000000e-01,-4.898763526614135361e-02,-2.272760717036574341e-01,-1.864008977296622432e-02,5.000000000000000000e-01,-3.813694042442610233e+00
7.968750000000000000e-01,7.656250000000000000e-01,-7.241345683779860931e-02,-2.901698843751534529e-01,1.098651276865064697e-03,5.000000000000000000e-01,-3.686600250426296022e+00
8.281250000000000000e-01,7.656250000000000000e-01,-9.325301345815986687e-02,-3.553107355047769866e-01,2.335672039095119945e-02,5.000000000000000000e-01,-3.277796881750886460e+00
8.593750000000000000e-01,7.656250000000000000e-01,-1.060720534166426920e-01,-4.149498936939784999e-01,4.640428801639317341e-02,5.000000000000000000e-01,-2.403011349050767187e+00
8.906250000000000000e-01,7.656250000000000000e-01,-1.043594206550261250e-01,-4.533389490717578685e-01,6.736174257224095130e-02,5.000000000000000000e-01,-8.306403599687248729e-01
9.218750000000000000e-01,7.656250000000000000e-01,-8.352318506719924596e-02,-4.440289750411284819e-01,8.237081581339228409e-02,5.000000000000000000e-01,1.618727966578956012e+00
9.531250000000000000e-01,7.656250000000000000e-01,-4.695391286041547541e-02,-3.523657218742772268e-01,8.768286469007936790e-02,5.000000000000000000e-01,4.824898388798941617e+00
9.843750000000000000e-01,7.656250000000000000e-01,-1.294965445863316932e-02,-1.514474970315090041e-01,8.154762606162647975e-02,5.000000000000000000e-01,6.501122858112403868e+00
1.562500000000000000e-02,7.968750000000000000e-01,-5.217039086369045300e-03,6.700059946721143023e-02,-6.164325610703171726e-02,5.000000000000000000e-01,3.009882494823691967e+00
4.687500000000000000e-02,7.968750000000000000e-01,-1.935048014294080132e-02,1.589052288993575424e-01,-6.448826810697087797e-02,5.000000000000000000e-01,2.531372963835601730e+00
7.812500000000000000e-02,7.968750000000000000e-01,-3.602174315578628161e-02,2.120947453209718336e-01,-6.381171553999713530e-02,5.000000000000000000e-01,1.551124913665313576e+00
1.093750000000000000e-01,7.968750000000000000e-01,-4.827623747304898849e-02,2.371919107663529869e-01,-6.076054537859248289e-02,5.000000000000000000e-01,7.901898804401277232e-01
1.406250000000000000e-01,7.968750000000000000e-01,-5.370668060639689073e-02,2.443239895699185760e-01,-5.665485773709750400e-02,5.000000000000000000e-01,2.118425102388867831e-01
1.718750000000000000e-01,7.968750000000000000e-01,-5.248877680789652833e-02,2.408726529485262224e-01,-5.256467394247666541e-02,5.000000000000000000e-01,-2.346819855879642702e-01
2.031250000000000000e-01,7.968750000000000000e-01,-4.583407074340462017e-02,2.316021443119112566e-01,-4.918547729943342772e-02,5.000000000000000000e-01,-5.908351871009932532e-01
2.343750000000000000e-01,7.968750000000000000e-01,-3.516553212891250502e-02,2.193703596089119912e-01,-4.688338136056514893e-02,5.000000000000000000e-01,-8.859737958666025204e-01
2.656250000000000000e-01,7.968750000000000000e-01,-2.177786763248374183e-02,2.057803515532526384e-01,-4.578853220925777068e-02,5.000000000000000000e-01,-1.140094516957619319e+00
2.968750000000000000e-01,7.968750000000000000e-01,-6.742008987259088572e-03,1.916452454119495774e-01,-4.587818172480994522e-02,5.000000000000000000e-01,-1.366670396947273103e+00
3.281250000000000000e-01,7.968750000000000000e-01,9.083607632467778289e-03,1.772997246380347836e-01,-4.704011537602931226e-02,5.000000000000000000e-01,-1.575036491781399928e+00
3.593750000000000000e-01,7.968750000000000000e-01,2.500699284049054741e-02,1.627809864813753449e-01,-4.910537873701614070e-02,5.000000000000000000e-01,-1.771931579025460168e+00
3.906250000000000000e-01,7.968750000000000000e-01,4.045633506645768263e-02,1.479482733076081802e-01,-5.187096023749959706e-02,5.000000000000000000e-01,-1.962201283873185709e+00
4.218750000000000000e-01,7.968750000000000000e-01,5.493715562327824986e-02,1.325504944269384477e-01,-5.509779290906165888e-02,5.000000000000000000e-01,-2.149457489705521862e+00
4.531250000000000000e-01,7.968750000000000000e-01,6.799479148621966063e-02,1.162630262772805928e-01,-5.851378196409579707e-02,5.000000000000000000e-01,-2.336377627104046617e+00
4.843750000000000000e-01,7.968750000000000000e-01,7.918621750775699242e-02,9.870998896654188670e-02,-6.181007876906859794e-02,5.000000000000000000e-01,-2.524883231206507705e+00
5.156250000000000000e-01,7.968750000000000000e-01,8.806045270113808943e-02,7.947476990556631704e-02,-6.463791259219384133e-02,5.000000000000000000e-01,-2.716320995086408896e+00
5.468750000000000000e-01,7.968750000000000000e-01,9.414610726247576999e-02,5.810184069656743749e-02,-6.660715830655472569e-02,5.000000000000000000e-01,-2.911564476661881340e+00
5.781250000000000000e-01,7.968750000000000000e-01,9.694420517928029057e-02,3.408972180226659682e-02,-6.728895254081061761e-02,5.000000000000000000e-01,-3.110955916209028338e+00
6.093750000000000000e-01,7.968750000000000000e-01,9.592717098861301694e-02,6.882467232903054233e-03,-6.622244175373701025e-02,5.000000000000000000e-01,-3.313973816975118503e+00
6.406250000000000000e-01,7.968750000000000000e-01,9.055120477628766928e-02,-2.413617610974518046e-02,-6.282339014047320924e-02,5.000000000000000000e-01,-3.518247538889566428e+00
6.718750000000000000e-01,7.968750000000000000e-01,8.029314169381726596e-02,-5.962670070472396444e-02,-5.630901677420461354e-02,5.000000000000000000e-01,-3.719016182202089738e+00
7.031250000000000000e-01,7.968750000000000000e-01,6.470988882842956813e-02,-1.003213670859421647e-01,-4.618790977936897135e-02,5.000000000000000000e-01,-3.909937600237313404e+00
7.343750000000000000e-01,7.968750000000000000e-01,4.355275453683073172e-02,-1.471043374046919205e-01,-3.207034915988612317e-02,5.000000000000000000e-01,-4.079708034302047537e+00
7.656250000000000000e-01,7.968750000000000000e-01,1.700861222937449097e-02,-2.009214726510997195e-01,-1.374160696862855059e-02,5.000000000000000000e-01,-4.200797431766023493e+00
7.968750000000000000e-01,7.968750000000000000e-01,-1.379255575064852572e-02,-2.622974938760308516e-01,8.748045928378403099e-03,5.000000000000000000e-01,-4.212995445196783706e+00
8.281250000000000000e-01,7.968750000000000000e-01,-4.590177739121031192e-02,-3.302343477429765528e-01,3.480244807845186972e-02,5.000000000000000000e-01,-3.992370814590594286e+00
8.593750000000000000e-01,7.968750000000000000e-01,-7.364903242047893261e-02,-3.994599864680274948e-01,6.295514840599603090e-02,5.000000000000000000e-01,-3.313061713409548581e+00
8.906250000000000000e-01,7.968750000000000000e-01,-8.853611798667748722e-02,-4.556544034931269138e-01,9.022352008013186098e-02,5.000000000000000000e-01,-1.834882885432263411e+00
9.218750000000000000e-01,7.968750000000000000e-01,-8.168806215556613515e-02,-4.693978120386976816e-01,1.118930365088195017e-01,5.000000000000000000e-01,8.203457046888082971e-01
9.531250000000000000e-01,7.968750000000000000e-01,-5.138280138512298090e-02,-3.938714178539349242e-01,1.224006938318784737e-01,5.000000000000000000e-01,4.759832993544748980e+00
9.843750000000000000e-01,7.968750000000000000e-01,-1.546585467430719452e-02,-1.798630061644493627e-01,1.178503667602738419e-01,5.000000000000000000e-01,6.940294737483893250e+00
1.562500000000000000e-02,8.281250000000000000e-01,-7.887867557302282243e-03,8.010550611088275430e-02,-7.568702095485468906e-02,5.000000000000000000e-01,3.282753771011761135e+00
4.687500000000000000e-02,8.281250000000000000e-01,-2.719004122758331837e-02,1.792359369825390070e-01,-7.861596281250003704e-02,5.000000000000000000e-01,2.661759214913730798e+00
7.812500000000000000e-02,8.281250000000000000e-01,-4.660778254462116105e-02,2.278530415676737197e-01,-7.581957723650888104e-02,5.000000000000000000e-01,1.393752401213391279e+00
1.093750000000000000e-01,8.281250000000000000e-01,-5.725599666823359690e-02,2.443363229605262643e-01,-6.978386610790542066e-02,5.000000000000000000e-01,4.739950946767819140e-01
1.406250000000000000e-01,8.281250000000000000e-01,-5.763714361747816761e-02,2.429911674583377645e-01,-6.274958456306377330e-02,5.000000000000000000e-01,-1.896469620975521631e-01
1.718750000000000000e-01,8.281250000000000000e-01,-4.938342580774787716e-02,2.327338534518763880e-01,-5.622055617714018932e-02,5.000000000000000000e-01,-6.833861264408914726e-01
2.031250000000000000e-01,8.281250000000000000e-01,-3.486153101055216447e-02,2.185643429468734911e-01,-5.099916566002579005e-02,5.000000000000000000e-01,-1.066280861014441417e+00
2.343750000000000000e-01,8.281250000000000000e-01,-1.622210109572035097e-02,2.031001924446258211e-01,-4.740147361621907529e-02,5.000000000000000000e-01,-1.375637599821099233e+00
2.656250000000000000e-01,8.281250000000000000e-01,4.843093407027649136e-03,1.875976597183620087e-01,-4.545459849255616830e-02,5.000000000000000000e-01,-1.635139885468198662e+00
2.968750000000000000e-01,8.281250000000000000e-01,2.707573128212075950e-02,1.725594407265224062e-01,-4.501918552333494805e-02,5.000000000000000000e-01,-1.860428611823786715e+00
3.281250000000000000e-01,8.281250000000000000e-01,4.955597123137277238e-02,1.580796727544830638e-01,-4.589779671259647253e-02,5.000000000000000000e-01,-2.062284018280710285e+00
3.593750000000000000e-01,8.281250000000000000e-01,7.160276704512216761e-02,1.440308573431549055e-01,-4.785362092497246617e-02,5.000000000000000000e-01,-2.248340320332189002e+00
3.906250000000000000e-01,8.281250000000000000e-01,9.268352848149884193e-02,1.301682987834847927e-01,-5.062357312763991063e-02,5.000000000000000000e-01,-2.424055946408477880e+00
4.218750000000000000e-01,8.281250000000000000e-01,1.123481019903604383e-01,1.161850748853796578e-01,-5.392117739569115414e-02,5.000000000000000000e-01,-2.593462134597317448e+00
4.531250000000000000e-01,8.281250000000000000e-01,1.301821230602794033e-01,1.017367888859789793e-01,-5.743399781198444548e-02,5.000000000000000000e-01,-2.759663530892059846e+00
4.843750000000000000e-01,8.281250000000000000e-01,1.457736982785614033e-01,8.645322511802416843e-02,-6.081771584257455315e-02,5.000000000000000000e-01,-2.925106092551319481e+00
5.156250000000000000e-01,8.281250000000000000e-01,1.586899580458026593e-01,6.994103879346172392e-02,-6.369030936482746041e-02,5.000000000000000000e-01,-3.091767744765235637e+00
5.468750000000000000e-01,8.281250000000000000e-01,1.684602633294793317e-01,5.177961196365768459e-02,-6.562813764045932752e-02,5.000000000000000000e-01,-3.261287664554144872e+00
5.781250000000000000e-01,8.281250000000000000e-01,1.745636290789384926e-01,3.151048686891264050e-02,-6.616542687024963565e-02,5.000000000000000000e-01,-3.435016649389762478e+00
6.093750000000000000e-01,8.281250000000000000e-01,1.764197931459281776e-01,8.622572289934585243e-03,-6.479830021612169311e-02,5.000000000000000000e-01,-3.613945351101994774e+00
6.406250000000000000e-01,8.281250000000000000e-01,1.733859122062605951e-01,-1.746643401478380209e-02,-6.092627835004203046e-02,5.000000000000000000e-01,-3.798072576168642023e+00
6.718750000000000000e-01,8.281250000000000000e-01,1.647584821218955886e-01,-4.741094963284991914e-02,-5.365004509748935030e-02,5.000000000000000000e-01,-3.986053111380917446e+00
7.031250000000000000e-01,8.281250000000000000e-01,1.498025106832436837e-01,-8.199789385377657946e-02,-4.239326430180612171e-02,5.000000000000000000e-01,-4.176602996372233534e+00
7.343750000000000000e-01,8.281250000000000000e-01,1.278290385380814187e-01,-1.222972042000964321e-01,-2.663179298032592596e-02,5.000000000000000000e-01,-4.367235965021571964e+00
7.656250000000000000e-01,8.281250000000000000e-01,9.836904774789614891e-02,-1.697244727580537460e-01,-5.954965919534148042e-03,5.000000000000000000e-01,-4.547111554149133816e+00
7.968750000000000000e-01,8.281250000000000000e-01,6.158588339512351822e-02,-2.259101614362811761e-01,1.982554083947470069e-02,5.000000000000000000e-01,-4.681191803712604127e+00
8.281250000000000000e-01,8.281250000000000000e-01,1.910766986175562940e-02,-2.920342450087965447e-01,5.043576684358926088e-02,5.000000000000000000e-01,-4.669592233945294879e+00
8.593750000000000000e-01,8.281250000000000000e-01,-2.442575207869625634e-02,-3.663794122324870450e-01,8.476662551826312508e-02,5.000000000000000000e-01,-4.277603119349686622e+00
8.906250000000000000e-01,8.281250000000000000e-01,-5.961706588617985553e-02,-4.386565783549852271e-01,1.202592365697828097e-01,5.000000000000000000e-01,-3.059137219610423841e+00
9.218750000000000000e-01,8.281250000000000000e-01,-7.301180597105777492e-02,-4.798489529230727246e-01,1.515583511373192471e-01,5.000000000000000000e-01,-3.709727465217576015e-01
9.531250000000000000e-01,8.281250000000000000e-01,-5.490866908271397479e-02,-4.318286746283467314e-01,1.707181730215961424e-01,5.000000000000000000e-01,4.312227127978633945e+00
9.843750000000000000e-01,8.281250000000000000e-01,-1.870125217240536236e-02,-2.140301130111619266e-01,1.700802523035294944e-01,5.000000000000000000e-01,7.081947551188845225e+00
1.562500000000000000e-02,8.593750000000000000e-01,-1.212828803129162129e-02,1.001216616994766578e-01,-9.679947450122605712e-02,5.000000000000000000e-01,3.501951866794411838e+00
4.687500000000000000e-02,8.593750000000000000e-01,-3.796289561825800379e-02,2.043565626511925082e-01,-9.841289937653997788e-02,5.000000000000000000e-01,2.636946871353444077e+00
7.812500000000000000e-02,8.593750000000000000e-01,-5.803088225363597918e-02,2.422181438514360297e-01,-9.096971762233192760e-02,5.000000000000000000e-01,9.219233913092809152e-01
1.093750000000000000e-01,8.593750000000000000e-01,-6.276280499968381332e-02,2.453513575464242313e-01,-7.976228120666760402e-02,5.000000000000000000e-01,-2.150274507226658249e-01
1.406250000000000000e-01,8.593750000000000000e-01,-5.345621498394975690e-02,2.330506898059502841e-01,-6.837462796020310485e-02,5.000000000000000000e-01,-9.818188672369735359e-01
1.718750000000000000e-01,8.593750000000000000e-01,-3.420396841680508476e-02,2.151683667273888989e-01,-5.864995059855843823e-02,5.000000000000000000e-01,-1.522989358909970115e+00
2.031250000000000000e-01,8.593750000000000000e-01,-8.825177937252595001e-03,1.962291443946127534e-01,-5.126647504081687651e-02,5.000000000000000000e-01,-1.923156125037570163e+00
2.343750000000000000e-01,8.593750000000000000e-01,1.984513463139471814e-02,1.781256485134073975e-01,-4.629518406617583876e-02,5.000000000000000000e-01,-2.231388133440050048e+00
2.656250000000000000e-01,8.593750000000000000e-01,4.987762349117526306e-02,1.614745202870518925e-01,-4.351025112156046287e-02,5.000000000000000000e-01,-2.478091578478160084e+00
2.968750000000000000e-01,8.593750000000000000e-01,8.001679228784863707e-02,1.463107734860660536e-01,-4.262436820650119390e-02,5.000000000000000000e-01,-2.682593056821146238e+00
3.281250000000000000e-01,8.593750000000000000e-01,1.094477753916446722e-01,1.324171169418913996e-01,-4.331021471340298218e-02,5.000000000000000000e-01,-2.857641940574134676e+00
3.593750000000000000e-01,8.593750000000000000e-01,1.376168888902540854e-01,1.194775038433877890e-01,-4.523485377290487747e-02,5.000000000000000000e-01,-3.011960844550213956e+00
3.906250000000000000e-01,8.593750000000000000e-01,1.641140492592123024e-01,1.071437304779170319e-01,-4.806569740519525680e-02,5.000000000000000000e-01,-3.151848259995812640e+00
4.218750000000000000e-01,8.593750000000000000e-01,1.885970291381047770e-01,9.506208980319336144e-02,-5.146499072049502688e-02,5.000000000000000000e-01,-3.282089091361828359e+00
4.531250000000000000e-01,8.593750000000000000e-01,2.107419123996179255e-01,8.288086963673314822e-02,-5.508021062625397674e-02,5.000000000000000000e-01,-3.406479929925919858e+00
4.843750000000000000e-01,8.593750000000000000e-01,2.302095981996972185e-01,7.024988334890869268e-02,-5.853350055524966095e-02,5.000000000000000000e-01,-3.528148661148059695e+00
5.156250000000000000e-01,8.593750000000000000e-01,2.466223235945988468e-01,5.681539540043437087e-02,-6.141225186394592278e-02,5.000000000000000000e-01,-3.649779651100236499e+00
5.468750000000000000e-01,8.593750000000000000e-01,2.595460343725607411e-01,4.221123929504649874e-02,-6.326205000530092659e-02,5.000000000000000000e-01,-3.773787155483375955e+00
5.781250000000000000e-01,8.593750000000000000e-01,2.684757060924173322e-01,2.604582206820801188e-02,-6.358291028105383935e-02,5.000000000000000000e-01,-3.902444327813927138e+00
6.093750000000000000e-01,8.593750000000000000e-01,2.728218345487912755e-01,7.884944567275658373e-03,-6.182985143145549450e-02,5.000000000000000000e-01,-4.037944194661489128e+00
6.406250000000000000e-01,8.593750000000000000e-01,2.718972188640432774e-01,-1.277030966770931544e-02,-5.737014801404432401e-02,5.000000000000000000e-01,-4.181680012630746290e+00
6.718750000000000000e-01,8.593750000000000000e-01,2.648900013161318290e-01,-3.647242634764796126e-02,-4.922587318463322870e-02,5.000000000000000000e-01,-4.335310985360382396e+00
7.031250000000000000e-01,8.593750000000000000e-01,2.508613215344476233e-01,-6.395176591864243365e-02,-3.673022759001879495e-02,5.000000000000000000e-01,-4.502797677330634407e+00
7.343750000000000000e-01,8.593750000000000000e-01,2.287784234464018129e-01,-9.628696190202248872e-02,-1.921070392298286633e-02,5.000000000000000000e-01,-4.689653578688728786e+00
7.656250000000000000e-01,8.593750000000000000e-01,1.975901271275106175e-01,-1.350864279470512241e-01,3.977459198787829109e-03,5.000000000000000000e-01,-4.899360227997682671e+00
7.968750000000000000e-01,8.593750000000000000e-01,1.564721597306464318e-01,-1.826470744976468330e-01,3.338535635174257749e-02,5.000000000000000000e-01,-5.122272322917952536e+00
8.281250000000000000e-01,8.593750000000000000e-01,1.054784864341647144e-01,-2.418254451175813058e-01,6.930627311567337523e-02,5.000000000000000000e-01,-5.302502274312608677e+00
8.593750000000000000e-01,8.593750000000000000e-01,4.707882919268781968e-02,-3.146551329417734966e-01,1.113807888595655521e-01,5.000000000000000000e-01,-5.252544463439826394e+00
8.906250000000000000e-01,8.593750000000000000e-01,-1.080958245161166113e-02,-3.973011321939156626e-01,1.576792097784070479e-01,5.000000000000000000e-01,-4.487508083908275935e+00
9.218750000000000000e-01,8.593750000000000000e-01,-5.167436177131778940e-02,-4.669448796795582779e-01,2.032991789319979758e-01,5.000000000000000000e-01,-2.064822612996904283e+00
9.531250000000000000e-01,8.593750000000000000e-01,-5.507815697187682519e-02,-4.594320895596460397e-01,2.376551190180418438e-01,5.000000000000000000e-01,3.226236163148724412e+00
9.843750000000000000e-01,8.593750000000000000e-01,-2.249045338924041126e-02,-2.552218185728076794e-01,2.464082620354083875e-01,5.000000000000000000e-01,6.638193424620843608e+00
1.562500000000000000e-02,8.906250000000000000e-01,-1.829005732852131277e-02,1.305400070592895867e-01,-1.319492429987556836e-01,5.000000000000000000e-01,3.421120074912475939e+00
4.687500000000000000e-02,8.906250000000000000e-01,-4.990273853521422220e-02,2.313855060850388556e-01,-1.273901698615743927e-01,5.000000000000000000e-01,2.110653696759715814e+00
7.812500000000000000e-02,8.906250000000000000e-01,-6.323319960621949509e-02,2.485876481239729097e-01,-1.098135368212377477e-01,5.000000000000000000e-01,-2.662456498784849801e-01
1.093750000000000000e-01,8.906250000000000000e-01,-5.298423504355272845e-02,2.334648114572684396e-01,-8.986770595209915558e-02,5.000000000000000000e-01,-1.661529274196867245e+00
1.406250000000000000e-01,8.906250000000000000e-01,-2.645645523420265405e-02,2.091028660700219866e-01,-7.238343591826329471e-02,5.000000000000000000e-01,-2.513482460814274067e+00
1.718750000000000000e-01,8.906250000000000000e-01,8.981863712787731269e-03,1.844256249491821598e-01,-5.886602500882100880e-02,5.000000000000000000e-01,-3.060311512083293550e+00
2.031250000000000000e-01,8.906250000000000000e-01,4.829300859031446930e-02,1.622819508157402613e-01,-4.923038923578886700e-02,5.000000000000000000e-01,-3.427846444365478806e+00
2.343750000000000000e-01,8.906250000000000000e-01,8.848503313672193005e-02,1.432105049772251226e-01,-4.300920524030786563e-02,5.000000000000000000e-01,-3.683751853992530467e+00
2.656250000000000000e-01,8.906250000000000000e-01,1.279089420345713157e-01,1.269332660656042333e-01,-3.962734319698958674e-02,5.000000000000000000e-01,-3.867036539619701951e+00
2.968750000000000000e-01,8.906250000000000000e-01,1.656803939882819099e-01,1.129414069571297308e-01,-3.853192119874452454e-02,5.000000000000000000e-01,-4.001297550544192561e+00
3.281250000000000000e-01,8.906250000000000000e-01,2.013253228745779111e-01,1.007105714807356722e-01,-3.922880180056685651e-02,5.000000000000000000e-01,-4.101674859059929013e+00
3.593750000000000000e-01,8.906250000000000000e-01,2.345769333655361721e-01,8.976332531497582812e-02,-4.127951010534747917e-02,5.000000000000000000e-01,-4.178599530712888921e+00
3.906250000000000000e-01,8.906250000000000000e-01,2.652586306910427183e-01,7.967905131186422962e-02,-4.428351409488190393e-02,5.000000000000000000e-01,-4.239665567082409936e+00
4.218750000000000000e-01,8.906250000000000000e-01,2.932158093592908132e-01,7.008661042210560799e-02,-4.785755423814596482e-02,5.000000000000000000e-01,-4.290669356479091867e+00
4.531250000000000000e-01,8.906250000000000000e-01,3.182749122263647257e-01,6.065236288923379904e-02,-5.161642116743148101e-02,5.000000000000000000e-01,-4.336235788231124211e+00
4.843750000000000000e-01,8.906250000000000000e-01,3.402175153640163430e-01,5.106810115867714550e-02,-5.515642225773131208e-02,5.000000000000000000e-01,-4.380229226221419303e+00
5.156250000000000000e-01,8.906250000000000000e-01,3.587625421857052466e-01,4.103942537407545554e-02,-5.804191085342098183e-02,5.000000000000000000e-01,-4.426054313895466663e+00
5.468750000000000000e-01,8.906250000000000000e-01,3.735523872149639768e-01,3.027365351418473405e-02,-5.979495057948464726e-02,5.000000000000000000e-01,-4.476898034740234067e+00
5.781250000000000000e-01,8.906250000000000000e-01,3.841401048395380879e-01,1.846601850463903613e-02,-5.988824384151918839e-02,5.000000000000000000e-01,-4.535925138521880839e+00
6.093750000000000000e-01,8.906250000000000000e-01,3.899751735763539173e-01,5.283550937654942978e-03,-5.774192758418527499e-02,5.000000000000000000e-01,-4.606390834385084787e+00
6.406250000000000000e-01,8.906250000000000000e-01,3.903835420807586498e-01,-9.652668857745305003e-03,-5.267199653597254977e-02,5.000000000000000000e-01,-4.690704824903082937e+00
6.718750000000000000e-01,8.906250000000000000e-01,3.845339624559863667e-01,-2.673326998492825748e-02,-4.368952940541800944e-02,5.000000000000000000e-01,-4.793172673405845075e+00
7.031250000000000000e-01,8.906250000000000000e-01,3.714128299620337859e-01,-4.654111000572540291e-02,-3.003580680895257676e-02,5.000000000000000000e-01,-4.922407096023849959e+00
7.343750000000000000e-01,8.906250000000000000e-01,3.497977251777181773e-01,-6.999961494257805894e-02,-1.088394123734066736e-02,5.000000000000000000e-01,-5.090292083851941207e+00
7.656250000000000000e-01,8.906250000000000000e-01,3.182189494021269716e-01,-9.860670281201328047e-02,1.467439242744147943e-02,5.000000000000000000e-01,-5.311673530916865005e+00
7.968750000000000000e-01,8.906250000000000000e-01,2.749888864069655048e-01,-1.347787692406590687e-01,4.764767049021532280e-02,5.000000000000000000e-01,-5.599459135488498163e+00
8.281250000000000000e-01,8.906250000000000000e-01,2.185060035621670393e-01,-1.822171942332889150e-01,8.912770465893400662e-02,5.000000000000000000e-01,-5.943413083933569041e+00
8.593750000000000000e-01,8.906250000000000000e-01,1.483825898099585261e-01,-2.457403128323804586e-01,1.400884206234577212e-01,5.000000000000000000e-01,-6.239628153334484395e+00
8.906250000000000000e-01,8.906250000000000000e-01,6.856244262030257441e-02,-3.285073934693532594e-01,2.005486021196813684e-01,5.000000000000000000e-01,-6.088486434346648934e+00
9.218750000000000000e-01,8.906250000000000000e-01,-6.091350024481646461e-03,-4.202200464396302904e-01,2.671620827318607616e-01,5.000000000000000000e-01,-4.372950105827643874e+00
9.531250000000000000e-01,8.906250000000000000e-01,-4.482536817275864505e-02,-4.640191094507379876e-01,3.289287631333192019e-01,5.000000000000000000e-01,1.074550557197388567e+00
9.843750000000000000e-01,8.906250000000000000e-01,-2.516779923753136028e-02,-3.028800711995794925e-01,3.603056230139008997e-01,5.000000000000000000e-01,5.114041156627944673e+00
1.562500000000000000e-02,9.218750000000000000e-01,-2.425729466182281746e-02,1.730873590496337378e-01,-1.961050123558726044e-01,5.000000000000000000e-01,2.314990737933552367e+00
4.687500000000000000e-02,9.218750000000000000e-01,-5.183111060105691226e-02,2.480246512406217296e-01,-1.695536728433631180e-01,5.000000000000000000e-01,7.091196055818715926e-02
7.812500000000000000e-02,9.218750000000000000e-01,-3.931122376400108392e-02,2.327590772023394872e-01,-1.306273683822140041e-01,5.000000000000000000e-01,-3.109285075203477522e+00
1.093750000000000000e-01,9.218750000000000000e-01,1.597992583669469863e-03,1.981352014685645313e-01,-9.714797492126023282e-02,5.000000000000000000e-01,-4.631567276942703870e+00
1.406250000000000000e-01,9.218750000000000000e-01,5.459725230885609237e-02,1.649054365241891806e-01,-7.224360480717770261e-02,5.000000000000000000e-01,-5.390291345502559395e+00
1.718750000000000000e-01,9.218750000000000000e-01,1.102445858341190438e-01,1.375374020227616012e-01,-5.493631030144355970e-02,5.000000000000000000e-01,-5.771954767827613964e+00
2.031250000000000000e-01,9.218750000000000000e-01,1.642001048636327898e-01,1.159035098351203219e-01,-4.361951765005081527e-02,5.000000000000000000e-01,-5.951566771243080645e+00
2.343750000000000000e-01,9.218750000000000000e-01,2.147309407557918548e-01,9.886608551927855704e-02,-3.683388436353061957e-02,5.000000000000000000e-01,-6.015570278690288930e+00
2.656250000000000000e-01,9.218750000000000000e-01,2.612983091973112293e-01,8.528640818418209424e-02,-3.344603168321075987e-02,5.000000000000000000e-01,-6.010363793255534048e+00
2.968750000000000000e-01,9.218750000000000000e-01,3.038751946119920833e-01,7.423992747016042171e-02,-3.260403965580526559e-02,5.000000000000000000e-01,-5.963066219482792363e+00
3.281250000000000000e-01,9.218750000000000000e-01,3.426243724407363467e-01,6.501794425266468891e-02,-3.365645471417345880e-02,5.000000000000000000e-01,-5.890645650791340060e+00
3.593750000000000000e-01,9.218750000000000000e-01,3.777478393909382004e-01,5.708087510188667585e-02,-3.608188346509353522e-02,5.000000000000000000e-01,-5.804343930248976768e+00
3.906250000000000000e-01,9.218750000000000000e-01,4.094164323089927171e-01,5.001121128139233984e-02,-3.943536362536553125e-02,5.000000000000000000e-01,-5.712012878617905187e+00
4.218750000000000000e-01,9.218750000000000000e-01,4.377371754954175742e-01,4.347652859790457347e-02,-4.330884059639045908e-02,5.000000000000000000e-01,-5.619450999722405804e+00
4.531250000000000000e-01,9.218750000000000000e-01,4.627381399006347262e-01,3.720237744114374134e-02,-4.730198643288516247e-02,5.000000000000000000e-01,-5.531224801151777726e+00
4.843750000000000000e-01,9.218750000000000000e-01,4.843609873233775676e-01,3.095263604637273763e-02,-5.100029737925491219e-02,5.000000000000000000e-01,-5.451212100561963148e+00
5.156250000000000000e-01,9.218750000000000000e-01,5.024562705685731157e-01,2.451458041949546030e-02,-5.395838395432853846e-02,5.000000000000000000e-01,-5.382994260748334980e+00
5.468750000000000000e-01,9.218750000000000000e-01,5.167787546743889404e-01,1.768616933369010144e-02,-5.568706568658416539e-02,5.000000000000000000e-01,-5.330163917036135679e+00
5.781250000000000000e-01,9.218750000000000000e-01,5.269809246735051023e-01,1.026361506144336973e-02,-5.564341301196134432e-02,5.000000000000000000e-01,-5.296557724841077786e+00
6.093750000000000000e-01,9.218750000000000000e-01,5.326025743354747544e-01,2.029235982065236317e-03,-5.322373141517729861e-02,5.000000000000000000e-01,-5.286309332540467310e+00
6.406250000000000000e-01,9.218750000000000000e-01,5.330494494979027831e-01,-7.253597568988475776e-03,-4.769211912470051884e-02,5.000000000000000000e-01,-5.303303335214224923e+00
6.718750000000000000e-01,9.218750000000000000e-01,5.275748522560170795e-01,-1.780816440702703146e-02,-3.811772135702561765e-02,5.000000000000000000e-01,-5.354368197715245969e+00
7.031250000000000000e-01,9.218750000000000000e-01,5.152454200782884408e-01,-3.001565091194537821e-02,-2.365913715111813559e-02,5.000000000000000000e-01,-5.451336683430611174e+00
7.343750000000000000e-01,9.218750000000000000e-01,4.948560858808602747e-01,-4.452063505461427428e-02,-3.353407471801997733e-03,5.000000000000000000e-01,-5.610408848409953464e+00
7.656250000000000000e-01,9.218750000000000000e-01,4.647905685117336705e-01,-6.244138955525928986e-02,2.395500018660363592e-02,5.000000000000000000e-01,-5.854251326608610029e+00
7.968750000000000000e-01,9.218750000000000000e-01,4.228278642774019325e-01,-8.575131526791987535e-02,5.974506067833930401e-02,5.000000000000000000e-01,-6.213036840013735684e+00
8.281250000000000000e-01,9.218750000000000000e-01,3.659802605882913618e-01,-1.179141616721191277e-01,1.060364630117001244e-01,5.000000000000000000e-01,-6.717516474981316321e+00
8.593750000000000000e-01,9.218750000000000000e-01,2.907653895400287847e-01,-1.647050605930790446e-01,1.656673805210991945e-01,5.000000000000000000e-01,-7.357497249353121660e+00
8.906250000000000000e-01,9.218750000000000000e-01,1.952410860878041055e-01,-2.341981950667740286e-01,2.422917576798236938e-01,5.000000000000000000e-01,-7.915330090297471699e+00
9.218750000000000000e-01,9.218750000000000000e-01,8.612330386152523831e-02,-3.307576699711464729e-01,3.385081541293815666e-01,5.000000000000000000e-01,-7.411488346574332198e+00
9.531250000000000000e-01,9.218750000000000000e-01,-4.897591556662816287e-03,-4.237265723527567918e-01,4.474339016970690364e-01,5.000000000000000000e-01,-2.822637932626043344e+00
9.843750000000000000e-01,9.218750000000000000e-01,-1.983994917616997006e-02,-3.478878196132807465e-01,5.336663522582461017e-01,5.000000000000000000e-01,1.739622306757545811e+00
1.562500000000000000e-02,9.531250000000000000e-01,-1.310239406739234849e-02,2.104470477788488725e-01,-3.208312887539632174e-01,5.000000000000000000e-01,-1.877236904661667261e+00
4.687500000000000000e-02,9.531250000000000000e-01,5.336982082604833227e-03,2.197994023006434872e-01,-2.226230715537764748e-01,5.000000000000000000e-01,-6.517802603229566394e+00
7.812500000000000000e-02,9.531250000000000000e-01,8.120766782194063782e-02,1.725937535659261002e-01,-1.442923816372109480e-01,5.000000000000000000e-01,-9.681379544385560365e+00
1.093750000000000000e-01,9.531250000000000000e-01,1.686350790872159222e-01,1.299638974920320766e-01,-9.378426247419036077e-02,5.000000000000000000e-01,-1.049002829409978688e+01
1.406250000000000000e-01,9.531250000000000000e-01,2.498389544139044127e-01,9.887360544884653268e-02,-6.276019611936213549e-02,5.000000000000000000e-01,-1.049046924582874674e+01
1.718750000000000000e-01,9.531250000000000000e-01,3.207271100129447383e-01,7.703374397380098604e-02,-4.398963400334205548e-02,5.000000000000000000e-01,-1.019001439365543504e+01
2.031250000000000000e-01,9.531250000000000000e-01,3.815946152895239862e-01,6.158414357798790151e-02,-3.298490693287588205e-02,5.000000000000000000e-01,-9.778107144714384802e+00
2.343750000000000000e-01,9.531250000000000000e-01,4.338410739039267883e-01,5.040815726984908263e-02,-2.709371839898380707e-02,5.000000000000000000e-01,-9.333517084978369738e+00
2.656250000000000000e-01,9.531250000000000000e-01,4.789305210639240862e-01,4.208752083209493788e-02,-2.471127829594658293e-02,5.000000000000000000e-01,-8.891251482680104345e+00
2.968750000000000000e-01,9.531250000000000000e-01,5.181035687744390827e-01,3.568888169705178998e-02,-2.481202829786179065e-02,5.000000000000000000e-01,-8.467271962091743376e+00
3.281250000000000000e-01,9.531250000000000000e-01,5.523316236807629398e-01,3.059175729070518629e-02,-2.669072112812449771e-02,5.000000000000000000e-01,-8.068819315820578097e+00
3.593750000000000000e-01,9.531250000000000000e-01,5.823416960348248850e-01,2.637352275958228243e-02,-2.981828344773692491e-02,5.000000000000000000e-01,-7.699122637602322072e+00
3.906250000000000000e-01,9.531250000000000000e-01,6.086550891006796693e-01,2.273657763978749469e-02,-3.375813937544185767e-02,5.000000000000000000e-01,-7.359686776887057746e+00
4.218750000000000000e-01,9.531250000000000000e-01,6.316226630016925636e-01,1.946284515207166027e-02,-3.811477611855573766e-02,5.000000000000000000e-01,-7.051461041761331927e+00
4.531250000000000000e-01,9.531250000000000000e-01,6.514525697468189769e-01,1.638518973663298517e-02,-4.250009306627398203e-02,5.000000000000000000e-01,-6.775468809249652224e+00
4.843750000000000000e-01,9.531250000000000000e-01,6.682304746274907448e-01,1.336907144746893317e-02,-4.650997679243611821e-02,5.000000000000000000e-01,-6.533174843331278403e+00
5.156250000000000000e-01,9.531250000000000000e-01,6.819332167697935709e-01,1.030011963090097030e-02,-4.970699546281742015e-02,5.000000000000000000e-01,-6.326730786531006956e+00
5.468750000000000000e-01,9.531250000000000000e-01,6.924366666716703644e-01,7.074696114592007867e-03,-5.160674548029622888e-02,5.000000000000000000e-01,-6.159168985753427528e+00
5.781250000000000000e-01,9.531250000000000000e-01,6.995180292904805697e-01,3.591555662615043311e-03,-5.166608039484582582e-02,5.000000000000000000e-01,-6.034545400900388046e+00
6.093750000000000000e-01,9.531250000000000000e-01,7.028522942297013021e-01,-2.546192202967830225e-04,-4.927204805719422737e-02,5.000000000000000000e-01,-5.957886998647813570e+00
6.406250000000000000e-01,9.531250000000000000e-01,7.020026001425554441e-01,-4.566923441908815606e-03,-4.367449228188187427e-02,5.000000000000000000e-01,-5.935353636169722336e+00
6.718750000000000000e-01,9.531250000000000000e-01,6.964199214702323504e-01,-9.437562619897794589e-03,-3.402283815418948726e-02,5.000000000000000000e-01,-5.976307680739441075e+00
7.031250000000000000e-01,9.531250000000000000e-01,6.854089020288597345e-01,-1.504580107997332064e-02,-1.942493024451536626e-02,5.000000000000000000e-01,-6.094573408912909329e+00
7.343750000000000000e-01,9.531250000000000000e-01,6.680225395600263294e-01,-2.171478822032466005e-02,1.162222774728761260e-03,5.000000000000000000e-01,-6.309251019529730442e+00
7.656250000000000000e-01,9.531250000000000000e-01,6.428789771018594834e-01,-3.003815656225557879e-02,2.904928982959632811e-02,5.000000000000000000e-01,-6.648410479049884358e+00
7.968750000000000000e-01,9.531250000000000000e-01,6.078309167909641264e-01,-4.114378371569660242e-02,6.604317486445998586e-02,5.000000000000000000e-01,-7.155111644822420125e+00
8.281250000000000000e-01,9.531250000000000000e-01,5.593970379233401680e-01,-5.724021066760776044e-02,1.149100962279983318e-01,5.000000000000000000e-01,-7.894886768599748805e+00
8.593750000000000000e-01,9.531250000000000000e-01,4.919421344998737844e-01,-8.270923712586145116e-02,1.803201080772287024e-01,5.000000000000000000e-01,-8.952606436651091570e+00
8.906250000000000000e-01,9.531250000000000000e-01,3.972179638858271411e-01,-1.259455444677203551e-01,2.706617574152431205e-01,5.000000000000000000e-01,-1.035128317017122690e+01
9.218750000000000000e-01,9.531250000000000000e-01,2.675982943504313649e-01,-2.002728688085255171e-01,4.004884450724757183e-01,5.000000000000000000e-01,-1.158905550499462755e+01
9.531250000000000000e-01,9.531250000000000000e-01,1.144593529742347904e-01,-3.100515367209930595e-01,5.867079715078971081e-01,5.000000000000000000e-01,-9.636955648996316626e+00
9.843750000000000000e-01,9.531250000000000000e-01,1.778331206907412046e-02,-3.499444567203766621e-01,8.001368508871434804e-01,5.000000000000000000e-01,-4.251301784009415385e+00
1.562500000000000000e-02,9.843750000000000000e-01,1.117747209231206157e-01,1.117747209231206157e-01,-5.830338734124664857e-01,5.000000000000000000e-01,-4.560736635904211411e+00
4.687500000000000000e-02,9.843750000000000000e-01,3.176782578878681873e-01,9.412881604162696980e-02,-2.530072413323359304e-01,5.000000000000000000e-01,-1.075719765618651813e+01
7.812500000000000000e-02,9.843750000000000000e-01,4.759394929514850769e-01,6.413241902198990596e-02,-1.229326593553025787e-01,5.000000000000000000e-01,-1.344255624682182848e+01
1.093750000000000000e-01,9.843750000000000000e-01,5.835046128478265093e-01,4.343270087435154025e-02,-6.604481448013194145e-02,5.000000000000000000e-01,-1.381579797776748109e+01
1.406250000000000000e-01,9.843750000000000000e-01,6.573214266549216589e-01,3.038411293274352956e-02,-3.828465733828750189e-02,5.000000000000000000e-01,-1.338035458203721539e+01
1.718750000000000000e-01,9.843750000000000000e-01,7.098310235667251167e-01,2.212548397906007741e-02,-2.391160585989776655e-02,5.000000000000000000e-01,-1.266947572610815342e+01
2.031250000000000000e-01,9.843750000000000000e-01,7.487062147043299642e-01,1.674970715854472852e-02,-1.665306298327928758e-02,5.000000000000000000e-01,-1.189160750160799473e+01
2.343750000000000000e-01,9.843750000000000000e-01,7.785791358210470969e-01,1.312321395817235559e-02,-1.367068180426306810e-02,5.000000000000000000e-01,-1.113033487167975011e+01
2.656250000000000000e-01,9.843750000000000000e-01,8.022822512920204652e-01,1.057990151280100571e-02,-1.350597990492301802e-02,5.000000000000000000e-01,-1.041767837628560400e+01
2.968750000000000000e-01,9.843750000000000000e-01,8.215839287013363412e-01,8.721775896514903301e-03,-1.530896591783015466e-02,5.000000000000000000e-01,-9.763777683558302556e+00
3.281250000000000000e-01,9.843750000000000000e-01,8.376102207420529355e-01,7.304516144201659775e-03,-1.851684309073604873e-02,5.000000000000000000e-01,-9.169694117042940462e+00
3.593750000000000000e-01,9.843750000000000000e-01,8.510878245901656314e-01,6.173087703911061229e-03,-2.270585832673793769e-02,5.000000000000000000e-01,-8.633144116672587742e+00
3.906250000000000000e-01,9.843750000000000000e-01,8.624861782569231972e-01,5.225265962846455114e-03,-2.751561238699753303e-02,5.000000000000000000e-01,-8.151113720541143692e+00
4.218750000000000000e-01,9.843750000000000000e-01,8.721021027023463379e-01,4.390658482576670005e-03,-3.260609697405438684e-02,5.000000000000000000e-01,-7.721051836399065671e+00
4.531250000000000000e-01,9.843750000000000000e-01,8.801111667741352562e-01,3.618405589212391870e-03,-3.763062888884058377e-02,5.000000000000000000e-01,-7.341409279595303872e+00
4.843750000000000000e-01,9.843750000000000000e-01,8.865993449258504633e-01,2.869772562502712412e-03,-4.221707728216374939e-02,5.000000000000000000e-01,-7.011883108486415495e+00
5.156250000000000000e-01,9.843750000000000000e-01,8.915825693938841390e-01,2.113451905530862231e-03,-4.595365807326792090e-02,5.000000000000000000e-01,-6.733539948710505207e+00
5.468750000000000000e-01,9.843750000000000000e-01,8.950182523156922088e-01,1.322231016277245711e-03,-4.837707421306094990e-02,5.000000000000000000e-01,-6.508902554090454373e+00
5.781250000000000000e-01,9.843750000000000000e-01,8.968106968948905688e-01,4.702135629211663106e-04,-4.896093528970409114e-02,5.000000000000000000e-01,-6.342023104583514481e+00
6.093750000000000000e-01,9.843750000000000000e-01,8.968120326464392722e-01,-4.688778113724362284e-04,-4.710145752990597262e-02,5.000000000000000000e-01,-6.238507789960872962e+00
6.406250000000000000e-01,9.843750000000000000e-01,8.948261083589094111e-01,-1.517046476157452636e-03,-4.208397291858805012e-02,5.000000000000000000e-01,-6.205951933438716317e+00
6.718750000000000000e-01,9.843750000000000000e-01,8.906152046641676590e-01,-2.693857218584286544e-03,-3.310385848952981241e-02,5.000000000000000000e-01,-6.254653357158050042e+00
7.031250000000000000e-01,9.843750000000000000e-01,8.838790325349183963e-01,-4.042314910664962686e-03,-1.927409485656755850e-02,5.000000000000000000e-01,-6.398259236777604997e+00
7.343750000000000000e-01,9.843750000000000000e-01,8.741919191191861449e-01,-5.644798505067285220e-03,4.375293658121903045e-04,5.000000000000000000e-01,-6.655301389836705717e+00
7.656250000000000000e-01,9.843750000000000000e-01,8.608872279569794728e-01,-7.659892657139453706e-03,2.732827131756686290e-02,5.000000000000000000e-01,-7.052460008504986888e+00
7.968750000000000000e-01,9.843750000000000000e-01,8.428202879734509878e-01,-1.040704732638898788e-02,6.320623663310694085e-02,5.000000000000000000e-01,-7.630189762228566153e+00
8.281250000000000000e-01,9.843750000000000000e-01,8.178452302156108411e-01,-1.456801043145113973e-02,1.109383189768022443e-01,5.000000000000000000e-01,-8.450697584187242484e+00
8.593750000000000000e-01,9.843750000000000000e-01,7.815979580306093855e-01,-2.167926175355028295e-02,1.757896644646456952e-01,5.000000000000000000e-01,-9.600474885859798135e+00
8.906250000000000000e-01,9.843750000000000000e-01,7.246326525408417485e-01,-3.528604373621730544e-02,2.690138876301457760e-01,5.000000000000000000e-01,-1.113861509905098757e+01
9.218750000000000000e-01,9.843750000000000000e-01,6.263332806704167144e-01,-6.301332813420774948e-02,4.180715856440881950e-01,5.000000000000000000e-01,-1.276421332553930554e+01
9.531250000000000000e-01,9.843750000000000000e-01,4.477405485937557827e-01,-1.155794039424532654e-01,6.944960214869314585e-01,5.000000000000000000e-01,-1.231407416688776735e+01
9.843750000000000000e-01,9.843750000000000000e-01,1.660805723256512656e-01,-1.660805723256512656e-01,1.259567344870883732e+00,5.000000000000000000e-01,-6.361549716472804761e+00
