x,y,u,v,pressure,theta,vorticity
1.041666666666666609e-02,1.041666666666666609e-02,-6.066314911687105751e-04,6.066314911685219240e-04,1.871644330927830363e-02,9.646074811937158655e-01,8.022313618562526560e-02
3.125000000000000000e-02,1.041666666666666609e-02,-2.630970143610929842e-03,1.417707161273508692e-03,1.827572904309315849e-02,8.942615033379571754e-01,1.910976730014698755e-01
5.208333333333332871e-02,1.041666666666666609e-02,-5.776851443212450629e-03,1.728174138328011662e-03,1.940537118621808374e-02,8.252675229230197473e-01,3.559127411817341047e-01
7.291666666666665741e-02,1.041666666666666609e-02,-9.217637935496986179e-03,1.712612353956523671e-03,2.210633462154795378e-02,7.585894738820444516e-01,5.572822438383865373e-01
9.375000000000000000e-02,1.041666666666666609e-02,-1.245572689957043580e-02,1.525476610116924649e-03,2.605704864142888849e-02,6.951187357813504164e-01,7.688336985273872548e-01
1.145833333333333287e-01,1.041666666666666609e-02,-1.524933391369337476e-02,1.268130404006014749e-03,3.086365163442851556e-02,6.355843242591791009e-01,9.715768826779839218e-01
1.354166666666666574e-01,1.041666666666666609e-02,-1.751836399484543727e-02,1.000899677146045372e-03,3.616404161922928684e-02,5.805058188591868396e-01,1.154448525939414605e+00
1.562500000000000000e-01,1.041666666666666609e-02,-1.927638318108771537e-02,7.571195090962373883e-04,4.166415443661189433e-02,5.301837194061710390e-01,1.312677838047418444e+00
1.770833333333333148e-01,1.041666666666666609e-02,-2.058653920741547114e-02,5.530365172315183800e-04,4.714471860182428697e-02,4.847165348583781230e-01,1.445810258264642156e+00
1.979166666666666574e-01,1.041666666666666609e-02,-2.153377865839984501e-02,3.942029337528556534e-04,5.245575121300320720e-02,4.440333148333255320e-01,1.556014419432895535e+00
2.187500000000000000e-01,1.041666666666666609e-02,-2.220758836142942144e-02,2.796067692767183958e-04,5.750640250614109938e-02,4.079322623684425997e-01,1.646804916487338177e+00
2.395833333333333148e-01,1.041666666666666609e-02,-2.269160454419379830e-02,2.044094134876581897e-04,6.225352761673989821e-02,3.761188951022667593e-01,1.722147683910261629e+00
2.604166666666666297e-01,1.041666666666666609e-02,-2.305781582454547590e-02,1.618018668640221788e-04,6.669054265766267975e-02,3.482399335413058350e-01,1.785873369330588600e+00
2.812500000000000000e-01,1.041666666666666609e-02,-2.336388357293292528e-02,1.442658815234257904e-04,7.083731833166997949e-02,3.239112095480440878e-01,1.841324081625679066e+00
3.020833333333333148e-01,1.041666666666666609e-02,-2.365255515884027299e-02,1.444057043839247067e-04,7.473147149828329727e-02,3.027393003040991237e-01,1.891169996628722316e+00
3.229166666666666297e-01,1.041666666666666609e-02,-2.395241876624668725e-02,1.554579030224866607e-04,7.842118565787972728e-02,2.843373982249814969e-01,1.937344712649460510e+00
3.437500000000000000e-01,1.041666666666666609e-02,-2.427943709527727312e-02,1.715604260080996096e-04,8.195953547706849585e-02,2.683362920679493446e-01,1.981059402919427281e+00
3.645833333333333148e-01,1.041666666666666609e-02,-2.463884646668482170e-02,1.878489453994514676e-04,8.540018217941740264e-02,2.543914213007562597e-01,2.022865374373818081e+00
3.854166666666666297e-01,1.041666666666666609e-02,-2.502713428553463362e-02,2.004388734503591805e-04,8.879424009192993239e-02,2.421869015205396214e-01,2.062742746463388510e+00
4.062500000000000000e-01,1.041666666666666609e-02,-2.543391446319588634e-02,2.063413042108942904e-04,9.218808650773856195e-02,2.314372887956252511e-01,2.100199723831233101e+00
4.270833333333333148e-01,1.041666666666666609e-02,-2.584360561656136659e-02,2.033498491545865654e-04,9.562189100263157604e-02,2.218877058588285822e-01,2.134372389327110042e+00
4.479166666666666297e-01,1.041666666666666609e-02,-2.623687910782350127e-02,1.899236421075471096e-04,9.912866734566937177e-02,2.133128189069028458e-01,2.164119106488870958e+00
4.687500000000000000e-01,1.041666666666666609e-02,-2.659188333811366572e-02,1.650805881826159058e-04,1.027336910547008847e-01,2.055150406417908804e-01,2.188106549789373023e+00
4.895833333333333148e-01,1.041666666666666609e-02,-2.688526857155534855e-02,1.283046452590687618e-04,1.064541687001734072e-01,1.983222449819518340e-01,2.204886212079637975e+00
5.104166666666666297e-01,1.041666666666666609e-02,-2.709303405072342047e-02,7.946083390900470357e-05,1.102990819786183740e-01,1.915852099600248992e-01,2.212961268200746900e+00
5.312500000000000000e-01,1.041666666666666609e-02,-2.719119189639612050e-02,1.869701176368955119e-05,1.142691493849420648e-01,1.851749564688101035e-01,2.210844765448257920e+00
5.520833333333332593e-01,1.041666666666666609e-02,-2.715615721765751722e-02,-5.373169050229076663e-05,1.183569743286932430e-01,1.789801258135308715e-01,2.197144740995911505e+00
5.729166666666666297e-01,1.041666666666666609e-02,-2.696567907585077639e-02,-1.367464513044529370e-04,1.225458695179452440e-01,1.729045846913503104e-01,2.170643448889581606e+00
5.937500000000000000e-01,1.041666666666666609e-02,-2.660029348110675221e-02,-2.286391434395679940e-04,1.268092805282685642e-01,1.668654229608580453e-01,2.130342109499128611e+00
6.145833333333332593e-01,1.041666666666666609e-02,-2.604440195162320906e-02,-3.272523860439777534e-04,1.311121191927402119e-01,1.607911339934737782e-01,2.075516142075522374e+00
6.354166666666666297e-01,1.041666666666666609e-02,-2.528712289349085984e-02,-4.300266720883767248e-04,1.354118602916676017e-01,1.546199768962482901e-01,2.005772172613209836e+00
6.562500000000000000e-01,1.041666666666666609e-02,-2.432305496764543967e-02,-5.340412537570450721e-04,1.396599052371672867e-01,1.482985439914238923e-01,1.921093082395363361e+00
6.770833333333332593e-01,1.041666666666666609e-02,-2.315293552303141628e-02,-6.360781908569790831e-04,1.438032607194546231e-01,1.417805473489673063e-01,1.821871912662328175e+00
6.979166666666666297e-01,1.041666666666666609e-02,-2.178414173128165321e-02,-7.327156008927850680e-04,1.477865263568501897e-01,1.350258311352066365e-01,1.708933879079066687e+00
7.187500000000000000e-01,1.041666666666666609e-02,-2.023097784195440618e-02,-8.204482884344610916e-04,1.515541367671992545e-01,1.279996120186897013e-01,1.583545246183130750e+00
7.395833333333332593e-01,1.041666666666666609e-02,-1.851470065461823314e-02,-8.958288989017104340e-04,1.550527601171257097e-01,1.206719480423914942e-01,1.447408056882161675e+00
7.604166666666666297e-01,1.041666666666666609e-02,-1.666325407555371840e-02,-9.556176801628034345e-04,1.582337194268915170e-01,1.130174369937626405e-01,1.302640490459774592e+00
7.812500000000000000e-01,1.041666666666666609e-02,-1.471071303190610649e-02,-9.969233634848112969e-04,1.610552798876488667e-01,1.050151479853446840e-01,1.151743810283768266e+00
8.020833333333332593e-01,1.041666666666666609e-02,-1.269647799488779136e-02,-1.017311673533502102e-03,1.634846426034438638e-01,9.664879414853445871e-02,9.975583406995880420e-01
8.229166666666666297e-01,1.041666666666666609e-02,-1.066431456582383509e-02,-1.014851755530450910e-03,1.654995121809595959e-01,8.790715924928217684e-02,8.432124427880269835e-01
8.437500000000000000e-01,1.041666666666666609e-02,-8.661397969041717895e-03,-9.880648412516641194e-04,1.670891758913599368e-01,7.878479546336472628e-02,6.920694645858214145e-01
8.645833333333332593e-01,1.041666666666666609e-02,-6.737597332511162385e-03,-9.357357952788914997e-04,1.682551673573860207e-01,6.928301164537485624e-02,5.476767450988778707e-01
8.854166666666666297e-01,1.041666666666666609e-02,-4.945305834309873458e-03,-8.565557029223992702e-04,1.690118275058720421e-01,5.941116821907678480e-02,4.137147579983322943e-01
9.062500000000000000e-01,1.041666666666666609e-02,-3.340132592753053235e-03,-7.486175386344205186e-04,1.693874946374481494e-01,4.918828129791985582e-02,2.939263316961295280e-01
9.270833333333332593e-01,1.041666666666666609e-02,-1.982499560625759338e-03,-6.090154934928726201e-04,1.694277800572497328e-01,3.864490552886298141e-02,1.919614999530620814e-01
9.479166666666666297e-01,1.041666666666666609e-02,-9.388366930667002433e-04,-4.346473740661874500e-04,1.692035417506110029e-01,2.782519252730891388e-02,1.109818528735977139e-01
9.687500000000000000e-01,1.041666666666666609e-02,-2.759093220469803552e-04,-2.282799969535324381e-04,1.688274284848703122e-01,1.678885860858700743e-02,5.273246346119759426e-02
9.895833333333332593e-01,1.041666666666666609e-02,-2.381466254672321315e-05,-2.381466254672417538e-05,1.684811626993231171e-01,5.612387429059838805e-03,1.959704083275634612e-02
1.041666666666666609e-02,3.125000000000000000e-02,-1.466871158264250029e-03,2.680134140601293877e-03,2.883244730145511497e-02,9.642946639921740060e-01,1.886692979609225496e-01
3.125000000000000000e-02,3.125000000000000000e-02,-6.051400340895140423e-03,5.953072346913657747e-03,2.762575540827749351e-02,8.933226831718528160e-01,2.400961285072329143e-01
5.208333333333332871e-02,3.125000000000000000e-02,-1.304424762149040268e-02,7.331537532884643479e-03,2.790127161237844142e-02,8.236917889418240435e-01,3.137058758576783402e-01
7.291666666666665741e-02,3.125000000000000000e-02,-2.092903344623558287e-02,7.434821276429606947e-03,2.949391513791518177e-02,7.564083256163307567e-01,4.423914850392156595e-01
9.375000000000000000e-02,3.125000000000000000e-02,-2.869533659386625662e-02,6.807659799347963447e-03,3.214852410556621326e-02,6.924135990098566618e-01,6.014446522563701159e-01
1.145833333333333287e-01,3.125000000000000000e-02,-3.575280743597014643e-02,5.837025071001804288e-03,3.557770413219957240e-02,6.324740850112555712e-01,7.700989672095499561e-01
1.354166666666666574e-01,3.125000000000000000e-02,-4.182488039937146129e-02,4.773108054703633849e-03,3.950969054576608519e-02,5.771278723468910021e-01,9.341308655707325492e-01
1.562500000000000000e-01,3.125000000000000000e-02,-4.684776972036619469e-02,3.765819638775662250e-03,4.371344857594045008e-02,5.266761091220786284e-01,1.085266202707472205e+00
1.770833333333333148e-01,3.125000000000000000e-02,-5.088904454226720470e-02,2.895767235780860160e-03,4.800778590793955414e-02,4.812046713304134471e-01,1.219726419329238087e+00
1.979166666666666574e-01,3.125000000000000000e-02,-5.408746060389590243e-02,2.197127727816586620e-03,5.226136345486408208e-02,4.406220680382521571e-01,1.336775404431694625e+00
2.187500000000000000e-01,3.125000000000000000e-02,-5.661092088171489761e-02,1.673951956061557091e-03,5.638799343761634331e-02,4.047027405003937317e-01,1.437530360534688523e+00
2.395833333333333148e-01,3.125000000000000000e-02,-5.862858374353059621e-02,1.311743271282891097e-03,6.033975155322851558e-02,3.731286434286362197e-01,1.524074744439600115e+00
2.604166666666666297e-01,3.125000000000000000e-02,-6.029358278491485368e-02,1.085678330804727655e-03,6.409936098631609236e-02,3.455252589205066727e-01,1.598836487310098198e+00
2.812500000000000000e-01,3.125000000000000000e-02,-6.173350002137462100e-02,9.663744024299369094e-04,6.767271807725372401e-02,3.214905704459017355e-01,1.664177458359225037e+00
3.020833333333333148e-01,3.125000000000000000e-02,-6.304633407785578680e-02,9.238028258659241937e-04,7.108207945850461562e-02,3.006170100139468060e-01,1.722142972160639607e+00
3.229166666666666297e-01,3.125000000000000000e-02,-6.430018958563168963e-02,9.297798967228018512e-04,7.436019268749829991e-02,2.825071708497607359e-01,1.774328463997109306e+00
3.437500000000000000e-01,3.125000000000000000e-02,-6.553531246824352563e-02,9.593796439502101083e-04,7.754547676229089914e-02,2.667843783962077775e-01,1.821829115078818395e+00
3.645833333333333148e-01,3.125000000000000000e-02,-6.676743587575156846e-02,9.915625063729278325e-04,8.067823061608038471e-02,2.530992311190566890e-01,1.865245756912812025e+00
3.854166666666666297e-01,3.125000000000000000e-02,-6.799169532411616923e-02,1.009272579691307186e-03,8.379776294117767532e-02,2.411331014408838735e-01,1.904726673128374959e+00
4.062500000000000000e-01,3.125000000000000000e-02,-6.918661988849446332e-02,9.992123400094856008e-04,8.694029167053411722e-02,2.305994156245220750e-01,1.940030117954114397e+00
4.270833333333333148e-01,3.125000000000000000e-02,-7.031790589192782326e-02,9.514559701548283566e-04,9.013744933064693488e-02,2.212433588460827050e-01,1.970596639334753153e+00
4.479166666666666297e-01,3.125000000000000000e-02,-7.134182845682762730e-02,8.590135772692463444e-04,9.341524217806183861e-02,2.128405006258751453e-01,1.995623714179445285e+00
4.687500000000000000e-01,3.125000000000000000e-02,-7.220824595714983585e-02,7.174123836333041147e-04,9.679333681764271113e-02,2.051947130940400266e-01,2.014137822785820209e+00
4.895833333333333148e-01,3.125000000000000000e-02,-7.286320786701794283e-02,5.243199931181693856e-04,1.002845786607506340e-01,1.981356590052462119e-01,2.025060988570189568e+00
5.104166666666666297e-01,3.125000000000000000e-02,-7.325119762165333004e-02,2.792007198533637768e-04,1.038946732641974346e-01,1.915160531275563460e-01,2.027270170463105536e+00
5.312500000000000000e-01,3.125000000000000000e-02,-7.331705410544046841e-02,-1.702854472084372201e-05,1.076219732006729740e-01,1.852088431545873826e-01,2.019649556641656130e+00
5.520833333333332593e-01,3.125000000000000000e-02,-7.300772771993974120e-02,-3.623671982570827836e-04,1.114586967199184819e-01,1.791043597584543734e-01,2.001222855294844116e+00
5.729166666666666297e-01,3.125000000000000000e-02,-7.227487132085236299e-02,-7.514454844437783859e-04,1.153880366005813479e-01,1.731077654531363585e-01,1.971204126956552338e+00
5.937500000000000000e-01,3.125000000000000000e-02,-7.107767372970835718e-02,-1.176523296188279480e-03,1.193840853861653367e-01,1.671372947132785114e-01,1.928974027339684927e+00
6.145833333333332593e-01,3.125000000000000000e-02,-6.938501534252099201e-02,-1.627918149966182167e-03,1.234133276358621023e-01,1.611224146823735381e-01,1.874140090155114846e+00
6.354166666666666297e-01,3.125000000000000000e-02,-6.717743759012259619e-02,-2.094217718696917731e-03,1.274355209570212921e-01,1.550021750425558675e-01,1.806582763054940477e+00
6.562500000000000000e-01,3.125000000000000000e-02,-6.444885327693314347e-02,-2.562502446183380529e-03,1.314049057234149831e-01,1.487237747892164730e-01,1.726487546106597160e+00
6.770833333333332593e-01,3.125000000000000000e-02,-6.120793754373111961e-02,-3.018652176246696198e-03,1.352717421634848649e-01,1.422413584958689414e-01,1.634366394464234151e+00
6.979166666666666297e-01,3.125000000000000000e-02,-5.747911592755095000e-02,-3.447757023432999543e-03,1.389841526218501266e-01,1.355150456229880229e-01,1.531069305776309841e+00
7.187500000000000000e-01,3.125000000000000000e-02,-5.330306045310742591e-02,-3.834626229665018607e-03,1.424902126647783207e-01,1.285101915531282613e-01,1.417786331383558585e+00
7.395833333333332593e-01,3.125000000000000000e-02,-4.873661986886076991e-02,-4.164368729253983478e-03,1.457401986936644744e-01,1.211968772499006780e-01,1.296040292198695321e+00
7.604166666666666297e-01,3.125000000000000000e-02,-4.385214485909057214e-02,-4.422999438645243767e-03,1.486888687266045284e-01,1.135496253121734966e-01,1.167670903791306669e+00
7.812500000000000000e-01,3.125000000000000000e-02,-3.873622274283662625e-02,-4.598004764903923340e-03,1.512976335539390205e-01,1.055473434161818547e-01,1.034811637467660361e+00
8.020833333333332593e-01,3.125000000000000000e-02,-3.348790762215202860e-02,-4.678780429817301113e-03,1.535364746947117109e-01,9.717350134324945210e-02,8.998612916756019153e-01
8.229166666666666297e-01,3.125000000000000000e-02,-2.821661704110014351e-02,-4.656837009362486957e-03,1.553854911228823854e-01,8.841655443860119146e-02,7.654526075599364932e-01
8.437500000000000000e-01,3.125000000000000000e-02,-2.303995383445388290e-02,-4.525659390848009792e-03,1.568360165305502651e-01,7.927063355404434519e-02,6.344196279822562623e-01
8.645833333333332593e-01,3.125000000000000000e-02,-1.808177495290648473e-02,-4.280120763760499394e-03,1.578913507307061481e-01,6.973652780672343066e-02,5.097622393816454434e-01
8.854166666666666297e-01,3.125000000000000000e-02,-1.347080416428622640e-02,-3.915433021262340260e-03,1.585672978562713276e-01,5.982298925837679915e-02,3.945967302203006732e-01
9.062500000000000000e-01,3.125000000000000000e-02,-9.339827731707654734e-03,-3.425889894429869249e-03,1.588928911975110991e-01,4.954838311696920655e-02,2.920569900344576753e-01
9.270833333333332593e-01,3.125000000000000000e-02,-5.824712394030436002e-03,-2.804491507501935543e-03,1.589118421890504673e-01,3.894268357511126988e-02,2.050547472604127008e-01
9.479166666666666297e-01,3.125000000000000000e-02,-3.060590879663648966e-03,-2.046955741982971200e-03,1.586851097962215240e-01,2.804975238532799939e-02,1.356862218658074215e-01
9.687500000000000000e-01,3.125000000000000000e-02,-1.169085955062198643e-03,-1.170403924657919224e-03,1.582936729127916442e-01,1.692968635889075327e-02,8.384211342685396473e-02
9.895833333333332593e-01,3.125000000000000000e-02,-2.276210121556721476e-04,-2.752503372491206610e-04,1.578356975100317916e-01,5.660687100270776241e-03,5.252826035945589583e-02
1.041666666666666609e-02,5.208333333333332871e-02,-1.921975826915754866e-03,6.068981125781298773e-03,3.731596681444829255e-02,9.638505750516433990e-01,3.585444612658320040e-01
3.125000000000000000e-02,5.208333333333332871e-02,-7.983572105795618337e-03,1.321035082324440585e-02,3.540742951304138436e-02,8.919832076699242274e-01,3.189151639530375393e-01
5.208333333333332871e-02,5.208333333333332871e-02,-1.736618067443309807e-02,1.644971490578663390e-02,3.494009854531417159e-02,8.214444409737147179e-01,2.524411847320846558e-01
7.291666666666665741e-02,5.208333333333332871e-02,-2.817449421233431811e-02,1.700974326617402110e-02,3.564685358473808352e-02,7.532880414792418877e-01,2.645405098913540254e-01
9.375000000000000000e-02,5.208333333333332871e-02,-3.911371694901365909e-02,1.593826369391356662e-02,3.727899297463563300e-02,6.885182435826372460e-01,3.340485961964478889e-01
1.145833333333333287e-01,5.208333333333332871e-02,-4.937134262540228413e-02,1.402151769492871944e-02,3.960196084918868320e-02,6.279560307162854738e-01,4.400834545632276162e-01
1.354166666666666574e-01,5.208333333333332871e-02,-5.851168882585210118e-02,1.180103459462785928e-02,4.240423745350083151e-02,5.721735169236892293e-01,5.654046589991552629e-01
1.562500000000000000e-01,5.208333333333332871e-02,-6.637314911282182761e-02,9.622242706815888405e-03,4.550537268832695326e-02,5.214827116835625276e-01,6.972807950419971368e-01
1.770833333333333148e-01,5.208333333333332871e-02,-7.297716525709280200e-02,7.684635133912619265e-03,4.876017163428450485e-02,4.759604289495367180e-01,8.271233497729002515e-01
1.979166666666666574e-01,5.208333333333332871e-02,-7.845456912277308514e-02,6.084079756993807965e-03,5.205927815482169763e-02,4.354920948375529122e-01,9.496726853886608977e-01
2.187500000000000000e-01,5.208333333333332871e-02,-8.299007117357513896e-02,4.845962255505383010e-03,5.532703877172806539e-02,3.998212757970210918e-01,1.062128055152018469e+00
2.395833333333333148e-01,5.208333333333332871e-02,-8.678299252110062423e-02,3.950317181180247952e-03,5.851754051790515609e-02,3.685965194410835144e-01,1.163382488798119452e+00
2.604166666666666297e-01,5.208333333333332871e-02,-9.002137166465251639e-02,3.350482605843525634e-03,6.160961967171320330e-02,3.414111737156794724e-01,1.253408601774910869e+00
2.812500000000000000e-01,5.208333333333332871e-02,-9.286648650950610207e-02,2.986602208704485645e-03,6.460151307199248072e-02,3.178347260998607982e-01,1.332792305796450361e+00
3.020833333333333148e-01,5.208333333333332871e-02,-9.544510683790738415e-02,2.795029404473826484e-03,6.750567199910194327e-02,2.974359294353197680e-01,1.402394544291238221e+00
3.229166666666666297e-01,5.208333333333332871e-02,-9.784719461470861579e-02,2.714496602692018524e-03,7.034409065617035217e-02,2.797988295553794358e-01,1.463118044210580004e+00
3.437500000000000000e-01,5.208333333333332871e-02,-1.001272009472445740e-01,2.689792153128797280e-03,7.314433878787410248e-02,2.645330888306552941e-01,1.515757707976795210e+00
3.645833333333333148e-01,5.208333333333332871e-02,-1.023075267356442219e-01,2.673599193102032655e-03,7.593635183491648233e-02,2.512799594135146086e-01,1.560915971168647998e+00
3.854166666666666297e-01,5.208333333333332871e-02,-1.043830958322470304e-01,2.627064437929621521e-03,7.874993437976274269e-02,2.397150727192647601e-01,1.598967063014599566e+00
4.062500000000000000e-01,5.208333333333332871e-02,-1.063263193208204560e-01,2.519568534722881666e-03,8.161287546138039362e-02,2.295489814344383872e-01,1.630056469334145053e+00
4.270833333333333148e-01,5.208333333333332871e-02,-1.080919976849163133e-01,2.328064142970633944e-03,8.454955203873949776e-02,2.205261714402727002e-01,1.654124106298973551e+00
4.479166666666666297e-01,5.208333333333332871e-02,-1.096219107851552355e-01,2.036241069592172569e-03,8.757990011188303281e-02,2.124230763067197214e-01,1.670941834081004496e+00
4.687500000000000000e-01,5.208333333333332871e-02,-1.108489862050072439e-01,1.633677811484610456e-03,9.071865184331608101e-02,2.050454814258678427e-01,1.680157966801624214e+00
4.895833333333333148e-01,5.208333333333332871e-02,-1.117010214257598555e-01,1.115051695887586203e-03,9.397476300377041736e-02,1.982255945547767295e-01,1.681343357718104503e+00
5.104166666666666297e-01,5.208333333333332871e-02,-1.121039730245251553e-01,4.794103704846379693e-04,9.735098229357203037e-02,1.918189767790930977e-01,1.674035560203824824e+00
5.312500000000000000e-01,5.208333333333332871e-02,-1.119848246745755727e-01,-2.705300615145893751e-04,1.008435396929710931e-01,1.857014618437673736e-01,1.657800951737868900e+00
5.520833333333332593e-01,5.208333333333332871e-02,-1.112748597946656148e-01,-1.128156946874008838e-03,1.044456536868720170e-01,1.797653967701078048e-01,1.632385031437004308e+00
5.729166666666666297e-01,5.208333333333332871e-02,-1.099133404636383204e-01,-2.080031465941520157e-03,1.081396112127988585e-01,1.739173935373859448e-01,1.597698133068814252e+00
5.937500000000000000e-01,5.208333333333332871e-02,-1.078506839524493582e-01,-3.107791417023518521e-03,1.118996356935382935e-01,1.680769027627488088e-01,1.553737162961177809e+00
6.145833333333332593e-01,5.208333333333332871e-02,-1.050512667972616221e-01,-4.188725571506042925e-03,1.156929292079439536e-01,1.621743105946210906e-01,1.500644212851016235e+00
6.354166666666666297e-01,5.208333333333332871e-02,-1.014959889836639095e-01,-5.296265863153166650e-03,1.194803870939875196e-01,1.561492718951627834e-01,1.438727335143186625e+00
6.562500000000000000e-01,5.208333333333332871e-02,-9.718447051297010586e-02,-6.400557085610403610e-03,1.232176694154353269e-01,1.499492948927903524e-01,1.368471471155978669e+00
6.770833333333332593e-01,5.208333333333332871e-02,-9.213678986962411943e-02,-7.469193913367672133e-03,1.268566245414481375e-01,1.435285801877303757e-01,1.290541796469047764e+00
6.979166666666666297e-01,5.208333333333332871e-02,-8.639467019204621900e-02,-8.468156580070097111e-03,1.303470394287224998e-01,1.368471093028140739e-01,1.205781616566545589e+00
7.187500000000000000e-01,5.208333333333332871e-02,-8.002202002209032883e-02,-9.362932317427345719e-03,1.336386597929622166e-01,1.298699734759886371e-01,1.115206689688945874e+00
7.395833333333332593e-01,5.208333333333332871e-02,-7.310475270521075986e-02,-1.011977054261787960e-02,1.366833887529809999e-01,1.225669317835448024e-01,1.019997692854272442e+00
7.604166666666666297e-01,5.208333333333332871e-02,-6.574984443584143412e-02,-1.070698090442086595e-02,1.394375412050674334e-01,1.149121889102147354e-01,9.214924017798713507e-01
7.812500000000000000e-01,5.208333333333332871e-02,-5.808364558423066704e-02,-1.109614426699300979e-02,1.418640095969747050e-01,1.068843869716591816e-01,8.211788831351746198e-01
8.020833333333332593e-01,5.208333333333332871e-02,-5.024953072582977187e-02,-1.126307090681370054e-02,1.439341912525790301e-01,9.846681276160050567e-02,7.206903904223571633e-01
8.229166666666666297e-01,5.208333333333332871e-02,-4.240505217518522607e-02,-1.118831566406251407e-02,1.456295432133448697e-01,8.964783149363310388e-02,6.218013449765786849e-01
8.437500000000000000e-01,5.208333333333332871e-02,-3.471883288936707113e-02,-1.085706322861240344e-02,1.469426700915159589e-01,8.042156997348780256e-02,5.264210535856090889e-01
8.645833333333332593e-01,5.208333333333332871e-02,-2.736746427049405184e-02,-1.025826442641652667e-02,1.478779098309077333e-01,7.078888476006933717e-02,4.365762612844025226e-01
8.854166666666666297e-01,5.208333333333332871e-02,-2.053260539082510383e-02,-9.383119026895522796e-03,1.484514445788716608e-01,6.075866123300831950e-02,3.543626513579885007e-01
9.062500000000000000e-01,5.208333333333332871e-02,-1.439823233042838643e-02,-8.223553381771971441e-03,1.486909835766357102e-01,5.034949156408772414e-02,2.818246158204170682e-01
9.270833333333332593e-01,5.208333333333332871e-02,-9.147513210696057301e-03,-6.772662477569376879e-03,1.486349343008783741e-01,3.959176204639148350e-02,2.206863664943800041e-01
9.479166666666666297e-01,5.208333333333332871e-02,-4.958341687964659857e-03,-5.032077809013713043e-03,1.483304621137843671e-01,2.853012407052281027e-02,1.718042663788686419e-01
9.687500000000000000e-01,5.208333333333332871e-02,-1.997625310098711734e-03,-3.037503160094573440e-03,1.478284865865292508e-01,1.722620739374566140e-02,1.341653775748654631e-01
9.895833333333332593e-01,5.208333333333332871e-02,-4.221850027064548492e-04,-9.250563521112479832e-04,1.471708261863906575e-01,5.761286277371766192e-03,1.096354342720581715e-01
1.041666666666666609e-02,7.291666666666665741e-02,-2.123484316081034745e-03,1.011444126877808838e-02,4.397729810806103035e-02,9.633809045789327730e-01,5.797796045960216249e-01
3.125000000000000000e-02,7.291666666666665741e-02,-8.958798392266369148e-03,2.206180103531281411e-02,4.159359123745636627e-02,8.905620715177818836e-01,4.571575042283403945e-01
5.208333333333332871e-02,7.291666666666665741e-02,-1.976323787573098026e-02,2.778531274582031474e-02,4.055555877661855269e-02,8.190568003209256487e-01,2.566235437686782417e-01
7.291666666666665741e-02,7.291666666666665741e-02,-3.246300590358173338e-02,2.918222699189230995e-02,4.056989182079426964e-02,7.499607783856068188e-01,1.605474568202355234e-01
9.375000000000000000e-02,7.291666666666665741e-02,-4.560225367329688584e-02,2.784425047458976427e-02,4.139465973653960046e-02,6.843396908226070385e-01,1.471324070244852122e-01
1.145833333333333287e-01,7.291666666666665741e-02,-5.822684714205700329e-02,2.499775005940127470e-02,4.282790025973059328e-02,6.230738685241795638e-01,1.937743591791101228e-01
1.354166666666666574e-01,7.291666666666665741e-02,-6.978268284578242886e-02,2.152098413433054663e-02,4.469999702397708941e-02,5.667785240706955108e-01,2.801740935815827949e-01
1.562500000000000000e-01,7.291666666666665741e-02,-8.001753564116464990e-02,1.799860624946513638e-02,4.686998604345724018e-02,5.157865180762670754e-01,3.897490240851233523e-01
1.770833333333333148e-01,7.291666666666665741e-02,-8.889068039929345910e-02,1.478543249366315662e-02,4.922408849415094156e-02,4.701737701804346026e-01,5.098752510015381878e-01
1.979166666666666574e-01,7.291666666666665741e-02,-9.649582870683066915e-02,1.206583457046076641e-02,5.167482819408240891e-02,4.298074872909027899e-01,6.315117097192820550e-01
2.187500000000000000e-01,7.291666666666665741e-02,-1.030000190888625544e-01,9.903899874872355846e-03,5.415965044970666442e-02,3.944016390330502553e-01,7.485798113670666387e-01
2.395833333333333148e-01,7.291666666666665741e-02,-1.085983337597807574e-01,8.283615580256979000e-03,5.663860045134105903e-02,3.635695960999995036e-01,8.573036620479840275e-01
2.604166666666666297e-01,7.291666666666665741e-02,-1.134826561646785636e-01,7.139885755216505980e-03,5.909112183075049263e-02,3.368686876391210894e-01,9.556061580000269062e-01
2.812500000000000000e-01,7.291666666666665741e-02,-1.178219659642630868e-01,6.381623703769588943e-03,6.151231528131874404e-02,3.138349006244698369e-01,1.042596729623054053e+00
3.020833333333333148e-01,7.291666666666665741e-02,-1.217515456960031744e-01,5.908207969550105521e-03,6.390907168043512276e-02,2.940080366200845674e-01,1.118158226329361016e+00
3.229166666666666297e-01,7.291666666666665741e-02,-1.253686786790842167e-01,5.620538797497990832e-03,6.629643188830108835e-02,2.769486727470633625e-01,1.182628271933116260e+00
3.437500000000000000e-01,7.291666666666665741e-02,-1.287327810435333064e-01,5.427858655307899773e-03,6.869440069338939026e-02,2.622486110669996484e-01,1.236565416632476655e+00
3.645833333333333148e-01,7.291666666666665741e-02,-1.318683290563110733e-01,5.251406492100351917e-03,7.112531221954457306e-02,2.495364472728658078e-01,1.280588265263507886e+00
3.854166666666666297e-01,7.291666666666665741e-02,-1.347693536081036314e-01,5.025850787326657104e-03,7.361174108842157005e-02,2.384796555337498070e-01,1.315274840542068224e+00
4.062500000000000000e-01,7.291666666666665741e-02,-1.374046397390428220e-01,4.699291804838455835e-03,7.617488916885790939e-02,2.287842989948849493e-01,1.341109307107461568e+00
4.270833333333333148e-01,7.291666666666665741e-02,-1.397230711195157626e-01,4.232450617423844270e-03,7.883334942518549493e-02,2.201932022089570229e-01,1.358463756223966090e+00
4.479166666666666297e-01,7.291666666666665741e-02,-1.416587912083555056e-01,3.597487784217639085e-03,8.160214719833211450e-02,2.124831916135855592e-01,1.367603947226366135e+00
4.687500000000000000e-01,7.291666666666665741e-02,-1.431360172809220954e-01,2.776732589277739090e-03,8.449197496161614529e-02,2.054618299653866165e-01,1.368709549264894854e+00
4.895833333333333148e-01,7.291666666666665741e-02,-1.440734485462722703e-01,1.761463404197249243e-03,8.750856104915744060e-02,1.989639364671171029e-01,1.361901302144810533e+00
5.104166666666666297e-01,7.291666666666665741e-02,-1.443882610542148726e-01,5.507627688828833565e-04,9.065214313902422716e-02,1.928480888121179293e-01,1.347269382332063614e+00
5.312500000000000000e-01,7.291666666666665741e-02,-1.439996610785436448e-01,-8.496307855336692350e-04,9.391793707248860534e-02,1.869932406186027019e-01,1.324977106625937928e+00
5.520833333333332593e-01,7.291666666666665741e-02,-1.428332721009085149e-01,-2.425410080400023250e-03,9.730021402159069743e-02,1.812927772813495153e-01,1.295353317638933133e+00
5.729166666666666297e-01,7.291666666666665741e-02,-1.408252613355358007e-01,-4.152308428815491316e-03,1.007800149052701238e-01,1.756541611668838154e-01,1.258810280292310235e+00
5.937500000000000000e-01,7.291666666666665741e-02,-1.379254162919886229e-01,-5.998016008885668354e-03,1.043313488852326970e-01,1.699973764947321775e-01,1.215790696536730220e+00
6.145833333333332593e-01,7.291666666666665741e-02,-1.341003319907763114e-01,-7.923002436043966729e-03,1.079214757110042860e-01,1.642529501460554819e-01,1.166803602726791844e+00
6.354166666666666297e-01,7.291666666666665741e-02,-1.293362414018597306e-01,-9.881357401129518825e-03,1.115115005005274385e-01,1.583602857761953753e-01,1.112428780570410725e+00
6.562500000000000000e-01,7.291666666666665741e-02,-1.236414259586467584e-01,-1.182179946154086371e-02,1.150573371088056962e-01,1.522663010461389466e-01,1.053314395053614572e+00
6.770833333333332593e-01,7.291666666666665741e-02,-1.170481118910677992e-01,-1.368894624836215074e-02,1.185110531060237782e-01,1.459243561647167731e-01,9.901704626996616909e-01
6.979166666666666297e-01,7.291666666666665741e-02,-1.096137550218833495e-01,-1.542488079183797385e-02,1.218225767573460072e-01,1.392934566260754792e-01,9.237607656199440243e-01
7.187500000000000000e-01,7.291666666666665741e-02,-1.014216198193612778e-01,-1.697099347813744302e-02,1.249417108902240864e-01,1.323377089779577964e-01,8.548956503104884197e-01
7.395833333333332593e-01,7.291666666666665741e-02,-9.258057232478231202e-02,-1.827002419336632572e-02,1.278203607276902631e-01,1.250260069062697765e-01,7.844278807284763566e-01
7.604166666666666297e-01,7.291666666666665741e-02,-8.322403532429367701e-02,-1.926817252353036844e-02,1.304148471337983339e-01,1.173319263568466803e-01,7.132533116247956606e-01
7.812500000000000000e-01,7.291666666666665741e-02,-7.350809954252840450e-02,-1.991708728125955383e-02,1.326881490050225709e-01,1.092338132908260706e-01,6.423174957131939644e-01
8.020833333333332593e-01,7.291666666666665741e-02,-6.360884528681974570e-02,-2.017549700665668966e-02,1.346119043919794533e-01,1.007150564626782124e-01,5.726282452855573357e-01
8.229166666666666297e-01,7.291666666666665741e-02,-5.371899873692295713e-02,-2.001021466476086627e-02,1.361680032369136650e-01,9.176455061045715733e-02,5.052723186668263144e-01
8.437500000000000000e-01,7.291666666666665741e-02,-4.404411316287493855e-02,-1.939626908778022130e-02,1.373496250568215782e-01,8.237737234586380020e-02,4.414312721579447540e-01
8.645833333333332593e-01,7.291666666666665741e-02,-3.479850830470637701e-02,-1.831603204429028964e-02,1.381616043904164703e-01,7.255571025672381824e-02,3.823862950921241843e-01
8.854166666666666297e-01,7.291666666666665741e-02,-2.620120359289119030e-02,-1.675751500050589107e-02,1.386200242034680008e-01,6.231010851677537543e-02,3.294934540732372685e-01
9.062500000000000000e-01,7.291666666666665741e-02,-1.847206350823222057e-02,-1.471267055321728509e-02,1.387509011562496342e-01,5.166109260598013980e-02,2.840984283827671653e-01
9.270833333333332593e-01,7.291666666666665741e-02,-1.182850209187134502e-02,-1.217782584221726444e-02,1.385876666972578608e-01,4.064123612655987788e-02,2.473452173145674338e-01
9.479166666666666297e-01,7.291666666666665741e-02,-6.483942661308371262e-03,-9.160645397660198419e-03,1.381667661971073824e-01,2.929769001468870634e-02,2.198268975105912293e-01
9.687500000000000000e-01,7.291666666666665741e-02,-2.652288563779127591e-03,-5.701306046843278123e-03,1.375200071212210051e-01,1.769514345459760260e-02,2.010615545227333323e-01
9.895833333333332593e-01,7.291666666666665741e-02,-5.708704908581112248e-04,-1.918111845675814437e-03,1.366613564776868461e-01,5.919221546897992722e-03,1.876570240395051825e-01
1.041666666666666609e-02,9.375000000000000000e-02,-2.184739818680533300e-03,1.442266540353965600e-02,4.889338583998285165e-02,9.629437692246350933e-01,8.335644997044960869e-01
3.125000000000000000e-02,9.375000000000000000e-02,-9.360929971600907840e-03,3.176508112965695241e-02,4.623062176533349055e-02,8.892368151432340495e-01,6.362027989427825325e-01
5.208333333333332871e-02,9.375000000000000000e-02,-2.093840237488186345e-02,4.046394453822174664e-02,4.478654396022442585e-02,8.168258745821845856e-01,3.092837005320230870e-01
7.291666666666665741e-02,9.375000000000000000e-02,-3.480503385107468206e-02,4.306999470353445325e-02,4.427518771992283719e-02,7.468397918487169607e-01,1.118032049090183500e-01
9.375000000000000000e-02,9.375000000000000000e-02,-4.942871084085824485e-02,4.171940752244633621e-02,4.446825825932344822e-02,6.803986706580930077e-01,2.055625960474261049e-02
1.145833333333333287e-01,9.375000000000000000e-02,-6.376854059812442355e-02,3.808701623757100585e-02,4.518894649774771177e-02,6.184405725639623430e-01,1.063731246988147694e-02
1.354166666666666574e-01,9.375000000000000000e-02,-7.718475320168752263e-02,3.340376626344935401e-02,4.629895105181665305e-02,5.616275145241131916e-01,5.863537622507020153e-02
1.562500000000000000e-01,9.375000000000000000e-02,-8.934824342370269179e-02,2.851416713774371225e-02,4.768835974790260057e-02,5.103202208591252065e-01,1.444102841994387987e-01
1.770833333333333148e-01,9.375000000000000000e-02,-1.001547390611612631e-01,2.394951200097195781e-02,4.926991134107178150e-02,4.646016052089818049e-01,2.517460698685921594e-01
1.979166666666666574e-01,9.375000000000000000e-02,-1.096490896465339704e-01,2.000125395606188947e-02,5.097626838052612963e-02,4.243275081203852772e-01,3.682940012164228616e-01
2.187500000000000000e-01,9.375000000000000000e-02,-1.179631156374067041e-01,1.678669686217584139e-02,5.275850806700449480e-02,3.891870725751283011e-01,4.851432306414420470e-01
2.395833333333333148e-01,9.375000000000000000e-02,-1.252679925594224752e-01,1.430401018588748491e-02,5.458459499099299617e-02,3.587609317251225782e-01,5.962405728192522458e-01
2.604166666666666297e-01,9.375000000000000000e-02,-1.317402867911410258e-01,1.247610778620234645e-02,5.643732078400634511e-02,3.325708020113328223e-01,6.977866437327429061e-01
2.812500000000000000e-01,9.375000000000000000e-02,-1.375396946961330857e-01,1.118411937736033500e-02,5.831172182695761042e-02,3.101181069754188613e-01,7.876749824716638981e-01
3.020833333333333148e-01,9.375000000000000000e-02,-1.427961178412356924e-01,1.029171517280204860e-02,6.021224066493399696e-02,2.909117766208625389e-01,8.650059326777013169e-01
3.229166666666666297e-01,9.375000000000000000e-02,-1.476037219261639999e-01,9.661768662255374937e-03,6.214993811801051982e-02,2.744866659876077364e-01,9.296876203201169808e-01
3.437500000000000000e-01,9.375000000000000000e-02,-1.520198922789953999e-01,9.166901507831049650e-03,6.413998631656221694e-02,2.604145080217318275e-01,9.821250486449688566e-01
3.645833333333333148e-01,9.375000000000000000e-02,-1.560673789896049601e-01,8.695398362964519567e-03,6.619955896142235008e-02,2.483093027497109417e-01,1.022991282205709673e+00
3.854166666666666297e-01,9.375000000000000000e-02,-1.597383288754284369e-01,8.153833354078512258e-03,6.834613403122193065e-02,2.378287940161033509e-01,1.053070267467192567e+00
4.062500000000000000e-01,9.375000000000000000e-02,-1.629992739535341684e-01,7.467540447131516650e-03,7.059615712850264568e-02,2.286733525123277599e-01,1.073158421418334063e+00
4.270833333333333148e-01,9.375000000000000000e-02,-1.657964582148690469e-01,6.579817616938594786e-03,7.296398243568710806e-02,2.205832563918602718e-01,1.084011389950451987e+00
4.479166666666666297e-01,9.375000000000000000e-02,-1.680611266143999250e-01,5.450509273073526548e-03,7.546100488398288508e-02,2.133350790362951999e-01,1.086322996004511765e+00
4.687500000000000000e-01,9.375000000000000000e-02,-1.697145751377315825e-01,4.054385696320084685e-03,7.809491093122712668e-02,2.067376700508568588e-01,1.080724952648548953e+00
4.895833333333333148e-01,9.375000000000000000e-02,-1.706728788355218185e-01,2.379545260295321592e-03,8.086899648199973034e-02,2.006280479286552954e-01,1.067797967508379742e+00
5.104166666666666297e-01,9.375000000000000000e-02,-1.708512914780920544e-01,4.259060632976477607e-04,8.378152009233237607e-02,1.948674035380107694e-01,1.048086972044040222e+00
5.312500000000000000e-01,9.375000000000000000e-02,-1.701683769666058887e-01,-1.796288567105821122e-03,8.682853979707880199e-02,1.893373429017936593e-01,1.022242167847632333e+00
5.520833333333332593e-01,9.375000000000000000e-02,-1.685505923395696493e-01,-4.262925903499245779e-03,9.000395743775173318e-02,1.839304959832014086e-01,9.910293070110827163e-01
5.729166666666666297e-01,9.375000000000000000e-02,-1.659363747376368936e-01,-6.937020973021713020e-03,9.328808325763310316e-02,1.785541363335339526e-01,9.551998345312053829e-01
5.937500000000000000e-01,9.375000000000000000e-02,-1.622793236487082569e-01,-9.770199597155245635e-03,9.665443571458418037e-02,1.731276197750090950e-01,9.154925699107860915e-01
6.145833333333332593e-01,9.375000000000000000e-02,-1.575514249697884672e-01,-1.270380182790653220e-02,1.000698372934635816e-01,1.675803852912182146e-01,8.726413807335771100e-01
6.354166666666666297e-01,9.375000000000000000e-02,-1.517459851995945908e-01,-1.567008836837737243e-02,1.034948844625006581e-01,1.618503292867263799e-01,8.273704047683156926e-01
6.562500000000000000e-01,9.375000000000000000e-02,-1.448801591541033496e-01,-1.859370998299726685e-02,1.068848230395751803e-01,1.558825386248076372e-01,7.803850768747783162e-01
6.770833333333332593e-01,9.375000000000000000e-02,-1.369969738124071357e-01,-2.139353513618092589e-02,1.101908449805744789e-01,1.496283593463816064e-01,7.323618190035106057e-01
6.979166666666666297e-01,9.375000000000000000e-02,-1.281667493226525123e-01,-2.398487326295829086e-02,1.133617922859327387e-01,1.430447702027078660e-01,6.839390193195115097e-01
7.187500000000000000e-01,9.375000000000000000e-02,-1.184878155198890309e-01,-2.628207001230266696e-02,1.163462152751075507e-01,1.360940253178222481e-01,6.357117458953845945e-01
7.395833333333332593e-01,9.375000000000000000e-02,-1.080864267809568680e-01,-2.820138389271224094e-02,1.190946897230651808e-01,1.287435283845822509e-01,5.882323871444100627e-01
7.604166666666666297e-01,9.375000000000000000e-02,-9.711579550810114925e-02,-2.966398109752878959e-02,1.215622549936285768e-01,1.209659020554201964e-01,5.420190148399210983e-01
7.812500000000000000e-01,9.375000000000000000e-02,-8.575419905540673793e-02,-3.059881094172081650e-02,1.237107990269098456e-01,1.127392213319247521e-01,4.975726199570769115e-01
8.020833333333332593e-01,9.375000000000000000e-02,-7.420216832956263997e-02,-3.094505832774816639e-02,1.255111915749627660e-01,1.040473897311894880e-01,4.554033097991444512e-01
8.229166666666666297e-01,9.375000000000000000e-02,-6.267883753409318748e-02,-3.065383068903564448e-02,1.269449586014243236e-01,9.488065260723603511e-02,4.160638365273368611e-01
8.437500000000000000e-01,9.375000000000000000e-02,-5.141761994214419373e-02,-2.968875622950245541e-02,1.280052986338612586e-01,8.523626329278463643e-02,3.801861441148609577e-01
8.645833333333332593e-01,9.375000000000000000e-02,-4.066147247872489712e-02,-2.802529722415589980e-02,1.286972600071226991e-01,7.511934320011445787e-02,3.485126713227313378e-01
8.854166666666666297e-01,9.375000000000000000e-02,-3.065813781947031996e-02,-2.564888919171004478e-02,1.290369115038968451e-01,6.454400270513144244e-02,3.219089160707777619e-01
9.062500000000000000e-01,9.375000000000000000e-02,-2.165597768808839169e-02,-2.255259657805402246e-02,1.290493238238646645e-01,5.353480872272172592e-02,3.013383102370872368e-01
9.270833333333332593e-01,9.375000000000000000e-02,-1.390153877657927979e-02,-1.873590014525051278e-02,1.287651072377475059e-01,4.212868973314844168e-02,2.877787651173530636e-01
9.479166666666666297e-01,9.375000000000000000e-02,-7.641275955531974182e-03,-1.420739334623722858e-02,1.282151051120675178e-01,3.037735985007239403e-02,2.820727454453199057e-01
9.687500000000000000e-01,9.375000000000000000e-02,-3.132656529894883336e-03,-8.994831621432577279e-03,1.274226513944726191e-01,1.835035102588307085e-02,2.847503997054018909e-01
9.895833333333332593e-01,9.375000000000000000e-02,-6.748392686842424925e-04,-3.163821605218167070e-03,1.263926707696876872e-01,6.138868721426128487e-03,2.840575085147028500e-01
1.041666666666666609e-02,1.145833333333333287e-01,-2.170507018200443661e-03,1.877791224042063209e-02,5.222026925422605659e-02,9.625695936815008569e-01,1.105386367488211397e+00
3.125000000000000000e-02,1.145833333333333287e-01,-9.425969213533544333e-03,4.184148664102944892e-02,4.941666974947100943e-02,8.881003091787781356e-01,8.408843559890406549e-01
5.208333333333332871e-02,1.145833333333333287e-01,-2.134514515735444137e-02,5.388418737395110625e-02,4.769886568059421988e-02,8.149076468822252783e-01,3.965625832577872600e-01
7.291666666666665741e-02,1.145833333333333287e-01,-3.586600979056624172e-02,5.803724797720971607e-02,4.679811096763680789e-02,7.441446838347596238e-01,1.041531739929974498e-01
9.375000000000000000e-02,1.145833333333333287e-01,-5.144174295612460868e-02,5.695156440411300314e-02,4.650242631616013922e-02,6.769771456914215335e-01,-6.049664480853017556e-02
1.145833333333333287e-01,1.145833333333333287e-01,-6.698570975396571370e-02,5.273865591101160877e-02,4.665602118471189053e-02,6.143959775343789120e-01,-1.244681742887675524e-01
1.354166666666666574e-01,1.145833333333333287e-01,-8.179867262165431419e-02,4.698130206126045760e-02,4.714509640267453006e-02,5.571100168624122384e-01,-1.141209708080809793e-01
1.562500000000000000e-01,1.145833333333333287e-01,-9.548888507861866271e-02,4.079033401891211247e-02,4.788443952653376190e-02,5.055117750586779479e-01,-5.289316473443678168e-02
1.770833333333333148e-01,1.145833333333333287e-01,-1.078930131588332897e-01,3.488396883747674898e-02,4.880883296461502319e-02,4.596972397745479610e-01,3.972556282705991260e-02
1.979166666666666574e-01,1.145833333333333287e-01,-1.190042272296444048e-01,2.967236177574092415e-02,4.986870608872767674e-02,4.195174084353128774e-01,1.484125658364688349e-01
2.187500000000000000e-01,1.145833333333333287e-01,-1.289115641357637121e-01,2.533695193948884428e-02,5.102815761109394388e-02,3.846423387644647973e-01,2.617451660400383906e-01
2.395833333333333148e-01,1.145833333333333287e-01,-1.377522800365564293e-01,2.189934793138299460e-02,5.226372928720615652e-02,3.546242597948657260e-01,3.716835115899019271e-01
2.604166666666666297e-01,1.145833333333333287e-01,-1.456769904620699996e-01,1.927777469793893333e-02,5.356303609082592454e-02,3.289520733017527454e-01,4.729574998602767977e-01
2.812500000000000000e-01,1.145833333333333287e-01,-1.528261495139827120e-01,1.733101942252854299e-02,5.492299638254244387e-02,3.070940922089699932e-01,5.624523172684823269e-01
3.020833333333333148e-01,1.145833333333333287e-01,-1.593158102726790204e-01,1.589089903143274529e-02,5.634777686360036009e-02,2.885288157648883134e-01,6.386475289680522138e-01
3.229166666666666297e-01,1.145833333333333287e-01,-1.652304765240600881e-01,1.478485513993404998e-02,5.784669160853997405e-02,2.727651547668565879e-01,7.011385954604673065e-01
3.437500000000000000e-01,1.145833333333333287e-01,-1.706210283696978636e-01,1.385053722862156049e-02,5.943226489375520727e-02,2.593541802069406765e-01,7.502520395151488497e-01
3.645833333333333148e-01,1.145833333333333287e-01,-1.755060339686348447e-01,1.294425495172054144e-02,6.111857535996410851e-02,2.478945405982429240e-01,7.867533334305170101e-01
3.854166666666666297e-01,1.145833333333333287e-01,-1.798751393350696559e-01,1.194503201758078184e-02,6.291990565202384977e-02,2.380334551000538312e-01,8.116385549811890865e-01
4.062500000000000000e-01,1.145833333333333287e-01,-1.836935897019466579e-01,1.075573722861197616e-02,6.484965617890164902e-02,2.294648270181803285e-01,8.259962463671638444e-01
4.270833333333333148e-01,1.145833333333333287e-01,-1.869072435415092548e-01,9.302458936355612398e-03,6.691945001390701975e-02,2.219256455713532750e-01,8.309240928926715508e-01
4.479166666666666297e-01,1.145833333333333287e-01,-1.894476812958286738e-01,7.532974107506787767e-03,6.913835194154933916e-02,2.151915093884521069e-01,8.274853436160224396e-01
4.687500000000000000e-01,1.145833333333333287e-01,-1.912371876540565063e-01,5.414875743446318813e-03,7.151213791529538455e-02,2.090718342514355510e-01,8.166916183194417034e-01
4.895833333333333148e-01,1.145833333333333287e-01,-1.921935101588105321e-01,2.933681415713380869e-03,7.404257178254340654e-02,2.034050995383901439e-01,7.995012407124285625e-01
5.104166666666666297e-01,1.145833333333333287e-01,-1.922343853834510286e-01,9.105777509029944401e-05,7.672666580356370114e-02,1.980543260057886223e-01,7.768253742240749382e-01
5.312500000000000000e-01,1.145833333333333287e-01,-1.912819167056585556e-01,-3.096823468177101538e-03,7.956242070245582443e-02,1.929021638817476902e-01,7.496731546033119642e-01
5.520833333333332593e-01,1.145833333333333287e-01,-1.892668922989528546e-01,-6.595200036169887245e-03,8.254275529835886083e-02,1.878390304560636215e-01,7.191091712541450853e-01
5.729166666666666297e-01,1.145833333333333287e-01,-1.861325281346586924e-01,-1.035332860657798941e-02,8.564747553074596176e-02,1.827706148984162837e-01,6.861057931429077605e-01
5.937500000000000000e-01,1.145833333333333287e-01,-1.818377208931561961e-01,-1.430575029403010484e-02,8.884952724789332845e-02,1.776141940851129752e-01,6.515777367300941147e-01
6.145833333333332593e-01,1.145833333333333287e-01,-1.763602782925641488e-01,-1.837359241054353776e-02,9.211498414306136528e-02,1.722966619228809559e-01,6.163765048032988636e-01
6.354166666666666297e-01,1.145833333333333287e-01,-1.696999164222969536e-01,-2.246609942620143158e-02,9.540342067260278169e-02,1.667529745395625040e-01,5.812803745220820328e-01
6.562500000000000000e-01,1.145833333333333287e-01,-1.618809175962327429e-01,-2.648252379672870818e-02,9.866872111048036187e-02,1.609250166722059061e-01,5.469830403639452943e-01
6.770833333333332593e-01,1.145833333333333287e-01,-1.529543509628417675e-01,-3.031447329753663225e-02,1.018603526410986337e-01,1.547608552558159545e-01,5.140829808389243416e-01
6.979166666666666297e-01,1.145833333333333287e-01,-1.429997490363180690e-01,-3.384876151788092369e-02,1.049250967177861593e-01,1.482143334520709954e-01,4.830757670035638052e-01
7.187500000000000000e-01,1.145833333333333287e-01,-1.321261198614229193e-01,-3.697074473503866171e-02,1.078091900991758750e-01,1.412449528851757174e-01,4.543515466648884171e-01
7.395833333333332593e-01,1.145833333333333287e-01,-1.204721662076921884e-01,-3.956805156263915046e-02,1.104607779733099149e-01,1.338179896015247727e-01,4.281998686134131926e-01
7.604166666666666297e-01,1.145833333333333287e-01,-1.082055879916322960e-01,-4.153452291651748424e-02,1.128325309225460538e-01,1.259047899512119040e-01,4.048238238811953660e-01
7.812500000000000000e-01,1.145833333333333287e-01,-9.552136927095931929e-02,-4.277408429609951684e-02,1.148842311272125771e-01,1.174831971724287355e-01,3.843650798891312115e-01
8.020833333333332593e-01,1.145833333333333287e-01,-8.263900294243226030e-02,-4.320418202774062300e-02,1.165850977940298544e-01,1.085380694235351801e-01,3.669406148693700742e-01
8.229166666666666297e-01,1.145833333333333287e-01,-6.979868982731628202e-02,-4.275835089962862212e-02,1.179156032864365211e-01,9.906186681982451225e-02,3.526906323040511770e-01
8.437500000000000000e-01,1.145833333333333287e-01,-5.725666903611439928e-02,-4.138747440206036465e-02,1.188685332424154473e-01,8.905530946079100174e-02,3.418350746024144682e-01
8.645833333333332593e-01,1.145833333333333287e-01,-4.528000257202777212e-02,-3.905939297910390740e-02,1.194490650610542659e-01,7.852813963052615587e-02,3.347333460344444900e-01
8.854166666666666297e-01,1.145833333333333287e-01,-3.414137444973838753e-02,-3.575675621830601281e-02,1.196736730620577838e-01,6.750005597459357576e-02,3.319387500405447389e-01
9.062500000000000000e-01,1.145833333333333287e-01,-2.411483738831798895e-02,-3.147342674426038128e-02,1.195677048432561423e-01,5.600191967357298628e-02,3.342372842180341141e-01
9.270833333333332593e-01,1.145833333333333287e-01,-1.547408073994426154e-02,-2.621026553892699673e-02,1.191615022947908886e-01,4.407735682776621478e-02,3.426634607962066315e-01
9.479166666666666297e-01,1.145833333333333287e-01,-8.495905197712098206e-03,-1.997146631584020490e-02,1.184849612879204234e-01,3.178490002229016065e-02,3.585005467131818779e-01
9.687500000000000000e-01,1.145833333333333287e-01,-3.473316810485146608e-03,-1.276196646469363385e-02,1.175604442645174080e-01,1.920085035701353873e-02,3.833081896855496939e-01
9.895833333333332593e-01,1.145833333333333287e-01,-7.445799798752416980e-04,-4.583240853777649851e-03,1.163939625422690111e-01,6.423156205719559621e-03,3.953737627605590221e-01
1.041666666666666609e-02,1.354166666666666574e-01,-2.115356329471706088e-03,2.306377558809278444e-02,5.412479991705369808e-02,9.622728701364732240e-01,1.385134032086925426e+00
3.125000000000000000e-02,1.354166666666666574e-01,-9.291503004280462705e-03,5.198723216349915993e-02,5.127200871465054099e-02,8.871963981229252783e-01,1.060295816366080501e+00
5.208333333333332871e-02,1.354166666666666574e-01,-2.126608200777606664e-02,6.763219679879789448e-02,4.937907592634402376e-02,8.133757535006282957e-01,5.079290579698836350e-01
7.291666666666665741e-02,1.354166666666666574e-01,-3.607737240395434558e-02,7.362139358175300019e-02,4.819558695627974843e-02,7.419804588696990999e-01,1.269693614599333165e-01
9.375000000000000000e-02,1.354166666666666574e-01,-5.220660937336759483e-02,7.307238893454134909e-02,4.752539806809137624e-02,6.742130665373314846e-01,-1.069678388165941074e-01
1.145833333333333287e-01,1.354166666666666574e-01,-6.855262901227832106e-02,6.850781781733510101e-02,4.723026332571174379e-02,6.111111454124593667e-01,-2.226974750811840931e-01
1.354166666666666574e-01,1.354166666666666574e-01,-8.437803464345031146e-02,6.185050865379758400e-02,4.721583888822677294e-02,5.534280712487054110e-01,-2.491920365054420827e-01
1.562500000000000000e-01,1.354166666666666574e-01,-9.924169478355153451e-02,5.447500002344055070e-02,4.741663614429874468e-02,5.015896334844279769e-01,-2.128838351669324336e-01
1.770833333333333148e-01,1.354166666666666574e-01,-1.129279430887932811e-01,4.728967921840469824e-02,4.778557477213817017e-02,4.557090436933934896e-01,-1.362475513666089322e-01
1.979166666666666574e-01,1.354166666666666574e-01,-1.253799634543747432e-01,4.082988583120554515e-02,4.828834519689972904e-02,4.156379116073937174e-01,-3.730873766690140370e-02
2.187500000000000000e-01,1.354166666666666574e-01,-1.366421780667662345e-01,3.534897940253504262e-02,4.890087370587622995e-02,3.810328175712505150e-01,7.024586410682465143e-02
2.395833333333333148e-01,1.354166666666666574e-01,-1.468139827838849665e-01,3.089984108624828363e-02,4.960813069296388794e-02,3.514225809417160229e-01,1.766097673766344467e-01
2.604166666666666297e-01,1.354166666666666574e-01,-1.560151777941736762e-01,2.740318697887591734e-02,5.040315962942717998e-02,3.262672929482208772e-01,2.752311173573722680e-01
2.812500000000000000e-01,1.354166666666666574e-01,-1.643620835821593684e-01,2.470167198148992896e-02,5.128587073157708787e-02,3.050050885278972057e-01,3.621423495813835824e-01
3.020833333333333148e-01,1.354166666666666574e-01,-1.719525958308323610e-01,2.260041947984066379e-02,5.226157908066234037e-02,2.870859949475357831e-01,4.353234091531696937e-01
3.229166666666666297e-01,1.354166666666666574e-01,-1.788581918731613207e-01,2.089559698523615200e-02,5.333945121381664101e-02,2.719941403233777644e-01,4.941441680556120097e-01
3.437500000000000000e-01,1.354166666666666574e-01,-1.851209941136734427e-01,1.939314946946934723e-02,5.453103602354537893e-02,2.592604859205003831e-01,5.389074511623770380e-01
3.645833333333333148e-01,1.354166666666666574e-01,-1.907542730935839481e-01,1.791992728972027077e-02,5.584898739618004981e-02,2.484684340164853567e-01,5.704965502899266294e-01
3.854166666666666297e-01,1.354166666666666574e-01,-1.957451197227532136e-01,1.632931167518510140e-02,5.730600422919313042e-02,2.392544608599560252e-01,5.901193279725365226e-01
4.062500000000000000e-01,1.354166666666666574e-01,-2.000583573000578319e-01,1.450314551518928560e-02,5.891395271944496748e-02,2.313055461017015646e-01,5.991341931123919107e-01
4.270833333333333148e-01,1.354166666666666574e-01,-2.036410585398355511e-01,1.235140572911864153e-02,6.068310574479006403e-02,2.243547513911491598e-01,5.989404283282820929e-01
4.479166666666666297e-01,1.354166666666666574e-01,-2.064272657913101550e-01,9.810672320537750304e-03,6.262143057047467321e-02,2.181759166309336639e-01,5.909154880986634550e-01
4.687500000000000000e-01,1.354166666666666574e-01,-2.083426852595017253e-01,6.842103356834793038e-03,6.473386975673231514e-02,2.125781262827227680e-01,5.763839005086639489e-01
4.895833333333333148e-01,1.354166666666666574e-01,-2.093092485002290282e-01,3.429339547806222691e-03,6.702158197112446925e-02,2.074003589855921148e-01,5.566053773951485928e-01
5.104166666666666297e-01,1.354166666666666574e-01,-2.092495202879856575e-01,-4.234533446054187036e-04,6.948113311499314049e-02,2.025065713048664340e-01,5.327742803752677503e-01
5.312500000000000000e-01,1.354166666666666574e-01,-2.080910162196707436e-01,-4.693285094588750192e-03,7.211300681110285882e-02,1.977773679453485312e-01,5.061422770047004915e-01
5.520833333333332593e-01,1.354166666666666574e-01,-2.057699796135599168e-01,-9.334799422574788924e-03,7.490905484606744102e-02,1.931008607239424746e-01,4.779556542206878644e-01
5.729166666666666297e-01,1.354166666666666574e-01,-2.022346663764515995e-01,-1.428340662157554994e-02,7.784881170519279692e-02,1.883793474917616895e-01,4.493203180152866016e-01
5.937500000000000000e-01,1.354166666666666574e-01,-1.974486598164277296e-01,-1.945648608055892265e-02,8.090469072372263870e-02,1.835264463607833574e-01,4.212447713695746665e-01
6.145833333333332593e-01,1.354166666666666574e-01,-1.913941284687639133e-01,-2.475483057227060441e-02,8.404187082511949125e-02,1.784650029376924907e-01,3.946290199975893143e-01
6.354166666666666297e-01,1.354166666666666574e-01,-1.840749321908665137e-01,-3.006441941263894579e-02,8.721858424757392148e-02,1.731255959117995735e-01,3.702530121188989942e-01
6.562500000000000000e-01,1.354166666666666574e-01,-1.755194930406029363e-01,-3.525864178661901327e-02,9.038687146148728646e-02,1.674455596253807688e-01,3.487652711526927907e-01
6.770833333333332593e-01,1.354166666666666574e-01,-1.657833357351811976e-01,-4.020107924645901359e-02,9.349384504176651289e-02,1.613684555985932523e-01,3.306731184152237324e-01
6.979166666666666297e-01,1.354166666666666574e-01,-1.549511777186363681e-01,-4.474891551202705986e-02,9.648346789800148204e-02,1.548439248275657043e-01,3.163362891114829267e-01
7.187500000000000000e-01,1.354166666666666574e-01,-1.431384200090176084e-01,-4.875697762540644881e-02,9.929880394867483806e-02,1.478278505647473151e-01,3.059660254038641947e-01
7.395833333333332593e-01,1.354166666666666574e-01,-1.304918661546612402e-01,-5.208232618035850414e-02,1.018846434623270208e-01,1.402827594991194471e-01,2.996319589044706411e-01
7.604166666666666297e-01,1.354166666666666574e-01,-1.171894875699446559e-01,-5.458920509957458644e-02,1.041903452857489698e-01,1.321783890331216793e-01,2.972792471110577428e-01
7.812500000000000000e-01,1.354166666666666574e-01,-1.034390698286770105e-01,-5.615403857498304369e-02,1.061726805533822204e-01,1.234923513535130662e-01,2.987583993103899438e-01
8.020833333333332593e-01,1.354166666666666574e-01,-8.947562721931549834e-02,-5.667003668674566730e-02,1.077984154100830594e-01,1.142108333699689837e-01,3.038698493364478392e-01
8.229166666666666297e-01,1.354166666666666574e-01,-7.555757292108172818e-02,-5.605086365397332626e-02,1.090463425359436966e-01,1.043292877040259831e-01,3.124244100572469152e-01
8.437500000000000000e-01,1.354166666666666574e-01,-6.196179013005341518e-02,-5.423276522994587706e-02,1.099084704476018803e-01,9.385309565765879991e-02,3.243191336623404419e-01
8.645833333333332593e-01,1.354166666666666574e-01,-4.897797704640573235e-02,-5.117458169895269804e-02,1.103901101544736141e-01,8.279821894391488357e-02,3.396258631456255395e-01
8.854166666666666297e-01,1.354166666666666574e-01,-3.690295283631615797e-02,-4.685521983083616726e-02,1.105086605550273660e-01,7.119190089985348580e-02,3.586874211792301370e-01
9.062500000000000000e-01,1.354166666666666574e-01,-2.603604051779413037e-02,-4.126841251167263913e-02,1.102909815313788400e-01,5.907352505834253392e-02,3.822153165740594383e-01
9.270833333333332593e-01,1.354166666666666574e-01,-1.667722254800104581e-02,-3.441485438968154564e-02,1.097693466059452005e-01,4.649578323893703569e-02,4.113856398851752361e-01
9.479166666666666297e-01,1.354166666666666574e-01,-9.130499661014521151e-03,-2.629177589430434572e-02,1.089760674006457486e-01,3.352634384588881050e-02,4.479400540629975280e-01
9.687500000000000000e-01,1.354166666666666574e-01,-3.715605638063565822e-03,-1.687913929640739649e-02,1.079369406932083053e-01,2.025024839269682145e-02,4.943187893776791464e-01
9.895833333333332593e-01,1.354166666666666574e-01,-7.912948285422327643e-04,-6.119115662195123012e-03,1.066635863403457424e-01,6.773301885874181971e-03,5.183995126668811126e-01
1.041666666666666609e-02,1.562500000000000000e-01,-2.037511871009584866e-03,2.721664378857407279e-02,5.476327442267524270e-02,9.620589861079388294e-01,1.666009613085740249e+00
3.125000000000000000e-02,1.562500000000000000e-01,-9.036540351415113179e-03,6.200953911823215564e-02,5.192136069851667479e-02,8.865410828804268784e-01,1.286902434709263687e+00
5.208333333333332871e-02,1.562500000000000000e-01,-2.087469448784575257e-02,8.142262298399113862e-02,4.992452235159117874e-02,8.122568689941848108e-01,6.356448056056962503e-01
7.291666666666665741e-02,1.562500000000000000e-01,-3.571620771565334196e-02,8.948377102054561050e-02,4.853952725341618979e-02,7.403859310253526615e-01,1.723502446071310534e-01
9.375000000000000000e-02,1.562500000000000000e-01,-5.209832543651775338e-02,8.972136618602638558e-02,4.758452527671348797e-02,6.721596088780192879e-01,-1.269554535342257151e-01
1.145833333333333287e-01,1.562500000000000000e-01,-6.892852857299347491e-02,8.503506334123647759e-02,4.693576391210377285e-02,6.086554509620518694e-01,-2.922882996001747724e-01
1.354166666666666574e-01,1.562500000000000000e-01,-8.544848889448877771e-02,7.766862908256350062e-02,4.651437112058726120e-02,5.506678000392177807e-01,-3.548073385799233037e-01
1.562500000000000000e-01,1.562500000000000000e-01,-1.011795547153893637e-01,6.925160555567644316e-02,4.627058304148662371e-02,4.986555314683515094e-01,-3.435896328718998083e-01
1.770833333333333148e-01,1.562500000000000000e-01,-1.158611460441262564e-01,6.088091332014747281e-02,4.617210799300917878e-02,4.527516577954025512e-01,-2.838024319203140133e-01
1.979166666666666574e-01,1.562500000000000000e-01,-1.293903963093931686e-01,5.321992236031113793e-02,4.619749549828537638e-02,4.128127426712014381e-01,-1.959276167584901307e-01
2.187500000000000000e-01,1.562500000000000000e-01,-1.417685198851720008e-01,4.659928106159978711e-02,4.633305887082844743e-02,3.784869902154140431e-01,-9.570855390767279980e-02
2.395833333333333148e-01,1.562500000000000000e-01,-1.530568127675753232e-01,4.110963702670561437e-02,4.657158400382942209e-02,3.492848801971473738e-01,5.454321213119395217e-03
2.604166666666666297e-01,1.562500000000000000e-01,-1.633431227900521976e-01,3.668089607118416029e-02,4.691157707965327994e-02,3.246422206939579835e-01,9.986819686492887094e-02
2.812500000000000000e-01,1.562500000000000000e-01,-1.727181815789089470e-01,3.314592746602407214e-02,4.735645159640162333e-02,3.039706932076518542e-01,1.828235725159205738e-01
3.020833333333333148e-01,1.562500000000000000e-01,-1.812603606503148668e-01,3.028885531538545034e-02,4.791351925953030166e-02,2.866946997260334529e-01,2.518831546542081301e-01
3.229166666666666297e-01,1.562500000000000000e-01,-1.890270868700819062e-01,2.787948341178734385e-02,4.859287372676135419e-02,2.722755944964745933e-01,3.062468411866811069e-01
3.437500000000000000e-01,1.562500000000000000e-01,-1.960511751969794547e-01,2.569615361032782583e-02,4.940630260125127710e-02,2.602254979671075330e-01,3.462246507022672670e-01
3.645833333333333148e-01,1.562500000000000000e-01,-2.023405613583326990e-01,2.353958829012556958e-02,5.036631850300740676e-02,2.501132122551084080e-01,3.728263149304895663e-01
3.854166666666666297e-01,1.562500000000000000e-01,-2.078802264417896617e-01,2.124016238740598569e-02,5.148533227233002829e-02,2.415646073411555905e-01,3.874605681767656629e-01
4.062500000000000000e-01,1.562500000000000000e-01,-2.126354203610294480e-01,1.866072629951284062e-02,5.277493767806207270e-02,2.342594654315046654e-01,3.917280883937386271e-01
4.270833333333333148e-01,1.562500000000000000e-01,-2.165555679165058756e-01,1.569667374004925925e-02,5.424524989642655337e-02,2.279263178431109871e-01,3.872882754274336592e-01
4.479166666666666297e-01,1.562500000000000000e-01,-2.195784623388901680e-01,1.227450598346600807e-02,5.590423745080425055e-02,2.223363785008248272e-01,3.757800741408113820e-01
4.687500000000000000e-01,1.562500000000000000e-01,-2.216345162813156966e-01,8.349743104523656839e-03,5.775700148025560143e-02,2.172973164644637911e-01,3.587793982236348045e-01
4.895833333333333148e-01,1.562500000000000000e-01,-2.226509575850486033e-01,3.904704344577525094e-03,5.980497901999064225e-02,2.126473307970310478e-01,3.377791707520512166e-01
5.104166666666666297e-01,1.562500000000000000e-01,-2.225559383748154929e-01,-1.053565563853185293e-03,6.204507235372014318e-02,2.082497893575369075e-01,3.141821698639846172e-01
5.312500000000000000e-01,1.562500000000000000e-01,-2.212825243254904484e-01,-6.495090992980906940e-03,6.448041553630577682e-02,2.039823318379052897e-01,2.893851170969755082e-01
5.520833333333332593e-01,1.562500000000000000e-01,-2.187718327518016481e-01,-1.236472170398230166e-02,6.710209743143254191e-02,1.997287551595148258e-01,2.647288491018612300e-01
5.729166666666666297e-01,1.562500000000000000e-01,-2.149758947099464357e-01,-1.858473561913156352e-02,6.988969026368523074e-02,1.953866583903746124e-01,2.413970931679144116e-01
5.937500000000000000e-01,1.562500000000000000e-01,-2.098610103175835295e-01,-2.505604803538970249e-02,7.281523509277808281e-02,1.908645889616994162e-01,2.204445365928576761e-01
6.145833333333332593e-01,1.562500000000000000e-01,-2.034110874578770600e-01,-3.165972282481011729e-02,7.584302802643058672e-02,1.860799603613778330e-01,2.027853153503633710e-01
6.354166666666666297e-01,1.562500000000000000e-01,-1.956309364749328206e-01,-3.825887442094104418e-02,7.892982258804477624e-02,1.809576578992368179e-01,1.891819210094626835e-01
6.562500000000000000e-01,1.562500000000000000e-01,-1.865494637280816770e-01,-4.470109867543164972e-02,8.202553060858028267e-02,1.754292416280607836e-01,1.802344703549383920e-01
6.770833333333332593e-01,1.562500000000000000e-01,-1.762226712888841362e-01,-5.082157210226564276e-02,8.507447910726392837e-02,1.694326585044639288e-01,1.763712095567288030e-01
6.979166666666666297e-01,1.562500000000000000e-01,-1.647363261282439595e-01,-5.644692583340542302e-02,8.801724259425548758e-02,1.629123774097946120e-01,1.778417801337350834e-01
7.187500000000000000e-01,1.562500000000000000e-01,-1.522081149215820384e-01,-6.139993622030875259e-02,9.079301891401579672e-02,1.558198602134443500e-01,1.847153674431313286e-01
7.395833333333332593e-01,1.562500000000000000e-01,-1.387890586362132694e-01,-6.550497772518137918e-02,9.334245388516085318e-02,1.481142803512478234e-01,1.968864573462453804e-01
7.604166666666666297e-01,1.562500000000000000e-01,-1.246639356825509082e-01,-6.859405509313064309e-02,9.561074983235547109e-02,1.397633986633563530e-01,2.140915070348785587e-01
7.812500000000000000e-01,1.562500000000000000e-01,-1.100504674960633145e-01,-7.051307450918223307e-02,9.755082285951034715e-02,1.307445064612723917e-01,2.359402583273291221e-01
8.020833333333332593e-01,1.562500000000000000e-01,-9.519707174377453618e-02,-7.112783911419677529e-02,9.912621346875422068e-02,1.210453507308405785e-01,2.619654708772990448e-01
8.229166666666666297e-01,1.562500000000000000e-01,-8.037910212290177991e-02,-7.032908514562874469e-02,1.003134169601734710e-01,1.106649693951756580e-01,2.916942708650690497e-01
8.437500000000000000e-01,1.562500000000000000e-01,-6.589368431702462281e-02,-6.803574433519593567e-02,1.011032961499667565e-01,9.961438906703258545e-02,3.247428834033658784e-01
8.645833333333332593e-01,1.562500000000000000e-01,-5.205353480398579313e-02,-6.419556519038915887e-02,1.015012788573332603e-01,8.791717607741676710e-02,3.609342270874035252e-01
8.854166666666666297e-01,1.562500000000000000e-01,-3.918051447825958433e-02,-5.878228087521549655e-02,1.015261298260274753e-01,7.560988358383217978e-02,4.004350998617343116e-01
9.062500000000000000e-01,1.562500000000000000e-01,-2.760011013774917726e-02,-5.178866812632575145e-02,1.012072150829761014e-01,6.274249902909018184e-02,4.439075274182050501e-01
9.270833333333332593e-01,1.562500000000000000e-01,-1.763851245112493457e-02,-4.321501443144576404e-02,1.005803262333924697e-01,4.937905825260698739e-02,4.926689998507064461e-01
9.479166666666666297e-01,1.562500000000000000e-01,-9.624359023729510410e-03,-3.305249216692208308e-02,9.968226286747446097e-02,3.559864165384252904e-02,5.488605155573436090e-01
9.687500000000000000e-01,1.562500000000000000e-01,-3.897272802445889486e-03,-2.126040326802423885e-02,9.854441194316568287e-02,2.149698295863449599e-02,6.156291465924432771e-01
9.895833333333332593e-01,1.562500000000000000e-01,-8.245124059040758770e-04,-7.734922896641431220e-03,9.718539660209428444e-02,7.188856493615011257e-03,6.506715410642194275e-01
1.041666666666666609e-02,1.770833333333333148e-01,-1.946632882061383575e-03,3.120078854164504145e-02,5.427694267303143083e-02,9.619282046062279656e-01,1.943455085358676060e+00
3.125000000000000000e-02,1.770833333333333148e-01,-8.706458588416052247e-03,7.178424855192139242e-02,5.148576004573202081e-02,8.861348642643709361e-01,1.515523721933059953e+00
5.208333333333332871e-02,1.770833333333333148e-01,-2.027705033903328541e-02,9.505665943734978307e-02,4.943607615316952808e-02,8.115515445549293938e-01,7.740802241416772089e-01
7.291666666666665741e-02,1.770833333333333148e-01,-3.495988939388289252e-02,1.053740868498441730e-01,4.791057523405460594e-02,7.393627199691327201e-01,2.344356278670660654e-01
9.375000000000000000e-02,1.770833333333333148e-01,-5.136550648875065628e-02,1.066187851724600122e-01,4.674023404872171272e-02,6.708214423691182260e-01,-1.264761645259713796e-01
1.145833333333333287e-01,1.770833333333333148e-01,-6.842668696573392384e-02,1.020290279682618678e-01,4.581335807093073198e-02,6.070387550776781271e-01,-3.393508650283691974e-01
1.354166666666666574e-01,1.770833333333333148e-01,-8.537785332151354156e-02,9.414579113281303091e-02,4.506344017603622354e-02,5.488457889555813374e-01,-4.370761756922795227e-01
1.562500000000000000e-01,1.770833333333333148e-01,-1.017131758429717370e-01,8.484083184778568043e-02,4.445324573887263903e-02,4.967332587326250826e-01,-4.509965058320283271e-01
1.770833333333333148e-01,1.770833333333333148e-01,-1.171345249541455025e-01,7.539462746794890757e-02,4.396245981072761239e-02,4.508554251570100480e-01,-4.086692947153274247e-01
1.979166666666666574e-01,1.770833333333333148e-01,-1.314979450146520068e-01,6.659887853828312665e-02,4.358031286229202550e-02,4.110772295613834282e-01,-3.327946274938368698e-01
2.187500000000000000e-01,1.770833333333333148e-01,-1.447646069875520580e-01,5.886511043230666790e-02,4.330201974178692070e-02,3.770430468130606116e-01,-2.409877220839600764e-01
2.395833333333333148e-01,1.770833333333333148e-01,-1.569596311581805681e-01,5.232712470903055219e-02,4.312733194386438040e-02,3.482499197796231072e-01,-1.461020405520074283e-01
2.604166666666666297e-01,1.770833333333333148e-01,-1.681400622242272547e-01,4.693014947738277653e-02,4.305989860728171026e-02,3.241140532789814621e-01,-5.686658944642647429e-02
2.812500000000000000e-01,1.770833333333333148e-01,-1.783717731927881023e-01,4.250344381724302512e-02,4.310673514490501873e-02,3.040247618372412530e-01,2.134178283964582867e-02
3.020833333333333148e-01,1.770833333333333148e-01,-1.877141713289944280e-01,3.881591617177873599e-02,4.327756731843164506e-02,2.873841248257559822e-01,8.571758707665222410e-02
3.229166666666666297e-01,1.770833333333333148e-01,-1.962111786276639902e-01,3.561615607383067372e-02,4.358406854682728149e-02,2.736331858788478288e-01,1.353179157847768099e-01
3.437500000000000000e-01,1.770833333333333148e-01,-2.038869163479296864e-01,3.265930699544772331e-02,4.403908308534120603e-02,2.622668813854734937e-01,1.704683267702684080e-01
3.645833333333333148e-01,1.770833333333333148e-01,-2.107446941052761868e-01,2.972359882370540635e-02,4.465590610838707231e-02,2.528403463285587849e-01,1.922971814191159479e-01
3.854166666666666297e-01,1.770833333333333148e-01,-2.167681720540645118e-01,2.661929488607141930e-02,4.544763924694211754e-02,2.449691578762780708e-01,2.023925493638220052e-01
4.062500000000000000e-01,1.770833333333333148e-01,-2.219238496304870023e-01,2.319246529650972194e-02,4.642659501402734978e-02,2.383257015010918078e-01,2.025643895180171405e-01
4.270833333333333148e-01,1.770833333333333148e-01,-2.261642903320254527e-01,1.932552300006725593e-02,4.760370031705629668e-02,2.326333647876376309e-01,1.946899437140867106e-01
4.479166666666666297e-01,1.770833333333333148e-01,-2.294316995160362305e-01,1.493596032984306765e-02,4.898784793451291253e-02,2.276597933497005177e-01,1.806201610263749591e-01
4.687500000000000000e-01,1.770833333333333148e-01,-2.316616284910416601e-01,9.974271675577559004e-03,5.058515933205659509e-02,2.232100395678403015e-01,1.621276366322130236e-01
4.895833333333333148e-01,1.770833333333333148e-01,-2.327866892832746726e-01,4.421677869489527846e-03,5.239814561270315918e-02,2.191201187992944666e-01,1.408804903957894816e-01
5.104166666666666297e-01,1.770833333333333148e-01,-2.327402393698767835e-01,-1.712008212396191019e-03,5.442478050878889195e-02,2.152512572681725966e-01,1.184260692013815452e-01
5.312500000000000000e-01,1.770833333333333148e-01,-2.314598855721738402e-01,-8.390416191465860027e-03,5.667073094534938460e-02,2.114773198297059953e-01,9.623319891180959207e-02
5.520833333333332593e-01,1.770833333333333148e-01,-2.288899929522881238e-01,-1.554998069907189903e-02,5.912699881641372834e-02,2.076763290169388876e-01,7.568215123624227880e-02
5.729166666666666297e-01,1.770833333333333148e-01,-2.249842049231887686e-01,-2.310120269499651297e-02,6.177357204718489370e-02,2.037398797103338044e-01,5.800604607305348548e-02
5.937500000000000000e-01,1.770833333333333148e-01,-2.197088360468086865e-01,-3.092983422826776560e-02,6.458239750084338038e-02,1.995701902669425876e-01,4.428765839300957685e-02
6.145833333333332593e-01,1.770833333333333148e-01,-2.130463429939137288e-01,-3.889835254453348490e-02,6.751705409872103825e-02,1.950780403854097400e-01,3.544971056968559964e-02
6.354166666666666297e-01,1.770833333333333148e-01,-2.049988880835489913e-01,-4.684785059452661882e-02,7.053285738319935161e-02,1.901814914907604404e-01,3.224490768351262471e-02
6.562500000000000000e-01,1.770833333333333148e-01,-1.955919603200499679e-01,-5.460052301219625592e-02,7.357749363335437665e-02,1.848052806576856444e-01,3.524522326368462188e-02
6.770833333333332593e-01,1.770833333333333148e-01,-1.848779632913520043e-01,-6.196293723339652004e-02,7.659225865981043879e-02,1.788807826210621621e-01,4.483095874279241499e-02
6.979166666666666297e-01,1.770833333333333148e-01,-1.729396160089184398e-01,-6.873025314534830787e-02,7.951393822329204386e-02,1.723464381616089947e-01,6.118099507650764934e-02
7.187500000000000000e-01,1.770833333333333148e-01,-1.598929455442573699e-01,-7.469149057968882399e-02,8.227731263013639273e-02,1.651485482822731832e-01,8.426659297740446419e-02
7.395833333333332593e-01,1.770833333333333148e-01,-1.458895874169100215e-01,-7.963583777851743206e-02,8.481819837687820662e-02,1.572423317610562588e-01,1.138521383819819377e-01
7.604166666666666297e-01,1.770833333333333148e-01,-1.311180638137321164e-01,-8.335984159663484272e-02,8.707685865864725483e-02,1.485931398441039941e-01,1.495073170423998343e-01
7.812500000000000000e-01,1.770833333333333148e-01,-1.158036979467151895e-01,-8.567512205918252632e-02,8.900152993599749762e-02,1.391777180765152999e-01,1.906361611047122651e-01
8.020833333333332593e-01,1.770833333333333148e-01,-1.002068658089828035e-01,-8.641601945421761855e-02,9.055173563133725456e-02,1.289854047655009661e-01,2.365289478789285305e-01
8.229166666666666297e-01,1.770833333333333148e-01,-8.461940609479209896e-02,-8.544633414067136223e-02,9.170100601781515370e-02,1.180191627024346351e-01,2.864426661074908065e-01
8.437500000000000000e-01,1.770833333333333148e-01,-6.935922364995407430e-02,-8.266409559086851377e-02,9.243861246578481683e-02,1.062963606568092106e-01,3.397143168268839108e-01
8.645833333333332593e-01,1.770833333333333148e-01,-5.476343971506710678e-02,-7.800314738264238490e-02,9.276996884264912535e-02,9.384925849273620391e-02,3.959084684641234753e-01
8.854166666666666297e-01,1.770833333333333148e-01,-4.118085159982501353e-02,-7.143030712393058645e-02,9.271545924874867450e-02,8.072520666581931015e-02,4.549964204001291646e-01
9.062500000000000000e-01,1.770833333333333148e-01,-2.896492104978294277e-02,-6.293697676816314979e-02,9.230761081201664664e-02,6.698664382396624095e-02,5.175598267820110676e-01
9.270833333333332593e-01,1.770833333333333148e-01,-1.846892158237681270e-02,-5.252430294363873847e-02,9.158671292887150817e-02,5.271105259162824075e-02,5.850080108333138851e-01
9.479166666666666297e-01,1.770833333333333148e-01,-1.004507664581564749e-02,-4.018120201868569802e-02,9.059513354372103477e-02,3.799108760001699420e-02,6.597966016708723958e-01
9.687500000000000000e-01,1.770833333333333148e-01,-4.049250809134718326e-03,-2.585460547422517574e-02,8.937061449546894465e-02,2.293507617290658704e-02,7.456347872942374888e-01
9.895833333333332593e-01,1.770833333333333148e-01,-8.516482967857601271e-04,-9.411083599331269284e-03,8.793863921352608470e-02,7.667931422950525523e-03,7.905767615709505813e-01
1.041666666666666609e-02,1.979166666666666574e-01,-1.847887073735051148e-03,3.499530849744147964e-02,5.279299663239256368e-02,9.618779896966467291e-01,2.214363204019845988e+00
3.125000000000000000e-02,1.979166666666666574e-01,-8.327491202921198307e-03,8.122915843166576833e-02,5.007967938741034186e-02,8.859698831196100022e-01,1.742550096267905024e+00
5.208333333333332871e-02,1.979166666666666574e-01,-1.953819886249285459e-02,1.083930489677942810e-01,4.801398143993633461e-02,8.112463145419417376e-01,9.191222284024389566e-01
7.291666666666665741e-02,1.979166666666666574e-01,-3.392223314167086556e-02,1.211045706534272931e-01,4.639359840999553175e-02,7.388923473746900061e-01,3.088599466895831092e-01
9.375000000000000000e-02,1.979166666666666574e-01,-5.017354412951791770e-02,1.235452294515917149e-01,4.506130718581109751e-02,6.701765733962791183e-01,-1.100292472940506694e-01
1.145833333333333287e-01,1.979166666666666574e-01,-6.726190323645840630e-02,1.192521232730539282e-01,4.391573218118825783e-02,6.062374519728462863e-01,-3.684468017089763681e-01
1.354166666666666574e-01,1.979166666666666574e-01,-8.442517769445331832e-02,1.110371366417955141e-01,4.290042385632873018e-02,5.479385427118733665e-01,-5.005531954176659637e-01
1.562500000000000000e-01,1.979166666666666574e-01,-1.011391973039189734e-01,1.009988284697270200e-01,4.198819766790684582e-02,4.958005613848210369e-01,-5.395718996750948904e-01
1.770833333333333148e-01,1.979166666666666574e-01,-1.170752120738235008e-01,9.059399472708584700e-02,4.116842151952203321e-02,4.499997173259367433e-01,-5.151413050857436282e-01
1.979166666666666574e-01,1.979166666666666574e-01,-1.320534705327922054e-01,8.074118979862138223e-02,4.043911470946566500e-02,4.104120710546860784e-01,-4.519447888806628066e-01
2.187500000000000000e-01,1.979166666666666574e-01,-1.459991186275929054e-01,7.193510923966915660e-02,3.980298420453717845e-02,3.766822289370337917e-01,-3.692982675847197305e-01
2.395833333333333148e-01,1.979166666666666574e-01,-1.589041886994989050e-01,6.435722014420257320e-02,3.926581012147230265e-02,3.482984496391628437e-01,-2.813890502548835326e-01
2.604166666666666297e-01,1.979166666666666574e-01,-1.707973624549052882e-01,5.797365886366383919e-02,3.883586407677760977e-02,3.246619735141795249e-01,-1.979041720710101870e-01
2.812500000000000000e-01,1.979166666666666574e-01,-1.817216558361648970e-01,5.261593878078239805e-02,3.852358928844039354e-02,3.051439393014417911e-01,-1.248413684233170007e-01
3.020833333333333148e-01,1.979166666666666574e-01,-1.917192145219210608e-01,4.804337803020186648e-02,3.834122961060147661e-02,2.891275860011263132e-01,-6.535211550061914565e-02
3.229166666666666297e-01,1.979166666666666574e-01,-2.008219425374452860e-01,4.398842952960134445e-02,3.830235955181474083e-02,2.760363037782935236e-01,-2.051844678897440932e-02
3.437500000000000000e-01,1.979166666666666574e-01,-2.090465793958659058e-01,4.018740811836339633e-02,3.842136543106233759e-02,2.653496682578779797e-01,9.990165431834063803e-03
3.645833333333333148e-01,1.979166666666666574e-01,-2.163929560268388341e-01,3.639965208910914130e-02,3.871292780509724696e-02,2.566101976604592272e-01,2.739908292325110573e-02
3.854166666666666297e-01,1.979166666666666574e-01,-2.228443828591445963e-01,3.241814640176172990e-02,3.919151853851254169e-02,2.494235524166441842e-01,3.344546203151066432e-02
4.062500000000000000e-01,1.979166666666666574e-01,-2.283693751436176589e-01,2.807428364171497825e-02,3.987089013996414355e-02,2.434545354385508342e-01,3.011166202565618288e-02
4.270833333333333148e-01,1.979166666666666574e-01,-2.329241538712594761e-01,2.323892408404226728e-02,4.076351610580403878e-02,2.384207531818494097e-01,1.945101094275827891e-02
4.479166666666666297e-01,1.979166666666666574e-01,-2.364555537061454882e-01,1.782136826476486344e-02,4.187994091795519541e-02,2.340852933806877312e-01,3.481501620121452145e-03
4.687500000000000000e-01,1.979166666666666574e-01,-2.389041169346781124e-01,1.176735594419383094e-02,4.322801269800921609e-02,2.302493350171921083e-01,-1.587409963232744303e-02
4.895833333333333148e-01,1.979166666666666574e-01,-2.402072579061802493e-01,5.056795364608366282e-03,4.481199478474799658e-02,2.267452570663615607e-01,-3.681888941562144746e-02
5.104166666666666297e-01,1.979166666666666574e-01,-2.403024519858284469e-01,-2.298381541264718324e-03,4.663158041694318717e-02,2.234305557225225169e-01,-5.770974116782884300e-02
5.312500000000000000e-01,1.979166666666666574e-01,-2.391302134334915563e-01,-1.025663521263715794e-02,4.869477223886869294e-02,2.201750555437910206e-01,-7.705391984908160907e-02
5.520833333333332593e-01,1.979166666666666574e-01,-2.366360422235090633e-01,-1.874782550776881579e-02,5.099338616330652274e-02,2.168497972940226226e-01,-9.345942154666753154e-02
5.729166666666666297e-01,1.979166666666666574e-01,-2.327726668255195308e-01,-2.767252131338844567e-02,5.350828180933844824e-02,2.133392531420174321e-01,-1.056494028191314327e-01
5.937500000000000000e-01,1.979166666666666574e-01,-2.275034792668292338e-01,-3.690307204494622240e-02,5.621170746520376404e-02,2.095382635083053169e-01,-1.125080433570403438e-01
6.145833333333332593e-01,1.979166666666666574e-01,-2.208061750978728144e-01,-4.628491194970640876e-02,5.906684071767695499e-02,2.053499896918065948e-01,-1.130876413467224451e-01
6.354166666666666297e-01,1.979166666666666574e-01,-2.126766447627419510e-01,-5.563827643484929586e-02,6.202777228437876544e-02,2.006847471824707574e-01,-1.066177620208673682e-01
6.562500000000000000e-01,1.979166666666666574e-01,-2.031331013362717708e-01,-6.476056836184278243e-02,6.504004807210213290e-02,1.954595875435857222e-01,-9.251730053259865638e-02
6.770833333333332593e-01,1.979166666666666574e-01,-1.922203580363192055e-01,-7.342963221240053628e-02,6.804186504766594756e-02,1.895985064672011666e-01,-7.040917445934480323e-02
6.979166666666666297e-01,1.979166666666666574e-01,-1.800140876027240822e-01,-8.140817588237297953e-02,7.096597974000155851e-02,1.830331637656835708e-01,-4.013622137150207880e-02
7.187500000000000000e-01,1.979166666666666574e-01,-1.666248075954763486e-01,-8.844951831457294189e-02,7.374233193598060676e-02,1.757040044568144166e-01,-1.775575209406410337e-03
7.395833333333332593e-01,1.979166666666666574e-01,-1.522012487524085356e-01,-9.430472701404848945e-02,7.630131011472779390e-02,1.675616681876915814e-01,4.435273097480307847e-02
7.604166666666666297e-01,1.979166666666666574e-01,-1.369326915066493289e-01,-9.873103321004091104e-02,7.857749255269946831e-02,1.585685678448509883e-01,9.768887306045814789e-02
7.812500000000000000e-01,1.979166666666666574e-01,-1.210498187330091013e-01,-1.015011690864336125e-01,8.051359688969074446e-02,1.487005092999869882e-01,1.574556151368134982e-01
8.020833333333332593e-01,1.979166666666666574e-01,-1.048236566535520609e-01,-1.024129666441559727e-01,8.206427512255679013e-02,1.379482162845624971e-01,2.227086867326872888e-01
8.229166666666666297e-01,1.979166666666666574e-01,-8.856228934736479208e-02,-1.012982139711109952e-01,8.319931974064262437e-02,1.263186225802964413e-01,2.924240312161784372e-01
8.437500000000000000e-01,1.979166666666666574e-01,-7.260526076011580843e-02,-9.802942679251590297e-02,8.390582223922998795e-02,1.138358048961270463e-01,3.656292761936723590e-01
8.645833333333332593e-01,1.979166666666666574e-01,-5.731593252305301062e-02,-9.252292835294473328e-02,8.418886754687690543e-02,1.005414612992562157e-01,4.415830430798649564e-01
8.854166666666666297e-01,1.979166666666666574e-01,-4.307252804711906441e-02,-8.473651874480425672e-02,8.407046692367724228e-02,8.649489689927614133e-02,5.199996371973291120e-01
9.062500000000000000e-01,1.979166666666666574e-01,-3.025909874004112377e-02,-7.466012500440948052e-02,8.358661815100787429e-02,7.177255856922924726e-02,6.013088325542688128e-01
9.270833333333332593e-01,1.979166666666666574e-01,-1.925807148636889121e-02,-6.229818142847076690e-02,8.278259833140341750e-02,5.646724808302667348e-02,6.869322502258388141e-01
9.479166666666666297e-01,1.979166666666666574e-01,-1.044618662393563026e-02,-4.764305333284809402e-02,8.170677430865014301e-02,4.068720135583510367e-02,7.795507813152217080e-01
9.687500000000000000e-01,1.979166666666666574e-01,-4.195270520351353227e-03,-3.063949610032798421e-02,8.040327014677146888e-02,2.455518528825008720e-02,8.833319714715066606e-01
9.895833333333332593e-01,1.979166666666666574e-01,-8.781670549058694661e-04,-1.114089895102289736e-02,7.890367657941554924e-02,8.207532401064782102e-03,9.372829857874274140e-01
1.041666666666666609e-02,2.187500000000000000e-01,-1.744066514439718751e-03,3.858726208561624738e-02,5.042695027194561697e-02,9.619043612945062938e-01,2.476553300688613124e+00
3.125000000000000000e-02,2.187500000000000000e-01,-7.914972129225957345e-03,9.028771458746337464e-02,4.781062722166569412e-02,8.860340299073713455e-01,1.965405681756788869e+00
5.208333333333332871e-02,2.187500000000000000e-01,-1.869839763404004818e-02,1.213286259763824149e-01,4.575588475514030806e-02,8.113206623925498517e-01,1.067725739572658927e+00
7.291666666666665741e-02,2.187500000000000000e-01,-3.267687335548475486e-02,1.365315036454618769e-01,4.407485658767801989e-02,7.389461885654319273e-01,3.923389865379683927e-01
9.375000000000000000e-02,2.187500000000000000e-01,-4.863340189853857659e-02,1.403261359904580119e-01,4.262153187997501369e-02,6.701893121910188489e-01,-8.101036056778060379e-02
1.145833333333333287e-01,2.187500000000000000e-01,-6.558282970432277592e-02,1.365090036469123191e-01,4.130374667260160171e-02,6.062103088929838846e-01,-3.830103161774570664e-01
1.354166666666666574e-01,2.187500000000000000e-01,-8.277476498243770131e-02,1.281354660040469606e-01,4.007350450573764211e-02,5.479008713885146209e-01,-5.486566390730331921e-01
1.562500000000000000e-01,2.187500000000000000e-01,-9.967415527121911700e-02,1.175139090057226166e-01,3.891182948050856544e-02,4.958095965271326899e-01,-6.126647555580705395e-01
1.770833333333333148e-01,2.187500000000000000e-01,-1.159279425800118224e-01,1.062687162697874832e-01,3.781596724841645302e-02,4.501348795880417697e-01,-6.064428421728524921e-01
1.979166666666666574e-01,2.187500000000000000e-01,-1.313257976320410803e-01,9.544258176691769457e-02,3.679114595314756514e-02,4.107661573109014919e-01,-5.564249652467881946e-01
2.187500000000000000e-01,2.187500000000000000e-01,-1.457611488259408783e-01,8.561471656007337006e-02,3.584630150617517524e-02,3.773519295676033836e-01,-4.834655545013979427e-01
2.395833333333333148e-01,2.187500000000000000e-01,-1.591965377735657383e-01,7.701807184332923328e-02,3.499231513568965002e-02,3.493760557684651991e-01,-4.029817081051004779e-01
2.604166666666666297e-01,2.187500000000000000e-01,-1.716353364180220054e-01,6.964477956439985018e-02,3.424146605011771372e-02,3.262293105739369481e-01,-3.255596283948302139e-01
2.812500000000000000e-01,2.187500000000000000e-01,-1.831003303419452000e-01,6.333410538522919742e-02,3.360728204665429375e-02,3.072688050931580706e-01,-2.577925140929919756e-01
3.020833333333333148e-01,2.187500000000000000e-01,-1.936186757676496839e-01,5.784111553721574261e-02,3.310440866373381280e-02,2.918624350374481313e-01,-2.031760937328953576e-01
3.229166666666666297e-01,2.187500000000000000e-01,-2.032122132566285266e-01,5.288695752709052234e-02,3.274838946461931799e-02,2.794186323502308444e-01,-1.629459642457998791e-01
3.437500000000000000e-01,2.187500000000000000e-01,-2.118919506814149756e-01,4.819325440408132877e-02,3.255536700453943999e-02,2.694034726786532774e-01,-1.367917797119446721e-01
3.645833333333333148e-01,2.187500000000000000e-01,-2.196555842770133160e-01,4.350381602996244990e-02,3.254173388636763531e-02,2.613479326080202503e-01,-1.234232493779041095e-01
3.854166666666666297e-01,2.187500000000000000e-01,-2.264871014194382859e-01,3.859692643563909092e-02,3.272374203114938179e-02,2.548481415234588043e-01,-1.209905118313980288e-01
4.062500000000000000e-01,2.187500000000000000e-01,-2.323577245326088059e-01,3.329111900548122754e-02,3.311705215009997511e-02,2.495611324973119605e-01,-1.273776218239572322e-01
4.270833333333333148e-01,2.187500000000000000e-01,-2.372276644982571625e-01,2.744680741356619880e-02,3.373619100996375075e-02,2.451980883013740731e-01,-1.403949032994559198e-01
4.479166666666666297e-01,2.187500000000000000e-01,-2.410483302233897285e-01,2.096555049525953424e-02,3.459388500738506955e-02,2.415165486807676065e-01,-1.578965951623513830e-01
4.687500000000000000e-01,2.187500000000000000e-01,-2.437647805731845141e-01,1.378818729202655261e-02,3.570025216908556676e-02,2.383125746950101875e-01,-1.778471785438063835e-01
4.895833333333333148e-01,2.187500000000000000e-01,-2.453183063764156624e-01,5.892630791508890811e-03,3.706185676769063742e-02,2.354134889421047871e-01,-1.983550964288532392e-01
5.104166666666666297e-01,2.187500000000000000e-01,-2.456490973984627735e-01,-2.708231866469919865e-03,3.868065794823243031e-02,2.326715294504619336e-01,-2.177127282992597501e-01
5.312500000000000000e-01,2.187500000000000000e-01,-2.446987495449662042e-01,-1.196937129326541664e-02,4.056685899399462697e-02,2.299527372791330959e-01,-2.344296459946009770e-01
5.520833333333332593e-01,2.187500000000000000e-01,-2.424117364885949311e-01,-2.181627369349431467e-02,4.271410195347252747e-02,2.271202063291814788e-01,-2.471097823682417149e-01
5.729166666666666297e-01,2.187500000000000000e-01,-2.387373930095690322e-01,-3.214179200467837810e-02,4.510464896410238539e-02,2.240504090225911848e-01,-2.544210842395188132e-01
5.937500000000000000e-01,2.187500000000000000e-01,-2.336333915432499686e-01,-4.280699037866563667e-02,4.771155779808280983e-02,2.206299941065240355e-01,-2.551932266105634284e-01
6.145833333333332593e-01,2.187500000000000000e-01,-2.270695623277033670e-01,-5.364212700048996696e-02,5.049806511870755243e-02,2.167537415566332115e-01,-2.484219577094878284e-01
6.354166666666666297e-01,2.187500000000000000e-01,-2.190321377448158913e-01,-6.444801630208409071e-02,5.341741748475312135e-02,2.123234981822322842e-01,-2.332781827591959845e-01
6.562500000000000000e-01,2.187500000000000000e-01,-2.095284285754095976e-01,-7.499808109048450300e-02,5.641328425243533062e-02,2.072479344153691505e-01,-2.091229745964562348e-01
6.770833333333332593e-01,2.187500000000000000e-01,-1.985918552094095013e-01,-8.504143614971150511e-02,5.942087188910333273e-02,2.014429843568460721e-01,-1.755284170984626746e-01
6.979166666666666297e-01,2.187500000000000000e-01,-1.862871595539449254e-01,-9.430733803412173766e-02,6.236882552826938930e-02,1.948328460467476653e-01,-1.323028259526343176e-01
7.187500000000000000e-01,2.187500000000000000e-01,-1.727155143755409461e-01,-1.025112813484758967e-01,6.518194706551257156e-02,1.873514251660422791e-01,-7.951722830499485806e-02
7.395833333333332593e-01,2.187500000000000000e-01,-1.580191327696614523e-01,-1.093629044290927999e-01,6.778467766312316900e-02,1.789441033013220439e-01,-1.752792655741730599e-02
7.604166666666666297e-01,2.187500000000000000e-01,-1.423848755969696622e-01,-1.145756702134476113e-01,7.010518797980534733e-02,1.695697024503976247e-01,5.301242051537802258e-02
7.812500000000000000e-01,2.187500000000000000e-01,-1.260462820115308136e-01,-1.178779984421060162e-01,7.207979947249311403e-02,1.592025023848450127e-01,1.311652404475478484e-01
8.020833333333332593e-01,2.187500000000000000e-01,-1.092834393075221566e-01,-1.190251420719492803e-01,7.365733994011196273e-02,1.478341501823513815e-01,2.157501012679102770e-01
8.229166666666666297e-01,2.187500000000000000e-01,-9.242020087715946408e-02,-1.178106442798676490e-01,7.480293898245177209e-02,1.354752874070894453e-01,3.054352843038696808e-01
8.437500000000000000e-01,2.187500000000000000e-01,-7.581849120652416063e-02,-1.140757347416435502e-01,7.550072235246761687e-02,1.221567184024269781e-01,3.988863443651038398e-01
8.645833333333332593e-01,2.187500000000000000e-01,-5.986982512901650039e-02,-1.077146147183875302e-01,7.575489550243630354e-02,1.079299630499268026e-01,4.949793966711665827e-01
8.854166666666666297e-01,2.187500000000000000e-01,-4.498469980117847378e-02,-9.867336218313343954e-02,7.558883224619011854e-02,9.286708777891196365e-02,5.930772525307101972e-01
9.062500000000000000e-01,2.187500000000000000e-01,-3.158111842321065232e-02,-8.694029225112606674e-02,7.504199750374773714e-02,7.705979038440358142e-02,6.933544174661884218e-01
9.270833333333332593e-01,2.187500000000000000e-01,-2.007402700355871011e-02,-7.252613285507833463e-02,7.416479346284632346e-02,6.061781074531279873e-02,7.971431160910306124e-01
9.479166666666666297e-01,2.187500000000000000e-01,-1.086767387247376815e-02,-5.543333989975872400e-02,7.301165181364427381e-02,4.366680620571789656e-02,9.072596937924823912e-01
9.687500000000000000e-01,2.187500000000000000e-01,-4.352595238622293701e-03,-3.561520427085310830e-02,7.163280767390359238e-02,2.634578713602391681e-02,1.028261488769985466e+00
9.895833333333332593e-01,2.187500000000000000e-01,-9.079117393183923834e-04,-1.292697774524715834e-02,7.006510725075315582e-02,8.803941429878087144e-03,1.090601783394863800e+00
1.041666666666666609e-02,2.395833333333333148e-01,-1.636702932066344974e-03,4.196803153212231435e-02,4.728503245552789086e-02,9.620026776568901816e-01,2.728437471515064772e+00
3.125000000000000000e-02,2.395833333333333148e-01,-7.478030718687900952e-03,9.891917854236512153e-02,4.477973969355487222e-02,8.863132917464340288e-01,2.182195720741734402e+00
5.208333333333332871e-02,2.395833333333333148e-01,-1.778298228668847430e-02,1.337855390942953582e-01,4.275612118343108392e-02,8.117509862590632785e-01,1.217593080078957612e+00
7.291666666666665741e-02,2.395833333333333148e-01,-3.127218090001061823e-02,1.515422648623157842e-01,4.104037728469593638e-02,7.394911878125323135e-01,4.823674078249560182e-01
9.375000000000000000e-02,2.395833333333333148e-01,-4.682061243774328363e-02,1.568203348543905640e-01,3.949744004112139967e-02,6.708178564626433582e-01,-4.201238530616169253e-02
1.145833333333333287e-01,2.395833333333333148e-01,-6.349381004880874646e-02,1.536374301998293945e-01,3.804374449031827643e-02,6.069079472595502178e-01,-3.856531760471499370e-01
1.354166666666666574e-01,2.395833333333333148e-01,-8.055957904093330457e-02,1.452647437213693549e-01,3.663871853104995469e-02,5.486771751193758595e-01,-5.839737006119526397e-01
1.562500000000000000e-01,2.395833333333333148e-01,-9.747824888992551173e-02,1.342026914261738590e-01,3.527029893974787528e-02,4.966998057826231272e-01,-6.728028422120085894e-01
1.770833333333333148e-01,2.395833333333333148e-01,-1.138780875554262356e-01,1.222335598236296839e-01,3.394224686672463187e-02,4.511963834298715614e-01,-6.850096697608475393e-01
1.979166666666666574e-01,2.395833333333333148e-01,-1.295230966905568104e-01,1.105206024002352988e-01,3.266573093869763050e-02,4.120716338198847639e-01,-6.485490430622184999e-01
2.187500000000000000e-01,2.395833333333333148e-01,-1.442792304469564524e-01,9.972818087705523360e-02,3.145483489548231426e-02,3.789812842781370428e-01,-5.856580057767549752e-01
2.395833333333333148e-01,2.395833333333333148e-01,-1.580832211907932383e-01,9.014398721780900181e-02,3.032468296709488198e-02,3.514089144914334661e-01,-5.128897833147666452e-01
2.604166666666666297e-01,2.395833333333333148e-01,-1.709163443965540652e-01,8.179078604013713394e-02,2.929092511724512571e-02,3.287391419485740651e-01,-4.416843986816154644e-01
2.812500000000000000e-01,2.395833333333333148e-01,-1.827839651094743390e-01,7.452071354633540978e-02,2.836973724455243984e-02,3.103190745560683306e-01,-3.792200756209122003e-01
3.020833333333333148e-01,2.395833333333333148e-01,-1.937006918078557627e-01,6.808957950019545180e-02,2.757790268763186947e-02,2.955046873460188128e-01,-3.293498035117177203e-01
3.229166666666666297e-01,2.395833333333333148e-01,-2.036803884936713716e-01,6.221172773890526475e-02,2.693281481385200946e-02,2.836921070380602483e-01,-2.934902497645812680e-01
3.437500000000000000e-01,2.395833333333333148e-01,-2.127300634049962835e-01,5.659789652837793339e-02,2.645237250595719111e-02,2.743357478704990249e-01,-2.713867917605750635e-01
3.645833333333333148e-01,2.395833333333333148e-01,-2.208466486045350674e-01,5.097939270080299040e-02,2.615477813324619885e-02,2.669561116094600339e-01,-2.617234119352349619e-01
3.854166666666666297e-01,2.395833333333333148e-01,-2.280158085573175675e-01,4.512202686000599261e-02,2.605824104937998556e-02,2.611401869286234523e-01,-2.625775672682293949e-01
4.062500000000000000e-01,2.395833333333333148e-01,-2.342120932563589997e-01,3.883292639332626417e-02,2.618057292446513903e-02,2.565370697115800791e-01,-2.717387062546930965e-01
4.270833333333333148e-01,2.395833333333333148e-01,-2.393999347440038394e-01,3.196278147901439326e-02,2.653865119383820581e-02,2.528509152167731089e-01,-2.869173859546355065e-01
4.479166666666666297e-01,2.395833333333333148e-01,-2.435351490292538279e-01,2.440545644019389421e-02,2.714772855969000559e-02,2.498327854131194570e-01,-3.058730901261141888e-01
4.687500000000000000e-01,2.395833333333333148e-01,-2.465667375324368249e-01,1.609632020006995443e-02,2.802057873060757529e-02,2.472724618872289004e-01,-3.264858249866991469e-01
4.895833333333333148e-01,2.395833333333333148e-01,-2.484388813801411688e-01,7.010167534400963026e-03,2.916648838321737186e-02,2.449908971164274640e-01,-3.467916960558767303e-01
5.104166666666666297e-01,2.395833333333333148e-01,-2.490930903914669314e-01,-2.840768575989111033e-03,3.059012990930362261e-02,2.428336794700191592e-01,-3.650319458951191143e-01
5.312500000000000000e-01,2.395833333333333148e-01,-2.484703533440742462e-01,-1.340991948463545434e-02,3.230388797906662973e-02,2.406636594563507370e-01,-3.797271764005030192e-01
5.520833333333332593e-01,2.395833333333333148e-01,-2.465122220029119515e-01,-2.462086989965787259e-02,3.430429124539842445e-02,2.383353139629982576e-01,-3.894728655120567318e-01
5.729166666666666297e-01,2.395833333333333148e-01,-2.431625050007109046e-01,-3.636125627974173824e-02,3.657559748178736830e-02,2.357165095749917672e-01,-3.928588989424132150e-01
5.937500000000000000e-01,2.395833333333333148e-01,-2.383707631538673488e-01,-4.848326941676492363e-02,3.909228318917903899e-02,2.326851225953518731e-01,-3.886287271556773115e-01
6.145833333333332593e-01,2.395833333333333148e-01,-2.320962861167292779e-01,-6.080415421507531087e-02,4.181823963213712053e-02,2.291269881584728774e-01,-3.756809122540207824e-01
6.354166666666666297e-01,2.395833333333333148e-01,-2.243126745711033210e-01,-7.310702521601217252e-02,4.470641087696743121e-02,2.249349272502221275e-01,-3.530788829898541259e-01
6.562500000000000000e-01,2.395833333333333148e-01,-2.150130639090468421e-01,-8.514239200801920759e-02,4.769902968085613926e-02,2.200086600248061797e-01,-3.200703098082189335e-01
6.770833333333332593e-01,2.395833333333333148e-01,-2.042159309341871620e-01,-9.663083157303656301e-02,5.072859816992378312e-02,2.142554568464037079e-01,-2.761162004832677930e-01
6.979166666666666297e-01,2.395833333333333148e-01,-1.919713150534620438e-01,-1.072672541469863738e-01,5.371973164723041483e-02,2.075914012052370583e-01,-2.209283169831159910e-01
7.187500000000000000e-01,2.395833333333333148e-01,-1.783671561444059583e-01,-1.167271693230713114e-01,5.659192926717490635e-02,1.999431470396641763e-01,-1.545115229810922752e-01
7.395833333333332593e-01,2.395833333333333148e-01,-1.635353073441545291e-01,-1.246752468606282804e-01,5.926325009202780547e-02,1.912500500647120738e-01,-7.720505242513442390e-02
7.604166666666666297e-01,2.395833333333333148e-01,-1.476566363744699628e-01,-1.307762559242885148e-01,6.165475678095273804e-02,1.814665395667238168e-01,1.028653492061537555e-02
7.812500000000000000e-01,2.395833333333333148e-01,-1.309645089434919307e-01,-1.347081337476819796e-01,6.369544831731496770e-02,1.705645749805095313e-01,1.068855151930336866e-01
8.020833333333332593e-01,2.395833333333333148e-01,-1.137458900441432885e-01,-1.361764683697306300e-01,6.532725361893455818e-02,1.585360032615062142e-01,2.111723832175858018e-01
8.229166666666666297e-01,2.395833333333333148e-01,-9.633935219638696534e-02,-1.349290942602053289e-01,6.650952596788130278e-02,1.453946043256091336e-01,3.214745117660358087e-01
8.437500000000000000e-01,2.395833333333333148e-01,-7.912949554718168299e-02,-1.307688510811464422e-01,6.722239886073477777e-02,1.311775920988545174e-01,4.360292112910636453e-01
8.645833333333332593e-01,2.395833333333333148e-01,-6.253770149250817423e-02,-1.235619585110658003e-01,6.746837387249851603e-02,1.159463407736577023e-01,5.532327573242903362e-01
8.854166666666666297e-01,2.395833333333333148e-01,-4.700975776863719480e-02,-1.132390874421641963e-01,6.727163689079211639e-02,9.978614269281824156e-02,6.719754411268279437e-01
9.062500000000000000e-01,2.395833333333333148e-01,-3.300163680641053643e-02,-9.978626933228980367e-02,6.667484098769863032e-02,8.280488154205925544e-02,7.920452724092712504e-01
9.270833333333332593e-01,2.395833333333333148e-01,-2.096541563879449066e-02,-8.322346836118260649e-02,6.573341287171469149e-02,6.513060819884844421e-02,9.145619395668096452e-01
9.479166666666666297e-01,2.395833333333333148e-01,-1.133774528106383517e-02,-6.357002788247007041e-02,6.450775380847641183e-02,4.690808871718309125e-02,1.042382728739352782e+00
9.687500000000000000e-01,2.395833333333333148e-01,-4.533137064589186881e-03,-4.079820313846789503e-02,6.305391006643432106e-02,2.829436457357517934e-02,1.180409119925771133e+00
9.895833333333332593e-01,2.395833333333333148e-01,-9.434549784799545419e-04,-1.477834446304550700e-02,6.141329662576937298e-02,9.453102291287244011e-03,1.250837410179038267e+00
1.041666666666666609e-02,2.604166666666666297e-01,-1.526667140415119851e-03,4.513140160460377831e-02,4.346618869503059840e-02,9.621680802466239246e-01,2.968812021589450900e+00
3.125000000000000000e-02,2.604166666666666297e-01,-7.022286264625175051e-03,1.070927553807152627e-01,4.108265773577628177e-02,8.867930734429435580e-01,2.391479012513050506e+00
5.208333333333332871e-02,2.604166666666666297e-01,-1.680835631737928257e-02,1.457029838766998875e-01,3.910562943289400128e-02,8.125128197243453032e-01,1.366950614349801807e+00
7.291666666666665741e-02,2.604166666666666297e-01,-2.974071958809604982e-02,1.660463819639501626e-01,3.737508686785320083e-02,7.404930802050510019e-01,5.770010847706055213e-01
9.375000000000000000e-02,2.604166666666666297e-01,-4.478772050660156240e-02,1.729116502089943497e-01,3.576682219537052204e-02,6.720186409771914393e-01,4.956993083113703236e-03
1.145833333333333287e-01,2.604166666666666297e-01,-6.106953850204607098e-02,1.705011304517355941e-01,3.420560154642390827e-02,6.082784077658968114e-01,-3.783851213673563585e-01
1.354166666666666574e-01,2.604166666666666297e-01,-7.787726623059521014e-02,1.622745401901368734e-01,3.265768717020994805e-02,5.502082352180325264e-01,-6.084819764443016865e-01
1.562500000000000000e-01,2.604166666666666297e-01,-9.467188741012509678e-02,1.509061859859284482e-01,3.111707596618699945e-02,4.984058555914041566e-01,-7.219102291481496181e-01
1.770833333333333148e-01,2.604166666666666297e-01,-1.110679620325817352e-01,1.383259785518324569e-01,2.959306561406183436e-02,4.531137625809413816e-01,-7.526961304225195937e-01
1.979166666666666574e-01,2.604166666666666297e-01,-1.268082997843564264e-01,1.258135305589378194e-01,2.810178865119855596e-02,4.142536263491494730e-01,-7.300886102337853512e-01
2.187500000000000000e-01,2.604166666666666297e-01,-1.417353471010023847e-01,1.141184337913983271e-01,2.666158958286195604e-02,3.814914529747024940e-01,-6.775558015031608594e-01
2.395833333333333148e-01,2.604166666666666297e-01,-1.557635249723685611e-01,1.035859029186688707e-01,2.529108134192531443e-02,3.543144009519650917e-01,-6.127000896576331179e-01
2.604166666666666297e-01,2.604166666666666297e-01,-1.688550934777616197e-01,9.427356205043113668e-02,2.400867406125993184e-02,3.321050232263329516e-01,-5.477787256137403027e-01
2.812500000000000000e-01,2.604166666666666297e-01,-1.810007003976822071e-01,8.605116516888228206e-02,2.283271718101860179e-02,3.142042846492219543e-01,-4.905543689935532026e-01
3.020833333333333148e-01,2.604166666666666297e-01,-1.922047530954249239e-01,7.867990727377272009e-02,2.178177769069118003e-02,2.999595467224029921e-01,-4.452600567872921911e-01
3.229166666666666297e-01,2.604166666666666297e-01,-2.024751358215884922e-01,7.187147937730717362e-02,2.087484815495555326e-02,2.887572112820881443e-01,-4.135296823402747624e-01
3.437500000000000000e-01,2.604166666666666297e-01,-2.118165027294932889e-01,6.532918670920570547e-02,2.013142199063050475e-02,2.800418343599048177e-01,-3.952066060694638949e-01
3.645833333333333148e-01,2.604166666666666297e-01,-2.202263117814171334e-01,5.877449677143786744e-02,1.957142705593276424e-02,2.733245082753898991e-01,-3.889925698892283124e-01
3.854166666666666297e-01,2.604166666666666297e-01,-2.276928357574054540e-01,5.196260671814196402e-02,1.921501568671212315e-02,2.681835027405545246e-01,-3.929339851476762457e-01
4.062500000000000000e-01,2.604166666666666297e-01,-2.341945238196548595e-01,4.469031929648108886e-02,1.908220145956108366e-02,2.642598738227984745e-01,-4.047635838699442656e-01
4.270833333333333148e-01,2.604166666666666297e-01,-2.397002433699463864e-01,3.679894961379597679e-02,1.919232701951077008e-02,2.612502439132233789e-01,-4.221250570301750549e-01
4.479166666666666297e-01,2.604166666666666297e-01,-2.441700794137460773e-01,2.817433863446196229e-02,1.956334942093292811e-02,2.588983977137653825e-01,-4.427100762667510181e-01
4.687500000000000000e-01,2.604166666666666297e-01,-2.475564934378649828e-01,1.874544053310379932e-02,2.021093996097712842e-02,2.569868301282643985e-01,-4.643342337896140815e-01
4.895833333333333148e-01,2.604166666666666297e-01,-2.498057411501465319e-01,8.482438761352998138e-03,2.114741238702144699e-02,2.553289719347138775e-01,-4.849734796500237977e-01
5.104166666666666297e-01,2.604166666666666297e-01,-2.508595200052025631e-01,-2.605051936559367107e-03,2.238051345969353095e-02,2.537625258391022487e-01,-5.028151507284743804e-01
5.312500000000000000e-01,2.604166666666666297e-01,-2.506568851852806756e-01,-1.447100799137972932e-02,2.392488017793450994e-02,2.521477922019547124e-01,-5.163867658584703202e-01
5.520833333333332593e-01,2.604166666666666297e-01,-2.491350372206988517e-01,-2.703976069865774573e-02,2.578101883924209872e-02,2.503303820230711740e-01,-5.242656301400766550e-01
5.729166666666666297e-01,2.604166666666666297e-01,-2.462306717374088683e-01,-4.019644796623288163e-02,2.793581776950825393e-02,2.481692479576313171e-01,-5.249351303190159523e-01
5.937500000000000000e-01,2.604166666666666297e-01,-2.418834258470969889e-01,-5.378706546742923617e-02,3.036586587871598075e-02,2.455331170714831202e-01,-5.170162117647459921e-01
6.145833333333332593e-01,2.604166666666666297e-01,-2.360399467830330833e-01,-6.761831426561298874e-02,3.303642597737206643e-02,2.422984694612714540e-01,-4.992658075549548657e-01
6.354166666666666297e-01,2.604166666666666297e-01,-2.286587554131825351e-01,-8.145766808095097899e-02,3.590083303217639354e-02,2.383486578848620363e-01,-4.705877191991735264e-01
6.562500000000000000e-01,2.604166666666666297e-01,-2.197159720237581992e-01,-9.503414319456122972e-02,3.890049616831488255e-02,2.335739567945052109e-01,-4.300573001656932126e-01
6.770833333333332593e-01,2.604166666666666297e-01,-2.092118756615738429e-01,-1.080403097235385496e-01,4.196568119725156698e-02,2.278723982805168913e-01,-3.769603118750582960e-01
6.979166666666666297e-01,2.604166666666666297e-01,-1.971781507630165076e-01,-1.201361167757668269e-01,4.501722978185911106e-02,2.211512763211432864e-01,-3.108448345923501277e-01
7.187500000000000000e-01,2.604166666666666297e-01,-1.836855269649706746e-01,-1.309550894013927769e-01,4.796932177157856025e-02,2.133292072378785986e-01,-2.315828565940263317e-01
7.395833333333332593e-01,2.604166666666666297e-01,-1.688513421864980546e-01,-1.401133603610308365e-01,5.073330085584273896e-02,2.043386287954272740e-01,-1.394349679910826811e-01
7.604166666666666297e-01,2.604166666666666297e-01,-1.528463681057156687e-01,-1.472217874743529387e-01,5.322245695363761464e-02,1.941286027861383046e-01,-3.510740273600299055e-02
7.812500000000000000e-01,2.604166666666666297e-01,-1.359000575900159991e-01,-1.519010401442952296e-01,5.535749578349938305e-02,1.826677559637824577e-01,8.021428077474990204e-02
8.020833333333332593e-01,2.604166666666666297e-01,-1.183032491207782477e-01,-1.537989893417037734e-01,5.707224228638321795e-02,1.699471535756864882e-01,2.048756291149707032e-01
8.229166666666666297e-01,2.604166666666666297e-01,-1.004073549121601017e-01,-1.526090053446066963e-01,5.831894936538892238e-02,1.559828536485611261e-01,3.368323381131145267e-01
8.437500000000000000e-01,2.604166666666666297e-01,-8.261923926117895056e-02,-1.480869122969315499e-01,5.907245926338650088e-02,1.408178485618813702e-01,4.738227319519539016e-01
8.645833333333332593e-01,2.604166666666666297e-01,-6.539142637854634954e-02,-1.400635042325868163e-01,5.933244080177198232e-02,1.245230784565729137e-01,6.136526468065579554e-01
8.854166666666666297e-01,2.604166666666666297e-01,-4.920798733602031044e-02,-1.284489244870402058e-01,5.912304293783261777e-02,1.071972165967229051e-01,7.545971998893508115e-01
9.062500000000000000e-01,2.604166666666666297e-01,-3.456738569261536692e-02,-1.132251548930453960e-01,5.848957696038950549e-02,8.896499266434111652e-02,8.959000853482752547e-01
9.270833333333332593e-01,2.604166666666666297e-01,-2.196453303568937643e-02,-9.442365662496905732e-02,5.749223157704243248e-02,6.997392881515712704e-02,1.038320688225025767e+00
9.479166666666666297e-01,2.604166666666666297e-01,-1.187502234723208580e-02,-7.208702066487154836e-02,5.619724736759046380e-02,5.038946931922535372e-02,1.184649759317788709e+00
9.687500000000000000e-01,2.604166666666666297e-01,-4.744625149438190699e-03,-4.621621577033495354e-02,5.466630301073269194e-02,3.038849263052160327e-02,1.340096099945974117e+00
9.895833333333332593e-01,2.604166666666666297e-01,-9.864198126002059717e-04,-1.670821925412566827e-02,5.294498138615451321e-02,1.015097543579305574e-02,1.418646958320613161e+00
1.041666666666666609e-02,2.812500000000000000e-01,-1.414496279403823324e-03,4.807256502442272539e-02,3.906362590570543192e-02,9.623957396943217946e-01,3.196728504928903813e+00
3.125000000000000000e-02,2.812500000000000000e-01,-6.551407301302222298e-03,1.147841221070047685e-01,3.681037639102331671e-02,8.874589207280718650e-01,2.592121918462823249e+00
5.208333333333332871e-02,2.812500000000000000e-01,-1.578563130136198187e-02,1.570319112032242392e-01,3.489212699772602927e-02,8.135820390047910911e-01,1.514394753671115756e+00
7.291666666666665741e-02,2.812500000000000000e-01,-2.810522643315805508e-02,1.799694130399386582e-01,3.316236854659324051e-02,7.419181521919839817e-01,6.747016031284405191e-01
9.375000000000000000e-02,2.812500000000000000e-01,-4.257240532842092307e-02,1.885027989467742415e-01,3.150774952450133976e-02,6.737487567342428374e-01,5.831812402783492777e-02
1.145833333333333287e-01,2.812500000000000000e-01,-5.836487334402637450e-02,1.869842677250056484e-01,2.986131108635306508e-02,6.102703230630045494e-01,-3.627732593653117954e-01
1.354166666666666574e-01,2.812500000000000000e-01,-7.480110782156121352e-02,1.790353651229507626e-01,2.819586993952487644e-02,5.524351904364483978e-01,-6.237096864712859956e-01
1.562500000000000000e-01,2.812500000000000000e-01,-9.134721764705702740e-02,1.674860920581402735e-01,2.651097220796633583e-02,5.008624083134420868e-01,-7.614649698257091037e-01
1.770833333333333148e-01,2.812500000000000000e-01,-1.076084042148118813e-01,1.544033336698321102e-01,2.482079011763878643e-02,4.558161146571145239e-01,-8.109258059446737832e-01
1.979166666666666574e-01,2.812500000000000000e-01,-1.233102826912498839e-01,1.411783916691508600e-01,2.314570320953784205e-02,4.172363673474682177e-01,-8.024118063659690936e-01
2.187500000000000000e-01,2.812500000000000000e-01,-1.382753663579270320e-01,1.286457036645083651e-01,2.150761970550981589e-02,3.848022427403968160e-01,-7.604733957289633306e-01
2.395833333333333148e-01,2.812500000000000000e-01,-1.523989225293590488e-01,1.172103670883569981e-01,1.992800750335597601e-02,3.580080765372894991e-01,-7.036787349372144451e-01
2.604166666666666297e-01,2.812500000000000000e-01,-1.656269685791014745e-01,1.069687124358784658e-01,1.842748349860507187e-02,3.362382205020386650e-01,-6.450704427582297784e-01
2.812500000000000000e-01,2.812500000000000000e-01,-1.779378545114013721e-01,9.781250763565545181e-02,1.702609789694063333e-02,3.188311749372685355e-01,-5.930005172297243554e-01
3.020833333333333148e-01,2.812500000000000000e-01,-1.893278752332936965e-01,8.951263822663460545e-02,1.574380181941715390e-02,3.051288673594247935e-01,-5.521103955884648640e-01
3.229166666666666297e-01,2.812500000000000000e-01,-1.998007056273936044e-01,8.178196154470873669e-02,1.460085207355371444e-02,2.945104817858890667e-01,-5.242922773190974439e-01
3.437500000000000000e-01,2.812500000000000000e-01,-2.093601040913045941e-01,7.431946991361992882e-02,1.361805976481803362e-02,2.864124978161088353e-01,-5.095334531122401867e-01
3.645833333333333148e-01,2.812500000000000000e-01,-2.180052048502142958e-01,6.683912337785719027e-02,1.281685671280731464e-02,2.803376911027797846e-01,-5.065989491796274447e-01
3.854166666666666297e-01,2.812500000000000000e-01,-2.257277366511211691e-01,5.908703588861785594e-02,1.221917299242286127e-02,2.758561080801309462e-01,-5.135459392325917305e-01
4.062500000000000000e-01,2.812500000000000000e-01,-2.325106010327906425e-01,5.085044256992406198e-02,1.184711920729561614e-02,2.726007816733491129e-01,-5.280865899658029328e-01
4.270833333333333148e-01,2.812500000000000000e-01,-2.383273713630990054e-01,4.196131622095288644e-02,1.172246483595903652e-02,2.702604603118360371e-01,-5.478270754696902278e-01
4.479166666666666297e-01,2.812500000000000000e-01,-2.431424049321647129e-01,3.229684164017043724e-02,1.186590629695357529e-02,2.685710591938560432e-01,-5.704130462027968695e-01
4.687500000000000000e-01,2.812500000000000000e-01,-2.469113776643118707e-01,2.177832428366142242e-02,1.229612714304179934e-02,2.673070179406778490e-01,-5.936092990129727687e-01
4.895833333333333148e-01,2.812500000000000000e-01,-2.495821455310533454e-01,1.036957058981839014e-02,1.302866753448199064e-02,2.662733197738109681e-01,-6.153364449983727003e-01
5.104166666666666297e-01,2.812500000000000000e-01,-2.510959058638465580e-01,-1.924644577175553756e-03,1.407463775799836989e-02,2.652986419066630797e-01,-6.337132018747022588e-01
5.312500000000000000e-01,2.812500000000000000e-01,-2.513889468620696954e-01,-1.506100917246227036e-02,1.545102479196755821e-02,2.642408490768027307e-01,-6.472603781553979418e-01
5.520833333333332593e-01,2.812500000000000000e-01,-2.503932607219285789e-01,-2.896729362229812088e-02,1.716342743566214718e-02,2.629373240760202735e-01,-6.545262498730833878e-01
5.729166666666666297e-01,2.812500000000000000e-01,-2.480375126728567303e-01,-4.352902857495435929e-02,1.920201690902024333e-02,2.612380988725198083e-01,-6.538597912091287379e-01
5.937500000000000000e-01,2.812500000000000000e-01,-2.442502872963830396e-01,-5.858895612549330778e-02,2.154625285137541993e-02,2.590024959477671973e-01,-6.437236399885883920e-01
6.145833333333332593e-01,2.812500000000000000e-01,-2.389641467487945703e-01,-7.394604321920131285e-02,2.416359013043695506e-02,2.560973118912890922e-01,-6.226891856944676285e-01
6.354166666666666297e-01,2.812500000000000000e-01,-2.321206818667526650e-01,-8.935459537925510842e-02,2.700858656018299137e-02,2.523960437291406511e-01,-5.894487731425623878e-01
6.562500000000000000e-01,2.812500000000000000e-01,-2.236766513780638621e-01,-1.045240297743702806e-01,3.002260814769391190e-02,2.477790430172948644e-01,-5.428459869300021889e-01
6.770833333333332593e-01,2.812500000000000000e-01,-2.136112248539319969e-01,-1.191199460300457202e-01,3.313433851838922667e-02,2.421345032866090985e-01,-4.819249530786888780e-01
6.979166666666666297e-01,2.812500000000000000e-01,-2.019342266233016825e-01,-1.327672035984472920e-01,3.626129089989908738e-02,2.353601819695718411e-01,-4.059982317257742057e-01
7.187500000000000000e-01,2.812500000000000000e-01,-1.886951140382522041e-01,-1.450557389618076509e-01,3.931248063342913240e-02,2.273657547478905028e-01,-3.147304049686940886e-01
7.395833333333332593e-01,2.812500000000000000e-01,-1.739922150841529125e-01,-1.555497945331878462e-01,4.219233246837225670e-02,2.180756906375771187e-01,-2.082306981682531255e-01
7.604166666666666297e-01,2.812500000000000000e-01,-1.579815077104008980e-01,-1.638010347567303571e-01,4.480576239380993503e-02,2.074325136818688242e-01,-8.714272816356771756e-02
7.812500000000000000e-01,2.812500000000000000e-01,-1.408839725097906781e-01,-1.693656385782276730e-01,4.706418881795151193e-02,1.954002788942681978e-01,4.728716357922646552e-02
8.020833333333332593e-01,2.812500000000000000e-01,-1.229903397909118679e-01,-1.718248320958878639e-01,4.889200600301531197e-02,1.819680362537294538e-01,1.931888881298446936e-01
8.229166666666666297e-01,2.812500000000000000e-01,-1.046619559063278471e-01,-1.708074406836247450e-01,5.023282508982440664e-02,1.671529912049813105e-01,3.481272365754023435e-01
8.437500000000000000e-01,2.812500000000000000e-01,-8.632660826649321550e-02,-1.660119402487292284e-01,5.105460521448480782e-02,1.510030030360326458e-01,5.092751623384383919e-01
8.645833333333332593e-01,2.812500000000000000e-01,-6.846857396622341163e-02,-1.572243234636915288e-01,5.135272296824543170e-02,1.335980106772507170e-01,6.737315921581789047e-01
8.854166666666666297e-01,2.812500000000000000e-01,-5.161295842448539173e-02,-1.443271598401995037e-01,5.115012420635924040e-02,1.150499620268373296e-01,8.389965243920671778e-01
9.062500000000000000e-01,2.812500000000000000e-01,-3.630553916718418789e-02,-1.272949404405922247e-01,5.049400108507552665e-02,9.550086979443518642e-02,1.003584912627742076e+00
9.270833333333332593e-01,2.812500000000000000e-01,-2.309064341999671893e-02,-1.061716194815356951e-01,4.944891489142541618e-02,7.511872808468612883e-02,1.167718394787403247e+00
9.479166666666666297e-01,2.812500000000000000e-01,-1.249071106467092469e-02,-8.102850085208798681e-02,4.808684300631833886e-02,5.409116199543048675e-02,1.333990751889149839e+00
9.687500000000000000e-01,2.812500000000000000e-01,-4.991673151592226042e-03,-5.190417069399110017e-02,4.647510765013303236e-02,3.261675193816050700e-02,1.507875921272606945e+00
9.895833333333332593e-01,2.812500000000000000e-01,-1.037751876086929516e-03,-1.873239094281280159e-02,4.466338335742037202e-02,1.089383816668778975e-02,1.594921862037210758e+00
1.041666666666666609e-02,3.020833333333333148e-01,-1.300574013955350201e-03,5.078763531778189566e-02,3.416594309171698540e-02,9.626809847761009786e-01,3.411414739099816629e+00
3.125000000000000000e-02,3.020833333333333148e-01,-6.068020021774616322e-03,1.219734088433632457e-01,3.204994486751430727e-02,8.882968949338051479e-01,2.783204962628567536e+00
5.208333333333332871e-02,3.020833333333333148e-01,-1.472284678740854585e-02,1.677316752325594407e-01,3.020034773019129176e-02,8.149354815501692606e-01,1.658786125132792000e+00
7.291666666666665741e-02,3.020833333333333148e-01,-2.638239864156440018e-02,1.932487959965553670e-01,2.848383599185479176e-02,7.437341476304649701e-01,7.742253302941757287e-01
9.375000000000000000e-02,3.020833333333333148e-01,-4.020278765602769422e-02,2.035109838998837017e-01,2.679791188109938854e-02,6.759672226004550533e-01,1.168056611144639989e-01
1.145833333333333287e-01,3.020833333333333148e-01,-5.542141985231489182e-02,2.029871829837888719e-01,2.508394125639928224e-02,6.128346369951090944e-01,-3.400577013969734996e-01
1.354166666666666574e-01,3.020833333333333148e-01,-7.138753829449033528e-02,1.954348027838778146e-01,2.332121514408300525e-02,5.553017626812148944e-01,-6.308517436675717960e-01
1.562500000000000000e-01,3.020833333333333148e-01,-8.757621178717253652e-02,1.838214377153912227e-01,2.151456620223956423e-02,5.040068766041092552e-01,-7.926130886993673075e-01
1.770833333333333148e-01,3.020833333333333148e-01,-1.035870871738764076e-01,1.703400499670398860e-01,1.968262983076307995e-02,4.592353692252200692e-01,-8.608001443302012445e-01
1.979166666666666574e-01,3.020833333333333148e-01,-1.191321045244314591e-01,1.564885711989361383e-01,1.784953704127376778e-02,4.209469338959594964e-01,-8.665830162520877789e-01
2.187500000000000000e-01,3.020833333333333148e-01,-1.340169801930894411e-01,1.431854834700582169e-01,1.604023869468035324e-02,3.888362553112523767e-01,-8.354468192384114644e-01
2.395833333333333148e-01,3.020833333333333148e-01,-1.481205689119478586e-01,1.308977321730976084e-01,1.427854934321774044e-02,3.624081813437567412e-01,-7.868429847071189975e-01
2.604166666666666297e-01,3.020833333333333148e-01,-1.613750178155369253e-01,1.197638423044693479e-01,1.258681516533237399e-02,3.410524891469820519e-01,-7.345689352418438567e-01
2.812500000000000000e-01,3.020833333333333148e-01,-1.737484197223542193e-01,1.097016656061818030e-01,1.098634469215613307e-02,3.241087063221769204e-01,-6.875727098170874019e-01
3.020833333333333148e-01,3.020833333333333148e-01,-1.852306993701856030e-01,1.004957806258319764e-01,9.498063490249153071e-03,3.109163813594892911e-01,-6.509345331874965002e-01
3.229166666666666297e-01,3.020833333333333148e-01,-1.958227925796407753e-01,9.186374274906644599e-02,8.143112638485860630e-03,3.008499284020993425e-01,-6.268478505174233106e-01
3.437500000000000000e-01,3.020833333333333148e-01,-2.055287803500014943e-01,8.350307494353392812e-02,6.943270303525055434e-03,2.933395368034436568e-01,-6.154911080710816496e-01
3.645833333333333148e-01,3.020833333333333148e-01,-2.143504562572680627e-01,7.512229501411943344e-02,5.921154673149943426e-03,2.878808218187629553e-01,-6.157385221644351425e-01
3.854166666666666297e-01,3.020833333333333148e-01,-2.222837690973139269e-01,6.645970889330835019e-02,5.100196736625395647e-03,2.840362201013078569e-01,-6.256991360546617642e-01
4.062500000000000000e-01,3.020833333333333148e-01,-2.293166355720780425e-01,5.729350042166714285e-02,4.504378992348817556e-03,2.814309271104525334e-01,-6.430988734903052562e-01
4.270833333333333148e-01,3.020833333333333148e-01,-2.354277161551295849e-01,4.744610928256971782e-02,4.157737070769653917e-03,2.797456973330585406e-01,-6.655328638202449021e-01
4.479166666666666297e-01,3.020833333333333148e-01,-2.405858610925876717e-01,3.678522708507737243e-02,4.083623325726077821e-03,2.787082662442038616e-01,-6.906187951038976758e-01
4.687500000000000000e-01,3.020833333333333148e-01,-2.447500436960098336e-01,2.522309417432382767e-02,4.303738020763147806e-03,2.780846109555211165e-01,-7.160800460102578757e-01
4.895833333333333148e-01,3.020833333333333148e-01,-2.478696914693846454e-01,1.271521633927225753e-02,4.836947406405148545e-03,2.776707757693610001e-01,-7.397826964528375626e-01
5.104166666666666297e-01,3.020833333333333148e-01,-2.498853830227039663e-01,-7.408384405169090399e-04,5.697936894209536945e-03,2.772854760122131501e-01,-7.597579660324714768e-01
5.312500000000000000e-01,3.020833333333333148e-01,-2.507303518072616644e-01,-1.510680552634004366e-02,6.906151365700255798e-03,2.767815305148644267e-01,-7.744968204080046048e-01
5.520833333333332593e-01,3.020833333333333148e-01,-2.503311295451458030e-01,-3.031640567067733424e-02,8.473350347293644516e-03,2.759918501755487252e-01,-7.825067612147647012e-01
5.729166666666666297e-01,3.020833333333333148e-01,-2.486081762735570244e-01,-4.625861784723577647e-02,1.039364687719510592e-02,2.747574710902894735e-01,-7.819831153409871893e-01
5.937500000000000000e-01,3.020833333333333148e-01,-2.454786221584860928e-01,-6.277614634475649213e-02,1.265017538627188388e-02,2.729279483721340771e-01,-7.711988218008832829e-01
6.145833333333332593e-01,3.020833333333333148e-01,-2.408602032995253994e-01,-7.966341240648726341e-02,1.521348435514115367e-02,2.703600557575798757e-01,-7.484996709355528077e-01
6.354166666666666297e-01,3.020833333333333148e-01,-2.346763764207447367e-01,-9.666451795279173975e-02,1.804030635017729936e-02,2.669170487536051684e-01,-7.123179558331818040e-01
6.562500000000000000e-01,3.020833333333333148e-01,-2.268627398857987199e-01,-1.134717742244684274e-01,2.107290245339836846e-02,2.624688505594275911e-01,-6.612078051892507080e-01
6.770833333333332593e-01,3.020833333333333148e-01,-2.173748431073721510e-01,-1.297255248825060214e-01,2.423921628773465647e-02,2.568931443739780884e-01,-5.939045831583057433e-01
6.979166666666666297e-01,3.020833333333333148e-01,-2.061973507062045130e-01,-1.450161153777849432e-01,2.745408212648545176e-02,2.500772882485682302e-01,-5.094092223797923591e-01
7.187500000000000000e-01,3.020833333333333148e-01,-1.933543510260156417e-01,-1.588889394477083772e-01,3.062170497823846552e-02,2.419209579783226927e-01,-4.070957081717969661e-01
7.395833333333332593e-01,3.020833333333333148e-01,-1.789203588910768805e-01,-1.708534851363251728e-01,3.363955455101715064e-02,2.323394126209551991e-01,-2.868356535530582896e-01
7.604166666666666297e-01,3.020833333333333148e-01,-1.630312651439401739e-01,-1.803971452744817516e-01,3.640367724372248898e-02,2.212672509706128110e-01,-1.491275510257024095e-01
7.812500000000000000e-01,3.020833333333333148e-01,-1.458941534116412753e-01,-1.870041749933854247e-01,3.881522564756542670e-02,2.086624808398988284e-01,4.790299110076112754e-03
8.020833333333332593e-01,3.020833333333333148e-01,-1.277945882315855153e-01,-1.901794935796647379e-01,4.078774283298099157e-02,1.945106553453444242e-01,1.728744709156164738e-01
8.229166666666666297e-01,3.020833333333333148e-01,-1.090997645889765638e-01,-1.894759867270408571e-01,4.225445027125737663e-02,1.788287444032105600e-01,3.523001975319905998e-01
8.437500000000000000e-01,3.020833333333333148e-01,-9.025592047201400070e-02,-1.845225859621103248e-01,4.317453136164685346e-02,1.616683142434925669e-01,5.396222633763736454e-01
8.645833333333332593e-01,3.020833333333333148e-01,-7.177879564327407924e-02,-1.750488368793201854e-01,4.353725801254725025e-02,1.431175009135116361e-01,7.311182165030887248e-01
8.854166666666666297e-01,3.020833333333333148e-01,-5.423679282925714107e-02,-1.609002647803258190e-01,4.336286275715839356e-02,1.233012136453201651e-01,9.233403867178027191e-01
9.062500000000000000e-01,3.020833333333333148e-01,-3.822788336010747579e-02,-1.420381642269168132e-01,4.269937484601334099e-02,1.023790235230944007e-01,1.113863851344389921e+00
9.270833333333332593e-01,3.020833333333333148e-01,-2.435302656332693702e-02,-1.185181482391791108e-01,4.161520954477901379e-02,8.054030222762241509e-02,1.302159724004546382e+00
9.479166666666666297e-01,3.020833333333333148e-01,-1.319052155506873075e-02,-9.044440945802859066e-02,4.018801962324781984e-02,5.799635259673905502e-02,1.490460745173282531e+00
9.687500000000000000e-01,3.020833333333333148e-01,-5.276678626521627037e-03,-5.790114292967631082e-02,3.849098673495277012e-02,3.496942710408737498e-02,1.684444522830707669e+00
9.895833333333332593e-01,3.020833333333333148e-01,-1.097937895127389096e-03,-2.086808071402712281e-02,3.657811855459985884e-02,1.167851591566228253e-02,1.780693068717480898e+00
1.041666666666666609e-02,3.229166666666666297e-01,-1.185230024066806281e-03,5.327343935580405171e-02,2.885791790223216774e-02,9.630193625829392978e-01,3.612227173046957063e+00
3.125000000000000000e-02,3.229166666666666297e-01,-5.574240829381660843e-03,1.286440616184752195e-01,2.688498458578501144e-02,8.892937440607809885e-01,2.963963362365543919e+00
5.208333333333332871e-02,3.229166666666666297e-01,-1.362633269536952726e-02,1.777679410890692646e-01,2.511224503199791305e-02,8.165512223666110403e-01,1.799176882516611009e+00
7.291666666666665741e-02,3.229166666666666297e-01,-2.458530652809111372e-02,2.058310558269229595e-01,2.341919683535551716e-02,7.459106744148972234e-01,8.745441533669020551e-01
9.375000000000000000e-02,3.229166666666666297e-01,-3.770092088762341809e-02,2.178647274435116798e-01,2.171414227442807973e-02,6.786355762576983253e-01,1.793859071807663019e-01
1.145833333333333287e-01,3.229166666666666297e-01,-5.227198356849169919e-02,2.184231343173163586e-01,1.994684765038571075e-02,6.159254440314118062e-01,-3.112359268978682203e-01
1.354166666666666574e-01,3.229166666666666297e-01,-6.768136377047670460e-02,2.113743500945107767e-01,1.810310839928056664e-02,5.587553997206546885e-01,-6.308542357588018401e-01
1.562500000000000000e-01,3.229166666666666297e-01,-8.341642510142131817e-02,1.998056252283850753e-01,1.619294817051486479e-02,5.077809034540560207e-01,-8.162511513999750612e-01
1.770833333333333148e-01,3.229166666666666297e-01,-9.907459805084191384e-02,1.860249107901705279e-01,1.423924282104036855e-02,4.633081164780142314e-01,-9.031766824437089669e-01
1.979166666666666574e-01,3.229166666666666297e-01,-1.143572235110612290e-01,1.716313531865798769e-01,1.226956078281030843e-02,4.253174181176910817e-01,-9.234341578984952559e-01
2.187500000000000000e-01,3.229166666666666297e-01,-1.290559212488317509e-01,1.576262748888430099e-01,1.031153089466744881e-02,3.935213815937925186e-01,-9.032955786702354661e-01
2.395833333333333148e-01,3.229166666666666297e-01,-1.430354393321512929e-01,1.445400475564908027e-01,8.390928689268342677e-03,3.674384318729522203e-01,-8.630116788569557329e-01
2.604166666666666297e-01,3.229166666666666297e-01,-1.562159961776071193e-01,1.325565326701210189e-01,6.531438341232941730e-03,3.464671560160325625e-01,-8.171024885580548958e-01
2.812500000000000000e-01,3.229166666666666297e-01,-1.685570532809934352e-01,1.216234342507337418e-01,4.755234762267529156e-03,3.299514143597399585e-01,-7.751174787225365570e-01
3.020833333333333148e-01,3.229166666666666297e-01,-1.800435258742633660e-01,1.115427642223813243e-01,3.083825589312215454e-03,3.172313155467272883e-01,-7.426051459066079774e-01
3.229166666666666297e-01,3.229166666666666297e-01,-1.906747508714656814e-01,1.020400773591746274e-01,1.538843783307715374e-03,3.076789111182168246e-01,-7.221024849285463398e-01
3.437500000000000000e-01,3.229166666666666297e-01,-2.004560889899565379e-01,9.281406622227734993e-02,1.426458378478677458e-04,3.007199178861674205e-01,-7.140257231770597013e-01
3.645833333333333148e-01,3.229166666666666297e-01,-2.093927991435884095e-01,8.356968979627445171e-02,-1.081340615635268537e-03,2.958440434553061826e-01,-7.174033890885194165e-01
3.854166666666666297e-01,3.229166666666666297e-01,-2.174857339079625529e-01,7.403856171557336718e-02,-2.108536257927718510e-03,2.926068805973340847e-01,-7.304363920958473200e-01
4.062500000000000000e-01,3.229166666666666297e-01,-2.247284142480998892e-01,6.399019441430356392e-02,-2.913398937063667316e-03,2.906261726219481201e-01,-7.508972595342292555e-01
4.270833333333333148e-01,3.229166666666666297e-01,-2.311051087071785692e-01,5.323719033206356088e-02,-3.469880642103635726e-03,2.895748024447413194e-01,-7.763947593234786781e-01
4.479166666666666297e-01,3.229166666666666297e-01,-2.365896369110815356e-01,4.163681917694454782e-02,-3.752150041732096181e-03,2.891723142799638158e-01,-8.045346569551160565e-01
4.687500000000000000e-01,3.229166666666666297e-01,-2.411447198263562408e-01,2.909076760115351934e-02,-3.735575564551198852e-03,2.891762608217586239e-01,-8.330060258908682513e-01
4.895833333333333148e-01,3.229166666666666297e-01,-2.447217991270258519e-01,1.554426998648697142e-02,-3.397959537671572938e-03,2.893742592872125541e-01,-8.596183485258594992e-01
5.104166666666666297e-01,3.229166666666666297e-01,-2.472613458114392149e-01,9.853461500010716849e-04,-2.721010468050014813e-03,2.895774327946372129e-01,-8.823098784265032135e-01
5.312500000000000000e-01,3.229166666666666297e-01,-2.486938132418965997e-01,-1.455555390184289435e-02,-1.682491076520263584e-03,2.896164309355542810e-01,-8.995015716607419609e-01
5.520833333333332593e-01,3.229166666666666297e-01,-2.489406246588757865e-01,-3.102006814031116333e-02,-2.637708729353455128e-04,2.893383981605306965e-01,-9.096399683661088309e-01
5.729166666666666297e-01,3.229166666666666297e-01,-2.479146235410614185e-01,-4.830390976700513206e-02,1.533947890785338636e-03,2.885716834297762379e-01,-9.107728585820611400e-01
5.937500000000000000e-01,3.229166666666666297e-01,-2.455217976139310587e-01,-6.625323446718839326e-02,3.698302678088174686e-03,2.871551987649591520e-01,-9.009568141218957660e-01
6.145833333333332593e-01,3.229166666666666297e-01,-2.416650320678484509e-01,-8.466150868909866345e-02,6.203887329675014661e-03,2.849353215911689663e-01,-8.782781470998550777e-01
6.354166666666666297e-01,3.229166666666666297e-01,-2.362491288583512539e-01,-1.032661517584582411e-01,9.010654996354127561e-03,2.817646725075233505e-01,-8.408661612006547159e-01
6.562500000000000000e-01,3.229166666666666297e-01,-2.291873330915593643e-01,-1.217455727205398186e-01,1.206284132472781531e-02,2.775021884830227714e-01,-7.869316931672618587e-01
6.770833333333332593e-01,3.229166666666666297e-01,-2.204095417089857734e-01,-1.397174145474348039e-01,1.528867711232990631e-02,2.720142673628548335e-01,-7.148350306901471996e-01
6.979166666666666297e-01,3.229166666666666297e-01,-2.098722569226793566e-01,-1.567390029003302154e-01,1.860118435148720370e-02,2.651768558323733815e-01,-6.231859109463202540e-01
7.187500000000000000e-01,3.229166666666666297e-01,-1.975701626229675600e-01,-1.723111459050637451e-01,2.190034095676675341e-02,2.568783828205428166e-01,-5.109756729883838666e-01
7.395833333333332593e-01,3.229166666666666297e-01,-1.835489353462155249e-01,-1.858864980906605735e-01,2.507683749303320914e-02,2.470234384590883070e-01,-3.777370042200971501e-01
7.604166666666666297e-01,3.229166666666666297e-01,-1.679185496080568829e-01,-1.968836118054416995e-01,2.801751491282973572e-02,2.355370704555482253e-01,-2.237193108645554318e-01
7.812500000000000000e-01,3.229166666666666297e-01,-1.508659166112268357e-01,-2.047074531915544504e-01,3.061235295321110272e-02,2.223695148590479065e-01,-5.005702124394240116e-02
8.020833333333332593e-01,3.229166666666666297e-01,-1.326652544793846533e-01,-2.087764426933936268e-01,3.276257689624370584e-02,2.075010960911325975e-01,1.411056910874577408e-01
8.229166666666666297e-01,3.229166666666666297e-01,-1.136842231859397090e-01,-2.085548925493658223e-01,3.438909425363376182e-02,1.909469234246236324e-01,3.465854522522410219e-01
8.437500000000000000e-01,3.229166666666666297e-01,-9.438371939278811240e-02,-2.035880280498995054e-01,3.544012583048182508e-02,1.727608851782435062e-01,5.622894513178742226e-01
8.645833333333332593e-01,3.229166666666666297e-01,-7.530951180540093604e-02,-1.935347272076581027e-01,3.589665633145047025e-02,1.530383155935488293e-01,7.835702676665070587e-01
8.854166666666666297e-01,3.229166666666666297e-01,-5.707480188532380178e-02,-1.781910871860819534e-01,3.577431670672632374e-02,1.319166151533922027e-01,1.005853229789340553e+00
9.062500000000000000e-01,3.229166666666666297e-01,-4.033441643205372407e-02,-1.574966367435804149e-01,3.512062361639430030e-02,1.095730880795375145e-01,1.225536418417768392e+00
9.270833333333332593e-01,3.229166666666666297e-01,-2.575354381796459563e-02,-1.315154051333851937e-01,3.400716447634395678e-02,8.621936189251752647e-02,1.441086891826094396e+00
9.479166666666666297e-01,3.229166666666666297e-01,-1.397623680405488816e-02,-1.003869645859904181e-01,3.251722281732027237e-02,6.209197447792541569e-02,1.654167769529912180e+00
9.687500000000000000e-01,3.229166666666666297e-01,-5.600532858870251041e-03,-6.424813467544621126e-02,3.073023980695946400e-02,3.743897603373098210e-02,1.870565805729940134e+00
9.895833333333332593e-01,3.229166666666666297e-01,-1.167171974683601891e-03,-2.313319058383811466e-02,2.870508437305056837e-02,1.250253963056444269e-02,1.977058204036122646e+00
1.041666666666666609e-02,3.437500000000000000e-01,-1.068795032236230383e-03,5.552746441210708317e-02,2.322101769349954256e-02,9.634066580412058434e-01,3.798623061090968367e+00
3.125000000000000000e-02,3.437500000000000000e-01,-5.071991720407077395e-03,1.347822440556578905e-01,2.139603082849554638e-02,8.904369542893033618e-01,3.133749619051446000e+00
5.208333333333332871e-02,3.437500000000000000e-01,-1.250155601715293580e-02,1.871114148146203471e-01,1.970711916959974955e-02,8.184086504457264155e-01,1.934760844317575446e+00
7.291666666666665741e-02,3.437500000000000000e-01,-2.272495201074290622e-02,2.176699519276834582e-01,1.804613525786083819e-02,7.484193185911361956e-01,9.747886834676451340e-01
9.375000000000000000e-02,3.437500000000000000e-01,-3.508512196483289103e-02,2.315016156563734773e-01,1.633204370677640918e-02,6.817180614062893218e-01,2.451963787856669130e-01
1.145833333333333287e-01,3.437500000000000000e-01,-4.894363358057128577e-02,2.332158204010612301e-01,1.452305546545692994e-02,6.195002971386575075e-01,-2.771248296868175642e-01
1.354166666666666574e-01,3.437500000000000000e-01,-6.371945422680487525e-02,2.267668648589844793e-01,1.261154047697449036e-02,5.627477502782085583e-01,-6.244764274466991782e-01
1.562500000000000000e-01,3.437500000000000000e-01,-7.891518644984715780e-02,2.153439040178982689e-01,1.061271707304049620e-02,5.121310412591558725e-01,-8.330865079466582834e-01
1.770833333333333148e-01,3.437500000000000000e-01,-9.412899744719373241e-02,2.013586159474244908e-01,8.553612122380590405e-03,4.679765146990130797e-01,-9.387257008589658946e-01
1.979166666666666574e-01,3.437500000000000000e-01,-1.090543171799883415e-01,1.865055932223398383e-01,6.465060244710912896e-03,4.302860771960736463e-01,-9.736159435088844738e-01
2.187500000000000000e-01,3.437500000000000000e-01,-1.234709700452520376e-01,1.718673854561172942e-01,4.377137997612984971e-03,3.987922022070379824e-01,-9.646669302941852653e-01
2.395833333333333148e-01,3.437500000000000000e-01,-1.372314911782966940e-01,1.580389762055807168e-01,2.317311381582202318e-03,3.730296777366112759e-01,-9.328412979491949031e-01
2.604166666666666297e-01,3.437500000000000000e-01,-1.502456940980416988e-01,1.452523637862319639e-01,3.103019100303937294e-04,3.524090380095981079e-01,-8.933454029149885400e-01
2.812500000000000000e-01,3.437500000000000000e-01,-1.624656265566548907e-01,1.334885926966222769e-01,-1.621176668078535416e-03,3.362815959893485362e-01,-8.563316328259715782e-01
3.020833333333333148e-01,3.437500000000000000e-01,-1.738721751823027184e-01,1.225706269954105199e-01,-3.455388449323800598e-03,3.239908522900254439e-01,-8.278429074112544361e-01
3.229166666666666297e-01,3.437500000000000000e-01,-1.844638870410553189e-01,1.122351514421003477e-01,-5.170586696007926225e-03,3.149088784805196273e-01,-8.107994110412581890e-01
3.437500000000000000e-01,3.437500000000000000e-01,-1.942480961138575157e-01,1.021845393306446970e-01,-6.744233160868421534e-03,3.084587902104551360e-01,-8.058997096790841974e-01
3.645833333333333148e-01,3.437500000000000000e-01,-2.032341528852837365e-01,9.212198361296519700e-02,-8.152495131131226591e-03,3.041257619431482206e-01,-8.123701673441564575e-01
3.854166666666666297e-01,3.437500000000000000e-01,-2.114284148086245096e-01,8.177346458659755235e-02,-9.370041786870494938e-03,3.014594842697915777e-01,-8.285423350624090411e-01
4.062500000000000000e-01,3.437500000000000000e-01,-2.188306211416616298e-01,7.090017821645380747e-02,-1.037014147732543204e-02,3.000708450646875636e-01,-8.522673403673410863e-01
4.270833333333333148e-01,3.437500000000000000e-01,-2.254313097540103228e-01,5.930458960134070423e-02,-1.112505527415870443e-02,2.996251953415322022e-01,-8.811918837279426597e-01
4.479166666666666297e-01,3.437500000000000000e-01,-2.312100064503678776e-01,4.683264480792789092e-02,-1.160672135667836433e-02,2.998340327169960462e-01,-9.129260587917704672e-01
4.687500000000000000e-01,3.437500000000000000e-01,-2.361340084743479006e-01,3.337402690942488370e-02,-1.178772529503253896e-02,3.004464202849866927e-01,-9.451326123494906417e-01
4.895833333333333148e-01,3.437500000000000000e-01,-2.401576817319596158e-01,1.886176323649690900e-02,-1.164255184712373326e-02,3.012410160925386160e-01,-9.755635145879060222e-01
5.104166666666666297e-01,3.437500000000000000e-01,-2.432222953099295315e-01,3.272013162374433608e-03,-1.114911561122571351e-02,3.020192191264074455e-01,-1.002065050212729513e+00
5.312500000000000000e-01,3.437500000000000000e-01,-2.452565339450429871e-01,-1.337551484864542284e-02,-1.028327475545708428e-02,3.025995257873375088e-01,-1.022943420009703619e+00
5.520833333333332593e-01,3.437500000000000000e-01,-2.461778200617201762e-01,-3.103200965985222770e-02,-9.017857634548709367e-03,3.028328799896823353e-01,-1.036564529950564362e+00
5.729166666666666297e-01,3.437500000000000000e-01,-2.458924734928483735e-01,-4.960331593415025914e-02,-7.348891245843730546e-03,3.025380156666175879e-01,-1.040850450273103744e+00
5.937500000000000000e-01,3.437500000000000000e-01,-2.442963538255006339e-01,-6.894277389452135862e-02,-5.283469489123178431e-03,3.015438411855351775e-01,-1.033624036037326999e+00
6.145833333333332593e-01,3.437500000000000000e-01,-2.412781977949679524e-01,-8.884689083838097357e-02,-2.841995715717974408e-03,2.996863332988323747e-01,-1.012687204518776474e+00
6.354166666666666297e-01,3.437500000000000000e-01,-2.367243504021586120e-01,-1.090505202114824823e-01,-6.019032892785533551e-05,2.968071473893920120e-01,-9.758313220624058593e-01
6.562500000000000000e-01,3.437500000000000000e-01,-2.305251821261393719e-01,-1.292221683103266794e-01,3.009353328063044813e-03,2.927536224674578413e-01,-9.208760636454660364e-01
6.770833333333332593e-01,3.437500000000000000e-01,-2.225834803417397478e-01,-1.489603121246211859e-01,6.296354610794132819e-03,2.873799749730865383e-01,-8.457429917952785647e-01
6.979166666666666297e-01,3.437500000000000000e-01,-2.128250024410701102e-01,-1.677918680101199156e-01,9.713114003872348745e-03,2.805495575803540476e-01,-7.485690419182473576e-01
7.187500000000000000e-01,3.437500000000000000e-01,-2.012111931751633387e-01,-1.851741843608926685e-01,1.315622183148003159e-02,2.721380954104564709e-01,-6.278626980675059421e-01
7.395833333333332593e-01,3.437500000000000000e-01,-1.877537829489507870e-01,-2.005020971377962646e-01,1.651002470402450351e-02,2.620378111138848554e-01,-4.827009081276791846e-01
7.604166666666666297e-01,3.437500000000000000e-01,-1.725305822921442411e-01,-2.131215991532711684e-01,1.965204545147290760e-02,2.501623169205891561e-01,-3.129565055424272657e-01
7.812500000000000000e-01,3.437500000000000000e-01,-1.557012750810956025e-01,-2.223514060516036395e-01,2.246032669273127433e-02,2.364520866795807308e-01,-1.195330076167906430e-01
8.020833333333332593e-01,3.437500000000000000e-01,-1.375214313847076264e-01,-2.275129956615745963e-01,2.482233090186895808e-02,2.208802231614193368e-01,9.543420015852532856e-02
8.229166666666666297e-01,3.437500000000000000e-01,-1.183524104559924850e-01,-2.279683918033449386e-01,2.664460211885709418e-02,2.034581054924444188e-01,3.284726947673382025e-01
8.437500000000000000e-01,3.437500000000000000e-01,-9.866448226855104031e-02,-2.231629607765134304e-01,2.786194134171918885e-02,1.842403434799239070e-01,5.748465448986732618e-01
8.645833333333332593e-01,3.437500000000000000e-01,-7.903061593222765469e-02,-2.126678684047547674e-01,2.844448503817877810e-02,1.633282960562625341e-01,8.289009852378782517e-01
8.854166666666666297e-01,3.437500000000000000e-01,-6.010925360640197168e-02,-1.962140182348880990e-01,2.840095869659890054e-02,1.408712654982042789e-01,1.084755877276514680e+00
9.062500000000000000e-01,3.437500000000000000e-01,-4.261621874148439904e-02,-1.737071260129618988e-01,2.777665492581266049e-02,1.170644150993669363e-01,1.337371559580638358e+00
9.270833333333332593e-01,3.437500000000000000e-01,-2.728864156515754119e-02,-1.452133656544196960e-01,2.664542828756889109e-02,9.214254198431083565e-02,1.583912233718861806e+00
9.479166666666666297e-01,3.437500000000000000e-01,-1.484690816087608917e-02,-1.109080444831470613e-01,2.509611209425846243e-02,6.636910271186205468e-02,1.825207498392931171e+00
9.687500000000000000e-01,3.437500000000000000e-01,-5.963146529783493015e-03,-7.098652035456680387e-02,2.321494709165907930e-02,4.002028062974951478e-02,2.067011687750406335e+00
9.895833333333332593e-01,3.437500000000000000e-01,-1.245474880082974916e-03,-2.554583743860468908e-02,2.106643555484437672e-02,1.336423224484502813e-02,2.185127222783650236e+00
1.041666666666666609e-02,3.645833333333333148e-01,-9.516316157555235926e-04,5.754789106009883942e-02,1.733369364368338161e-02,9.638388891019372684e-01,3.970145339779454829e+00
3.125000000000000000e-02,3.645833333333333148e-01,-4.563191220678664006e-03,1.403765737007601211e-01,1.566071786668448568e-02,8.917147303691692617e-01,3.292010661895093726e+00
5.208333333333332871e-02,3.645833333333333148e-01,-1.135366000324293696e-02,1.957371182488282235e-01,1.406165560872039456e-02,8.204884271824939290e-01,2.064839482958396921e+00
7.291666666666665741e-02,3.645833333333333148e-01,-2.081130083082319976e-02,2.287252853146458098e-01,1.244017571772003047e-02,7.512335859307244235e-01,1.074207464037346904e+00
9.375000000000000000e-02,3.645833333333333148e-01,-3.237156819698176757e-02,2.443667195896596922e-01,1.072566451493512513e-02,6.851815747063977335e-01,3.135012948712635472e-01
1.145833333333333287e-01,3.645833333333333148e-01,-4.545986646226329864e-02,2.472975263487949271e-01,8.884749690392025612e-03,6.235201944309162192e-01,-2.384068350587035812e-01
1.354166666666666574e-01,3.645833333333333148e-01,-5.953342901002720011e-02,2.415345421052482733e-01,6.916431499763829940e-03,5.672347284772942810e-01,-6.123368234406705302e-01
1.562500000000000000e-01,3.645833333333333148e-01,-7.411273618187054490e-02,2.303512661665201300e-01,4.841169788469166027e-03,5.170089294694605320e-01,-8.436818061468839280e-01
1.770833333333333148e-01,3.645833333333333148e-01,-8.879933797727676548e-02,2.162516665915554248e-01,2.690137736867593415e-03,4.731886112623899243e-01,-9.679717969298243796e-01
1.979166666666666574e-01,3.645833333333333148e-01,-1.032811230228315724e-01,2.010196473565583064e-01,4.973715915141327382e-04,4.357978230675363385e-01,-1.017635304688647935e+00
2.187500000000000000e-01,3.645833333333333148e-01,-1.173280828366664863e-01,1.858169440009974083e-01,-1.704722902447577265e-03,4.045906681209107125e-01,-1.020068254281650599e+00
2.395833333333333148e-01,3.645833333333333148e-01,-1.307820735874868356e-01,1.713039295445655807e-01,-3.887154837750556730e-03,3.791207938183164261e-01,-9.968527912275612080e-01
2.604166666666666297e-01,3.645833333333333148e-01,-1.435436545651077034e-01,1.577631943446129448e-01,-6.024374935769023776e-03,3.588135649305972952e-01,-9.638392442419212447e-01
2.812500000000000000e-01,3.645833333333333148e-01,-1.555583053707327301e-01,1.452123454024795146e-01,-8.093384519906501873e-03,3.430306798565620485e-01,-9.317783711855072148e-01
3.020833333333333148e-01,3.645833333333333148e-01,-1.668035126533163603e-01,1.334986301977847123e-01,-1.007251839568338442e-02,3.311217597632908904e-01,-9.072283360555453147e-01
3.229166666666666297e-01,3.645833333333333148e-01,-1.772775297428457464e-01,1.223728771880081279e-01,-1.194025824296286037e-02,3.224612637783352276e-01,-8.935278258739225432e-01
3.437500000000000000e-01,3.645833333333333148e-01,-1.869901022491298470e-01,1.115435951638232281e-01,-1.367426314851983779e-02,3.164716453935864648e-01,-8.916990477234137957e-01
3.645833333333333148e-01,3.645833333333333148e-01,-1.959551169149623684e-01,1.007139992170454218e-01,-1.525069988087862996e-02,3.126350591801400625e-01,-9.012074980300028848e-01
3.854166666666666297e-01,3.645833333333333148e-01,-2.041849420102068990e-01,8.960553600110265915e-02,-1.664389999914322668e-02,3.104964302999111969e-01,-9.205528964478028042e-01
4.062500000000000000e-01,3.645833333333333148e-01,-2.116861500513841921e-01,7.797152117616309996e-02,-1.782634546549186419e-02,3.096606233498255256e-01,-9.476967188104887807e-01
4.270833333333333148e-01,3.645833333333333148e-01,-2.184563136270402106e-01,6.560409882963613715e-02,-1.876897552150885370e-02,3.097860580214561455e-01,-9.803487852411754133e-01
4.479166666666666297e-01,3.645833333333333148e-01,-2.244816138200069200e-01,5.233713246895668747e-02,-1.944180664982892229e-02,3.105766103821303026e-01,-1.016142092517364315e+00
4.687500000000000000e-01,3.645833333333333148e-01,-2.297350758832251150e-01,3.804700333559429826e-02,-1.981485950159765294e-02,3.117731320254150118e-01,-1.052725248864471164e+00
4.895833333333333148e-01,3.645833333333333148e-01,-2.341753330995802185e-01,2.265271728429435472e-02,-1.985938962680696904e-02,3.131454780403584159e-01,-1.087798484125705123e+00
5.104166666666666297e-01,3.645833333333333148e-01,-2.377459134710511457e-01,6.116253064017849496e-03,-1.954942721865533459e-02,3.144855784425246159e-01,-1.119114257921328903e+00
5.312500000000000000e-01,3.645833333333333148e-01,-2.403751935637189474e-01,-1.155623602250762522e-02,-1.885964364765267340e-02,3.156018103058113033e-01,-1.144821862757475106e+00
5.520833333333332593e-01,3.645833333333333148e-01,-2.419782369964404434e-01,-3.032695893659131253e-02,-1.775330004753558275e-02,3.163461486026306058e-01,-1.163198525278816398e+00
5.729166666666666297e-01,3.645833333333333148e-01,-2.424566190143512268e-01,-5.011533120837220745e-02,-1.622066022097177693e-02,3.165285951040484047e-01,-1.172070948639702959e+00
5.937500000000000000e-01,3.645833333333333148e-01,-2.416977043499398126e-01,-7.078579295205858490e-02,-1.426279897934163224e-02,3.159685694778433529e-01,-1.169022701185900903e+00
6.145833333333332593e-01,3.645833333333333148e-01,-2.395774781965272215e-01,-9.214225396478899210e-02,-1.189417798874709345e-02,3.144916954232634398e-01,-1.151557083629964673e+00
6.354166666666666297e-01,3.645833333333333148e-01,-2.359647679110300489e-01,-1.139217147633809768e-01,-9.145062270456368048e-03,3.119283232502573777e-01,-1.117102613198550198e+00
6.562500000000000000e-01,3.645833333333333148e-01,-2.307272890194703163e-01,-1.357876209260071021e-01,-6.063593766073106794e-03,3.081135051009518677e-01,-1.063048138274610643e+00
6.770833333333332593e-01,3.645833333333333148e-01,-2.237399500839757360e-01,-1.573239002288349120e-01,-2.717210088310446914e-03,3.028882469745892703e-01,-9.868178285876694211e-01
6.979166666666666297e-01,3.645833333333333148e-01,-2.148957524123571994e-01,-1.780309554781943082e-01,8.069795983918215398e-04,2.961019440791423651e-01,-8.859943882285328254e-01
7.187500000000000000e-01,3.645833333333333148e-01,-2.041194459978311615e-01,-1.973252125732511131e-01,4.403293670629193635e-03,2.876159388171359299e-01,-7.584968751014837807e-01
7.395833333333332593e-01,3.645833333333333148e-01,-1.913838122999407254e-01,-2.145441128495407801e-01,7.950474132497734048e-03,2.773081327698069254e-01,-6.028150721223723973e-01
7.604166666666666297e-01,3.645833333333333148e-01,-1.767280041242631217e-01,-2.289585922740108304e-01,1.131690397346665419e-02,2.650785407811709904e-01,-4.182935668021521280e-01
7.812500000000000000e-01,3.645833333333333148e-01,-1.602767711354973201e-01,-2.397949531306784454e-01,1.436815054264546296e-02,2.508555970387968959e-01,-2.054437903959667189e-01
8.020833333333332593e-01,3.645833333333333148e-01,-1.422586652377311744e-01,-2.462673981766539122e-01,1.697657639671083102e-02,2.346029078457391170e-01,3.375994103822255177e-02
8.229166666666666297e-01,3.645833333333333148e-01,-1.230205505828509682e-01,-2.476211248718609148e-01,1.903226067271548624e-02,2.163259915039767167e-01,2.956731923317108546e-01
8.437500000000000000e-01,3.645833333333333148e-01,-1.030351353649759938e-01,-2.431835711133139011e-01,2.045390144299701757e-02,1.960783541136605634e-01,5.749666470263123941e-01
8.645833333333332593e-01,3.645833333333333148e-01,-8.289811031535386510e-02,-2.324181494538998249e-01,2.119785226573023262e-02,1.739660342163935891e-01,8.649291747765233129e-01
8.854166666666666297e-01,3.645833333333333148e-01,-6.331222104671904716e-02,-2.149709887802035146e-01,2.126317775205936039e-02,1.501495452143769282e-01,1.158207669080922653e+00
9.062500000000000000e-01,3.645833333333333148e-01,-4.505757883411191933e-02,-1.906978325451711975e-01,2.069080632130191819e-02,1.248420218384041214e-01,1.448045107352314176e+00
9.270833333333332593e-01,3.645833333333333148e-01,-2.895080535976899544e-02,-1.596570097728801929e-01,1.955565124177814987e-02,9.830243149482405240e-02,1.729955786479417057e+00
9.479166666666666297e-01,3.645833333333333148e-01,-1.579970393724079367e-02,-1.220572351914962217e-01,1.795190266423457928e-02,7.082302063877518594e-02,2.003606032737094811e+00
9.687500000000000000e-01,3.645833333333333148e-01,-6.363812803928134074e-03,-7.815698241062291052e-02,1.597322027939434425e-02,4.271070810916449689e-02,2.274514580588625545e+00
9.895833333333332593e-01,3.645833333333333148e-01,-1.332773758744788123e-03,-2.812408607743245234e-02,1.369070859688070393e-02,1.426273335483600226e-02,2.405982447724267725e+00
1.041666666666666609e-02,3.854166666666666297e-01,-8.341522417242643083e-04,5.933367491757862711e-02,1.127150481309734803e-02,9.643122869071448777e-01,4.126415876983585918e+00
3.125000000000000000e-02,3.854166666666666297e-01,-4.049875443973249313e-03,1.454180726504524512e-01,9.753830553648472346e-03,8.931159324337797356e-01,3.438274823316152862e+00
5.208333333333332871e-02,3.854166666666666297e-01,-1.018782285986712631e-02,2.036240354975940581e-01,8.249874665830691720e-03,8.227723733763935288e-01,2.188799093201121870e+00
7.291666666666665741e-02,3.854166666666666297e-01,-1.885399500480089419e-02,2.389621810383940059e-01,6.674508519295340239e-03,7.543287399626725787e-01,1.172137690062387438e+00
9.375000000000000000e-02,3.854166666666666297e-01,-2.957543488365308934e-02,2.564115311109222417e-01,4.967187791374155087e-03,6.889954683530442603e-01,3.836585431515439071e-01
1.145833333333333287e-01,3.854166666666666297e-01,-4.184219293753672214e-02,2.606077711466975311e-01,3.102828736190232223e-03,6.279493709702587134e-01,-1.956646252096542749e-01
1.354166666666666574e-01,3.854166666666666297e-01,-5.515168009905173363e-02,2.556073470166245754e-01,1.087061212759594941e-03,5.721763257765761779e-01,-5.949479562099132535e-01
1.562500000000000000e-01,3.854166666666666297e-01,-6.904465337408650927e-02,2.447507417020219345e-01,-1.054370113408760468e-03,5.223711592406636850e-01,-8.484884980857887449e-01
1.770833333333333148e-01,3.854166666666666297e-01,-8.312845805174620684e-02,2.306225975291195107e-01,-3.286108326344083091e-03,4.788982918150342383e-01,-9.913250243791489336e-01
1.979166666666666574e-01,3.854166666666666297e-01,-9.708756874185268948e-02,2.150896121546554962e-01,-5.570906940364502014e-03,4.418042866019116777e-01,-1.055883390167410063e+00
2.187500000000000000e-01,3.854166666666666297e-01,-1.106838439288426595e-01,1.993902142037250469e-01,-7.874060355979730502e-03,4.108663091144321156e-01,-1.069891522946968543e+00
2.395833333333333148e-01,3.854166666666666297e-01,-1.237497078668661071e-01,1.842505140306817113e-01,-1.016512517029400861e-02,3.856590609433258598e-01,-1.055452573202818378e+00
2.604166666666666297e-01,3.854166666666666297e-01,-1.361773097300477131e-01,1.700057926992992463e-01,-1.241784511652013409e-02,3.656253579329369896e-01,-1.029010890351774954e+00
2.812500000000000000e-01,3.854166666666666297e-01,-1.479060919040869893e-01,1.567131800274575992e-01,-1.460911113173832612e-02,3.501400238441446100e-01,-1.001903337296279561e+00
3.020833333333333148e-01,3.854166666666666297e-01,-1.589104627277930504e-01,1.442473736790962913e-01,-1.671756060008574782e-02,3.385614231779678351e-01,-9.812171897898307460e-01
3.229166666666666297e-01,3.854166666666666297e-01,-1.691885959969366970e-01,1.323762840653695538e-01,-1.872219250840974694e-02,3.302687554661649649e-01,-9.707392453570508062e-01
3.437500000000000000e-01,3.854166666666666297e-01,-1.787528470963446470e-01,1.208170118921538944e-01,-2.060120380424703204e-02,3.246858215346597465e-01,-9.718523891515977731e-01
3.645833333333333148e-01,3.854166666666666297e-01,-1.876218996300875186e-01,1.092746496882901208e-01,-2.233114226380672127e-02,3.212934129251196480e-01,-9.842997428817548133e-01
3.854166666666666297e-01,3.854166666666666297e-01,-1.958145221641817146e-01,9.746733315919668683e-02,-2.388640903011746489e-02,3.196330284702554869e-01,-1.006785345888785876e+00
4.062500000000000000e-01,3.854166666666666297e-01,-2.033446950293577860e-01,8.514110492442245048e-02,-2.523911345494949179e-02,3.193045892996891899e-01,-1.037412823621250979e+00
4.270833333333333148e-01,3.854166666666666297e-01,-2.102178324095010931e-01,7.207781603717614005e-02,-2.635927122485714688e-02,3.199604680204425899e-01,-1.073981889999251482e+00
4.479166666666666297e-01,3.854166666666666297e-01,-2.164278480895195367e-01,5.809873113440179593e-02,-2.721533518722180425e-02,3.212976625630923344e-01,-1.114170428588632245e+00
4.687500000000000000e-01,3.854166666666666297e-01,-2.219548716229906016e-01,4.306589026683847049e-02,-2.777505029202459799e-02,3.230494541813099807e-01,-1.155631005507237186e+00
4.895833333333333148e-01,3.854166666666666297e-01,-2.267634951649650232e-01,2.688271111137972152e-02,-2.800662204445279399e-02,3.249774622916073996e-01,-1.196028059361222251e+00
5.104166666666666297e-01,3.854166666666666297e-01,-2.308014878700094807e-01,9.494832313447831851e-03,-2.788016318847912414e-02,3.268646834753521913e-01,-1.233037893087132186e+00
5.312500000000000000e-01,3.854166666666666297e-01,-2.339988349974240212e-01,-9.108188051855250697e-03,-2.736926166434356170e-02,3.285099049670756055e-01,-1.264581043619252831e+00
5.520833333333332593e-01,3.854166666666666297e-01,-2.362703100276340729e-01,-2.890048844431213765e-02,-2.642819960079957273e-02,3.297644994507927807e-01,-1.288844098550312012e+00
5.729166666666666297e-01,3.854166666666666297e-01,-2.375150179816613583e-01,-4.981871172871334130e-02,-2.504029524263859732e-02,3.304307331822105009e-01,-1.303631783113574194e+00
5.937500000000000000e-01,3.854166666666666297e-01,-2.376139973658382143e-01,-7.174234771195198146e-02,-2.319993292066569943e-02,3.303190893540495221e-01,-1.306281583663195800e+00
6.145833333333332593e-01,3.854166666666666297e-01,-2.364325744550418162e-01,-9.448734826910455686e-02,-2.091477608397030244e-02,3.292448760622755377e-01,-1.293994705926159394e+00
6.354166666666666297e-01,3.854166666666666297e-01,-2.338237751467704684e-01,-1.177981300528339326e-01,-1.820853517571609584e-02,3.270267482136703929e-01,-1.263823979583213575e+00
6.562500000000000000e-01,3.854166666666666297e-01,-2.296336951634845303e-01,-1.413387645113998448e-01,-1.512358129111133695e-02,3.234866932762689440e-01,-1.212698495569919821e+00
6.770833333333332593e-01,3.854166666666666297e-01,-2.237094053694407281e-01,-1.646843853729805796e-01,-1.172303542781052282e-02,3.184513466924674407e-01,-1.137494231779391463e+00
6.979166666666666297e-01,3.854166666666666297e-01,-2.159098819426307769e-01,-1.873141914324771284e-01,-8.091900172345237868e-03,3.117546060452782153e-01,-1.035161530237748151e+00
7.187500000000000000e-01,3.854166666666666297e-01,-2.061203140839479864e-01,-2.086078508921771490e-01,-4.336729956801725627e-03,3.032415298343391075e-01,-9.029201252644514231e-01
7.395833333333332593e-01,3.854166666666666297e-01,-1.942698679779449877e-01,-2.278475543345081233e-01,-5.833075479230002969e-04,2.927734817807516321e-01,-7.385289948881750277e-01
7.604166666666666297e-01,3.854166666666666297e-01,-1.803525239565255678e-01,-2.442283029861405108e-01,3.028145457512641803e-03,2.802344227393504528e-01,-5.406295984374187569e-01
7.812500000000000000e-01,3.854166666666666297e-01,-1.644499230505734044e-01,-2.568790763132667854e-01,6.350499385250136380e-03,2.655381574558036140e-01,-3.091445874312324094e-01
8.020833333333332593e-01,3.854166666666666297e-01,-1.467542673358160354e-01,-2.648970366065891424e-01,9.239889783611589941e-03,2.486362083885442498e-01,-4.568751386415703664e-02
8.229166666666666297e-01,3.854166666666666297e-01,-1.275882997398070928e-01,-2.673955686928148334e-01,1.156787303202362616e-02,2.295258092033403141e-01,2.460982226145367324e-01
8.437500000000000000e-01,3.854166666666666297e-01,-1.074184504766863002e-01,-2.635643917733557773e-01,1.323420336188063304e-02,2.082572843111435978e-01,5.603970642032918281e-01
8.645833333333332593e-01,3.854166666666666297e-01,-8.685674921480573962e-02,-2.527360551053606796e-01,1.417816670397444891e-02,1.849398161301150367e-01,8.894400352677432897e-01
8.854166666666666297e-01,3.854166666666666297e-01,-6.664758957604512146e-02,-2.344481320361381238e-01,1.438593204142107895e-02,1.597443325749499932e-01,1.224257621400382190e+00
9.062500000000000000e-01,3.854166666666666297e-01,-4.763745254050749667e-02,-2.084854685373813410e-01,1.389142309697530102e-02,1.329020526946236846e-01,1.556084849500124934e+00
9.270833333333332593e-01,3.854166666666666297e-01,-3.072953531479160477e-02,-1.748840644807288514e-01,1.276900473231228073e-02,1.046972368652394625e-01,1.878390067021351806e+00
9.479166666666666297e-01,3.854166666666666297e-01,-1.683046549599775607e-02,-1.338803517249695929e-01,1.111782537860289861e-02,7.545303324991813054e-02,2.189270737555827573e+00
9.687500000000000000e-01,3.854166666666666297e-01,-6.801438273579113285e-03,-8.579878423288081479e-02,9.039589025448309043e-03,4.551002446686029657e-02,2.493729687351877278e+00
9.895833333333332593e-01,3.854166666666666297e-01,-1.428950868879880383e-03,-3.088581070505711998e-02,6.613119504401094445e-03,1.519797531251334405e-02,2.640649040179321450e+00
1.041666666666666609e-02,4.062500000000000000e-01,-7.168310243239330807e-04,6.088465818362682330e-02,5.107108475894394164e-03,9.648232660253022175e-01,4.267134498016330824e+00
3.125000000000000000e-02,4.062500000000000000e-01,-3.534281612169605166e-03,1.499002631744988934e-01,3.747243725152497873e-03,8.946299843603980895e-01,3.572145713773939857e+00
5.208333333333332871e-02,4.062500000000000000e-01,-9.009513832014781967e-03,2.107550246092866342e-01,2.342998227970155556e-03,8.252433106349448266e-01,2.306096049627980094e+00
7.291666666666665741e-02,4.062500000000000000e-01,-1.686287563676115708e-02,2.483507258763815728e-01,8.197680935215466425e-04,7.576815754288097615e-01,1.267984349538649358e+00
9.375000000000000000e-02,4.062500000000000000e-01,-2.671175071999257189e-02,2.675933012350183438e-01,-8.733871681664145958e-04,6.931312638784444813e-01,4.550950081749467468e-01
1.145833333333333287e-01,4.062500000000000000e-01,-3.811135783949203687e-02,2.730923661959845372e-01,-2.753510673020979904e-03,6.327549710614501777e-01,-1.494076787230509407e-01
1.354166666666666574e-01,4.062500000000000000e-01,-5.060096027928974449e-02,2.689218415686502883e-01,-4.808434007691892581e-03,5.775362671553477822e-01,-5.727432045164869701e-01
1.562500000000000000e-01,4.062500000000000000e-01,-6.374379824913441184e-02,2.584720583948756367e-01,-7.007127937424473263e-03,5.281789429951765369e-01,-8.478726874474405983e-01
1.770833333333333148e-01,4.062500000000000000e-01,-7.715525817551199816e-02,2.443965454403030368e-01,-9.310010643511692358e-03,4.850649945437927046e-01,-1.009104875063664197e+00
1.979166666666666574e-01,4.062500000000000000e-01,-9.051836509125062158e-02,2.286378818493171039e-01,-1.167657512768295949e-02,4.482636085443621465e-01,-1.088657191079189124e+00
2.187500000000000000e-01,4.062500000000000000e-01,-1.035883675045165819e-01,2.125082221093194113e-01,-1.406977838075565077e-02,4.175761332020122008e-01,-1.114432530910869801e+00
2.395833333333333148e-01,4.062500000000000000e-01,-1.161893045417951992e-01,1.967993071003894534e-01,-1.645771661284014045e-02,3.926002043812641951e-01,-1.108949797593590691e+00
2.604166666666666297e-01,4.062500000000000000e-01,-1.282055348036745257e-01,1.819008317546524367e-01,-1.881346278176370887e-02,3.727984347966851741e-01,-1.089188753435204493e+00
2.812500000000000000e-01,4.062500000000000000e-01,-1.395707520035907034e-01,1.679121403460598905e-01,-2.111388948301560695e-02,3.575613096366659360e-01,-1.067051110789971391e+00
3.020833333333333148e-01,4.062500000000000000e-01,-1.502563590408281247e-01,1.547383912214374546e-01,-2.333809226027091718e-02,3.462584433519573235e-01,-1.050158881733750382e+00
3.229166666666666297e-01,4.062500000000000000e-01,-1.602604229732443597e-01,1.421674637245882722e-01,-2.546580900123080263e-02,3.382761040216408222e-01,-1.042769728193130518e+00
3.437500000000000000e-01,4.062500000000000000e-01,-1.695978870782260395e-01,1.299275474373248196e-01,-2.747605888367694524e-02,3.330415098143668651e-01,-1.046659084755777291e+00
3.645833333333333148e-01,4.062500000000000000e-01,-1.782923063611797920e-01,1.177275859598158336e-01,-2.934610918443845626e-02,3.300358795462036698e-01,-1.061882789039946484e+00
3.854166666666666297e-01,4.062500000000000000e-01,-1.863690973620418245e-01,1.052838104226271887e-01,-3.105081000980138353e-02,3.287988168384303189e-01,-1.087383675078777756e+00
4.062500000000000000e-01,4.062500000000000000e-01,-1.938501328558526193e-01,9.233583601997878698e-02,-3.256230157136032199e-02,3.289266168818484881e-01,-1.121439304102017420e+00
4.270833333333333148e-01,4.062500000000000000e-01,-2.007494420004253821e-01,7.865553146633588733e-02,-3.385008427075630877e-02,3.300667641105364258e-01,-1.161967645033405105e+00
4.479166666666666297e-01,4.062500000000000000e-01,-2.070697717324849196e-01,6.405136111732004367e-02,-3.488144015866341541e-02,3.319104292705005177e-01,-1.206716547115345151e+00
4.687500000000000000e-01,4.062500000000000000e-01,-2.127998040101123089e-01,4.837031609501867696e-02,-3.562219936831771683e-02,3.341842985454918646e-01,-1.253364919798265031e+00
4.895833333333333148e-01,4.062500000000000000e-01,-2.179118885795865990e-01,3.149899339464824061e-02,-3.603785291266181634e-02,3.366426448194577148e-01,-1.299561767429178172e+00
5.104166666666666297e-01,4.062500000000000000e-01,-2.223602337556556119e-01,1.336488791129274850e-02,-3.609502533913114264e-02,3.390602225637217582e-01,-1.342925988655454095e+00
5.312500000000000000e-01,4.062500000000000000e-01,-2.260796375040100559e-01,-6.061492773931153460e-03,-3.576337164401524604e-02,3.412264057614797785e-01,-1.381141673926877811e+00
5.520833333333332593e-01,4.062500000000000000e-01,-2.289869232337022054e-01,-2.676842296233405971e-02,-3.499407161410546252e-02,3.429895794081720961e-01,-1.412296954416358385e+00
5.729166666666666297e-01,4.062500000000000000e-01,-2.309804873189254815e-01,-4.871250517144086467e-02,-3.375949624622759382e-02,3.441464303260410862e-01,-1.434198399549641678e+00
5.937500000000000000e-01,4.062500000000000000e-01,-2.319379415710312031e-01,-7.179212063294188040e-02,-3.204717532649882517e-02,3.444992217455839500e-01,-1.443963260503576818e+00
6.145833333333332593e-01,4.062500000000000000e-01,-2.317168144571525312e-01,-9.584012537278971400e-02,-2.985730842298291512e-02,3.438529103133508569e-01,-1.438506758155703169e+00
6.354166666666666297e-01,4.062500000000000000e-01,-2.301568516706914425e-01,-1.206141150438812537e-01,-2.720604100287707036e-02,3.420139846804376993e-01,-1.414508840968306869e+00
6.562500000000000000e-01,4.062500000000000000e-01,-2.270844403575369708e-01,-1.457852708167929334e-01,-2.412866741137813589e-02,3.387905083718943389e-01,-1.368423632310389770e+00
6.770833333333332593e-01,4.062500000000000000e-01,-2.223197840142450421e-01,-1.709268252049231940e-01,-2.068244610982895512e-02,3.339934771650817646e-01,-1.296539460121282294e+00
6.979166666666666297e-01,4.062500000000000000e-01,-2.156874875049809293e-01,-1.955035715366085780e-01,-1.694858565912571099e-02,3.274395958231745007e-01,-1.195103533258264239e+00
7.187500000000000000e-01,4.062500000000000000e-01,-2.070311370138433471e-01,-2.188643891378660722e-01,-1.303284079315575675e-02,3.189555285522743255e-01,-1.060527395715467947e+00
7.395833333333332593e-01,4.062500000000000000e-01,-1.962322229402301277e-01,-2.402403762684354183e-01,-9.064077597043713325e-03,3.083836212964326529e-01,-8.896874201727953402e-01
7.604166666666666297e-01,4.062500000000000000e-01,-1.832332928347960022e-01,-2.587517551790667891e-01,-5.190173217479679413e-03,2.955890149225250951e-01,-6.803266930125806411e-01
7.812500000000000000e-01,4.062500000000000000e-01,-1.680644802796446013e-01,-2.734270375814441545e-01,-1.570769392212654353e-03,2.804679537681982748e-01,-4.315473445751214499e-01
8.020833333333332593e-01,4.062500000000000000e-01,-1.508715112062726793e-01,-2.832377001265410366e-01,1.633238326530062068e-03,2.629569363679792882e-01,-1.443518761919415638e-01
8.229166666666666297e-01,4.062500000000000000e-01,-1.319419983585566336e-01,-2.871503856165878998e-01,4.272985346414780519e-03,2.430421481424013819e-01,1.778542656586263870e-01
8.437500000000000000e-01,4.062500000000000000e-01,-1.117254994526589995e-01,-2.841959230186010821e-01,6.226377313225478494e-03,2.207683537962144837e-01,5.289465866603830779e-01
8.645833333333332593e-01,4.062500000000000000e-01,-9.084185204762551535e-02,-2.735498725270293363e-01,7.412045577497326787e-03,1.962461118902766033e-01,9.001606557573889056e-01
8.854166666666666297e-01,4.062500000000000000e-01,-7.007236870375563309e-02,-2.546129575970999537e-01,7.799536978341214608e-03,1.696558335761780834e-01,1.280807745060989600e+00
9.062500000000000000e-01,4.062500000000000000e-01,-5.033038000787452143e-02,-2.270727687078382684e-01,7.412560221663059765e-03,1.412469263308998857e-01,1.659825202750408346e+00
9.270833333333332593e-01,4.062500000000000000e-01,-3.261194133991357491e-02,-1.909231202039487485e-01,6.322821078731881428e-03,1.113302040196055831e-01,2.028192642822024272e+00
9.479166666666666297e-01,4.062500000000000000e-01,-1.793403775421888863e-02,-1.464182694062382550e-01,4.633713580635532084e-03,8.026211092506138622e-02,2.381948174013093666e+00
9.687500000000000000e-01,4.062500000000000000e-01,-7.274675423677219588e-03,-9.394925610457248444e-02,2.455532913379132598e-03,4.842020738100959176e-02,2.725204530483576804e+00
9.895833333333332593e-01,4.062500000000000000e-01,-1.533870043902449496e-03,-3.384863161783945029e-02,-1.239620706698363328e-04,1.617062593897000689e-02,2.890072490805272398e+00
1.041666666666666609e-02,4.270833333333333148e-01,-6.002130106605579885e-04,6.220170221861132109e-02,-1.089855543702774460e-03,9.653683871246521164e-01,4.392082298523170003e+00
3.125000000000000000e-02,4.270833333333333148e-01,-3.018913758894264943e-03,1.538193704755937974e-01,-2.290232596863388259e-03,8.962467610317994549e-01,3.693301238850617896e+00
5.208333333333332871e-02,4.270833333333333148e-01,-7.824695559150275995e-03,2.171169313282929336e-01,-3.590759264210388602e-03,8.278848704057467645e-01,2.416248163221643708e+00
7.291666666666665741e-02,4.270833333333333148e-01,-1.484839960984624292e-02,2.568658850128175963e-01,-5.056239791929848654e-03,7.612701481873017650e-01,1.361205707586978786e+00
9.375000000000000000e-02,4.270833333333333148e-01,-2.379608657133957389e-02,2.778747041433070608e-01,-6.728585403212302557e-03,6.975623086215122504e-01,5.272881088821803619e-01
1.145833333333333287e-01,4.270833333333333148e-01,-3.428833265711098838e-02,2.847028164929666927e-01,-8.617180057807250632e-03,6.379066453717504581e-01,-1.000928677425201863e-01
1.354166666666666574e-01,4.270833333333333148e-01,-4.590768771197367704e-02,2.814203487663284875e-01,-1.070352689488070913e-02,5.832815703349197856e-01,-5.460979700683947780e-01
1.562500000000000000e-01,4.270833333333333148e-01,-5.824192085879040248e-02,2.714506223138588581e-01,-1.295139216660206802e-02,5.343976623875463794e-01,-8.421356731429201492e-01
1.770833333333333148e-01,4.270833333333333148e-01,-7.091659813631873144e-02,2.575041187252257724e-01,-1.531696040465808581e-02,4.916532766755069006e-01,-1.021559386736299313e+00
1.979166666666666574e-01,4.270833333333333148e-01,-8.361517577787010158e-02,2.415919931216843342e-01,-1.775640283626858315e-02,4.551400559376613253e-01,-1.116176874065691216e+00
2.187500000000000000e-01,4.270833333333333148e-01,-9.608772988981739704e-02,2.250966673621654368e-01,-2.023025709349138626e-02,4.246843246547901685e-01,-1.153906612341984106e+00
2.395833333333333148e-01,4.270833333333333148e-01,-1.081508566551334649e-01,2.088749256501380991e-01,-2.270508455841808645e-02,3.999082039746812978e-01,-1.157571118130415799e+00
2.604166666666666297e-01,4.270833333333333148e-01,-1.196816117579104222e-01,1.933721985695600609e-01,-2.515324473952861364e-02,3.802961596532374311e-01,-1.144617712253895192e+00
2.812500000000000000e-01,4.270833333333333148e-01,-1.306080694877198300e-01,1.787324484608779074e-01,-2.755160021219733510e-02,3.652566542672718297e-01,-1.127481841350486125e+00
3.020833333333333148e-01,4.270833333333333148e-01,-1.408985192770250694e-01,1.648941399331620983e-01,-2.987977709008575108e-02,3.541729245699449247e-01,-1.114316655781158127e+00
3.229166666666666297e-01,4.270833333333333148e-01,-1.505507011063355605e-01,1.516679607745903824e-01,-3.211839507594302368e-02,3.464405903989933311e-01,-1.109865632144133807e+00
3.437500000000000000e-01,4.270833333333333148e-01,-1.595819296629596984e-01,1.387957430489285549e-01,-3.424750893228944992e-02,3.414923952196630696e-01,-1.116322640306618430e+00
3.645833333333333148e-01,4.270833333333333148e-01,-1.680205204347873793e-01,1.259924004029935873e-01,-3.624538349447428698e-02,3.388118836459826366e-01,-1.134087285581056204e+00
3.854166666666666297e-01,4.270833333333333148e-01,-1.758986189757363594e-01,1.129738855212604615e-01,-3.808765027115745827e-02,3.379384588633338460e-01,-1.162373551352956724e+00
4.062500000000000000e-01,4.270833333333333148e-01,-1.832463363147316948e-01,9.947451375415164443e-02,-3.974685326350090031e-02,3.384663133195727758e-01,-1.199664425168689430e+00
4.270833333333333148e-01,4.270833333333333148e-01,-1.900869887691012949e-01,8.525681533110540666e-02,-4.119237421908537866e-02,3.400394414120458952e-01,-1.244025905448964187e+00
4.479166666666666297e-01,4.270833333333333148e-01,-1.964332073310307014e-01,7.011662554653949608e-02,-4.239072517624246916e-02,3.423445115116890425e-01,-1.293303831804185400e+00
4.687500000000000000e-01,4.270833333333333148e-01,-2.022837010207347019e-01,5.388557763313059357e-02,-4.330620312843701247e-02,3.451029163610226380e-01,-1.345229890367916958e+00
4.895833333333333148e-01,4.270833333333333148e-01,-2.076205163724751945e-01,3.643263177775114825e-02,-4.390191360604706050e-02,3.480628913950513659e-01,-1.397461940381243828e+00
5.104166666666666297e-01,4.270833333333333148e-01,-2.124067245112782887e-01,1.766580284306191670e-02,-4.414118246797747724e-02,3.509921696978097749e-01,-1.447580663910158716e+00
5.312500000000000000e-01,4.270833333333333148e-01,-2.165845761240975942e-01,-2.465152344526593854e-03,-4.398937418180356995e-02,3.536710441551688677e-01,-1.493103794595546541e+00
5.520833333333332593e-01,4.270833333333333148e-01,-2.200756159911288479e-01,-2.396643779501521354e-02,-4.339654183862677594e-02,3.559380388990577848e-01,-1.532003045484576553e+00
5.729166666666666297e-01,4.270833333333333148e-01,-2.227804490043674424e-01,-4.681609324029784025e-02,-4.232295308187299099e-02,3.575914671420884483e-01,-1.562048831726835729e+00
5.937500000000000000e-01,4.270833333333333148e-01,-2.245764817128713675e-01,-7.093504560347524412e-02,-4.074890776962428185e-02,3.584256585735762224e-01,-1.580203187574147128e+00
6.145833333333332593e-01,4.270833333333333148e-01,-2.253167872761602242e-01,-9.617802195284616551e-02,-3.866653693188143448e-02,3.582348126937015542e-01,-1.583131981448530734e+00
6.354166666666666297e-01,4.270833333333333148e-01,-2.248310522170942349e-01,-1.223219163093519218e-01,-3.608351121281655471e-02,3.568126632176006896e-01,-1.567162098712021168e+00
6.562500000000000000e-01,4.270833333333333148e-01,-2.229287539782602301e-01,-1.490521791033107002e-01,-3.302680561335934184e-02,3.539524481357892438e-01,-1.528273789664310156e+00
6.770833333333332593e-01,4.270833333333333148e-01,-2.194052285842029437e-01,-1.759480986557545867e-01,-2.954625580847041952e-02,3.494481957831465091e-01,-1.462143444946202742e+00
6.979166666666666297e-01,4.270833333333333148e-01,-2.140514653231459785e-01,-2.024683578560982633e-01,-2.571746898371199061e-02,3.430976105868269732e-01,-1.364256661611495058e+00
7.187500000000000000e-01,4.270833333333333148e-01,-2.066684773276303289e-01,-2.279389413050296187e-01,-2.164348623561929488e-02,3.347066709935777595e-01,-1.230114652883707471e+00
7.395833333333332593e-01,4.270833333333333148e-01,-1.970869248452792322e-01,-2.515462906572362156e-01,-1.745445463419937823e-02,3.240959716195500051e-01,-1.055557047814039695e+00
7.604166666666666297e-01,4.270833333333333148e-01,-1.851922397273434440e-01,-2.723394560136358500e-01,-1.330450476756788944e-02,3.111087466935492096e-01,-8.372178947771358182e-01
7.812500000000000000e-01,4.270833333333333148e-01,-1.709547286407509248e-01,-2.892456603886188748e-01,-9.365117057535891909e-03,2.956203763759354120e-01,-5.731146860191722592e-01
8.020833333333332593e-01,4.270833333333333148e-01,-1.544629538629622156e-01,-3.011038211705269196e-01,-5.814582569174064214e-03,2.775489936689937154e-01,-2.633367474406513864e-01
8.229166666666666297e-01,4.270833333333333148e-01,-1.359571170343099045e-01,-3.067196142489704291e-01,-2.823792709283713676e-03,2.568665718184769409e-01,8.925593904390050071e-02
8.437500000000000000e-01,4.270833333333333148e-01,-1.158573784979770316e-01,-3.049429318284491153e-01,-5.395386449074564272e-04,2.336095725026041403e-01,4.784904205147582079e-01
8.645833333333332593e-01,4.270833333333333148e-01,-9.478047778319581562e-02,-2.947634118369960587e-01,9.323440618739381458e-04,2.078878681716671006e-01,8.947515010171226413e-01
8.854166666666666297e-01,4.270833333333333148e-01,-7.353747513439529149e-02,-2.754119042798035544e-01,1.540572315430512040e-03,1.798902353195286352e-01,1.325589514777018696e+00
9.062500000000000000e-01,4.270833333333333148e-01,-5.310699859528997258e-02,-2.464462872601211052e-01,1.294800218579212486e-03,1.498843323656543491e-01,1.757371830242790756e+00
9.270833333333332593e-01,4.270833333333333148e-01,-3.458306279744260969e-02,-2.077919761174742419e-01,2.613512764116122933e-04,1.182089203106316960e-01,2.178105977781259472e+00
9.479166666666666297e-01,4.270833333333333148e-01,-1.910444198050039594e-02,-1.597059378953496478e-01,-1.453282504831458072e-03,8.525644587047898071e-02,2.581187701788161259e+00
9.687500000000000000e-01,4.270833333333333148e-01,-7.781989255329339709e-03,-1.026434026711738057e-01,-3.729841897630196967e-03,5.144520589636416424e-02,2.969353407785928045e+00
9.895833333333332593e-01,4.270833333333333148e-01,-1.647389012300169535e-03,-3.702989067404206802e-02,-6.470370773419779203e-03,1.718201321910254459e-02,3.155100444724455500e+00
1.041666666666666609e-02,4.479166666666666297e-01,-4.849236154910680570e-04,6.328683884476293819e-02,-7.252965279244853042e-03,9.659443122143698268e-01,4.501128493921299878e+00
3.125000000000000000e-02,4.479166666666666297e-01,-2.506604121263728176e-03,1.571746151034485450e-01,-8.293087878509294159e-03,8.979564562267615679e-01,3.801496816987661287e+00
5.208333333333332871e-02,4.479166666666666297e-01,-6.640006095692799551e-03,2.227008704751232693e-01,-9.486468887241590597e-03,8.306812756552547361e-01,2.518830940613567826e+00
7.291666666666665741e-02,4.479166666666666297e-01,-1.282200730453781495e-02,2.644876511255282447e-01,-1.088886302743489673e-02,7.650734715978605438e-01,1.451303797063015599e+00
9.375000000000000000e-02,4.479166666666666297e-01,-2.084515710993432511e-02,2.872237747974862310e-01,-1.253382740930708908e-02,7.022633917905976020e-01,5.997521047957108387e-01
1.145833333333333287e-01,4.479166666666666297e-01,-3.039517706053226909e-02,2.953960118751569053e-01,-1.442361233627940595e-02,6.433760984945177119e-01,-4.814065347066595613e-02
1.354166666666666574e-01,4.479166666666666297e-01,-4.109907237221446102e-02,2.930504037506832526e-01,-1.653374821333785175e-02,5.893820436115672079e-01,-5.153468333616310071e-01
1.562500000000000000e-01,4.479166666666666297e-01,-5.257104190928212073e-02,2.836267700133885405e-01,-1.882299188365891066e-02,5.409963406403780484e-01,-8.315308375526921925e-01
1.770833333333333148e-01,4.479166666666666297e-01,-6.444891292034071739e-02,2.698805193142830294e-01,-2.124335402654815505e-02,4.986322891415646552e-01,-1.028880964505823892e+00
1.979166666666666574e-01,4.479166666666666297e-01,-7.641844670157382780e-02,2.538837039554115438e-01,-2.374764309283718469e-02,4.624035288170858515e-01,-1.138600234197074901e+00
2.187500000000000000e-01,4.479166666666666297e-01,-8.822599279514681259e-02,2.370850567339584936e-01,-2.629387438065977980e-02,4.321618127894391592e-01,-1.188461948389330614e+00
2.395833333333333148e-01,4.479166666666666297e-01,-9.968164341229991676e-02,2.204053136608142005e-01,-2.884694820423077885e-02,4.075549539468838467e-01,-1.201473587770414131e+00
2.604166666666666297e-01,4.479166666666666297e-01,-1.106556073156890890e-01,2.043465295650500613e-01,-3.137839584425533568e-02,3.880910199298731045e-01,-1.195472809390933255e+00
2.812500000000000000e-01,4.479166666666666297e-01,-1.210704005837184155e-01,1.890993684632266136e-01,-3.386499451041515008e-02,3.731985256300351939e-01,-1.183387344142764697e+00
3.020833333333333148e-01,4.479166666666666297e-01,-1.308909860695673943e-01,1.746382552059675686e-01,-3.628688478370731274e-02,3.622765434175367338e-01,-1.173887976134777134e+00
3.229166666666666297e-01,4.479166666666666297e-01,-1.401144185181389945e-01,1.607994597796669756e-01,-3.862562284754295083e-02,3.547322543152779395e-01,-1.172210376626382944e+00
3.437500000000000000e-01,4.479166666666666297e-01,-1.487600041037137333e-01,1.473410581860508661e-01,-4.086242855512271788e-02,3.500060399801039335e-01,-1.180985995690401857e+00
3.645833333333333148e-01,4.479166666666666297e-01,-1.568605269896372056e-01,1.339861989236224016e-01,-4.297676661327406999e-02,3.475857401362565935e-01,-1.200984532654980841e+00
3.854166666666666297e-01,4.479166666666666297e-01,-1.644547527045105706e-01,1.204524112564539506e-01,-4.494531833012736788e-02,3.470123731295533531e-01,-1.231720764146072788e+00
4.062500000000000000e-01,4.479166666666666297e-01,-1.715811853306456192e-01,1.064701379840885254e-01,-4.674135564526957221e-02,3.478797068702135231e-01,-1.271913826840573858e+00
4.270833333333333148e-01,4.479166666666666297e-01,-1.782729174809973560e-01,9.179357570588987658e-02,-4.833450801056396462e-02,3.498298198829523087e-01,-1.319808660547156620e+00
4.479166666666666297e-01,4.479166666666666297e-01,-1.845533497719520077e-01,7.620651602463907048e-02,-4.969090867809387857e-02,3.525463952627078124e-01,-1.373380265611040540e+00
4.687500000000000000e-01,4.479166666666666297e-01,-1.904325523469041215e-01,5.952538341968711261e-02,-5.077371462133084545e-02,3.557470705595798255e-01,-1.430445122980080974e+00
4.895833333333333148e-01,4.479166666666666297e-01,-1.959040825204367842e-01,4.160117151646779143e-02,-5.154400990558327678e-02,3.591758057445602059e-01,-1.488703573957823600e+00
5.104166666666666297e-01,4.479166666666666297e-01,-2.009421568816767423e-01,2.232154560438832924e-02,-5.196212432147240268e-02,3.625960032226512308e-01,-1.545734546168660906e+00
5.312500000000000000e-01,4.479166666666666297e-01,-2.054992200339394171e-01,1.614019659228970414e-03,-5.198943137355360733e-02,3.657851834646164146e-01,-1.598965895712752161e+00
5.520833333333332593e-01,4.479166666666666297e-01,-2.095044039009494319e-01,-2.054938606472950929e-02,-5.157559014617230098e-02,3.685403525508425537e-01,-1.646225859532434610e+00
5.729166666666666297e-01,4.479166666666666297e-01,-2.128637271387673613e-01,-4.416898871952701366e-02,-5.066892134028511130e-02,3.706941997372696918e-01,-1.685224844843262293e+00
5.937500000000000000e-01,4.479166666666666297e-01,-2.154580708013233981e-01,-6.919177375318608103e-02,-4.924216334205093470e-02,3.720267522184826925e-01,-1.712855418372141170e+00
6.145833333333332593e-01,4.479166666666666297e-01,-2.171398526026737663e-01,-9.549920643849613144e-02,-4.727892039776418476e-02,3.723201246673964460e-01,-1.725580225392940648e+00
6.354166666666666297e-01,4.479166666666666297e-01,-2.177325880414884285e-01,-1.228937314439532691e-01,-4.477764081309275335e-02,3.713547000541854715e-01,-1.719408652109837066e+00
6.562500000000000000e-01,4.479166666666666297e-01,-2.170325481345933838e-01,-1.510827021144384441e-01,-4.175586787823924728e-02,3.689080702074999940e-01,-1.689866572484719942e+00
6.770833333333332593e-01,4.479166666666666297e-01,-2.148133192276074910e-01,-1.796603299456700498e-01,-3.825451275766364456e-02,3.647559996495644552e-01,-1.632013407129589311e+00
6.979166666666666297e-01,4.479166666666666297e-01,-2.108343025871103338e-01,-2.080889064677369227e-01,-3.434172498576322508e-02,3.586753385747232237e-01,-1.540532658567886237e+00
7.187500000000000000e-01,4.479166666666666297e-01,-2.048542926114934881e-01,-2.356813906645234546e-01,-3.011573356650909875e-02,3.504489515765368823e-01,-1.409926788221777416e+00
7.395833333333332593e-01,4.479166666666666297e-01,-1.966511939899180383e-01,-2.615884924016689261e-01,-2.570583186754629365e-02,3.398727152265784701e-01,-1.234849866996464041e+00
7.604166666666666297e-01,4.479166666666666297e-01,-1.860485836171313356e-01,-2.847945497599256304e-01,-2.127053548739109637e-02,3.267645435600223802e-01,-1.010608076861400306e+00
7.812500000000000000e-01,4.479166666666666297e-01,-1.729490668524034935e-01,-3.041275944936495113e-01,-1.699193861369051664e-02,3.109752428073545016e-01,-7.338430384976748488e-01
8.020833333333332593e-01,4.479166666666666297e-01,-1.573731005899304258e-01,-3.182896281057581156e-01,-1.306554166291897315e-02,2.924007805497578771e-01,-4.033781580232829178e-01
8.229166666666666297e-01,4.479166666666666297e-01,-1.395001064766413501e-01,-3.259126382556806201e-01,-9.685433615306923705e-03,2.709952798251331618e-01,-2.114486126817660683e-02
8.437500000000000000e-01,4.479166666666666297e-01,-1.197063978954662211e-01,-3.256433549392468985e-01,-7.025749420059165806e-03,2.467837082278217520e-01,4.069918468719084803e-01
8.645833333333332593e-01,4.479166666666666297e-01,-9.859213704136006451e-02,-3.162541502950856898e-01,-5.220720080832779580e-03,2.198728129809169318e-01,8.708133204595847054e-01
8.854166666666666297e-01,4.479166666666666297e-01,-7.698814057592312521e-02,-2.967681649359513729e-01,-4.347107055978304685e-03,1.904583577905006320e-01,1.356152942032457176e+00
9.062500000000000000e-01,4.479166666666666297e-01,-5.593427810566149044e-02,-2.665743656133402473e-01,-4.413820879197595526e-03,1.588262176797314573e-01,1.846575374683424808e+00
9.270833333333332593e-01,4.479166666666666297e-01,-3.662600771602791960e-02,-2.254961039517360266e-01,-5.363362708672325674e-03,1.253446023343548488e-01,2.326603304159717833e+00
9.479166666666666297e-01,4.479166666666666297e-01,-2.033495188242515767e-02,-1.737714867116328388e-01,-7.087855799878587520e-03,9.044499479385112450e-02,2.786309116921499296e+00
9.687500000000000000e-01,4.479166666666666297e-01,-8.321686860116632445e-03,-1.119135716023701987e-01,-9.458985717936980314e-03,5.459068990386557046e-02,3.226434881742324734e+00
9.895833333333332593e-01,4.479166666666666297e-01,-1.769364579824615020e-03,-4.044664426616685626e-02,-1.236734741739013710e-02,1.823404607781935194e-02,3.436466928905182794e+00
1.041666666666666609e-02,4.687500000000000000e-01,-3.716810733434973532e-04,6.414344353359750783e-02,-1.331928523594355304e-02,9.665477494267008529e-01,4.594240607129740361e+00
3.125000000000000000e-02,4.687500000000000000e-01,-2.000582836353162822e-03,1.599685926833963046e-01,-1.419941499106113988e-02,8.997494272496322498e-01,3.896572492993945147e+00
5.208333333333332871e-02,4.687500000000000000e-01,-5.462948729302575385e-03,2.275026607625540154e-01,-1.528282919381710250e-02,8.336170941008033131e-01,2.613478163466415261e+00
7.291666666666665741e-02,4.687500000000000000e-01,-1.079648683177559382e-02,2.712014001494155169e-01,-1.661698038149172010e-02,7.690711826437273135e-01,1.537819155602123011e+00
9.375000000000000000e-02,4.687500000000000000e-01,-1.787739685486552932e-02,2.956140856020853525e-01,-1.822783565220727556e-02,7.072103286728210758e-01,6.720282749793587973e-01
1.145833333333333287e-01,4.687500000000000000e-01,-2.645584314263621853e-02,3.051341673089263962e-01,-2.011119048828960074e-02,6.491366018479892697e-01,6.052105414331543365e-03
1.354166666666666574e-01,4.687500000000000000e-01,-3.620414485034074981e-02,3.037644453363004260e-01,-2.223713099998269813e-02,5.958097443933307868e-01,-4.807977959973662729e-01
1.562500000000000000e-01,4.687500000000000000e-01,-4.676468706382844870e-02,2.949452401783266842e-01,-2.455975173980475337e-02,5.479470689842835807e-01,-8.162780289496699426e-01
1.770833333333333148e-01,4.687500000000000000e-01,-5.778962400655306836e-02,2.814648571031281854e-01,-2.702705621106514175e-02,5.059751967343860679e-01,-1.031220031035585016e+00
1.979166666666666574e-01,4.687500000000000000e-01,-6.896896193331651659e-02,2.654482378745630644e-01,-2.958850271055222039e-02,4.700290016234574542e-01,-1.156035249878901272e+00
2.187500000000000000e-01,4.687500000000000000e-01,-8.004687233485929809e-02,2.484059793099228086e-01,-3.219948524651128352e-02,4.399857623494274894e-01,-1.218191200932118079e+00
2.395833333333333148e-01,4.687500000000000000e-01,-9.082798433360797508e-02,2.313211537007516805e-01,-3.482308094355802963e-02,4.155198288194636991e-01,-1.240756064969524619e+00
2.604166666666666297e-01,4.687500000000000000e-01,-1.011761898975424567e-01,2.147528589924362352e-01,-3.742981354127769555e-02,3.961642919646340966e-01,-1.241871590868926400e+00
2.812500000000000000e-01,4.687500000000000000e-01,-1.110085378408537937e-01,1.989401802471811032e-01,-3.999621657038864020e-02,3.813695282364938932e-01,-1.234905921633342452e+00
3.020833333333333148e-01,4.687500000000000000e-01,-1.202864289549689936e-01,1.838959200219772439e-01,-4.250283584917481650e-02,3.705524700978055641e-01,-1.229023669399245788e+00
3.229166666666666297e-01,4.687500000000000000e-01,-1.290057991001529736e-01,1.694845975574128250e-01,-4.493212185029828165e-02,3.631339603589681664e-01,-1.229949920531516971e+00
3.437500000000000000e-01,4.687500000000000000e-01,-1.371874406985708617e-01,1.554831475922976436e-01,-4.726649356776567446e-02,3.585640967004231072e-01,-1.240765412153458147e+00
3.645833333333333148e-01,4.687500000000000000e-01,-1.448681451704267598e-01,1.416253368751550501e-01,-4.948672826637885713e-02,3.563370093608039246e-01,-1.262630786366532920e+00
3.854166666666666297e-01,4.687500000000000000e-01,-1.520929814091838694e-01,1.276323352585517767e-01,-5.157074584355095248e-02,3.559972185254258736e-01,-1.295387758282609436e+00
4.062500000000000000e-01,4.687500000000000000e-01,-1.589087624136051868e-01,1.132324276125470652e-01,-5.349280496693778475e-02,3.571398434952107181e-01,-1.338020740939705577e+00
4.270833333333333148e-01,4.687500000000000000e-01,-1.653585832057525573e-01,9.817283901993045792e-02,-5.522310237823399581e-02,3.594067224168891461e-01,-1.388984789641486195e+00
4.479166666666666297e-01,4.687500000000000000e-01,-1.714772218834401118e-01,8.222632367924070929e-02,-5.672775978563149302e-02,3.624801336368989602e-01,-1.446417457807843254e+00
4.687500000000000000e-01,4.687500000000000000e-01,-1.772871654047359358e-01,6.519472186133337677e-02,-5.796918904456754840e-02,3.660754118718785866e-01,-1.508256540456361705e+00
4.895833333333333148e-01,4.687500000000000000e-01,-1.827950386061980015e-01,4.691123644981627649e-02,-5.890684146017013956e-02,3.699333986818251208e-01,-1.572285607422479803e+00
5.104166666666666297e-01,4.687500000000000000e-01,-1.879882702781562331e-01,2.724278670423806517e-02,-5.949836851905847268e-02,3.738133928820960294e-01,-1.636126889919979899e+00
5.312500000000000000e-01,4.687500000000000000e-01,-1.928319288051840996e-01,6.093500238669782680e-03,-5.970125468662942914e-02,3.774870582333653690e-01,-1.697197840196235763e+00
5.520833333333332593e-01,4.687500000000000000e-01,-1.972658802227000574e-01,-1.658973135964435242e-02,-5.946667872401398269e-02,3.807334159978868482e-01,-1.753167899799741525e+00
5.729166666666666297e-01,4.687500000000000000e-01,-2.012051348243547588e-01,-4.083006558513954665e-02,-5.873044045054533202e-02,3.833942039931015899e-01,-1.801677697200462669e+00
5.937500000000000000e-01,4.687500000000000000e-01,-2.045377236663346032e-01,-6.660376438303766689e-02,-5.745783042176626221e-02,3.852418108154025966e-01,-1.839641877628773070e+00
6.145833333333332593e-01,4.687500000000000000e-01,-2.071195689088882186e-01,-9.382358876474054810e-02,-5.562372229286541292e-02,3.860479782679352434e-01,-1.863377830270617652e+00
6.354166666666666297e-01,4.687500000000000000e-01,-2.087725207217933365e-01,-1.223236618659890584e-01,-5.321682534902741346e-02,3.855800090282429649e-01,-1.868629536371960054e+00
6.562500000000000000e-01,4.687500000000000000e-01,-2.092842452931136799e-01,-1.518410870279773839e-01,-5.024434120052084785e-02,3.835993583056647172e-01,-1.850508783995367112e+00
6.770833333333332593e-01,4.687500000000000000e-01,-2.084108743071018677e-01,-1.819945449251287872e-01,-4.673689583339878106e-02,3.798623800641641735e-01,-1.803476557157669191e+00
6.979166666666666297e-01,4.687500000000000000e-01,-2.058836652683374568e-01,-2.122609171675396977e-01,-4.275336414008064356e-02,3.741232532071008809e-01,-1.721398082211397673e+00
7.187500000000000000e-01,4.687500000000000000e-01,-2.014211137523216066e-01,-2.419519414563533199e-01,-3.838496244334807517e-02,3.661392245128359257e-01,-1.597710536781725699e+00
7.395833333333332593e-01,4.687500000000000000e-01,-1.947480061491620729e-01,-2.701941478345740166e-01,-3.375772372497716500e-02,3.556782865069068600e-01,-1.425748456072850390e+00
7.604166666666666297e-01,4.687500000000000000e-01,-1.856226719500990163e-01,-2.959168388988702714e-01,-2.903223435122142052e-02,3.425292940510631934e-01,-1.199272936156951852e+00
7.812500000000000000e-01,4.687500000000000000e-01,-1.738730137158469580e-01,-3.178544803536847985e-01,-2.439939186604056162e-02,3.265143308998348370e-01,-9.132396385614758305e-01
8.020833333333332593e-01,4.687500000000000000e-01,-1.594405743740232029e-01,-3.345711478500196789e-01,-2.007107571978015634e-02,3.075028771571607367e-01,-5.648069909154256329e-01
8.229166666666666297e-01,4.687500000000000000e-01,-1.424298079816246620e-01,-3.445148790171066455e-01,-1.626516519955965509e-02,2.854270064285495123e-01,-1.545166913798032837e-01
8.437500000000000000e-01,4.687500000000000000e-01,-1.231568841570449546e-01,-3.461077465835756817e-01,-1.318542088133839787e-02,2.602964537025064251e-01,3.125383347081647223e-01
8.645833333333332593e-01,4.687500000000000000e-01,-1.021891761323829861e-01,-3.378717275295249900e-01,-1.099837167799194368e-02,2.322119233513751657e-01,8.259077615510781456e-01
8.854166666666666297e-01,4.687500000000000000e-01,-8.036406303733556467e-02,-3.185796972619964196e-01,-9.811269606172474261e-03,2.013744339919524839e-01,1.369866745253662366e+00
9.062500000000000000e-01,4.687500000000000000e-01,-5.877557822288399791e-02,-2.874051805720084785e-01,-9.656784767976944045e-03,1.680878698551309669e-01,1.925012735214265414e+00
9.270833333333332593e-01,4.687500000000000000e-01,-3.872198823572343962e-02,-2.440271493698619454e-01,-1.049050219329553460e-02,1.327514536802845146e-01,2.471858811105779097e+00
9.479166666666666297e-01,4.687500000000000000e-01,-2.161812283619703873e-02,-1.886353625266360967e-01,-1.220557690912516327e-02,9.583906794311232435e-02,2.996372621276661263e+00
9.687500000000000000e-01,4.687500000000000000e-01,-8.891933549126878819e-03,-1.217891500967456381e-01,-1.466495061372275963e-02,5.786382542433361753e-02,3.496530825796788200e+00
9.895833333333332593e-01,4.687500000000000000e-01,-1.899656377609424416e-03,-4.411566522360089310e-02,-1.774659386248423135e-02,1.932914318963024208e-02,3.734777732636149761e+00
1.041666666666666609e-02,4.895833333333333148e-01,-2.613172796326612159e-04,6.477644188657366575e-02,-1.922969090847479953e-02,9.671753762567676382e-01,4.671498251401801305e+00
3.125000000000000000e-02,4.895833333333333148e-01,-1.504574100388259179e-03,1.622077529141854046e-01,-1.995127684068854698e-02,9.016160040927584385e-01,3.978464220473535651e+00
5.208333333333332871e-02,4.895833333333333148e-01,-4.302122107440894960e-03,2.315234144317669385e-01,-2.092256897772616989e-02,8.366769567949429165e-01,2.699886727236455286e+00
7.291666666666665741e-02,4.895833333333333148e-01,-8.786380615094936675e-03,2.769984430903296713e-01,-2.218343069856235431e-02,7.732431777356942870e-01,1.620329537248327512e+00
9.375000000000000000e-02,4.895833333333333148e-01,-1.491356807456339743e-02,3.030251401437296099e-01,-2.375307854603206717e-02,7.123795180458180054e-01,7.436785230771559840e-01
1.145833333333333287e-01,4.895833333333333148e-01,-2.249698838524767652e-02,3.138849793657371157e-01,-2.562169541416788390e-02,6.551624821519439479e-01,6.210212952360735783e-02
1.354166666666666574e-01,4.895833333333333148e-01,-3.125475800292391165e-02,3.135197046048705527e-01,-2.775465476580290039e-02,6.025384142471904569e-01,-4.427443356443681588e-01
1.562500000000000000e-01,4.895833333333333148e-01,-4.085904560288478038e-02,3.053548107232051390e-01,-3.010192948957105333e-02,5.552244089353939316e-01,-7.965762401051348363e-01
1.770833333333333148e-01,4.895833333333333148e-01,-5.097841393095496609e-02,2.921995918290444805e-01,-3.260783234501719863e-02,5.136585716601149709e-01,-1.028697316069848267e+00
1.979166666666666574e-01,4.895833333333333148e-01,-6.130918908315831362e-02,2.762236162276134888e-01,-3.521857477433125438e-02,4.779959333940612676e-01,-1.168551476440901293e+00
2.187500000000000000e-01,4.895833333333333148e-01,-7.159511026345327656e-02,2.589944325387100732e-01,-3.788686206371151555e-02,4.481390254220711800e-01,-1.243142042414765225e+00
2.395833333333333148e-01,4.895833333333333148e-01,-8.163659435605630232e-02,2.415552965633160909e-01,-4.057376731849128559e-02,4.237892008780255182e-01,-1.275469431036823975e+00
2.604166666666666297e-01,4.895833333333333148e-01,-9.129193114972106171e-02,2.245222584874710936e-01,-4.324857080985414215e-02,4.045056458336923066e-01,-1.283885026020185283e+00
2.812500000000000000e-01,4.895833333333333148e-01,-1.004729261527881334e-01,2.081841236985246812e-01,-4.588732167825877728e-02,3.897621145253964414e-01,-1.282135385287142881e+00
3.020833333333333148e-01,4.895833333333333148e-01,-1.091372492010337647e-01,1.925941907329944969e-01,-4.847076380258256989e-02,3.789952020480217287e-01,-1.279844736253245685e+00
3.229166666666666297e-01,4.895833333333333148e-01,-1.172792775923387210e-01,1.776477253828845360e-01,-5.098209429218963917e-02,3.716413660471219460e-01,-1.283215235327587855e+00
3.437500000000000000e-01,4.895833333333333148e-01,-1.249207059462440900e-01,1.631430897191491480e-01,-5.340485860197355383e-02,3.671624193822736193e-01,-1.295780549903585932e+00
3.645833333333333148e-01,4.895833333333333148e-01,-1.321017232247775341e-01,1.488271164986929018e-01,-5.572115634912350179e-02,3.650607571333899237e-01,-1.319106837390319198e+00
3.854166666666666297e-01,4.895833333333333148e-01,-1.388731720386764956e-01,1.344268406876700239e-01,-5.791024035048843166e-02,3.648863105347354141e-01,-1.353384429757067853e+00
4.062500000000000000e-01,4.895833333333333148e-01,-1.452898173634458723e-01,1.196703485126195121e-01,-5.994753338975300494e-02,3.662373783597897003e-01,-1.397889365709796383e+00
4.270833333333333148e-01,4.895833333333333148e-01,-1.514046551792417872e-01,1.042995767278013380e-01,-6.180405594641757983e-02,3.687573040186050699e-01,-1.451316764195032194e+00
4.479166666666666297e-01,4.895833333333333148e-01,-1.572640728552222866e-01,8.807764232503786928e-02,-6.344624713716773279e-02,3.721286240208452334e-01,-1.512000435615588501e+00
4.687500000000000000e-01,4.895833333333333148e-01,-1.629036170573134878e-01,7.079289093892321416e-02,-6.483616465138392071e-02,3.760659312832217993e-01,-1.578038171283463242e+00
4.895833333333333148e-01,4.895833333333333148e-01,-1.683441173682621028e-01,5.226144088463714754e-02,-6.593206145916218064e-02,3.803083448180294424e-01,-1.647342664730972572e+00
5.104166666666666297e-01,4.895833333333333148e-01,-1.735879393461574050e-01,3.232963591927073832e-02,-6.668934793553789320e-02,3.846121864597182305e-01,-1.717636241771113514e+00
5.312500000000000000e-01,4.895833333333333148e-01,-1.786151614229786744e-01,1.087753162748623936e-02,-6.706193117971140372e-02,3.887442374200159034e-01,-1.786405096250329505e+00
5.520833333333332593e-01,4.895833333333333148e-01,-1.833793072331028617e-01,-1.217566552082066655e-02,-6.700276638844177013e-02,3.924757685775381866e-01,-1.851136816085985126e+00
5.729166666666666297e-01,4.895833333333333148e-01,-1.878078561121414025e-01,-3.687632794326998337e-02,-6.643715418570868281e-02,3.956457787610139221e-01,-1.909421441778590633e+00
5.937500000000000000e-01,4.895833333333333148e-01,-1.917998490797255262e-01,-6.323292021534328289e-02,-6.532244956628674437e-02,3.980218574680605692e-01,-1.958306905081376170e+00
6.145833333333332593e-01,4.895833333333333148e-01,-1.952190071576827557e-01,-9.119342961192411501e-02,-6.362474578521458424e-02,3.993669783165866294e-01,-1.994020200593741743e+00
6.354166666666666297e-01,4.895833333333333148e-01,-1.978905222892269333e-01,-1.206293540743562098e-01,-6.132276072878616036e-02,3.994359162796350948e-01,-2.012107430254129525e+00
6.562500000000000000e-01,4.895833333333333148e-01,-1.995988985272594829e-01,-1.513152940102573396e-01,-5.841271025526997840e-02,3.979737661909861224e-01,-2.007329427257152688e+00
6.770833333333332593e-01,4.895833333333333148e-01,-2.000882928189335885e-01,-1.829043146371865658e-01,-5.491379934055710954e-02,3.947165329005520307e-01,-1.973595011711319680e+00
6.979166666666666297e-01,4.895833333333333148e-01,-1.990667790261932968e-01,-2.148998702869866773e-01,-5.087395017531544383e-02,3.893940293161657906e-01,-1.903965828736196242e+00
7.187500000000000000e-01,4.895833333333333148e-01,-1.962162509126225696e-01,-2.466260679664929456e-01,-4.637516871091708348e-02,3.817353828527380588e-01,-1.790778237854024013e+00
7.395833333333332593e-01,4.895833333333333148e-01,-1.912099057627328902e-01,-2.771994740774835764e-01,-4.153764217668548531e-02,3.714773888217360320e-01,-1.625939393061644145e+00
7.604166666666666297e-01,4.895833333333333148e-01,-1.837392104630357903e-01,-3.055075421547208681e-01,-3.652132765907380174e-02,3.583757925717661053e-01,-1.401462144088169604e+00
7.812500000000000000e-01,4.895833333333333148e-01,-1.735517241968247415e-01,-3.302009215982972812e-01,-3.152353546032633791e-02,3.422193389140639197e-01,-1.110298955321006975e+00
8.020833333333332593e-01,4.895833333333333148e-01,-1.604998746318762048e-01,-3.497089955121794880e-01,-2.677098617873087047e-02,3.228461063579307622e-01,-7.475060070847612259e-01
8.229166666666666297e-01,4.895833333333333148e-01,-1.445985097360388827e-01,-3.622891626431827827e-01,-2.250523368930460941e-02,3.001612574602883221e-01,-3.116969152378212815e-01
8.437500000000000000e-01,4.895833333333333148e-01,-1.260856770207247624e-01,-3.661192194973933445e-01,-1.896140706359051090e-02,2.741548899196438183e-01,1.933892519849387259e-01
8.645833333333332593e-01,4.895833333333333148e-01,-1.054769111177423918e-01,-3.594367285433516246e-01,-1.634203701404747869e-02,2.449181470043458042e-01,7.575894592397725003e-01
8.854166666666666297e-01,4.895833333333333148e-01,-8.359937467064254557e-02,-3.407173457903170943e-01,-1.479012506081162429e-02,2.126551016331524047e-01,1.363927642402019913e+00
9.062500000000000000e-01,4.895833333333333148e-01,-6.159059418078807746e-02,-3.088647973479938247e-01,-1.436796039611293666e-02,1.776871706610349544e-01,1.989973891317516230e+00
9.270833333333332593e-01,4.895833333333333148e-01,-4.085030680006299098e-02,-2.633614099617622717e-01,-1.504936876816612493e-02,1.404461528042925123e-01,2.611720138489960430e+00
9.479166666666666297e-01,4.895833333333333148e-01,-2.294581182916972245e-02,-2.043094623051554815e-01,-1.673179785979727816e-02,1.014520096426178852e-01,3.210149383294129688e+00
9.687500000000000000e-01,4.895833333333333148e-01,-9.490773965280934268e-03,-1.322962774691852084e-01,-1.927029442188498212e-02,6.127310369183015110e-02,3.779525904195906172e+00
9.895833333333332593e-01,4.895833333333333148e-01,-2.038133693374705006e-03,-4.805345529458501797e-02,-2.252918265775022758e-02,2.047017928042678056e-02,4.050496249627381751e+00
1.041666666666666609e-02,5.104166666666666297e-01,-1.548194931950481112e-04,6.519257865940136787e-02,-2.492924530477866676e-02,9.678237012852700660e-01,4.733111002075181872e+00
3.125000000000000000e-02,5.104166666666666297e-01,-1.022952810890521112e-03,1.639030062798087495e-01,-2.549513454274017835e-02,9.035462359712812530e-01,4.047220075422889529e+00
5.208333333333332871e-02,5.104166666666666297e-01,-3.167538854677275691e-03,2.347702951169829966e-01,-2.635290964050873361e-02,8.398452329608925293e-01,2.777826150401074390e+00
7.291666666666665741e-02,5.104166666666666297e-01,-6.808491838493237365e-03,2.818767738965836100e-01,-2.753549372027772404e-02,7.775692202630155592e-01,1.698452811648770933e+00
9.375000000000000000e-02,5.104166666666666297e-01,-1.197746570767291643e-02,3.094429706661238066e-01,-2.905625187379489924e-02,7.177474800132779276e-01,8.142823864280193114e-01
1.145833333333333287e-01,5.104166666666666297e-01,-1.854886741164558234e-02,3.216219708579999281e-01,-3.090077217787541922e-02,6.614285972204735353e-01,1.196322317658040091e-01
1.354166666666666574e-01,5.104166666666666297e-01,-2.628663284102405323e-02,3.222782481596624393e-01,-3.303068756362265157e-02,6.095429065570031613e-01,-4.014757064411478282e-01
1.562500000000000000e-01,5.104166666666666297e-01,-3.489412316860723839e-02,3.148080450959572785e-01,-3.539263250339250155e-02,5.628047911196629727e-01,-7.726151490110345632e-01
1.770833333333333148e-01,5.104166666666666297e-01,-4.405843033256770513e-02,3.020300329483229795e-01,-3.792774511754092026e-02,5.216617864983784658e-01,-1.021415422936677198e+00
1.979166666666666574e-01,5.104166666666666297e-01,-5.348447637194669868e-02,2.861499962999173308e-01,-4.057922624750245899e-02,4.862876785292502557e-01,-1.176190918752884951e+00
2.187500000000000000e-01,5.104166666666666297e-01,-6.291760689854147826e-02,2.687871041732959876e-01,-4.329708713176180779e-02,4.566095925126706923e-01,-1.263327150240024732e+00
2.395833333333333148e-01,5.104166666666666297e-01,-7.215559875831262238e-02,2.510421008811043464e-01,-4.604021559766939553e-02,4.323559524353612904e-01,-1.305626038419353430e+00
2.604166666666666297e-01,5.104166666666666297e-01,-8.105215334482614165e-02,2.335873455498611306e-01,-4.877636346115984955e-02,4.131127378923628579e-01,-1.321547202439118385e+00
2.812500000000000000e-01,5.104166666666666297e-01,-8.951429787503277502e-02,2.167621761694083493e-01,-5.148077177054193043e-02,3.983782748328372758e-01,-1.325144172287581634e+00
3.020833333333333148e-01,5.104166666666666297e-01,-9.749596326005723068e-02,2.006621266953809157e-01,-5.413407119604540796e-02,3.876103665350506544e-01,-1.326456357381167628e+00
3.229166666666666297e-01,5.104166666666666297e-01,-1.049895986420154997e-01,1.852154531937613424e-01,-5.671994271696120804e-02,3.802628504286209576e-01,-1.332140865775424565e+00
3.437500000000000000e-01,5.104166666666666297e-01,-1.120171933367797440e-01,1.702443849569419965e-01,-5.922286699974459168e-02,3.758111299362701385e-01,-1.346179353741142837e+00
3.645833333333333148e-01,5.104166666666666297e-01,-1.186216093106425840e-01,1.555112545132963375e-01,-6.162615953521165257e-02,3.737677702096946497e-01,-1.370551005697726588e+00
3.854166666666666297e-01,5.104166666666666297e-01,-1.248587314887127653e-01,1.407512736650357033e-01,-6.391039111819932228e-02,3.736899969441601077e-01,-1.405810937641648994e+00
4.062500000000000000e-01,5.104166666666666297e-01,-1.307906361355656855e-01,1.256944655068761296e-01,-6.605222813790458114e-02,3.751811246152640944e-01,-1.451549022412148338e+00
4.270833333333333148e-01,5.104166666666666297e-01,-1.364797575518745254e-01,1.100794189656495170e-01,-6.802368951066184444e-02,3.778877871921718645e-01,-1.506727332441186951e+00
4.479166666666666297e-01,5.104166666666666297e-01,-1.419838895216687102e-01,9.366134973296438848e-02,-6.979180142290206112e-02,3.814945260807913185e-01,-1.569907335650175595e+00
4.687500000000000000e-01,5.104166666666666297e-01,-1.473517763749923604e-01,7.621661458641154629e-02,-7.131863213865526074e-02,3.857169251958784129e-01,-1.639383585012585298e+00
4.895833333333333148e-01,5.104166666666666297e-01,-1.526190159287266201e-01,5.754545710183167628e-02,-7.256170218899139768e-02,3.902941404554311489e-01,-1.713241675752907867e+00
5.104166666666666297e-01,5.104166666666666297e-01,-1.578040027948440782e-01,3.747442854608895590e-02,-7.347478633422287186e-02,3.949813841020368699e-01,-1.789357032407282944e+00
5.312500000000000000e-01,5.104166666666666297e-01,-1.629036845681784418e-01,1.585964285082366865e-02,-7.400915348482663136e-02,3.995427162735141202e-01,-1.865349614608136086e+00
5.520833333333332593e-01,5.104166666666666297e-01,-1.678890391232069068e-01,-7.408276379005443446e-03,-7.411536260087125960e-02,4.037444620303468623e-01,-1.938599582000185562e+00
5.729166666666666297e-01,5.104166666666666297e-01,-1.727031627781027701e-01,-3.240104455115078164e-02,-7.371738024390216137e-02,4.074184912159427574e-01,-2.006671149261834763e+00
5.937500000000000000e-01,5.104166666666666297e-01,-1.772587042899314014e-01,-5.916066912804973654e-02,-7.276046470943459132e-02,4.103303401060868771e-01,-2.066773850350706265e+00
6.145833333333332593e-01,5.104166666666666297e-01,-1.814318277431619109e-01,-8.767339916802996402e-02,-7.120259617203546221e-02,4.122356567954831852e-01,-2.115131351794562242e+00
6.354166666666666297e-01,5.104166666666666297e-01,-1.850565755262044976e-01,-1.178531216036635965e-01,-6.901262898215629327e-02,4.128773044220145905e-01,-2.147182577699920714e+00
6.562500000000000000e-01,5.104166666666666297e-01,-1.879204797202293498e-01,-1.495192460488924957e-01,-6.617547592044221993e-02,4.119840253612784275e-01,-2.157426178531963501e+00
6.770833333333332593e-01,5.104166666666666297e-01,-1.897623250958595520e-01,-1.823691229312470741e-01,-6.269808688299852162e-02,4.092708174174629621e-01,-2.139296507651270662e+00
6.979166666666666297e-01,5.104166666666666297e-01,-1.902735090669689932e-01,-2.159453918145570195e-01,-5.861599482708912401e-02,4.044416649860811952e-01,-2.085103567237998501e+00
7.187500000000000000e-01,5.104166666666666297e-01,-1.891049576322341719e-01,-2.495996259872281797e-01,-5.399992188312410790e-02,3.971951843212319089e-01,-1.986088029141922950e+00
7.395833333333332593e-01,5.104166666666666297e-01,-1.858820056264881559e-01,-2.824552132123840931e-01,-4.896156912807937689e-02,3.872335928142300876e-01,-1.832660842582308991e+00
7.604166666666666297e-01,5.104166666666666297e-01,-1.802298634672389877e-01,-3.133746404787666195e-01,-4.365728050167994034e-02,3.742751991260407363e-01,-1.614912730441385724e+00
7.812500000000000000e-01,5.104166666666666297e-01,-1.718120106015969539e-01,-3.409391624061045567e-01,-3.828786101457025415e-02,3.580703047591554666e-01,-1.323484155733545276e+00
8.020833333333332593e-01,5.104166666666666297e-01,-1.603827317903769867e-01,-3.634518830805406608e-01,-3.309260672062748487e-02,3.384200066097740600e-01,-9.508662784136538981e-01
8.229166666666666297e-01,5.104166666666666297e-01,-1.458526604985959652e-01,-3.789777112624399535e-01,-2.833581916337321246e-02,3.151969154932262041e-01,-4.931344825499131002e-01
8.437500000000000000e-01,5.104166666666666297e-01,-1.283623355565862434e-01,-3.854338285354600435e-01,-2.428502924456934706e-02,2.883662797765055852e-01,4.803231924214990123e-02
8.645833333333332593e-01,5.104166666666666297e-01,-1.083535298936305902e-01,-3.807396910712229632e-01,-2.118207936988498671e-02,2.580054165473326111e-01,6.634473620204760502e-01
8.854166666666666297e-01,5.104166666666666297e-01,-8.662245027539526576e-02,-3.630229993277809264e-01,-1.921106856913197894e-02,2.243186478242097104e-01,1.335376691135202520e+00
9.062500000000000000e-01,5.104166666666666297e-01,-6.433522119922568949e-02,-3.308551533765540231e-01,-1.847036748198650422e-02,1.876440610746924198e-01,2.038452053143612108e+00
9.270833333333332593e-01,5.104166666666666297e-01,-4.298832562996676709e-02,-2.834582368831860544e-01,-1.895815314488889444e-02,1.484475091871302055e-01,2.743680901888573054e+00
9.479166666666666297e-01,5.104166666666666297e-01,-2.430921464754204342e-02,-2.207962413370496424e-01,-2.058041133277447102e-02,1.072990014865397440e-01,3.426090845176098743e+00
9.687500000000000000e-01,5.104166666666666297e-01,-1.011617254671917307e-02,-1.434575784020026834e-01,-2.318583036590855448e-02,6.482824452614739663e-02,4.075086596637166991e+00
9.895833333333332593e-01,5.104166666666666297e-01,-2.184689096216605505e-03,-5.227627808417633498e-02,-2.662431233006730055e-02,2.166045603571533154e-02,4.383929503046242182e+00
1.041666666666666609e-02,5.312500000000000000e-01,-5.342045861715334144e-05,6.540081861121357920e-02,-3.036765288090248829e-02,9.684887021268925311e-01,4.779440028775797877e+00
3.125000000000000000e-02,5.312500000000000000e-01,-5.610274520936595673e-04,1.650705066391685572e-01,-3.078234118587100734e-02,9.055295279799768782e-01,4.103021929487927544e+00
5.208333333333332871e-02,5.312500000000000000e-01,-2.071110757377465569e-03,2.372574641066937662e-01,-3.152608455022443135e-02,8.431056597193313795e-01,2.847153617525117753e+00
7.291666666666665741e-02,5.312500000000000000e-01,-4.882572217986246195e-03,2.858420193512976049e-01,-3.262542120968263404e-02,7.820285367133965604e-01,1.771854919088557079e+00
9.375000000000000000e-02,5.312500000000000000e-01,-9.096803880981219059e-03,3.148609307435844551e-01,-3.408879609391281262e-02,7.232903918953892397e-01,8.834379274874527566e-01
1.145833333333333287e-01,5.312500000000000000e-01,-1.464638721528421089e-02,3.283249958188148576e-01,-3.589840979363334572e-02,6.679098204364971592e-01,1.782664574009613645e-01
1.354166666666666574e-01,5.312500000000000000e-01,-2.134052932991873514e-02,3.300071307428604772e-01,-3.801341768971883139e-02,6.167986308469490808e-01,-3.572856795765992910e-01
1.562500000000000000e-01,5.312500000000000000e-01,-2.891496293876446785e-02,3.232610864491881619e-01,-4.037820186158472269e-02,5.706659373035942728e-01,-7.445859418862357249e-01
1.770833333333333148e-01,5.312500000000000000e-01,-3.707748677130003057e-02,3.109038225915881082e-01,-4.293150140229537448e-02,5.299664377881085908e-01,-1.009470253525151850e+00
1.979166666666666574e-01,5.312500000000000000e-01,-4.554416291014842799e-02,2.951689288348795515e-01,-4.561392465092883874e-02,4.948909353015852330e-01,-1.178979065383551239e+00
2.187500000000000000e-01,5.312500000000000000e-01,-5.406437442226523504e-02,2.777215136770453396e-01,-4.837287954140184754e-02,4.653900860337128464e-01,-1.278734388453834914e+00
2.395833333333333148e-01,5.312500000000000000e-01,-6.243526804535143304e-02,2.597165768602123226e-01,-5.116490572880715015e-02,4.412190321333399057e-01,-1.331209095527650987e+00
2.604166666666666297e-01,5.312500000000000000e-01,-7.050738909312045943e-02,2.418815452050356862e-01,-5.395589849396492665e-02,4.219908459049225846e-01,-1.354864431441882511e+00
2.812500000000000000e-01,5.312500000000000000e-01,-7.818380449528578024e-02,2.246065364466057757e-01,-5.671988088691491681e-02,4.072292656174795744e-01,-1.363981070331632406e+00
3.020833333333333148e-01,5.312500000000000000e-01,-8.541495728579878710e-02,2.080305845937209241e-01,-5.943694615095587719e-02,3.964145549356283826e-01,-1.368959430506508923e+00
3.229166666666666297e-01,5.312500000000000000e-01,-9.219114992346828796e-02,1.921168233150490900e-01,-6.209086941638553014e-02,3.890194667265491901e-01,-1.376879683807326504e+00
3.437500000000000000e-01,5.312500000000000000e-01,-9.853409822082814795e-02,1.767135578277783670e-01,-6.466674353632195782e-02,3.845347013305583928e-01,-1.392157568292121006e+00
3.645833333333333148e-01,5.312500000000000000e-01,-1.044885426126118816e-01,1.616009420081065684e-01,-6.714886321418772619e-02,3.824847818413148470e-01,-1.417185047513099594e+00
3.854166666666666297e-01,5.312500000000000000e-01,-1.101145053100279908e-01,1.465246710457117629e-01,-6.951897827249416129e-02,3.824360359886135319e-01,-1.452891693591623401e+00
4.062500000000000000e-01,5.312500000000000000e-01,-1.154804627956592111e-01,1.312189302586841966e-01,-7.175496390591863671e-02,3.839985875582562769e-01,-1.499198001001643243e+00
4.270833333333333148e-01,5.312500000000000000e-01,-1.206574654347707387e-01,1.154210782692617898e-01,-7.382991069766216274e-02,3.868241344532019621e-01,-1.555355189865999854e+00
4.479166666666666297e-01,5.312500000000000000e-01,-1.257140715823696075e-01,9.888042854674519710e-02,-7.571161575135058885e-02,3.906009969975473006e-01,-1.620179375056908899e+00
4.687500000000000000e-01,5.312500000000000000e-01,-1.307118603129218126e-01,8.136321135650663450e-02,-7.736245385714385359e-02,3.950475759755561755e-01,-1.692193968644756463e+00
4.895833333333333148e-01,5.312500000000000000e-01,-1.357012335855468654e-01,6.265547315809590068e-02,-7.873962009582265165e-02,3.999050326636031660e-01,-1.769695440940127984e+00
5.104166666666666297e-01,5.312500000000000000e-01,-1.407172105801952899e-01,4.256537635059060021e-02,-7.979576017136257027e-02,4.049297147577168299e-01,-1.850756215339711241e+00
5.312500000000000000e-01,5.312500000000000000e-01,-1.457749657394007414e-01,2.092613197886188797e-02,-8.048004287862904615e-02,4.098855538065703796e-01,-1.933176071271058172e+00
5.520833333333332593e-01,5.312500000000000000e-01,-1.508650120517362470e-01,-2.399364639679662289e-03,-8.073978612622562112e-02,4.145360799660682827e-01,-2.014407728250417584e+00
5.729166666666666297e-01,5.312500000000000000e-01,-1.559489509752759184e-01,-2.751189371204103631e-02,-8.050113198429813266e-02,4.186980663668432578e-01,-2.092017100719496092e+00
5.937500000000000000e-01,5.312500000000000000e-01,-1.609566265986586142e-01,-5.448660283194816517e-02,-7.969688892764976995e-02,4.221441947485026214e-01,-2.163310947750813895e+00
6.145833333333332593e-01,5.312500000000000000e-01,-1.657809866418565314e-01,-8.334998196770311563e-02,-7.827732589334422675e-02,4.246235522490683367e-01,-2.224630406223970347e+00
6.354166666666666297e-01,5.312500000000000000e-01,-1.702704284325927686e-01,-1.140623492302116071e-01,-7.620172905902861116e-02,4.258675171612349430e-01,-2.271418840248064619e+00
6.562500000000000000e-01,5.312500000000000000e-01,-1.742221424160111387e-01,-1.464944002449012905e-01,-7.344369445472170854e-02,4.255887490322345923e-01,-2.298026159849637207e+00
6.770833333333332593e-01,5.312500000000000000e-01,-1.773770840991285014e-01,-1.803971816764907143e-01,-6.999743253346235594e-02,4.234809919541323020e-01,-2.297523125554488566e+00
6.979166666666666297e-01,5.312500000000000000e-01,-1.794179667805911316e-01,-2.153652664167413633e-01,-6.588498543746405811e-02,4.192213279338468657e-01,-2.261562652239975435e+00
7.187500000000000000e-01,5.312500000000000000e-01,-1.799724044295361869e-01,-2.507938651708335742e-01,-6.116397017245407686e-02,4.124757297751915353e-01,-2.180345170348182648e+00
7.395833333333332593e-01,5.312500000000000000e-01,-1.786240518133417887e-01,-2.858322786507190849e-01,-5.593505335335667572e-02,4.029085074955073287e-01,-2.042769749226704512e+00
7.604166666666666297e-01,5.312500000000000000e-01,-1.749351292216985154e-01,-3.193386397913240415e-01,-5.034784008192903781e-02,3.901959949527791793e-01,-1.836878346911591242e+00
7.812500000000000000e-01,5.312500000000000000e-01,-1.684837936430343963e-01,-3.498443515378533153e-01,-4.460328934655716226e-02,3.740444556707527846e-01,-1.550718924563023737e+00
8.020833333333332593e-01,5.312500000000000000e-01,-1.589189952209760226e-01,-3.755407711820702987e-01,-3.895031353883343650e-02,3.542116851414501832e-01,-1.173747538882827568e+00
8.229166666666666297e-01,5.312500000000000000e-01,-1.460331850847118862e-01,-3.943047045889553903e-01,-3.367416506105400109e-02,3.305311891098812738e-01,-6.988305858023258210e-01
8.437500000000000000e-01,5.312500000000000000e-01,-1.298490034645973512e-01,-4.037813417710688357e-01,-2.907495033117202601e-02,3.029371780886827015e-01,-1.247536666322071053e-01
8.645833333333332593e-01,5.312500000000000000e-01,-1.107097219942497768e-01,-4.015402649689173709e-01,-2.543653368583735294e-02,2.714879542383588085e-01,5.411533958352396922e-01
8.854166666666666297e-01,5.312500000000000000e-01,-8.935553243994037720e-02,-3.853076946026312011e-01,-2.298935463255670844e-02,2.363845156419660254e-01,1.281120755152531654e+00
9.062500000000000000e-01,5.312500000000000000e-01,-6.696133395051037662e-02,-3.532518856673032559e-01,-2.187482319434312997e-02,1.979802345788608808e-01,2.067134783986601221e+00
9.270833333333332593e-01,5.312500000000000000e-01,-4.511143233924913565e-02,-3.042583017729569850e-01,-2.212255567287782845e-02,1.567763085230428899e-01,2.864850633144317982e+00
9.479166666666666297e-01,5.312500000000000000e-01,-2.569893856365713589e-02,-2.380877812052954456e-01,-2.365244014203334369e-02,1.133970083708335380e-01,3.642294659207772511e+00
9.687500000000000000e-01,5.312500000000000000e-01,-1.076608557228956112e-02,-1.552919336259473149e-01,-2.630919594436001777e-02,6.854018868307697188e-02,4.382638956581812018e+00
9.895833333333332593e-01,5.312500000000000000e-01,-2.339262351315448026e-03,-5.680022953170839328e-02,-2.992788495820060055e-02,2.290370293641918326e-02,4.735214346778368721e+00
1.041666666666666609e-02,5.520833333333332593e-01,4.122203039002927147e-05,6.541301703944070456e-02,-3.549992392757560233e-02,9.691645083346774880e-01,4.811017318113920638e+00
3.125000000000000000e-02,5.520833333333332593e-01,-1.255543774073232457e-04,1.657326916122152660e-01,-3.576968967225144236e-02,9.075541710521662919e-01,4.146208247414491233e+00
5.208333333333332871e-02,5.520833333333332593e-01,-1.027426872761461746e-03,2.390072349342849678e-01,-3.639989868491878833e-02,8.464409700703823258e-01,2.907836408982260590e+00
7.291666666666665741e-02,5.520833333333332593e-01,-3.032313496959094992e-03,2.889085966085128132e-01,-3.741101481995835754e-02,7.865994634532512686e-01,1.840265134368046063e+00
9.375000000000000000e-02,5.520833333333332593e-01,-6.304402885466195774e-03,3.192806745378713451e-01,-3.880744834368331231e-02,7.289836592274513416e-01,9.507677105647975857e-01
1.145833333333333287e-01,5.520833333333332593e-01,-1.083043647074295041e-02,3.339808689441077227e-01,-4.056942556712417325e-02,6.745805775854789577e-01,2.376282768783000987e-01
1.354166666666666574e-01,5.520833333333332593e-01,-1.646363889495911295e-02,3.366786021564183162e-01,-4.265526095891669645e-02,6.242810564931834394e-01,-3.104797147885851594e-01
1.562500000000000000e-01,5.520833333333332593e-01,-2.297301707461978787e-02,3.306734268241367514e-01,-4.500854534244827510e-02,5.787863455897681586e-01,-7.126917876146718900e-01
1.770833333333333148e-01,5.520833333333332593e-01,-3.008932738332832646e-02,3.187703163578836651e-01,-4.756672772699548080e-02,5.385558439085972315e-01,-9.929629505172765658e-01
1.979166666666666574e-01,5.520833333333332593e-01,-3.754265756217483457e-02,3.032224413862789625e-01,-5.026848027086125437e-02,5.037952829385421438e-01,-1.176936973821776977e+00
2.187500000000000000e-01,5.520833333333332593e-01,-4.508935935429891906e-02,2.857349144298868548e-01,-5.305883162922735152e-02,4.744773534658447423e-01,-1.289338237557246192e+00
2.395833333333333148e-01,5.520833333333332593e-01,-5.252852158333681798e-02,2.675132319594949459e-01,-5.589184679719357007e-02,4.503831188997949320e-01,-1.352183177285244842e+00
2.604166666666666297e-01,5.520833333333332593e-01,-5.970950911502091729e-02,2.493379986852061747e-01,-5.873119564456964758e-02,4.311526167014729238e-01,-1.383825052664655608e+00
2.812500000000000000e-01,5.520833333333332593e-01,-6.653271388919618223e-02,2.316497031427758313e-01,-6.154917915006546947e-02,4.163354510709192935e-01,-1.398684908706453900e+00
3.020833333333333148e-01,5.520833333333332593e-01,-7.294570012050938246e-02,2.146315569193770756e-01,-6.432480266971848937e-02,4.054352668099241996e-01,-1.407461025812690725e+00
3.229166666666666297e-01,5.520833333333332593e-01,-7.893663858265279054e-02,1.982829820892058614e-01,-6.704140358656712761e-02,3.979449972620487386e-01,-1.417615196214006001e+00
3.437500000000000000e-01,5.520833333333332593e-01,-8.452650929821722836e-02,1.824802180665458518e-01,-6.968421689353593296e-02,3.933721328539618867e-01,-1.433974140248615026e+00
3.645833333333333148e-01,5.520833333333332593e-01,-8.976111911299670953e-02,1.670233359759022984e-01,-7.223813511960883171e-02,3.912547782632351812e-01,-1.459334017860971278e+00
3.854166666666666297e-01,5.520833333333332593e-01,-9.470358933848416205e-02,1.516707100008195808e-01,-7.468581010731167868e-02,3.911700451658131628e-01,-1.495001180561275067e+00
4.062500000000000000e-01,5.520833333333332593e-01,-9.942764553694719010e-02,1.361629049876706410e-01,-7.700616228628588689e-02,3.927365631998980255e-01,-1.541237028127063091e+00
4.270833333333333148e-01,5.520833333333332593e-01,-1.040117930193968643e-01,1.202382536618365610e-01,-7.917330927797927576e-02,3.956127912088077681e-01,-1.597598161398932515e+00
4.479166666666666297e-01,5.520833333333332593e-01,-1.085342824737193235e-01,1.036423487560917400e-01,-8.115589704612362343e-02,3.994925419034097147e-01,-1.663176587768523618e+00
4.687500000000000000e-01,5.520833333333332593e-01,-1.130686497367767995e-01,8.613344714076975883e-02,-8.291680907607511253e-02,4.040988136656658569e-01,-1.736751024252863651e+00
4.895833333333333148e-01,5.520833333333332593e-01,-1.176795408954706551e-01,6.748550180515167085e-02,-8.441323795989302825e-02,4.091767301259517930e-01,-1.816861777192151806e+00
5.104166666666666297e-01,5.520833333333332593e-01,-1.224185016682567961e-01,4.749028547096939556e-02,-8.559712624526001623e-02,4.144861800533646834e-01,-1.901820269039428135e+00
5.312500000000000000e-01,5.520833333333332593e-01,-1.273194225888212849e-01,2.595989893825303291e-02,-8.641601868385551111e-02,4.197947196548068582e-01,-1.989661685522841950e+00
5.520833333333332593e-01,5.520833333333332593e-01,-1.323934094703424491e-01,2.730901594785888498e-03,-8.681441537090825444e-02,4.248717426261500174e-01,-2.078047130355356042e+00
5.729166666666666297e-01,5.520833333333332593e-01,-1.376230217737255956e-01,-2.232860871958380899e-02,-8.672188356270565945e-02,4.294870036438660499e-01,-2.164594339022125169e+00
5.937500000000000000e-01,5.520833333333332593e-01,-1.429588363893095626e-01,-4.932639758543873321e-02,-8.605976126481118538e-02,4.334552114855775851e-01,-2.246693864557868014e+00
6.145833333333332593e-01,5.520833333333332593e-01,-1.483146405487599240e-01,-7.833002301156424818e-02,-8.477116715050687923e-02,4.365129533065071343e-01,-2.320899588431170280e+00
6.354166666666666297e-01,5.520833333333332593e-01,-1.535585421263999939e-01,-1.093489648179741536e-01,-8.280633925185151845e-02,4.383800383284425228e-01,-2.382776910924745195e+00
6.562500000000000000e-01,5.520833333333332593e-01,-1.585042221727735734e-01,-1.423103906273468222e-01,-8.012786110287638264e-02,4.387538252335471123e-01,-2.426659669807166075e+00
6.770833333333332593e-01,5.520833333333332593e-01,-1.629030610362625919e-01,-1.770274107474387737e-01,-7.671710762746987433e-02,4.373072099792347234e-01,-2.445398282812151436e+00
6.979166666666666297e-01,5.520833333333332593e-01,-1.664384153846462100e-01,-2.131588003159470279e-01,-7.258194332339575061e-02,4.336899030603872385e-01,-2.430129406574021989e+00
7.187500000000000000e-01,5.520833333333332593e-01,-1.687242544350376072e-01,-2.501600545722914570e-01,-6.776543463612132168e-02,4.275335613248785194e-01,-2.370127879840946861e+00
7.395833333333332593e-01,5.520833333333332593e-01,-1.693113740291992686e-01,-2.872273222712939389e-01,-6.235491711597852815e-02,4.184614786394355024e-01,-2.252833130774313020e+00
7.604166666666666297e-01,5.520833333333332593e-01,-1.677053385663902496e-01,-3.232385542252015354e-01,-5.649016411061245913e-02,4.061033761281595544e-01,-2.064179429062742877e+00
7.812500000000000000e-01,5.520833333333332593e-01,-1.634008534688838887e-01,-3.567002577801463015e-01,-5.036868120705442764e-02,3.901154219795136546e-01,-1.789394503516005486e+00
8.020833333333332593e-01,5.520833333333332593e-01,-1.559369373880279130e-01,-3.857135794426916897e-01,-4.424544127871975208e-02,3.702049840043745710e-01,-1.414446549012948307e+00
8.229166666666666297e-01,5.520833333333332593e-01,-1.449752900124975930e-01,-4.079793538401285113e-01,-3.842398189506347761e-02,3.461588460837831671e-01,-9.282801568936422942e-01
8.437500000000000000e-01,5.520833333333332593e-01,-1.303998264935395945e-01,-4.208663376589683036e-01,-3.323618938850486648e-02,3.178728116981521801e-01,-3.258317155453207548e-01
8.645833333333332593e-01,5.520833333333332593e-01,-1.124279408849946094e-01,-4.215664361599105181e-01,-2.900986305647699701e-02,2.853798380534360302e-01,3.885171437767314107e-01
8.854166666666666297e-01,5.520833333333332593e-01,-9.171410243846997434e-02,-4.073495514124721439e-01,-2.602670083585668578e-02,2.488730597079543139e-01,1.197957502171522970e+00
9.062500000000000000e-01,5.520833333333332593e-01,-6.941644436899319093e-02,-3.759018854163691525e-01,-2.447845320076886058e-02,2.087190591954068974e-01,2.072393612629991111e+00
9.270833333333332593e-01,5.520833333333332593e-01,-4.719299754897220145e-02,-3.256816504551733882e-01,-2.443422620003516191e-02,1.654553564923293418e-01,2.971918988480501511e+00
9.479166666666666297e-01,5.520833333333332593e-01,-2.710512396752288999e-02,-2.561647998801203641e-01,-2.583441621748650344e-02,1.197648808648584529e-01,3.856464586871073852e+00
9.687500000000000000e-01,5.520833333333332593e-01,-1.143857739737424821e-02,-1.678143145126386182e-01,-2.852319702992054881e-02,7.242119064079705071e-02,4.701344175314248197e+00
9.895833333333332593e-01,5.520833333333332593e-01,-2.501878690170798031e-03,-6.164137057319463153e-02,-3.232086424516181222e-02,2.420411240620470167e-02,5.104303982667182993e+00
1.041666666666666609e-02,5.729166666666666297e-01,1.268737655186475799e-04,6.524492124353202527e-02,-4.029025318725654170e-02,9.698450969269217792e-01,4.828536140796670040e+00
3.125000000000000000e-02,5.729166666666666297e-01,2.745134671468058766e-04,1.659199241142931547e-01,-4.042187218511487934e-02,9.096000226149164591e-01,4.177212716829234118e+00
5.208333333333332871e-02,5.729166666666666297e-01,-5.505613534077330668e-05,2.400514445300488131e-01,-4.093827082851472787e-02,8.498326542816919682e-01,2.959933597634983204e+00
7.291666666666665741e-02,5.729166666666666297e-01,-1.286846546401783755e-03,2.911010640480076184e-01,-4.185625034526170574e-02,7.912593238368941240e-01,1.903504641843956735e+00
9.375000000000000000e-02,5.729166666666666297e-01,-3.639852818919544868e-03,3.227133027594014103e-01,-4.317483692028062370e-02,7.348015642982920204e-01,1.015932009342808584e+00
1.145833333333333287e-01,5.729166666666666297e-01,-7.149637799999743887e-03,3.385840592889346468e-01,-4.487393763496141941e-02,6.814145278943642969e-01,2.973423795082104637e-01
1.354166666666666574e-01,5.729166666666666297e-01,-1.171131666703199153e-02,3.422702931028398510e-01,-4.691322396274577589e-02,6.319653545224166447e-01,-2.613803294673784361e-01
1.562500000000000000e-01,5.729166666666666297e-01,-1.712775758668779250e-02,3.370075549770317203e-01,-4.923739329001759757e-02,5.871448971316449716e-01,-6.771584298554523818e-01
1.770833333333333148e-01,5.729166666666666297e-01,-2.315501593760462690e-02,3.255797568646140450e-01,-5.178414579984798316e-02,5.474146800719236206e-01,-9.720132957800524665e-01
1.979166666666666574e-01,5.729166666666666297e-01,-2.954052426223786887e-02,3.102518393830283605e-01,-5.449117438901120158e-02,5.129928824803742238e-01,-1.170095760198017087e+00
2.187500000000000000e-01,5.729166666666666297e-01,-3.605115728416399823e-02,2.927628512471877054e-01,-5.730152611292126108e-02,4.838722409152916293e-01,-1.295114142377617794e+00
2.395833333333333148e-01,5.729166666666666297e-01,-4.249121806981358274e-02,2.743645181568815095e-01,-6.016671624921852979e-02,4.598584804225495093e-01,-1.368507814292185154e+00
2.604166666666666297e-01,5.729166666666666297e-01,-4.871154071547892372e-02,2.558880226651690237e-01,-6.304777454023338668e-02,4.406180208474104742e-01,-1.408412179447989132e+00
2.812500000000000000e-01,5.729166666666666297e-01,-5.461170839834596225e-02,2.378230516198553135e-01,-6.591466579743607279e-02,4.257263587418463890e-01,-1.429296741449848529e+00
3.020833333333333148e-01,5.729166666666666297e-01,-6.013746893050664344e-02,2.203969552057714609e-01,-6.874461098392188607e-02,4.147110670552492939e-01,-1.442086538731870426e+00
3.229166666666666297e-01,5.729166666666666297e-01,-6.527518893404926636e-02,2.036462422684975349e-01,-7.151981586257731560e-02,4.070862125267554199e-01,-1.454574379722803235e+00
3.437500000000000000e-01,5.729166666666666297e-01,-7.004482182377275157e-02,1.874764614925421014e-01,-7.422502270521515177e-02,4.023773141273332410e-01,-1.471965584805394744e+00
3.645833333333333148e-01,5.729166666666666297e-01,-7.449246660079768267e-02,1.717093471417104888e-01,-7.684518063122726395e-02,4.001374748257819913e-01,-1.497443129980791543e+00
3.854166666666666297e-01,5.729166666666666297e-01,-7.868322044153985839e-02,1.561179229012410463e-01,-7.936341567335827851e-02,3.999561016433843541e-01,-1.532684381468152335e+00
4.062500000000000000e-01,5.729166666666666297e-01,-8.269470962934794001e-02,1.404512374735202851e-01,-8.175938974327336128e-02,4.014618808006112372e-01,-1.578294484409048515e+00
4.270833333333333148e-01,5.729166666666666297e-01,-8.661143160806078489e-02,1.244507906371494360e-01,-8.400807363150955553e-02,4.043215954025973224e-01,-1.634144596736275989e+00
4.479166666666666297e-01,5.729166666666666297e-01,-9.051985361308126365e-02,1.078607232401217753e-01,-8.607892190359628382e-02,4.082361246828524193e-01,-1.699616868971357331e+00
4.687500000000000000e-01,5.729166666666666297e-01,-9.450408125332589171e-02,9.043366756004184159e-02,-8.793542298312539973e-02,4.129346602050190107e-01,-1.773764631129334246e+00
4.895833333333333148e-01,5.729166666666666297e-01,-9.864182120567423218e-02,7.193391249692179801e-02,-8.953500076122201945e-02,4.181678872002814740e-01,-1.855397911722626469e+00
5.104166666666666297e-01,5.729166666666666297e-01,-1.030003022371177579e-01,5.213931658342893516e-02,-9.082926014855996488e-02,4.237006490874415943e-01,-1.943103001196395674e+00
5.312500000000000000e-01,5.729166666666666297e-01,-1.076317793854658367e-01,3.084326589470607477e-02,-9.176459688452448527e-02,4.293044528138442728e-01,-2.035201740726450659e+00
5.520833333333332593e-01,5.729166666666666297e-01,-1.125682226114332607e-01,7.857964745821434394e-03,-9.228323149207207088e-02,4.347500151278203551e-01,-2.129652613561181074e+00
5.729166666666666297e-01,5.729166666666666297e-01,-1.178148193629119933e-01,-1.697946281575748659e-02,-9.231876687743216514e-02,4.397994346951646372e-01,-2.224198894895266676e+00
5.937500000000000000e-01,5.729166666666666297e-01,-1.233457965340612195e-01,-4.380875170253185902e-02,-9.178255605911872506e-02,4.442717109335906356e-01,-2.316350855769508943e+00
6.145833333333332593e-01,5.729166666666666297e-01,-1.290994043564265281e-01,-7.273825691265542459e-02,-9.061120212940744489e-02,4.479014655972668457e-01,-2.402946614077848153e+00
6.354166666666666297e-01,5.729166666666666297e-01,-1.349684247598443021e-01,-1.038278089358251610e-01,-8.874660136206534433e-02,4.504009518467722017e-01,-2.479789568150069456e+00
6.562500000000000000e-01,5.729166666666666297e-01,-1.407897687701771816e-01,-1.370645224527893280e-01,-8.614092811541924910e-02,4.514545507155650617e-01,-2.541343156318676133e+00
6.770833333333332593e-01,5.729166666666666297e-01,-1.463338986705557399e-01,-1.723303101581286911e-01,-8.276302480624087021e-02,4.507157222044324008e-01,-2.580409922712431303e+00
6.979166666666666297e-01,5.729166666666666297e-01,-1.512952186648595654e-01,-2.093592265625696669e-01,-7.860635977128410667e-02,4.478071900994871068e-01,-2.587798615146938097e+00
7.187500000000000000e-01,5.729166666666666297e-01,-1.552855980581769879e-01,-2.476834098819600261e-01,-7.369848410827675722e-02,4.423253272792841972e-01,-2.552039471937043835e+00
7.395833333333332593e-01,5.729166666666666297e-01,-1.578345043506554912e-01,-2.865679410749852329e-01,-6.811151376794441492e-02,4.338497528171167406e-01,-2.459246879915549133e+00
7.604166666666666297e-01,5.729166666666666297e-01,-1.584005885196032581e-01,-3.249378867153714934e-01,-6.197252373197850717e-02,4.219590109823991853e-01,-2.293278632730857858e+00
7.812500000000000000e-01,5.729166666666666297e-01,-1.564007145473576554e-01,-3.613052843597283070e-01,-5.547189154781796694e-02,4.062527302859695877e-01,-2.036396441085644327e+00
8.020833333333332593e-01,5.729166666666666297e-01,-1.512628184054187197e-01,-3.937103650859046233e-01,-4.886665832210450311e-02,3.863798711709277578e-01,-1.670677242377584637e+00
8.229166666666666297e-01,5.729166666666666297e-01,-1.425076034304200712e-01,-4.196994305474444631e-01,-4.247518505097866437e-02,3.620716495349441955e-01,-1.180416694901214036e+00
8.437500000000000000e-01,5.729166666666666297e-01,-1.298597643033243265e-01,-4.363695635977060672e-01,-3.665932486077476404e-02,3.331766645300927032e-01,-5.556363355546765082e-01
8.645833333333332593e-01,5.729166666666666297e-01,-1.133811500717840925e-01,-4.405137100612579459e-01,-3.179176211030393384e-02,2.996947845262791787e-01,2.035459637972432123e-01
8.854166666666666297e-01,5.729166666666666297e-01,-9.360587762021246871e-02,-4.288913884092209194e-01,-2.820981852640603790e-02,2.618055267670263420e-01,1.082602809323478521e+00
9.062500000000000000e-01,5.729166666666666297e-01,-7.164316685279457919e-02,-3.986204172565149806e-01,-2.616303861282063062e-02,2.198857212795085891e-01,2.050269482578660707e+00
9.270833333333332593e-01,5.729166666666666297e-01,-4.920430465635458606e-02,-3.476254276314885150e-01,-2.576897482928763514e-02,1.745097264045332441e-01,3.061110240906386171e+00
9.479166666666666297e-01,5.729166666666666297e-01,-2.851762707408377062e-02,-2.749955738675253780e-01,-2.699648708525513238e-02,1.264236257907224159e-01,4.065860732066280292e+00
9.687500000000000000e-01,5.729166666666666297e-01,-1.213199690345746935e-02,-1.810357172660085334e-01,-2.969385871005467484e-02,7.648502321777690682e-02,5.030070658045571186e+00
9.895833333333332593e-01,5.729166666666666297e-01,-2.672707083560101841e-03,-6.681595634692552577e-02,-3.366734757256251154e-02,2.556641380217560683e-02,5.490954966321941022e+00
1.041666666666666609e-02,5.937500000000000000e-01,2.022219053843867258e-04,6.491582557262898234e-02,-4.471034704795993908e-02,9.705267621508328890e-01,4.833024315558660078e+00
3.125000000000000000e-02,5.937500000000000000e-01,6.304390412247156978e-04,1.656731629477277146e-01,-4.471661594936623962e-02,9.116477137162114497e-01,4.196632360685860874e+00
5.208333333333332871e-02,5.937500000000000000e-01,8.231464928287162818e-04,2.404350678474978520e-01,-4.511850511026020694e-02,8.532418597567806851e-01,3.003412529839890599e+00
7.291666666666665741e-02,5.937500000000000000e-01,3.168513222286354226e-04,2.924555263122197157e-01,-4.593198775730227001e-02,7.959850779383200736e-01,1.961354992252489993e+00
9.375000000000000000e-02,5.937500000000000000e-01,-1.151908033822863445e-03,3.251806061237586531e-01,-4.716016712550324952e-02,7.407168660886347400e-01,1.078650917018943556e+00
1.145833333333333287e-01,5.937500000000000000e-01,-3.662711940146613256e-03,3.421373448119813809e-01,-4.877777989054722652e-02,6.883846234059416425e-01,3.570394343956087013e-01
1.354166666666666574e-01,5.937500000000000000e-01,-7.149296145721271284e-03,3.467652706523999262e-01,-5.074920257837392534e-02,6.398263230117247069e-01,-2.103296752342942444e-01
1.562500000000000000e-01,5.937500000000000000e-01,-1.144861873553507797e-02,3.422283409369411000e-01,-5.302244274579548389e-02,5.957206485591427514e-01,-6.382458283003120680e-01
1.770833333333333148e-01,5.937500000000000000e-01,-1.634448898649617024e-02,3.312820995065824947e-01,-5.553761384087567421e-02,5.565288353891633122e-01,-9.467761483753631691e-01
1.979166666666666574e-01,5.937500000000000000e-01,-2.160557317135046451e-02,3.161960892505474296e-01,-5.823273889458434327e-02,5.224784601561721642e-01,-1.158515799014306014e+00
2.187500000000000000e-01,5.937500000000000000e-01,-2.701359131471169767e-02,2.987372525449560334e-01,-6.104950274564456547e-02,4.935796614128395987e-01,-1.296058505818734385e+00
2.395833333333333148e-01,5.937500000000000000e-01,-3.238219123651445153e-02,2.801987775665655267e-01,-6.393685489840991720e-02,4.696611443916145490e-01,-1.380157313413616915e+00
2.604166666666666297e-01,5.937500000000000000e-01,-3.756713484171422812e-02,2.614590295063501380e-01,-6.685270490397299259e-02,4.504146439686565473e-01,-1.428623051035299296e+00
2.812500000000000000e-01,5.937500000000000000e-01,-4.246975045485005401e-02,2.430548280746771261e-01,-6.976392905280422163e-02,4.354410871311396036e-01,-1.455878725923852812e+00
3.020833333333333148e-01,5.937500000000000000e-01,-4.703557035803922898e-02,2.252567591862995044e-01,-7.264509295741936046e-02,4.242920956543075328e-01,-1.472998243148713637e+00
3.229166666666666297e-01,5.937500000000000000e-01,-5.124986647409868201e-02,2.081384544075715604e-01,-7.547638972355343034e-02,4.165034688997502621e-01,-1.488046172455520511e+00
3.437500000000000000e-01,5.937500000000000000e-01,-5.513150505811283131e-02,1.916355208272056687e-01,-7.824124874847798727e-02,4.116197016012768106e-01,-1.506564769140241955e+00
3.645833333333333148e-01,5.937500000000000000e-01,-5.872619395509812157e-02,1.755926214810570873e-01,-8.092395926840248443e-02,4.092100694795493543e-01,-1.532097254508211437e+00
3.854166666666666297e-01,5.937500000000000000e-01,-6.209984977883468982e-02,1.597990582263731640e-01,-8.350753196742613516e-02,4.088775804684641746e-01,-1.566677485070777642e+00
4.062500000000000000e-01,5.937500000000000000e-01,-6.533250761732845024e-02,1.440142491746899955e-01,-8.597191856549540878e-02,4.102623472422352036e-01,-1.611248894367748319e+00
4.270833333333333148e-01,5.937500000000000000e-01,-6.851294905545053660e-02,1.279849423528146568e-01,-8.829263348731451744e-02,4.130408743572357433e-01,-1.665998324402247821e+00
4.479166666666666297e-01,5.937500000000000000e-01,-7.173403601035369115e-02,1.114560804843802017e-01,-9.043977444308728963e-02,4.169225226855599598e-01,-1.730604106598751191e+00
4.687500000000000000e-01,5.937500000000000000e-01,-7.508860084958784986e-02,9.417710279526221584e-02,-9.237741653377747053e-02,4.216441222904077080e-01,-1.804404576172236929e+00
4.895833333333333148e-01,5.937500000000000000e-01,-7.866564555030745864e-02,7.590526191476938689e-02,-9.406335111293639972e-02,4.269634180917948885e-01,-1.886495243617144490e+00
5.104166666666666297e-01,5.937500000000000000e-01,-8.254652322062269731e-02,5.640732586734012455e-02,-9.544914774239948718e-02,4.326517833825251902e-01,-1.975761612405020351e+00
5.312500000000000000e-01,5.937500000000000000e-01,-8.680070189616001519e-02,3.546091243468030285e-02,-9.648053602739808943e-02,4.384864335282108727e-01,-2.070851653213360066e+00
5.520833333333332593e-01,5.937500000000000000e-01,-9.148061261575679559e-02,1.285667215141140726e-02,-9.709810725585876767e-02,4.442422142402829843e-01,-2.170088597681093745e+00
5.729166666666666297e-01,5.937500000000000000e-01,-9.661478426810946041e-02,-1.159740181751606897e-02,-9.723823864704639330e-02,4.496829840458304584e-01,-2.271403965401194824e+00
5.937500000000000000e-01,5.937500000000000000e-01,-1.022030114958112912e-01,-3.807160830192223011e-02,-9.680621441233769331e-02,4.546256774821224034e-01,-2.372492491186784846e+00
6.145833333333332593e-01,5.937500000000000000e-01,-1.082109221954762196e-01,-6.671388179123478868e-02,-9.573173291927895845e-02,4.588060054996686565e-01,-2.470555528512426768e+00
6.354166666666666297e-01,5.937500000000000000e-01,-1.145602423269476700e-01,-9.763384352235657260e-02,-9.394919336949374145e-02,4.619321124235125642e-01,-2.561732050647280268e+00
6.562500000000000000e-01,5.937500000000000000e-01,-1.211174252151322600e-01,-1.308799609677404330e-01,-9.140122501767186658e-02,4.636783790334952915e-01,-2.640765190469996693e+00
6.770833333333332593e-01,5.937500000000000000e-01,-1.276806850330249599e-01,-1.664074819249063419e-01,-8.804482048654312110e-02,4.636811861444656291e-01,-2.700605166050202399e+00
6.979166666666666297e-01,5.937500000000000000e-01,-1.339665728106884668e-01,-2.040348470238247114e-01,-8.385931945070315696e-02,4.615376789666442714e-01,-2.731966656808785032e+00
7.187500000000000000e-01,5.937500000000000000e-01,-1.395979909500763561e-01,-2.433859918879996975e-01,-7.885634290391024814e-02,4.568089532462268343e-01,-2.722886715371134692e+00
7.395833333333332593e-01,5.937500000000000000e-01,-1.440972308661295220e-01,-2.838172128604138922e-01,-7.309144033130444973e-02,4.490290438979375187e-01,-2.658384287098203291e+00
7.604166666666666297e-01,5.937500000000000000e-01,-1.468894054873475796e-01,-3.243303561397768986e-01,-6.667654075163866045e-02,4.377210862817550452e-01,-2.520385348148312943e+00
7.812500000000000000e-01,5.937500000000000000e-01,-1.473234801275151717e-01,-3.634786142674008569e-01,-5.979137819544823318e-02,4.224214871899741874e-01,-2.288155383067092874e+00
8.020833333333332593e-01,5.937500000000000000e-01,-1.447195318100113759e-01,-3.992788796376748328e-01,-5.269084968611868758e-02,4.027119607388154332e-01,-1.939566350837325981e+00
8.229166666666666297e-01,5.937500000000000000e-01,-1.384504595700817853e-01,-4.291552032106025205e-01,-4.570403153448134026e-02,3.782579058705815567e-01,-1.453562626925948287e+00
8.437500000000000000e-01,5.937500000000000000e-01,-1.280625920259082229e-01,-4.499494976058173168e-01,-3.921994477219974129e-02,3.488501930349935942e-01,-8.141005763886310920e-01
8.645833333333332593e-01,5.937500000000000000e-01,-1.134308475213945955e-01,-4.580441347892005854e-01,-3.365603979057869843e-02,3.144460976974864930e-01,-1.548914639777365654e-02
8.854166666666666297e-01,5.937500000000000000e-01,-9.492926002220528070e-02,-4.496378236320391908e-01,-2.940886697849121392e-02,2.752042351009313381e-01,9.317200910341303377e-01
9.062500000000000000e-01,5.937500000000000000e-01,-7.357837869870498260e-02,-4.211875741246148830e-01,-2.679315899141567967e-02,2.315075850152091275e-01,1.996451164935147959e+00
9.270833333333332593e-01,5.937500000000000000e-01,-5.111441419774868239e-02,-3.699610974607848712e-01,-2.598468335642843338e-02,1.839672187946587434e-01,3.128122813368622968e+00
9.479166666666666297e-01,5.937500000000000000e-01,-2.992627743813790903e-02,-2.945347183801105828e-01,-2.699015782323413090e-02,1.333968607261633854e-01,4.267234907184139558e+00
9.687500000000000000e-01,5.937500000000000000e-01,-1.284523729533984873e-02,-1.949632430668477578e-01,-2.966807951942965552e-02,8.074730899448202825e-02,5.367360603035298716e+00
9.895833333333332593e-01,5.937500000000000000e-01,-2.852147115418964072e-03,-7.234081054590460469e-02,-3.381225058060555178e-02,2.699599221803721666e-02,5.894714782883118787e+00
1.041666666666666609e-02,6.145833333333332593e-01,2.655353674385992524e-04,6.444806829980601059e-02,-4.873845177665155071e-02,9.712066568418988854e-01,4.825922276876865702e+00
3.125000000000000000e-02,6.145833333333332593e-01,9.340740467714953293e-04,1.650441644053774470e-01,-4.863524291534185306e-02,9.136894699109752160e-01,4.205486368073816372e+00
5.208333333333332871e-02,6.145833333333332593e-01,1.585118485822447319e-03,2.402203144991931216e-01,-4.892960720215314141e-02,8.566402902949937781e-01,3.038400922350653843e+00
7.291666666666665741e-02,6.145833333333332593e-01,1.735567052671929244e-03,2.930261262642749887e-01,-4.962970357611863614e-02,8.007091320128338907e-01,2.013291035228947035e+00
9.375000000000000000e-02,6.145833333333332593e-01,1.098177471719476075e-03,3.267161551087072735e-01,-5.074020721494347519e-02,7.466989572399327368e-01,1.138357458737260908e+00
1.145833333333333287e-01,6.145833333333332593e-01,-4.416163711754986297e-04,3.446523935762514368e-01,-5.225265879693351267e-02,6.954644505563497558e-01,4.163438517255545479e-01
1.354166666666666574e-01,6.145833333333332593e-01,-2.856584073976679503e-03,3.501517737965057497e-01,-5.413023525420207482e-02,6.478388387010246552e-01,-1.576832361600270793e-01
1.562500000000000000e-01,6.145833333333332593e-01,-6.017352553325552161e-03,3.463019288619980651e-01,-5.632533787250669499e-02,6.044927800943510343e-01,-5.962639045905494539e-01
1.770833333333333148e-01,6.145833333333332593e-01,-9.738261441691500875e-03,3.358252907208526539e-01,-5.878399846129232775e-02,5.658855943701021074e-01,-9.174637554400524309e-01
1.979166666666666574e-01,6.145833333333332593e-01,-1.381387959826824857e-02,3.209896003777082951e-01,-6.144614599074266215e-02,5.322497911063394094e-01,-1.142314970721512557e+00
2.187500000000000000e-01,6.145833333333332593e-01,-1.804603122569863743e-02,3.035839111885867414e-01,-6.425304197347085633e-02,5.036091087204960237e-01,-1.292218838574094253e+00
2.395833333333333148e-01,6.145833333333332593e-01,-2.226288638285210328e-02,2.849375740018910697e-01,-6.715109749352130009e-02,4.798135336150300967e-01,-1.387151834173281806e+00
2.604166666666666297e-01,6.145833333333332593e-01,-2.632952974756318926e-02,2.659718200409354472e-01,-7.009450719039526934e-02,4.605784920155726048e-01,-1.444500856032654434e+00
2.812500000000000000e-01,6.145833333333332593e-01,-3.015236513823606884e-02,2.472674885439005155e-01,-7.304612264978904701e-02,4.455292560833210014e-01,-1.478546422934954530e+00
3.020833333333333148e-01,6.145833333333332593e-01,-3.367891579974913868e-02,2.291364692817783599e-01,-7.597677090178624193e-02,4.342411189523365800e-01,-1.500427729570827928e+00
3.229166666666666297e-01,6.145833333333332593e-01,-3.689450344082974981e-02,2.116886280692327760e-01,-7.886353375751452288e-02,4.262718214889811841e-01,-1.518413736294572658e+00
3.437500000000000000e-01,6.145833333333332593e-01,-3.981712270277714544e-02,1.948896050115060397e-01,-8.168749963920676760e-02,4.211854641265700416e-01,-1.538332719474234001e+00
3.645833333333333148e-01,6.145833333333332593e-01,-4.249154359712137979e-02,1.786076470880862688e-01,-8.443139135287565378e-02,4.185684034966741796e-01,-1.564052003579587069e+00
3.854166666666666297e-01,6.145833333333332593e-01,-4.498336420329121510e-02,1.626495090492504070e-01,-8.707734499909315640e-02,4.180383248493237391e-01,-1.597937989249309521e+00
4.062500000000000000e-01,6.145833333333332593e-01,-4.737345490425026728e-02,1.467865468912655791e-01,-8.960499945570191138e-02,4.192479347929646272e-01,-1.641257849720497930e+00
4.270833333333333148e-01,6.145833333333332593e-01,-4.975300344827691956e-02,1.307726346183878396e-01,-9.198996675984880134e-02,4.218846728736633245e-01,-1.694506375149660071e+00
4.479166666666666297e-01,6.145833333333332593e-01,-5.221918872901906705e-02,1.143556604544523209e-01,-9.420269485300936108e-02,4.256676288452456158e-01,-1.757655060499776045e+00
4.687500000000000000e-01,6.145833333333332593e-01,-5.487137581576016776e-02,9.728427475116535605e-02,-9.620770417771359884e-02,4.303425753814286159e-01,-1.830327531733938917e+00
4.895833333333333148e-01,6.145833333333332593e-01,-5.780762964954863636e-02,7.931138849337433794e-02,-9.796317228878506644e-02,4.356757452571201616e-01,-1.911908134479006316e+00
5.104166666666666297e-01,6.145833333333332593e-01,-6.112125120033099629e-02,6.019569850983277903e-02,-9.942083391276335114e-02,4.414467276830872922e-01,-2.001589315517339873e+00
5.312500000000000000e-01,6.145833333333332593e-01,-6.489694755083788569e-02,3.970241481823183483e-02,-1.005261959990189219e-01,4.474406387315785771e-01,-2.098360197820895667e+00
5.520833333333332593e-01,6.145833333333332593e-01,-6.920617862691738620e-02,1.760431156353616661e-02,-1.012191116373485911e-01,4.534395368268124837e-01,-2.200935584957671498e+00
5.729166666666666297e-01,6.145833333333332593e-01,-7.410126792452917388e-02,-6.315780279676396630e-03,-1.014348778373444226e-01,4.592129426246095991e-01,-2.307567110760385010e+00
5.937500000000000000e-01,6.145833333333332593e-01,-7.960842270833057288e-02,-3.225784782825866226e-02,-1.010806528590638409e-01,4.645745480411144213e-01,-2.416205968414679273e+00
6.145833333333332593e-01,6.145833333333332593e-01,-8.572182588884308396e-02,-6.040632838472091704e-02,-1.000761701738029918e-01,4.692658321593128345e-01,-2.524416270479703073e+00
6.354166666666666297e-01,6.145833333333332593e-01,-9.239566849271327320e-02,-9.091823419352881852e-02,-9.834958039213567704e-02,4.729943467324728701e-01,-2.628778273109701580e+00
6.562500000000000000e-01,6.145833333333332593e-01,-9.953152423647708413e-02,-1.239025316646197999e-01,-9.583505586779779428e-02,4.754280007481329062e-01,-2.724466541292866584e+00
6.770833333333332593e-01,6.145833333333332593e-01,-1.069635694745482424e-01,-1.593896061720631030e-01,-9.247875148825733527e-02,4.761894318855603436e-01,-2.804788705489895229e+00
6.979166666666666297e-01,6.145833333333332593e-01,-1.144417845942535400e-01,-1.972886198792991319e-01,-8.824660699954704757e-02,4.748528112223693309e-01,-2.860638841000155974e+00
7.187500000000000000e-01,6.145833333333332593e-01,-1.216143507543022279e-01,-2.373282347330887276e-01,-8.313446326387921581e-02,4.709452566975158017e-01,-2.879882099123921346e+00
7.395833333333332593e-01,6.145833333333332593e-01,-1.280128566400075552e-01,-2.789772242135663549e-01,-7.718058739713083705e-02,4.639544459314716707e-01,-2.846775108937993792e+00
7.604166666666666297e-01,6.145833333333332593e-01,-1.330459337537438502e-01,-3.213450930516700832e-01,-7.047990167382152393e-02,4.533445763175295573e-01,-2.741592576145575944e+00
7.812500000000000000e-01,6.145833333333332593e-01,-1.360094304174600532e-01,-3.630663060516239327e-01,-6.319836838392166312e-02,4.385821696214292631e-01,-2.540726358479098224e+00
8.020833333333332593e-01,6.145833333333332593e-01,-1.361241427303984675e-01,-4.021804238580171109e-01,-5.558456125324486019e-02,4.191720653532932661e-01,-2.217668524836772459e+00
8.229166666666666297e-01,6.145833333333332593e-01,-1.326131119433147099e-01,-4.360337620172735629e-01,-4.797373755946346408e-02,3.947020284118695765e-01,-1.745387438982137773e+00
8.437500000000000000e-01,6.145833333333332593e-01,-1.248278385323960959e-01,-4.612440797542384230e-01,-4.077842463154807140e-02,3.648925926391506924e-01,-1.100580420489694289e+00
8.645833333333332593e-01,6.145833333333332593e-01,-1.124240949980987309e-01,-4.737850406795904856e-01,-3.445963251080409739e-02,3.296467327352310406e-01,-2.699805925147187313e-01
8.854166666666666297e-01,6.145833333333332593e-01,-9.557098741538219699e-02,-4.692516128235551531e-01,-2.947583317477162415e-02,2.890929312326535605e-01,7.419519544338846195e-01
9.062500000000000000e-01,6.145833333333332593e-01,-7.515190588717142461e-02,-4.433437477848100050e-01,-2.621407950238636639e-02,2.436147700195976928e-01,1.906243533188653805e+00
9.270833333333332593e-01,6.145833333333332593e-01,-5.288989946887624749e-02,-3.925308947198412612e-01,-2.491881762116575708e-02,1.938590509621559155e-01,3.168046775512769031e+00
9.479166666666666297e-01,6.145833333333332593e-01,-3.132122714615246523e-02,-3.147217302033887831e-01,-2.564553299300641534e-02,1.407114779189088671e-01,4.456743439418190178e+00
9.687500000000000000e-01,6.145833333333332593e-01,-1.357811419572225314e-02,-2.096003843367978126e-01,-2.827073404552627942e-02,8.522600128384978657e-02,5.711387816512514704e+00
9.895833333333332593e-01,6.145833333333332593e-01,-3.040957995137053439e-03,-7.823391565646060919e-02,-3.257845103920004037e-02,2.849906105209307899e-02,6.314909796374806206e+00
1.041666666666666609e-02,6.354166666666666297e-01,3.143192466578683081e-04,6.386821368570953783e-02,-5.235966484288641365e-02,9.718821316136482258e-01,4.809014189014690466e+00
3.125000000000000000e-02,6.354166666666666297e-01,1.174086570869516122e-03,1.640957130159294008e-01,-5.216673119915256340e-02,9.157176985805605129e-01,4.205236870778971792e+00
5.208333333333332871e-02,6.354166666666666297e-01,2.205069920449020428e-03,2.394867381000107542e-01,-5.236238134556497892e-02,8.600166593937352832e-01,3.065546555232183223e+00
7.291666666666665741e-02,6.354166666666666297e-01,2.925565463869990793e-03,2.928887585531869120e-01,-5.294555120165786444e-02,8.054074178379732052e-01,2.059037822409069296e+00
9.375000000000000000e-02,6.354166666666666297e-01,3.042798497434382517e-03,3.273736793671834233e-01,-5.392088937477021449e-02,7.526606836758578112e-01,1.194140980231449545e+00
1.145833333333333287e-01,6.354166666666666297e-01,2.425246259087088848e-03,3.461522153990175821e-01,-5.528733838377129783e-02,7.025934183177292569e-01,4.742926343931108679e-01
1.354166666666666574e-01,6.354166666666666297e-01,1.070373980026484342e-03,3.524217919556014156e-01,-5.702907090939099422e-02,6.559788327869513491e-01,-1.041008036455301211e-01
1.562500000000000000e-01,6.354166666666666297e-01,-9.307724532486143796e-04,3.491938256155263653e-01,-5.911134330105392853e-02,6.134401131445027522e-01,-5.516117335299520752e-01
1.770833333333333148e-01,6.354166666666666297e-01,-3.429160994117091705e-03,3.391526913965587919e-01,-6.148286956592194374e-02,5.754742786148810962e-01,-8.843778102068315938e-01
1.979166666666666574e-01,6.354166666666666297e-01,-6.250495590220018702e-03,3.245591524546819207e-01,-6.408614591154912499e-02,5.423092198658144847e-01,-1.121715248202814319e+00
2.187500000000000000e-01,6.354166666666666297e-01,-9.223166083274994195e-03,3.072191812320985704e-01,-6.686373187195546186e-02,5.139757414668369995e-01,-1.283741153682585345e+00
2.395833333333333148e-01,6.354166666666666297e-01,-1.219628929361233835e-02,2.884922823258700975e-01,-6.975943133584437683e-02,4.903457261261300881e-01,-1.389607557982670105e+00
2.604166666666666297e-01,6.354166666666666297e-01,-1.504968463167751652e-02,2.693371504197327182e-01,-7.272290673654548121e-02,4.711555564089804360e-01,-1.456188411621976542e+00
2.812500000000000000e-01,6.354166666666666297e-01,-1.769900025838403931e-02,2.503743091824826572e-01,-7.571180463730256549e-02,4.560527676332915004e-01,-1.497525200958895297e+00
3.020833333333333148e-01,6.354166666666666297e-01,-2.009660876725580594e-02,2.319538078135810477e-01,-7.869187424596865710e-02,4.446353761468323507e-01,-1.524733880133106734e+00
3.229166666666666297e-01,6.354166666666666297e-01,-2.222949173209713691e-02,2.142197601433520338e-01,-8.163573562734020850e-02,4.364828777008978311e-01,-1.546212865535376402e+00
3.437500000000000000e-01,6.354166666666666297e-01,-2.411528939449958733e-02,1.971668898617366383e-01,-8.452087647751445332e-02,4.311792885399930442e-01,-1.568016340885238780e+00
3.645833333333333148e-01,6.354166666666666297e-01,-2.579745643487095508e-02,1.806869501725712757e-01,-8.732734375482839595e-02,4.283286808543154134e-01,-1.594289583837970037e+00
3.854166666666666297e-01,6.354166666666666297e-01,-2.734020042360081615e-02,1.646047705596651034e-01,-9.003546672359269420e-02,4.275642557425218260e-01,-1.627697435018910177e+00
4.062500000000000000e-01,6.354166666666666297e-01,-2.882363830983693254e-02,1.487048139680460512e-01,-9.262382136171314062e-02,4.285522712804156198e-01,-1.669806371451103555e+00
4.270833333333333148e-01,6.354166666666666297e-01,-3.033940319436129532e-02,1.327496809701583791e-01,-9.506754208374382231e-02,4.309921255859941458e-01,-1.721401944634082248e+00
4.479166666666666297e-01,6.354166666666666297e-01,-3.198676835675216823e-02,1.164921645458148192e-01,-9.733701286534932051e-02,4.346137077058193077e-01,-1.782736619807331557e+00
4.687500000000000000e-01,6.354166666666666297e-01,-3.386922565508504457e-02,9.968241504487684868e-02,-9.939693139543645528e-02,4.391728715751582190e-01,-1.853709684089958287e+00
4.895833333333333148e-01,6.354166666666666297e-01,-3.609138285501477944e-02,8.207165923338105573e-02,-1.012057430367555438e-01,4.444456219565274258e-01,-1.933985755873202095e+00
5.104166666666666297e-01,6.354166666666666297e-01,-3.875594208254270340e-02,6.341360854813635206e-02,-1.027153786301547161e-01,4.502213566076779250e-01,-2.023056532576593458e+00
5.312500000000000000e-01,6.354166666666666297e-01,-4.196041393325265073e-02,4.346467298114509853e-02,-1.038712988973023166e-01,4.562952908062875568e-01,-2.120245500430805841e+00
5.520833333333332593e-01,6.354166666666666297e-01,-4.579315834042872735e-02,2.198402888387848697e-02,-1.046128675346921777e-01,4.624599664137801769e-01,-2.224651226435868878e+00
5.729166666666666297e-01,6.354166666666666297e-01,-5.032831404488825877e-02,-1.265252597947396154e-03,-1.048741491856928221e-01,4.684953527518054828e-01,-2.334991349090475676e+00
5.937500000000000000e-01,6.354166666666666297e-01,-5.561831091691084306e-02,-2.651122385416366037e-02,-1.045660630975321082e-01,4.742031053184553313e-01,-2.449554939482156080e+00
6.145833333333332593e-01,6.354166666666666297e-01,-6.168729729075875939e-02,-5.397056280445548110e-02,-1.035983412656994590e-01,4.793451487093617347e-01,-2.566231480272303855e+00
6.354166666666666297e-01,6.354166666666666297e-01,-6.852401756060899629e-02,-8.384343690007381444e-02,-1.018936794424946668e-01,4.836305055943884712e-01,-2.682132894513037158e+00
6.562500000000000000e-01,6.354166666666666297e-01,-7.606935797313044145e-02,-1.162961328017895479e-01,-9.937878247050208058e-02,4.867245236243907258e-01,-2.793003138921644535e+00
6.770833333333332593e-01,6.354166666666666297e-01,-8.420057718562533322e-02,-1.514327405843273189e-01,-9.599020451117558361e-02,4.882405172097509238e-01,-2.892713886450340333e+00
6.979166666666666297e-01,6.354166666666666297e-01,-9.271191633004093047e-02,-1.892559312029140350e-01,-9.168161030056366789e-02,4.877336198106835830e-01,-2.972642000577121912e+00
7.187500000000000000e-01,6.354166666666666297e-01,-1.012915078208468517e-01,-2.296087657586192154e-01,-8.643370431813053589e-02,4.846999397661503339e-01,-3.020864909828710587e+00
7.395833333333332593e-01,6.354166666666666297e-01,-1.094984596456278075e-01,-2.720912354775495423e-01,-8.026741260122885468e-02,4.785816459237555720e-01,-3.021314221790485810e+00
7.604166666666666297e-01,6.354166666666666297e-01,-1.167454633193394931e-01,-3.159510010002388736e-01,-7.325949628528316548e-02,4.687816844504150149e-01,-2.953048854135821522e+00
7.812500000000000000e-01,6.354166666666666297e-01,-1.222952126638997689e-01,-3.599471520947786773e-01,-6.555959968121846670e-02,4.546904477559214341e-01,-2.789901444170444833e+00
8.020833333333332593e-01,6.354166666666666297e-01,-1.252841325741288203e-01,-4.021959455916949144e-01,-5.740608502393404478e-02,4.357256861364552925e-01,-2.501005808360863281e+00
8.229166666666666297e-01,6.354166666666666297e-01,-1.247896388420473568e-01,-4.400237648027610082e-01,-4.913569808327426791e-02,4.113840163568542319e-01,-2.052876344522018393e+00
8.437500000000000000e-01,6.354166666666666297e-01,-1.199563531678212169e-01,-4.698726360538956759e-01,-4.118015959141139992e-02,3.813005305451960258e-01,-1.413776191837664564e+00
8.645833333333332593e-01,6.354166666666666297e-01,-1.101891892359313785e-01,-4.873273918461203946e-01,-3.404183836754830217e-02,3.453094231060480079e-01,-5.609015889619352047e-01
8.854166666666666297e-01,6.354166666666666297e-01,-9.540263189550332590e-02,-4.873489265801698167e-01,-2.824285884782229070e-02,3.034973113231018704e-01,5.099558695911402539e-01
9.062500000000000000e-01,6.354166666666666297e-01,-7.628447447785166591e-02,-4.647836729740577599e-01,-2.424932055813805790e-02,2.562409648855246136e-01,1.774522467851893825e+00
9.270833333333332593e-01,6.354166666666666297e-01,-5.449434559602617245e-02,-4.151431048307142047e-01,-2.238540117615067312e-02,2.042208119362091401e-01,3.175249631236775727e+00
9.479166666666666297e-01,6.354166666666666297e-01,-3.269341036418570851e-02,-3.354791276470800443e-01,-2.276785884296679205e-02,1.483985596466599333e-01,4.629825814266339101e+00
9.687500000000000000e-01,6.354166666666666297e-01,-1.433191510309975679e-02,-2.249475951046226441e-01,-2.530099005676554949e-02,8.994205027455783041e-02,6.059901327492815071e+00
9.895833333333332593e-01,6.354166666666666297e-01,-3.240451270361525363e-03,-8.451532492195917845e-02,-2.976315906581118373e-02,3.008290223850054734e-02,6.750632741935591596e+00
1.041666666666666609e-02,6.562500000000000000e-01,3.449428189329034155e-04,6.320895162011877511e-02,-5.556665230333897310e-02,9.725504284286723422e-01,4.784538841877475690e+00
3.125000000000000000e-02,6.562500000000000000e-01,1.334395511948908769e-03,1.629057550642925012e-01,-5.530895662921224420e-02,9.177242416909220379e-01,4.197742352497122909e+00
5.208333333333332871e-02,6.562500000000000000e-01,2.647057555072328781e-03,2.383330506589447229e-01,-5.541670951841673465e-02,8.633580214107182682e-01,3.085858726582852540e+00
7.291666666666665741e-02,6.562500000000000000e-01,3.829265719466707664e-03,2.921397422864375759e-01,-5.587721347382686166e-02,8.100629262254173124e-01,2.098840378620447478e+00
9.375000000000000000e-02,6.562500000000000000e-01,4.605760141239746003e-03,3.272289681785952586e-01,-5.669569011020478277e-02,7.585822095561634004e-01,1.245376619712640354e+00
1.145833333333333287e-01,6.562500000000000000e-01,4.844303117529540244e-03,3.466759358496632193e-01,-5.788290729937188572e-02,7.096979466323476426e-01,5.296181729361142398e-01
1.354166666666666574e-01,6.562500000000000000e-01,4.522559627762524903e-03,3.535746872737833835e-01,-5.944166453181311260e-02,6.641431904268632058e-01,-5.090879789297608760e-02
1.562500000000000000e-01,6.562500000000000000e-01,3.697369118046496018e-03,3.508672672403355675e-01,-6.135743226014352125e-02,6.225238956835449367e-01,-5.053593345420976934e-01
1.770833333333333148e-01,6.562500000000000000e-01,2.476140822748705474e-03,3.411988666079158738e-01,-6.359623538891943928e-02,5.852878382881839814e-01,-8.482153312530302802e-01
1.979166666666666574e-01,6.562500000000000000e-01,9.907455790554558356e-04,3.268197070831209139e-01,-6.610837676634177817e-02,5.526680121785175759e-01,-1.097141882950867897e+00
2.187500000000000000e-01,6.562500000000000000e-01,-6.236866177360705530e-04,3.095457292935059890e-01,-6.883379586431359609e-02,5.247016519444271943e-01,-1.270942795090742372e+00
2.395833333333333148e-01,6.562500000000000000e-01,-2.244602279273367508e-03,2.907597731363372739e-01,-7.171250695238787221e-02,5.012974462715286128e-01,-1.387817931183587872e+00
2.604166666666666297e-01,6.562500000000000000e-01,-3.772985740034937811e-03,2.714514384080922715e-01,-7.468846705744076886e-02,4.822045243747222210e-01,-1.464019106136524861e+00
2.812500000000000000e-01,6.562500000000000000e-01,-5.138824371100437875e-03,2.522751754518951506e-01,-7.771266140060643923e-02,4.670887649278149256e-01,-1.513247833596132352e+00
3.020833333333333148e-01,6.562500000000000000e-01,-6.302886500000320393e-03,2.336146121819402399e-01,-8.074412471074741970e-02,4.555695527161313652e-01,-1.546504369108353982e+00
3.229166666666666297e-01,6.562500000000000000e-01,-7.255885328700148809e-03,2.156448375685339758e-01,-8.374937521101204208e-02,4.472476633136364121e-01,-1.572235064819906381e+00
3.437500000000000000e-01,6.562500000000000000e-01,-8.015918470006294649e-03,1.983876432402632561e-01,-8.670078450927531932e-02,4.417270583446197274e-01,-1.596650824435708049e+00
3.645833333333333148e-01,6.562500000000000000e-01,-8.624930239277499994e-03,1.817573756036872101e-01,-8.957440282269135690e-02,4.386299005955043295e-01,-1.624118130417484096e+00
3.854166666666666297e-01,6.562500000000000000e-01,-9.144773948695190252e-03,1.655969328266966856e-01,-9.234765124658193824e-02,4.376055165685898141e-01,-1.657555057060892789e+00
4.062500000000000000e-01,6.562500000000000000e-01,-9.653279016627675652e-03,1.497045946551830431e-01,-9.499715805015930548e-02,4.383344740092831593e-01,-1.698792123804871324e+00
4.270833333333333148e-01,6.562500000000000000e-01,-1.024057184408806026e-02,1.338529579950061277e-01,-9.749689440537970264e-02,4.405289749756752249e-01,-1.748878501337366442e+00
4.479166666666666297e-01,6.562500000000000000e-01,-1.100576216232844115e-02,1.178014430015983244e-01,-9.981666645510278713e-02,4.439306071416629362e-01,-1.808327079273568394e+00
4.687500000000000000e-01,6.562500000000000000e-01,-1.205397762444566923e-02,1.013038093495434305e-01,-1.019209604529277974e-01,4.483062610617745136e-01,-1.877294698663069195e+00
4.895833333333333148e-01,6.562500000000000000e-01,-1.349369631823904570e-02,8.411214082243756440e-02,-1.037682469190764345e-01,4.534427745114181230e-01,-1.955708026845190517e+00
5.104166666666666297e-01,6.562500000000000000e-01,-1.543421526187555709e-02,6.597820513024427180e-02,-1.053105324269302812e-01,4.591406442049899006e-01,-2.043340013853092163e+00
5.312500000000000000e-01,6.562500000000000000e-01,-1.798296469714550511e-02,4.665329768501708108e-02,-1.064932293291728366e-01,4.652069751471213932e-01,-2.139831876659568533e+00
5.520833333333332593e-01,6.562500000000000000e-01,-2.124230310451534487e-02,2.588748699455241387e-02,-1.072553052674451307e-01,4.714477646894568719e-01,-2.244658281244622522e+00
5.729166666666666297e-01,6.562500000000000000e-01,-2.530521445046816920e-02,3.429356341791041374e-03,-1.075297366155697903e-01,4.776597624781335760e-01,-2.357018865826835174e+00
5.937500000000000000e-01,6.562500000000000000e-01,-3.024894376974882754e-02,-2.097210660259885354e-02,-1.072324686529039367e-01,4.836228816506825678e-01,-2.475635266889075758e+00
6.145833333333332593e-01,6.562500000000000000e-01,-3.612772725674057855e-02,-4.756191019518062058e-02,-1.062628294041619431e-01,4.891348744960996031e-01,-2.598779279061574243e+00
6.354166666666666297e-01,6.562500000000000000e-01,-4.296570121867081260e-02,-7.657739527756821096e-02,-1.045388054895676766e-01,4.939080804400575175e-01,-2.724123827767934714e+00
6.562500000000000000e-01,6.562500000000000000e-01,-5.074569713232872370e-02,-1.082368380981157951e-01,-1.019802619444571817e-01,4.976104454885715289e-01,-2.848078540593077967e+00
6.770833333333332593e-01,6.562500000000000000e-01,-5.939362260690854434e-02,-1.427128906009263454e-01,-9.851566569671266205e-02,4.998518669227742794e-01,-2.965251442069694043e+00
6.979166666666666297e-01,6.562500000000000000e-01,-6.875772641116535688e-02,-1.801003382376425987e-01,-9.408789440487599909e-02,5.001736045852345214e-01,-3.067828793644466145e+00
7.187500000000000000e-01,6.562500000000000000e-01,-7.858028378607480324e-02,-2.203622098581753397e-01,-8.866340897885668926e-02,4.980458807283982270e-01,-3.144532538191097348e+00
7.395833333333332593e-01,6.562500000000000000e-01,-8.846699930702364711e-02,-2.632441240322637155e-01,-8.224636181642402954e-02,4.928683945538255284e-01,-3.179496372171373153e+00
7.604166666666666297e-01,6.562500000000000000e-01,-9.785814811531376445e-02,-3.081599599635229669e-01,-7.489496695022916650e-02,4.839824270192951139e-01,-3.151166954042759372e+00
7.812500000000000000e-01,6.562500000000000000e-01,-1.060084815018142168e-01,-3.540381104004338697e-01,-6.674069654026616727e-02,4.706969784111371680e-01,-3.031361376863426216e+00
8.020833333333332593e-01,6.562500000000000000e-01,-1.119921800900114950e-01,-3.991323687876133786e-01,-5.800832342661375873e-02,4.523323485803037447e-01,-2.785137832955737913e+00
8.229166666666666297e-01,6.562500000000000000e-01,-1.147532880504313624e-01,-4.408207273785040847e-01,-4.903150436913776555e-02,4.282787415864230951e-01,-2.372313517858483767e+00
8.437500000000000000e-01,6.562500000000000000e-01,-1.132241242491861255e-01,-4.754381229536239761e-01,-4.025646244090462511e-02,3.980677492451730193e-01,-1.751650734170673296e+00
8.645833333333332593e-01,6.562500000000000000e-01,-1.065294859842922381e-01,-4.982237071431758757e-01,-3.222394082448072627e-02,3.614468167034345369e-01,-8.887100110105042861e-01
8.854166666666666297e-01,6.562500000000000000e-01,-9.427542977628373955e-02,-5.034932248315510117e-01,-2.552058402391640599e-02,3.184457052779597896e-01,2.324474281251855956e-01
9.062500000000000000e-01,6.562500000000000000e-01,-7.688452029821138400e-02,-4.851484416184006498e-01,-2.069784801923814019e-02,2.694245168545355562e-01,1.595673336504357831e+00
9.270833333333332593e-01,6.562500000000000000e-01,-5.588742211009751354e-02,-4.375655632563106301e-01,-1.817125823330782361e-02,2.150937449017672198e-01,3.143217132500254252e+00
9.479166666666666297e-01,6.562500000000000000e-01,-3.403512634782501767e-02,-3.567099002155965648e-01,-1.813306992341166476e-02,1.564946121239409182e-01,4.781031405439360782e+00
9.687500000000000000e-01,6.562500000000000000e-01,-1.511020011613533470e-02,-2.410032440288817912e-01,-2.052748306932182173e-02,9.492030958033123578e-02,6.410145596414662528e+00
9.895833333333332593e-01,6.562500000000000000e-01,-3.452781877126453319e-03,-9.120855806944716537e-02,-2.513315427226178386e-02,3.175619568264725218e-02,7.200727548541596690e+00
1.041666666666666609e-02,6.770833333333332593e-01,3.521410567771706811e-04,6.251186774440870009e-02,-5.836113457715504105e-02,9.732085917640267425e-01,4.755350371565929102e+00
3.125000000000000000e-02,6.770833333333332593e-01,1.392254255648701098e-03,1.615732730481150292e-01,-5.807078306668848888e-02,9.197002851865230255e-01,4.185382593741304724e+00
5.208333333333332871e-02,6.770833333333332593e-01,2.861610201641899467e-03,2.368835146860055474e-01,-5.810383034806997082e-02,8.666503607818523136e-01,3.100620233189283592e+00
7.291666666666665741e-02,6.770833333333332593e-01,4.369800541001883122e-03,2.908988797556223971e-01,-5.843291083683586906e-02,8.146579938553785150e-01,2.133032405966623468e+00
9.375000000000000000e-02,6.770833333333332593e-01,5.688299572633342613e-03,3.263748372560059674e-01,-5.906548000128980513e-02,7.644450030330681711e-01,1.291684496082722955e+00
1.145833333333333287e-01,6.770833333333332593e-01,6.703541481937122515e-03,3.462762818866589321e-01,-6.002974095991536752e-02,7.167638334002096601e-01,5.813316293629089415e-01
1.354166666666666574e-01,6.770833333333332593e-01,7.382905282906168480e-03,3.536167209255856037e-01,-6.135422402169077305e-02,6.723135830835852422e-01,3.888671075328031801e-04
1.562500000000000000e-01,6.770833333333332593e-01,7.750045820137947683e-03,3.512832835610175675e-01,-6.305059973175708432e-02,6.316716566867460747e-01,-4.591369574097211581e-01
1.770833333333333148e-01,6.770833333333332593e-01,7.865584317544513371e-03,3.418885400851251477e-01,-6.510535539277462203e-02,5.952532776492917010e-01,-8.103873791218108025e-01
1.979166666666666574e-01,6.770833333333332593e-01,7.810612218322925474e-03,3.276704009488265457e-01,-6.748064692842109524e-02,5.632828487248496829e-01,-1.069710838198422387e+00
2.187500000000000000e-01,6.770833333333332593e-01,7.672849765388968166e-03,3.104472300775258375e-01,-7.012092632841356032e-02,5.358052342779601185e-01,-1.254694626856545758e+00
2.395833333333333148e-01,6.770833333333332593e-01,7.535166953623434818e-03,2.916168708256202668e-01,-7.296259911026367617e-02,5.127209965393677571e-01,-1.382506139313127491e+00
2.604166666666666297e-01,6.770833333333332593e-01,7.466513772902227605e-03,2.721913773602920861e-01,-7.594195565992338526e-02,4.938014581774098910e-01,-1.468680273712432482e+00
2.812500000000000000e-01,6.770833333333332593e-01,7.516166581969443462e-03,2.528514223216935530e-01,-7.900055311592321661e-02,4.787343606188485534e-01,-1.526473643987762419e+00
3.020833333333333148e-01,6.770833333333332593e-01,7.710735395564430848e-03,2.340078586274466632e-01,-8.208794567442843915e-02,4.671602791063909632e-01,-1.566663361324322601e+00
3.229166666666666297e-01,6.770833333333332593e-01,8.053333693721973288e-03,2.158619916535698402e-01,-8.516213854452754639e-02,4.587007878628391877e-01,-1.597642906817648090e+00
3.437500000000000000e-01,6.770833333333332593e-01,8.524366325474815737e-03,1.984594896647807194e-01,-8.818843113863973626e-02,4.529796008846818101e-01,-1.625691919305410238e+00
3.645833333333333148e-01,6.770833333333332593e-01,9.083421918957643865e-03,1.817354853549581484e-01,-9.113734351603625106e-02,4.496371116391902345e-01,-1.655325381774704230e+00
3.854166666666666297e-01,6.770833333333332593e-01,9.671812672098874936e-03,1.655502760317022204e-01,-9.398219089078661825e-02,4.483391800051295117e-01,-1.689656715755075922e+00
4.062500000000000000e-01,6.770833333333332593e-01,1.021539201700881125e-02,1.497161771732000712e-01,-9.669669702688632462e-02,4.487812779387738704e-01,-1.730734941570778229e+00
4.270833333333333148e-01,6.770833333333332593e-01,1.062738270777759120e-02,1.340166776136806903e-01,-9.925287954968144144e-02,4.506891201400700098e-01,-1.779835700962550282e+00
4.479166666666666297e-01,6.770833333333332593e-01,1.081104463418382407e-02,1.182192517747578941e-01,-1.016193268152338069e-01,4.538167622311901628e-01,-1.837698538216485211e+00
4.687500000000000000e-01,6.770833333333332593e-01,1.066208461004873945e-02,1.020831760626361717e-01,-1.037599057052135121e-01,4.579429323533585339e-01,-1.904705634618824917e+00
4.895833333333333148e-01,6.770833333333332593e-01,1.007084737756900814e-02,8.536373003561792405e-02,-1.056327576688842196e-01,4.628661304492470152e-01,-1.981012329190830812e+00
5.104166666666666297e-01,6.770833333333332593e-01,8.924382023915645307e-03,6.781360021435377250e-02,-1.071897223191830700e-01,4.683988205186710441e-01,-2.066634690907511285e+00
5.312500000000000000e-01,6.770833333333332593e-01,7.108529458537517567e-03,4.918250460155564746e-02,-1.083760372954801626e-01,4.743608771357641363e-01,-2.161490221144425572e+00
5.520833333333332593e-01,6.770833333333332593e-01,4.510328701537814899e-03,2.921581924238339512e-02,-1.091302866149337497e-01,4.805723857320879921e-01,-2.265392830944772395e+00
5.729166666666666297e-01,6.770833333333332593e-01,1.021211767411930827e-03,7.653052374038772643e-03,-1.093845084773656523e-01,4.868461098163032186e-01,-2.377992319089917039e+00
5.937500000000000000e-01,6.770833333333332593e-01,-3.458108000171026923e-03,-1.577275354798296503e-02,-1.090591696175352981e-01,4.929724245862226462e-01,-2.498577797826030622e+00
6.145833333333332593e-01,6.770833333333332593e-01,-9.010116004829199846e-03,-4.133047175814658081e-02,-1.080446549223293556e-01,4.987543185454921257e-01,-2.625910135270830281e+00
6.354166666666666297e-01,6.770833333333332593e-01,-1.569378597321356705e-02,-6.928718978428764774e-02,-1.062541024046628479e-01,5.039211434080450580e-01,-2.758238160035100250e+00
6.562500000000000000e-01,6.770833333333332593e-01,-2.353491410511033416e-02,-9.990591954584168710e-02,-1.035996300981513879e-01,5.081519285981047629e-01,-2.892634597819888853e+00
6.770833333333332593e-01,6.770833333333332593e-01,-3.251193390558156787e-02,-1.334188638781494407e-01,-1.000040483670270597e-01,5.110612617442162886e-01,-3.024515766967302177e+00
6.979166666666666297e-01,6.770833333333332593e-01,-4.253503585210383076e-02,-1.700071592096404349e-01,-9.540144914843674828e-02,5.121816289345598738e-01,-3.147253610493255582e+00
7.187500000000000000e-01,6.770833333333332593e-01,-5.341310452417225019e-02,-2.097547628391996377e-01,-8.974436676740503438e-02,5.109656075897903715e-01,-3.250669539109174444e+00
7.395833333333332593e-01,6.770833333333332593e-01,-6.481719424383489137e-02,-2.525607658106279185e-01,-8.302143365784946105e-02,5.067761806874023778e-01,-3.319669704053263004e+00
7.604166666666666297e-01,6.770833333333332593e-01,-7.624082660239467346e-02,-2.980285370183088922e-01,-7.527273709340785712e-02,4.988953604794071905e-01,-3.332869192319840135e+00
7.812500000000000000e-01,6.770833333333332593e-01,-8.696089745201408816e-02,-3.452991291095280357e-01,-6.661033054533878339e-02,4.865471160045421462e-01,-3.260872505561147605e+00
8.020833333333332593e-01,6.770833333333332593e-01,-9.601933984570995562e-02,-3.928292090966259975e-01,-5.724267375772866540e-02,4.689446981172527562e-01,-3.065271399886463577e+00
8.229166666666666297e-01,6.770833333333332593e-01,-1.022489964306211307e-01,-4.381331225241604233e-01,-4.749608274154197562e-02,4.453549240133576337e-01,-2.699286245979966470e+00
8.437500000000000000e-01,6.770833333333332593e-01,-1.043738856753816252e-01,-4.775300023644523661e-01,-3.782648502170506133e-02,4.151844225158191071e-01,-2.111344913762569053e+00
8.645833333333332593e-01,6.770833333333332593e-01,-1.012147073217540688e-01,-5.059856443508690127e-01,-2.880953221176027826e-02,3.780715527753497063e-01,-1.253233292872775628e+00
8.854166666666666297e-01,6.770833333333332593e-01,-9.201267587594416653e-02,-5.171873752776763311e-01,-2.109667709986431591e-02,3.339699304724570994e-01,-9.374244597357195286e-02
9.062500000000000000e-01,6.770833333333332593e-01,-7.684320192362618929e-02,-5.040146746026655800e-01,-1.533084672612662971e-02,2.832098678194218677e-01,1.363510867876152721e+00
9.270833333333332593e-01,6.770833333333332593e-01,-5.702318471406601225e-02,-4.595164456697197197e-01,-1.203126810903164257e-02,2.265264578803116713e-01,3.064331009946120954e+00
9.479166666666666297e-01,6.770833333333332593e-01,-3.534073303006357580e-02,-3.782937652484624214e-01,-1.148189888856864654e-02,1.650432219722213212e-01,4.903766818487030221e+00
9.687500000000000000e-01,6.770833333333332593e-01,-1.591997280756130700e-02,-2.577650654502078864e-01,-1.368179446843023964e-02,1.001907676219561533e-01,6.758741441532161609e+00
9.895833333333332593e-01,6.770833333333332593e-01,-3.681393874058811258e-03,-9.834273382063243862e-02,-1.841832440822619224e-02,3.352947108107372232e-02,7.663766295186233535e+00
1.041666666666666609e-02,6.979166666666666297e-01,3.281546110984974777e-04,6.183157207653302428e-02,-6.075644998515042361e-02,9.738534439059585157e-01,4.725137714558449886e+00
3.125000000000000000e-02,6.979166666666666297e-01,1.315101047658092910e-03,1.602265090805595760e-01,-6.047531818921822455e-02,9.216364727161046044e-01,4.171223966693527352e+00
5.208333333333332871e-02,6.979166666666666297e-01,2.780154546359541769e-03,2.352958692088663595e-01,-6.044924299551915348e-02,8.698793092510366254e-01,3.111421635617914294e+00
7.291666666666665741e-02,6.979166666666666297e-01,4.444238040857816791e-03,2.893142513989033215e-01,-6.063300207435481926e-02,8.191756513773601478e-01,2.161956294541460988e+00
9.375000000000000000e-02,6.979166666666666297e-01,6.162974935496160454e-03,3.249222296864552328e-01,-6.103977880658024990e-02,7.702328896908449130e-01,1.332473920987472749e+00
1.145833333333333287e-01,6.979166666666666297e-01,7.864035563654635241e-03,3.450125869187474215e-01,-6.172337298518257298e-02,7.237794438037794542e-01,6.282126027482417552e-01
1.354166666666666574e-01,6.979166666666666297e-01,9.513358505973960183e-03,3.525517291502087702e-01,-6.274774211484739073e-02,6.804837138000772168e-01,4.818181205747909535e-02
1.562500000000000000e-01,6.979166666666666297e-01,1.109989483632442195e-02,3.503945984688121573e-01,-6.415934076584338397e-02,6.408913822110315905e-01,-4.148111190657668423e-01
1.770833333333333148e-01,6.979166666666666297e-01,1.262939900729979914e-02,3.411321825089485560e-01,-6.597152807925499296e-02,6.053869475714673820e-01,-7.729156268051903256e-01
1.979166666666666574e-01,6.979166666666666297e-01,1.412072049639040948e-02,3.269904091351341080e-01,-6.816231801528541134e-02,5.741765482164457035e-01,-1.041403923728540404e+00
2.187500000000000000e-01,6.979166666666666297e-01,1.560172604474705481e-02,3.097839787957956670e-01,-7.068156144878615099e-02,5.472978759704899554e-01,-1.236802152909851849e+00
2.395833333333333148e-01,6.979166666666666297e-01,1.710396747487319749e-02,2.909155634889898367e-01,-7.346244516378465372e-02,5.246470606899138467e-01,-1.375324735919708052e+00
2.604166666666666297e-01,6.979166666666666297e-01,1.865657716072303268e-02,2.714087281917938466e-01,-7.643261760124443749e-02,5.060056573628081145e-01,-1.471754023283864399e+00
2.812500000000000000e-01,6.979166666666666297e-01,2.028072539554423570e-02,2.519602704463034248e-01,-7.952246290306042020e-02,4.910773027603285712e-01,-1.538811744281165295e+00
3.020833333333333148e-01,6.979166666666666297e-01,2.198532288705606907e-02,2.329998441977300383e-01,-8.266993678360969044e-02,4.795209920616369526e-01,-1.586940400392176986e+00
3.229166666666666297e-01,6.979166666666666297e-01,2.376420015936924618e-02,2.147485305128157829e-01,-8.582233300919293872e-02,4.709778467151047865e-01,-1.624367637592820657e+00
3.437500000000000000e-01,6.979166666666666297e-01,2.559473853577411487e-02,1.972713797973770777e-01,-8.893579531273930472e-02,4.650911374970476131e-01,-1.657339210783649985e+00
3.645833333333333148e-01,6.979166666666666297e-01,2.743774703492334044e-02,1.805215311297297398e-01,-9.197345640008014467e-02,4.615200190167385585e-01,-1.690431825500911422e+00
3.854166666666666297e-01,6.979166666666666297e-01,2.923828102600822820e-02,1.643753055127045171e-01,-9.490294100331975180e-02,4.599478535064971396e-01,-1.726884216515960579e+00
4.062500000000000000e-01,6.979166666666666297e-01,3.092707846413322859e-02,1.486587709091628517e-01,-9.769375612739973624e-02,4.600861925172253786e-01,-1.768908513037593888e+00
4.270833333333333148e-01,6.979166666666666297e-01,3.242232363090935543e-02,1.331668480201730065e-01,-1.003148902468859183e-01,4.616754736274613080e-01,-1.817961984916184104e+00
4.479166666666666297e-01,6.979166666666666297e-01,3.363150871231392058e-02,1.176762343604547678e-01,-1.027327871834709944e-01,4.644833471543645120e-01,-1.874971212853741687e+00
4.687500000000000000e-01,6.979166666666666297e-01,3.445323541219873220e-02,1.019534268011895728e-01,-1.049097488280174434e-01,4.683013428983818782e-01,-1.940507389674433147e+00
4.895833333333333148e-01,6.979166666666666297e-01,3.477890821642982966e-02,8.575904372531317765e-02,-1.068027376585572313e-01,4.729403658679941502e-01,-2.014918190057240821e+00
5.104166666666666297e-01,6.979166666666666297e-01,3.449433809187511801e-02,6.884932200286658643e-02,-1.083625808040144661e-01,4.782252980728567415e-01,-2.098421176570622215e+00
5.312500000000000000e-01,6.979166666666666297e-01,3.348134687856851865e-02,5.097562659172755889e-02,-1.095335125554823957e-01,4.839887801765184738e-01,-2.191160869068157879e+00
5.520833333333332593e-01,6.979166666666666297e-01,3.161961262399995420e-02,3.188263226377974213e-02,-1.102530154669176116e-01,4.900640215519878606e-01,-2.293231965795496929e+00
5.729166666666666297e-01,6.979166666666666297e-01,2.878922605457867601e-02,1.130574285618958681e-02,-1.104519300781746233e-01,4.962760787705375876e-01,-2.404669068325647530e+00
5.937500000000000000e-01,6.979166666666666297e-01,2.487494034081709146e-02,-1.103183854878924189e-02,-1.100548346598635568e-01,5.024297245350732855e-01,-2.525227499345147564e+00
6.145833333333332593e-01,6.979166666666666297e-01,1.977075880990598541e-02,-3.541519722177102758e-02,-1.089408301972430021e-01,5.083531362695400402e-01,-2.654131189002431057e+00
6.354166666666666297e-01,6.979166666666666297e-01,1.338544099509659732e-02,-6.213347653746944393e-02,-1.070211025039995295e-01,5.137907738517021317e-01,-2.790172547040741247e+00
6.562500000000000000e-01,6.979166666666666297e-01,5.649070349638175143e-03,-9.148213401530469469e-02,-1.042094427057850686e-01,5.184392689178110025e-01,-2.931238078113022283e+00
6.770833333333332593e-01,6.979166666666666297e-01,-3.473371980403036803e-03,-1.237431872781739745e-01,-1.004171725141987936e-01,5.219295899625009394e-01,-3.073959538301047623e+00
6.979166666666666297e-01,6.979166666666666297e-01,-1.395805826832991273e-02,-1.591750475751667615e-01,-9.557291877240771394e-02,5.237844464342489292e-01,-3.213289123492839128e+00
7.187500000000000000e-01,6.979166666666666297e-01,-2.568932625751334242e-02,-1.979775378124214447e-01,-8.961178076122108815e-02,5.234537728165377102e-01,-3.340360014888645424e+00
7.395833333333332593e-01,6.979166666666666297e-01,-3.842120248391360515e-02,-2.402020248913431244e-01,-8.250995698104156284e-02,5.202719973110913054e-01,-3.441294426983707577e+00
7.604166666666666297e-01,6.979166666666666297e-01,-5.172696173422054733e-02,-2.856578863287269066e-01,-7.429073179790138259e-02,5.134685234192364334e-01,-3.495865414574053531e+00
7.812500000000000000e-01,6.979166666666666297e-01,-6.493946584841683856e-02,-3.337372048352942322e-01,-6.504544640821241508e-02,5.021804760484535057e-01,-3.474536306961210741e+00
8.020833333333332593e-01,6.979166666666666297e-01,-7.710653184270790939e-02,-3.831656249828728766e-01,-5.496433035552408808e-02,4.855072854238396407e-01,-3.336421311031970482e+00
8.229166666666666297e-01,6.979166666666666297e-01,-8.698382106909245681e-02,-4.316897608266179187e-01,-4.436247383420163781e-02,4.625736608556264562e-01,-3.028720236988728942e+00
8.437500000000000000e-01,6.979166666666666297e-01,-9.310394133578767106e-02,-4.757283545505391897e-01,-3.370075536842710717e-02,4.326361034755466517e-01,-2.489093085894705126e+00
8.645833333333332593e-01,6.979166666666666297e-01,-9.396880502781722322e-02,-5.100816068263800407e-01,-2.358609268308987580e-02,3.951961784080496032e-01,-1.653527550573970606e+00
8.854166666666666297e-01,6.979166666666666297e-01,-8.839852477918147544e-02,-5.278637244966108977e-01,-1.473491890709889909e-02,3.501063236161832126e-01,-4.715858666141686806e-01
9.062500000000000000e-01,6.979166666666666297e-01,-7.602654351842780267e-02,-5.208797805968028438e-01,-7.888121866470712562e-03,2.976494457037102137e-01,1.071180503015877417e+00
9.270833333333332593e-01,6.979166666666666297e-01,-5.784697150364939700e-02,-4.806509288999211149e-01,-3.682299650876273006e-03,2.385772201809426285e-01,2.929559215283185747e+00
9.479166666666666297e-01,6.979166666666666297e-01,-3.660736356527275609e-02,-4.000813416406400758e-01,-2.511887575078659146e-03,1.740972940388613444e-01,4.989920904305935601e+00
9.687500000000000000e-01,6.979166666666666297e-01,-1.677339541881210996e-02,-2.752322174269931643e-01,-4.449358585774072089e-03,1.057902319607978425e-01,7.101499772747919437e+00
9.895833333333332593e-01,6.979166666666666297e-01,-3.931714250735273038e-03,-1.059558419454265099e-01,-9.302595669608341306e-03,3.541573325712617931e-02,8.138006649617636867e+00
1.041666666666666609e-02,7.187500000000000000e-01,2.612769582282053441e-04,6.124214050720631908e-02,-6.278206360088979532e-02,9.744814442363811668e-01,4.698714223889957076e+00
3.125000000000000000e-02,7.187500000000000000e-01,1.055552775751765308e-03,1.590347183958031319e-01,-6.256516637909392831e-02,9.235229228336915286e-01,4.159210477200581124e+00
5.208333333333332871e-02,7.187500000000000000e-01,2.306784369239211780e-03,2.337713748014339232e-01,-6.249696029488943649e-02,8.730312884228699222e-01,3.120129516939083025e+00
7.291666666666665741e-02,7.187500000000000000e-01,3.914648746029878237e-03,2.875667979350468029e-01,-6.251232980591329980e-02,8.236024610299846893e-01,2.185785643289883673e+00
9.375000000000000000e-02,7.187500000000000000e-01,5.866888384666073958e-03,3.229987066170372234e-01,-6.263732656638305862e-02,7.759367183197234397e-01,1.366681216071434113e+00
1.145833333333333287e-01,7.187500000000000000e-01,8.157515831180586763e-03,3.429444219134924476e-01,-6.296360209862703061e-02,7.307436973614085396e-01,6.683626156866977475e-01
1.354166666666666574e-01,7.187500000000000000e-01,1.075734133057594175e-02,3.503707457137490433e-01,-6.360386996871819631e-02,6.886633599267523165e-01,9.004738514986719566e-02
1.562500000000000000e-01,7.187500000000000000e-01,1.361429580661801739e-02,3.481320910988793260e-01,-6.465042550150762457e-02,6.502077767923666318e-01,-3.751107733301181080e-01
1.770833333333333148e-01,7.187500000000000000e-01,1.666621276741606095e-02,3.388132687471079318e-01,-6.615092619305742994e-02,6.157274394389719019e-01,-7.386867089019109045e-01
1.979166666666666574e-01,7.187500000000000000e-01,1.985423866052588374e-02,3.246299755147742383e-01,-6.810305005440575599e-02,5.854016356432614199e-01,-1.015187670609445370e+00
2.187500000000000000e-01,7.187500000000000000e-01,2.313142715715518771e-02,3.073862183711695284e-01,-7.046282358613509267e-02,5.592506291820260600e-01,-1.220274658496979914e+00
2.395833333333333148e-01,7.187500000000000000e-01,2.646511367960945396e-02,2.884773959610356098e-01,-7.315931430185221296e-02,5.371614569202902700e-01,-1.369301669612621897e+00
2.604166666666666297e-01,7.187500000000000000e-01,2.983430503371016507e-02,2.689250946797975828e-01,-7.610958134354986471e-02,5.189179763321539740e-01,-1.476293244345886713e+00
2.812500000000000000e-01,7.187500000000000000e-01,3.322443859962085494e-02,2.494296221575678096e-01,-7.923036362690456802e-02,5.042340101131731478e-01,-1.553369002045215774e+00
3.020833333333333148e-01,7.187500000000000000e-01,3.662151214508416186e-02,2.304288214494905063e-01,-8.244541247272872686e-02,4.927836377295960468e-01,-1.610538674282500970e+00
3.229166666666666297e-01,7.187500000000000000e-01,4.000685419306987400e-02,2.121553339407564187e-01,-8.568881988609905465e-02,4.842258411643426963e-01,-1.655756217331432634e+00
3.437500000000000000e-01,7.187500000000000000e-01,4.335316739170752554e-02,1.946877247943938904e-01,-8.890533594953252405e-02,4.782229100890360018e-01,-1.695129323444980685e+00
3.645833333333333148e-01,7.187500000000000000e-01,4.662200703015638437e-02,1.779933379951148253e-01,-9.204877884333674543e-02,4.744530014173471422e-01,-1.733203363933166319e+00
3.854166666666666297e-01,7.187500000000000000e-01,4.976256147303034783e-02,1.619624102133605803e-01,-9.507947322409303348e-02,4.726177069541677156e-01,-1.773263584313241159e+00
4.062500000000000000e-01,7.187500000000000000e-01,5.271145590104371614e-02,1.464339743423684059e-01,-9.796139194839786901e-02,4.724456421809937745e-01,-1.817620915950487914e+00
4.270833333333333148e-01,7.187500000000000000e-01,5.539326219724384492e-02,1.312145931239911967e-01,-1.006594262047307009e-01,4.736930376756215422e-01,-1.867863129536693645e+00
4.479166666666666297e-01,7.187500000000000000e-01,5.772142395077295429e-02,1.160911424217029309e-01,-1.031370126211122729e-01,4.761421720154072612e-01,-1.925064145779921354e+00
4.687500000000000000e-01,7.187500000000000000e-01,5.959936854467520057e-02,1.008388474461543727e-01,-1.053542093071502539e-01,4.795982906012330460e-01,-1.989951149783231399e+00
4.895833333333333148e-01,7.187500000000000000e-01,6.092166716496439510e-02,8.522565165582809965e-02,-1.072662295202129606e-01,4.838854464173319436e-01,-2.063033536060149942e+00
5.104166666666666297e-01,7.187500000000000000e-01,6.157518058077261769e-02,6.901377078109816043e-02,-1.088224144099306095e-01,4.888414938758057771e-01,-2.144698537041302089e+00
5.312500000000000000e-01,7.187500000000000000e-01,6.144020926395725446e-02,5.195914034361795442e-02,-1.099656037480839649e-01,4.943122632144561490e-01,-2.235277411845204121e+00
5.520833333333332593e-01,7.187500000000000000e-01,6.039177687414554879e-02,3.380928515626961672e-02,-1.106318784492193869e-01,5.001447246775513333e-01,-2.335084957487025825e+00
5.729166666666666297e-01,7.187500000000000000e-01,5.830128546841158166e-02,1.429996793885496970e-02,-1.107506920635992903e-01,5.061787023029029609e-01,-2.444432024530786673e+00
5.937500000000000000e-01,7.187500000000000000e-01,5.503876439458284253e-02,-6.849256843864301100e-03,-1.102455254743238827e-01,5.122365509040849307e-01,-2.563388010935145900e+00
6.145833333333332593e-01,7.187500000000000000e-01,5.047704554825856171e-02,-2.993187854946057977e-02,-1.089916504253894552e-01,5.181636127609307030e-01,-2.691554092168452428e+00
6.354166666666666297e-01,7.187500000000000000e-01,4.449646669328365112e-02,-5.525089853999558265e-02,-1.068883892830701926e-01,5.237243328335147163e-01,-2.828177539182962441e+00
6.562500000000000000e-01,7.187500000000000000e-01,3.699029507556104990e-02,-8.312216974959753257e-02,-1.038430390331570308e-01,5.286362811270204354e-01,-2.972004040966758964e+00
6.770833333333332593e-01,7.187500000000000000e-01,2.787679996376669564e-02,-1.138672141020455608e-01,-9.976532447295108352e-02,5.325508197736341653e-01,-3.120944669822979023e+00
6.979166666666666297e-01,7.187500000000000000e-01,1.711766042585032357e-02,-1.478071949254519124e-01,-9.457663760028582611e-02,5.350278294375906407e-01,-3.271436209248310689e+00
7.187500000000000000e-01,7.187500000000000000e-01,4.741585446678262504e-03,-1.852380474937808108e-01,-8.821836982236969105e-02,5.355194247368310068e-01,-3.416613059097218574e+00
7.395833333333332593e-01,7.187500000000000000e-01,-9.110274969152539273e-03,-2.263577785677527154e-01,-8.064660211158924952e-02,5.333298781240175535e-01,-3.545180219816118861e+00
7.604166666666666297e-01,7.187500000000000000e-01,-2.411494760576021745e-02,-2.711917007654027212e-01,-7.186429260351379078e-02,5.276508977730007821e-01,-3.638952497717211187e+00
7.812500000000000000e-01,7.187500000000000000e-01,-3.969628998277627274e-02,-3.194095439074061127e-01,-6.193799384671055952e-02,5.175301682626765043e-01,-3.669099716389508270e+00
8.020833333333332593e-01,7.187500000000000000e-01,-5.495434121070154332e-02,-3.700681686885446409e-01,-5.103960950355461434e-02,5.019550365635709888e-01,-3.593638227728240153e+00
8.229166666666666297e-01,7.187500000000000000e-01,-6.861504945709040459e-02,-4.212492196481726348e-01,-3.946905010006240833e-02,4.798863616204327442e-01,-3.354962477702549961e+00
8.437500000000000000e-01,7.187500000000000000e-01,-7.905351976286435767e-02,-4.696103051565152509e-01,-2.768727732142436601e-02,4.504020293315023071e-01,-2.880145534752918568e+00
8.645833333333332593e-01,7.187500000000000000e-01,-8.445309599391033484e-02,-5.099352162973285196e-01,-1.632878437283126136e-02,4.128327355135871235e-01,-2.087703225391428052e+00
8.854166666666666297e-01,7.187500000000000000e-01,-8.316143853744327463e-02,-5.348720527307652128e-01,-6.175575840795029942e-03,3.668969430105617491e-01,-9.037355338408891159e-01
9.062500000000000000e-01,7.187500000000000000e-01,-7.426292728593129888e-02,-5.351419448749139551e-01,1.925623306692436643e-03,3.128061685937671421e-01,7.110461836259378554e-01
9.270833333333332593e-01,7.187500000000000000e-01,-5.828971306136931929e-02,-5.005415508611502640e-01,7.204565104510850942e-03,2.513170864761368195e-01,2.728026601323894962e+00
9.479166666666666297e-01,7.187500000000000000e-01,-3.783539256988292798e-02,-4.218846481092739520e-01,9.133696109079440101e-03,1.837221126269083793e-01,5.029299768712033547e+00
9.687500000000000000e-01,7.187500000000000000e-01,-1.769029697684438435e-02,-2.934079746978585090e-01,7.543609035029557111e-03,1.117646613380076648e-01,7.433118063162271305e+00
9.895833333333332593e-01,7.187500000000000000e-01,-4.212253311660319952e-03,-1.140998095078221142e-01,2.589247417288824404e-03,3.743134060400724744e-02,8.621304085256284111e+00
1.041666666666666609e-02,7.395833333333332593e-01,1.335510595439114232e-04,6.084731248943420212e-02,-6.449192871321193787e-02,9.750879845608677599e-01,4.682372584510829938e+00
3.125000000000000000e-02,7.395833333333332593e-01,5.438987918614932764e-04,1.582249228637341021e-01,-6.441116084229563110e-02,9.253483471177288422e-01,4.154329021192450178e+00
5.208333333333332871e-02,7.395833333333332593e-01,1.306837546474748845e-03,2.325669999854022563e-01,-6.431583516175012893e-02,8.760950729857031050e-01,3.128690218397553124e+00
7.291666666666665741e-02,7.395833333333332593e-01,2.597168052715965667e-03,2.858729778680466627e-01,-6.412323597540167675e-02,8.279338160740326025e-01,2.204135056655662783e+00
9.375000000000000000e-02,7.395833333333332593e-01,4.595548244298714585e-03,3.207419068538184814e-01,-6.388636460181375265e-02,7.815631611226449005e-01,1.392273261586723709e+00
1.145833333333333287e-01,7.395833333333332593e-01,7.387632340087382614e-03,3.401185101344079698e-01,-6.375269879007453011e-02,7.376774498875621200e-01,6.986370875817355941e-01
1.354166666666666574e-01,7.395833333333332593e-01,1.094905331011637208e-02,3.470354110234091238e-01,-6.390184455480989179e-02,6.968897967825284923e-01,1.221312447370607457e-01
1.562500000000000000e-01,7.395833333333332593e-01,1.517203342510489716e-02,3.443874911981886777e-01,-6.448554965680278195e-02,6.596768737121396775e-01,-3.443349433500729750e-01
1.770833333333333148e-01,7.395833333333332593e-01,1.990589629410766462e-02,3.347720888179978038e-01,-6.559388116410792835e-02,6.263494904569443245e-01,-7.122790000954538625e-01
1.979166666666666574e-01,7.395833333333332593e-01,2.499315639584556020e-02,3.203958694490366410e-01,-6.724731669534354805e-02,5.970510294515672944e-01,-9.958280231332372612e-01
2.187500000000000000e-01,7.395833333333332593e-01,3.029392392838258299e-02,3.030423684077407920e-01,-6.940765805206870753e-02,5.717747155884588262e-01,-1.210017067473164953e+00
2.395833333333333148e-01,7.395833333333332593e-01,3.569708001736049408e-02,2.840844033130321411e-01,-7.199750500852439283e-02,5.503912709600662367e-01,-1.369452702670337807e+00
2.604166666666666297e-01,7.395833333333332593e-01,4.112102187166717659e-02,2.645249541193936405e-01,-7.492014832826006387e-02,5.326799476020538382e-01,-1.487413675760125287e+00
2.812500000000000000e-01,7.395833333333332593e-01,4.650816058378781648e-02,2.450524904399404291e-01,-7.807533556071651060e-02,5.183595549545602088e-01,-1.575362278316162268e+00
3.020833333333333148e-01,7.395833333333332593e-01,5.181681276534888525e-02,2.261002274400935041e-01,-8.136946646205885092e-02,5.071159791843983244e-01,-1.642783946763775926e+00
3.229166666666666297e-01,7.395833333333332593e-01,5.701294589308231880e-02,2.079024527744343098e-01,-8.472065369383757760e-02,4.986243246324148504e-01,-1.697253463705660215e+00
3.437500000000000000e-01,7.395833333333332593e-01,6.206313106700671323e-02,1.905441075881539881e-01,-8.805989834800408145e-02,4.925652790102448275e-01,-1.744635455205990171e+00
3.645833333333333148e-01,7.395833333333332593e-01,6.692923928443862691e-02,1.740020073454739413e-01,-9.132975927602358934e-02,4.886361444874614546e-01,-1.789347841196616828e+00
3.854166666666666297e-01,7.395833333333332593e-01,7.156490005298019041e-02,1.581775256515859374e-01,-9.448168313255386752e-02,4.865573691195265726e-01,-1.834639218546515460e+00
4.062500000000000000e-01,7.395833333333332593e-01,7.591346620603417472e-02,1.429213983230756824e-01,-9.747284036810453800e-02,4.860755270395001881e-01,-1.882850245661297217e+00
4.270833333333333148e-01,7.395833333333332593e-01,7.990712210760611556e-02,1.280517069455118506e-01,-1.002630062520039333e-01,4.869636433974317002e-01,-1.935643469329408450e+00
4.479166666666666297e-01,7.395833333333332593e-01,8.346676910864048171e-02,1.133662198456187736e-01,-1.028117857611688390e-01,4.890196174257954720e-01,-1.994195810407539904e+00
4.687500000000000000e-01,7.395833333333332593e-01,8.650237588729187133e-02,9.865021864968487320e-02,-1.050763152253920557e-01,4.920633151285635498e-01,-2.059353985970831413e+00
4.895833333333333148e-01,7.395833333333332593e-01,8.891356222054654090e-02,8.368079549875373502e-02,-1.070094727652149552e-01,4.959327120652324283e-01,-2.131756537957126163e+00
5.104166666666666297e-01,7.395833333333332593e-01,9.059026582305254593e-02,6.822840991985829051e-02,-1.085585803837908619e-01,5.004792795792448734e-01,-2.211927167289259977e+00
5.312500000000000000e-01,7.395833333333332593e-01,9.141342008062347535e-02,5.205631826410223040e-02,-1.096645605099570014e-01,5.055626236801107343e-01,-2.300343538443025970e+00
5.520833333333332593e-01,7.395833333333332593e-01,9.125564678119638118e-02,3.491831292502413364e-02,-1.102615171268740563e-01,5.110441949419207708e-01,-2.397484015342424613e+00
5.729166666666666297e-01,7.395833333333332593e-01,8.998201840989419886e-02,1.655505994713660570e-02,-1.102767387140331373e-01,5.167796745955511861e-01,-2.503850664040113472e+00
5.937500000000000000e-01,7.395833333333332593e-01,8.745092764146594755e-02,-3.310737009888959238e-03,-1.096311607455830034e-01,5.226093854441810072e-01,-2.619841143450329479e+00
6.145833333333332593e-01,7.395833333333332593e-01,8.351720428746020608e-02,-2.497495618310589111e-02,-1.081981704446583065e-01,5.283926950186880189e-01,-2.745417886486411163e+00
6.354166666666666297e-01,7.395833333333332593e-01,7.803588059424973467e-02,-4.874591835816488583e-02,-1.058621906469348478e-01,5.339178444154897285e-01,-2.880207779911780896e+00
6.562500000000000000e-01,7.395833333333332593e-01,7.086625649453646980e-02,-7.495135421399234943e-02,-1.025247368755805299e-01,5.389273765906252844e-01,-3.023607750327570898e+00
6.770833333333332593e-01,7.395833333333332593e-01,6.188096408636670209e-02,-1.039392421176865977e-01,-9.808970457048438174e-02,5.431003781135657071e-01,-3.174434573791312886e+00
6.979166666666666297e-01,7.395833333333332593e-01,5.098095039194777689e-02,-1.360760136774755713e-01,-9.246973193402650837e-02,5.460294914574368441e-01,-3.330384299994730402e+00
7.187500000000000000e-01,7.395833333333332593e-01,3.811896756256995950e-02,-1.717311709332072500e-01,-8.559365037945462773e-02,5.471950066101577415e-01,-3.486988805114116463e+00
7.395833333333332593e-01,7.395833333333332593e-01,2.334098673680276570e-02,-2.112348138867282676e-01,-7.741507449766764359e-02,5.459310771790897299e-01,-3.636209207234930574e+00
7.604166666666666297e-01,7.395833333333332593e-01,6.844293664343168576e-03,-2.548132997373598885e-01,-6.793466338450840358e-02,5.413955905374597810e-01,-3.763193716614356532e+00
7.812500000000000000e-01,7.395833333333332593e-01,-1.093677892199591828e-02,-3.024255299720938206e-01,-5.720360163986323854e-02,5.325209215490841475e-01,-3.842337472770932294e+00
8.020833333333332593e-01,7.395833333333332593e-01,-2.921128142813108480e-02,-3.535196288897965444e-01,-4.535614491922598801e-02,5.182116788428905441e-01,-3.832322893028838884e+00
8.229166666666666297e-01,7.395833333333332593e-01,-4.673585429945681380e-02,-4.066124783292062173e-01,-3.267033523427086139e-02,4.972319297679375638e-01,-3.671937484413676067e+00
8.437500000000000000e-01,7.395833333333332593e-01,-6.178387403690528690e-02,-4.587605564322592699e-01,-1.960163826951618823e-02,4.684524143524776973e-01,-3.278713410546195473e+00
8.645833333333332593e-01,7.395833333333332593e-01,-7.224291821075767839e-02,-5.049263446166860625e-01,-6.808054413456870319e-03,4.309917227158039932e-01,-2.552710304200726199e+00
8.854166666666666297e-01,7.395833333333332593e-01,-7.594960611339653112e-02,-5.374658939652358081e-01,4.861544391441895152e-03,3.843908778056143727e-01,-1.392336719927405264e+00
9.062500000000000000e-01,7.395833333333332593e-01,-7.132296596656026444e-02,-5.460732550387916717e-01,1.444392809598860419e-02,3.287567739567228697e-01,2.745791195100456550e-01
9.270833333333332593e-01,7.395833333333332593e-01,-5.825744979317167699e-02,-5.186489710952231214e-01,2.101388563914313029e-02,2.648342175609841864e-01,2.446425767764929482e+00
9.479166666666666297e-01,7.395833333333332593e-01,-3.902794443164907950e-02,-4.434610537282099862e-01,2.388152459152763363e-02,1.939995990012153282e-01,5.008764549495471563e+00
9.687500000000000000e-01,7.395833333333332593e-01,-1.870180944912154530e-02,-3.123027996544884832e-01,2.274947338218163972e-02,1.181724445452721067e-01,7.746667808671428901e+00
9.895833333333332593e-01,7.395833333333332593e-01,-4.536387423007639565e-03,-1.228484502424900815e-01,1.771140648303033693e-02,3.959726310333961524e-02,9.110922198286806051e+00
1.041666666666666609e-02,7.604166666666666297e-01,-8.235998112322738204e-05,6.079612141101352341e-02,-6.598058682938268138e-02,9.756648404722656487e-01,4.684251084992174796e+00
3.125000000000000000e-02,7.604166666666666297e-01,-3.218022779655957920e-04,1.581052085066795843e-01,-6.612715583338131531e-02,9.270957237913632909e-01,4.162590492908394779e+00
5.208333333333332871e-02,7.604166666666666297e-01,-4.072530596796080423e-04,2.320092263695575363e-01,-6.600887553864699664e-02,8.790632038357066858e-01,3.138560712205595848e+00
7.291666666666665741e-02,7.604166666666666297e-01,2.505949204601603825e-04,2.844825729975103412e-01,-6.553903697597543432e-02,8.321835121897355192e-01,2.215284551998486062e+00
9.375000000000000000e-02,7.604166666666666297e-01,2.101034751580562864e-03,3.182834917016515996e-01,-6.482462968992283581e-02,7.871506449392036142e-01,1.405353080209108985e+00
1.145833333333333287e-01,7.604166666666666297e-01,5.341141351532244924e-03,3.365447345908345600e-01,-6.409270994376899122e-02,7.446419959689604129e-01,7.136310425753529252e-01
1.354166666666666574e-01,7.604166666666666297e-01,9.937520530312451972e-03,3.424513864181734091e-01,-6.361457102181594658e-02,7.052460878354991358e-01,1.380577938024105111e-01
1.562500000000000000e-01,7.604166666666666297e-01,1.569826290745973685e-02,3.389877933112885877e-01,-6.361722647053692781e-02,6.694049161345245746e-01,-3.294991724101428709e-01
1.770833333333333148e-01,7.604166666666666297e-01,2.235288268890793517e-02,3.287833040544468899e-01,-6.424131182514399019e-02,6.373820266237615328e-01,-7.011434866662558107e-01
1.979166666666666574e-01,7.604166666666666297e-01,2.961735254748708995e-02,3.140329242522704734e-01,-6.553156812833489664e-02,6.092742420003125492e-01,-9.910960268760520275e-01
2.187500000000000000e-01,7.604166666666666297e-01,3.723733883253256549e-02,2.964845597869244509e-01,-6.745296808713333037e-02,5.850374968030749301e-01,-1.214048018570900389e+00
2.395833333333333148e-01,7.604166666666666297e-01,4.500822866919304555e-02,2.774681660082101153e-01,-6.991725290150185845e-02,5.645181442467177568e-01,-1.383986983363012069e+00
2.604166666666666297e-01,7.604166666666666297e-01,5.277796198395701133e-02,2.579475162551450040e-01,-7.280921613941640502e-02,5.474845110303929729e-01,-1.513465148741842459e+00
2.812500000000000000e-01,7.604166666666666297e-01,6.043980685016080850e-02,2.385809447258645799e-01,-7.600726908464434939e-02,5.336559423868969532e-01,-1.613237955699752479e+00
3.020833333333333148e-01,7.604166666666666297e-01,6.792080559473537282e-02,2.197821222280336995e-01,-7.939677015935854565e-02,5.227274109512178857e-01,-1.692180251681454806e+00
3.229166666666666297e-01,7.604166666666666297e-01,7.516962866219953354e-02,2.017756017912964994e-01,-8.287685190312732431e-02,5.143887891209593111e-01,-1.757386934010644053e+00
3.437500000000000000e-01,7.604166666666666297e-01,8.214586592966341416e-02,1.846445361299035026e-01,-8.636238328286537091e-02,5.083387917328973105e-01,-1.814378664174089106e+00
3.645833333333333148e-01,7.604166666666666297e-01,8.881158514344736354e-02,1.683697513725085360e-01,-8.978279320877963210e-02,5.042941575126735909e-01,-1.867353099511298575e+00
3.854166666666666297e-01,7.604166666666666297e-01,9.512525322340356637e-02,1.528604527760535903e-01,-9.307918652055459374e-02,5.019948944618067843e-01,-1.919441596077572143e+00
4.062500000000000000e-01,7.604166666666666297e-01,1.010377307641903422e-01,1.379774275047672694e-01,-9.620078041518434486e-02,5.012064631976690388e-01,-1.972947509867412741e+00
4.270833333333333148e-01,7.604166666666666297e-01,1.064898949418456170e-01,1.235498576845930341e-01,-9.910131733163261847e-02,5.017196964623914512e-01,-2.029554205787102994e+00
4.479166666666666297e-01,7.604166666666666297e-01,1.114114277552601395e-01,1.093868892920886876e-01,-1.017358224726618160e-01,5.033491124641727987e-01,-2.090498962145194817e+00
4.687500000000000000e-01,7.604166666666666297e-01,1.157203602799281306e-01,9.528500989989555081e-02,-1.040578764561913422e-01,5.059301135828083718e-01,-2.156713903276100908e+00
4.895833333333333148e-01,7.604166666666666297e-01,1.193230475166847382e-01,8.103213067853176632e-02,-1.060174523384233708e-01,5.093153926778954954e-01,-2.228937721441837105e+00
5.104166666666666297e-01,7.604166666666666297e-01,1.221143353165069501e-01,6.640908333775205619e-02,-1.075593023549971800e-01,5.133707064267207798e-01,-2.307802820331249283e+00
5.312500000000000000e-01,7.604166666666666297e-01,1.239777597042491797e-01,5.118906620089529180e-02,-1.086218538220320579e-01,5.179700195298116983e-01,-2.393902140444690296e+00
5.520833333333332593e-01,7.604166666666666297e-01,1.247856858631142818e-01,3.513541212879306430e-02,-1.091365740981628391e-01,5.229898707586789763e-01,-2.487838503954324931e+00
5.729166666666666297e-01,7.604166666666666297e-01,1.243993465351698746e-01,1.799792844261427494e-02,-1.090277811315105289e-01,5.283026471724130424e-01,-2.590256379731076919e+00
5.937500000000000000e-01,7.604166666666666297e-01,1.226687959081040613e-01,-4.919641098725877071e-04,-1.082129004897949415e-01,5.337682007524023886e-01,-2.701818229825007300e+00
6.145833333333332593e-01,7.604166666666666297e-01,1.194342761369164285e-01,-2.062548595792887754e-02,-1.065645373869615747e-01,5.392507299449835756e-01,-2.822809461179135226e+00
6.354166666666666297e-01,7.604166666666666297e-01,1.145287261587213945e-01,-4.270851491193639049e-02,-1.039494009984444911e-01,5.445717952363694492e-01,-2.953193101557569200e+00
6.562500000000000000e-01,7.604166666666666297e-01,1.077806275796881208e-01,-6.707103498147430620e-02,-1.002626409062916113e-01,5.495006303893931188e-01,-3.092905192355502209e+00
6.770833333333332593e-01,7.604166666666666297e-01,9.902024774158817155e-02,-9.407388910393491011e-02,-9.540043862974111055e-02,5.537475811997709663e-01,-3.241600687433143335e+00
6.979166666666666297e-01,7.604166666666666297e-01,8.809174411011010120e-02,-1.241128493653302772e-01,-8.926562356016390365e-02,5.569409402445770763e-01,-3.398253328230559589e+00
7.187500000000000000e-01,7.604166666666666297e-01,7.487398545051374144e-02,-1.576145937563783739e-01,-8.177524263054340714e-02,5.585978827641243649e-01,-3.560391914566322757e+00
7.395833333333332593e-01,7.604166666666666297e-01,5.931631319481692199e-02,-1.950157379820930958e-01,-7.287110705645613584e-02,5.580882152407444785e-01,-3.722731075161414438e+00
7.604166666666666297e-01,7.604166666666666297e-01,4.149407450113908741e-02,-2.367134438758576320e-01,-6.253611426095533055e-02,5.545934336310767154e-01,-3.874589766965443882e+00
7.812500000000000000e-01,7.604166666666666297e-01,2.169477556357590764e-02,-2.829450143096938208e-01,-5.081274790595391444e-02,5.470626564046013884e-01,-3.995738435921976972e+00
8.020833333333332593e-01,7.604166666666666297e-01,5.388309750543321050e-04,-3.335696974575398377e-01,-3.783719527296890150e-02,5.341896111424843108e-01,-4.049134762528156628e+00
8.229166666666666297e-01,7.604166666666666297e-01,-2.085858181564995140e-02,-3.876404240994328898e-01,-2.385303431601897353e-02,5.145329362987633992e-01,-3.973417096394974646e+00
8.437500000000000000e-01,7.604166666666666297e-01,-4.075432727758605822e-02,-4.427888454626479620e-01,-9.283201373291097291e-03,4.867441217353495886e-01,-3.677967866255965390e+00
8.645833333333332593e-01,7.604166666666666297e-01,-5.679550418518995725e-02,-4.943978345048410938e-01,5.196423326689797104e-03,4.496799193935808181e-01,-3.044081067125647078e+00
8.854166666666666297e-01,7.604166666666666297e-01,-6.629431896257366452e-02,-5.347889013970582583e-01,1.866882419354690473e-02,4.026454611085640289e-01,-1.938737887834650397e+00
9.062500000000000000e-01,7.604166666666666297e-01,-6.688680106217051446e-02,-5.527844056542086104e-01,3.003946301785614947e-02,3.455962330701257135e-01,-2.477201487781839351e-01
9.270833333333332593e-01,7.604166666666666297e-01,-5.761191874099302890e-02,-5.342782189743722210e-01,3.819787697084962158e-02,2.792399592275148779e-01,2.068221742358672177e+00
9.479166666666666297e-01,7.604166666666666297e-01,-4.018774402479292907e-02,-4.644854859267836256e-01,4.225063918448592609e-02,2.050343508035421258e-01,4.910901838947110853e+00
9.687500000000000000e-01,7.604166666666666297e-01,-1.985551885243398706e-02,-3.319367276108013409e-01,4.172869814464132132e-02,1.250890942990436350e-01,8.032701086697812798e+00
9.895833333333332593e-01,7.604166666666666297e-01,-4.925312749613700372e-03,-1.323101504151114050e-01,3.662806924469183545e-02,4.194092729525724511e-02,9.603115210658362599e+00
1.041666666666666609e-02,7.812500000000000000e-01,-4.254032904645742470e-04,6.130388468260132562e-02,-6.742038182552799463e-02,9.762041313700418055e-01,4.714994768811243908e+00
3.125000000000000000e-02,7.812500000000000000e-01,-1.684266787444248063e-03,1.590957510289138233e-01,-6.791869234885454520e-02,9.287487657708936029e-01,4.191182925775339463e+00
5.208333333333332871e-02,7.812500000000000000e-01,-3.089160971260979278e-03,2.325090288128540128e-01,-6.776449717811143525e-02,8.819206909055953281e-01,3.149563401272635677e+00
7.291666666666665741e-02,7.812500000000000000e-01,-3.432089615126885339e-03,2.836678512179400258e-01,-6.688711975932529197e-02,8.363783191435448794e-01,2.214081015477051384e+00
9.375000000000000000e-02,7.812500000000000000e-01,-1.898668504423270571e-03,3.157143525393979466e-01,-6.549953627871493711e-02,7.927991615624129240e-01,1.398104227753899753e+00
1.145833333333333287e-01,7.812500000000000000e-01,1.820900282636151758e-03,3.321541983660770692e-01,-6.398170663080490761e-02,7.517695340545734739e-01,7.039339322166485724e-01
1.354166666666666574e-01,7.812500000000000000e-01,7.639703955469961255e-03,3.364267397913168200e-01,-6.270389649069812998e-02,7.138864480380351374e-01,1.270454254468114941e-01
1.562500000000000000e-01,7.812500000000000000e-01,1.523308324513433093e-02,3.316583182713335187e-01,-6.198391345931751617e-02,6.795719092840957209e-01,-3.423014343515799474e-01
1.770833333333333148e-01,7.812500000000000000e-01,2.416533917951687455e-02,3.205259033785712863e-01,-6.202067504120882535e-02,6.490298624035194530e-01,-7.175856481945390719e-01
1.979166666666666574e-01,7.812500000000000000e-01,3.399007991482529134e-02,3.052011143342585608e-01,-6.288131721127294960e-02,6.222965039101301388e-01,-1.013737970753099571e+00
2.187500000000000000e-01,7.812500000000000000e-01,4.431449979144307105e-02,2.873719635432731012e-01,-6.452778705725314978e-02,5.992789452730765687e-01,-1.245433350585732679e+00
2.395833333333333148e-01,7.812500000000000000e-01,5.482616079237322138e-02,2.682982114142707930e-01,-6.685372058096537839e-02,5.797910957915045627e-01,-1.426175863286351042e+00
2.604166666666666297e-01,7.812500000000000000e-01,6.529484845356507694e-02,2.488790498731284773e-01,-6.971878269834547170e-02,5.635850490182244821e-01,-1.567809921987775912e+00
2.812500000000000000e-01,7.812500000000000000e-01,7.556101471083286059e-02,2.297213999844095189e-01,-7.297463416360369659e-02,5.503775043731812255e-01,-1.680337489233828974e+00
3.020833333333333148e-01,7.812500000000000000e-01,8.551898031750808371e-02,2.112027026182389799e-01,-7.648143552826981717e-02,5.398709223436334304e-01,-1.771944580321602958e+00
3.229166666666666297e-01,7.812500000000000000e-01,9.509981537872895518e-02,1.935253632724062145e-01,-8.011624963666691412e-02,5.317694575541820345e-01,-1.849157322637035250e+00
3.437500000000000000e-01,7.812500000000000000e-01,1.042563916554724579e-01,1.767619611045864458e-01,-8.377554537411749380e-02,5.257901039351687844e-01,-1.917065250075870475e+00
3.645833333333333148e-01,7.812500000000000000e-01,1.129515350768928172e-01,1.608914637626213118e-01,-8.737395277687182160e-02,5.216697472944709091e-01,-1.979567075395050058e+00
3.854166666666666297e-01,7.812500000000000000e-01,1.211493093551377631e-01,1.458272980277396935e-01,-9.084098875122856298e-02,5.191689236400512941e-01,-2.039609876050302084e+00
4.062500000000000000e-01,7.812500000000000000e-01,1.288090173590491494e-01,1.314383967083830596e-01,-9.411696335397891355e-02,5.180730624018113906e-01,-2.099405176879826307e+00
4.270833333333333148e-01,7.812500000000000000e-01,1.358813424693901539e-01,1.175643991929809784e-01,-9.714883034163980524e-02,5.181918984587511323e-01,-2.160614535213869480e+00
4.479166666666666297e-01,7.812500000000000000e-01,1.423060447466594491e-01,1.040261126930168978e-01,-9.988640899687016572e-02,5.193576033313078710e-01,-2.224503288728529427e+00
4.687500000000000000e-01,7.812500000000000000e-01,1.480106965769058258e-01,9.063220214405298680e-02,-1.022791758802670536e-01,5.214220395906541405e-01,-2.292064745908430012e+00
4.895833333333333148e-01,7.812500000000000000e-01,1.529100407184795785e-01,7.718290705604399782e-02,-1.042736852166633449e-01,5.242533979906333075e-01,-2.364118931296106840e+00
5.104166666666666297e-01,7.812500000000000000e-01,1.569056521925514536e-01,6.347140768634573771e-02,-1.058116014257142606e-01,5.277323403713030103e-01,-2.441390565032429461e+00
5.312500000000000000e-01,7.812500000000000000e-01,1.598856713901932458e-01,4.928329826691758148e-02,-1.068282957527916660e-01,5.317476453610223697e-01,-2.524570673077189298e+00
5.520833333333332593e-01,7.812500000000000000e-01,1.617244466876789077e-01,3.439447860642001753e-02,-1.072519555882833625e-01,5.361912450411163711e-01,-2.614365345018047293e+00
5.729166666666666297e-01,7.812500000000000000e-01,1.622819913266900782e-01,1.856765665392055495e-02,-1.070031676559012185e-01,5.409524842927724286e-01,-2.711533776668941798e+00
5.937500000000000000e-01,7.812500000000000000e-01,1.614032728169647601e-01,1.547576815612294009e-03,-1.059949515800057973e-01,5.459115920664029398e-01,-2.816916046971309040e+00
6.145833333333332593e-01,7.812500000000000000e-01,1.589177143678603688e-01,-1.694494866312173942e-02,-1.040993378854618567e-01,5.509334673483310407e-01,-2.931071751701135319e+00
6.354166666666666297e-01,7.812500000000000000e-01,1.546400441356030053e-01,-3.720583199629114157e-02,-1.011636441260600899e-01,5.558763462979497971e-01,-3.054280195943612775e+00
6.562500000000000000e-01,7.812500000000000000e-01,1.483719319840172135e-01,-5.955750716650051735e-02,-9.707577434585941412e-02,5.605376212688941706e-01,-3.186934842378856381e+00
6.770833333333332593e-01,7.812500000000000000e-01,1.399058450122250274e-01,-8.436095010901656366e-02,-9.172265474482264869e-02,5.646616606158260110e-01,-3.329450012866566500e+00
6.979166666666666297e-01,7.812500000000000000e-01,1.290341344157776293e-01,-1.120255741323231413e-01,-8.499554786296859010e-02,5.679162515128074462e-01,-3.481975700388424411e+00
7.187500000000000000e-01,7.812500000000000000e-01,1.155657420527372581e-01,-1.430157179667487788e-01,-7.679749399052449021e-02,5.698621921611110031e-01,-3.643858571978536354e+00
7.395833333333332593e-01,7.812500000000000000e-01,9.935593141571577580e-02,-1.778471308790043892e-01,-6.705389595722445473e-02,5.699143552369614341e-01,-3.812529355563740285e+00
7.604166666666666297e-01,7.812500000000000000e-01,8.035625762696926855e-02,-2.170601384965220038e-01,-5.572781259221072647e-02,5.672944310806596890e-01,-3.981311831107372079e+00
7.812500000000000000e-01,7.812500000000000000e-01,5.869606899307090730e-02,-2.611388321175678873e-01,-4.284104097103734465e-02,5.609785292602980089e-01,-4.135426834662434992e+00
8.020833333333332593e-01,7.812500000000000000e-01,3.480725722080302981e-02,-3.103311232888762983e-01,-2.850501473347815187e-02,5.496519033774129870e-01,-4.245048661542144330e+00
8.229166666666666297e-01,7.812500000000000000e-01,9.604043378559003197e-03,-3.642783716351480905e-01,-1.295924633174036847e-02,5.316896217247412126e-01,-4.254517195630198145e+00
8.437500000000000000e-01,7.812500000000000000e-01,-1.529262334831493590e-02,-4.213584857381227344e-01,3.379924717888527566e-03,5.052137015191024982e-01,-4.070155879646979891e+00
8.645833333333332593e-01,7.812500000000000000e-01,-3.740626301493268219e-02,-4.776733776551447264e-01,1.987166808405272517e-02,4.688962333271916028e-01,-3.555642795671671408e+00
8.854166666666666297e-01,7.812500000000000000e-01,-5.355543193632027882e-02,-5.258653745479833219e-01,3.553294713029168939e-02,4.217268624395071885e-01,-2.543051177672087437e+00
9.062500000000000000e-01,7.812500000000000000e-01,-6.049061067811656311e-02,-5.541802716618904334e-01,4.911904121891157160e-02,3.634435089675122632e-01,-8.663024971947131947e-01
9.270833333333332593e-01,7.812500000000000000e-01,-5.613443599735802592e-02,-5.465134099686266289e-01,5.928966261176880914e-02,2.946775260162532994e-01,1.572606901438569516e+00
9.479166666666666297e-01,7.812500000000000000e-01,-4.130736302420779521e-02,-4.845015426218797217e-01,6.488464423194310882e-02,2.169624063764247213e-01,4.711958324563580547e+00
9.687500000000000000e-01,7.812500000000000000e-01,-2.122235254985820052e-02,-3.523379065624138162e-01,6.519608364052037475e-02,1.326141097573413363e-01,8.277646904907340897e+00
9.895833333333332593e-01,7.812500000000000000e-01,-5.413033475726164445e-03,-1.426484966404512611e-01,6.006376198295915181e-02,4.449900282740051199e-02,1.009220025679498711e+01
1.041666666666666609e-02,8.020833333333332593e-01,-9.567426556333933968e-04,6.268603062869929077e-02,-6.909286201695052920e-02,9.767153339073638696e-01,4.788153930062770236e+00
3.125000000000000000e-02,8.020833333333332593e-01,-3.749280055018737196e-03,1.617650059791808648e-01,-7.009887091019753602e-02,9.303358780953144835e-01,4.248205791534325648e+00
5.208333333333332871e-02,8.020833333333332593e-01,-7.066961257013221545e-03,2.345623492483981942e-01,-6.985562254094088153e-02,8.847193936452339980e-01,3.158177798666812475e+00
7.291666666666665741e-02,8.020833333333332593e-01,-8.797456997873038045e-03,2.836879551671215305e-01,-6.836517513165106530e-02,8.405779335373549932e-01,2.189401752203026241e+00
9.375000000000000000e-02,8.020833333333332593e-01,-7.666960923361549121e-03,3.130303314050012498e-01,-6.602384590644641560e-02,7.985828976440086935e-01,1.355098164196803179e+00
1.145833333333333287e-01,8.020833333333332593e-01,-3.277051905575904204e-03,3.267287416956287105e-01,-6.341839146048824927e-02,7.592778143604835828e-01,6.521314989834979814e-01
1.354166666666666574e-01,8.020833333333332593e-01,4.148081041951755948e-03,3.286082598414037381e-01,-6.111567414086506445e-02,7.230641233760978226e-01,7.047677901270035794e-02
1.562500000000000000e-01,8.020833333333332593e-01,1.405998625936336760e-02,3.219715137141705430e-01,-5.950414295017646127e-02,6.904565429339137861e-01,-4.024568004689141887e-01
1.770833333333333148e-01,8.020833333333332593e-01,2.579508075993876964e-02,3.095453575007762748e-01,-5.884133340367815601e-02,6.615956399677207500e-01,-7.820040964311378850e-01
1.979166666666666574e-01,8.020833333333332593e-01,3.870249482690138465e-02,2.934495054097825961e-01,-5.920808729443637064e-02,6.364365155901374749e-01,-1.084589494115222319e+00
2.187500000000000000e-01,8.020833333333332593e-01,5.222749218695033058e-02,2.752741552310824513e-01,-6.055153030336003772e-02,6.148244591088807276e-01,-1.325237465260538094e+00
2.395833333333333148e-01,8.020833333333332593e-01,6.593930930264638168e-02,2.561725416098353247e-01,-6.273613433037524001e-02,5.965339172443649973e-01,-1.517102444582823839e+00
2.604166666666666297e-01,8.020833333333332593e-01,7.952656397025306689e-02,2.369487773487654603e-01,-6.558760239532161751e-02,5.812974756452662373e-01,-1.671337901970758821e+00
2.812500000000000000e-01,8.020833333333332593e-01,9.277752164668084944e-02,2.181345485750769697e-01,-6.892440395308600809e-02,5.688281213551560356e-01,-1.797155378802985481e+00
3.020833333333333148e-01,8.020833333333332593e-01,1.055557930627988583e-01,2.000533170047782416e-01,-7.257706149511290727e-02,5.588360014418258803e-01,-1.901994526042556144e+00
3.229166666666666297e-01,8.020833333333332593e-01,1.177771089250901348e-01,1.828725979623547770e-01,-7.639760303544866626e-02,5.510404429745923149e-01,-1.991751621022945118e+00
3.437500000000000000e-01,8.020833333333332593e-01,1.293896851730397812e-01,1.666455738899447481e-01,-8.026213695822982663e-02,5.451779532990509436e-01,-2.071028845306364552e+00
3.645833333333333148e-01,8.020833333333332593e-01,1.403588835413943636e-01,1.513435091874880678e-01,-8.406918127226215010e-02,5.410069356014608477e-01,-2.143378373006647131e+00
3.854166666666666297e-01,8.020833333333332593e-01,1.506559310045945677e-01,1.368804308614277598e-01,-8.773575188931502511e-02,5.383098357607886131e-01,-2.211525295213015774e+00
4.062500000000000000e-01,8.020833333333332593e-01,1.602500476327577139e-01,1.231314392426204607e-01,-9.119257814334323642e-02,5.368933698723712400e-01,-2.277561338350480469e+00
4.270833333333333148e-01,8.020833333333332593e-01,1.691032165603906789e-01,1.099458626207696077e-01,-9.437929058807188742e-02,5.365873811293204731e-01,-2.343107084154157249e+00
4.479166666666666297e-01,8.020833333333332593e-01,1.771668677366875500e-01,9.715629581166207451e-02,-9.724004482363053647e-02,5.372427571111514366e-01,-2.409444155180627156e+00
4.687500000000000000e-01,8.020833333333332593e-01,1.843798523891398145e-01,8.458438254270921053e-02,-9.971979176232878550e-02,5.387287170626584576e-01,-2.477620976621213611e+00
4.895833333333333148e-01,8.020833333333332593e-01,1.906672085296486074e-01,7.204402637530524234e-02,-1.017612512861266333e-01,5.409296608338908241e-01,-2.548536690721845410e+00
5.104166666666666297e-01,8.020833333333332593e-01,1.959393334037317635e-01,5.934255201892944809e-02,-1.033025642358494367e-01,5.437416590945649553e-01,-2.623007966301861060e+00
5.312500000000000000e-01,8.020833333333332593e-01,2.000912753358730090e-01,4.628019280455082651e-02,-1.042755637461599133e-01,5.470685570723841096e-01,-2.701823133662244469e+00
5.520833333333332593e-01,8.020833333333332593e-01,2.030019336258692131e-01,3.264815048130492725e-02,-1.046046044577604028e-01,5.508175585189526435e-01,-2.785787559008400027e+00
5.729166666666666297e-01,8.020833333333332593e-01,2.045330187722347315e-01,1.822535499365895290e-02,-1.042059068990515702e-01,5.548940459102574829e-01,-2.875763770426685184e+00
5.937500000000000000e-01,8.020833333333332593e-01,2.045276925481996355e-01,2.773923209634336987e-03,-1.029874126588612160e-01,5.591952330120056880e-01,-2.972710198783046653e+00
6.145833333333332593e-01,8.020833333333332593e-01,2.028088569792269591e-01,-1.396690103906671199e-02,-1.008189610942871878e-01,5.636017353076261394e-01,-3.077390611434488665e+00
6.354166666666666297e-01,8.020833333333332593e-01,1.991778424863264729e-01,-3.227519489518835411e-02,-9.752950176465578769e-02,5.679921993677493619e-01,-3.190373669389527045e+00
6.562500000000000000e-01,8.020833333333332593e-01,1.934144612327483581e-01,-5.245665086243938430e-02,-9.299857808519448876e-02,5.721960442948367254e-01,-3.312471824082140248e+00
6.770833333333332593e-01,8.020833333333332593e-01,1.852792646452058045e-01,-7.486052285374296400e-02,-8.710224534368718463e-02,5.759944072007657789e-01,-3.444776487973005175e+00
6.979166666666666297e-01,8.020833333333332593e-01,1.745192971018955652e-01,-9.989432324783906192e-02,-7.971794785060089261e-02,5.790979697305987939e-01,-3.588479547437051664e+00
7.187500000000000000e-01,8.020833333333332593e-01,1.608798692029381749e-01,-1.280391485892351522e-01,-7.073144971190151176e-02,5.811166718846182411e-01,-3.744549984130828513e+00
7.395833333333332593e-01,8.020833333333332593e-01,1.441272824801995422e-01,-1.598613028967579008e-01,-6.004679144554930792e-02,5.815191966251680444e-01,-3.912933989809742386e+00
7.604166666666666297e-01,8.020833333333332593e-01,1.240903662253827755e-01,-1.960093764352052181e-01,-4.760079868344894993e-02,5.795809454941511785e-01,-4.090803289513258889e+00
7.812500000000000000e-01,8.020833333333332593e-01,1.007332422154897378e-01,-2.371722815350932878e-01,-3.338430788942892136e-02,5.743218303050339202e-01,-4.269039810443096883e+00
8.020833333333332593e-01,8.020833333333332593e-01,7.427631902173012501e-02,-2.839519389053233867e-01,-1.747358076390491746e-02,5.644414418244266818e-01,-4.425665488571156381e+00
8.229166666666666297e-01,8.020833333333332593e-01,4.538560555302852129e-02,-3.365636287077553579e-01,-7.493846392613023877e-05,5.482693388330526219e-01,-4.514552418333161121e+00
8.437500000000000000e-01,8.020833333333332593e-01,1.544049502104147438e-02,-3.942314514066544429e-01,1.841422361029448895e-02,5.237665592307719775e-01,-4.448075780420804648e+00
8.645833333333332593e-01,8.020833333333332593e-01,-1.315060984206424879e-02,-4.540956674568894513e-01,3.733183757182503837e-02,4.886243742493400766e-01,-4.079232725873857213e+00
8.854166666666666297e-01,8.020833333333332593e-01,-3.684074723298239734e-02,-5.096037784339328969e-01,5.570007623324257917e-02,4.417088000608138665e-01,-3.203503914077711290e+00
9.062500000000000000e-01,8.020833333333332593e-01,-5.143889909970077168e-02,-5.489085371674262692e-01,7.210533206754279889e-02,3.824487551158665677e-01,-1.592335974631282181e+00
9.270833333333332593e-01,8.020833333333332593e-01,-5.345847726092271823e-02,-5.541217409826273421e-01,8.491406756862407423e-02,3.113345339538169387e-01,9.331889683750613784e-01
9.479166666666666297e-01,8.020833333333332593e-01,-4.234383747539596093e-02,-5.028349243665559687e-01,9.259718647012608883e-02,2.299642903041948516e-01,4.378623142604389784e+00
9.687500000000000000e-01,8.020833333333332593e-01,-2.290442724214474673e-02,-3.735289455253383295e-01,9.409491222154478529e-02,1.408812686409266490e-01,8.460853164069956023e+00
9.895833333333332593e-01,8.020833333333332593e-01,-6.054836938813043870e-03,-1.541163670549904885e-01,8.898859419525853576e-02,4.732176784578184803e-02,1.056848266715255491e+01
1.041666666666666609e-02,8.229166666666666297e-01,-1.773866342116840094e-03,6.541663962644952979e-02,-7.147416929474043057e-02,9.772146062714601733e-01,4.919556834325452321e+00
3.125000000000000000e-02,8.229166666666666297e-01,-6.816522815008904321e-03,1.668695908537080608e-01,-7.316641277093359486e-02,9.319123148656873745e-01,4.340597650329514501e+00
5.208333333333332871e-02,8.229166666666666297e-01,-1.275695339443749798e-02,2.387158761552941044e-01,-7.267822574473756236e-02,8.875661359392951200e-01,3.153234281500901126e+00
7.291666666666665741e-02,8.229166666666666297e-01,-1.618918046698325161e-02,2.846971510736312494e-01,-7.021293505313966343e-02,8.449537401291533634e-01,2.119286526991353448e+00
9.375000000000000000e-02,8.229166666666666297e-01,-1.532030548411622561e-02,3.100217644411130680e-01,-6.649238542020566300e-02,8.047320447492312123e-01,1.248242314478547721e+00
1.145833333333333287e-01,8.229166666666666297e-01,-9.773317071940443301e-03,3.198004112295554924e-01,-6.241405953908739368e-02,7.673710369230112294e-01,5.269918608211554556e-01
1.354166666666666574e-01,8.229166666666666297e-01,-5.405648485072014550e-05,3.183921967728596258e-01,-5.876813546324442805e-02,7.331565573953356951e-01,-6.410518669924877844e-02
1.562500000000000000e-01,8.229166666666666297e-01,1.293921425737829325e-02,3.092824008230740662e-01,-5.606776604175198186e-02,7.024538122205032931e-01,-5.431098323015711715e-01
1.770833333333333148e-01,8.229166666666666297e-01,2.822683489309300853e-02,2.952117552555826308e-01,-5.458862237337031020e-02,6.754941235157698731e-01,-9.279591635605752842e-01
1.979166666666666574e-01,8.229166666666666297e-01,4.491010656659906453e-02,2.781924219145075483e-01,-5.440590229468228456e-02,6.521144874189132024e-01,-1.237256237694901007e+00
2.187500000000000000e-01,8.229166666666666297e-01,6.225576371068489157e-02,2.596605842222227123e-01,-5.543219961470423340e-02,6.320853736367728626e-01,-1.486766586047709726e+00
2.395833333333333148e-01,8.229166666666666297e-01,7.971338476767389492e-02,2.406166744460099816e-01,-5.748705583003684005e-02,6.151381805617410770e-01,-1.689425916896772684e+00
2.604166666666666297e-01,8.229166666666666297e-01,9.689593466758833484e-02,2.217348399450696783e-01,-6.035107637658990165e-02,6.009864776326239166e-01,-1.855727844161555895e+00
2.812500000000000000e-01,8.229166666666666297e-01,1.135470284836367083e-01,2.034464344862965957e-01,-6.380230833420034997e-02,5.893417105114159282e-01,-1.994092022206692905e+00
3.020833333333333148e-01,8.229166666666666297e-01,1.295068016232257258e-01,1.860033865378515894e-01,-6.763723462489726335e-02,5.799244155105450771e-01,-2.111204190196704467e+00
3.229166666666666297e-01,8.229166666666666297e-01,1.446817231398515036e-01,1.695262910503643472e-01,-7.168030369660993717e-02,5.724717897641901088e-01,-2.212326404886379549e+00
3.437500000000000000e-01,8.229166666666666297e-01,1.590201714350376050e-01,1.540408562587994301e-01,-7.578584326391599180e-02,5.667423183382238605e-01,-2.301574656738794467e+00
3.645833333333333148e-01,8.229166666666666297e-01,1.724938242569861169e-01,1.395053756283303192e-01,-7.983547015574458949e-02,5.625180764372189612e-01,-2.382161083861651818e+00
3.854166666666666297e-01,8.229166666666666297e-01,1.850841267108124799e-01,1.258312145035589413e-01,-8.373323540979311919e-02,5.596052576291077330e-01,-2.456599657708973705e+00
4.062500000000000000e-01,8.229166666666666297e-01,1.967728382163276835e-01,1.128978274668109294e-01,-8.739997372261130992e-02,5.578334050179271086e-01,-2.526876432448646348e+00
4.270833333333333148e-01,8.229166666666666297e-01,2.075356608781883105e-01,1.005634828070855746e-01,-9.076773574315985527e-02,5.570537381305235014e-01,-2.594587382473204862e+00
4.479166666666666297e-01,8.229166666666666297e-01,2.173380711344585214e-01,8.867261419277897017e-02,-9.377476881387618313e-02,5.571368781550638527e-01,-2.661048138159705090e+00
4.687500000000000000e-01,8.229166666666666297e-01,2.261326344997662274e-01,7.706051614383233050e-02,-9.636124494694703335e-02,5.579701830074921265e-01,-2.727380540134485276e+00
4.895833333333333148e-01,8.229166666666666297e-01,2.338572389747766989e-01,6.555593215866287182e-02,-9.846577658335269045e-02,5.594548141245478945e-01,-2.794580997789744004e+00
5.104166666666666297e-01,8.229166666666666297e-01,2.404338172177079014e-01,5.398194311855747385e-02,-1.000226780301704949e-01,5.615025682184552336e-01,-2.863575336672795846e+00
5.312500000000000000e-01,8.229166666666666297e-01,2.457672337551622399e-01,4.215544323532719601e-02,-1.009598981750093605e-01,5.640324153218476688e-01,-2.935264331982235575e+00
5.520833333333332593e-01,8.229166666666666297e-01,2.497440905021370283e-01,2.988538501355762420e-02,-1.011975507681419501e-01,5.669665812860668064e-01,-3.010563638470480807e+00
5.729166666666666297e-01,8.229166666666666297e-01,2.522312544894647068e-01,1.696987132771303475e-02,-1.006469916074817367e-01,5.702258847096485228e-01,-3.090441562820878563e+00
5.937500000000000000e-01,8.229166666666666297e-01,2.530739417335327035e-01,3.192045855547388702e-03,-9.921043253150761687e-02,5.737238598503933140e-01,-3.175958236986220484e+00
6.145833333333332593e-01,8.229166666666666297e-01,2.520932050728080243e-01,-1.168545145528242409e-02,-9.675338351412383908e-02,5.773589264919636310e-01,-3.267999554501944459e+00
6.354166666666666297e-01,8.229166666666666297e-01,2.490825305367939668e-01,-2.791495545005813483e-02,-9.308942153901343664e-02,5.810257120042763290e-01,-3.367383285821990757e+00
6.562500000000000000e-01,8.229166666666666297e-01,2.438062633622184450e-01,-4.577724187941592526e-02,-8.808878316937458763e-02,5.845857852068807592e-01,-3.475341981332945362e+00
6.770833333333332593e-01,8.229166666666666297e-01,2.360005262923672298e-01,-6.559899817937267508e-02,-8.161509008215131478e-02,5.878579275433711837e-01,-3.593563180333918528e+00
6.979166666666666297e-01,8.229166666666666297e-01,2.253754898234959225e-01,-8.777084391002780428e-02,-7.352956669308360893e-02,5.905975785682825441e-01,-3.724131065072003643e+00
7.187500000000000000e-01,8.229166666666666297e-01,2.116216784092695979e-01,-1.127693886138627366e-01,-6.369699436424133832e-02,5.924676394154471115e-01,-3.869405077636863588e+00
7.395833333333332593e-01,8.229166666666666297e-01,1.944246198118183000e-01,-1.411814175519403580e-01,-5.199434902853686258e-02,5.929977271869132371e-01,-4.031544703689541542e+00
7.604166666666666297e-01,8.229166666666666297e-01,1.734954160516863353e-01,-1.737231417650739740e-01,-3.832371652000260420e-02,5.915291188569011815e-01,-4.211253011012646930e+00
7.812500000000000000e-01,8.229166666666666297e-01,1.486301652914150950e-01,-2.112361414350602817e-01,-2.263213595018368288e-02,5.871442867650875641e-01,-4.404935656075916306e+00
8.020833333333332593e-01,8.229166666666666297e-01,1.198186387386057927e-01,-2.546196292587874499e-01,-4.942675520931472111e-03,5.785847664361005727e-01,-4.598872466041569851e+00
8.229166666666666297e-01,8.229166666666666297e-01,8.743088164110965343e-02,-3.046174677880935100e-01,1.459728810688235012e-02,5.641714546426156440e-01,-4.758221777777828621e+00
8.437500000000000000e-01,8.229166666666666297e-01,5.251182875341781076e-02,-3.613134489066374133e-01,3.564386414064093372e-02,5.417613280820681165e-01,-4.808125103046685389e+00
8.645833333333332593e-01,8.229166666666666297e-01,1.718944020253289698e-02,-4.231001765429158734e-01,5.755949545909003207e-02,5.088074309315336885e-01,-4.605332148298836970e+00
8.854166666666666297e-01,8.229166666666666297e-01,-1.488897189361912225e-02,-4.848307198608362567e-01,7.931283352218702898e-02,4.626663501005302548e-01,-3.915481901564269673e+00
9.062500000000000000e-01,8.229166666666666297e-01,-3.866124095050758880e-02,-5.353111748169160355e-01,9.939090082904646073e-02,4.028014859128482006e-01,-2.437051239992787721e+00
9.270833333333332593e-01,8.229166666666666297e-01,-4.894369687878195180e-02,-5.554170692436412038e-01,1.157853500079857878e-01,3.294610879686324934e-01,1.164764268624275401e-01
9.479166666666666297e-01,8.229166666666666297e-01,-4.315719850876835462e-02,-5.184407342610823921e-01,1.264327774743228827e-01,2.442849488726797080e-01,3.863034592805493883e+00
9.687500000000000000e-01,8.229166666666666297e-01,-2.503934374120750719e-02,-3.954804006316239851e-01,1.297177255815435692e-01,1.500745651249836554e-01,8.548993540970908356e+00
9.895833333333332593e-01,8.229166666666666297e-01,-6.941320999720245778e-03,-1.671125249935237755e-01,1.247688421702157074e-01,5.048025676097413206e-02,1.101360559553321039e+01
1.041666666666666609e-02,8.437500000000000000e-01,-3.032374964676819769e-03,7.022288093324319247e-02,-7.539754427861389274e-02,9.777301141725941447e-01,5.124601986076665838e+00
3.125000000000000000e-02,8.437500000000000000e-01,-1.130827895657057422e-02,1.753819100117002261e-01,-7.793716498167098383e-02,9.335756716277201495e-01,4.468860549622554856e+00
5.208333333333332871e-02,8.437500000000000000e-01,-2.062416276629425171e-02,2.454598713864541981e-01,-7.682729436939281231e-02,8.906455022464296878e-01,3.106520961134779490e+00
7.291666666666665741e-02,8.437500000000000000e-01,-2.579517400336047220e-02,2.865563941520831159e-01,-7.274942687827518073e-02,8.497850494964133139e-01,1.960424999724875494e+00
9.375000000000000000e-02,8.437500000000000000e-01,-2.457379720404345713e-02,3.060722695804771742e-01,-6.699375879831018232e-02,8.116117511887948055e-01,1.027069381386835456e+00
1.145833333333333287e-01,8.437500000000000000e-01,-1.686461377471082032e-02,3.104937342486829288e-01,-6.090634122593628630e-02,7.764893730295735486e-01,2.744608223352293375e-01
1.354166666666666574e-01,8.437500000000000000e-01,-3.698879918727637772e-03,3.048138793106592304e-01,-5.553961681558826358e-02,7.445769354614765190e-01,-3.320706471291970940e-01
1.562500000000000000e-01,8.437500000000000000e-01,1.350912108798517017e-02,2.926594465363326347e-01,-5.152294241945500064e-02,7.160631139484253671e-01,-8.192891098729521149e-01
1.770833333333333148e-01,8.437500000000000000e-01,3.337006699972955293e-02,2.766861429948649365e-01,-4.911520921044625065e-02,6.912452191400406676e-01,-1.209633130371580823e+00
1.979166666666666574e-01,8.437500000000000000e-01,5.470366703082901044e-02,2.587011624706196944e-01,-4.834650209325511150e-02,6.698362984292748346e-01,-1.524618688383822196e+00
2.187500000000000000e-01,8.437500000000000000e-01,7.660035247044066908e-02,2.399095010824130458e-01,-4.906417422045984689e-02,6.515326272096322313e-01,-1.781095365748602388e+00
2.395833333333333148e-01,8.437500000000000000e-01,9.840631156285888081e-02,2.211041774364123913e-01,-5.102174858441370364e-02,6.360276399863852292e-01,-1.991925326064416746e+00
2.604166666666666297e-01,8.437500000000000000e-01,1.196783175172711766e-01,2.027927811003405467e-01,-5.394159044401362901e-02,6.230225232789819989e-01,-2.167036294444640632e+00
2.812500000000000000e-01,8.437500000000000000e-01,1.401332358314082982e-01,1.852824812008402322e-01,-5.755383700360368338e-02,6.122337029229539818e-01,-2.314144419601235292e+00
3.020833333333333148e-01,8.437500000000000000e-01,1.596024908850626201e-01,1.687383116300646413e-01,-6.161707010527806005e-02,6.033977960537664220e-01,-2.439273494065354875e+00
3.229166666666666297e-01,8.437500000000000000e-01,1.779948455163037901e-01,1.532240898102843474e-01,-6.592641959041870003e-02,5.962745327034607579e-01,-2.547144738035817202e+00
3.437500000000000000e-01,8.437500000000000000e-01,1.952677137817888653e-01,1.387317409382082811e-01,-7.031381930907147637e-02,5.906480555833318880e-01,-2.641478471352799229e+00
3.645833333333333148e-01,8.437500000000000000e-01,2.114059536137226913e-01,1.252025982950391025e-01,-7.464389351028050124e-02,5.863269475418116938e-01,-2.725230980977289885e+00
3.854166666666666297e-01,8.437500000000000000e-01,2.264067019142824155e-01,1.125429410824640986e-01,-7.880782432806512916e-02,5.831432967365532960e-01,-2.800780898350224923e+00
4.062500000000000000e-01,8.437500000000000000e-01,2.402688339549779450e-01,1.006352573416950114e-01,-8.271667030758386718e-02,5.809510706943231684e-01,-2.870075143597147882e+00
4.270833333333333148e-01,8.437500000000000000e-01,2.529858108894089130e-01,8.934625333590991147e-02,-8.629497645402751937e-02,5.796240248593946820e-01,-2.934742437504785251e+00
4.479166666666666297e-01,8.437500000000000000e-01,2.645409068300886846e-01,7.853233746700466478e-02,-8.947509630920191803e-02,5.790533189653249702e-01,-2.996181220180444527e+00
4.687500000000000000e-01,8.437500000000000000e-01,2.749040261939605934e-01,6.804311014042704886e-02,-9.219238431804498146e-02,5.791449576886433803e-01,-3.055627953839599620e+00
4.895833333333333148e-01,8.437500000000000000e-01,2.840295104122797509e-01,5.772324946873852447e-02,-9.438126590193997301e-02,5.798171115438484069e-01,-3.114210998689466603e+00
5.104166666666666297e-01,8.437500000000000000e-01,2.918544835084292410e-01,4.741307446940108000e-02,-9.597211705768382561e-02,5.809973080955013192e-01,-3.172994471587455401e+00
5.312500000000000000e-01,8.437500000000000000e-01,2.982973977301329738e-01,3.694798112532551859e-02,-9.688885914773545660e-02,5.826194067180980873e-01,-3.233015731056413600e+00
5.520833333333332593e-01,8.437500000000000000e-01,3.032565133211917452e-01,2.615687478552579728e-02,-9.704718072775693483e-02,5.846201721265710249e-01,-3.295319444497050831e+00
5.729166666666666297e-01,8.437500000000000000e-01,3.066080780650944360e-01,1.485965282451445595e-02,-9.635332567683553562e-02,5.869351296342725233e-01,-3.360990808010616337e+00
5.937500000000000000e-01,8.437500000000000000e-01,3.082039629729633745e-01,2.863692206809072185e-03,-9.470342628507295857e-02,5.894932205538194747e-01,-3.431190956656639646e+00
6.145833333333332593e-01,8.437500000000000000e-01,3.078685037778691180e-01,-1.004090195072515623e-02,-9.195571459632781441e-02,5.922096809741784762e-01,-3.506866787716136358e+00
6.354166666666666297e-01,8.437500000000000000e-01,3.053936889714425895e-01,-2.407401561217484970e-02,-8.791415981550627923e-02,5.949933680762820032e-01,-3.589053971817431243e+00
6.562500000000000000e-01,8.437500000000000000e-01,3.005363343923065367e-01,-3.948455996358767039e-02,-8.243884550258115396e-02,5.977367993423051695e-01,-3.679407316480992396e+00
6.770833333333332593e-01,8.437500000000000000e-01,2.930174617951738503e-01,-5.656707042821697978e-02,-7.537964270162024472e-02,6.002955162061663907e-01,-3.780128986143581837e+00
6.979166666666666297e-01,8.437500000000000000e-01,2.825210343787389888e-01,-7.568130777587733782e-02,-6.657941049255125532e-02,6.024696127138770008e-01,-3.894034520120612353e+00
7.187500000000000000e-01,8.437500000000000000e-01,2.686945071292282661e-01,-9.727858608427625287e-02,-5.587839250025568305e-02,6.039765429619283754e-01,-4.024609889437703814e+00
7.395833333333332593e-01,8.437500000000000000e-01,2.511545586493858506e-01,-1.219352130042330590e-01,-4.312065245365688526e-02,6.044116106824806156e-01,-4.175845974436904307e+00
7.604166666666666297e-01,8.437500000000000000e-01,2.295045178011231313e-01,-1.503901017043865751e-01,-2.816406854965151571e-02,6.031920092628905161e-01,-4.351498065126047088e+00
7.812500000000000000e-01,8.437500000000000000e-01,2.033757403916061079e-01,-1.835751533259594448e-01,-1.089669539638044027e-02,5.994808253577591506e-01,-4.553044235227361014e+00
8.020833333333332593e-01,8.437500000000000000e-01,1.725146787537623072e-01,-2.226080291772352115e-01,8.735434207907217738e-03,5.920906824171615623e-01,-4.774944822931274757e+00
8.229166666666666297e-01,8.437500000000000000e-01,1.369510266459214032e-01,-2.686776586643087050e-01,3.068059150105213045e-02,5.793755832589623234e-01,-4.994728478629085089e+00
8.437500000000000000e-01,8.437500000000000000e-01,9.729633222649765323e-02,-3.226795107233066395e-01,5.470137960188167781e-02,5.591386592787164211e-01,-5.154054455222979669e+00
8.645833333333332593e-01,8.437500000000000000e-01,5.522095871618842161e-02,-3.843363526650525053e-01,8.025003221418126886e-02,5.286182349785072399e-01,-5.126244764570165202e+00
8.854166666666666297e-01,8.437500000000000000e-01,1.409333372486200678e-02,-4.503885066512212099e-01,1.063009067625365206e-01,4.846653357872406920e-01,-4.669848687683217037e+00
9.062500000000000000e-01,8.437500000000000000e-01,-2.048144681613955909e-02,-5.114063384286410274e-01,1.312385251893302129e-01,4.247378455519031926e-01,-3.410355498556933540e+00
9.270833333333332593e-01,8.437500000000000000e-01,-4.144122115769022230e-02,-5.480796753620911232e-01,1.526655343626741601e-01,3.493953336224136508e-01,-9.195744831729144586e-01
9.479166666666666297e-01,8.437500000000000000e-01,-4.336694356360765862e-02,-5.296389041067286474e-01,1.677363887281329846e-01,2.602649189637328830e-01,3.095143599218182384e+00
9.687500000000000000e-01,8.437500000000000000e-01,-2.778428218170730241e-02,-4.179827469354390201e-01,1.739030356881124950e-01,1.604539116812307709e-01,8.485274526965502773e+00
9.895833333333332593e-01,8.437500000000000000e-01,-8.219318809829657957e-03,-1.822731648030736784e-01,1.694437397714570748e-01,5.407855104980775068e-02,1.139018797108147218e+01
1.041666666666666609e-02,8.645833333333332593e-01,-4.980890938397181111e-03,7.823614683631718858e-02,-8.236968262247937322e-02,9.783076255107903130e-01,5.409425851371618243e+00
3.125000000000000000e-02,8.645833333333332593e-01,-1.778205526273767684e-02,1.884457124248604676e-01,-8.576518119932551032e-02,9.354844110075596353e-01,4.614049393512277497e+00
5.208333333333332871e-02,8.645833333333332593e-01,-3.102084263467042718e-02,2.549507401549503949e-01,-8.318325950888823261e-02,8.942472837111974382e-01,2.954254501133268818e+00
7.291666666666665741e-02,8.645833333333332593e-01,-3.726115726149675789e-02,2.884768512474794599e-01,-7.636547901716274345e-02,8.554877168421393119e-01,1.629247381047873588e+00
9.375000000000000000e-02,8.645833333333332593e-01,-3.417752294530122803e-02,2.998468013695682610e-01,-6.756758405511566201e-02,8.197349223609897706e-01,6.006393058600009160e-01
1.145833333333333287e-01,8.645833333333332593e-01,-2.246757493905960842e-02,2.973000710240175648e-01,-5.874489650151910880e-02,7.871999236607079009e-01,-1.982903731983555462e-01
1.354166666666666574e-01,8.645833333333332593e-01,-4.052067233484469080e-03,2.864263009737662569e-01,-5.121653142723724128e-02,7.578791613126794058e-01,-8.252347918497027202e-01
1.562500000000000000e-01,8.645833333333332593e-01,1.894852418629033863e-02,2.708384324467379978e-01,-4.564790212062308505e-02,7.318857057662419008e-01,-1.319750825568930974e+00
1.770833333333333148e-01,8.645833333333332593e-01,4.466993125952926913e-02,2.529248040994762636e-01,-4.222585880781598577e-02,7.094345430376697292e-01,-1.711663030425009335e+00
1.979166666666666574e-01,8.645833333333332593e-01,7.165924333680642744e-02,2.341395892576317306e-01,-4.087174724547738836e-02,6.901331229108906840e-01,-2.026670491675223840e+00
2.187500000000000000e-01,8.645833333333332593e-01,9.887108558266935465e-02,2.153625466099263752e-01,-4.132515197016581321e-02,6.736222828024898135e-01,-2.282974381491228666e+00
2.395833333333333148e-01,8.645833333333332593e-01,1.255935533716187602e-01,1.971227050275314308e-01,-4.324785650034294882e-02,6.595743276892075402e-01,-2.493608024981933902e+00
2.604166666666666297e-01,8.645833333333332593e-01,1.513674173672095447e-01,1.797283835592184409e-01,-4.628994741562339477e-02,6.476921480574313605e-01,-2.668187552515029815e+00
2.812500000000000000e-01,8.645833333333332593e-01,1.759152431634122826e-01,1.633441346316224507e-01,-5.012692538461512026e-02,6.377083201118655120e-01,-2.813984700028840713e+00
3.020833333333333148e-01,8.645833333333332593e-01,1.990848058187262848e-01,1.480378404903140988e-01,-5.447690990901911390e-02,6.293840325939829006e-01,-2.936611020372245306e+00
3.229166666666666297e-01,8.645833333333332593e-01,2.208061831994875268e-01,1.338108289380325056e-01,-5.910528542735431212e-02,6.225077853166389730e-01,-3.040475228175365530e+00
3.437500000000000000e-01,8.645833333333332593e-01,2.410602828928256613e-01,1.206180338516369549e-01,-6.382209896704858776e-02,6.168938246024754379e-01,-3.129101811477511763e+00
3.645833333333333148e-01,8.645833333333332593e-01,2.598563152752956795e-01,1.083820331672065429e-01,-6.847577451855126063e-02,6.123803162564568359e-01,-3.205359800296923467e+00
3.854166666666666297e-01,8.645833333333332593e-01,2.772159898553944180e-01,9.700308332963822333e-02,-7.294539264915173016e-02,6.088272938348748831e-01,-3.271630195189583645e+00
4.062500000000000000e-01,8.645833333333332593e-01,2.931626147863213294e-01,8.636635812289839009e-02,-7.713286009813964672e-02,6.061144434909758738e-01,-3.329929916587292205e+00
4.270833333333333148e-01,8.645833333333332593e-01,3.077136758995306920e-01,7.634711450706616054e-02,-8.095567937992573238e-02,6.041387922821142009e-01,-3.382004380852935643e+00
4.479166666666666297e-01,8.645833333333332593e-01,3.208758121131608521e-01,6.681424414153858127e-02,-8.434063875024069845e-02,6.028123565467482514e-01,-3.429397475292034869e+00
4.687500000000000000e-01,8.645833333333332593e-01,3.326413779114834046e-01,5.763251830369867101e-02,-8.721850939935589520e-02,6.020597842603000460e-01,-3.473505577356946539e+00
4.895833333333333148e-01,8.645833333333332593e-01,3.429859949158118315e-01,4.866374008281929009e-02,-8.951970799261282918e-02,6.018159921238740440e-01,-3.515620748416636854e+00
5.104166666666666297e-01,8.645833333333332593e-01,3.518666518571055279e-01,3.976695381787713479e-02,-9.117082253953914805e-02,6.020237532858048191e-01,-3.556967015515807518e+00
5.312500000000000000e-01,8.645833333333332593e-01,3.592200228653041894e-01,3.079781654694700721e-02,-9.209188414242922005e-02,6.026311288827792545e-01,-3.598732527911911561e+00
5.520833333333332593e-01,8.645833333333332593e-01,3.649607390553697428e-01,2.160720758278001502e-02,-9.219428196032462830e-02,6.035885417679981435e-01,-3.642099201598752778e+00
5.729166666666666297e-01,8.645833333333332593e-01,3.689793555778569933e-01,1.203913876087030384e-02,-9.137925540989515205e-02,6.048451352661384783e-01,-3.688270410561673263e+00
5.937500000000000000e-01,8.645833333333332593e-01,3.711396768189864082e-01,1.928000121454900200e-03,-8.953694690402602685e-02,6.063438003279633115e-01,-3.738497702275407342e+00
6.145833333333332593e-01,8.645833333333332593e-01,3.712749467419964589e-01,-8.905020593286749192e-03,-8.651528771470319568e-02,6.080139741926069430e-01,-3.793769043536550534e+00
6.354166666666666297e-01,8.645833333333332593e-01,3.691827880163244258e-01,-2.064292343751466391e-02,-8.211672182790891172e-02,6.097790046993534219e-01,-3.855327583642412570e+00
6.562500000000000000e-01,8.645833333333332593e-01,3.646218467328843360e-01,-3.349735627567175522e-02,-7.619055080071526764e-02,6.115596684330264488e-01,-3.925219866475571973e+00
6.770833333333332593e-01,8.645833333333332593e-01,3.573091529027268010e-01,-4.772270768884266656e-02,-6.857212242557206294e-02,6.132455064707521553e-01,-4.006068379789423872e+00
6.979166666666666297e-01,8.645833333333332593e-01,3.469154125057954952e-01,-6.363550270188550462e-02,-5.908455539562526559e-02,6.146789416591788013e-01,-4.101246273266115239e+00
7.187500000000000000e-01,8.645833333333332593e-01,3.330598519074848829e-01,-8.164230331044682043e-02,-4.754092843489055031e-02,6.156309329531961527e-01,-4.215079480867063744e+00
7.395833333333332593e-01,8.645833333333332593e-01,3.153066864599123331e-01,-1.022783818506474290e-01,-3.374751215288716855e-02,6.157641539516743867e-01,-4.352952649904655580e+00
7.604166666666666297e-01,8.645833333333332593e-01,2.931678951102119068e-01,-1.262581006600090872e-01,-1.750920619279153559e-02,6.145784790101431749e-01,-4.521062150213210451e+00
7.812500000000000000e-01,8.645833333333332593e-01,2.661224142863731768e-01,-1.545328961369811793e-01,1.360349014700026199e-03,6.113328968396096741e-01,-4.725225358406595078e+00
8.020833333333332593e-01,8.645833333333332593e-01,2.336721676890596289e-01,-1.883389781310561562e-01,2.301887261424318681e-02,6.049393105955596095e-01,-4.967486235769661640e+00
8.229166666666666297e-01,8.645833333333332593e-01,1.954730867045834097e-01,-2.291839766181706373e-01,4.755576923175494630e-02,5.938300080163918526e-01,-5.238016689564811479e+00
8.437500000000000000e-01,8.645833333333332593e-01,1.516054037202981541e-01,-2.786508153657357711e-01,7.491487670217267247e-02,5.758172820604539055e-01,-5.497772271907173547e+00
8.645833333333332593e-01,8.645833333333332593e-01,1.030739761317085446e-01,-3.377582469237245810e-01,1.047528348421474520e-01,5.479988992124324998e-01,-5.644775393636361827e+00
8.854166666666666297e-01,8.645833333333332593e-01,5.261807099625971651e-02,-4.053830822657738531e-01,1.362068417867816628e-01,5.068257341118422854e-01,-5.456270322392024141e+00
9.062500000000000000e-01,8.645833333333332593e-01,5.745736111828051579e-03,-4.749646473886550702e-01,1.675878883720774981e-01,4.485379760783942960e-01,-4.515384722834308917e+00
9.270833333333332593e-01,8.645833333333332593e-01,-2.886065909133146701e-02,-5.289551968573669161e-01,1.962246158136572993e-01,3.715969889403099580e-01,-2.226234800947574755e+00
9.479166666666666297e-01,8.645833333333332593e-01,-4.202458671620717956e-02,-5.336737325806597543e-01,2.181950928449819804e-01,2.783895967228971480e-01,1.971403087251824449e+00
9.687500000000000000e-01,8.645833333333332593e-01,-3.122670972778174639e-02,-4.403284568318336922e-01,2.293454511143353247e-01,1.723986732981812320e-01,8.168341633105283606e+00
9.895833333333332593e-01,8.645833333333332593e-01,-1.011332219671752172e-02,-2.006058058096208407e-01,2.262499431072305944e-01,5.827589760495686250e-02,1.161917811393766087e+01
1.041666666666666609e-02,8.854166666666666297e-01,-8.005987594741028127e-03,9.122302536945539608e-02,-9.521323147703239509e-02,9.790171842108852385e-01,5.745676334149090181e+00
3.125000000000000000e-02,8.854166666666666297e-01,-2.684574370094890833e-02,2.070997543222706239e-01,-9.890793429818721394e-02,9.378786816519378844e-01,4.704966162332299362e+00
5.208333333333332871e-02,8.854166666666666297e-01,-4.368696149089479341e-02,2.663767034194188810e-01,-9.298153825007707263e-02,8.987900512080040372e-01,2.558273349838866118e+00
7.291666666666665741e-02,8.854166666666666297e-01,-4.878442033240400211e-02,2.883886614513465063e-01,-8.143498085178837997e-02,8.626240219840890511e-01,9.660952578631143428e-01
9.375000000000000000e-02,8.854166666666666297e-01,-4.077721517167205711e-02,2.888441516887737537e-01,-6.807876241186880395e-02,8.297468640708886012e-01,-1.933802369179244973e-01
1.145833333333333287e-01,8.854166666666666297e-01,-2.202301528724801005e-02,2.778385728141464783e-01,-5.558298813567590091e-02,8.001658437792014134e-01,-1.048599264205967385e+00
1.354166666666666574e-01,8.854166666666666297e-01,4.224264497730409115e-03,2.612250116930838195e-01,-4.541424988067321866e-02,7.736986338560305487e-01,-1.691553266129458333e+00
1.562500000000000000e-01,8.854166666666666297e-01,3.499724194573396174e-02,2.422661528596420921e-01,-3.810629235203118192e-02,7.505425466069453044e-01,-2.181300076306768254e+00
1.770833333333333148e-01,8.854166666666666297e-01,6.799051674499867470e-02,2.227824018140685813e-01,-3.365368822947246985e-02,7.305970443316314178e-01,-2.559579845257531350e+00
1.979166666666666574e-01,8.854166666666666297e-01,1.015860133610801130e-01,2.036971828496808579e-01,-3.178266867362004866e-02,7.134228582047799083e-01,-2.857124258949993667e+00
2.187500000000000000e-01,8.854166666666666297e-01,1.347074008024748970e-01,1.854717233306195923e-01,-3.207283967296761795e-02,6.986450991613767370e-01,-3.094006631727360457e+00
2.395833333333333148e-01,8.854166666666666297e-01,1.666724828863981878e-01,1.683259784339655174e-01,-3.406667256508606745e-02,6.859434211103235812e-01,-3.283971277082571305e+00
2.604166666666666297e-01,8.854166666666666297e-01,1.970742284761551055e-01,1.523495005674366243e-01,-3.732951778573558033e-02,6.750429287818009438e-01,-3.436854138248751855e+00
2.812500000000000000e-01,8.854166666666666297e-01,2.256920552637056432e-01,1.375573650396509917e-01,-4.147808766079043308e-02,6.657068574745724776e-01,-3.559969077158234185e+00
3.020833333333333148e-01,8.854166666666666297e-01,2.524279777069828867e-01,1.239191249836943121e-01,-4.618995825456526094e-02,6.577309538786266785e-01,-3.658935335600958183e+00
3.229166666666666297e-01,8.854166666666666297e-01,2.772615067182668813e-01,1.113746380526070834e-01,-5.120236162969017679e-02,6.509391256009970927e-01,-3.738194329250993153e+00
3.437500000000000000e-01,8.854166666666666297e-01,3.002181601558592261e-01,9.984347160613198102e-02,-5.630548711154545471e-02,6.451799322795999103e-01,-3.801346097882136732e+00
3.645833333333333148e-01,8.854166666666666297e-01,3.213476614374290996e-01,8.923106174867156959e-02,-6.133345873453042996e-02,6.403236047761263761e-01,-3.851376018135654000e+00
3.854166666666666297e-01,8.854166666666666297e-01,3.407089516695402387e-01,7.943308993596337464e-02,-6.615482605765207746e-02,6.362593948799137866e-01,-3.890811860185418247e+00
4.062500000000000000e-01,8.854166666666666297e-01,3.583599449902097334e-01,7.033873326497686040e-02,-7.066356455048129759e-02,6.328931441587217765e-01,-3.921835235858240232e+00
4.270833333333333148e-01,8.854166666666666297e-01,3.743505461102547560e-01,6.183307713173324949e-02,-7.477106243426531740e-02,6.301450138927320310e-01,-3.946362701356514791e+00
4.479166666666666297e-01,8.854166666666666297e-01,3.887178720972226387e-01,5.379881931627347735e-02,-7.839925999632940679e-02,6.279473441687594137e-01,-3.966106695127121107e+00
4.687500000000000000e-01,8.854166666666666297e-01,4.014829211917807505e-01,4.611732823608313825e-02,-8.147493038921597985e-02,6.262426157119497239e-01,-3.982623355814856936e+00
4.895833333333333148e-01,8.854166666666666297e-01,4.126481437771514216e-01,3.866909056073565554e-02,-8.392499925636950908e-02,6.249814770216115534e-01,-3.997352170046816422e+00
5.104166666666666297e-01,8.854166666666666297e-01,4.221955189523822760e-01,3.133357122343628787e-02,-8.567276317764757620e-02,6.241207721773153194e-01,-4.011650799126862843e+00
5.312500000000000000e-01,8.854166666666666297e-01,4.300848401580321667e-01,2.398850692753920488e-02,-8.663486521875699009e-02,6.236214563115153320e-01,-4.026826857498254419e+00
5.520833333333332593e-01,8.854166666666666297e-01,4.362519689350630725e-01,1.650867223509142057e-02,-8.671891106249890457e-02,6.234462012479290438e-01,-4.044166288324731795e+00
5.729166666666666297e-01,8.854166666666666297e-01,4.406068043771723675e-01,8.764222143962335440e-03,-8.582166247606880238e-02,6.235563240620954906e-01,-4.064954756557157545e+00
5.937500000000000000e-01,8.854166666666666297e-01,4.430305412136149590e-01,6.188586607909457409e-04,-8.382783380249278493e-02,6.239071861454024148e-01,-4.090486433892761120e+00
6.145833333333332593e-01,8.854166666666666297e-01,4.433712903662558324e-01,-8.071898208273742964e-03,-8.057367907555292030e-02,6.244366390755332619e-01,-4.121810474471190311e+00
6.354166666666666297e-01,8.854166666666666297e-01,4.414400026074914440e-01,-1.745259933809120007e-02,-7.586861977962407189e-02,6.250866069590047536e-01,-4.160383197070490091e+00
6.562500000000000000e-01,8.854166666666666297e-01,4.370073779107940259e-01,-2.769411439495773897e-02,-6.955104632769266992e-02,6.258015055614464250e-01,-4.208552449292057851e+00
6.770833333333332593e-01,8.854166666666666297e-01,4.297988311935194150e-01,-3.900470902212456459e-02,-6.144196080198185972e-02,6.265000822664211766e-01,-4.269241307757154047e+00
6.979166666666666297e-01,8.854166666666666297e-01,4.194867001432229792e-01,-5.164762992137592046e-02,-5.134474795099028266e-02,6.270624762481844527e-01,-4.346194378045373341e+00
7.187500000000000000e-01,8.854166666666666297e-01,4.056799396832606597e-01,-6.596785503268343120e-02,-3.904457031776528697e-02,6.273093055005831697e-01,-4.444284263968792281e+00
7.395833333333332593e-01,8.854166666666666297e-01,3.879117883791842192e-01,-8.243151337676180024e-02,-2.430748674013476565e-02,6.269687692639960286e-01,-4.569831407374612908e+00
7.604166666666666297e-01,8.854166666666666297e-01,3.656275931070064877e-01,-1.016819825120165444e-01,-6.879725947419985943e-03,6.256258892407696726e-01,-4.730785577132696318e+00
7.812500000000000000e-01,8.854166666666666297e-01,3.381792528541671672e-01,-1.246151932082956160e-01,1.351145534444609872e-02,6.226461725753263954e-01,-4.936354944619544938e+00
8.020833333333332593e-01,8.854166666666666297e-01,3.048421914296420843e-01,-1.524693730379031442e-01,3.715147411062265370e-02,6.170651897146145481e-01,-5.195081215645210193e+00
8.229166666666666297e-01,8.854166666666666297e-01,2.648898848097755998e-01,-1.869021941069809456e-01,6.431744389426162500e-02,6.074384563412881244e-01,-5.509125413611838162e+00
8.437500000000000000e-01,8.854166666666666297e-01,2.177959065837425934e-01,-2.299709366666072008e-01,9.522235368332723771e-02,5.916581728973145937e-01,-5.860126169273360830e+00
8.645833333333332593e-01,8.854166666666666297e-01,1.636876665509987283e-01,-2.837984580015197045e-01,1.298849596212531821e-01,5.667750342825499388e-01,-6.177842877040552239e+00
8.854166666666666297e-01,8.854166666666666297e-01,1.042315300262658534e-01,-3.494308295277970267e-01,1.678612316429851647e-01,5.289301434256357126e-01,-6.277407510772324173e+00
9.062500000000000000e-01,8.854166666666666297e-01,4.408746871036357817e-02,-4.239005039262979668e-01,2.077725122884785114e-01,4.736204959763288813e-01,-5.751026699032777856e+00
9.270833333333332593e-01,8.854166666666666297e-01,-7.390522976879284126e-03,-4.939349534293216992e-01,2.466848366816996874e-01,3.966837951648853888e-01,-3.857729992003529063e+00
9.479166666666666297e-01,8.854166666666666297e-01,-3.688199884023378450e-02,-5.260385725204747009e-01,2.797277655860487822e-01,2.993658288107567400e-01,3.390460874748366660e-01
9.687500000000000000e-01,8.854166666666666297e-01,-3.506392345672187244e-02,-4.605795692639560457e-01,3.000346276984061644e-01,1.864854670311497653e-01,7.411006040187908539e+00
9.895833333333332593e-01,8.854166666666666297e-01,-1.290643817947312831e-02,-2.236255661858115029e-01,3.006278791589575561e-01,6.332767824261342771e-02,1.153225523109042250e+01
1.041666666666666609e-02,9.062500000000000000e-01,-1.263061362231212605e-02,1.118596265865085537e-01,-1.194299429897765913e-01,9.799612934777083284e-01,6.001976555343663478e+00
3.125000000000000000e-02,9.062500000000000000e-01,-3.866863397661996632e-02,2.313409295657331555e-01,-1.210615438826758011e-01,9.410967340654102786e-01,4.533213071879226064e+00
5.208333333333332871e-02,9.062500000000000000e-01,-5.632665841554729269e-02,2.766347704048295331e-01,-1.077059510949310434e-01,9.048181969101178890e-01,1.622081095306172616e+00
7.291666666666665741e-02,9.062500000000000000e-01,-5.504767806977164946e-02,2.819490729616694336e-01,-8.798996337577867644e-02,8.718533935494808818e-01,-3.333805399981762951e-01
9.375000000000000000e-02,9.062500000000000000e-01,-3.667010171092106863e-02,2.688989586588682590e-01,-6.792245591190505805e-02,8.423190286276568406e-01,-1.640741662636117537e+00
1.145833333333333287e-01,9.062500000000000000e-01,-6.395078926167567339e-03,2.487545431748743874e-01,-5.068722582637111285e-02,8.159759304835251248e-01,-2.533684161905485510e+00
1.354166666666666574e-01,9.062500000000000000e-01,3.085689890073857466e-02,2.268097837204713363e-01,-3.748221606425823638e-02,7.926609480332722502e-01,-3.157499701071179388e+00
1.562500000000000000e-01,9.062500000000000000e-01,7.139341748672378696e-02,2.053718847982657913e-01,-2.838441671346362064e-02,7.724766598646679583e-01,-3.601894089990665293e+00
1.770833333333333148e-01,9.062500000000000000e-01,1.127501214686318365e-01,1.853266910942721057e-01,-2.302922416703366906e-02,7.549782137365851353e-01,-3.924372187425285041e+00
1.979166666666666574e-01,9.062500000000000000e-01,1.533954089762738504e-01,1.669121094457538812e-01,-2.082857548468780226e-02,7.397573813168083490e-01,-4.161134696946652944e+00
2.187500000000000000e-01,9.062500000000000000e-01,1.924168241555940240e-01,1.501139941138316392e-01,-2.114528606309331107e-02,7.264738841089084520e-01,-4.335088676750280534e+00
2.395833333333333148e-01,9.062500000000000000e-01,2.293034671535429114e-01,1.348319825688812923e-01,-2.337960934586376729e-02,7.148485293551709585e-01,-4.461565846886694331e+00
2.604166666666666297e-01,9.062500000000000000e-01,2.638010597332596796e-01,1.209441582630471357e-01,-2.700620449577765050e-02,7.046510855266807649e-01,-4.551353167793664944e+00
2.812500000000000000e-01,9.062500000000000000e-01,2.958169124612630707e-01,1.083290278284865238e-01,-3.158455906713585060e-02,6.956899188168577108e-01,-4.612373410678772601e+00
3.020833333333333148e-01,9.062500000000000000e-01,3.253577178150556248e-01,9.687073439778896844e-02,-3.675593112648929683e-02,6.878042330541112026e-01,-4.650663112664075172e+00
3.229166666666666297e-01,9.062500000000000000e-01,3.524886268740499151e-01,8.645859056823407274e-02,-4.223401080912160543e-02,6.808584028019699641e-01,-4.670967924625611722e+00
3.437500000000000000e-01,9.062500000000000000e-01,3.773061273339791688e-01,7.698536519298346259e-02,-4.779320615261538341e-02,6.747377586021278129e-01,-4.677119697181655766e+00
3.645833333333333148e-01,9.062500000000000000e-01,3.999199343607793278e-01,6.834585985345001391e-02,-5.325662873900068039e-02,6.693453261958967060e-01,-4.672283757888441080e+00
3.854166666666666297e-01,9.062500000000000000e-01,4.204408222127588024e-01,6.043611374709434436e-02,-5.848483460882586416e-02,6.645991848538778113e-01,-4.659126397988477386e+00
4.062500000000000000e-01,9.062500000000000000e-01,4.389724034761845473e-01,5.315313486975062340e-02,-6.336580144859266239e-02,6.604302348292682145e-01,-4.639932214859440407e+00
4.270833333333333148e-01,9.062500000000000000e-01,4.556055411740154160e-01,4.639493670908360901e-02,-6.780629817438917073e-02,6.567802460098984829e-01,-4.616689616188649481e+00
4.479166666666666297e-01,9.062500000000000000e-01,4.704145088478074443e-01,4.006066607816313740e-02,-7.172462195335987944e-02,6.536001075480624145e-01,-4.591156167321826409e+00
4.687500000000000000e-01,9.062500000000000000e-01,4.834542889815646172e-01,3.405065224587823514e-02,-7.504458202194835836e-02,6.508482205034299417e-01,-4.564911409975258572e+00
4.895833333333333148e-01,9.062500000000000000e-01,4.947585783217823274e-01,2.826625462535215655e-02,-7.769056600133458779e-02,6.484889781243010631e-01,-4.539402149929820496e+00
5.104166666666666297e-01,9.062500000000000000e-01,5.043381848541950152e-01,2.260942545117627933e-02,-7.958351329599543111e-02,6.464912631237605956e-01,-4.515983252243035651e+00
5.312500000000000000e-01,9.062500000000000000e-01,5.121795762727199275e-01,1.698194007562438962e-02,-8.063763102722781850e-02,6.448268568375785659e-01,-4.495954928713961074e+00
5.520833333333332593e-01,9.062500000000000000e-01,5.182433829519900170e-01,1.128430363070532377e-02,-8.075771864147868184e-02,6.434686048454270058e-01,-4.480594014914670353e+00
5.729166666666666297e-01,9.062500000000000000e-01,5.224626568601047349e-01,5.414481398124359503e-03,-7.983703305978168130e-02,6.423881740892097847e-01,-4.471168324664795968e+00
5.937500000000000000e-01,9.062500000000000000e-01,5.247404912122820564e-01,-7.329717819909766516e-04,-7.775581761917306489e-02,6.415536558915357901e-01,-4.468916578880747004e+00
6.145833333333332593e-01,9.062500000000000000e-01,5.249455918460805837e-01,-7.265917551931224024e-03,-7.434108880404115272e-02,6.408987770871060752e-01,-4.474971794928331192e+00
6.354166666666666297e-01,9.062500000000000000e-01,5.229098717075775227e-01,-1.429157209716621496e-02,-6.941514428224636324e-02,6.403952782241582042e-01,-4.490996875247137865e+00
6.562500000000000000e-01,9.062500000000000000e-01,5.184260891026867268e-01,-2.193873433429457259e-02,-6.280627401911116625e-02,6.400033762012874439e-01,-4.519494276483708717e+00
6.770833333333332593e-01,9.062500000000000000e-01,5.112406918661900335e-01,-3.036614512901640583e-02,-5.432273148915676975e-02,6.396643311796740283e-01,-4.563542673974248842e+00
6.979166666666666297e-01,9.062500000000000000e-01,5.010436989137938557e-01,-3.977706981179154194e-02,-4.375016675061030313e-02,6.392894847776604550e-01,-4.627073153148819173e+00
7.187500000000000000e-01,9.062500000000000000e-01,4.874544794507986722e-01,-5.044243521931018881e-02,-3.084791420033072482e-02,6.387427685777348207e-01,-4.715235361173736095e+00
7.395833333333332593e-01,9.062500000000000000e-01,4.700022009545214430e-01,-6.273650338978144225e-02,-1.534350234643464331e-02,6.378125252762379960e-01,-4.834861494706154339e+00
7.604166666666666297e-01,9.062500000000000000e-01,4.481002809925404562e-01,-7.719087726483817025e-02,3.075281092949508355e-03,6.361664679976448689e-01,-4.994977212782660381e+00
7.812500000000000000e-01,9.062500000000000000e-01,4.210164797863009678e-01,-9.457415699639509787e-02,2.477113324232458821e-02,6.332809025385243151e-01,-5.207138835479474537e+00
8.020833333333332593e-01,9.062500000000000000e-01,3.878468841089247054e-01,-1.160037521479024003e-01,5.016983697757389227e-02,6.283325381580112667e-01,-5.484938723562597929e+00
8.229166666666666297e-01,9.062500000000000000e-01,3.475184153097059525e-01,-1.430870395778964244e-01,7.976974335533841554e-02,6.200402124771615675e-01,-5.840972942509753629e+00
8.437500000000000000e-01,9.062500000000000000e-01,2.988810635454827724e-01,-1.780547612054355078e-01,1.141325284181173294e-01,6.064495433298724425e-01,-6.277203302054457090e+00
8.645833333333332593e-01,9.062500000000000000e-01,2.410242031472084046e-01,-2.237495330316731368e-01,1.538144029727891715e-01,5.846766282558341077e-01,-6.759672388710822766e+00
8.854166666666666297e-01,9.062500000000000000e-01,1.740746713536616141e-01,-2.830740861793639152e-01,1.991448887252550148e-01,5.506876683078639756e-01,-7.159163222176969654e+00
9.062500000000000000e-01,9.062500000000000000e-01,1.008677246700024621e-01,-3.569062392751696788e-01,2.496788461836751127e-01,4.993203429173163621e-01,-7.126178568189954987e+00
9.270833333333332593e-01,9.062500000000000000e-01,2.974002198130550750e-02,-4.383235237045101651e-01,3.031121201127521814e-01,4.249749815420011401e-01,-5.870810092865669461e+00
9.479166666666666297e-01,9.062500000000000000e-01,-2.279612286229305493e-02,-4.996223815383331601e-01,3.538821199085491198e-01,3.242301450912261629e-01,-2.020991169224319872e+00
9.687500000000000000e-01,9.062500000000000000e-01,-3.760562173428144694e-02,-4.740043367576211031e-01,3.916822515317952558e-01,2.036343117416453963e-01,5.860598390261041679e+00
9.895833333333332593e-01,9.062500000000000000e-01,-1.671595066919599054e-02,-2.532479550344806096e-01,4.021256989635948464e-01,6.966113561245403096e-02,1.077837075712674242e+01
1.041666666666666609e-02,9.270833333333332593e-01,-1.912573810894446433e-02,1.436159783177651250e-01,-1.662037004649516703e-01,9.812833169628415453e-01,5.761330115015799613e+00
3.125000000000000000e-02,9.270833333333332593e-01,-5.095447787759567471e-02,2.574513379574356331e-01,-1.578233836294376802e-01,9.455606367286989444e-01,3.522946817507308648e+00
5.208333333333332871e-02,9.270833333333332593e-01,-6.066553039938237663e-02,2.778934389738411115e-01,-1.282792949855598441e-01,9.129151269539960145e-01,-4.957721435835498180e-01
7.291666666666665741e-02,9.270833333333332593e-01,-4.262937624510793055e-02,2.613752698926077866e-01,-9.482424972563861798e-02,8.837401733314501628e-01,-2.845125247290489323e+00
9.375000000000000000e-02,9.270833333333332593e-01,-5.607509015295539245e-03,2.340733181392669615e-01,-6.542688621472568522e-02,8.578676238830169609e-01,-4.223996467128632304e+00
1.145833333333333287e-01,9.270833333333332593e-01,4.145798318708363017e-02,2.062396687073430046e-01,-4.258181352784019824e-02,8.349827473019689750e-01,-5.044980356157378054e+00
1.354166666666666574e-01,9.270833333333332593e-01,9.240409366575427774e-02,1.811265698824259252e-01,-2.626826005653310966e-02,8.150298136973036511e-01,-5.538954431514832244e+00
1.562500000000000000e-01,9.270833333333332593e-01,1.435930697358124564e-01,1.593296039802678254e-01,-1.570606959492948720e-02,7.975468636877477424e-01,-5.833539560658293155e+00
1.770833333333333148e-01,9.270833333333332593e-01,1.930462492018736320e-01,1.405590884643008187e-01,-9.857842396906728311e-03,7.821259188082706482e-01,-6.001281394850298767e+00
1.979166666666666574e-01,9.270833333333332593e-01,2.397539287534168340e-01,1.243267450165399385e-01,-7.710764180825290665e-03,7.684320951001000211e-01,-6.084690248018635117e+00
2.187500000000000000e-01,9.270833333333332593e-01,2.832559687901973211e-01,1.101759033269449073e-01,-8.375080522016908890e-03,7.561997293994141556e-01,-6.110174589900732478e+00
2.395833333333333148e-01,9.270833333333332593e-01,3.234012239892259388e-01,9.773817515879054674e-02,-1.110629324659762052e-02,7.452185033830159844e-01,-6.095018226977427567e+00
2.604166666666666297e-01,9.270833333333332593e-01,3.602109890604963671e-01,8.673060802215068477e-02,-1.529791656656433532e-02,7.353199328309627525e-01,-6.051052340845336275e+00
2.812500000000000000e-01,9.270833333333332593e-01,3.938008568433963297e-01,7.693685755847962104e-02,-2.046430780329873064e-02,7.263669721056803530e-01,-5.986694927493854124e+00
3.020833333333333148e-01,9.270833333333332593e-01,4.243351701410668642e-01,6.818778601633279646e-02,-2.622136006849404635e-02,7.182466153565039146e-01,-5.908139455524202610e+00
3.229166666666666297e-01,9.270833333333332593e-01,4.519998010395285259e-01,6.034599899223420938e-02,-3.226800215833643126e-02,7.108647230740775536e-01,-5.820076641593258771e+00
3.437500000000000000e-01,9.270833333333332593e-01,4.769854168236441483e-01,5.329484052493852625e-02,-3.836951632605974105e-02,7.041423497220918870e-01,-5.726148635704023881e+00
3.645833333333333148e-01,9.270833333333332593e-01,4.994768999035583690e-01,4.693109441478062610e-02,-4.434293220907123412e-02,6.980130432991216161e-01,-5.629244618745041784e+00
3.854166666666666297e-01,9.270833333333332593e-01,5.196464932686940541e-01,4.116039796864855854e-02,-5.004446612372662195e-02,6.924207670782619450e-01,-5.531700120535165688e+00
4.062500000000000000e-01,9.270833333333332593e-01,5.376492769046756770e-01,3.589448574878904147e-02,-5.535886186196975478e-02,6.873182236884675111e-01,-5.435436925480242820e+00
4.270833333333333148e-01,9.270833333333332593e-01,5.536201446598609799e-01,3.104958037702897772e-02,-6.019044278294247152e-02,6.826654459831527078e-01,-5.342065943463725652e+00
4.479166666666666297e-01,9.270833333333332593e-01,5.676717612724266893e-01,2.654543812385995460e-02,-6.445566621486076286e-02,6.784285690347829911e-01,-5.252966885458760338e+00
4.687500000000000000e-01,9.270833333333332593e-01,5.798931518212722125e-01,2.230470951757881903e-02,-6.807696651422316669e-02,6.745787227302140199e-01,-5.169353422354650895e+00
4.895833333333333148e-01,9.270833333333332593e-01,5.903486732295253336e-01,1.825238660518074124e-02,-7.097767766741439055e-02,6.710909904286638250e-01,-5.092329277245780439e+00
5.104166666666666297e-01,9.270833333333332593e-01,5.990771732461143140e-01,1.431518692234599183e-02,-7.307783783522632526e-02,6.679433665948341092e-01,-5.022938430679294797e+00
5.312500000000000000e-01,9.270833333333332593e-01,6.060911737006429156e-01,1.042078673140114063e-02,-7.429069565368681682e-02,6.651156087953948859e-01,-4.962210347606888838e+00
5.520833333333332593e-01,9.270833333333332593e-01,6.113759275456742692e-01,6.496896450627238917e-03,-7.451975963157117522e-02,6.625877956512811195e-01,-4.911197510454838877e+00
5.729166666666666297e-01,9.270833333333332593e-01,6.148882091588425691e-01,2.470333056919424806e-03,-7.365623927178416297e-02,6.603381995308442720e-01,-4.870995805704202652e+00
5.937500000000000000e-01,9.270833333333332593e-01,6.165549997169238461e-01,-1.733448351044744769e-03,-7.157658315260008453e-02,6.583394404212109530e-01,-4.842629922404781517e+00
6.145833333333332593e-01,9.270833333333332593e-01,6.162698481730943811e-01,-6.185390072846512488e-03,-6.810744286635607436e-02,6.565425096114886339e-01,-4.827290806883989482e+00
6.354166666666666297e-01,9.270833333333332593e-01,6.138920556270921480e-01,-1.095858689174559510e-02,-6.308324568054841930e-02,6.549288847001784042e-01,-4.826825888074115056e+00
6.562500000000000000e-01,9.270833333333332593e-01,6.092450663990983672e-01,-1.614094770683055860e-02,-5.632475801288785999e-02,6.534705640209506061e-01,-4.843726148564420519e+00
6.770833333333332593e-01,9.270833333333332593e-01,6.021081071316161104e-01,-2.184157525250154247e-02,-4.763092464701484952e-02,6.521254129618957451e-01,-4.881091281498410872e+00
6.979166666666666297e-01,9.270833333333332593e-01,5.922051247674633423e-01,-2.820166437175752189e-02,-3.677405670007950766e-02,6.508289211031440535e-01,-4.942899492456342969e+00
7.187500000000000000e-01,9.270833333333332593e-01,5.791886461541764231e-01,-3.541214258306187718e-02,-2.349326030905064464e-02,6.494803725475203349e-01,-5.034389702529352029e+00
7.395833333333332593e-01,9.270833333333332593e-01,5.626159086130793074e-01,-4.374177998865552697e-02,-7.484622601635189387e-03,6.479198639820104022e-01,-5.162599813382366953e+00
7.604166666666666297e-01,9.270833333333332593e-01,5.419139900330036674e-01,-5.358176212390741711e-02,1.161377681445235899e-02,6.458903552030553774e-01,-5.337093330465354946e+00
7.812500000000000000e-01,9.270833333333332593e-01,5.163304961160810613e-01,-6.551597701416372876e-02,3.424467660627723148e-02,6.429756657762644156e-01,-5.570835275584956392e+00
8.020833333333332593e-01,9.270833333333332593e-01,4.848684223299156715e-01,-8.043026266659215884e-02,6.096561132467619160e-02,6.385009704612251147e-01,-5.880933075421637568e+00
8.229166666666666297e-01,9.270833333333332593e-01,4.462127483568155695e-01,-9.967638628688782476e-02,9.249710216876685931e-02,6.313776840263490842e-01,-6.288248950913514435e+00
8.437500000000000000e-01,9.270833333333332593e-01,3.986835507155682690e-01,-1.252988650909736823e-01,1.297836030871717394e-01,6.198728648439986166e-01,-6.813003642881298560e+00
8.645833333333332593e-01,9.270833333333332593e-01,3.403213577733545936e-01,-1.602863758056468635e-01,1.740475263629213953e-01,6.012934690245300695e-01,-7.458741192340523796e+00
8.854166666666666297e-01,9.270833333333332593e-01,2.693732913734763756e-01,-2.086396452119652078e-01,2.267595102817920039e-01,5.716193099235172825e-01,-8.165710030294583532e+00
9.062500000000000000e-01,9.270833333333332593e-01,1.857621381931321147e-01,-2.745225803785650287e-01,2.892962101122467100e-01,5.252374344579232579e-01,-8.690177412234421084e+00
9.270833333333332593e-01,9.270833333333332593e-01,9.451042196269346385e-02,-3.583277636819792722e-01,3.617372935715284510e-01,4.551856923593401438e-01,-8.325285787174184549e+00
9.479166666666666297e-01,9.270833333333332593e-01,1.164515349100193192e-02,-4.442167282455740107e-01,4.399035647320352904e-01,3.547208633321489724e-01,-5.396838390188317014e+00
9.687500000000000000e-01,9.270833333333332593e-01,-3.288109654707940810e-02,-4.700742411403105447e-01,5.113708320334791058e-01,2.253945322460643996e-01,2.848639787609636542e+00
9.895833333333332593e-01,9.270833333333332593e-01,-2.049245628013972656e-02,-2.904563619838163024e-01,5.478248626213905181e-01,7.800985941586703609e-02,8.660732557217992067e+00
1.041666666666666609e-02,9.479166666666666297e-01,-2.501531580196277027e-02,1.877570322286723492e-01,-2.590318750862736774e-01,9.831592935525700350e-01,3.841381314007122683e+00
3.125000000000000000e-02,9.479166666666666297e-01,-5.118062405001518045e-02,2.713043320632320121e-01,-2.154690045542204391e-01,9.516373055886265808e-01,7.416620533266748971e-02
5.208333333333332871e-02,9.479166666666666297e-01,-3.174555383106056339e-02,2.543164271708767687e-01,-1.521246916931723592e-01,9.233944595682075374e-01,-5.184582165410104082e+00
7.291666666666665741e-02,9.479166666666666297e-01,1.967908639942459251e-02,2.154914873108124684e-01,-9.754251570697655693e-02,8.982403745103000325e-01,-7.600652969971151585e+00
9.375000000000000000e-02,9.479166666666666297e-01,8.419414990084050920e-02,1.784201699898339821e-01,-5.676111615666730448e-02,8.763174448636497083e-01,-8.676836739646248020e+00
1.145833333333333287e-01,9.479166666666666297e-01,1.508656876568821581e-01,1.481557868983552073e-01,-2.847152391496324611e-02,8.570070715692716945e-01,-9.099196449751286053e+00
1.354166666666666574e-01,9.479166666666666297e-01,2.147366021534480307e-01,1.243934267161772023e-01,-1.004320934004291482e-02,8.398132361828749559e-01,-9.187647944909000941e+00
1.562500000000000000e-01,9.479166666666666297e-01,2.738900844293609138e-01,1.057202888005454450e-01,9.497303730865609694e-04,8.243445214770810381e-01,-9.098129081057367173e+00
1.770833333333333148e-01,9.479166666666666297e-01,3.278006539569996991e-01,9.080465465032327987e-02,6.431633666944724242e-03,8.103062634123109342e-01,-8.911472822362592083e+00
1.979166666666666574e-01,9.479166666666666297e-01,3.765409841730277263e-01,7.863316906294626207e-02,7.867852652193118787e-03,7.974777099570339312e-01,-8.672312526681816180e+00
2.187500000000000000e-01,9.479166666666666297e-01,4.204188622103751660e-01,6.848956120641058742e-02,6.368852375332540589e-03,7.856918126221615895e-01,-8.406530298982898941e+00
2.395833333333333148e-01,9.479166666666666297e-01,4.598172646394748098e-01,5.988085965119659820e-02,2.781670667158665095e-03,7.748195106915831687e-01,-8.129726412074719022e+00
2.604166666666666297e-01,9.479166666666666297e-01,4.951269230015044043e-01,5.246850009644458274e-02,-2.242506120648309065e-03,7.647585388568670650e-01,-7.851599594971506058e+00
2.812500000000000000e-01,9.479166666666666297e-01,5.267197124343557801e-01,4.601630826843441935e-02,-8.200326049167074027e-03,7.554258637758897166e-01,-7.578327838255287219e+00
3.020833333333333148e-01,9.479166666666666297e-01,5.549393365623186414e-01,4.035439788074465101e-02,-1.470174941969515717e-02,7.467526872242545855e-01,-7.313915082107807386e+00
3.229166666666666297e-01,9.479166666666666297e-01,5.800988747823747627e-01,3.535521800930448155e-02,-2.144438868268257539e-02,7.386811385501594884e-01,-7.060980038865588782e+00
3.437500000000000000e-01,9.479166666666666297e-01,6.024807492441932588e-01,3.091813126193422925e-02,-2.819369718964808216e-02,7.311620335841458873e-01,-6.821234585411540152e+00
3.645833333333333148e-01,9.479166666666666297e-01,6.223373509188661057e-01,2.695971892319778962e-02,-3.476716999004177133e-02,7.241532919072543040e-01,-6.595785337763664380e+00
3.854166666666666297e-01,9.479166666666666297e-01,6.398917185690657927e-01,2.340781244489605062e-02,-4.102145717290320293e-02,7.176187577227106651e-01,-6.385332567241571056e+00
4.062500000000000000e-01,9.479166666666666297e-01,6.553381244462417321e-01,2.019788175938407038e-02,-4.684171700887219958e-02,7.115272698992052280e-01,-6.190308409886394081e+00
4.270833333333333148e-01,9.479166666666666297e-01,6.688425745267415623e-01,1.727086653074871511e-02,-5.213277018353161540e-02,7.058518883369149233e-01,-6.010978434771007350e+00
4.479166666666666297e-01,9.479166666666666297e-01,6.805432582158056354e-01,1.457185166851040006e-02,-5.681174007922544511e-02,7.005692187845175001e-01,-5.847520567298938765e+00
4.687500000000000000e-01,9.479166666666666297e-01,6.905509633943291981e-01,1.204920024555942472e-02,-6.080192855339404401e-02,6.956587946692275315e-01,-5.700089666972969482e+00
4.895833333333333148e-01,9.479166666666666297e-01,6.989494422784570116e-01,9.653895584819148848e-03,-6.402771142046757846e-02,6.911024760958824897e-01,-5.568872791588733939e+00
5.104166666666666297e-01,9.479166666666666297e-01,7.057956862587193569e-01,7.338933945856166569e-03,-6.641025914008782949e-02,6.868838116875752853e-01,-5.454138058323228400e+00
5.312500000000000000e-01,9.479166666666666297e-01,7.111200502846215521e-01,5.058675227460212448e-03,-6.786390707207666517e-02,6.829872701027216442e-01,-5.356277760574132962e+00
5.520833333333332593e-01,9.479166666666666297e-01,7.149261588797932720e-01,2.768145514365175086e-03,-6.829303367906106037e-02,6.793971641594797051e-01,-5.275841922453026633e+00
5.729166666666666297e-01,9.479166666666666297e-01,7.171904706294411902e-01,4.224906303652118267e-04,-6.758940888444502082e-02,6.760959138399048607e-01,-5.213555377179807770e+00
5.937500000000000000e-01,9.479166666666666297e-01,7.178610148493820287e-01,-2.022940702512672148e-03,-6.562383042649305720e-02,6.730560057517430694e-01,-5.170211041870544477e+00
6.145833333333332593e-01,9.479166666666666297e-01,7.168575702588793064e-01,-4.607301587046370127e-03,-6.223906324788747169e-02,6.702508566789563416e-01,-5.147016073322059349e+00
6.354166666666666297e-01,9.479166666666666297e-01,7.140720594100149476e-01,-7.373371982679207196e-03,-5.727235612718441227e-02,6.676639703055741171e-01,-5.145860416912698021e+00
6.562500000000000000e-01,9.479166666666666297e-01,7.093650235987816188e-01,-1.037213757666975711e-02,-5.054202120628141504e-02,6.652731753694197669e-01,-5.169171050997390715e+00
6.770833333333332593e-01,9.479166666666666297e-01,7.025587785970301979e-01,-1.366718111342874603e-02,-4.184296323108213644e-02,6.630467551061446363e-01,-5.220052638814917323e+00
6.979166666666666297e-01,9.479166666666666297e-01,6.934272771022478299e-01,-1.734157465189508501e-02,-3.094082436086268914e-02,6.609370912383902841e-01,-5.302534312729737742e+00
7.187500000000000000e-01,9.479166666666666297e-01,6.816806014392903235e-01,-2.150907802667983634e-02,-1.756357088975100608e-02,6.588700005368556267e-01,-5.421942412898481223e+00
7.395833333333332593e-01,9.479166666666666297e-01,6.669409069712745053e-01,-2.633241253592476586e-02,-1.388658288513998362e-03,6.567267179789819664e-01,-5.585464901375281954e+00
7.604166666666666297e-01,9.479166666666666297e-01,6.487049727364220253e-01,-3.205327676171008250e-02,1.797715461208889906e-02,6.543134210915314553e-01,-5.802999686875305763e+00
7.812500000000000000e-01,9.479166666666666297e-01,6.262861157263227563e-01,-3.904211144933914662e-02,4.103010125168723293e-02,6.513098738466274185e-01,-6.088395328839374621e+00
8.020833333333332593e-01,9.479166666666666297e-01,5.987253529787688322e-01,-4.788129169769747562e-02,6.842166732500327975e-02,6.471836811171720605e-01,-6.461144873090743701e+00
8.229166666666666297e-01,9.479166666666666297e-01,5.646601858400541740e-01,-5.950451614396760902e-02,1.010436940773069142e-01,6.410494830185127224e-01,-6.948309464882790998e+00
8.437500000000000000e-01,9.479166666666666297e-01,5.221462258134444978e-01,-7.542757756603700459e-02,1.401664591488203659e-01,6.314441095927247893e-01,-7.585404539652160771e+00
8.645833333333332593e-01,9.479166666666666297e-01,4.684643060404053427e-01,-9.811355061533072464e-02,1.876565119492918376e-01,6.159843673858154123e-01,-8.411632309307968569e+00
8.854166666666666297e-01,9.479166666666666297e-01,4.000763847096844295e-01,-1.314764826716822155e-01,2.462895998564415267e-01,5.908905972825931885e-01,-9.444736552036793853e+00
9.062500000000000000e-01,9.479166666666666297e-01,3.132703317097559337e-01,-1.812685367385752366e-01,3.200709579484233847e-01,5.504416763284942782e-01,-1.059165209883056491e+01
9.270833333333332593e-01,9.479166666666666297e-01,2.069327819132208979e-01,-2.539925412949953776e-01,4.140254643116214051e-01,4.866765009571532019e-01,-1.137352905089376875e+01
9.479166666666666297e-01,9.479166666666666297e-01,9.032566593722220205e-02,-3.490795661848676845e-01,5.314565330714366986e-01,3.902429978626670293e-01,-1.017846212840960263e+01
9.687500000000000000e-01,9.479166666666666297e-01,-2.538579956258581877e-03,-4.278209072694547643e-01,6.636770681183014053e-01,2.543570613186140750e-01,-2.839629159936184699e+00
9.895833333333332593e-01,9.479166666666666297e-01,-1.834404890695717424e-02,-3.292928671709132171e-01,7.679055898074566011e-01,8.964301354439739578e-02,3.915325848108567985e+00
1.041666666666666609e-02,9.687500000000000000e-01,-1.208869319012192273e-02,2.248610412207570630e-01,-4.465015833997481032e-01,9.856601751842494208e-01,-2.920504949014143481e+00
3.125000000000000000e-02,9.687500000000000000e-01,1.251465850908092467e-02,2.357622796199968784e-01,-2.909206829296135388e-01,9.590492438235932449e-01,-1.029922394119283524e+01
5.208333333333332871e-02,9.687500000000000000e-01,9.954588174028575209e-02,1.833921861639524753e-01,-1.657778805788643617e-01,9.354614357722426110e-01,-1.520845384797011057e+01
7.291666666666665741e-02,9.687500000000000000e-01,1.981682403226472378e-01,1.363687295048901793e-01,-8.468152148455497519e-02,9.147927755127304161e-01,-1.618138563522101592e+01
9.375000000000000000e-02,9.687500000000000000e-01,2.885916547241741958e-01,1.026044498928133930e-01,-3.469731619010893442e-02,8.963046663655347412e-01,-1.584571236130051020e+01
1.145833333333333287e-01,9.687500000000000000e-01,3.665644253197304359e-01,7.932719864377793528e-02,-4.456407398212607757e-03,8.794496085817348208e-01,-1.507153366669437311e+01
1.354166666666666574e-01,9.687500000000000000e-01,4.327872599391529018e-01,6.312826585476608021e-02,1.320437282819457610e-02,8.638874067144181046e-01,-1.417321839719544130e+01
1.562500000000000000e-01,9.687500000000000000e-01,4.890930093806821755e-01,5.152621794451438947e-02,2.257747226397877061e-02,8.494033991047744703e-01,-1.327171843947824215e+01
1.770833333333333148e-01,9.687500000000000000e-01,5.372704970627157905e-01,4.291066829668194887e-02,2.630347974084094528e-02,8.358558584173644279e-01,-1.241385328259048926e+01
1.979166666666666574e-01,9.687500000000000000e-01,5.787851905879131120e-01,3.627213167536236238e-02,2.609352965408710465e-02,8.231452248750857903e-01,-1.161628886002490191e+01
2.187500000000000000e-01,9.687500000000000000e-01,6.147757551694017497e-01,3.098215597515825703e-02,2.312029394173196334e-02,8.111968884162086280e-01,-1.088310682668000418e+01
2.395833333333333148e-01,9.687500000000000000e-01,6.461187633823731735e-01,2.664685424037789574e-02,1.822720740097247619e-02,7.999515425826849713e-01,-1.021317772395112655e+01
2.604166666666666297e-01,9.687500000000000000e-01,6.734964208015469245e-01,2.301518972605993973e-02,1.204291506816313091e-02,7.893597444665859664e-01,-9.603327822759942123e+00
2.812500000000000000e-01,9.687500000000000000e-01,6.974504145550000089e-01,1.992283545251459856e-02,5.046756635608036154e-03,7.793788304665395517e-01,-9.049702488295139347e+00
3.020833333333333148e-01,9.687500000000000000e-01,7.184205416364288777e-01,1.725811948727275918e-02,-2.391223605166796495e-03,7.699711520687014810e-01,-8.548344677957032900e+00
3.229166666666666297e-01,9.687500000000000000e-01,7.367710360401176217e-01,1.494146377903153751e-02,-9.983782805047622388e-03,7.611030442738435653e-01,-8.095434255978315008e+00
3.437500000000000000e-01,9.687500000000000000e-01,7.528080254630182822e-01,1.291302160748802191e-02,-1.750743024176956361e-02,7.527441933690977027e-01,-7.687385229096422634e+00
3.645833333333333148e-01,9.687500000000000000e-01,7.667909701600061911e-01,1.112528220598320121e-02,-2.478774728195403884e-02,7.448672166910760284e-01,-7.320887132761319194e+00
3.854166666666666297e-01,9.687500000000000000e-01,7.789401797399457816e-01,9.538671931971283435e-03,-3.168751569577790694e-02,7.374473507757408619e-01,-6.992926871001081679e+00
4.062500000000000000e-01,9.687500000000000000e-01,7.894418480691280937e-01,8.118948065950665899e-03,-3.809684711481614583e-02,7.304621916082590927e-01,-6.700805084299514824e+00
4.270833333333333148e-01,9.687500000000000000e-01,7.984515493511126216e-01,6.835648861697794440e-03,-4.392487122526583798e-02,7.238914563465976837e-01,-6.442151637013741272e+00
4.479166666666666297e-01,9.687500000000000000e-01,8.060967852913598630e-01,5.661149708250028806e-03,-4.909270925330809499e-02,7.177167481816245642e-01,-6.214941181155708705e+00
4.687500000000000000e-01,9.687500000000000000e-01,8.124789318614547007e-01,4.570050457201401718e-03,-5.352753237523232011e-02,7.119213089265734595e-01,-6.017508728797874795e+00
4.895833333333333148e-01,9.687500000000000000e-01,8.176747732460193374e-01,3.538725104484682568e-03,-5.715753250314753453e-02,7.064897379655149523e-01,-5.848565185233348451e+00
5.104166666666666297e-01,9.687500000000000000e-01,8.217377053188898994e-01,2.544928373057650864e-03,-5.990763982147757905e-02,7.014076375766185034e-01,-5.707212935847152835e+00
5.312500000000000000e-01,9.687500000000000000e-01,8.246986252930741390e-01,1.567396800172482507e-03,-6.169581897867264242e-02,6.966611033081409055e-01,-5.592960641133547739e+00
5.520833333333332593e-01,9.687500000000000000e-01,8.265664897174553882e-01,5.854509220999026733e-04,-6.242977514800243655e-02,6.922358974239333218e-01,-5.505733510021726396e+00
5.729166666666666297e-01,9.687500000000000000e-01,8.273285969911233773e-01,-4.212338006855711461e-04,-6.200382881126405288e-02,6.881152380967692217e-01,-5.445862979778477886e+00
5.937500000000000000e-01,9.687500000000000000e-01,8.269506675774516147e-01,-1.471831077730854356e-03,-6.029165570307007394e-02,6.842771950979159579e-01,-5.414089169515870381e+00
6.145833333333332593e-01,9.687500000000000000e-01,8.253784199480136419e-01,-2.582718991887548565e-03,-5.714947175775898780e-02,6.807057697582200584e-01,-5.411714878906370707e+00
6.354166666666666297e-01,9.687500000000000000e-01,8.225380703421645290e-01,-3.772094123124555831e-03,-5.241745900821095927e-02,6.773841365128597802e-01,-5.440682656500007042e+00
6.562500000000000000e-01,9.687500000000000000e-01,8.183333843932401042e-01,-5.061693676066606265e-03,-4.591623095284134981e-02,6.742924054429508818e-01,-5.503569257416388361e+00
6.770833333333332593e-01,9.687500000000000000e-01,8.126408633403456871e-01,-6.478858959386058110e-03,-3.744258914859945053e-02,6.714045071302252587e-01,-5.603732302702113977e+00
6.979166666666666297e-01,9.687500000000000000e-01,8.053021575512846475e-01,-8.059689522094366093e-03,-2.676354733198340816e-02,6.686832736745415007e-01,-5.745546640933650195e+00
7.187500000000000000e-01,9.687500000000000000e-01,7.961120754742501138e-01,-9.854205416488568889e-03,-1.360748466163569717e-02,6.660722552557440945e-01,-5.934778542346188068e+00
7.395833333333332593e-01,9.687500000000000000e-01,7.847994141020191439e-01,-1.193492930586926085e-02,2.349521559865144077e-03,6.634818124595078803e-01,-6.179179398033628701e+00
7.604166666666666297e-01,9.687500000000000000e-01,7.709959447393937015e-01,-1.441135639428775712e-02,2.150550662491486353e-02,6.607652765035122444e-01,-6.489434495587732776e+00
7.812500000000000000e-01,9.687500000000000000e-01,7.541856198817342705e-01,-1.745484994900278752e-02,4.436839514157082942e-02,6.576780014029262045e-01,-6.880687227091961233e+00
8.020833333333332593e-01,9.687500000000000000e-01,7.336203873474015369e-01,-2.134255791614714237e-02,7.161633610846963871e-02,6.538072198979270055e-01,-7.374983448914613327e+00
8.229166666666666297e-01,9.687500000000000000e-01,7.081793568585923460e-01,-2.653705229799391968e-02,1.042026457513411941e-01,6.484527746360206901e-01,-8.005124575332960291e+00
8.437500000000000000e-01,9.687500000000000000e-01,6.761330387297118660e-01,-3.383476325652068351e-02,1.435447620760447740e-01,6.404270667340805634e-01,-8.820416391006459023e+00
8.645833333333332593e-01,9.687500000000000000e-01,6.347571322222080870e-01,-4.464853864430411851e-02,1.918768808025145267e-01,6.277273508145591041e-01,-9.893874194568679670e+00
8.854166666666666297e-01,9.687500000000000000e-01,5.797489949184315705e-01,-6.154543600821139188e-02,2.529277021069883391e-01,6.070214037532996043e-01,-1.132536004493192294e+01
9.062500000000000000e-01,9.687500000000000000e-01,5.045649170210925183e-01,-8.920945250477846367e-02,3.332278393991960908e-01,5.729067882329103023e-01,-1.321319747304928427e+01
9.270833333333332593e-01,9.687500000000000000e-01,4.005964363036414455e-01,-1.357455950148060420e-01,4.444460701440116623e-01,5.170478331639484226e-01,-1.548064526352419357e+01
9.479166666666666297e-01,9.687500000000000000e-01,2.619193762002759440e-01,-2.120423363856928090e-01,6.061310504776216135e-01,4.278193001144471319e-01,-1.713115407642341381e+01
9.687500000000000000e-01,9.687500000000000000e-01,1.052234841308827412e-01,-3.152979991057556219e-01,8.401063163161465175e-01,2.925137660635813708e-01,-1.353497374533369069e+01
9.895833333333332593e-01,9.687500000000000000e-01,1.342504691241970527e-02,-3.342118691654507590e-01,1.112714092402147692e+00,1.069491197273132604e-01,-5.197564803668710987e+00
1.041666666666666609e-02,9.895833333333332593e-01,1.184748672054394963e-01,1.184748672054394963e-01,-8.382929730974527649e-01,9.878310998969875856e-01,-7.176158891311914090e+00
3.125000000000000000e-02,9.895833333333332593e-01,3.364848517762150104e-01,9.953511736533604548e-02,-3.338972323765759254e-01,9.664251070377366526e-01,-1.679732999588811637e+01
5.208333333333332871e-02,9.895833333333332593e-01,5.025464730525872614e-01,6.652650391103620553e-02,-1.287510558614946843e-01,9.470643108516951791e-01,-2.067584460858563133e+01
7.291666666666665741e-02,9.895833333333332593e-01,6.131157515958278736e-01,4.404277463220439282e-02,-3.674721804764718991e-02,9.291032481605041582e-01,-2.078854604619632696e+01
9.375000000000000000e-02,9.895833333333332593e-01,6.873906340939162085e-01,3.023210786588392124e-02,8.844165070415780164e-03,9.121984187429832414e-01,-1.967744165440931425e+01
1.145833333333333287e-01,9.895833333333332593e-01,7.393700730644336971e-01,2.174733110463364025e-02,3.262765635106823492e-02,8.961765317802402597e-01,-1.822738606848871967e+01
1.354166666666666574e-01,9.895833333333332593e-01,7.774863880039944997e-01,1.636898383492710329e-02,4.466482718380292150e-02,8.809507316037115121e-01,-1.676016489336884163e+01
1.562500000000000000e-01,9.895833333333332593e-01,8.066607551828701705e-01,1.280538334394849126e-02,4.960439323301653325e-02,8.664730362745010073e-01,-1.538832382808808674e+01
1.770833333333333148e-01,9.895833333333332593e-01,8.297904544624514767e-01,1.032431593563285475e-02,4.988722625133383548e-02,8.527112592192132023e-01,-1.414405346053510115e+01
1.979166666666666574e-01,9.895833333333332593e-01,8.486245076858749403e-01,8.509737287790681767e-03,4.696610581061246015e-02,8.396386629394793077e-01,-1.302913982123594927e+01
2.187500000000000000e-01,9.895833333333332593e-01,8.642563692203908410e-01,7.122124246725263993e-03,4.180579674332857154e-02,8.272297909943039373e-01,-1.203480212724508114e+01
2.395833333333333148e-01,9.895833333333332593e-01,8.773993702216733581e-01,6.020876754557126509e-03,3.510172226091846925e-02,8.154590991775165776e-01,-1.114948851375001659e+01
2.604166666666666297e-01,9.895833333333332593e-01,8.885415634953053310e-01,5.121316519074923558e-03,2.738185089334234379e-02,8.043007596554561101e-01,-1.036177111076611546e+01
2.812500000000000000e-01,9.895833333333332593e-01,8.980335792078660839e-01,4.370699193485791216e-03,1.905806545907522825e-02,7.937288979940095857e-01,-9.661270346138726595e+00
3.020833333333333148e-01,9.895833333333332593e-01,9.061389931370452677e-01,3.734714735693443321e-03,1.045506935758795490e-02,7.837179433559456898e-01,-9.038826539978501273e+00
3.229166666666666297e-01,9.895833333333332593e-01,9.130635375683531230e-01,3.189829695614378961e-03,1.829061505910382912e-03,7.742429627828956162e-01,-8.486419188143266013e+00
3.437500000000000000e-01,9.895833333333332593e-01,9.189722855501625265e-01,2.718918286195044082e-03,-6.618447140165687609e-03,7.652799338753847325e-01,-7.997030126348549040e+00
3.645833333333333148e-01,9.895833333333332593e-01,9.239999651084043197e-01,2.308761272046641611e-03,-1.472935097098061405e-02,7.568059452697992739e-01,-7.564519132224733156e+00
3.854166666666666297e-01,9.895833333333332593e-01,9.282573373874116740e-01,1.948611006960734773e-03,-2.237923318138867676e-02,7.487993280917544237e-01,-7.183529081749663980e+00
4.062500000000000000e-01,9.895833333333332593e-01,9.318353132217813695e-01,1.629364827409101203e-03,-2.946883276160055729e-02,7.412397259758035650e-01,-6.849418999604265146e+00
4.270833333333333148e-01,9.895833333333332593e-01,9.348077610446134944e-01,1.343082995422895803e-03,-3.591654413015868408e-02,7.341081112947620557e-01,-6.558218157479602795e+00
4.479166666666666297e-01,9.895833333333332593e-01,9.372335423594637671e-01,1.082698319427395552e-03,-4.165187169993490868e-02,7.273867526693835739e-01,-6.306594447681115767e+00
4.687500000000000000e-01,9.895833333333332593e-01,9.391580691571419504e-01,8.418284782508783301e-04,-4.660976825498405751e-02,7.210591334010940656e-01,-6.091832023211809499e+00
4.895833333333333148e-01,9.895833333333332593e-01,9.406145362457027925e-01,6.146386103098426274e-04,-5.072576774642684194e-02,7.151098098165824535e-01,-5.911815177254202247e+00
5.104166666666666297e-01,9.895833333333332593e-01,9.416248969480385256e-01,3.957220920260313708e-04,-5.393179571412681783e-02,7.095241760527097874e-01,-5.765016992666643247e+00
5.312500000000000000e-01,9.895833333333332593e-01,9.422005995475616347e-01,1.799805074969764037e-04,-5.615250394247056631e-02,7.042880501673963733e-01,-5.650491827029259007e+00
5.520833333333332593e-01,9.895833333333332593e-01,9.423430911965071655e-01,-3.748885855142840089e-05,-5.730191930873149153e-02,6.993868664044173844e-01,-5.567871352396222662e+00
5.729166666666666297e-01,9.895833333333332593e-01,9.420441461203803435e-01,-2.614562175754288906e-04,-5.728017532886574281e-02,6.948046861677769082e-01,-5.517353301954225131e+00
5.937500000000000000e-01,9.895833333333332593e-01,9.412865783880079995e-01,-4.961115147968679293e-04,-5.596941227865845359e-02,6.905251674592965960e-01,-5.499729722611937710e+00
6.145833333333332593e-01,9.895833333333332593e-01,9.400454271679177243e-01,-7.450397052933915810e-04,-5.323358521657796383e-02,6.865320021099978742e-01,-5.516402279383185281e+00
6.354166666666666297e-01,9.895833333333332593e-01,9.382881954133361901e-01,-1.012192049288082596e-03,-4.891913945125274388e-02,6.828082159319524003e-01,-5.569381663509484603e+00
6.562500000000000000e-01,9.895833333333332593e-01,9.359736444882029716e-01,-1.302358875845258720e-03,-4.285318701132895258e-02,6.793347274002301539e-01,-5.661359641345716120e+00
6.770833333333332593e-01,9.895833333333332593e-01,9.330496286969238717e-01,-1.621656915433863444e-03,-3.484011127067813962e-02,6.760879387288012410e-01,-5.795842470434087623e+00
6.979166666666666297e-01,9.895833333333332593e-01,9.294497073507140827e-01,-1.978264430775874584e-03,-2.465641395721110060e-02,6.730357623273860446e-01,-5.977370032402159694e+00
7.187500000000000000e-01,9.895833333333332593e-01,9.250878009199399177e-01,-2.383641999998309131e-03,-1.204300536426970714e-02,6.701309556460083305e-01,-6.211866747256052257e+00
7.395833333333332593e-01,9.895833333333332593e-01,9.198495642448765164e-01,-2.854594675065116882e-03,3.306651920315557130e-03,6.672997668533983129e-01,-6.507203322706010873e+00
7.604166666666666297e-01,9.895833333333332593e-01,9.135781560761107034e-01,-3.416813493700689586e-03,2.176538568982962218e-02,6.644224093603564585e-01,-6.874102925939610920e+00
7.812500000000000000e-01,9.895833333333332593e-01,9.060502153332951059e-01,-4.111127249114894522e-03,4.380325783023704400e-02,6.612993476118514957e-01,-7.327616107817151558e+00
8.020833333333332593e-01,9.895833333333332593e-01,8.969341276678866048e-01,-5.004960416293656802e-03,7.004024758444489518e-02,6.575930924495470009e-01,-7.889536388117459609e+00
8.229166666666666297e-01,9.895833333333332593e-01,8.857148378052206450e-01,-6.214329446372253603e-03,1.013399910775270446e-01,6.527281039796802853e-01,-8.592346097841787156e+00
8.437500000000000000e-01,9.895833333333332593e-01,8.715520890924034481e-01,-7.948419266444857467e-03,1.389862112421849094e-01,6.457199842858044603e-01,-9.485497193021437567e+00
8.645833333333332593e-01,9.895833333333332593e-01,8.529983913957429609e-01,-1.060527843021564186e-02,1.850392211360104011e-01,6.348877006825421887e-01,-1.064452174379469085e+01
8.854166666666666297e-01,9.895833333333332593e-01,8.274054727213735472e-01,-1.498764024415386552e-02,2.431205107505004237e-01,6.173784354233392557e-01,-1.218013061374415607e+01
9.062500000000000000e-01,9.895833333333332593e-01,7.896200674135480657e-01,-2.279776506367150318e-02,3.203072758558262456e-01,5.884089372158650688e-01,-1.422763629307565836e+01
9.270833333333332593e-01,9.895833333333332593e-01,7.291267840124813215e-01,-3.769551833739521324e-02,4.321071488526732618e-01,5.401288799179602140e-01,-1.682694834396431460e+01
9.479166666666666297e-01,9.895833333333332593e-01,6.245713483639148134e-01,-6.685991731117145453e-02,6.161546631922922845e-01,4.601678081054999536e-01,-1.934569752935372833e+01
9.687500000000000000e-01,9.895833333333332593e-01,4.392491266528871785e-01,-1.184623043998561387e-01,9.681813912873997729e-01,3.307756736506693440e-01,-1.827803469262447322e+01
9.895833333333332593e-01,9.895833333333332593e-01,1.603934111265155060e-01,-1.603934111265155060e-01,1.704287318938672247e+00,1.329036309370364988e-01,-9.067174605156248290e+00
