x,y,u,v,pressure,theta,vorticity
2.083333333333333218e-02,2.083333333333333218e-02,7.957558200612680106e-05,-7.957558200611658246e-05,7.783612310406740759e-03,5.000000000000000000e-01,1.272066668257144408e-02
6.250000000000000000e-02,2.083333333333333218e-02,-2.449381470668432871e-05,1.836449787189379308e-04,7.452092303640770084e-03,5.000000000000000000e-01,3.472807186115054595e-02
1.041666666666666574e-01,2.083333333333333218e-02,-6.960176509526070851e-04,4.878788575269848255e-04,6.975000729759148373e-03,5.000000000000000000e-01,7.213125577689605272e-02
1.458333333333333148e-01,2.083333333333333218e-02,-1.904234011066123586e-03,7.203375025865315674e-04,6.548582972563891241e-03,5.000000000000000000e-01,1.215173483076007893e-01
1.875000000000000000e-01,2.083333333333333218e-02,-3.488012162369093835e-03,8.634406487164387892e-04,6.285598936380303037e-03,5.000000000000000000e-01,1.807521269140377473e-01
2.291666666666666574e-01,2.083333333333333218e-02,-5.279338464993010849e-03,9.278856539074786585e-04,6.240520640844586867e-03,5.000000000000000000e-01,2.459359860355230243e-01
2.708333333333333148e-01,2.083333333333333218e-02,-7.135291650058417021e-03,9.280675311579274049e-04,6.434537144230628031e-03,5.000000000000000000e-01,3.127152692908076181e-01
3.125000000000000000e-01,2.083333333333333218e-02,-8.937729300956206296e-03,8.743701197398615456e-04,6.871421058546529556e-03,5.000000000000000000e-01,3.768809619849383674e-01
3.541666666666666297e-01,2.083333333333333218e-02,-1.058442467231986150e-02,7.723252516237934457e-04,7.544685064084586355e-03,5.000000000000000000e-01,4.345682246128141357e-01
3.958333333333333148e-01,2.083333333333333218e-02,-1.198121970945295080e-02,6.244697855092956303e-04,8.438630457666242493e-03,5.000000000000000000e-01,4.823071130140436091e-01
4.375000000000000000e-01,2.083333333333333218e-02,-1.303871642033190351e-02,4.330269253696568074e-04,9.526043994726876921e-03,5.000000000000000000e-01,5.170680940844328832e-01
4.791666666666666297e-01,2.083333333333333218e-02,-1.367425048071118851e-02,2.025071350096292267e-04,1.076494019077267605e-02,5.000000000000000000e-01,5.363630052587066155e-01
5.208333333333332593e-01,2.083333333333333218e-02,-1.381844044901133287e-02,-5.831716670948598248e-05,1.209632133681059346e-02,5.000000000000000000e-01,5.384092245349223482e-01
5.625000000000000000e-01,2.083333333333333218e-02,-1.342445844235761257e-02,-3.356648399442343947e-04,1.344543120599493713e-02,5.000000000000000000e-01,5.223923984624309069e-01
6.041666666666666297e-01,2.083333333333333218e-02,-1.248046999491527614e-02,-6.083236074981004590e-04,1.472144538842561426e-02,5.000000000000000000e-01,4.887079917866974377e-01
6.458333333333332593e-01,2.083333333333333218e-02,-1.102341723701941514e-02,-8.487291503977607583e-04,1.582545532458133272e-02,5.000000000000000000e-01,4.391051528400125026e-01
6.875000000000000000e-01,2.083333333333333218e-02,-9.148433464331039849e-03,-1.026254622290615403e-03,1.666425049359666205e-02,5.000000000000000000e-01,3.767709530790447348e-01
7.291666666666666297e-01,2.083333333333333218e-02,-7.010146739385731546e-03,-1.112032102654692900e-03,1.716689177375992081e-02,5.000000000000000000e-01,3.062614509578687194e-01
7.708333333333332593e-01,2.083333333333333218e-02,-4.813186244258012801e-03,-1.084928392473025194e-03,1.730151805668011383e-02,5.000000000000000000e-01,2.332051972964872266e-01
8.125000000000000000e-01,2.083333333333333218e-02,-2.790591348901141737e-03,-9.376665028838459788e-04,1.708868893664409333e-02,5.000000000000000000e-01,1.637267778968231613e-01
8.541666666666666297e-01,2.083333333333333218e-02,-1.170717474165884012e-03,-6.822073718514118541e-04,1.660804002879365943e-02,5.000000000000000000e-01,1.035444108011077530e-01
8.958333333333332593e-01,2.083333333333333218e-02,-1.331051296747184259e-04,-3.554049726397534885e-04,1.599682883976503295e-02,5.000000000000000000e-01,5.671769012954390454e-02
9.375000000000000000e-01,2.083333333333333218e-02,2.536694359800691447e-04,-3.136959301503406181e-05,1.544016530537013071e-02,5.000000000000000000e-01,2.412679003779260797e-02
9.791666666666666297e-01,2.083333333333333218e-02,1.425195144975515999e-04,1.425195144975515999e-04,1.514820510123986337e-02,5.000000000000000000e-01,7.712270710420286203e-03
2.083333333333333218e-02,6.250000000000000000e-02,-1.872316357092955312e-04,2.808047169706235269e-05,8.115178358837408373e-03,5.000000000000000000e-01,3.507198448831265469e-02
6.250000000000000000e-02,6.250000000000000000e-02,-1.187769589154739512e-03,1.180596275174024094e-03,7.774175174289744451e-03,5.000000000000000000e-01,5.959943287020715019e-02
1.041666666666666574e-01,6.250000000000000000e-02,-3.433140379722812545e-03,2.407822187885893910e-03,7.392480063227027665e-03,5.000000000000000000e-01,9.601380788152787116e-02
1.458333333333333148e-01,6.250000000000000000e-02,-6.779675961621428951e-03,3.355146114239755065e-03,7.075728457457660173e-03,5.000000000000000000e-01,1.384000110911150216e-01
1.875000000000000000e-01,6.250000000000000000e-02,-1.091557670812686072e-02,3.948310934871617633e-03,6.894622519410632984e-03,5.000000000000000000e-01,1.877741389017432150e-01
2.291666666666666574e-01,6.250000000000000000e-02,-1.549435777525239206e-02,4.213122737501748608e-03,6.889018537872390949e-03,5.000000000000000000e-01,2.419727691976597816e-01
2.708333333333333148e-01,6.250000000000000000e-02,-2.019185230425920782e-02,4.196278161635877760e-03,7.078118964534949736e-03,5.000000000000000000e-01,2.975484276624054680e-01
3.125000000000000000e-01,6.250000000000000000e-02,-2.471897385676237111e-02,3.935718692662863206e-03,7.468495784356756102e-03,5.000000000000000000e-01,3.507917154059757570e-01
3.541666666666666297e-01,6.250000000000000000e-02,-2.881638419830239925e-02,3.455082391604475788e-03,8.057888050371747601e-03,5.000000000000000000e-01,3.982269048003064249e-01
3.958333333333333148e-01,6.250000000000000000e-02,-3.224699858149850107e-02,2.769122065857803315e-03,8.835349361797296269e-03,5.000000000000000000e-01,4.368369402238564403e-01
4.375000000000000000e-01,6.250000000000000000e-02,-3.479420166576643880e-02,1.893074440168035066e-03,9.779176101976393143e-03,5.000000000000000000e-01,4.641757980337595790e-01
4.791666666666666297e-01,6.250000000000000000e-02,-3.626838107919686666e-02,8.521730940209694101e-04,1.085418393107718572e-02,5.000000000000000000e-01,4.784491241407619055e-01
5.208333333333332593e-01,6.250000000000000000e-02,-3.652124412544335841e-02,-3.109301111741882969e-04,1.200977777764816387e-02,5.000000000000000000e-01,4.785923601400581817e-01
5.625000000000000000e-01,6.250000000000000000e-02,-3.546581159868653771e-02,-1.532466428890077873e-03,1.318278870344784769e-02,5.000000000000000000e-01,4.644423766499114481e-01
6.041666666666666297e-01,6.250000000000000000e-02,-3.309983514125443282e-02,-2.721486923426698346e-03,1.429486935947430794e-02,5.000000000000000000e-01,4.368187647872059376e-01
6.458333333333332593e-01,6.250000000000000000e-02,-2.952843077941619265e-02,-3.764022954203262092e-03,1.526058778761638784e-02,5.000000000000000000e-01,3.974451898924498128e-01
6.875000000000000000e-01,6.250000000000000000e-02,-2.497887465208636915e-02,-4.535500718503312004e-03,1.600012106394028966e-02,5.000000000000000000e-01,3.488798970041039893e-01
7.291666666666666297e-01,6.250000000000000000e-02,-1.980037741438813240e-02,-4.919569969085543087e-03,1.645390496040131240e-02,5.000000000000000000e-01,2.943807006652137126e-01
7.708333333333332593e-01,6.250000000000000000e-02,-1.444288666505955630e-02,-4.831841770498468761e-03,1.659710451659259650e-02,5.000000000000000000e-01,2.376555436779961006e-01
8.125000000000000000e-01,6.250000000000000000e-02,-9.411179917624632948e-03,-4.245054767650195855e-03,1.645006875642568422e-02,5.000000000000000000e-01,1.824626458313966526e-01
8.541666666666666297e-01,6.250000000000000000e-02,-5.193937159089994683e-03,-3.211935740354958293e-03,1.608126690360080213e-02,5.000000000000000000e-01,1.319830488685644898e-01
8.958333333333332593e-01,6.250000000000000000e-02,-2.170923328987525540e-03,-1.886302778729841319e-03,1.560090968424039486e-02,5.000000000000000000e-01,8.783744750519070776e-02
9.375000000000000000e-01,6.250000000000000000e-02,-5.026512386926370625e-04,-5.555184428746225709e-04,1.514566784460816794e-02,5.000000000000000000e-01,4.863037013787593899e-02
9.791666666666666297e-01,6.250000000000000000e-02,-4.935990924041322873e-06,2.801030380710618989e-04,1.485618929605259098e-02,5.000000000000000000e-01,2.494996103974606375e-02
2.083333333333333218e-02,1.041666666666666574e-01,-5.380581850660037585e-04,7.533702924723617101e-04,8.608195629656860415e-03,5.000000000000000000e-01,7.490645746555064932e-02
6.250000000000000000e-02,1.041666666666666574e-01,-2.611371504368448834e-03,3.529157727146613535e-03,8.134751553947335012e-03,5.000000000000000000e-01,9.942619015185705234e-02
1.041666666666666574e-01,1.041666666666666574e-01,-6.522618468680864943e-03,6.215878490793792961e-03,7.735621003400755188e-03,5.000000000000000000e-01,1.303903987143031351e-01
1.458333333333333148e-01,1.041666666666666574e-01,-1.189707952167331703e-02,8.268086446222925809e-03,7.447848981842536062e-03,5.000000000000000000e-01,1.610724467464644538e-01
1.875000000000000000e-01,1.041666666666666574e-01,-1.827788044758570096e-02,9.552072275306262156e-03,7.299013958754121262e-03,5.000000000000000000e-01,1.947349085806814317e-01
2.291666666666666574e-01,1.041666666666666574e-01,-2.519576867136706644e-02,1.010603068797400091e-02,7.306079139977345732e-03,5.000000000000000000e-01,2.311951320449107672e-01
2.708333333333333148e-01,1.041666666666666574e-01,-3.220839800009776127e-02,1.001349406890113258e-02,7.478771778343449965e-03,5.000000000000000000e-01,2.684330807742977831e-01
3.125000000000000000e-01,1.041666666666666574e-01,-3.891156802148558469e-02,9.348794359288602890e-03,7.822268256427950331e-03,5.000000000000000000e-01,3.037680022172649652e-01
3.541666666666666297e-01,1.041666666666666574e-01,-4.493659669915045507e-02,8.164445744183630727e-03,8.337543947528811700e-03,5.000000000000000000e-01,3.346032316379890514e-01
3.958333333333333148e-01,1.041666666666666574e-01,-4.994630601287742416e-02,6.500082410201722324e-03,9.019530261792335635e-03,5.000000000000000000e-01,3.588349203267994780e-01
4.375000000000000000e-01,1.041666666666666574e-01,-5.363698189498203317e-02,4.399993062196660629e-03,9.853916133807087696e-03,5.000000000000000000e-01,3.750337861667706885e-01
4.791666666666666297e-01,1.041666666666666574e-01,-5.574901537711690613e-02,1.931467367557645424e-03,1.081365278562026674e-02,5.000000000000000000e-01,3.824860991023622536e-01
5.208333333333332593e-01,1.041666666666666574e-01,-5.608577665026055759e-02,-8.006000653207191557e-04,1.185626667334397158e-02,5.000000000000000000e-01,3.811520937695481170e-01
5.625000000000000000e-01,1.041666666666666574e-01,-5.453854664210273928e-02,-3.645459009658188077e-03,1.292688318702741451e-02,5.000000000000000000e-01,3.716521242528075808e-01
6.041666666666666297e-01,1.041666666666666574e-01,-5.111359025249562205e-02,-6.399427189697814815e-03,1.395328526046201931e-02,5.000000000000000000e-01,3.551335858632074238e-01
6.458333333333332593e-01,1.041666666666666574e-01,-4.595786352313351031e-02,-8.813213779132489725e-03,1.485416614856985285e-02,5.000000000000000000e-01,3.329727138947463638e-01
6.875000000000000000e-01,1.041666666666666574e-01,-3.937730522955532053e-02,-1.061642431448209592e-02,1.555164183210183682e-02,5.000000000000000000e-01,3.065302021680562095e-01
7.291666666666666297e-01,1.041666666666666574e-01,-3.183821284681536551e-02,-1.155623599354495788e-02,1.598584318534974208e-02,5.000000000000000000e-01,2.769640489100436698e-01
7.708333333333332593e-01,1.041666666666666574e-01,-2.394329968265567279e-02,-1.144757965952732104e-02,1.612939290183021401e-02,5.000000000000000000e-01,2.450797633206121540e-01
8.125000000000000000e-01,1.041666666666666574e-01,-1.637590580470735246e-02,-1.022841750400458466e-02,1.599734142526632041e-02,5.000000000000000000e-01,2.112124880844544750e-01
8.541666666666666297e-01,1.041666666666666574e-01,-9.810552890959237105e-03,-8.011168676283323548e-03,1.564835517351954863e-02,5.000000000000000000e-01,1.750777089534596709e-01
8.958333333333332593e-01,1.041666666666666574e-01,-4.796475124293607221e-03,-5.124161439569574657e-03,1.517512946773763929e-02,5.000000000000000000e-01,1.354527611171332246e-01
9.375000000000000000e-01,1.041666666666666574e-01,-1.632455592042022282e-03,-2.149951404581363409e-03,1.468559879368752479e-02,5.000000000000000000e-01,8.953926985036053665e-02
9.791666666666666297e-01,1.041666666666666574e-01,-2.654009435899180066e-04,9.766103557102591426e-06,1.427954367524023743e-02,5.000000000000000000e-01,5.818472129756316336e-02
2.083333333333333218e-02,1.458333333333333148e-01,-8.778615551566787282e-04,2.169290032695044088e-03,9.057044967136293132e-03,5.000000000000000000e-01,1.313938559225793223e-01
6.250000000000000000e-02,1.458333333333333148e-01,-4.010777236821395919e-03,7.319466987891093748e-03,8.409432199013973375e-03,5.000000000000000000e-01,1.489566338870589868e-01
1.041666666666666574e-01,1.458333333333333148e-01,-9.560078220171762398e-03,1.188611717771209664e-02,7.937060996440746877e-03,5.000000000000000000e-01,1.660836828467091575e-01
1.458333333333333148e-01,1.458333333333333148e-01,-1.686618607264766395e-02,1.527841666477297577e-02,7.627873687356225181e-03,5.000000000000000000e-01,1.812848894753760209e-01
1.875000000000000000e-01,1.458333333333333148e-01,-2.530554151476590435e-02,1.736189842478683479e-02,7.473105569622002196e-03,5.000000000000000000e-01,1.984002806762276416e-01
2.291666666666666574e-01,1.458333333333333148e-01,-3.429919698540008499e-02,1.820774823290897265e-02,7.467264301796863041e-03,5.000000000000000000e-01,2.179974805354324141e-01
2.708333333333333148e-01,1.458333333333333148e-01,-4.331851203080275270e-02,1.794372089809951817e-02,7.609108999684615314e-03,5.000000000000000000e-01,2.387454081984377030e-01
3.125000000000000000e-01,1.458333333333333148e-01,-5.188202236625195224e-02,1.668524788692724720e-02,7.901249362998139306e-03,5.000000000000000000e-01,2.585997559693327119e-01
3.541666666666666297e-01,1.458333333333333148e-01,-5.954869878388836801e-02,1.451969731184627257e-02,8.347781986624922684e-03,5.000000000000000000e-01,2.756273122318240731e-01
3.958333333333333148e-01,1.458333333333333148e-01,-6.591436129071875927e-02,1.152020266309644950e-02,8.950316578554275496e-03,5.000000000000000000e-01,2.884658173265006176e-01
4.375000000000000000e-01,1.458333333333333148e-01,-7.061563222230807235e-02,7.771819622995857282e-03,9.703089461466979024e-03,5.000000000000000000e-01,2.964943928867096457e-01
4.791666666666666297e-01,1.458333333333333148e-01,-7.334281579857776512e-02,3.398857865163006694e-03,1.058800877913013312e-02,5.000000000000000000e-01,2.998056644719426234e-01
5.208333333333332593e-01,1.458333333333333148e-01,-7.386084498345486804e-02,-1.413200104905329522e-03,1.157060372648239036e-02,5.000000000000000000e-01,2.990518540214261445e-01
5.625000000000000000e-01,1.458333333333333148e-01,-7.203564907746426438e-02,-6.405284884221987968e-03,1.260108846243476050e-02,5.000000000000000000e-01,2.952766681787877823e-01
6.041666666666666297e-01,1.458333333333333148e-01,-6.786205539932935182e-02,-1.123815138287606596e-02,1.360898791247087611e-02,5.000000000000000000e-01,2.896977127376665351e-01
6.458333333333332593e-01,1.458333333333333148e-01,-6.149315406209600321e-02,-1.549911765254969112e-02,1.451049700097771511e-02,5.000000000000000000e-01,2.833128503929741582e-01
6.875000000000000000e-01,1.458333333333333148e-01,-5.326608038050351795e-02,-1.873815241623556782e-02,1.522109625077987943e-02,5.000000000000000000e-01,2.765155728007288594e-01
7.291666666666666297e-01,1.458333333333333148e-01,-4.371187016860365870e-02,-2.052781048643130546e-02,1.567128560099586773e-02,5.000000000000000000e-01,2.688579534115673186e-01
7.708333333333332593e-01,1.458333333333333148e-01,-3.353838178557019822e-02,-2.054440671383412145e-02,1.582288006896581667e-02,5.000000000000000000e-01,2.589349373512820351e-01
8.125000000000000000e-01,1.458333333333333148e-01,-2.357580960808517562e-02,-1.866155650513113412e-02,1.568070307901367824e-02,5.000000000000000000e-01,2.444390832230907140e-01
8.541666666666666297e-01,1.458333333333333148e-01,-1.467949017410995552e-02,-1.503970202288011128e-02,1.529444526712051000e-02,5.000000000000000000e-01,2.223892830769270135e-01
8.958333333333332593e-01,1.458333333333333148e-01,-7.597436150379999198e-03,-1.019175988336837313e-02,1.474802266769487807e-02,5.000000000000000000e-01,1.894278208412457920e-01
9.375000000000000000e-01,1.458333333333333148e-01,-2.830329516429338013e-03,-5.013479126984808458e-03,1.413861866993008920e-02,5.000000000000000000e-01,1.419681947390750154e-01
9.791666666666666297e-01,1.458333333333333148e-01,-5.342277494440393452e-04,-7.898625894768548147e-04,1.355192613121863204e-02,5.000000000000000000e-01,1.077591447640270511e-01
2.083333333333333218e-02,1.875000000000000000e-01,-1.187192268222181336e-03,4.234343856073904261e-03,9.306191870668660548e-03,5.000000000000000000e-01,2.056128009064543127e-01
6.250000000000000000e-02,1.875000000000000000e-01,-5.307597183272978227e-03,1.250773376122774581e-02,8.479441745051184698e-03,5.000000000000000000e-01,2.110229705636958442e-01
1.041666666666666574e-01,1.875000000000000000e-01,-1.240397569569141184e-02,1.934352990014424553e-02,7.911279685133143155e-03,5.000000000000000000e-01,2.063367488187763110e-01
1.458333333333333148e-01,1.875000000000000000e-01,-2.152837239754657947e-02,2.425150849667189606e-02,7.552430673802668776e-03,5.000000000000000000e-01,2.015350693336003252e-01
1.875000000000000000e-01,1.875000000000000000e-01,-3.188190560246867422e-02,2.718169523992824965e-02,7.364849920106431719e-03,5.000000000000000000e-01,2.001356686774315996e-01
2.291666666666666574e-01,1.875000000000000000e-01,-4.278040290934041756e-02,2.828010419527347830e-02,7.324205447484338077e-03,5.000000000000000000e-01,2.025898506479319738e-01
2.708333333333333148e-01,1.875000000000000000e-01,-5.362634902928262864e-02,2.773662610107988785e-02,7.419977031540001856e-03,5.000000000000000000e-01,2.076203019984101950e-01
3.125000000000000000e-01,1.875000000000000000e-01,-6.388557127184989193e-02,2.571507526196334381e-02,7.653129027863368565e-03,5.000000000000000000e-01,2.134091994055818120e-01
3.541666666666666297e-01,1.875000000000000000e-01,-7.307058460896659335e-02,2.234155969156328969e-02,8.031707273028451319e-03,5.000000000000000000e-01,2.184219970874497208e-01
3.958333333333333148e-01,1.875000000000000000e-01,-8.073300181226955585e-02,1.772641999351280001e-02,8.564977733062788950e-03,5.000000000000000000e-01,2.218352399603588654e-01
4.375000000000000000e-01,1.875000000000000000e-01,-8.646619276680794774e-02,1.200006417870722042e-02,9.256787449599550993e-03,5.000000000000000000e-01,2.236393502143656231e-01
4.791666666666666297e-01,1.875000000000000000e-01,-8.991784047767997778e-02,5.349444596593344245e-03,1.009891086920505603e-02,5.000000000000000000e-01,2.245201192535950518e-01
5.208333333333332593e-01,1.875000000000000000e-01,-9.081090723476439863e-02,-1.952690894374136147e-03,1.106533930022363457e-02,5.000000000000000000e-01,2.255899694838656711e-01
5.625000000000000000e-01,1.875000000000000000e-01,-8.896988693497245859e-02,-9.532010300535704445e-03,1.210979612372835648e-02,5.000000000000000000e-01,2.281118650239297718e-01
6.041666666666666297e-01,1.875000000000000000e-01,-8.434889908229553646e-02,-1.690600749737420500e-02,1.316118621072383948e-02,5.000000000000000000e-01,2.333385906292125833e-01
6.458333333333332593e-01,1.875000000000000000e-01,-7.706726875590752535e-02,-2.348179320167292222e-02,1.412859265913341336e-02,5.000000000000000000e-01,2.420669869464581458e-01
6.875000000000000000e-01,1.875000000000000000e-01,-6.744896246349767199e-02,-2.860085684111467533e-02,1.491384783169263928e-02,5.000000000000000000e-01,2.540520705547072433e-01
7.291666666666666297e-01,1.875000000000000000e-01,-5.604929659537786352e-02,-3.161898214157185527e-02,1.542910802807927889e-02,5.000000000000000000e-01,2.676723526411018406e-01
7.708333333333332593e-01,1.875000000000000000e-01,-4.365495714729566989e-02,-3.202106288980922227e-02,1.561656875260545099e-02,5.000000000000000000e-01,2.797504479935031263e-01
8.125000000000000000e-01,1.875000000000000000e-01,-3.124112471567756788e-02,-2.956130493825916139e-02,1.546442965034050890e-02,5.000000000000000000e-01,2.856634148369500137e-01
8.541666666666666297e-01,1.875000000000000000e-01,-1.987319652560706057e-02,-2.440420121379780621e-02,1.501242114466412939e-02,5.000000000000000000e-01,2.798727547953963057e-01
8.958333333333332593e-01,1.875000000000000000e-01,-1.055590396516878533e-02,-1.722660727661891322e-02,1.434263467511608277e-02,5.000000000000000000e-01,2.568562290651427160e-01
9.375000000000000000e-01,1.875000000000000000e-01,-4.061241193073421990e-03,-9.240401139780293760e-03,1.355721325353854978e-02,5.000000000000000000e-01,2.121305680050449005e-01
9.791666666666666297e-01,1.875000000000000000e-01,-7.980965989095984391e-04,-2.122186937830492382e-03,1.275058081992483730e-02,5.000000000000000000e-01,1.773558630478228315e-01
2.083333333333333218e-02,2.291666666666666574e-01,-1.465481820386853535e-03,6.887017944682939999e-03,9.232687033460067888e-03,5.000000000000000000e-01,2.969576884157758556e-01
6.250000000000000000e-02,2.291666666666666574e-01,-6.486838739725708618e-03,1.899682150700836292e-02,8.236498761043486994e-03,5.000000000000000000e-01,2.859070109963808282e-01
1.041666666666666574e-01,2.291666666666666574e-01,-1.501103255295897082e-02,2.847501448001532598e-02,7.567267979511201233e-03,5.000000000000000000e-01,2.522049014969076630e-01
1.458333333333333148e-01,2.291666666666666574e-01,-2.582260984399702142e-02,3.505599790969404078e-02,7.144334018168095081e-03,5.000000000000000000e-01,2.228541810722693972e-01
1.875000000000000000e-01,2.291666666666666574e-01,-3.795491820595028876e-02,3.886304739378147743e-02,6.905509605827427934e-03,5.000000000000000000e-01,2.005062450403254370e-01
2.291666666666666574e-01,2.291666666666666574e-01,-5.062675367824277795e-02,4.016908482058448304e-02,6.811577356627507990e-03,5.000000000000000000e-01,1.848516118190237090e-01
2.708333333333333148e-01,2.291666666666666574e-01,-6.318523279731373676e-02,3.925207071478203913e-02,6.845529546634135896e-03,5.000000000000000000e-01,1.741288997544827299e-01
3.125000000000000000e-01,2.291666666666666574e-01,-7.506118872623369909e-02,3.633480881974841814e-02,7.008623949501680689e-03,5.000000000000000000e-01,1.663595044093305608e-01
3.541666666666666297e-01,2.291666666666666574e-01,-8.573918714295972188e-02,3.158483788762093958e-02,7.314335450016462396e-03,5.000000000000000000e-01,1.601392583611606080e-01
3.958333333333333148e-01,2.291666666666666574e-01,-9.474212680027140066e-02,2.514849865806979834e-02,7.780935877889896303e-03,5.000000000000000000e-01,1.549864754190235228e-01
4.375000000000000000e-01,2.291666666666666574e-01,-1.016292201370913306e-01,1.719826980550855783e-02,8.423288959707635540e-03,5.000000000000000000e-01,1.513426358424965479e-01
4.791666666666666297e-01,2.291666666666666574e-01,-1.060055808094587104e-01,7.979247353031394124e-03,9.244520795779399835e-03,5.000000000000000000e-01,1.503506429938897548e-01
5.208333333333332593e-01,2.291666666666666574e-01,-1.075414640042393899e-01,-2.153543698947076816e-03,1.022851633919188291e-02,5.000000000000000000e-01,1.534734724860211119e-01
5.625000000000000000e-01,2.291666666666666574e-01,-1.059982877657918154e-01,-1.271535403420226244e-02,1.133371845888604679e-02,5.000000000000000000e-01,1.621249921439792963e-01
6.041666666666666297e-01,2.291666666666666574e-01,-1.012567208529009527e-01,-2.308521852927543361e-02,1.248848708460628676e-02,5.000000000000000000e-01,1.777298882077543163e-01
6.458333333333332593e-01,2.291666666666666574e-01,-9.336025231804132019e-02,-3.248068103101935111e-02,1.359197243760354099e-02,5.000000000000000000e-01,2.012506283637308657e-01
6.875000000000000000e-01,2.291666666666666574e-01,-8.257427519996138332e-02,-4.000625242225804012e-02,1.452622701486785961e-02,5.000000000000000000e-01,2.322486457773247359e-01
7.291666666666666297e-01,2.291666666666666574e-01,-6.943810560405669352e-02,-4.474942202445299222e-02,1.517581076812692109e-02,5.000000000000000000e-01,2.683718102033355590e-01
7.708333333333332593e-01,2.291666666666666574e-01,-5.479324191504943153e-02,-4.592982614401754093e-02,1.545238718248285147e-02,5.000000000000000000e-01,3.049745310592351655e-01
8.125000000000000000e-01,2.291666666666666574e-01,-3.976423250181959634e-02,-4.309538352889877300e-02,1.531790132794929975e-02,5.000000000000000000e-01,3.351206580445312277e-01
8.541666666666666297e-01,2.291666666666666574e-01,-2.566752207875273514e-02,-3.633476123629555271e-02,1.479765364454615692e-02,5.000000000000000000e-01,3.503081032358735247e-01
8.958333333333332593e-01,2.291666666666666574e-01,-1.383832183179104641e-02,-2.644254006152112896e-02,1.397586144517122195e-02,5.000000000000000000e-01,3.421051492783029335e-01
9.375000000000000000e-01,2.291666666666666574e-01,-5.403456511394657581e-03,-1.495399644736983280e-02,1.297249071700036505e-02,5.000000000000000000e-01,3.043259894212730354e-01
9.791666666666666297e-01,2.291666666666666574e-01,-1.077454599529670959e-03,-3.997738136269761780e-03,1.190892795797748524e-02,5.000000000000000000e-01,2.702150513401287979e-01
2.083333333333333218e-02,2.708333333333333148e-01,-1.714059178219317758e-03,1.006655894328910977e-02,8.732578466287735375e-03,5.000000000000000000e-01,4.040753790740550522e-01
6.250000000000000000e-02,2.708333333333333148e-01,-7.545184897638992569e-03,2.666976314716072369e-02,7.582259602110401515e-03,5.000000000000000000e-01,3.727739648513238579e-01
1.041666666666666574e-01,2.708333333333333148e-01,-1.736187441774804038e-02,3.914295617320527609e-02,6.814768738334417604e-03,5.000000000000000000e-01,3.036115950103774330e-01
1.458333333333333148e-01,2.708333333333333148e-01,-2.971152123980287663e-02,4.754928032959697404e-02,6.320653983769396536e-03,5.000000000000000000e-01,2.454083838401479034e-01
1.875000000000000000e-01,2.708333333333333148e-01,-4.347767244493868505e-02,5.226822454096761300e-02,6.016923212107497775e-03,5.000000000000000000e-01,1.995289255357890201e-01
2.291666666666666574e-01,2.708333333333333148e-01,-5.779568057325849828e-02,5.375375127401065684e-02,5.852729327331959372e-03,5.000000000000000000e-01,1.643686022096461363e-01
2.708333333333333148e-01,2.708333333333333148e-01,-7.197136667632558771e-02,5.240156948349390664e-02,5.807300015999153006e-03,5.000000000000000000e-01,1.372081601205978607e-01
3.125000000000000000e-01,2.708333333333333148e-01,-8.541609613312187155e-02,4.850599543675281067e-02,5.884312348382533808e-03,5.000000000000000000e-01,1.155477781712867524e-01
3.541666666666666297e-01,2.708333333333333148e-01,-9.760183296740859715e-02,4.227738652162930932e-02,6.104416970222719535e-03,5.000000000000000000e-01,9.785816124150048534e-02
3.958333333333333148e-01,2.708333333333333148e-01,-1.080351095126338978e-01,3.389216622659839417e-02,6.496598047441434591e-03,5.000000000000000000e-01,8.382439526581045297e-02
4.375000000000000000e-01,2.708333333333333148e-01,-1.162473303920543988e-01,2.355391645322039290e-02,7.088707821265981084e-03,5.000000000000000000e-01,7.422726537981266803e-02
4.791666666666666297e-01,2.708333333333333148e-01,-1.217988742316264278e-01,1.155150521725896093e-02,7.897611956663663779e-03,5.000000000000000000e-01,7.061379580068022355e-02
5.208333333333332593e-01,2.708333333333333148e-01,-1.242949646624998128e-01,-1.693827937520573724e-03,8.919818592696001150e-03,5.000000000000000000e-01,7.482565001853880293e-02
5.625000000000000000e-01,2.708333333333333148e-01,-1.234119777772990922e-01,-1.560123291927706032e-02,1.012310195002870915e-02,5.000000000000000000e-01,8.846485907920942360e-02
6.041666666666666297e-01,2.708333333333333148e-01,-1.189250500964254831e-01,-2.942783423796509895e-02,1.143898888213388393e-02,5.000000000000000000e-01,1.133747095406438810e-01
6.458333333333332593e-01,2.708333333333333148e-01,-1.107591883458677040e-01,-4.220039560774710430e-02,1.275605756012713858e-02,5.000000000000000000e-01,1.512224124517785318e-01
6.875000000000000000e-01,2.708333333333333148e-01,-9.907175727170837443e-02,-5.275994603776955338e-02,1.393142121817298254e-02,5.000000000000000000e-01,2.019691528393225965e-01
7.291666666666666297e-01,2.708333333333333148e-01,-8.433718783408199193e-02,-5.986646744247256513e-02,1.481177399074363327e-02,5.000000000000000000e-01,2.630868352766811968e-01
7.708333333333332593e-01,2.708333333333333148e-01,-6.741546290667771446e-02,-6.237936934240952136e-02,1.526396389683177049e-02,5.000000000000000000e-01,3.288015061689191221e-01
8.125000000000000000e-01,2.708333333333333148e-01,-4.957278131166651530e-02,-5.951753133874782692e-02,1.520875176658438577e-02,5.000000000000000000e-01,3.897397472937348950e-01
8.541666666666666297e-01,2.708333333333333148e-01,-3.241269499455221026e-02,-5.116941016662765462e-02,1.464663972576272545e-02,5.000000000000000000e-01,4.336254857752903646e-01
8.958333333333332593e-01,2.708333333333333148e-01,-1.768390161610164033e-02,-3.816588475660127877e-02,1.366309977893460925e-02,5.000000000000000000e-01,4.476595949818417686e-01
9.375000000000000000e-01,2.708333333333333148e-01,-6.976938386261468360e-03,-2.237248030252624378e-02,1.240578333785168422e-02,5.000000000000000000e-01,4.223606389255313842e-01
9.791666666666666297e-01,2.708333333333333148e-01,-1.403500921720186303e-03,-6.478693657519619259e-03,1.103875276418122761e-02,5.000000000000000000e-01,3.902432497018579749e-01
2.083333333333333218e-02,3.125000000000000000e-01,-1.932021668814876006e-03,1.371263979032330375e-02,7.714404591551471228e-03,5.000000000000000000e-01,5.252684331457414535e-01
6.250000000000000000e-02,3.125000000000000000e-01,-8.474938580753195103e-03,3.539772493148452687e-02,6.427710625494457118e-03,5.000000000000000000e-01,4.703237410837160515e-01
1.041666666666666574e-01,3.125000000000000000e-01,-1.943248162138750540e-02,5.118922694962484143e-02,5.568025925255122403e-03,5.000000000000000000e-01,3.599695624161435847e-01
1.458333333333333148e-01,3.125000000000000000e-01,-3.314804012958034313e-02,6.156821488342509308e-02,4.998563927453772773e-03,5.000000000000000000e-01,2.689502016839040999e-01
1.875000000000000000e-01,3.125000000000000000e-01,-4.837785772285235764e-02,6.724525878554730995e-02,4.617762150968041102e-03,5.000000000000000000e-01,1.969542366392451338e-01
2.291666666666666574e-01,3.125000000000000000e-01,-6.419079225318699566e-02,6.890765968808540420e-02,4.365512277397331012e-03,5.000000000000000000e-01,1.405991009400954783e-01
2.708333333333333148e-01,3.125000000000000000e-01,-7.986700197795473799e-02,6.709955689725399797e-02,4.219380811499670418e-03,5.000000000000000000e-01,9.577115954604359382e-02
3.125000000000000000e-01,3.125000000000000000e-01,-9.481435320237219244e-02,6.220008870420645763e-02,4.187226918201124998e-03,5.000000000000000000e-01,5.910794065558805377e-02
3.541666666666666297e-01,3.125000000000000000e-01,-1.085078631232391788e-01,5.446254000932938821e-02,4.298516952574111226e-03,5.000000000000000000e-01,2.871196489015681585e-02
3.958333333333333148e-01,3.125000000000000000e-01,-1.204509631408311882e-01,4.408338930171559755e-02,4.594854292677134043e-03,5.000000000000000000e-01,4.282537050230350584e-03
4.375000000000000000e-01,3.125000000000000000e-01,-1.301554865947484874e-01,3.127943771144097579e-02,5.119644382196230845e-03,5.000000000000000000e-01,-1.312495738707764037e-02
4.791666666666666297e-01,3.125000000000000000e-01,-1.371378081835896989e-01,1.635984938745162903e-02,5.906915956531247000e-03,5.000000000000000000e-01,-2.153248896309378768e-02
5.208333333333332593e-01,3.125000000000000000e-01,-1.409296729756536470e-01,-2.142168847759024831e-04,6.969922811010244128e-03,5.000000000000000000e-01,-1.856412757205228026e-02
5.625000000000000000e-01,3.125000000000000000e-01,-1.411043656561704607e-01,-1.778913817670567388e-02,8.293976311033478266e-03,5.000000000000000000e-01,-2.297587344025520117e-03
6.041666666666666297e-01,3.125000000000000000e-01,-1.373037760030913212e-01,-3.552744631448920276e-02,9.822837903221481176e-03,5.000000000000000000e-01,2.983389678001474588e-02
6.458333333333332593e-01,3.125000000000000000e-01,-1.292942318221606546e-01,-5.227618946271142542e-02,1.143722501004363831e-02,5.000000000000000000e-01,8.086444022547911725e-02
6.875000000000000000e-01,3.125000000000000000e-01,-1.170711097712970605e-01,-6.659470530782815589e-02,1.296616369010658229e-02,5.000000000000000000e-01,1.519275750105312239e-01
7.291666666666666297e-01,3.125000000000000000e-01,-1.009814318484200946e-01,-7.685595553291731108e-02,1.420766221105400177e-02,5.000000000000000000e-01,2.410924083810018215e-01
7.708333333333332593e-01,3.125000000000000000e-01,-8.184443132540128452e-02,-8.144860670238784905e-02,1.496541115431073224e-02,5.000000000000000000e-01,3.420337226317626822e-01
8.125000000000000000e-01,3.125000000000000000e-01,-6.103258560051563753e-02,-7.910282129866635925e-02,1.509655298194821291e-02,5.000000000000000000e-01,4.429645813303649260e-01
8.541666666666666297e-01,3.125000000000000000e-01,-4.045133264454704725e-02,-6.932545947979203149e-02,1.455717749519854637e-02,5.000000000000000000e-01,5.268596148539577140e-01
8.958333333333332593e-01,3.125000000000000000e-01,-2.234635821617644499e-02,-5.284360325025808103e-02,1.342528666451921551e-02,5.000000000000000000e-01,5.744063501851325304e-01
9.375000000000000000e-01,3.125000000000000000e-01,-8.912985322773944730e-03,-3.183509793211211636e-02,1.188240206259096737e-02,5.000000000000000000e-01,5.701958496484716976e-01
9.791666666666666297e-01,3.125000000000000000e-01,-1.810152118004585472e-03,-9.692346697244391684e-03,1.015119338414310554e-02,5.000000000000000000e-01,5.425676984990237539e-01
2.083333333333333218e-02,3.541666666666666297e-01,-2.116258324708662070e-03,1.776091978384684161e-02,6.097896473398188057e-03,5.000000000000000000e-01,6.586308847966243496e-01
6.250000000000000000e-02,3.541666666666666297e-01,-9.262242828647127002e-03,4.503834635383777152e-02,4.694024062624289201e-03,5.000000000000000000e-01,5.770665027066029795e-01
1.041666666666666574e-01,3.541666666666666297e-01,-2.118884800048610392e-02,6.443275373974488573e-02,3.749112459426596350e-03,5.000000000000000000e-01,4.205193052159823530e-01
1.458333333333333148e-01,3.541666666666666297e-01,-3.606800621087241643e-02,7.691940481188419554e-02,3.100580317212657533e-03,5.000000000000000000e-01,2.931162074148586649e-01
1.875000000000000000e-01,3.541666666666666297e-01,-5.255108069354880174e-02,8.360696093303661425e-02,2.629988047437976061e-03,5.000000000000000000e-01,1.925032780899226248e-01
2.291666666666666574e-01,3.541666666666666297e-01,-6.965797420655976679e-02,8.546578558394170300e-02,2.269484143519008741e-03,5.000000000000000000e-01,1.130730349105910082e-01
2.708333333333333148e-01,3.541666666666666297e-01,-8.665986762237483376e-02,8.321953414198052235e-02,1.996181537430540692e-03,5.000000000000000000e-01,4.890584123470254063e-02
3.125000000000000000e-01,3.541666666666666297e-01,-1.029787747423454858e-01,7.734636980386802585e-02,1.823129517513706957e-03,5.000000000000000000e-01,-4.554780116772905174e-03
3.541666666666666297e-01,3.541666666666666297e-01,-1.181111961107458586e-01,6.814219019893519302e-02,1.789772514243568105e-03,5.000000000000000000e-01,-4.981414249545956796e-02
3.958333333333333148e-01,3.541666666666666297e-01,-1.315750898980415085e-01,5.581073291699742422e-02,1.952164856864167450e-03,5.000000000000000000e-01,-8.730089286047543196e-02
4.375000000000000000e-01,3.541666666666666297e-01,-1.428771238573952329e-01,4.055865150943019359e-02,2.372282202895526632e-03,5.000000000000000000e-01,-1.157174045234026782e-01
4.791666666666666297e-01,3.541666666666666297e-01,-1.514981547475854895e-01,2.268398806849387245e-02,3.105787562022604281e-03,5.000000000000000000e-01,-1.325594802819751172e-01
5.208333333333332593e-01,3.541666666666666297e-01,-1.568969415956527613e-01,2.652296074313061514e-03,4.188226143819620030e-03,5.000000000000000000e-01,-1.346869035967717676e-01
5.625000000000000000e-01,3.541666666666666297e-01,-1.585337415950102691e-01,-1.884415845592031166e-02,5.632607507184528295e-03,5.000000000000000000e-01,-1.196002882335998052e-01
6.041666666666666297e-01,3.541666666666666297e-01,-1.558982594474324634e-01,-4.090849783593149269e-02,7.412345018882391182e-03,5.000000000000000000e-01,-8.367586783822555940e-02
6.458333333333332593e-01,3.541666666666666297e-01,-1.485651506913299169e-01,-6.223779087830234175e-02,9.408112552793631775e-03,5.000000000000000000e-01,-2.184261394720204974e-02
6.875000000000000000e-01,3.541666666666666297e-01,-1.363121545927918621e-01,-8.110922204163889537e-02,1.142177682117998840e-02,5.000000000000000000e-01,6.916853043413323521e-02
7.291666666666666297e-01,3.541666666666666297e-01,-1.192821232603918369e-01,-9.546114805438357664e-02,1.319308350781889586e-02,5.000000000000000000e-01,1.891002271377134614e-01
7.708333333333332593e-01,3.541666666666666297e-01,-9.816513889174031948e-02,-1.030973990725919109e-01,1.444068614933460663e-02,5.000000000000000000e-01,3.320965031200178164e-01
8.125000000000000000e-01,3.541666666666666297e-01,-7.436334919993443926e-02,-1.020676643451538246e-01,1.492641058725097808e-02,5.000000000000000000e-01,4.844776756941773233e-01
8.541666666666666297e-01,3.541666666666666297e-01,-5.005844485064040589e-02,-9.124677373856718288e-02,1.452888184408368533e-02,5.000000000000000000e-01,6.237290865420191954e-01
8.958333333333332593e-01,3.541666666666666297e-01,-2.806073591718277055e-02,-7.102497235331116376e-02,1.329705878869380867e-02,5.000000000000000000e-01,7.213530826959870801e-01
9.375000000000000000e-01,3.541666666666666297e-01,-1.134200263728708802e-02,-4.380583500235721295e-02,1.144625451014249715e-02,5.000000000000000000e-01,7.519851400082464554e-01
9.791666666666666297e-01,3.541666666666666297e-01,-2.331973326903381306e-03,-1.383447214215235803e-02,9.275916390047813861e-03,5.000000000000000000e-01,7.336428113504498416e-01
2.083333333333333218e-02,3.958333333333333148e-01,-2.263075595218375265e-03,2.214025370377387808e-02,3.815799041102890116e-03,5.000000000000000000e-01,8.021019412613605848e-01
6.250000000000000000e-02,3.958333333333333148e-01,-9.891979850405390601e-03,5.543390119303621272e-02,2.314745712139906937e-03,5.000000000000000000e-01,6.914507704643073627e-01
1.041666666666666574e-01,3.958333333333333148e-01,-2.259469859800627631e-02,7.866652281998630369e-02,1.291564697973983551e-03,5.000000000000000000e-01,4.845058787120366528e-01
1.458333333333333148e-01,3.958333333333333148e-01,-3.840018355419350105e-02,9.337027889821630788e-02,5.600786766189998558e-04,5.000000000000000000e-01,3.176022436051568199e-01
1.875000000000000000e-01,3.958333333333333148e-01,-5.587341679162173558e-02,1.011123945668091217e-01,-1.366606465874695836e-05,5.000000000000000000e-01,1.860348146841050987e-01
2.291666666666666574e-01,3.958333333333333148e-01,-7.400097195345900492e-02,1.031948006250174021e-01,-5.046708433791343568e-04,5.000000000000000000e-01,8.157039602860755023e-02
2.708333333333333148e-01,3.958333333333333148e-01,-9.206190452758696019e-02,1.005533450908478454e-01,-9.362306640628426102e-04,5.000000000000000000e-01,-3.903269160687894423e-03
3.125000000000000000e-01,3.958333333333333148e-01,-1.095121321356864463e-01,9.378169358307084091e-02,-1.290225883645161262e-03,5.000000000000000000e-01,-7.646347523978525018e-02
3.541666666666666297e-01,3.958333333333333148e-01,-1.258923214688214831e-01,8.321947712126778751e-02,-1.516963864165481873e-03,5.000000000000000000e-01,-1.394726197549425728e-01
3.958333333333333148e-01,3.958333333333333148e-01,-1.407594274252965683e-01,6.906444573843557866e-02,-1.544585909188288253e-03,5.000000000000000000e-01,-1.936429020119261324e-01
4.375000000000000000e-01,3.958333333333333148e-01,-1.536391143996351516e-01,5.148665962168435389e-02,-1.289383393096643626e-03,5.000000000000000000e-01,-2.374703993281490066e-01
4.791666666666666297e-01,3.958333333333333148e-01,-1.639975402618755740e-01,3.073543670867034949e-02,-6.685133645936112978e-04,5.000000000000000000e-01,-2.678053809171928590e-01
5.208333333333332593e-01,3.958333333333333148e-01,-1.712339108670035137e-01,7.236004887331790383e-03,3.839444377128822111e-04,5.000000000000000000e-01,-2.804530197632582045e-01
5.625000000000000000e-01,3.958333333333333148e-01,-1.746984688802817043e-01,-1.832650925630330274e-02,1.913571146961422394e-03,5.000000000000000000e-01,-2.719295761316266047e-01
6.041666666666666297e-01,3.958333333333333148e-01,-1.737244194389545582e-01,-4.503567862445345682e-02,3.955773553356806659e-03,5.000000000000000000e-01,-2.372609096512575677e-01
6.458333333333332593e-01,3.958333333333333148e-01,-1.676747381989345531e-01,-7.149340008590290840e-02,6.405506631224668936e-03,5.000000000000000000e-01,-1.687805107309687802e-01
6.875000000000000000e-01,3.958333333333333148e-01,-1.560585111502227340e-01,-9.572283598128822346e-02,9.045425243586275449e-03,5.000000000000000000e-01,-5.997107212033092605e-02
7.291666666666666297e-01,3.958333333333333148e-01,-1.387279611408492319e-01,-1.152081154565077620e-01,1.155213516487755068e-02,5.000000000000000000e-01,9.199468136819788366e-02
7.708333333333332593e-01,3.958333333333333148e-01,-1.161256562095063505e-01,-1.270697209704620967e-01,1.353643422199486690e-02,5.000000000000000000e-01,2.833625533708908906e-01
8.125000000000000000e-01,3.958333333333333148e-01,-8.955509990767235307e-02,-1.284676884409234887e-01,1.462370036350591623e-02,5.000000000000000000e-01,4.999719537473361064e-01
8.541666666666666297e-01,3.958333333333333148e-01,-6.138606453120598605e-02,-1.173206893685579122e-01,1.456429386066625947e-02,5.000000000000000000e-01,7.139242519299169309e-01
8.958333333333332593e-01,3.958333333333333148e-01,-3.501817637129872596e-02,-9.331665381668531600e-02,1.333628892519728507e-02,5.000000000000000000e-01,8.848156479835794785e-01
9.375000000000000000e-01,3.958333333333333148e-01,-1.438791344563567290e-02,-5.886314974454181365e-02,1.117634214838201037e-02,5.000000000000000000e-01,9.716045997375344356e-01
9.791666666666666297e-01,3.958333333333333148e-01,-3.004327343465700538e-03,-1.917077281252144161e-02,8.481105310042530779e-03,5.000000000000000000e-01,9.710036550646293785e-01
2.083333333333333218e-02,4.375000000000000000e-01,-2.370791784630709061e-03,2.677412108362296414e-02,8.169512952556530483e-04,5.000000000000000000e-01,9.535433118354420534e-01
6.250000000000000000e-02,4.375000000000000000e-01,-1.035687125112698045e-02,6.641501753487041859e-02,-7.616189836477139929e-04,5.000000000000000000e-01,8.119580096405213387e-01
1.041666666666666574e-01,4.375000000000000000e-01,-2.362796018797572867e-02,9.365921416260174215e-02,-1.855942544513988768e-03,5.000000000000000000e-01,5.512600213802167914e-01
1.458333333333333148e-01,4.375000000000000000e-01,-4.008898809781266670e-02,1.106441004216250357e-01,-2.672852354941487527e-03,5.000000000000000000e-01,3.422338652771397260e-01
1.875000000000000000e-01,4.375000000000000000e-01,-5.822946019042313237e-02,1.194522783734390803e-01,-3.361017453358882551e-03,5.000000000000000000e-01,1.776222592412632084e-01
2.291666666666666574e-01,4.375000000000000000e-01,-7.701455668490500561e-02,1.217675684747065584e-01,-4.003299931051532839e-03,5.000000000000000000e-01,4.623133809596347010e-02
2.708333333333333148e-01,4.375000000000000000e-01,-9.574770223426407045e-02,1.187746553646457370e-01,-4.624943901164210378e-03,5.000000000000000000e-01,-6.259721282433666767e-02
3.125000000000000000e-01,4.375000000000000000e-01,-1.139406864419434395e-01,1.112035951250518184e-01,-5.204447842226695570e-03,5.000000000000000000e-01,-1.567828231931881477e-01
3.541666666666666297e-01,4.375000000000000000e-01,-1.312057256424692397e-01,9.944280411294764699e-02,-5.682966123604520081e-03,5.000000000000000000e-01,-2.408144705041145861e-01
3.958333333333333148e-01,4.375000000000000000e-01,-1.471709988966311000e-01,8.367349795739269236e-02,-5.972498155718311205e-03,5.000000000000000000e-01,-3.158865736551804138e-01
4.375000000000000000e-01,4.375000000000000000e-01,-1.614169329431480449e-01,6.400322842358276143e-02,-5.964909163441750595e-03,5.000000000000000000e-01,-3.803849790255101615e-01
4.791666666666666297e-01,4.375000000000000000e-01,-1.734316944055053211e-01,4.059205523136959204e-02,-5.544192456147709752e-03,5.000000000000000000e-01,-4.304644590674215898e-01
5.208333333333332593e-01,4.375000000000000000e-01,-1.825878025803548965e-01,1.377186514461005602e-02,-4.603810244217161965e-03,5.000000000000000000e-01,-4.606363108909302673e-01
5.625000000000000000e-01,4.375000000000000000e-01,-1.881446270958266331e-01,-1.584098698483159262e-02,-3.064422528985798547e-03,5.000000000000000000e-01,-4.656262506526599454e-01
6.041666666666666297e-01,4.375000000000000000e-01,-1.892934078060939385e-01,-4.734646962698500772e-02,-7.889160740591812798e-04,5.000000000000000000e-01,-4.389284499864348765e-01
6.458333333333332593e-01,4.375000000000000000e-01,-1.851872654872506185e-01,-7.933843264223469638e-02,2.158437082785731424e-03,5.000000000000000000e-01,-3.701826083152054414e-01
6.875000000000000000e-01,4.375000000000000000e-01,-1.750292806200358098e-01,-1.096520153408830633e-01,5.559812073455041442e-03,5.000000000000000000e-01,-2.483692888228072881e-01
7.291666666666666297e-01,4.375000000000000000e-01,-1.582952316969155337e-01,-1.353435350294066863e-01,9.033593982449232562e-03,5.000000000000000000e-01,-6.587327061299663722e-02
7.708333333333332593e-01,4.375000000000000000e-01,-1.350382579903969538e-01,-1.527935800354246476e-01,1.206446235837316944e-02,5.000000000000000000e-01,1.779746224739278126e-01
8.125000000000000000e-01,4.375000000000000000e-01,-1.062786470769749303e-01,-1.580739965912169587e-01,1.409387520048710311e-02,5.000000000000000000e-01,4.712023952262144322e-01
8.541666666666666297e-01,4.375000000000000000e-01,-7.440109788722863715e-02,-1.477609657844771163e-01,1.467271088241441784e-02,5.000000000000000000e-01,7.822858727321320149e-01
8.958333333333332593e-01,4.375000000000000000e-01,-4.333783362513162624e-02,-1.203075298227704037e-01,1.363664182835951956e-02,5.000000000000000000e-01,1.057133645831271007e+00
9.375000000000000000e-01,4.375000000000000000e-01,-1.816317161125108326e-02,-7.767719867800032540e-02,1.120756740804490850e-02,5.000000000000000000e-01,1.231693992172203433e+00
9.791666666666666297e-01,4.375000000000000000e-01,-3.864190718248416024e-03,-2.603929087423555513e-02,7.897979395591770563e-03,5.000000000000000000e-01,1.262670235436803123e+00
2.083333333333333218e-02,4.791666666666666297e-01,-2.443225345676976884e-03,3.158813821393065269e-02,-2.931314073800456166e-03,5.000000000000000000e-01,1.110899788142853950e+00
6.250000000000000000e-02,4.791666666666666297e-01,-1.067005424147006269e-02,7.781390876685208291e-02,-4.570143622955378723e-03,5.000000000000000000e-01,9.372167427479726198e-01
1.041666666666666574e-01,4.791666666666666297e-01,-2.430395082626972403e-02,1.091653084522684891e-01,-5.726932775271637369e-03,5.000000000000000000e-01,6.202048529705863622e-01
1.458333333333333148e-01,4.791666666666666297e-01,-4.112660811645114239e-02,1.284216913319766451e-01,-6.625936079525867467e-03,5.000000000000000000e-01,3.669234026881894040e-01
1.875000000000000000e-01,4.791666666666666297e-01,-5.955180367531214686e-02,1.382403551145589549e-01,-7.431148417345521257e-03,5.000000000000000000e-01,1.675048433732771458e-01
2.291666666666666574e-01,4.791666666666666297e-01,-7.853120647024930401e-02,1.407439910230057212e-01,-8.236168761880748035e-03,5.000000000000000000e-01,7.536002791014961844e-03
2.708333333333333148e-01,4.791666666666666297e-01,-9.740944347521364455e-02,1.374096153706699797e-01,-9.072001422060410603e-03,5.000000000000000000e-01,-1.264979577368311459e-01
3.125000000000000000e-01,4.791666666666666297e-01,-1.157787481212855241e-01,1.291309239727788105e-01,-9.917522159146843069e-03,5.000000000000000000e-01,-2.446642407178273304e-01
3.541666666666666297e-01,4.791666666666666297e-01,-1.333545460944710603e-01,1.163563124389319914e-01,-1.070762361091161935e-02,5.000000000000000000e-01,-3.528665614967079756e-01
3.958333333333333148e-01,4.791666666666666297e-01,-1.498751219767297527e-01,9.924583876782890057e-02,-1.133935813385691591e-02,5.000000000000000000e-01,-4.530409657157795089e-01
4.375000000000000000e-01,4.791666666666666297e-01,-1.650218088735324051e-01,7.782350855646617827e-02,-1.167872466209380830e-02,5.000000000000000000e-01,-5.436631181607793906e-01
4.791666666666666297e-01,4.791666666666666297e-01,-1.783568652852298153e-01,5.212159297254081308e-02,-1.157151112003685506e-02,5.000000000000000000e-01,-6.202781422672818401e-01
5.208333333333332593e-01,4.791666666666666297e-01,-1.892805938422938428e-01,2.232216413535244998e-02,-1.086144056868772190e-02,5.000000000000000000e-01,-6.760037861239654999e-01
5.625000000000000000e-01,4.791666666666666297e-01,-1.970146160974884375e-01,-1.110043920490764308e-02,-9.417719393103277103e-03,5.000000000000000000e-01,-7.029035859034590272e-01
6.041666666666666297e-01,4.791666666666666297e-01,-2.006444942641547602e-01,-4.730835852997530844e-02,-6.995914573148532753e-03,5.000000000000000000e-01,-6.927667758300031231e-01
6.458333333333332593e-01,4.791666666666666297e-01,-1.991317332198988266e-01,-8.499544710234366307e-02,-3.556985361817100941e-03,5.000000000000000000e-01,-6.327034126018710181e-01
6.875000000000000000e-01,4.791666666666666297e-01,-1.913661728021607833e-01,-1.219185461657269209e-01,7.101379673839216741e-04,5.000000000000000000e-01,-5.061011802635707602e-01
7.291666666666666297e-01,4.791666666666666297e-01,-1.763800866176410964e-01,-1.547971393122027917e-01,5.385749631349044664e-03,5.000000000000000000e-01,-2.987563164973435770e-01
7.708333333333332593e-01,4.791666666666666297e-01,-1.536873363108106072e-01,-1.792896997659775837e-01,9.823271819133259225e-03,5.000000000000000000e-01,-2.643052997861494724e-03
8.125000000000000000e-01,4.791666666666666297e-01,-1.237893519255760244e-01,-1.902354721593206288e-01,1.323457603960926168e-02,5.000000000000000000e-01,3.766122968204826948e-01
8.541666666666666297e-01,4.791666666666666297e-01,-8.881008715710377033e-02,-1.824563041745919656e-01,1.488132208517249297e-02,5.000000000000000000e-01,8.081660605173290879e-01
8.958333333333332593e-01,4.791666666666666297e-01,-5.302887975076117644e-02,-1.524566631010951245e-01,1.434631352321287696e-02,5.000000000000000000e-01,1.225031737423548428e+00
9.375000000000000000e-01,4.791666666666666297e-01,-2.276084051145109421e-02,-1.009707666528662090e-01,1.175944435250080022e-02,5.000000000000000000e-01,1.532167721851479758e+00
9.791666666666666297e-01,4.791666666666666297e-01,-4.951031355669731349e-03,-3.485451294815370554e-02,7.754419727647880560e-03,5.000000000000000000e-01,1.616113113299653792e+00
2.083333333333333218e-02,5.208333333333332593e-01,-2.494233024025682699e-03,3.652559658363330880e-02,-7.443787858873706850e-03,5.000000000000000000e-01,1.272475849053793739e+00
6.250000000000000000e-02,5.208333333333332593e-01,-1.088109624178685425e-02,8.949014251070366854e-02,-9.131253005786744981e-03,5.000000000000000000e-01,1.066154640180868585e+00
1.041666666666666574e-01,5.208333333333332593e-01,-2.470391537040002305e-02,1.249457904218297111e-01,-1.033714438328661375e-02,5.000000000000000000e-01,6.907718645969221916e-01
1.458333333333333148e-01,5.208333333333332593e-01,-4.159089165953798461e-02,1.463508429417347823e-01,-1.130091593258134713e-02,5.000000000000000000e-01,3.914731652174204823e-01
1.875000000000000000e-01,5.208333333333332593e-01,-5.986589744716715178e-02,1.570114048512910032e-01,-1.220575078813990882e-02,5.000000000000000000e-01,1.558505616787001224e-01
2.291666666666666574e-01,5.208333333333332593e-01,-7.847329666137856097e-02,1.595597432954222461e-01,-1.316261587653603377e-02,5.000000000000000000e-01,-3.393443139327811942e-02
2.708333333333333148e-01,5.208333333333332593e-01,-9.681927280642171896e-02,1.558180762482609949e-01,-1.421534861976988043e-02,5.000000000000000000e-01,-1.945202955618616780e-01
3.125000000000000000e-01,5.208333333333332593e-01,-1.146053026471958169e-01,1.468777975820337867e-01,-1.534947246616777741e-02,5.000000000000000000e-01,-3.383935356557368213e-01
3.541666666666666297e-01,5.208333333333332593e-01,-1.316852640560268184e-01,1.332651982116935530e-01,-1.649844022679960998e-02,5.000000000000000000e-01,-4.731594825665576542e-01
3.958333333333333148e-01,5.208333333333332593e-01,-1.479503889694486207e-01,1.151226537907478059e-01,-1.754720400310979395e-02,5.000000000000000000e-01,-6.018116115848233250e-01
4.375000000000000000e-01,5.208333333333332593e-01,-1.632359188917045234e-01,9.237891035260584194e-02,-1.833602709885999438e-02,5.000000000000000000e-01,-7.232455997001223658e-01
4.791666666666666297e-01,5.208333333333332593e-01,-1.772431936376789030e-01,6.490852233407293226e-02,-1.866881309681163448e-02,5.000000000000000000e-01,-8.326816346710503858e-01
5.208333333333332593e-01,5.208333333333332593e-01,-1.894761859141395610e-01,3.269195560734505096e-02,-1.833079746370208651e-02,5.000000000000000000e-01,-9.219656463490630838e-01
5.625000000000000000e-01,5.208333333333332593e-01,-1.991998509358661462e-01,-4.012543399979105752e-03,-1.712021607916168475e-02,5.000000000000000000e-01,-9.801972073360049054e-01
6.041666666666666297e-01,5.208333333333332593e-01,-2.054578510510297051e-01,-4.450837605307392253e-02,-1.469599597144096575e-02,5.000000000000000000e-01,-9.971112845456118201e-01
6.458333333333332593e-01,5.208333333333332593e-01,-2.070721687395129795e-01,-8.769387293501773595e-02,-1.083568641169273955e-02,5.000000000000000000e-01,-9.572581724223451216e-01
6.875000000000000000e-01,5.208333333333332593e-01,-2.026558744745973750e-01,-1.314019750157065514e-01,-5.656463473172716749e-03,5.000000000000000000e-01,-8.379934773298193251e-01
7.291666666666666297e-01,5.208333333333332593e-01,-1.907700255890542318e-01,-1.721856455322859913e-01,4.249276445940234140e-04,5.000000000000000000e-01,-6.169439891863621739e-01
7.708333333333332593e-01,5.208333333333332593e-01,-1.702563364210263330e-01,-2.051076330207527443e-01,6.649581422996868330e-03,5.000000000000000000e-01,-2.754472456910657119e-01
8.125000000000000000e-01,5.208333333333332593e-01,-1.408296095539628701e-01,-2.237422501568435695e-01,1.197019441683052493e-02,5.000000000000000000e-01,1.928335480783437417e-01
8.541666666666666297e-01,5.208333333333332593e-01,-1.039694605387805615e-01,-2.207889399607236292e-01,1.526105475435168661e-02,5.000000000000000000e-01,7.653528638487845370e-01
8.958333333333332593e-01,5.208333333333332593e-01,-6.393827422203490762e-02,-1.899364210380517504e-01,1.569796056550674251e-02,5.000000000000000000e-01,1.367834627909079170e+00
9.375000000000000000e-01,5.208333333333332593e-01,-2.824166494593295662e-02,-1.294556572313216580e-01,1.317760123029644050e-02,5.000000000000000000e-01,1.868128850269810348e+00
9.791666666666666297e-01,5.208333333333332593e-01,-6.307776083794574759e-03,-4.611332038761800645e-02,8.423516604021802009e-03,5.000000000000000000e-01,2.036595049567397453e+00
2.083333333333333218e-02,5.625000000000000000e-01,-2.553787579352392954e-03,4.157361718701138575e-02,-1.272408136253068076e-02,5.000000000000000000e-01,1.437334664462535772e+00
6.250000000000000000e-02,5.625000000000000000e-01,-1.109608041834602571e-02,1.013712779640804085e-01,-1.445851162856457914e-02,5.000000000000000000e-01,1.198173100541851888e+00
1.041666666666666574e-01,5.625000000000000000e-01,-2.500757244498212628e-02,1.407989661237022405e-01,-1.568929491364140158e-02,5.000000000000000000e-01,7.621605010617976683e-01
1.458333333333333148e-01,5.625000000000000000e-01,-4.168375745510822378e-02,1.640608285391262910e-01,-1.667293967619443498e-02,5.000000000000000000e-01,4.151346008289066303e-01
1.875000000000000000e-01,5.625000000000000000e-01,-5.933045012818302655e-02,1.752231177146034435e-01,-1.762256703282358630e-02,5.000000000000000000e-01,1.422226563460805560e-01
2.291666666666666574e-01,5.625000000000000000e-01,-7.689666579050613571e-02,1.775216453086442825e-01,-1.867958201752586977e-02,5.000000000000000000e-01,-7.808665900456668307e-02
2.708333333333333148e-01,5.625000000000000000e-01,-9.388136455844696415e-02,1.731868491480229311e-01,-1.991225701422878053e-02,5.000000000000000000e-01,-2.658058203595969893e-01
3.125000000000000000e-01,5.625000000000000000e-01,-1.101321648532082309e-01,1.635458548178071736e-01,-2.132165077350153468e-02,5.000000000000000000e-01,-4.360580184393584302e-01
3.541666666666666297e-01,5.625000000000000000e-01,-1.256797330052105699e-01,1.492246705367534787e-01,-2.284599411573779576e-02,5.000000000000000000e-01,-5.983960481787948815e-01
3.958333333333333148e-01,5.625000000000000000e-01,-1.406104422037488533e-01,1.303590155776479242e-01,-2.436199448154946837e-02,5.000000000000000000e-01,-7.572074679842947242e-01
4.375000000000000000e-01,5.625000000000000000e-01,-1.549654736885304196e-01,1.067831099727431926e-01,-2.568557424773147344e-02,5.000000000000000000e-01,-9.122657726121664590e-01
4.791666666666666297e-01,5.625000000000000000e-01,-1.686536838079030765e-01,7.819980757928263193e-02,-2.657675876330739886e-02,5.000000000000000000e-01,-1.059020670974654355e+00
5.208333333333332593e-01,5.625000000000000000e-01,-1.813711890472572974e-01,4.435116787795027882e-02,-2.675501820898016844e-02,5.000000000000000000e-01,-1.188579831586215274e+00
5.625000000000000000e-01,5.625000000000000000e-01,-1.925318471465736758e-01,5.212567450458624810e-03,-2.593299973321868887e-02,5.000000000000000000e-01,-1.287605581774359909e+00
6.041666666666666297e-01,5.625000000000000000e-01,-2.012332167537257410e-01,-3.877411718119599948e-02,-2.368950522830328212e-02,5.000000000000000000e-01,-1.343129109849263703e+00
6.458333333333332593e-01,5.625000000000000000e-01,-2.062538178140027045e-01,-8.679321305813544885e-02,-1.954276749413406955e-02,5.000000000000000000e-01,-1.336943495473220000e+00
6.875000000000000000e-01,5.625000000000000000e-01,-2.060251556219440949e-01,-1.369475913495630526e-01,-1.348300210431217436e-02,5.000000000000000000e-01,-1.240987092445597906e+00
7.291666666666666297e-01,5.625000000000000000e-01,-1.986737455238237748e-01,-1.858772881820929257e-01,-5.860101397871696899e-03,5.000000000000000000e-01,-1.023690217944777991e+00
7.708333333333332593e-01,5.625000000000000000e-01,-1.822900037944460427e-01,-2.283134212683514686e-01,2.507644913198573897e-03,5.000000000000000000e-01,-6.525942895510017383e-01
8.125000000000000000e-01,5.625000000000000000e-01,-1.555401212054088878e-01,-2.567130713653454910e-01,1.031940030167611405e-02,5.000000000000000000e-01,-1.027179092307587416e-01
8.541666666666666297e-01,5.625000000000000000e-01,-1.187836633590440005e-01,-2.614347256137688480e-01,1.597671211256788265e-02,5.000000000000000000e-01,6.229645276106761109e-01
8.958333333333332593e-01,5.625000000000000000e-01,-7.568181601378246026e-02,-2.324236690470136979e-01,1.805692655471853245e-02,5.000000000000000000e-01,1.455836769394323049e+00
9.375000000000000000e-01,5.625000000000000000e-01,-3.461514405016821033e-02,-1.637316904620759461e-01,1.599471115030753204e-02,5.000000000000000000e-01,2.227099880636163931e+00
9.791666666666666297e-01,5.625000000000000000e-01,-7.982611798878866405e-03,-6.040370827029145628e-02,1.049506844102321423e-02,5.000000000000000000e-01,2.524573672572112404e+00
2.083333333333333218e-02,6.041666666666666297e-01,-2.676800175098960517e-03,4.680420494146274313e-02,-1.878187772851627746e-02,5.000000000000000000e-01,1.605773004234168022e+00
6.250000000000000000e-02,6.041666666666666297e-01,-1.150350568358364176e-02,1.135096885571073716e-01,-2.057618728700908936e-02,5.000000000000000000e-01,1.333260535060893925e+00
1.041666666666666574e-01,6.041666666666666297e-01,-2.552773988383728182e-02,1.565962817575650423e-01,-2.178479113618406182e-02,5.000000000000000000e-01,8.327753359109865139e-01
1.458333333333333148e-01,6.041666666666666297e-01,-4.176129013771233411e-02,1.811732481692646668e-01,-2.269416524877716432e-02,5.000000000000000000e-01,4.357303515908534375e-01
1.875000000000000000e-01,6.041666666666666297e-01,-5.825696870648920667e-02,1.922530693263167501e-01,-2.357188783215824826e-02,5.000000000000000000e-01,1.245433566365952149e-01
2.291666666666666574e-01,6.041666666666666297e-01,-7.400234364424518319e-02,1.938032842970100478e-01,-2.461347908828502226e-02,5.000000000000000000e-01,-1.264758110515889489e-01
2.708333333333333148e-01,6.041666666666666297e-01,-8.864457826729241208e-02,1.885321435506452370e-01,-2.592900727976219302e-02,5.000000000000000000e-01,-3.410234560200072207e-01
3.125000000000000000e-01,6.041666666666666297e-01,-1.022293130551854001e-01,1.780360954978391086e-01,-2.754577880059746672e-02,5.000000000000000000e-01,-5.370130907093642048e-01
3.541666666666666297e-01,6.041666666666666297e-01,-1.150057659479531563e-01,1.630584509014916250e-01,-2.941264738193074060e-02,5.000000000000000000e-01,-7.260947703541422715e-01
3.958333333333333148e-01,6.041666666666666297e-01,-1.272913272014343511e-01,1.437415056649292699e-01,-3.140103010100454839e-02,5.000000000000000000e-01,-9.143284546099921251e-01
4.375000000000000000e-01,6.041666666666666297e-01,-1.393729791723892775e-01,1.198373033411983535e-01,-3.330375265459388501e-02,5.000000000000000000e-01,-1.102872436519780841e+00
4.791666666666666297e-01,6.041666666666666297e-01,-1.514234131512506298e-01,9.088425830906146641e-02,-3.483624320413551689e-02,5.000000000000000000e-01,-1.288207451194372188e+00
5.208333333333332593e-01,6.041666666666666297e-01,-1.634151067441123040e-01,5.637591598038738105e-02,-3.564696441310584440e-02,5.000000000000000000e-01,-1.461784002046100817e+00
5.625000000000000000e-01,6.041666666666666297e-01,-1.750246708471490942e-01,1.595804155037467559e-02,-3.534655804785195865e-02,5.000000000000000000e-01,-1.609241612258998755e+00
6.041666666666666297e-01,6.041666666666666297e-01,-1.855362057388518227e-01,-3.030668678225724097e-02,-3.347310823325806706e-02,5.000000000000000000e-01,-1.714163693596942872e+00
6.458333333333332593e-01,6.041666666666666297e-01,-1.938336849517783844e-01,-8.194256318387069249e-02,-2.921877429397823703e-02,5.000000000000000000e-01,-1.755559253398389918e+00
6.875000000000000000e-01,6.041666666666666297e-01,-1.983243585614216931e-01,-1.375362298062431099e-01,-2.238726923263893026e-02,5.000000000000000000e-01,-1.701780016978007293e+00
7.291666666666666297e-01,6.041666666666666297e-01,-1.968283373457778151e-01,-1.941360810391770664e-01,-1.318097311678144770e-02,5.000000000000000000e-01,-1.511974600867436180e+00
7.708333333333332593e-01,6.041666666666666297e-01,-1.867092621416954201e-01,-2.465574453447275105e-01,-2.387042826053851000e-03,5.000000000000000000e-01,-1.137575464574934303e+00
8.125000000000000000e-01,6.041666666666666297e-01,-1.653910881301503544e-01,-2.865371038895516698e-01,8.500489335884540629e-03,5.000000000000000000e-01,-5.280798190922278978e-01
8.541666666666666297e-01,6.041666666666666297e-01,-1.315937688546717776e-01,-3.021644702114061332e-01,1.737015200302415019e-02,5.000000000000000000e-01,3.476560121808778270e-01
8.958333333333332593e-01,6.041666666666666297e-01,-8.755496985320224135e-02,-2.788345707961075171e-01,2.199651262684420086e-02,5.000000000000000000e-01,1.449183538914881275e+00
9.375000000000000000e-01,6.041666666666666297e-01,-4.181336088889102409e-02,-2.041290696409075733e-01,2.102009374856905755e-02,5.000000000000000000e-01,2.585416123578339054e+00
9.791666666666666297e-01,6.041666666666666297e-01,-1.003295108123493547e-02,-7.841927115040525642e-02,1.488250375401866353e-02,5.000000000000000000e-01,3.071627438565085022e+00
2.083333333333333218e-02,6.458333333333332593e-01,-2.957237367577137711e-03,5.243824248413883615e-02,-2.566844222769288156e-02,5.000000000000000000e-01,1.779686148926667988e+00
6.250000000000000000e-02,6.458333333333332593e-01,-1.240904819065154555e-02,1.261541673459903590e-01,-2.755218951492473603e-02,5.000000000000000000e-01,1.471784625638603794e+00
1.041666666666666574e-01,6.458333333333332593e-01,-2.674195749207370493e-02,1.723089464703578544e-01,-2.864443115902384415e-02,5.000000000000000000e-01,8.989419772883378013e-01
1.458333333333333148e-01,6.458333333333332593e-01,-4.233783251892763583e-02,1.972900087372008726e-01,-2.930131028923483108e-02,5.000000000000000000e-01,4.479111224626160515e-01
1.875000000000000000e-01,6.458333333333332593e-01,-5.707902705348724681e-02,2.073731818617170486e-01,-2.989558437940830968e-02,5.000000000000000000e-01,9.711820791148234600e-02
2.291666666666666574e-01,6.458333333333332593e-01,-7.007794064521190303e-02,2.074274602910903820e-01,-3.071676272888967593e-02,5.000000000000000000e-01,-1.844802602575885131e-01
2.708333333333333148e-01,6.458333333333332593e-01,-8.122993202261730161e-02,2.007021935570175719e-01,-3.193993398302928666e-02,5.000000000000000000e-01,-4.247794863816058974e-01
3.125000000000000000e-01,6.458333333333332593e-01,-9.085476660991483044e-02,1.890756148666573044e-01,-3.362840756599358438e-02,5.000000000000000000e-01,-6.445887551531936932e-01
3.541666666666666297e-01,6.458333333333332593e-01,-9.946642530860855258e-02,1.734070431241348798e-01,-3.574339521973361744e-02,5.000000000000000000e-01,-8.576580992119913205e-01
3.958333333333333148e-01,6.458333333333332593e-01,-1.076375518798761144e-01,1.538496012670347857e-01,-3.814947382450220581e-02,5.000000000000000000e-01,-1.071830118184483593e+00
4.375000000000000000e-01,6.458333333333332593e-01,-1.159166846677498197e-01,1.300899924979214972e-01,-4.061462963260645265e-02,5.000000000000000000e-01,-1.290026983735875765e+00
4.791666666666666297e-01,6.458333333333332593e-01,-1.247644502358496998e-01,1.015297686992995274e-01,-4.280906158405065054e-02,5.000000000000000000e-01,-1.510582026018433499e+00
5.208333333333332593e-01,6.458333333333332593e-01,-1.344820723021023512e-01,6.743972124926365941e-02,-4.430964127305143940e-02,5.000000000000000000e-01,-1.726737909844600072e+00
5.625000000000000000e-01,6.458333333333332593e-01,-1.451109822209684097e-01,2.713271030340121820e-02,-4.462052680302434904e-02,5.000000000000000000e-01,-1.925306360757614854e+00
6.041666666666666297e-01,6.458333333333332593e-01,-1.562868470215592054e-01,-1.979395584299023514e-02,-4.322088289938751104e-02,5.000000000000000000e-01,-2.086727769843072178e+00
6.458333333333332593e-01,6.458333333333332593e-01,-1.671867563881227481e-01,-7.325790554364758345e-02,-3.903457485322352205e-02,5.000000000000000000e-01,-2.187767386070082587e+00
6.875000000000000000e-01,6.458333333333332593e-01,-1.764036720624165278e-01,-1.325132981625291584e-01,-3.158167347088326748e-02,5.000000000000000000e-01,-2.195653467803648340e+00
7.291666666666666297e-01,6.458333333333332593e-01,-1.816970776566884938e-01,-1.953616283042629020e-01,-2.083628762261579420e-02,5.000000000000000000e-01,-2.061764660098887703e+00
7.708333333333332593e-01,6.458333333333332593e-01,-1.798930712635761209e-01,-2.572549796768364150e-01,-7.434647465370015917e-03,5.000000000000000000e-01,-1.721065846579215020e+00
8.125000000000000000e-01,6.458333333333332593e-01,-1.671404944810685189e-01,-3.099103203514954608e-01,7.063436931198685195e-03,5.000000000000000000e-01,-1.091920025966474750e+00
8.541666666666666297e-01,6.458333333333332593e-01,-1.400524646140063334e-01,-3.396766028920030767e-01,2.007702487792711876e-02,5.000000000000000000e-01,-9.263824914582408088e-02
8.958333333333332593e-01,6.458333333333332593e-01,-9.841171035285734003e-02,-3.270019913781290755e-01,2.840779494843564956e-02,5.000000000000000000e-01,1.297623426550234438e+00
9.375000000000000000e-01,6.458333333333332593e-01,-4.965118803599419262e-02,-2.504637803400603380e-01,2.947086658277227322e-02,5.000000000000000000e-01,2.903435123818606023e+00
9.791666666666666297e-01,6.458333333333332593e-01,-1.253196803163128363e-02,-1.009841902632714755e-01,2.298658547857154386e-02,5.000000000000000000e-01,3.653978045833814470e+00
2.083333333333333218e-02,6.875000000000000000e-01,-3.552129528618241418e-03,5.894760938033422049e-02,-3.354598243344954211e-02,5.000000000000000000e-01,1.962255396356126891e+00
6.250000000000000000e-02,6.875000000000000000e-01,-1.428152050058159941e-02,1.398260022448327700e-01,-3.555583208548050711e-02,5.000000000000000000e-01,1.613239189587329481e+00
1.041666666666666574e-01,6.875000000000000000e-01,-2.930372993332158726e-02,1.879922303056776045e-01,-3.633957582311969636e-02,5.000000000000000000e-01,9.519540559724681827e-01
1.458333333333333148e-01,6.875000000000000000e-01,-4.402298161823781086e-02,2.119218516136512631e-01,-3.642426768389857294e-02,5.000000000000000000e-01,4.395763366355298629e-01
1.875000000000000000e-01,6.875000000000000000e-01,-5.621270114522322614e-02,2.196722530468116774e-01,-3.638552924382085219e-02,5.000000000000000000e-01,4.674646787418135219e-02
2.291666666666666574e-01,6.875000000000000000e-01,-6.529997692747895044e-02,2.172145784799761059e-01,-3.666800668498458593e-02,5.000000000000000000e-01,-2.654556866949551175e-01
2.708333333333333148e-01,6.875000000000000000e-01,-7.159813315992499816e-02,2.083652229779832665e-01,-3.753698717257286654e-02,5.000000000000000000e-01,-5.300575273733612036e-01
3.125000000000000000e-01,6.875000000000000000e-01,-7.580873389196861323e-02,1.952480207650327537e-01,-3.909388128213389657e-02,5.000000000000000000e-01,-7.708707764383266881e-01
3.541666666666666297e-01,6.875000000000000000e-01,-7.876027127990972709e-02,1.787978333123942942e-01,-4.130341010641903898e-02,5.000000000000000000e-01,-1.003589464717704161e+00
3.958333333333333148e-01,6.875000000000000000e-01,-8.128920131227410084e-02,1.591588676824073068e-01,-4.401195028878494842e-02,5.000000000000000000e-01,-1.237702013272816037e+00
4.375000000000000000e-01,6.875000000000000000e-01,-8.419056309546822658e-02,1.359612206536167933e-01,-4.695360183289248868e-02,5.000000000000000000e-01,-1.477944413507619625e+00
4.791666666666666297e-01,6.875000000000000000e-01,-8.819184889837235197e-02,1.085075919146082368e-01,-4.974941106667883639e-02,5.000000000000000000e-01,-1.724955061763356667e+00
5.208333333333332593e-01,6.875000000000000000e-01,-9.391733931962727155e-02,7.590501052146252092e-02,-5.190631488754768319e-02,5.000000000000000000e-01,-1.974916551282489774e+00
5.625000000000000000e-01,6.875000000000000000e-01,-1.018161512096017463e-01,3.719514284004286214e-02,-5.283013104098410739e-02,5.000000000000000000e-01,-2.217979097877957884e+00
6.041666666666666297e-01,6.875000000000000000e-01,-1.120328407656446257e-01,-8.463834022998190099e-03,-5.186972561303634932e-02,5.000000000000000000e-01,-2.435232433963827603e+00
6.458333333333332593e-01,6.875000000000000000e-01,-1.242390784321437680e-01,-6.148188033057694346e-02,-4.784827685227865945e-02,5.000000000000000000e-01,-2.602798800786830569e+00
6.875000000000000000e-01,6.875000000000000000e-01,-1.374569590050663259e-01,-1.218545271283834469e-01,-3.988710365858490203e-02,5.000000000000000000e-01,-2.688090004682853085e+00
7.291666666666666297e-01,6.875000000000000000e-01,-1.497562971851777447e-01,-1.884276555640252426e-01,-2.767311054019249220e-02,5.000000000000000000e-01,-2.638996769306856560e+00
7.708333333333332593e-01,6.875000000000000000e-01,-1.578358003073267180e-01,-2.579134556880374740e-01,-1.156392920077363787e-02,5.000000000000000000e-01,-2.377239712125609472e+00
8.125000000000000000e-01,6.875000000000000000e-01,-1.568193758481107869e-01,-3.230208455820179347e-01,7.007808679021189022e-03,5.000000000000000000e-01,-1.787934713667685971e+00
8.541666666666666297e-01,6.875000000000000000e-01,-1.409655857858200523e-01,-3.695078975908335783e-01,2.515500062659109526e-02,5.000000000000000000e-01,-7.232860057903738316e-01
8.958333333333332593e-01,6.875000000000000000e-01,-1.064774328471123771e-01,-3.732996038791553395e-01,3.864096086381836603e-02,5.000000000000000000e-01,9.414842286837685759e-01
9.375000000000000000e-01,6.875000000000000000e-01,-5.774848675891726402e-02,-3.016556362440923622e-01,4.316038194265961470e-02,5.000000000000000000e-01,3.118845634136380607e+00
9.791666666666666297e-01,6.875000000000000000e-01,-1.557194141380843430e-02,-1.290880997087111848e-01,3.695321416238707413e-02,5.000000000000000000e-01,4.222108329848066610e+00
2.083333333333333218e-02,7.291666666666666297e-01,-4.721734668257280242e-03,6.722147357720974215e-02,-4.282572965405229137e-02,5.000000000000000000e-01,2.155357168913902832e+00
6.250000000000000000e-02,7.291666666666666297e-01,-1.780102639758561478e-02,1.553608207492489235e-01,-4.495742468798308300e-02,5.000000000000000000e-01,1.751989237555963586e+00
1.041666666666666574e-01,7.291666666666666297e-01,-3.397561278762756265e-02,2.036542076240433485e-01,-4.503300597243393988e-02,5.000000000000000000e-01,9.711973687525446985e-01
1.458333333333333148e-01,7.291666666666666297e-01,-4.728917116408772048e-02,2.242926843566618866e-01,-4.398763306382617866e-02,5.000000000000000000e-01,3.842288481898599173e-01
1.875000000000000000e-01,7.291666666666666297e-01,-5.568183917667751670e-02,2.278838078433762793e-01,-4.277394334967869749e-02,5.000000000000000000e-01,-5.527475534191195194e-02
2.291666666666666574e-01,7.291666666666666297e-01,-5.926366348946072310e-02,2.216721237784504694e-01,-4.207128751979399839e-02,5.000000000000000000e-01,-3.989704663806064588e-01
2.708333333333333148e-01,7.291666666666666297e-01,-5.902502912311389377e-02,2.099671995456081630e-01,-4.224790574985180791e-02,5.000000000000000000e-01,-6.866041043585942028e-01
3.125000000000000000e-01,7.291666666666666297e-01,-5.618292490564325004e-02,1.950145407119808216e-01,-4.342423665829195367e-02,5.000000000000000000e-01,-9.451838488948584027e-01
3.541666666666666297e-01,7.291666666666666297e-01,-5.192312299809198617e-02,1.777230488458360902e-01,-4.553946287872076559e-02,5.000000000000000000e-01,-1.192104508073956959e+00
3.958333333333333148e-01,7.291666666666666297e-01,-4.733233009925227885e-02,1.581717892824901772e-01,-4.839474926428193047e-02,5.000000000000000000e-01,-1.438155619537099916e+00
4.375000000000000000e-01,7.291666666666666297e-01,-4.340592597658058521e-02,1.359232567140563341e-01,-5.166976839379974762e-02,5.000000000000000000e-01,-1.689538313231882416e+00
4.791666666666666297e-01,7.291666666666666297e-01,-4.107440522105759717e-02,1.102153209015498403e-01,-5.492573859961692728e-02,5.000000000000000000e-01,-1.949083431202006444e+00
5.208333333333332593e-01,7.291666666666666297e-01,-4.121814210312692989e-02,8.006650883784517669e-02,-5.759652214744424847e-02,5.000000000000000000e-01,-2.216346087864785375e+00
5.625000000000000000e-01,7.291666666666666297e-01,-4.464823527559932947e-02,4.436254958610706678e-02,-5.899256653833462316e-02,5.000000000000000000e-01,-2.486227457558090492e+00
6.041666666666666297e-01,7.291666666666666297e-01,-5.202783402852669686e-02,1.965047539907844708e-03,-5.832808901786308564e-02,5.000000000000000000e-01,-2.745752266481747306e+00
6.458333333333332593e-01,7.291666666666666297e-01,-6.367754942793880935e-02,-4.805480882757172389e-02,-5.439419009934448601e-02,5.000000000000000000e-01,-2.974371866021488398e+00
6.875000000000000000e-01,7.291666666666666297e-01,-7.934194690562706986e-02,-1.063993205807778342e-01,-4.589334318974785942e-02,5.000000000000000000e-01,-3.141629495632329849e+00
7.291666666666666297e-01,7.291666666666666297e-01,-9.783960877410446955e-02,-1.730858620630420508e-01,-3.219716347643032661e-02,5.000000000000000000e-01,-3.198411098035829347e+00
7.708333333333332593e-01,7.291666666666666297e-01,-1.163829519377680144e-01,-2.466324029032081477e-01,-1.327775803350111222e-02,5.000000000000000000e-01,-3.062008335874866205e+00
8.125000000000000000e-01,7.291666666666666297e-01,-1.297403769115574590e-01,-3.219608978522737752e-01,9.802878681606968028e-03,5.000000000000000000e-01,-2.589023213146163460e+00
8.541666666666666297e-01,7.291666666666666297e-01,-1.300573890952792522e-01,-3.861046231991466238e-01,3.415540604672959168e-02,5.000000000000000000e-01,-1.555664473875370657e+00
8.958333333333332593e-01,7.291666666666666297e-01,-1.090164680630968386e-01,-4.122319522417323689e-01,5.464066640862572100e-02,5.000000000000000000e-01,3.143441309917504589e-01
9.375000000000000000e-01,7.291666666666666297e-01,-6.534348671024842181e-02,-3.551252153225589181e-01,6.475269464077362813e-02,5.000000000000000000e-01,3.136864142634362640e+00
9.791666666666666297e-01,7.291666666666666297e-01,-1.923925578154113067e-02,-1.638992969040607428e-01,6.008604533451132601e-02,5.000000000000000000e-01,4.684399978561441635e+00
2.083333333333333218e-02,7.708333333333332593e-01,-6.886532594031750769e-03,7.882974083949875754e-02,-5.445651418292103696e-02,5.000000000000000000e-01,2.350322363392585601e+00
6.250000000000000000e-02,7.708333333333332593e-01,-2.384788958341163209e-02,1.737932022056681014e-01,-5.649828892026124982e-02,5.000000000000000000e-01,1.864700167390856311e+00
1.041666666666666574e-01,7.708333333333332593e-01,-4.130498038862068233e-02,2.188535033628751791e-01,-5.501824703045289644e-02,5.000000000000000000e-01,9.078771290013226691e-01
1.458333333333333148e-01,7.708333333333332593e-01,-5.181245208139320657e-02,2.329144186870627242e-01,-5.188391780032085288e-02,5.000000000000000000e-01,2.240775894535683710e-01
1.875000000000000000e-01,7.708333333333332593e-01,-5.422703211160864734e-02,2.300693215557806925e-01,-4.869990020169627509e-02,5.000000000000000000e-01,-2.700865711072950592e-01
2.291666666666666574e-01,7.708333333333332593e-01,-4.996904636019652846e-02,2.188104486274171645e-01,-4.644618834547316333e-02,5.000000000000000000e-01,-6.474180035451142512e-01
2.708333333333333148e-01,7.708333333333332593e-01,-4.103870752984513370e-02,2.036599014999432300e-01,-4.555706536128829864e-02,5.000000000000000000e-01,-9.568279425335991517e-01
3.125000000000000000e-01,7.708333333333332593e-01,-2.928756385050249045e-02,1.867285908608324607e-01,-4.610857458104590523e-02,5.000000000000000000e-01,-1.228991370860935461e+00
3.541666666666666297e-01,7.708333333333332593e-01,-1.626098036990396289e-02,1.687226133088346458e-01,-4.795300502022360745e-02,5.000000000000000000e-01,-1.482898741651940355e+00
3.958333333333333148e-01,7.708333333333332593e-01,-3.242691815962193448e-03,1.495631433667101162e-01,-5.080020219328527931e-02,5.000000000000000000e-01,-1.730432219333158717e+00
4.375000000000000000e-01,7.708333333333332593e-01,8.647827959581650542e-03,1.287149787316208271e-01,-5.424171990100294660e-02,5.000000000000000000e-01,-1.979251446661418612e+00
4.791666666666666297e-01,7.708333333333332593e-01,1.837502249225034245e-02,1.053648835957936569e-01,-5.776478407680823990e-02,5.000000000000000000e-01,-2.234046215760145948e+00
5.208333333333332593e-01,7.708333333333332593e-01,2.492539668699540051e-02,7.851030883092563473e-02,-6.072205659376658793e-02,5.000000000000000000e-01,-2.497006608277816841e+00
5.625000000000000000e-01,7.708333333333332593e-01,2.726800895563512642e-02,4.700623049685928589e-02,-6.233250650948718441e-02,5.000000000000000000e-01,-2.767362508381088215e+00
6.041666666666666297e-01,7.708333333333332593e-01,2.436248969415548762e-02,9.606484643562630474e-03,-6.169168526994762980e-02,5.000000000000000000e-01,-3.039538212214431212e+00
6.458333333333332593e-01,7.708333333333332593e-01,1.526087561562790990e-02,-3.494491645328681728e-02,-5.757190147171728500e-02,5.000000000000000000e-01,-3.301420601086500817e+00
6.875000000000000000e-01,7.708333333333332593e-01,-6.855542711758462124e-04,-8.789838559057069900e-02,-4.827969613137438054e-02,5.000000000000000000e-01,-3.531465622934965687e+00
7.291666666666666297e-01,7.708333333333332593e-01,-2.345512133795559645e-02,-1.503195681179920473e-01,-3.288958980877357274e-02,5.000000000000000000e-01,-3.693526379746267629e+00
7.708333333333332593e-01,7.708333333333332593e-01,-5.154347477365291141e-02,-2.227670002488972845e-01,-1.093437278433029985e-02,5.000000000000000000e-01,-3.716175033380134884e+00
8.125000000000000000e-01,7.708333333333332593e-01,-8.053966171520229866e-02,-3.034726885912457650e-01,1.718207042273022303e-02,5.000000000000000000e-01,-3.442612593991088765e+00
8.541666666666666297e-01,7.708333333333332593e-01,-1.015979340189977626e-01,-3.832175479726573908e-01,4.899433895360144620e-02,5.000000000000000000e-01,-2.577553632574580256e+00
8.958333333333332593e-01,7.708333333333332593e-01,-1.016933692198372097e-01,-4.360645132995645823e-01,7.895102330465136875e-02,5.000000000000000000e-01,-6.516010112978712909e-01
9.375000000000000000e-01,7.708333333333332593e-01,-7.082117664077583474e-02,-4.058378281966364964e-01,9.804603070344804217e-02,5.000000000000000000e-01,2.815717872061150651e+00
9.791666666666666297e-01,7.708333333333332593e-01,-2.348676945693221885e-02,-2.066253221425340958e-01,9.749852869988917536e-02,5.000000000000000000e-01,4.882735236531820178e+00
2.083333333333333218e-02,8.125000000000000000e-01,-1.065500888530070654e-02,9.637128231883121399e-02,-7.056029630330565294e-02,5.000000000000000000e-01,2.500233653204713580e+00
6.250000000000000000e-02,8.125000000000000000e-01,-3.316894449011388579e-02,1.957269533205286960e-01,-7.156181789094390178e-02,5.000000000000000000e-01,1.874409814877291858e+00
1.041666666666666574e-01,8.125000000000000000e-01,-5.051082372300982892e-02,2.317187222861195606e-01,-6.670169060456335175e-02,5.000000000000000000e-01,6.454552176921244389e-01
1.458333333333333148e-01,8.125000000000000000e-01,-5.474648542564623799e-02,2.347923331592272622e-01,-5.986103090217609335e-02,5.000000000000000000e-01,-1.682597029678409850e-01
1.875000000000000000e-01,8.125000000000000000e-01,-4.727859497738182148e-02,2.231380966655671649e-01,-5.361796506132382456e-02,5.000000000000000000e-01,-7.271685648989367756e-01
2.291666666666666574e-01,8.125000000000000000e-01,-3.172158324987199574e-02,2.059266760387086781e-01,-4.919233054122632010e-02,5.000000000000000000e-01,-1.138533425624092654e+00
2.708333333333333148e-01,8.125000000000000000e-01,-1.137122501189866651e-02,1.872629770203269595e-01,-4.691834494424536317e-02,5.000000000000000000e-01,-1.464151200177004952e+00
3.125000000000000000e-01,8.125000000000000000e-01,1.129573447499280028e-02,1.687074121742146438e-01,-4.668972756572101201e-02,5.000000000000000000e-01,-1.739749897325153949e+00
3.541666666666666297e-01,8.125000000000000000e-01,3.448632464544735404e-02,1.505266183443993988e-01,-4.817144326405493893e-02,5.000000000000000000e-01,-1.987328532696108541e+00
3.958333333333333148e-01,8.125000000000000000e-01,5.686272026796379553e-02,1.323644541546871722e-01,-5.094338333367788574e-02,5.000000000000000000e-01,-2.220560997291292082e+00
4.375000000000000000e-01,8.125000000000000000e-01,7.733343480762117084e-02,1.135524336284425839e-01,-5.448428764789824130e-02,5.000000000000000000e-01,-2.448558715021210030e+00
4.791666666666666297e-01,8.125000000000000000e-01,9.489144285825937275e-02,9.324222611566498897e-02,-5.817190146616781077e-02,5.000000000000000000e-01,-2.677537242237649551e+00
5.208333333333332593e-01,8.125000000000000000e-01,1.085070888210900864e-01,7.046694615347853796e-02,-6.125878062987349937e-02,5.000000000000000000e-01,-2.911582418029528885e+00
5.625000000000000000e-01,8.125000000000000000e-01,1.170614829021283526e-01,4.415258682462838008e-02,-6.285650563123473811e-02,5.000000000000000000e-01,-3.153013038828345938e+00
6.041666666666666297e-01,8.125000000000000000e-01,1.193158700391964561e-01,1.311126044020508030e-02,-6.193568626188310222e-02,5.000000000000000000e-01,-3.401917103617241089e+00
6.458333333333332593e-01,8.125000000000000000e-01,1.139359637618028859e-01,-2.396817189400812093e-02,-5.722211801907567397e-02,5.000000000000000000e-01,-3.655061353442476069e+00
6.875000000000000000e-01,8.125000000000000000e-01,9.957220334091482217e-02,-6.856493984215758508e-02,-4.666731400380637329e-02,5.000000000000000000e-01,-3.903336668160693357e+00
7.291666666666666297e-01,8.125000000000000000e-01,7.508564154642455302e-02,-1.223968850051351531e-01,-2.902302304779818057e-02,5.000000000000000000e-01,-4.130348390245494272e+00
7.708333333333332593e-01,8.125000000000000000e-01,4.014518037065614720e-02,-1.876608687502884509e-01,-3.350683896940541071e-03,5.000000000000000000e-01,-4.295060025233254031e+00
8.125000000000000000e-01,8.125000000000000000e-01,-3.306541802726853385e-03,-2.661309109749222523e-01,3.057486068617892849e-02,5.000000000000000000e-01,-4.273049343702230551e+00
8.541666666666666297e-01,8.125000000000000000e-01,-4.785307775571636529e-02,-3.549545173321959624e-01,7.138765072170452641e-02,5.000000000000000000e-01,-3.740810823361980120e+00
8.958333333333332593e-01,8.125000000000000000e-01,-7.733666401225333664e-02,-4.347485224826495576e-01,1.142859898127514678e-01,5.000000000000000000e-01,-2.014913524209257734e+00
9.375000000000000000e-01,8.125000000000000000e-01,-7.054745155831382286e-02,-4.448152240465523821e-01,1.480876910159423521e-01,5.000000000000000000e-01,1.945952173326235712e+00
9.791666666666666297e-01,8.125000000000000000e-01,-2.770884671765464977e-02,-2.578209383171209401e-01,1.570965262805998353e-01,5.000000000000000000e-01,4.560007470756463732e+00
2.083333333333333218e-02,8.541666666666666297e-01,-1.652799502436288342e-02,1.235542862284948057e-01,-9.589035311523777527e-02,5.000000000000000000e-01,2.441397682209581532e+00
6.250000000000000000e-02,8.541666666666666297e-01,-4.470126752256425862e-02,2.192311575138796709e-01,-9.247606629992542737e-02,5.000000000000000000e-01,1.545232951661149379e+00
1.041666666666666574e-01,8.541666666666666297e-01,-5.602753535759914805e-02,2.368826651606994460e-01,-8.030709419109512137e-02,5.000000000000000000e-01,-1.002840091110580312e-01
1.458333333333333148e-01,8.541666666666666297e-01,-4.637143578795885346e-02,2.242079524176434913e-01,-6.717505148112509761e-02,5.000000000000000000e-01,-1.076717302005835153e+00
1.875000000000000000e-01,8.541666666666666297e-01,-2.249530882388249900e-02,2.023784599948101892e-01,-5.658190377845358221e-02,5.000000000000000000e-01,-1.696182332050520714e+00
2.291666666666666574e-01,8.541666666666666297e-01,9.033619463237652775e-03,1.796003726948356971e-01,-4.950637261416415691e-02,5.000000000000000000e-01,-2.120908056216640247e+00
2.708333333333333148e-01,8.541666666666666297e-01,4.375462862041124001e-02,1.585179129690530431e-01,-4.572954182571746518e-02,5.000000000000000000e-01,-2.434838830038106749e+00
3.125000000000000000e-01,8.541666666666666297e-01,7.895523558399943076e-02,1.395849097750088974e-01,-4.474850086285370176e-02,5.000000000000000000e-01,-2.682944883004622305e+00
3.541666666666666297e-01,8.541666666666666297e-01,1.130067726685776014e-01,1.224069934885723965e-01,-4.595906001490110415e-02,5.000000000000000000e-01,-2.891361458538620699e+00
3.958333333333333148e-01,8.541666666666666297e-01,1.448298732423553004e-01,1.062845828142200272e-01,-4.872795478268616975e-02,5.000000000000000000e-01,-3.076267295776044186e+00
4.375000000000000000e-01,8.541666666666666297e-01,1.735721595056602951e-01,9.041930416594737285e-02,-5.238531075354299626e-02,5.000000000000000000e-01,-3.248537845731687579e+00
4.791666666666666297e-01,8.541666666666666297e-01,1.984176385370903795e-01,7.397186849609185821e-02,-5.619200320641912216e-02,5.000000000000000000e-01,-3.416156526465110588e+00
5.208333333333332593e-01,8.541666666666666297e-01,2.184676255650861709e-01,5.607167078222517059e-02,-5.929925784394678157e-02,5.000000000000000000e-01,-3.585338490524761834e+00
5.625000000000000000e-01,8.541666666666666297e-01,2.326634098113904980e-01,3.579768386853916795e-02,-6.071658203373901663e-02,5.000000000000000000e-01,-3.761178013554724586e+00
6.041666666666666297e-01,8.541666666666666297e-01,2.397348229436223888e-01,1.214036312699431387e-02,-5.929673277132557763e-02,5.000000000000000000e-01,-3.947871905085599042e+00
6.458333333333332593e-01,8.541666666666666297e-01,2.381731214534715813e-01,-1.605566681325295425e-02,-5.368105679863423296e-02,5.000000000000000000e-01,-4.147428746722274795e+00
6.875000000000000000e-01,8.541666666666666297e-01,2.261637882977548808e-01,-5.010435134630798759e-02,-4.154590953171068135e-02,5.000000000000000000e-01,-4.361182512302812952e+00
7.291666666666666297e-01,8.541666666666666297e-01,2.016446489410380072e-01,-9.185177234977759397e-02,-2.130699463369864141e-02,5.000000000000000000e-01,-4.592919469010587008e+00
7.708333333333332593e-01,8.541666666666666297e-01,1.626441680259978484e-01,-1.442650393148374455e-01,8.595667986007412414e-03,5.000000000000000000e-01,-4.839488231778215521e+00
8.125000000000000000e-01,8.541666666666666297e-01,1.082541350114093470e-01,-2.116849852224017281e-01,4.945946084151836564e-02,5.000000000000000000e-01,-5.047461852725627196e+00
8.541666666666666297e-01,8.541666666666666297e-01,4.151868975343989826e-02,-2.981184618737574565e-01,1.015838465925914397e-01,5.000000000000000000e-01,-4.966794435111949291e+00
8.958333333333332593e-01,8.541666666666666297e-01,-2.364461558342215164e-02,-3.969376863476890005e-01,1.620863028291164576e-01,5.000000000000000000e-01,-3.802052320221924298e+00
9.375000000000000000e-01,8.541666666666666297e-01,-5.605627358576683456e-02,-4.570036146331077909e-01,2.204646650911291639e-01,5.000000000000000000e-01,2.235170119097197317e-01
9.791666666666666297e-01,8.541666666666666297e-01,-2.949882056110797110e-02,-3.150286055958835818e-01,2.509509340200010152e-01,5.000000000000000000e-01,3.327413810910281100e+00
2.083333333333333218e-02,8.958333333333332593e-01,-2.275107316532939961e-02,1.628333544181870818e-01,-1.411917550079105910e-01,5.000000000000000000e-01,1.670394388175147737e+00
6.250000000000000000e-02,8.958333333333332593e-01,-4.860997819633834649e-02,2.339842668533977377e-01,-1.221125537360819163e-01,5.000000000000000000e-01,1.521157586438439679e-01
1.041666666666666574e-01,8.958333333333332593e-01,-3.717702805999117260e-02,2.220228735198691572e-01,-9.458235368602438409e-02,5.000000000000000000e-01,-2.038838931785522668e+00
1.458333333333333148e-01,8.958333333333332593e-01,4.757512422840972505e-04,1.917588651865582416e-01,-7.170934632617227689e-02,5.000000000000000000e-01,-3.119995448778667857e+00
1.875000000000000000e-01,8.958333333333332593e-01,4.946235297068708736e-02,1.619648185334160717e-01,-5.580802149255882638e-02,5.000000000000000000e-01,-3.701550317996227246e+00
2.291666666666666574e-01,8.958333333333332593e-01,1.011602077424242074e-01,1.367872310973725358e-01,-4.606278232740004808e-02,5.000000000000000000e-01,-4.037211621012517071e+00
2.708333333333333148e-01,8.958333333333332593e-01,1.515165479047834163e-01,1.162537052469834187e-01,-4.116328357898395296e-02,5.000000000000000000e-01,-4.239662817757913871e+00
3.125000000000000000e-01,8.958333333333332593e-01,1.987635552448973331e-01,9.940150319337640039e-02,-3.987866729598574245e-02,5.000000000000000000e-01,-4.365037910071056793e+00
3.541666666666666297e-01,8.958333333333332593e-01,2.421327858962101787e-01,8.516963233431387725e-02,-4.118445310188634245e-02,5.000000000000000000e-01,-4.444481992060171471e+00
3.958333333333333148e-01,8.958333333333332593e-01,2.812306389266757689e-01,7.260099036423525720e-02,-4.420650775084467021e-02,5.000000000000000000e-01,-4.497450412129666120e+00
4.375000000000000000e-01,8.958333333333332593e-01,3.157322076338002770e-01,6.085904164550265394e-02,-4.813060337367702779e-02,5.000000000000000000e-01,-4.537374568368722549e+00
4.791666666666666297e-01,8.958333333333332593e-01,3.452235200132963699e-01,4.919533960561042057e-02,-5.212008473185991697e-02,5.000000000000000000e-01,-4.574409622012134413e+00
5.208333333333332593e-01,8.958333333333332593e-01,3.691111117372675166e-01,3.691062092073966322e-02,-5.524826788609932260e-02,5.000000000000000000e-01,-4.616965774453143823e+00
5.625000000000000000e-01,8.958333333333332593e-01,3.865616763764578856e-01,2.331238484452995835e-02,-5.644740064100992050e-02,5.000000000000000000e-01,-4.672722405416282143e+00
6.041666666666666297e-01,8.958333333333332593e-01,3.964518447812042656e-01,7.664080614025288278e-03,-5.447547744018242655e-02,5.000000000000000000e-01,-4.749248781234176597e+00
6.458333333333332593e-01,8.958333333333332593e-01,3.973103115153567844e-01,-1.087614954428563901e-02,-4.783329235050591544e-02,5.000000000000000000e-01,-4.852072380990753331e+00
6.875000000000000000e-01,8.958333333333332593e-01,3.872079738296245743e-01,-3.317219777382643398e-02,-3.413687846394528047e-02,5.000000000000000000e-01,-4.991675083813872149e+00
7.291666666666666297e-01,8.958333333333332593e-01,3.636682426621106190e-01,-6.072505539802831864e-02,-1.146416046002137618e-02,5.000000000000000000e-01,-5.189706836217029107e+00
7.708333333333332593e-01,8.958333333333332593e-01,3.236026534795499732e-01,-9.632568616898587455e-02,2.243654437871418772e-02,5.000000000000000000e-01,-5.474410153781787969e+00
8.125000000000000000e-01,8.958333333333332593e-01,2.634618566988219945e-01,-1.450935085729368190e-01,7.029404116041487738e-02,5.000000000000000000e-01,-5.861629870097551098e+00
8.541666666666666297e-01,8.958333333333332593e-01,1.807937573783254537e-01,-2.153063939447563691e-01,1.353263623893456169e-01,5.000000000000000000e-01,-6.250595067881818068e+00
8.958333333333332593e-01,8.958333333333332593e-01,8.061587658022338621e-02,-3.144085681417259637e-01,2.198434065744722110e-01,5.000000000000000000e-01,-5.998431022341849328e+00
9.375000000000000000e-01,8.958333333333332593e-01,-7.264788465651721497e-03,-4.192404097908510319e-01,3.179542425607920775e-01,5.000000000000000000e-01,-2.763354735343173108e+00
9.791666666666666297e-01,8.958333333333332593e-01,-2.104331288572967515e-02,-3.655707390427212489e-01,3.970261251589440876e-01,5.000000000000000000e-01,6.690130338773120355e-01
2.083333333333333218e-02,9.375000000000000000e-01,-1.342570250187054628e-02,1.990101300853870381e-01,-2.298921856917659767e-01,5.000000000000000000e-01,-1.321580866999858106e+00
6.250000000000000000e-02,9.375000000000000000e-01,1.811938358797485563e-03,2.084287553565387086e-01,-1.589926044013917072e-01,5.000000000000000000e-01,-4.603578971013913446e+00
1.041666666666666574e-01,9.375000000000000000e-01,7.165030729102157825e-02,1.663070659481568903e-01,-1.030407830761223831e-01,5.000000000000000000e-01,-6.869651728765803433e+00
1.458333333333333148e-01,9.375000000000000000e-01,1.535701299571437251e-01,1.279020707898730624e-01,-6.789342300049482082e-02,5.000000000000000000e-01,-7.528004147281147418e+00
1.875000000000000000e-01,9.375000000000000000e-01,2.309955835866173701e-01,9.940955757222461053e-02,-4.762509679842187593e-02,5.000000000000000000e-01,-7.624935768556188265e+00
2.291666666666666574e-01,9.375000000000000000e-01,2.997568079278480901e-01,7.888341294559619854e-02,-3.691232287054996286e-02,5.000000000000000000e-01,-7.499836517474168573e+00
2.708333333333333148e-01,9.375000000000000000e-01,3.596741355295746123e-01,6.388385563467403883e-02,-3.234605190687377119e-02,5.000000000000000000e-01,-7.282062703678926496e+00
3.125000000000000000e-01,9.375000000000000000e-01,4.116243218439179508e-01,5.257415915122849726e-02,-3.181650794187697306e-02,5.000000000000000000e-01,-7.028973107815196464e+00
3.541666666666666297e-01,9.375000000000000000e-01,4.565797591777840392e-01,4.367230839128287412e-02,-3.393951143514578606e-02,5.000000000000000000e-01,-6.769359021462539872e+00
3.958333333333333148e-01,9.375000000000000000e-01,4.953068168976828556e-01,3.627340355690186063e-02,-3.769433066928389031e-02,5.000000000000000000e-01,-6.519425497642559186e+00
4.375000000000000000e-01,9.375000000000000000e-01,5.282810561110956593e-01,2.971082053229869707e-02,-4.220589122829693229e-02,5.000000000000000000e-01,-6.289650153141897349e+00
4.791666666666666297e-01,9.375000000000000000e-01,5.556700196466719532e-01,2.346328480374194544e-02,-4.660897674904146415e-02,5.000000000000000000e-01,-6.088154257097900590e+00
5.208333333333332593e-01,9.375000000000000000e-01,5.773318186751009717e-01,1.709328497020801141e-02,-4.995725687994935493e-02,5.000000000000000000e-01,-5.922613913283917064e+00
5.625000000000000000e-01,9.375000000000000000e-01,5.928104032893662945e-01,1.020057154160591492e-02,-5.115795782275145420e-02,5.000000000000000000e-01,-5.801516327768813319e+00
6.041666666666666297e-01,9.375000000000000000e-01,6.013170203243214385e-01,2.379108477247921741e-03,-4.892204965086577317e-02,5.000000000000000000e-01,-5.734815408985262764e+00
6.458333333333332593e-01,9.375000000000000000e-01,6.016762081481825675e-01,-6.808831965521957089e-03,-4.162183580335024335e-02,5.000000000000000000e-01,-5.733202107310185980e+00
6.875000000000000000e-01,9.375000000000000000e-01,5.922878060951681789e-01,-1.774877561384364741e-02,-2.705372629184633546e-02,5.000000000000000000e-01,-5.815626380013019237e+00
7.291666666666666297e-01,9.375000000000000000e-01,5.709667302306309367e-01,-3.128767052595979314e-02,-3.016648356874020165e-03,5.000000000000000000e-01,-6.015567313809425443e+00
7.708333333333332593e-01,9.375000000000000000e-01,5.344765609995716371e-01,-4.920731262743445467e-02,3.333300595968890362e-02,5.000000000000000000e-01,-6.383416298927016896e+00
8.125000000000000000e-01,9.375000000000000000e-01,4.777425830771013793e-01,-7.533710741129008570e-02,8.616639172894718923e-02,5.000000000000000000e-01,-6.992026196048339415e+00
8.541666666666666297e-01,9.375000000000000000e-01,3.930865525081355116e-01,-1.177386652169407077e-01,1.624431390096610639e-01,5.000000000000000000e-01,-7.899133223476447974e+00
8.958333333333332593e-01,9.375000000000000000e-01,2.722906204323039536e-01,-1.910024839956079856e-01,2.741798740555556613e-01,5.000000000000000000e-01,-8.839183891625774336e+00
9.375000000000000000e-01,9.375000000000000000e-01,1.230611167918356369e-01,-3.055363252506256289e-01,4.358942615861610692e-01,5.000000000000000000e-01,-7.638589715987073703e+00
9.791666666666666297e-01,9.375000000000000000e-01,2.208943477870891833e-02,-3.645246171497420473e-01,6.209206109438070165e-01,5.000000000000000000e-01,-3.722849854433748717e+00
2.083333333333333218e-02,9.791666666666666297e-01,1.062179162936287974e-01,1.062179162936287974e-01,-4.225448693835112679e-01,5.000000000000000000e-01,-3.263491898211073661e+00
6.250000000000000000e-02,9.791666666666666297e-01,3.023185385842576678e-01,8.988270599700005914e-02,-1.783721459871774329e-01,5.000000000000000000e-01,-7.735981158663761015e+00
1.041666666666666574e-01,9.791666666666666297e-01,4.547672647704933957e-01,6.256602018923568265e-02,-8.462516928884222800e-02,5.000000000000000000e-01,-9.750455809310707878e+00
1.458333333333333148e-01,9.791666666666666297e-01,5.609119218064473333e-01,4.357863684671822030e-02,-4.533716115650614220e-02,5.000000000000000000e-01,-1.015062184041899052e+01
1.875000000000000000e-01,9.791666666666666297e-01,6.358550091727592779e-01,3.136445051959379365e-02,-2.784940399438136024e-02,5.000000000000000000e-01,-9.958752785403611085e+00
2.291666666666666574e-01,9.791666666666666297e-01,6.906208822610543363e-01,2.340142256870126128e-02,-2.062445454721429511e-02,5.000000000000000000e-01,-9.540828615185228401e+00
2.708333333333333148e-01,9.791666666666666297e-01,7.320458527503261870e-01,1.802354792057058938e-02,-1.900592459545685786e-02,5.000000000000000000e-01,-9.046973888339945091e+00
3.125000000000000000e-01,9.791666666666666297e-01,7.642997669861057997e-01,1.423036631520899035e-02,-2.077832388587477416e-02,5.000000000000000000e-01,-8.543511472989990807e+00
3.541666666666666297e-01,9.791666666666666297e-01,7.899452820904284689e-01,1.141514878911365979e-02,-2.467499565334017528e-02,5.000000000000000000e-01,-8.061206805785621654e+00
3.958333333333333148e-01,9.791666666666666297e-01,8.105546092045714524e-01,9.194178325029308055e-03,-2.980684952452798339e-02,5.000000000000000000e-01,-7.615199031480315739e+00
4.375000000000000000e-01,9.791666666666666297e-01,8.270596016424651697e-01,7.310814112864554189e-03,-3.540596307614540805e-02,5.000000000000000000e-01,-7.214034151204808509e+00
4.791666666666666297e-01,9.791666666666666297e-01,8.399521725426973839e-01,5.581756787367585411e-03,-4.068941472093835776e-02,5.000000000000000000e-01,-6.864113895834270451e+00
5.208333333333332593e-01,9.791666666666666297e-01,8.493995579154578479e-01,3.865628585392908486e-03,-4.477406265790147277e-02,5.000000000000000000e-01,-6.572102734856398953e+00
5.625000000000000000e-01,9.791666666666666297e-01,8.553071938642322625e-01,2.042007363381401555e-03,-4.661371485461009156e-02,5.000000000000000000e-01,-6.346376227278682336e+00
6.041666666666666297e-01,9.791666666666666297e-01,8.573437253561815297e-01,-5.475871432015314439e-06,-4.494061211295628799e-02,5.000000000000000000e-01,-6.197812766540845786e+00
6.458333333333332593e-01,9.791666666666666297e-01,8.549492697001139785e-01,-2.388979784635575972e-03,-3.815187533263594832e-02,5.000000000000000000e-01,-6.140835242531650806e+00
6.875000000000000000e-01,9.791666666666666297e-01,8.473646669369383488e-01,-5.195622978540085334e-03,-2.425370480376195723e-02,5.000000000000000000e-01,-6.197121648695972596e+00
7.291666666666666297e-01,9.791666666666666297e-01,8.335069817993052688e-01,-8.662062159092952240e-03,-9.697201388758555640e-04,5.000000000000000000e-01,-6.398702699530597116e+00
7.708333333333332593e-01,9.791666666666666297e-01,8.115045748381377599e-01,-1.334034480207453230e-02,3.471330079192825463e-02,5.000000000000000000e-01,-6.791506101289103370e+00
8.125000000000000000e-01,9.791666666666666297e-01,7.775993537800106603e-01,-2.056487625605265754e-02,8.756991079377807186e-02,5.000000000000000000e-01,-7.440218296527885578e+00
8.541666666666666297e-01,9.791666666666666297e-01,7.233894827503781766e-01,-3.364499477357980189e-02,1.669803204083216974e-01,5.000000000000000000e-01,-8.404423176278536189e+00
8.958333333333332593e-01,9.791666666666666297e-01,6.294168741820196367e-01,-6.032761379477873803e-02,2.953561797404770650e-01,5.000000000000000000e-01,-9.527214620807466616e+00
9.375000000000000000e-01,9.791666666666666297e-01,4.557622213791370225e-01,-1.133270390081039108e-01,5.321300881969269758e-01,5.000000000000000000e-01,-9.315506238784086790e+00
9.791666666666666297e-01,9.791666666666666297e-01,1.712175911855165489e-01,-1.712175911855165489e-01,1.013112027043665986e+00,5.000000000000000000e-01,-4.968449006021286252e+00
