x_m,y_m,temperature_K,conductivity_W_mK,velocity_m_s,fluid_mask
6.250000000000000130e-04,6.250000000000000130e-05,3.329396865235893301e+02,1.500000000000000000e+01,0.000000000000000000e+00,0.000000000000000000e+00
1.874999999999999931e-03,6.250000000000000130e-05,3.329925136059442252e+02,1.500000000000000000e+01,0.000000000000000000e+00,0.000000000000000000e+00
3.125000000000000173e-03,6.250000000000000130e-05,3.330222968464487963e+02,1.500000000000000000e+01,0.000000000000000000e+00,0.000000000000000000e+00
4.375000000000000416e-03,6.250000000000000130e-05,3.330386990100712410e+02,1.500000000000000000e+01,0.000000000000000000e+00,0.000000000000000000e+00
5.624999999999999792e-03,6.250000000000000130e-05,3.330490431290374431e+02,1.500000000000000000e+01,0.000000000000000000e+00,0.000000000000000000e+00
6.875000000000000035e-03,6.250000000000000130e-05,3.330563592466837122e+02,1.500000000000000000e+01,0.000000000000000000e+00,0.000000000000000000e+00
8.125000000000000278e-03,6.250000000000000130e-05,3.330619399919653461e+02,1.500000000000000000e+01,0.000000000000000000e+00,0.000000000000000000e+00
9.374999999999999653e-03,6.250000000000000130e-05,3.330664110504168320e+02,1.500000000000000000e+01,0.000000000000000000e+00,0.000000000000000000e+00
1.062500000000000076e-02,6.250000000000000130e-05,3.330701154521123044e+02,1.500000000000000000e+01,0.000000000000000000e+00,0.000000000000000000e+00
1.187500000000000014e-02,6.250000000000000130e-05,3.330732605817144076e+02,1.500000000000000000e+01,0.000000000000000000e+00,0.000000000000000000e+00
1.312499999999999951e-02,6.250000000000000130e-05,3.330759811924962150e+02,1.500000000000000000e+01,0.000000000000000000e+00,0.000000000000000000e+00
1.437500000000000062e-02,6.250000000000000130e-05,3.330783696682261734e+02,1.500000000000000000e+01,0.000000000000000000e+00,0.000000000000000000e+00
1.562500000000000000e-02,6.250000000000000130e-05,3.330804920128652498e+02,1.500000000000000000e+01,0.000000000000000000e+00,0.000000000000000000e+00
1.687500000000000111e-02,6.250000000000000130e-05,3.330823969593606080e+02,1.500000000000000000e+01,0.000000000000000000e+00,0.000000000000000000e+00
1.812499999999999875e-02,6.250000000000000130e-05,3.330841214726411863e+02,1.500000000000000000e+01,0.000000000000000000e+00,0.000000000000000000e+00
1.937499999999999986e-02,6.250000000000000130e-05,3.330856942330038351e+02,1.500000000000000000e+01,0.000000000000000000e+00,0.000000000000000000e+00
2.062500000000000097e-02,6.250000000000000130e-05,3.330871379263232939e+02,1.500000000000000000e+01,0.000000000000000000e+00,0.000000000000000000e+00
2.187500000000000208e-02,6.250000000000000130e-05,3.330884707979977861e+02,1.500000000000000000e+01,0.000000000000000000e+00,0.000000000000000000e+00
2.312499999999999972e-02,6.250000000000000130e-05,3.330897077358524143e+02,1.500000000000000000e+01,0.000000000000000000e+00,0.000000000000000000e+00
2.437500000000000083e-02,6.250000000000000130e-05,3.330908610423451250e+02,1.500000000000000000e+01,0.000000000000000000e+00,0.000000000000000000e+00
2.562500000000000194e-02,6.250000000000000130e-05,3.330919409964313331e+02,1.500000000000000000e+01,0.000000000000000000e+00,0.000000000000000000e+00
2.687499999999999958e-02,6.250000000000000130e-05,3.330929562697838833e+02,1.500000000000000000e+01,0.000000000000000000e+00,0.000000000000000000e+00
2.812500000000000069e-02,6.250000000000000130e-05,3.330939142401628033e+02,1.500000000000000000e+01,0.000000000000000000e+00,0.000000000000000000e+00
2.937500000000000180e-02,6.250000000000000130e-05,3.330948212308917391e+02,1.500000000000000000e+01,0.000000000000000000e+00,0.000000000000000000e+00
3.062499999999999944e-02,6.250000000000000130e-05,3.330956826964082893e+02,1.500000000000000000e+01,0.000000000000000000e+00,0.000000000000000000e+00
3.187500000000000056e-02,6.250000000000000130e-05,3.330965033679085536e+02,1.500000000000000000e+01,0.000000000000000000e+00,0.000000000000000000e+00
3.312500000000000167e-02,6.250000000000000130e-05,3.330972873690736265e+02,1.500000000000000000e+01,0.000000000000000000e+00,0.000000000000000000e+00
3.437500000000000278e-02,6.250000000000000130e-05,3.330980383090889063e+02,1.500000000000000000e+01,0.000000000000000000e+00,0.000000000000000000e+00
3.562500000000000389e-02,6.250000000000000130e-05,3.330987593582341333e+02,1.500000000000000000e+01,0.000000000000000000e+00,0.000000000000000000e+00
3.687499999999999806e-02,6.250000000000000130e-05,3.330994533099391788e+02,1.500000000000000000e+01,0.000000000000000000e+00,0.000000000000000000e+00
3.812499999999999917e-02,6.250000000000000130e-05,3.331001226322214279e+02,1.500000000000000000e+01,0.000000000000000000e+00,0.000000000000000000e+00
3.937500000000000028e-02,6.250000000000000130e-05,3.331007695106995357e+02,1.500000000000000000e+01,0.000000000000000000e+00,0.000000000000000000e+00
4.062500000000000139e-02,6.250000000000000130e-05,3.331013958848599827e+02,1.500000000000000000e+01,0.000000000000000000e+00,0.000000000000000000e+00
4.187500000000000250e-02,6.250000000000000130e-05,3.331020034788599560e+02,1.500000000000000000e+01,0.000000000000000000e+00,0.000000000000000000e+00
4.312500000000000361e-02,6.250000000000000130e-05,3.331025938278671674e+02,1.500000000000000000e+01,0.000000000000000000e+00,0.000000000000000000e+00
4.437499999999999778e-02,6.250000000000000130e-05,3.331031683007170727e+02,1.500000000000000000e+01,0.000000000000000000e+00,0.000000000000000000e+00
4.562499999999999889e-02,6.250000000000000130e-05,3.331037281195083892e+02,1.500000000000000000e+01,0.000000000000000000e+00,0.000000000000000000e+00
4.687500000000000000e-02,6.250000000000000130e-05,3.331042743766254262e+02,1.500000000000000000e+01,0.000000000000000000e+00,0.000000000000000000e+00
4.812500000000000111e-02,6.250000000000000130e-05,3.331048080495908721e+02,1.500000000000000000e+01,0.000000000000000000e+00,0.000000000000000000e+00
4.937500000000000222e-02,6.250000000000000130e-05,3.331053300140659985e+02,1.500000000000000000e+01,0.000000000000000000e+00,0.000000000000000000e+00
5.062500000000000333e-02,6.250000000000000130e-05,3.331058410552691385e+02,1.500000000000000000e+01,0.000000000000000000e+00,0.000000000000000000e+00
5.187500000000000444e-02,6.250000000000000130e-05,3.331063418780240113e+02,1.500000000000000000e+01,0.000000000000000000e+00,0.000000000000000000e+00
5.312499999999999861e-02,6.250000000000000130e-05,3.331068331156308773e+02,1.500000000000000000e+01,0.000000000000000000e+00,0.000000000000000000e+00
5.437499999999999972e-02,6.250000000000000130e-05,3.331073153377076324e+02,1.500000000000000000e+01,0.000000000000000000e+00,0.000000000000000000e+00
5.562500000000000083e-02,6.250000000000000130e-05,3.331077890571303897e+02,1.500000000000000000e+01,0.000000000000000000e+00,0.000000000000000000e+00
5.687500000000000194e-02,6.250000000000000130e-05,3.331082547361904744e+02,1.500000000000000000e+01,0.000000000000000000e+00,0.000000000000000000e+00
5.812500000000000305e-02,6.250000000000000130e-05,3.331087127920591229e+02,1.500000000000000000e+01,0.000000000000000000e+00,0.000000000000000000e+00
5.937500000000000416e-02,6.250000000000000130e-05,3.331091636016413986e+02,1.500000000000000000e+01,0.000000000000000000e+00,0.000000000000000000e+00
6.062499999999999833e-02,6.250000000000000130e-05,3.331096075058961787e+02,1.500000000000000000e+01,0.000000000000000000e+00,0.000000000000000000e+00
6.187499999999999944e-02,6.250000000000000130e-05,3.331100448136772343e+02,1.500000000000000000e+01,0.000000000000000000e+00,0.000000000000000000e+00
6.312500000000000056e-02,6.250000000000000130e-05,3.331104758051550334e+02,1.500000000000000000e+01,0.000000000000000000e+00,0.000000000000000000e+00
6.437500000000000167e-02,6.250000000000000130e-05,3.331109007348641740e+02,1.500000000000000000e+01,0.000000000000000000e+00,0.000000000000000000e+00
6.562500000000000278e-02,6.250000000000000130e-05,3.331113198344211241e+02,1.500000000000000000e+01,0.000000000000000000e+00,0.000000000000000000e+00
6.687500000000000389e-02,6.250000000000000130e-05,3.331117333149448427e+02,1.500000000000000000e+01,0.000000000000000000e+00,0.000000000000000000e+00
6.812500000000000500e-02,6.250000000000000130e-05,3.331121413692170563e+02,1.500000000000000000e+01,0.000000000000000000e+00,0.000000000000000000e+00
6.937500000000000611e-02,6.250000000000000130e-05,3.331125441736079438e+02,1.500000000000000000e+01,0.000000000000000000e+00,0.000000000000000000e+00
7.062500000000000722e-02,6.250000000000000130e-05,3.331129418897967867e+02,1.500000000000000000e+01,0.000000000000000000e+00,0.000000000000000000e+00
7.187500000000000833e-02,6.250000000000000130e-05,3.331133346663037855e+02,1.500000000000000000e+01,0.000000000000000000e+00,0.000000000000000000e+00
7.312499999999999556e-02,6.250000000000000130e-05,3.331137226398612938e+02,1.500000000000000000e+01,0.000000000000000000e+00,0.000000000000000000e+00
7.437499999999999667e-02,6.250000000000000130e-05,3.331141059366341892e+02,1.500000000000000000e+01,0.000000000000000000e+00,0.000000000000000000e+00
7.562499999999999778e-02,6.250000000000000130e-05,3.331144846733133136e+02,1.500000000000000000e+01,0.000000000000000000e+00,0.000000000000000000e+00
7.687499999999999889e-02,6.250000000000000130e-05,3.331148589580852786e+02,1.500000000000000000e+01,0.000000000000000000e+00,0.000000000000000000e+00
7.812500000000000000e-02,6.250000000000000130e-05,3.331152288915086501e+02,1.500000000000000000e+01,0.000000000000000000e+00,0.000000000000000000e+00
7.937500000000000111e-02,6.250000000000000130e-05,3.331155945672863936e+02,1.500000000000000000e+01,0.000000000000000000e+00,0.000000000000000000e+00
8.062500000000000222e-02,6.250000000000000130e-05,3.331159560729616942e+02,1.500000000000000000e+01,0.000000000000000000e+00,0.000000000000000000e+00
8.187500000000000333e-02,6.250000000000000130e-05,3.331163134905373227e+02,1.500000000000000000e+01,0.000000000000000000e+00,0.000000000000000000e+00
8.312500000000000444e-02,6.250000000000000130e-05,3.331166668970304841e+02,1.500000000000000000e+01,0.000000000000000000e+00,0.000000000000000000e+00
8.437500000000000555e-02,6.250000000000000130e-05,3.331170163649661617e+02,1.500000000000000000e+01,0.000000000000000000e+00,0.000000000000000000e+00
8.562500000000000666e-02,6.250000000000000130e-05,3.331173619628210076e+02,1.500000000000000000e+01,0.000000000000000000e+00,0.000000000000000000e+00
8.687500000000000777e-02,6.250000000000000130e-05,3.331177037554165281e+02,1.500000000000000000e+01,0.000000000000000000e+00,0.000000000000000000e+00
8.812499999999999500e-02,6.250000000000000130e-05,3.331180418042675342e+02,1.500000000000000000e+01,0.000000000000000000e+00,0.000000000000000000e+00
8.937499999999999611e-02,6.250000000000000130e-05,3.331183761678714177e+02,1.500000000000000000e+01,0.000000000000000000e+00,0.000000000000000000e+00
9.062499999999999722e-02,6.250000000000000130e-05,3.331187069018302509e+02,1.500000000000000000e+01,0.000000000000000000e+00,0.000000000000000000e+00
9.187499999999999833e-02,6.250000000000000130e-05,3.331190340581604232e+02,1.500000000000000000e+01,0.000000000000000000e+00,0.000000000000000000e+00
9.312499999999999944e-02,6.250000000000000130e-05,3.331193576799825564e+02,1.500000000000000000e+01,0.000000000000000000e+00,0.000000000000000000e+00
9.437500000000000056e-02,6.250000000000000130e-05,3.331196777691942543e+02,1.500000000000000000e+01,0.000000000000000000e+00,0.000000000000000000e+00
9.562500000000000167e-02,6.250000000000000130e-05,3.331199940959464811e+02,1.500000000000000000e+01,0.000000000000000000e+00,0.000000000000000000e+00
9.687500000000000278e-02,6.250000000000000130e-05,3.331203050906374301e+02,1.500000000000000000e+01,0.000000000000000000e+00,0.000000000000000000e+00
9.812500000000000389e-02,6.250000000000000130e-05,3.331206016272568604e+02,1.500000000000000000e+01,0.000000000000000000e+00,0.000000000000000000e+00
9.937500000000000500e-02,6.250000000000000130e-05,3.331208364242107223e+02,1.500000000000000000e+01,0.000000000000000000e+00,0.000000000000000000e+00
6.250000000000000130e-04,1.875000000000000039e-04,3.325185312999443568e+02,1.500000000000000000e+01,0.000000000000000000e+00,0.000000000000000000e+00
1.874999999999999931e-03,1.875000000000000039e-04,3.326777712562512761e+02,1.500000000000000000e+01,0.000000000000000000e+00,0.000000000000000000e+00
3.125000000000000173e-03,1.875000000000000039e-04,3.327670243501151504e+02,1.500000000000000000e+01,0.000000000000000000e+00,0.000000000000000000e+00
4.375000000000000416e-03,1.875000000000000039e-04,3.328161576106602979e+02,1.500000000000000000e+01,0.000000000000000000e+00,0.000000000000000000e+00
5.624999999999999792e-03,1.875000000000000039e-04,3.328471596671259931e+02,1.500000000000000000e+01,0.000000000000000000e+00,0.000000000000000000e+00
6.875000000000000035e-03,1.875000000000000039e-04,3.328690950937747175e+02,1.500000000000000000e+01,0.000000000000000000e+00,0.000000000000000000e+00
8.125000000000000278e-03,1.875000000000000039e-04,3.328858310727642902e+02,1.500000000000000000e+01,0.000000000000000000e+00,0.000000000000000000e+00
9.374999999999999653e-03,1.875000000000000039e-04,3.328992408178181677e+02,1.500000000000000000e+01,0.000000000000000000e+00,0.000000000000000000e+00
1.062500000000000076e-02,1.875000000000000039e-04,3.329103519490580538e+02,1.500000000000000000e+01,0.000000000000000000e+00,0.000000000000000000e+00
1.187500000000000014e-02,1.875000000000000039e-04,3.329197859903314907e+02,1.500000000000000000e+01,0.000000000000000000e+00,0.000000000000000000e+00
1.312499999999999951e-02,1.875000000000000039e-04,3.329279468988390818e+02,1.500000000000000000e+01,0.000000000000000000e+00,0.000000000000000000e+00
1.437500000000000062e-02,1.875000000000000039e-04,3.329351116659894387e+02,1.500000000000000000e+01,0.000000000000000000e+00,0.000000000000000000e+00
1.562500000000000000e-02,1.875000000000000039e-04,3.329414782125772945e+02,1.500000000000000000e+01,0.000000000000000000e+00,0.000000000000000000e+00
1.687500000000000111e-02,1.875000000000000039e-04,3.329471926824141974e+02,1.500000000000000000e+01,0.000000000000000000e+00,0.000000000000000000e+00
1.812499999999999875e-02,1.875000000000000039e-04,3.329523659354528036e+02,1.500000000000000000e+01,0.000000000000000000e+00,0.000000000000000000e+00
1.937499999999999986e-02,1.875000000000000039e-04,3.329570839896817915e+02,1.500000000000000000e+01,0.000000000000000000e+00,0.000000000000000000e+00
2.062500000000000097e-02,1.875000000000000039e-04,3.329614148871862085e+02,1.500000000000000000e+01,0.000000000000000000e+00,0.000000000000000000e+00
2.187500000000000208e-02,1.875000000000000039e-04,3.329654133533316553e+02,1.500000000000000000e+01,0.000000000000000000e+00,0.000000000000000000e+00
2.312499999999999972e-02,1.875000000000000039e-04,3.329691240438709769e+02,1.500000000000000000e+01,0.000000000000000000e+00,0.000000000000000000e+00
2.437500000000000083e-02,1.875000000000000039e-04,3.329725838605594390e+02,1.500000000000000000e+01,0.000000000000000000e+00,0.000000000000000000e+00
2.562500000000000194e-02,1.875000000000000039e-04,3.329758236361012678e+02,1.500000000000000000e+01,0.000000000000000000e+00,0.000000000000000000e+00
2.687499999999999958e-02,1.875000000000000039e-04,3.329788693823813901e+02,1.500000000000000000e+01,0.000000000000000000e+00,0.000000000000000000e+00
2.812500000000000069e-02,1.875000000000000039e-04,3.329817432302849625e+02,1.500000000000000000e+01,0.000000000000000000e+00,0.000000000000000000e+00
2.937500000000000180e-02,1.875000000000000039e-04,3.329844641479274401e+02,1.500000000000000000e+01,0.000000000000000000e+00,0.000000000000000000e+00
3.062499999999999944e-02,1.875000000000000039e-04,3.329870484971649489e+02,1.500000000000000000e+01,0.000000000000000000e+00,0.000000000000000000e+00
3.187500000000000056e-02,1.875000000000000039e-04,3.329895104704290247e+02,1.500000000000000000e+01,0.000000000000000000e+00,0.000000000000000000e+00
3.312500000000000167e-02,1.875000000000000039e-04,3.329918624378323102e+02,1.500000000000000000e+01,0.000000000000000000e+00,0.000000000000000000e+00
3.437500000000000278e-02,1.875000000000000039e-04,3.329941152261754382e+02,1.500000000000000000e+01,0.000000000000000000e+00,0.000000000000000000e+00
3.562500000000000389e-02,1.875000000000000039e-04,3.329962783456768989e+02,1.500000000000000000e+01,0.000000000000000000e+00,0.000000000000000000e+00
3.687499999999999806e-02,1.875000000000000039e-04,3.329983601761121008e+02,1.500000000000000000e+01,0.000000000000000000e+00,0.000000000000000000e+00
3.812499999999999917e-02,1.875000000000000039e-04,3.330003681211022126e+02,1.500000000000000000e+01,0.000000000000000000e+00,0.000000000000000000e+00
3.937500000000000028e-02,1.875000000000000039e-04,3.330023087371416750e+02,1.500000000000000000e+01,0.000000000000000000e+00,0.000000000000000000e+00
4.062500000000000139e-02,1.875000000000000039e-04,3.330041878423816115e+02,1.500000000000000000e+01,0.000000000000000000e+00,0.000000000000000000e+00
4.187500000000000250e-02,1.875000000000000039e-04,3.330060106090298859e+02,1.500000000000000000e+01,0.000000000000000000e+00,0.000000000000000000e+00
4.312500000000000361e-02,1.875000000000000039e-04,3.330077816423630566e+02,1.500000000000000000e+01,0.000000000000000000e+00,0.000000000000000000e+00
4.437499999999999778e-02,1.875000000000000039e-04,3.330095050486918922e+02,1.500000000000000000e+01,0.000000000000000000e+00,0.000000000000000000e+00
4.562499999999999889e-02,1.875000000000000039e-04,3.330111844941418440e+02,1.500000000000000000e+01,0.000000000000000000e+00,0.000000000000000000e+00
4.687500000000000000e-02,1.875000000000000039e-04,3.330128232557177625e+02,1.500000000000000000e+01,0.000000000000000000e+00,0.000000000000000000e+00
4.812500000000000111e-02,1.875000000000000039e-04,3.330144242658575990e+02,1.500000000000000000e+01,0.000000000000000000e+00,0.000000000000000000e+00
4.937500000000000222e-02,1.875000000000000039e-04,3.330159901514311969e+02,1.500000000000000000e+01,0.000000000000000000e+00,0.000000000000000000e+00
5.062500000000000333e-02,1.875000000000000039e-04,3.330175232679920327e+02,1.500000000000000000e+01,0.000000000000000000e+00,0.000000000000000000e+00
5.187500000000000444e-02,1.875000000000000039e-04,3.330190257299234418e+02,1.500000000000000000e+01,0.000000000000000000e+00,0.000000000000000000e+00
5.312499999999999861e-02,1.875000000000000039e-04,3.330204994370480449e+02,1.500000000000000000e+01,0.000000000000000000e+00,0.000000000000000000e+00
5.437499999999999972e-02,1.875000000000000039e-04,3.330219460981494422e+02,1.500000000000000000e+01,0.000000000000000000e+00,0.000000000000000000e+00
5.562500000000000083e-02,1.875000000000000039e-04,3.330233672517948094e+02,1.500000000000000000e+01,0.000000000000000000e+00,0.000000000000000000e+00
5.687500000000000194e-02,1.875000000000000039e-04,3.330247642848035525e+02,1.500000000000000000e+01,0.000000000000000000e+00,0.000000000000000000e+00
5.812500000000000305e-02,1.875000000000000039e-04,3.330261384486402676e+02,1.500000000000000000e+01,0.000000000000000000e+00,0.000000000000000000e+00
5.937500000000000416e-02,1.875000000000000039e-04,3.330274908739775697e+02,1.500000000000000000e+01,0.000000000000000000e+00,0.000000000000000000e+00
6.062499999999999833e-02,1.875000000000000039e-04,3.330288225836534366e+02,1.500000000000000000e+01,0.000000000000000000e+00,0.000000000000000000e+00
6.187499999999999944e-02,1.875000000000000039e-04,3.330301345041946206e+02,1.500000000000000000e+01,0.000000000000000000e+00,0.000000000000000000e+00
6.312500000000000056e-02,1.875000000000000039e-04,3.330314274760826834e+02,1.500000000000000000e+01,0.000000000000000000e+00,0.000000000000000000e+00
6.437500000000000167e-02,1.875000000000000039e-04,3.330327022628940767e+02,1.500000000000000000e+01,0.000000000000000000e+00,0.000000000000000000e+00
6.562500000000000278e-02,1.875000000000000039e-04,3.330339595594538196e+02,1.500000000000000000e+01,0.000000000000000000e+00,0.000000000000000000e+00
6.687500000000000389e-02,1.875000000000000039e-04,3.330351999990972445e+02,1.500000000000000000e+01,0.000000000000000000e+00,0.000000000000000000e+00
6.812500000000000500e-02,1.875000000000000039e-04,3.330364241601499771e+02,1.500000000000000000e+01,0.000000000000000000e+00,0.000000000000000000e+00
6.937500000000000611e-02,1.875000000000000039e-04,3.330376325717060126e+02,1.500000000000000000e+01,0.000000000000000000e+00,0.000000000000000000e+00
7.062500000000000722e-02,1.875000000000000039e-04,3.330388257187871659e+02,1.500000000000000000e+01,0.000000000000000000e+00,0.000000000000000000e+00
7.187500000000000833e-02,1.875000000000000039e-04,3.330400040469410214e+02,1.500000000000000000e+01,0.000000000000000000e+00,0.000000000000000000e+00
7.312499999999999556e-02,1.875000000000000039e-04,3.330411679663518498e+02,1.500000000000000000e+01,0.000000000000000000e+00,0.000000000000000000e+00
7.437499999999999667e-02,1.875000000000000039e-04,3.330423178555039385e+02,1.500000000000000000e+01,0.000000000000000000e+00,0.000000000000000000e+00
7.562499999999999778e-02,1.875000000000000039e-04,3.330434540644583876e+02,1.500000000000000000e+01,0.000000000000000000e+00,0.000000000000000000e+00
7.687499999999999889e-02,1.875000000000000039e-04,3.330445769177694046e+02,1.500000000000000000e+01,0.000000000000000000e+00,0.000000000000000000e+00
7.812500000000000000e-02,1.875000000000000039e-04,3.330456867171025124e+02,1.500000000000000000e+01,0.000000000000000000e+00,0.000000000000000000e+00
7.937500000000000111e-02,1.875000000000000039e-04,3.330467837435602974e+02,1.500000000000000000e+01,0.000000000000000000e+00,0.000000000000000000e+00
8.062500000000000222e-02,1.875000000000000039e-04,3.330478682597661759e+02,1.500000000000000000e+01,0.000000000000000000e+00,0.000000000000000000e+00
8.187500000000000333e-02,1.875000000000000039e-04,3.330489405117229467e+02,1.500000000000000000e+01,0.000000000000000000e+00,0.000000000000000000e+00
8.312500000000000444e-02,1.875000000000000039e-04,3.330500007304769383e+02,1.500000000000000000e+01,0.000000000000000000e+00,0.000000000000000000e+00
8.437500000000000555e-02,1.875000000000000039e-04,3.330510491335994629e+02,1.500000000000000000e+01,0.000000000000000000e+00,0.000000000000000000e+00
8.562500000000000666e-02,1.875000000000000039e-04,3.330520859265157014e+02,1.500000000000000000e+01,0.000000000000000000e+00,0.000000000000000000e+00
8.687500000000000777e-02,1.875000000000000039e-04,3.330531113036867623e+02,1.500000000000000000e+01,0.000000000000000000e+00,0.000000000000000000e+00
8.812499999999999500e-02,1.875000000000000039e-04,3.330541254496549186e+02,1.500000000000000000e+01,0.000000000000000000e+00,0.000000000000000000e+00
8.937499999999999611e-02,1.875000000000000039e-04,3.330551285399106973e+02,1.500000000000000000e+01,0.000000000000000000e+00,0.000000000000000000e+00
9.062499999999999722e-02,1.875000000000000039e-04,3.330561207412670228e+02,1.500000000000000000e+01,0.000000000000000000e+00,0.000000000000000000e+00
9.187499999999999833e-02,1.875000000000000039e-04,3.330571022098265530e+02,1.500000000000000000e+01,0.000000000000000000e+00,0.000000000000000000e+00
9.312499999999999944e-02,1.875000000000000039e-04,3.330580730752735690e+02,1.500000000000000000e+01,0.000000000000000000e+00,0.000000000000000000e+00
9.437500000000000056e-02,1.875000000000000039e-04,3.330590333452073537e+02,1.500000000000000000e+01,0.000000000000000000e+00,0.000000000000000000e+00
9.562500000000000167e-02,1.875000000000000039e-04,3.330599823411602074e+02,1.500000000000000000e+01,0.000000000000000000e+00,0.000000000000000000e+00
9.687500000000000278e-02,1.875000000000000039e-04,3.330609154164930032e+02,1.500000000000000000e+01,0.000000000000000000e+00,0.000000000000000000e+00
9.812500000000000389e-02,1.875000000000000039e-04,3.330618054991672921e+02,1.500000000000000000e+01,0.000000000000000000e+00,0.000000000000000000e+00
9.937500000000000500e-02,1.875000000000000039e-04,3.330625116206016401e+02,1.500000000000000000e+01,0.000000000000000000e+00,0.000000000000000000e+00
6.250000000000000130e-04,3.125000000000000065e-04,3.320957836767363460e+02,1.500000000000000000e+01,0.000000000000000000e+00,0.000000000000000000e+00
1.874999999999999931e-03,3.125000000000000065e-04,3.323637287751828353e+02,1.500000000000000000e+01,0.000000000000000000e+00,0.000000000000000000e+00
3.125000000000000173e-03,3.125000000000000065e-04,3.325121530521145701e+02,1.500000000000000000e+01,0.000000000000000000e+00,0.000000000000000000e+00
4.375000000000000416e-03,3.125000000000000065e-04,3.325937975232901067e+02,1.500000000000000000e+01,0.000000000000000000e+00,0.000000000000000000e+00
5.624999999999999792e-03,3.125000000000000065e-04,3.326453668715128629e+02,1.500000000000000000e+01,0.000000000000000000e+00,0.000000000000000000e+00
6.875000000000000035e-03,3.125000000000000065e-04,3.326818829353425144e+02,1.500000000000000000e+01,0.000000000000000000e+00,0.000000000000000000e+00
8.125000000000000278e-03,3.125000000000000065e-04,3.327097554159025208e+02,1.500000000000000000e+01,0.000000000000000000e+00,0.000000000000000000e+00
9.374999999999999653e-03,3.125000000000000065e-04,3.327320935713576660e+02,1.500000000000000000e+01,0.000000000000000000e+00,0.000000000000000000e+00
1.062500000000000076e-02,3.125000000000000065e-04,3.327506052169034660e+02,1.500000000000000000e+01,0.000000000000000000e+00,0.000000000000000000e+00
1.187500000000000014e-02,3.125000000000000065e-04,3.327663241302761321e+02,1.500000000000000000e+01,0.000000000000000000e+00,0.000000000000000000e+00
1.312499999999999951e-02,3.125000000000000065e-04,3.327799225665955873e+02,1.500000000000000000e+01,0.000000000000000000e+00,0.000000000000000000e+00
1.437500000000000062e-02,3.125000000000000065e-04,3.327918616459583063e+02,1.500000000000000000e+01,0.000000000000000000e+00,0.000000000000000000e+00
1.562500000000000000e-02,3.125000000000000065e-04,3.328024709330568385e+02,1.500000000000000000e+01,0.000000000000000000e+00,0.000000000000000000e+00
1.687500000000000111e-02,3.125000000000000065e-04,3.328119938176357664e+02,1.500000000000000000e+01,0.000000000000000000e+00,0.000000000000000000e+00
1.812499999999999875e-02,3.125000000000000065e-04,3.328206149502527182e+02,1.500000000000000000e+01,0.000000000000000000e+00,0.000000000000000000e+00
1.937499999999999986e-02,3.125000000000000065e-04,3.328284776179273194e+02,1.500000000000000000e+01,0.000000000000000000e+00,0.000000000000000000e+00
2.062500000000000097e-02,3.125000000000000065e-04,3.328356951723627049e+02,1.500000000000000000e+01,0.000000000000000000e+00,0.000000000000000000e+00
2.187500000000000208e-02,3.125000000000000065e-04,3.328423587864216415e+02,1.500000000000000000e+01,0.000000000000000000e+00,0.000000000000000000e+00
2.312499999999999972e-02,3.125000000000000065e-04,3.328485428606281289e+02,1.500000000000000000e+01,0.000000000000000000e+00,0.000000000000000000e+00
2.437500000000000083e-02,3.125000000000000065e-04,3.328543088791850550e+02,1.500000000000000000e+01,0.000000000000000000e+00,0.000000000000000000e+00
2.562500000000000194e-02,3.125000000000000065e-04,3.328597082160641207e+02,1.500000000000000000e+01,0.000000000000000000e+00,0.000000000000000000e+00
2.687499999999999958e-02,3.125000000000000065e-04,3.328647842139625936e+02,1.500000000000000000e+01,0.000000000000000000e+00,0.000000000000000000e+00
2.812500000000000069e-02,3.125000000000000065e-04,3.328695737497097866e+02,1.500000000000000000e+01,0.000000000000000000e+00,0.000000000000000000e+00
2.937500000000000180e-02,3.125000000000000065e-04,3.328741084306470839e+02,1.500000000000000000e+01,0.000000000000000000e+00,0.000000000000000000e+00
3.062499999999999944e-02,3.125000000000000065e-04,3.328784155216814611e+02,1.500000000000000000e+01,0.000000000000000000e+00,0.000000000000000000e+00
3.187500000000000056e-02,3.125000000000000065e-04,3.328825186730081214e+02,1.500000000000000000e+01,0.000000000000000000e+00,0.000000000000000000e+00
3.312500000000000167e-02,3.125000000000000065e-04,3.328864384983816080e+02,1.500000000000000000e+01,0.000000000000000000e+00,0.000000000000000000e+00
3.437500000000000278e-02,3.125000000000000065e-04,3.328901930399504749e+02,1.500000000000000000e+01,0.000000000000000000e+00,0.000000000000000000e+00
3.562500000000000389e-02,3.125000000000000065e-04,3.328937981460103401e+02,1.500000000000000000e+01,0.000000000000000000e+00,0.000000000000000000e+00
3.687499999999999806e-02,3.125000000000000065e-04,3.328972677811393623e+02,1.500000000000000000e+01,0.000000000000000000e+00,0.000000000000000000e+00
3.812499999999999917e-02,3.125000000000000065e-04,3.329006142832727164e+02,1.500000000000000000e+01,0.000000000000000000e+00,0.000000000000000000e+00
3.937500000000000028e-02,3.125000000000000065e-04,3.329038485786917931e+02,1.500000000000000000e+01,0.000000000000000000e+00,0.000000000000000000e+00
4.062500000000000139e-02,3.125000000000000065e-04,3.329069803632891649e+02,1.500000000000000000e+01,0.000000000000000000e+00,0.000000000000000000e+00
4.187500000000000250e-02,3.125000000000000065e-04,3.329100182565330215e+02,1.500000000000000000e+01,0.000000000000000000e+00,0.000000000000000000e+00
4.312500000000000361e-02,3.125000000000000065e-04,3.329129699331290340e+02,1.500000000000000000e+01,0.000000000000000000e+00,0.000000000000000000e+00
4.437499999999999778e-02,3.125000000000000065e-04,3.329158422362755800e+02,1.500000000000000000e+01,0.000000000000000000e+00,0.000000000000000000e+00
4.562499999999999889e-02,3.125000000000000065e-04,3.329186412756139930e+02,1.500000000000000000e+01,0.000000000000000000e+00,0.000000000000000000e+00
4.687500000000000000e-02,3.125000000000000065e-04,3.329213725123244672e+02,1.500000000000000000e+01,0.000000000000000000e+00,0.000000000000000000e+00
4.812500000000000111e-02,3.125000000000000065e-04,3.329240408333699861e+02,1.500000000000000000e+01,0.000000000000000000e+00,0.000000000000000000e+00
4.937500000000000222e-02,3.125000000000000065e-04,3.329266506164870520e+02,1.500000000000000000e+01,0.000000000000000000e+00,0.000000000000000000e+00
5.062500000000000333e-02,3.125000000000000065e-04,3.329292057872613668e+02,1.500000000000000000e+01,0.000000000000000000e+00,0.000000000000000000e+00
5.187500000000000444e-02,3.125000000000000065e-04,3.329317098693709909e+02,1.500000000000000000e+01,0.000000000000000000e+00,0.000000000000000000e+00
5.312499999999999861e-02,3.125000000000000065e-04,3.329341660289254605e+02,1.500000000000000000e+01,0.000000000000000000e+00,0.000000000000000000e+00
5.437499999999999972e-02,3.125000000000000065e-04,3.329365771136657486e+02,1.500000000000000000e+01,0.000000000000000000e+00,0.000000000000000000e+00
5.562500000000000083e-02,3.125000000000000065e-04,3.329389456876655800e+02,1.500000000000000000e+01,0.000000000000000000e+00,0.000000000000000000e+00
5.687500000000000194e-02,3.125000000000000065e-04,3.329412740621083913e+02,1.500000000000000000e+01,0.000000000000000000e+00,0.000000000000000000e+00
5.812500000000000305e-02,3.125000000000000065e-04,3.329435643226063348e+02,1.500000000000000000e+01,0.000000000000000000e+00,0.000000000000000000e+00
5.937500000000000416e-02,3.125000000000000065e-04,3.329458183534703721e+02,1.500000000000000000e+01,0.000000000000000000e+00,0.000000000000000000e+00
6.062499999999999833e-02,3.125000000000000065e-04,3.329480378593019623e+02,1.500000000000000000e+01,0.000000000000000000e+00,0.000000000000000000e+00
6.187499999999999944e-02,3.125000000000000065e-04,3.329502243841987479e+02,1.500000000000000000e+01,0.000000000000000000e+00,0.000000000000000000e+00
6.312500000000000056e-02,3.125000000000000065e-04,3.329523793288611841e+02,1.500000000000000000e+01,0.000000000000000000e+00,0.000000000000000000e+00
6.437500000000000167e-02,3.125000000000000065e-04,3.329545039658264614e+02,1.500000000000000000e+01,0.000000000000000000e+00,0.000000000000000000e+00
6.562500000000000278e-02,3.125000000000000065e-04,3.329565994530557305e+02,1.500000000000000000e+01,0.000000000000000000e+00,0.000000000000000000e+00
6.687500000000000389e-02,3.125000000000000065e-04,3.329586668460356123e+02,1.500000000000000000e+01,0.000000000000000000e+00,0.000000000000000000e+00
6.812500000000000500e-02,3.125000000000000065e-04,3.329607071085778216e+02,1.500000000000000000e+01,0.000000000000000000e+00,0.000000000000000000e+00
6.937500000000000611e-02,3.125000000000000065e-04,3.329627211224487837e+02,1.500000000000000000e+01,0.000000000000000000e+00,0.000000000000000000e+00
7.062500000000000722e-02,3.125000000000000065e-04,3.329647096959668033e+02,1.500000000000000000e+01,0.000000000000000000e+00,0.000000000000000000e+00
7.187500000000000833e-02,3.125000000000000065e-04,3.329666735716656945e+02,1.500000000000000000e+01,0.000000000000000000e+00,0.000000000000000000e+00
7.312499999999999556e-02,3.125000000000000065e-04,3.329686134331450376e+02,1.500000000000000000e+01,0.000000000000000000e+00,0.000000000000000000e+00
7.437499999999999667e-02,3.125000000000000065e-04,3.329705299111758450e+02,1.500000000000000000e+01,0.000000000000000000e+00,0.000000000000000000e+00
7.562499999999999778e-02,3.125000000000000065e-04,3.329724235891600870e+02,1.500000000000000000e+01,0.000000000000000000e+00,0.000000000000000000e+00
7.687499999999999889e-02,3.125000000000000065e-04,3.329742950079932484e+02,1.500000000000000000e+01,0.000000000000000000e+00,0.000000000000000000e+00
7.812500000000000000e-02,3.125000000000000065e-04,3.329761446704251284e+02,1.500000000000000000e+01,0.000000000000000000e+00,0.000000000000000000e+00
7.937500000000000111e-02,3.125000000000000065e-04,3.329779730449368458e+02,1.500000000000000000e+01,0.000000000000000000e+00,0.000000000000000000e+00
8.062500000000000222e-02,3.125000000000000065e-04,3.329797805692130623e+02,1.500000000000000000e+01,0.000000000000000000e+00,0.000000000000000000e+00
8.187500000000000333e-02,3.125000000000000065e-04,3.329815676532406314e+02,1.500000000000000000e+01,0.000000000000000000e+00,0.000000000000000000e+00
8.312500000000000444e-02,3.125000000000000065e-04,3.329833346820797715e+02,1.500000000000000000e+01,0.000000000000000000e+00,0.000000000000000000e+00
8.437500000000000555e-02,3.125000000000000065e-04,3.329850820183347651e+02,1.500000000000000000e+01,0.000000000000000000e+00,0.000000000000000000e+00
8.562500000000000666e-02,3.125000000000000065e-04,3.329868100043678396e+02,1.500000000000000000e+01,0.000000000000000000e+00,0.000000000000000000e+00
8.687500000000000777e-02,3.125000000000000065e-04,3.329885189642690193e+02,1.500000000000000000e+01,0.000000000000000000e+00,0.000000000000000000e+00
8.812499999999999500e-02,3.125000000000000065e-04,3.329902092055994558e+02,1.500000000000000000e+01,0.000000000000000000e+00,0.000000000000000000e+00
8.937499999999999611e-02,3.125000000000000065e-04,3.329918810208389459e+02,1.500000000000000000e+01,0.000000000000000000e+00,0.000000000000000000e+00
9.062499999999999722e-02,3.125000000000000065e-04,3.329935346880319003e+02,1.500000000000000000e+01,0.000000000000000000e+00,0.000000000000000000e+00
9.187499999999999833e-02,3.125000000000000065e-04,3.329951704675236783e+02,1.500000000000000000e+01,0.000000000000000000e+00,0.000000000000000000e+00
9.312499999999999944e-02,3.125000000000000065e-04,3.329967885765199185e+02,1.500000000000000000e+01,0.000000000000000000e+00,0.000000000000000000e+00
9.437500000000000056e-02,3.125000000000000065e-04,3.329983890339602226e+02,1.500000000000000000e+01,0.000000000000000000e+00,0.000000000000000000e+00
9.562500000000000167e-02,3.125000000000000065e-04,3.329999707455800717e+02,1.500000000000000000e+01,0.000000000000000000e+00,0.000000000000000000e+00
9.687500000000000278e-02,3.125000000000000065e-04,3.330015261722751347e+02,1.500000000000000000e+01,0.000000000000000000e+00,0.000000000000000000e+00
9.812500000000000389e-02,3.125000000000000065e-04,3.330030112106901470e+02,1.500000000000000000e+01,0.000000000000000000e+00,0.000000000000000000e+00
9.937500000000000500e-02,3.125000000000000065e-04,3.330041938782069906e+02,1.500000000000000000e+01,0.000000000000000000e+00,0.000000000000000000e+00
6.250000000000000130e-04,4.375000000000000091e-04,3.316703566025437908e+02,1.500000000000000000e+01,0.000000000000000000e+00,0.000000000000000000e+00
1.874999999999999931e-03,4.375000000000000091e-04,3.320508815023296165e+02,1.500000000000000000e+01,0.000000000000000000e+00,0.000000000000000000e+00
3.125000000000000173e-03,4.375000000000000091e-04,3.322579495521715103e+02,1.500000000000000000e+01,0.000000000000000000e+00,0.000000000000000000e+00
4.375000000000000416e-03,4.375000000000000091e-04,3.323717381871493330e+02,1.500000000000000000e+01,0.000000000000000000e+00,0.000000000000000000e+00
5.624999999999999792e-03,4.375000000000000091e-04,3.324437246087435369e+02,1.500000000000000000e+01,0.000000000000000000e+00,0.000000000000000000e+00
6.875000000000000035e-03,4.375000000000000091e-04,3.324947572127429112e+02,1.500000000000000000e+01,0.000000000000000000e+00,0.000000000000000000e+00
8.125000000000000278e-03,4.375000000000000091e-04,3.325337351022918142e+02,1.500000000000000000e+01,0.000000000000000000e+00,0.000000000000000000e+00
9.374999999999999653e-03,4.375000000000000091e-04,3.325649845899962997e+02,1.500000000000000000e+01,0.000000000000000000e+00,0.000000000000000000e+00
1.062500000000000076e-02,4.375000000000000091e-04,3.325908864120706312e+02,1.500000000000000000e+01,0.000000000000000000e+00,0.000000000000000000e+00
1.187500000000000014e-02,4.375000000000000091e-04,3.326128834749913494e+02,1.500000000000000000e+01,0.000000000000000000e+00,0.000000000000000000e+00
1.312499999999999951e-02,4.375000000000000091e-04,3.326319148279216620e+02,1.500000000000000000e+01,0.000000000000000000e+00,0.000000000000000000e+00
1.437500000000000062e-02,4.375000000000000091e-04,3.326486249238498090e+02,1.500000000000000000e+01,0.000000000000000000e+00,0.000000000000000000e+00
1.562500000000000000e-02,4.375000000000000091e-04,3.326634745175615535e+02,1.500000000000000000e+01,0.000000000000000000e+00,0.000000000000000000e+00
1.687500000000000111e-02,4.375000000000000091e-04,3.326768039703771365e+02,1.500000000000000000e+01,0.000000000000000000e+00,0.000000000000000000e+00
1.812499999999999875e-02,4.375000000000000091e-04,3.326888715497019575e+02,1.500000000000000000e+01,0.000000000000000000e+00,0.000000000000000000e+00
1.937499999999999986e-02,4.375000000000000091e-04,3.326998776973052259e+02,1.500000000000000000e+01,0.000000000000000000e+00,0.000000000000000000e+00
2.062500000000000097e-02,4.375000000000000091e-04,3.327099809969429884e+02,1.500000000000000000e+01,0.000000000000000000e+00,0.000000000000000000e+00
2.187500000000000208e-02,4.375000000000000091e-04,3.327193090149100954e+02,1.500000000000000000e+01,0.000000000000000000e+00,0.000000000000000000e+00
2.312499999999999972e-02,4.375000000000000091e-04,3.327279658579417401e+02,1.500000000000000000e+01,0.000000000000000000e+00,0.000000000000000000e+00
2.437500000000000083e-02,4.375000000000000091e-04,3.327360375646273951e+02,1.500000000000000000e+01,0.000000000000000000e+00,0.000000000000000000e+00
2.562500000000000194e-02,4.375000000000000091e-04,3.327435960294169490e+02,1.500000000000000000e+01,0.000000000000000000e+00,0.000000000000000000e+00
2.687499999999999958e-02,4.375000000000000091e-04,3.327507019101653896e+02,1.500000000000000000e+01,0.000000000000000000e+00,0.000000000000000000e+00
2.812500000000000069e-02,4.375000000000000091e-04,3.327574068176827495e+02,1.500000000000000000e+01,0.000000000000000000e+00,0.000000000000000000e+00
2.937500000000000180e-02,4.375000000000000091e-04,3.327637549892659763e+02,1.500000000000000000e+01,0.000000000000000000e+00,0.000000000000000000e+00
3.062499999999999944e-02,4.375000000000000091e-04,3.327697845855949481e+02,1.500000000000000000e+01,0.000000000000000000e+00,0.000000000000000000e+00
3.187500000000000056e-02,4.375000000000000091e-04,3.327755287088468208e+02,1.500000000000000000e+01,0.000000000000000000e+00,0.000000000000000000e+00
3.312500000000000167e-02,4.375000000000000091e-04,3.327810162117689288e+02,1.500000000000000000e+01,0.000000000000000000e+00,0.000000000000000000e+00
3.437500000000000278e-02,4.375000000000000091e-04,3.327862723480806153e+02,1.500000000000000000e+01,0.000000000000000000e+00,0.000000000000000000e+00
3.562500000000000389e-02,4.375000000000000091e-04,3.327913193010530790e+02,1.500000000000000000e+01,0.000000000000000000e+00,0.000000000000000000e+00
3.687499999999999806e-02,4.375000000000000091e-04,3.327961766174964851e+02,1.500000000000000000e+01,0.000000000000000000e+00,0.000000000000000000e+00
3.812499999999999917e-02,4.375000000000000091e-04,3.328008615675104238e+02,1.500000000000000000e+01,0.000000000000000000e+00,0.000000000000000000e+00
3.937500000000000028e-02,4.375000000000000091e-04,3.328053894453501584e+02,1.500000000000000000e+01,0.000000000000000000e+00,0.000000000000000000e+00
4.062500000000000139e-02,4.375000000000000091e-04,3.328097738231102767e+02,1.500000000000000000e+01,0.000000000000000000e+00,0.000000000000000000e+00
4.187500000000000250e-02,4.375000000000000091e-04,3.328140267662028009e+02,1.500000000000000000e+01,0.000000000000000000e+00,0.000000000000000000e+00
4.312500000000000361e-02,4.375000000000000091e-04,3.328181590176294549e+02,1.500000000000000000e+01,0.000000000000000000e+00,0.000000000000000000e+00
4.437499999999999778e-02,4.375000000000000091e-04,3.328221801564974385e+02,1.500000000000000000e+01,0.000000000000000000e+00,0.000000000000000000e+00
4.562499999999999889e-02,4.375000000000000091e-04,3.328260987351124527e+02,1.500000000000000000e+01,0.000000000000000000e+00,0.000000000000000000e+00
4.687500000000000000e-02,4.375000000000000091e-04,3.328299223980877741e+02,1.500000000000000000e+01,0.000000000000000000e+00,0.000000000000000000e+00
4.812500000000000111e-02,4.375000000000000091e-04,3.328336579862616418e+02,1.500000000000000000e+01,0.000000000000000000e+00,0.000000000000000000e+00
4.937500000000000222e-02,4.375000000000000091e-04,3.328373116276662813e+02,1.500000000000000000e+01,0.000000000000000000e+00,0.000000000000000000e+00
5.062500000000000333e-02,4.375000000000000091e-04,3.328408888174174081e+02,1.500000000000000000e+01,0.000000000000000000e+00,0.000000000000000000e+00
5.187500000000000444e-02,4.375000000000000091e-04,3.328443944880440881e+02,1.500000000000000000e+01,0.000000000000000000e+00,0.000000000000000000e+00
5.312499999999999861e-02,4.375000000000000091e-04,3.328478330715510651e+02,1.500000000000000000e+01,0.000000000000000000e+00,0.000000000000000000e+00
5.437499999999999972e-02,4.375000000000000091e-04,3.328512085542895420e+02,1.500000000000000000e+01,0.000000000000000000e+00,0.000000000000000000e+00
5.562500000000000083e-02,4.375000000000000091e-04,3.328545245255319287e+02,1.500000000000000000e+01,0.000000000000000000e+00,0.000000000000000000e+00
5.687500000000000194e-02,4.375000000000000091e-04,3.328577842205526736e+02,1.500000000000000000e+01,0.000000000000000000e+00,0.000000000000000000e+00
5.812500000000000305e-02,4.375000000000000091e-04,3.328609905588687070e+02,1.500000000000000000e+01,0.000000000000000000e+00,0.000000000000000000e+00
5.937500000000000416e-02,4.375000000000000091e-04,3.328641461782135025e+02,1.500000000000000000e+01,0.000000000000000000e+00,0.000000000000000000e+00
6.062499999999999833e-02,4.375000000000000091e-04,3.328672534647599264e+02,1.500000000000000000e+01,0.000000000000000000e+00,0.000000000000000000e+00
6.187499999999999944e-02,4.375000000000000091e-04,3.328703145800052425e+02,1.500000000000000000e+01,0.000000000000000000e+00,0.000000000000000000e+00
6.312500000000000056e-02,4.375000000000000091e-04,3.328733314847166298e+02,1.500000000000000000e+01,0.000000000000000000e+00,0.000000000000000000e+00
6.437500000000000167e-02,4.375000000000000091e-04,3.328763059602562180e+02,1.500000000000000000e+01,0.000000000000000000e+00,0.000000000000000000e+00
6.562500000000000278e-02,4.375000000000000091e-04,3.328792396276001000e+02,1.500000000000000000e+01,0.000000000000000000e+00,0.000000000000000000e+00
6.687500000000000389e-02,4.375000000000000091e-04,3.328821339642784096e+02,1.500000000000000000e+01,0.000000000000000000e+00,0.000000000000000000e+00
6.812500000000000500e-02,4.375000000000000091e-04,3.328849903194923172e+02,1.500000000000000000e+01,0.000000000000000000e+00,0.000000000000000000e+00
6.937500000000000611e-02,4.375000000000000091e-04,3.328878099275951854e+02,1.500000000000000000e+01,0.000000000000000000e+00,0.000000000000000000e+00
7.062500000000000722e-02,4.375000000000000091e-04,3.328905939201246156e+02,1.500000000000000000e+01,0.000000000000000000e+00,0.000000000000000000e+00
7.187500000000000833e-02,4.375000000000000091e-04,3.328933433365325527e+02,1.500000000000000000e+01,0.000000000000000000e+00,0.000000000000000000e+00
7.312499999999999556e-02,4.375000000000000091e-04,3.328960591337726669e+02,1.500000000000000000e+01,0.000000000000000000e+00,0.000000000000000000e+00
7.437499999999999667e-02,4.375000000000000091e-04,3.328987421948482961e+02,1.500000000000000000e+01,0.000000000000000000e+00,0.000000000000000000e+00
7.562499999999999778e-02,4.375000000000000091e-04,3.329013933364532818e+02,1.500000000000000000e+01,0.000000000000000000e+00,0.000000000000000000e+00
7.687499999999999889e-02,4.375000000000000091e-04,3.329040133157811283e+02,1.500000000000000000e+01,0.000000000000000000e+00,0.000000000000000000e+00
7.812500000000000000e-02,4.375000000000000091e-04,3.329066028366269165e+02,1.500000000000000000e+01,0.000000000000000000e+00,0.000000000000000000e+00
7.937500000000000111e-02,4.375000000000000091e-04,3.329091625548157367e+02,1.500000000000000000e+01,0.000000000000000000e+00,0.000000000000000000e+00
8.062500000000000222e-02,4.375000000000000091e-04,3.329116930830623460e+02,1.500000000000000000e+01,0.000000000000000000e+00,0.000000000000000000e+00
8.187500000000000333e-02,4.375000000000000091e-04,3.329141949953101403e+02,1.500000000000000000e+01,0.000000000000000000e+00,0.000000000000000000e+00
8.312500000000000444e-02,4.375000000000000091e-04,3.329166688306084438e+02,1.500000000000000000e+01,0.000000000000000000e+00,0.000000000000000000e+00
8.437500000000000555e-02,4.375000000000000091e-04,3.329191150965723409e+02,1.500000000000000000e+01,0.000000000000000000e+00,0.000000000000000000e+00
8.562500000000000666e-02,4.375000000000000091e-04,3.329215342724813240e+02,1.500000000000000000e+01,0.000000000000000000e+00,0.000000000000000000e+00
8.687500000000000777e-02,4.375000000000000091e-04,3.329239268120369388e+02,1.500000000000000000e+01,0.000000000000000000e+00,0.000000000000000000e+00
8.812499999999999500e-02,4.375000000000000091e-04,3.329262931458048342e+02,1.500000000000000000e+01,0.000000000000000000e+00,0.000000000000000000e+00
8.937499999999999611e-02,4.375000000000000091e-04,3.329286336832477105e+02,1.500000000000000000e+01,0.000000000000000000e+00,0.000000000000000000e+00
9.062499999999999722e-02,4.375000000000000091e-04,3.329309488136738082e+02,1.500000000000000000e+01,0.000000000000000000e+00,0.000000000000000000e+00
9.187499999999999833e-02,4.375000000000000091e-04,3.329332389019258471e+02,1.500000000000000000e+01,0.000000000000000000e+00,0.000000000000000000e+00
9.312499999999999944e-02,4.375000000000000091e-04,3.329355042542818524e+02,1.500000000000000000e+01,0.000000000000000000e+00,0.000000000000000000e+00
9.437500000000000056e-02,4.375000000000000091e-04,3.329377449101712614e+02,1.500000000000000000e+01,0.000000000000000000e+00,0.000000000000000000e+00
9.562500000000000167e-02,4.375000000000000091e-04,3.329399594128491344e+02,1.500000000000000000e+01,0.000000000000000000e+00,0.000000000000000000e+00
9.687500000000000278e-02,4.375000000000000091e-04,3.329421376319399997e+02,1.500000000000000000e+01,0.000000000000000000e+00,0.000000000000000000e+00
9.812500000000000389e-02,4.375000000000000091e-04,3.329442199459221001e+02,1.500000000000000000e+01,0.000000000000000000e+00,0.000000000000000000e+00
9.937500000000000500e-02,4.375000000000000091e-04,3.329458879624874612e+02,1.500000000000000000e+01,0.000000000000000000e+00,0.000000000000000000e+00
6.250000000000000130e-04,5.625000000000000659e-04,3.312411242793534711e+02,1.500000000000000000e+01,0.000000000000000000e+00,0.000000000000000000e+00
1.874999999999999931e-03,5.625000000000000659e-04,3.317397687979758985e+02,1.500000000000000000e+01,0.000000000000000000e+00,0.000000000000000000e+00
3.125000000000000173e-03,5.625000000000000659e-04,3.320046788463770326e+02,1.500000000000000000e+01,0.000000000000000000e+00,0.000000000000000000e+00
4.375000000000000416e-03,5.625000000000000659e-04,3.321500968731423313e+02,1.500000000000000000e+01,0.000000000000000000e+00,0.000000000000000000e+00
5.624999999999999792e-03,5.625000000000000659e-04,3.322422918841502337e+02,1.500000000000000000e+01,0.000000000000000000e+00,0.000000000000000000e+00
6.875000000000000035e-03,5.625000000000000659e-04,3.323077520372879690e+02,1.500000000000000000e+01,0.000000000000000000e+00,0.000000000000000000e+00
8.125000000000000278e-03,5.625000000000000659e-04,3.323577920726994535e+02,1.500000000000000000e+01,0.000000000000000000e+00,0.000000000000000000e+00
9.374999999999999653e-03,5.625000000000000659e-04,3.323979290852911390e+02,1.500000000000000000e+01,0.000000000000000000e+00,0.000000000000000000e+00
1.062500000000000076e-02,5.625000000000000659e-04,3.324312066548293956e+02,1.500000000000000000e+01,0.000000000000000000e+00,0.000000000000000000e+00
1.187500000000000014e-02,5.625000000000000659e-04,3.324594724768064680e+02,1.500000000000000000e+01,0.000000000000000000e+00,0.000000000000000000e+00
1.312499999999999951e-02,5.625000000000000659e-04,3.324839303018177361e+02,1.500000000000000000e+01,0.000000000000000000e+00,0.000000000000000000e+00
1.437500000000000062e-02,5.625000000000000659e-04,3.325054068067634603e+02,1.500000000000000000e+01,0.000000000000000000e+00,0.000000000000000000e+00
1.562500000000000000e-02,5.625000000000000659e-04,3.325244933034754240e+02,1.500000000000000000e+01,0.000000000000000000e+00,0.000000000000000000e+00
1.687500000000000111e-02,5.625000000000000659e-04,3.325416267418532357e+02,1.500000000000000000e+01,0.000000000000000000e+00,0.000000000000000000e+00
1.812499999999999875e-02,5.625000000000000659e-04,3.325571387634684015e+02,1.500000000000000000e+01,0.000000000000000000e+00,0.000000000000000000e+00
1.937499999999999986e-02,5.625000000000000659e-04,3.325712868051627993e+02,1.500000000000000000e+01,0.000000000000000000e+00,0.000000000000000000e+00
2.062500000000000097e-02,5.625000000000000659e-04,3.325842745743399291e+02,1.500000000000000000e+01,0.000000000000000000e+00,0.000000000000000000e+00
2.187500000000000208e-02,5.625000000000000659e-04,3.325962659551479419e+02,1.500000000000000000e+01,0.000000000000000000e+00,0.000000000000000000e+00
2.312499999999999972e-02,5.625000000000000659e-04,3.326073947066187770e+02,1.500000000000000000e+01,0.000000000000000000e+00,0.000000000000000000e+00
2.437500000000000083e-02,5.625000000000000659e-04,3.326177713824886837e+02,1.500000000000000000e+01,0.000000000000000000e+00,0.000000000000000000e+00
2.562500000000000194e-02,5.625000000000000659e-04,3.326274883686100452e+02,1.500000000000000000e+01,0.000000000000000000e+00,0.000000000000000000e+00
2.687499999999999958e-02,5.625000000000000659e-04,3.326366236161003940e+02,1.500000000000000000e+01,0.000000000000000000e+00,0.000000000000000000e+00
2.812500000000000069e-02,5.625000000000000659e-04,3.326452434530150413e+02,1.500000000000000000e+01,0.000000000000000000e+00,0.000000000000000000e+00
2.937500000000000180e-02,5.625000000000000659e-04,3.326534047336372169e+02,1.500000000000000000e+01,0.000000000000000000e+00,0.000000000000000000e+00
3.062499999999999944e-02,5.625000000000000659e-04,3.326611565042392158e+02,1.500000000000000000e+01,0.000000000000000000e+00,0.000000000000000000e+00
3.187500000000000056e-02,5.625000000000000659e-04,3.326685413108887133e+02,1.500000000000000000e+01,0.000000000000000000e+00,0.000000000000000000e+00
3.312500000000000167e-02,5.625000000000000659e-04,3.326755962388223224e+02,1.500000000000000000e+01,0.000000000000000000e+00,0.000000000000000000e+00
3.437500000000000278e-02,5.625000000000000659e-04,3.326823537480440791e+02,1.500000000000000000e+01,0.000000000000000000e+00,0.000000000000000000e+00
3.562500000000000389e-02,5.625000000000000659e-04,3.326888423524611653e+02,1.500000000000000000e+01,0.000000000000000000e+00,0.000000000000000000e+00
3.687499999999999806e-02,5.625000000000000659e-04,3.326950871775180190e+02,1.500000000000000000e+01,0.000000000000000000e+00,0.000000000000000000e+00
3.812499999999999917e-02,5.625000000000000659e-04,3.327011104224697533e+02,1.500000000000000000e+01,0.000000000000000000e+00,0.000000000000000000e+00
3.937500000000000028e-02,5.625000000000000659e-04,3.327069317470093210e+02,1.500000000000000000e+01,0.000000000000000000e+00,0.000000000000000000e+00
4.062500000000000139e-02,5.625000000000000659e-04,3.327125685972781071e+02,1.500000000000000000e+01,0.000000000000000000e+00,0.000000000000000000e+00
4.187500000000000250e-02,5.625000000000000659e-04,3.327180364827891594e+02,1.500000000000000000e+01,0.000000000000000000e+00,0.000000000000000000e+00
4.312500000000000361e-02,5.625000000000000659e-04,3.327233492132554034e+02,1.500000000000000000e+01,0.000000000000000000e+00,0.000000000000000000e+00
4.437499999999999778e-02,5.625000000000000659e-04,3.327285191023216271e+02,1.500000000000000000e+01,0.000000000000000000e+00,0.000000000000000000e+00
4.562499999999999889e-02,5.625000000000000659e-04,3.327335571437673707e+02,1.500000000000000000e+01,0.000000000000000000e+00,0.000000000000000000e+00
4.687500000000000000e-02,5.625000000000000659e-04,3.327384731645990996e+02,1.500000000000000000e+01,0.000000000000000000e+00,0.000000000000000000e+00
4.812500000000000111e-02,5.625000000000000659e-04,3.327432759586210977e+02,1.500000000000000000e+01,0.000000000000000000e+00,0.000000000000000000e+00
4.937500000000000222e-02,5.625000000000000659e-04,3.327479734033620957e+02,1.500000000000000000e+01,0.000000000000000000e+00,0.000000000000000000e+00
5.062500000000000333e-02,5.625000000000000659e-04,3.327525725627647262e+02,1.500000000000000000e+01,0.000000000000000000e+00,0.000000000000000000e+00
5.187500000000000444e-02,5.625000000000000659e-04,3.327570797775882738e+02,1.500000000000000000e+01,0.000000000000000000e+00,0.000000000000000000e+00
5.312499999999999861e-02,5.625000000000000659e-04,3.327615007451843780e+02,1.500000000000000000e+01,0.000000000000000000e+00,0.000000000000000000e+00
5.437499999999999972e-02,5.625000000000000659e-04,3.327658405900283469e+02,1.500000000000000000e+01,0.000000000000000000e+00,0.000000000000000000e+00
5.562500000000000083e-02,5.625000000000000659e-04,3.327701039261604592e+02,1.500000000000000000e+01,0.000000000000000000e+00,0.000000000000000000e+00
5.687500000000000194e-02,5.625000000000000659e-04,3.327742949125639029e+02,1.500000000000000000e+01,0.000000000000000000e+00,0.000000000000000000e+00
5.812500000000000305e-02,5.625000000000000659e-04,3.327784173023208041e+02,1.500000000000000000e+01,0.000000000000000000e+00,0.000000000000000000e+00
5.937500000000000416e-02,5.625000000000000659e-04,3.327824744862845705e+02,1.500000000000000000e+01,0.000000000000000000e+00,0.000000000000000000e+00
6.062499999999999833e-02,5.625000000000000659e-04,3.327864695319309476e+02,1.500000000000000000e+01,0.000000000000000000e+00,0.000000000000000000e+00
6.187499999999999944e-02,5.625000000000000659e-04,3.327904052179170549e+02,1.500000000000000000e+01,0.000000000000000000e+00,0.000000000000000000e+00
6.312500000000000056e-02,5.625000000000000659e-04,3.327942840648638025e+02,1.500000000000000000e+01,0.000000000000000000e+00,0.000000000000000000e+00
6.437500000000000167e-02,5.625000000000000659e-04,3.327981083627678913e+02,1.500000000000000000e+01,0.000000000000000000e+00,0.000000000000000000e+00
6.562500000000000278e-02,5.625000000000000659e-04,3.328018801954512469e+02,1.500000000000000000e+01,0.000000000000000000e+00,0.000000000000000000e+00
6.687500000000000389e-02,5.625000000000000659e-04,3.328056014623358010e+02,1.500000000000000000e+01,0.000000000000000000e+00,0.000000000000000000e+00
6.812500000000000500e-02,5.625000000000000659e-04,3.328092738978779153e+02,1.500000000000000000e+01,0.000000000000000000e+00,0.000000000000000000e+00
6.937500000000000611e-02,5.625000000000000659e-04,3.328128990888972112e+02,1.500000000000000000e+01,0.000000000000000000e+00,0.000000000000000000e+00
7.062500000000000722e-02,5.625000000000000659e-04,3.328164784900435507e+02,1.500000000000000000e+01,0.000000000000000000e+00,0.000000000000000000e+00
7.187500000000000833e-02,5.625000000000000659e-04,3.328200134375910011e+02,1.500000000000000000e+01,0.000000000000000000e+00,0.000000000000000000e+00
7.312499999999999556e-02,5.625000000000000659e-04,3.328235051617620002e+02,1.500000000000000000e+01,0.000000000000000000e+00,0.000000000000000000e+00
7.437499999999999667e-02,5.625000000000000659e-04,3.328269547977154161e+02,1.500000000000000000e+01,0.000000000000000000e+00,0.000000000000000000e+00
7.562499999999999778e-02,5.625000000000000659e-04,3.328303633953692611e+02,1.500000000000000000e+01,0.000000000000000000e+00,0.000000000000000000e+00
7.687499999999999889e-02,5.625000000000000659e-04,3.328337319281538385e+02,1.500000000000000000e+01,0.000000000000000000e+00,0.000000000000000000e+00
7.812500000000000000e-02,5.625000000000000659e-04,3.328370613008553391e+02,1.500000000000000000e+01,0.000000000000000000e+00,0.000000000000000000e+00
7.937500000000000111e-02,5.625000000000000659e-04,3.328403523565940532e+02,1.500000000000000000e+01,0.000000000000000000e+00,0.000000000000000000e+00
8.062500000000000222e-02,5.625000000000000659e-04,3.328436058830716888e+02,1.500000000000000000e+01,0.000000000000000000e+00,0.000000000000000000e+00
8.187500000000000333e-02,5.625000000000000659e-04,3.328468226181491332e+02,1.500000000000000000e+01,0.000000000000000000e+00,0.000000000000000000e+00
8.312500000000000444e-02,5.625000000000000659e-04,3.328500032548304262e+02,1.500000000000000000e+01,0.000000000000000000e+00,0.000000000000000000e+00
8.437500000000000555e-02,5.625000000000000659e-04,3.328531484457103602e+02,1.500000000000000000e+01,0.000000000000000000e+00,0.000000000000000000e+00
8.562500000000000666e-02,5.625000000000000659e-04,3.328562588069583512e+02,1.500000000000000000e+01,0.000000000000000000e+00,0.000000000000000000e+00
8.687500000000000777e-02,5.625000000000000659e-04,3.328593349218627395e+02,1.500000000000000000e+01,0.000000000000000000e+00,0.000000000000000000e+00
8.812499999999999500e-02,5.625000000000000659e-04,3.328623773439734350e+02,1.500000000000000000e+01,0.000000000000000000e+00,0.000000000000000000e+00
8.937499999999999611e-02,5.625000000000000659e-04,3.328653865997265484e+02,1.500000000000000000e+01,0.000000000000000000e+00,0.000000000000000000e+00
9.062499999999999722e-02,5.625000000000000659e-04,3.328683631897374084e+02,1.500000000000000000e+01,0.000000000000000000e+00,0.000000000000000000e+00
9.187499999999999833e-02,5.625000000000000659e-04,3.328713075836870985e+02,1.500000000000000000e+01,0.000000000000000000e+00,0.000000000000000000e+00
9.312499999999999944e-02,5.625000000000000659e-04,3.328742201790084891e+02,1.500000000000000000e+01,0.000000000000000000e+00,0.000000000000000000e+00
9.437500000000000056e-02,5.625000000000000659e-04,3.328771010479143229e+02,1.500000000000000000e+01,0.000000000000000000e+00,0.000000000000000000e+00
9.562500000000000167e-02,5.625000000000000659e-04,3.328799484429540030e+02,1.500000000000000000e+01,0.000000000000000000e+00,0.000000000000000000e+00
9.687500000000000278e-02,5.625000000000000659e-04,3.328827500506558863e+02,1.500000000000000000e+01,0.000000000000000000e+00,0.000000000000000000e+00
9.812500000000000389e-02,5.625000000000000659e-04,3.328854328241282587e+02,1.500000000000000000e+01,0.000000000000000000e+00,0.000000000000000000e+00
9.937500000000000500e-02,5.625000000000000659e-04,3.328875987269335610e+02,1.500000000000000000e+01,0.000000000000000000e+00,0.000000000000000000e+00
6.250000000000000130e-04,6.874999999999999601e-04,3.308069055109768897e+02,1.500000000000000000e+01,0.000000000000000000e+00,0.000000000000000000e+00
1.874999999999999931e-03,6.874999999999999601e-04,3.314309934383244354e+02,1.500000000000000000e+01,0.000000000000000000e+00,0.000000000000000000e+00
3.125000000000000173e-03,6.874999999999999601e-04,3.317526030607990037e+02,1.500000000000000000e+01,0.000000000000000000e+00,0.000000000000000000e+00
4.375000000000000416e-03,6.874999999999999601e-04,3.319289877892928757e+02,1.500000000000000000e+01,0.000000000000000000e+00,0.000000000000000000e+00
5.624999999999999792e-03,6.874999999999999601e-04,3.320411265081356191e+02,1.500000000000000000e+01,0.000000000000000000e+00,0.000000000000000000e+00
6.875000000000000035e-03,6.874999999999999601e-04,3.321209010630101375e+02,1.500000000000000000e+01,0.000000000000000000e+00,0.000000000000000000e+00
8.125000000000000278e-03,6.874999999999999601e-04,3.321819480733352066e+02,1.500000000000000000e+01,0.000000000000000000e+00,0.000000000000000000e+00
9.374999999999999653e-03,6.874999999999999601e-04,3.322309421750165939e+02,1.500000000000000000e+01,0.000000000000000000e+00,0.000000000000000000e+00
1.062500000000000076e-02,6.874999999999999601e-04,3.322715770150636558e+02,1.500000000000000000e+01,0.000000000000000000e+00,0.000000000000000000e+00
1.187500000000000014e-02,6.874999999999999601e-04,3.323060995585912565e+02,1.500000000000000000e+01,0.000000000000000000e+00,0.000000000000000000e+00
1.312499999999999951e-02,6.874999999999999601e-04,3.323359755889144367e+02,1.500000000000000000e+01,0.000000000000000000e+00,0.000000000000000000e+00
1.437500000000000062e-02,6.874999999999999601e-04,3.323622125897595652e+02,1.500000000000000000e+01,0.000000000000000000e+00,0.000000000000000000e+00
1.562500000000000000e-02,6.874999999999999601e-04,3.323855316199725962e+02,1.500000000000000000e+01,0.000000000000000000e+00,0.000000000000000000e+00
1.687500000000000111e-02,6.874999999999999601e-04,3.324064657274967658e+02,1.500000000000000000e+01,0.000000000000000000e+00,0.000000000000000000e+00
1.812499999999999875e-02,6.874999999999999601e-04,3.324254196170340947e+02,1.500000000000000000e+01,0.000000000000000000e+00,0.000000000000000000e+00
1.937499999999999986e-02,6.874999999999999601e-04,3.324427075157454397e+02,1.500000000000000000e+01,0.000000000000000000e+00,0.000000000000000000e+00
2.062500000000000097e-02,6.874999999999999601e-04,3.324585781156205258e+02,1.500000000000000000e+01,0.000000000000000000e+00,0.000000000000000000e+00
2.187500000000000208e-02,6.874999999999999601e-04,3.324732315216791676e+02,1.500000000000000000e+01,0.000000000000000000e+00,0.000000000000000000e+00
2.312499999999999972e-02,6.874999999999999601e-04,3.324868310760518852e+02,1.500000000000000000e+01,0.000000000000000000e+00,0.000000000000000000e+00
2.437500000000000083e-02,6.874999999999999601e-04,3.324995117972474645e+02,1.500000000000000000e+01,0.000000000000000000e+00,0.000000000000000000e+00
2.562500000000000194e-02,6.874999999999999601e-04,3.325113865251893799e+02,1.500000000000000000e+01,0.000000000000000000e+00,0.000000000000000000e+00
2.687499999999999958e-02,6.874999999999999601e-04,3.325225504761411912e+02,1.500000000000000000e+01,0.000000000000000000e+00,0.000000000000000000e+00
2.812500000000000069e-02,6.874999999999999601e-04,3.325330846739103094e+02,1.500000000000000000e+01,0.000000000000000000e+00,0.000000000000000000e+00
2.937500000000000180e-02,6.874999999999999601e-04,3.325430585731088513e+02,1.500000000000000000e+01,0.000000000000000000e+00,0.000000000000000000e+00
3.062499999999999944e-02,6.874999999999999601e-04,3.325525320925229948e+02,1.500000000000000000e+01,0.000000000000000000e+00,0.000000000000000000e+00
3.187500000000000056e-02,6.874999999999999601e-04,3.325615572117176271e+02,1.500000000000000000e+01,0.000000000000000000e+00,0.000000000000000000e+00
3.312500000000000167e-02,6.874999999999999601e-04,3.325701792400628278e+02,1.500000000000000000e+01,0.000000000000000000e+00,0.000000000000000000e+00
3.437500000000000278e-02,6.874999999999999601e-04,3.325784378370555601e+02,1.500000000000000000e+01,0.000000000000000000e+00,0.000000000000000000e+00
3.562500000000000389e-02,6.874999999999999601e-04,3.325863678416628773e+02,1.500000000000000000e+01,0.000000000000000000e+00,0.000000000000000000e+00
3.687499999999999806e-02,6.874999999999999601e-04,3.325939999533405285e+02,1.500000000000000000e+01,0.000000000000000000e+00,0.000000000000000000e+00
3.812499999999999917e-02,6.874999999999999601e-04,3.326013612966331721e+02,1.500000000000000000e+01,0.000000000000000000e+00,0.000000000000000000e+00
3.937500000000000028e-02,6.874999999999999601e-04,3.326084758934114234e+02,1.500000000000000000e+01,0.000000000000000000e+00,0.000000000000000000e+00
4.062500000000000139e-02,6.874999999999999601e-04,3.326153650610934847e+02,1.500000000000000000e+01,0.000000000000000000e+00,0.000000000000000000e+00
4.187500000000000250e-02,6.874999999999999601e-04,3.326220477509261286e+02,1.500000000000000000e+01,0.000000000000000000e+00,0.000000000000000000e+00
4.312500000000000361e-02,6.874999999999999601e-04,3.326285408372953611e+02,1.500000000000000000e+01,0.000000000000000000e+00,0.000000000000000000e+00
4.437499999999999778e-02,6.874999999999999601e-04,3.326348593666219813e+02,1.500000000000000000e+01,0.000000000000000000e+00,0.000000000000000000e+00
4.562499999999999889e-02,6.874999999999999601e-04,3.326410167726283476e+02,1.500000000000000000e+01,0.000000000000000000e+00,0.000000000000000000e+00
4.687500000000000000e-02,6.874999999999999601e-04,3.326470250633784644e+02,1.500000000000000000e+01,0.000000000000000000e+00,0.000000000000000000e+00
4.812500000000000111e-02,6.874999999999999601e-04,3.326528949844733916e+02,1.500000000000000000e+01,0.000000000000000000e+00,0.000000000000000000e+00
4.937500000000000222e-02,6.874999999999999601e-04,3.326586361619112608e+02,1.500000000000000000e+01,0.000000000000000000e+00,0.000000000000000000e+00
5.062500000000000333e-02,6.874999999999999601e-04,3.326642572275577550e+02,1.500000000000000000e+01,0.000000000000000000e+00,0.000000000000000000e+00
5.187500000000000444e-02,6.874999999999999601e-04,3.326697659296046368e+02,1.500000000000000000e+01,0.000000000000000000e+00,0.000000000000000000e+00
5.312499999999999861e-02,6.874999999999999601e-04,3.326751692300452987e+02,1.500000000000000000e+01,0.000000000000000000e+00,0.000000000000000000e+00
5.437499999999999972e-02,6.874999999999999601e-04,3.326804733908542744e+02,1.500000000000000000e+01,0.000000000000000000e+00,0.000000000000000000e+00
5.562500000000000083e-02,6.874999999999999601e-04,3.326856840502862269e+02,1.500000000000000000e+01,0.000000000000000000e+00,0.000000000000000000e+00
5.687500000000000194e-02,6.874999999999999601e-04,3.326908062905416159e+02,1.500000000000000000e+01,0.000000000000000000e+00,0.000000000000000000e+00
5.812500000000000305e-02,6.874999999999999601e-04,3.326958446978307506e+02,1.500000000000000000e+01,0.000000000000000000e+00,0.000000000000000000e+00
5.937500000000000416e-02,6.874999999999999601e-04,3.327008034157387328e+02,1.500000000000000000e+01,0.000000000000000000e+00,0.000000000000000000e+00
6.062499999999999833e-02,6.874999999999999601e-04,3.327056861926986358e+02,1.500000000000000000e+01,0.000000000000000000e+00,0.000000000000000000e+00
6.187499999999999944e-02,6.874999999999999601e-04,3.327104964242192295e+02,1.500000000000000000e+01,0.000000000000000000e+00,0.000000000000000000e+00
6.312500000000000056e-02,6.874999999999999601e-04,3.327152371905012842e+02,1.500000000000000000e+01,0.000000000000000000e+00,0.000000000000000000e+00
6.437500000000000167e-02,6.874999999999999601e-04,3.327199112899319289e+02,1.500000000000000000e+01,0.000000000000000000e+00,0.000000000000000000e+00
6.562500000000000278e-02,6.874999999999999601e-04,3.327245212689603022e+02,1.500000000000000000e+01,0.000000000000000000e+00,0.000000000000000000e+00
6.687500000000000389e-02,6.874999999999999601e-04,3.327290694487067526e+02,1.500000000000000000e+01,0.000000000000000000e+00,0.000000000000000000e+00
6.812500000000000500e-02,6.874999999999999601e-04,3.327335579487087216e+02,1.500000000000000000e+01,0.000000000000000000e+00,0.000000000000000000e+00
6.937500000000000611e-02,6.874999999999999601e-04,3.327379887080979870e+02,1.500000000000000000e+01,0.000000000000000000e+00,0.000000000000000000e+00
7.062500000000000722e-02,6.874999999999999601e-04,3.327423635044985417e+02,1.500000000000000000e+01,0.000000000000000000e+00,0.000000000000000000e+00
7.187500000000000833e-02,6.874999999999999601e-04,3.327466839708832254e+02,1.500000000000000000e+01,0.000000000000000000e+00,0.000000000000000000e+00
7.312499999999999556e-02,6.874999999999999601e-04,3.327509516106335354e+02,1.500000000000000000e+01,0.000000000000000000e+00,0.000000000000000000e+00
7.437499999999999667e-02,6.874999999999999601e-04,3.327551678109655313e+02,1.500000000000000000e+01,0.000000000000000000e+00,0.000000000000000000e+00
7.562499999999999778e-02,6.874999999999999601e-04,3.327593338549337432e+02,1.500000000000000000e+01,0.000000000000000000e+00,0.000000000000000000e+00
7.687499999999999889e-02,6.874999999999999601e-04,3.327634509321271707e+02,1.500000000000000000e+01,0.000000000000000000e+00,0.000000000000000000e+00
7.812500000000000000e-02,6.874999999999999601e-04,3.327675201482534248e+02,1.500000000000000000e+01,0.000000000000000000e+00,0.000000000000000000e+00
7.937500000000000111e-02,6.874999999999999601e-04,3.327715425336649560e+02,1.500000000000000000e+01,0.000000000000000000e+00,0.000000000000000000e+00
8.062500000000000222e-02,6.874999999999999601e-04,3.327755190509950012e+02,1.500000000000000000e+01,0.000000000000000000e+00,0.000000000000000000e+00
8.187500000000000333e-02,6.874999999999999601e-04,3.327794506019719165e+02,1.500000000000000000e+01,0.000000000000000000e+00,0.000000000000000000e+00
8.312500000000000444e-02,6.874999999999999601e-04,3.327833380335103470e+02,1.500000000000000000e+01,0.000000000000000000e+00,0.000000000000000000e+00
8.437500000000000555e-02,6.874999999999999601e-04,3.327871821431447188e+02,1.500000000000000000e+01,0.000000000000000000e+00,0.000000000000000000e+00
8.562500000000000666e-02,6.874999999999999601e-04,3.327909836838989008e+02,1.500000000000000000e+01,0.000000000000000000e+00,0.000000000000000000e+00
8.687500000000000777e-02,6.874999999999999601e-04,3.327947433686164800e+02,1.500000000000000000e+01,0.000000000000000000e+00,0.000000000000000000e+00
8.812499999999999500e-02,6.874999999999999601e-04,3.327984618738055929e+02,1.500000000000000000e+01,0.000000000000000000e+00,0.000000000000000000e+00
8.937499999999999611e-02,6.874999999999999601e-04,3.328021398428628572e+02,1.500000000000000000e+01,0.000000000000000000e+00,0.000000000000000000e+00
9.062499999999999722e-02,6.874999999999999601e-04,3.328057778877616215e+02,1.500000000000000000e+01,0.000000000000000000e+00,0.000000000000000000e+00
9.187499999999999833e-02,6.874999999999999601e-04,3.328093765834345845e+02,1.500000000000000000e+01,0.000000000000000000e+00,0.000000000000000000e+00
9.312499999999999944e-02,6.874999999999999601e-04,3.328129364209992218e+02,1.500000000000000000e+01,0.000000000000000000e+00,0.000000000000000000e+00
9.437500000000000056e-02,6.874999999999999601e-04,3.328164575203961135e+02,1.500000000000000000e+01,0.000000000000000000e+00,0.000000000000000000e+00
9.562500000000000167e-02,6.874999999999999601e-04,3.328199379309323263e+02,1.500000000000000000e+01,0.000000000000000000e+00,0.000000000000000000e+00
9.687500000000000278e-02,6.874999999999999601e-04,3.328233636577140828e+02,1.500000000000000000e+01,0.000000000000000000e+00,0.000000000000000000e+00
9.812500000000000389e-02,6.874999999999999601e-04,3.328266508710411244e+02,1.500000000000000000e+01,0.000000000000000000e+00,0.000000000000000000e+00
9.937500000000000500e-02,6.874999999999999601e-04,3.328293311504076541e+02,1.500000000000000000e+01,0.000000000000000000e+00,0.000000000000000000e+00
6.250000000000000130e-04,8.125000000000000711e-04,3.303664458633268168e+02,1.500000000000000000e+01,0.000000000000000000e+00,0.000000000000000000e+00
1.874999999999999931e-03,8.125000000000000711e-04,3.311252428617217447e+02,1.500000000000000000e+01,0.000000000000000000e+00,0.000000000000000000e+00
3.125000000000000173e-03,8.125000000000000711e-04,3.315019795241607312e+02,1.500000000000000000e+01,0.000000000000000000e+00,0.000000000000000000e+00
4.375000000000000416e-03,8.125000000000000711e-04,3.317085211655400485e+02,1.500000000000000000e+01,0.000000000000000000e+00,0.000000000000000000e+00
5.624999999999999792e-03,8.125000000000000711e-04,3.318402847737606862e+02,1.500000000000000000e+01,0.000000000000000000e+00,0.000000000000000000e+00
6.875000000000000035e-03,8.125000000000000711e-04,3.319342373641779318e+02,1.500000000000000000e+01,0.000000000000000000e+00,0.000000000000000000e+00
8.125000000000000278e-03,8.125000000000000711e-04,3.320062246030573760e+02,1.500000000000000000e+01,0.000000000000000000e+00,0.000000000000000000e+00
9.374999999999999653e-03,8.125000000000000711e-04,3.320640388573583550e+02,1.500000000000000000e+01,0.000000000000000000e+00,0.000000000000000000e+00
1.062500000000000076e-02,8.125000000000000711e-04,3.321120084982630942e+02,1.500000000000000000e+01,0.000000000000000000e+00,0.000000000000000000e+00
1.187500000000000014e-02,8.125000000000000711e-04,3.321527731055080608e+02,1.500000000000000000e+01,0.000000000000000000e+00,0.000000000000000000e+00
1.312499999999999951e-02,8.125000000000000711e-04,3.321880572663059752e+02,1.500000000000000000e+01,0.000000000000000000e+00,0.000000000000000000e+00
1.437500000000000062e-02,8.125000000000000711e-04,3.322190475524621434e+02,1.500000000000000000e+01,0.000000000000000000e+00,0.000000000000000000e+00
1.562500000000000000e-02,8.125000000000000711e-04,3.322465937856965752e+02,1.500000000000000000e+01,0.000000000000000000e+00,0.000000000000000000e+00
1.687500000000000111e-02,8.125000000000000711e-04,3.322713245153200887e+02,1.500000000000000000e+01,0.000000000000000000e+00,0.000000000000000000e+00
1.812499999999999875e-02,8.125000000000000711e-04,3.322937171305080710e+02,1.500000000000000000e+01,0.000000000000000000e+00,0.000000000000000000e+00
1.937499999999999986e-02,8.125000000000000711e-04,3.323141423993164949e+02,1.500000000000000000e+01,0.000000000000000000e+00,0.000000000000000000e+00
2.062500000000000097e-02,8.125000000000000711e-04,3.323328938288393601e+02,1.500000000000000000e+01,0.000000000000000000e+00,0.000000000000000000e+00
2.187500000000000208e-02,8.125000000000000711e-04,3.323502076267272969e+02,1.500000000000000000e+01,0.000000000000000000e+00,0.000000000000000000e+00
2.312499999999999972e-02,8.125000000000000711e-04,3.323662766338168240e+02,1.500000000000000000e+01,0.000000000000000000e+00,0.000000000000000000e+00
2.437500000000000083e-02,8.125000000000000711e-04,3.323812602719387996e+02,1.500000000000000000e+01,0.000000000000000000e+00,0.000000000000000000e+00
2.562500000000000194e-02,8.125000000000000711e-04,3.323952917895386463e+02,1.500000000000000000e+01,0.000000000000000000e+00,0.000000000000000000e+00
2.687499999999999958e-02,8.125000000000000711e-04,3.324084836337137858e+02,1.500000000000000000e+01,0.000000000000000000e+00,0.000000000000000000e+00
2.812500000000000069e-02,8.125000000000000711e-04,3.324209314977913436e+02,1.500000000000000000e+01,0.000000000000000000e+00,0.000000000000000000e+00
2.937500000000000180e-02,8.125000000000000711e-04,3.324327174163784093e+02,1.500000000000000000e+01,0.000000000000000000e+00,0.000000000000000000e+00
3.062499999999999944e-02,8.125000000000000711e-04,3.324439121648089213e+02,1.500000000000000000e+01,0.000000000000000000e+00,0.000000000000000000e+00
3.187500000000000056e-02,8.125000000000000711e-04,3.324545771434551966e+02,1.500000000000000000e+01,0.000000000000000000e+00,0.000000000000000000e+00
3.312500000000000167e-02,8.125000000000000711e-04,3.324647658756167630e+02,1.500000000000000000e+01,0.000000000000000000e+00,0.000000000000000000e+00
3.437500000000000278e-02,8.125000000000000711e-04,3.324745252119909082e+02,1.500000000000000000e+01,0.000000000000000000e+00,0.000000000000000000e+00
3.562500000000000389e-02,8.125000000000000711e-04,3.324838963097939200e+02,1.500000000000000000e+01,0.000000000000000000e+00,0.000000000000000000e+00
3.687499999999999806e-02,8.125000000000000711e-04,3.324929154368469426e+02,1.500000000000000000e+01,0.000000000000000000e+00,0.000000000000000000e+00
3.812499999999999917e-02,8.125000000000000711e-04,3.325016146382617421e+02,1.500000000000000000e+01,0.000000000000000000e+00,0.000000000000000000e+00
3.937500000000000028e-02,8.125000000000000711e-04,3.325100222941044308e+02,1.500000000000000000e+01,0.000000000000000000e+00,0.000000000000000000e+00
4.062500000000000139e-02,8.125000000000000711e-04,3.325181635896874468e+02,1.500000000000000000e+01,0.000000000000000000e+00,0.000000000000000000e+00
4.187500000000000250e-02,8.125000000000000711e-04,3.325260609150976734e+02,1.500000000000000000e+01,0.000000000000000000e+00,0.000000000000000000e+00
4.312500000000000361e-02,8.125000000000000711e-04,3.325337342069058764e+02,1.500000000000000000e+01,0.000000000000000000e+00,0.000000000000000000e+00
4.437499999999999778e-02,8.125000000000000711e-04,3.325412012421556369e+02,1.500000000000000000e+01,0.000000000000000000e+00,0.000000000000000000e+00
4.562499999999999889e-02,8.125000000000000711e-04,3.325484778926417562e+02,1.500000000000000000e+01,0.000000000000000000e+00,0.000000000000000000e+00
4.687500000000000000e-02,8.125000000000000711e-04,3.325555783458543715e+02,1.500000000000000000e+01,0.000000000000000000e+00,0.000000000000000000e+00
4.812500000000000111e-02,8.125000000000000711e-04,3.325625152977622747e+02,1.500000000000000000e+01,0.000000000000000000e+00,0.000000000000000000e+00
4.937500000000000222e-02,8.125000000000000711e-04,3.325693001215782942e+02,1.500000000000000000e+01,0.000000000000000000e+00,0.000000000000000000e+00
5.062500000000000333e-02,8.125000000000000711e-04,3.325759430159867520e+02,1.500000000000000000e+01,0.000000000000000000e+00,0.000000000000000000e+00
5.187500000000000444e-02,8.125000000000000711e-04,3.325824531356370244e+02,1.500000000000000000e+01,0.000000000000000000e+00,0.000000000000000000e+00
5.312499999999999861e-02,8.125000000000000711e-04,3.325888387063025675e+02,1.500000000000000000e+01,0.000000000000000000e+00,0.000000000000000000e+00
5.437499999999999972e-02,8.125000000000000711e-04,3.325951071266940744e+02,1.500000000000000000e+01,0.000000000000000000e+00,0.000000000000000000e+00
5.562500000000000083e-02,8.125000000000000711e-04,3.326012650586039285e+02,1.500000000000000000e+01,0.000000000000000000e+00,0.000000000000000000e+00
5.687500000000000194e-02,8.125000000000000711e-04,3.326073185068490261e+02,1.500000000000000000e+01,0.000000000000000000e+00,0.000000000000000000e+00
5.812500000000000305e-02,8.125000000000000711e-04,3.326132728902344411e+02,1.500000000000000000e+01,0.000000000000000000e+00,0.000000000000000000e+00
5.937500000000000416e-02,8.125000000000000711e-04,3.326191331046024402e+02,1.500000000000000000e+01,0.000000000000000000e+00,0.000000000000000000e+00
6.062499999999999833e-02,8.125000000000000711e-04,3.326249035789207369e+02,1.500000000000000000e+01,0.000000000000000000e+00,0.000000000000000000e+00
6.187499999999999944e-02,8.125000000000000711e-04,3.326305883251739033e+02,1.500000000000000000e+01,0.000000000000000000e+00,0.000000000000000000e+00
6.312500000000000056e-02,8.125000000000000711e-04,3.326361909828071362e+02,1.500000000000000000e+01,0.000000000000000000e+00,0.000000000000000000e+00
6.437500000000000167e-02,8.125000000000000711e-04,3.326417148582998493e+02,1.500000000000000000e+01,0.000000000000000000e+00,0.000000000000000000e+00
6.562500000000000278e-02,8.125000000000000711e-04,3.326471629604621398e+02,1.500000000000000000e+01,0.000000000000000000e+00,0.000000000000000000e+00
6.687500000000000389e-02,8.125000000000000711e-04,3.326525380318751104e+02,1.500000000000000000e+01,0.000000000000000000e+00,0.000000000000000000e+00
6.812500000000000500e-02,8.125000000000000711e-04,3.326578425769456544e+02,1.500000000000000000e+01,0.000000000000000000e+00,0.000000000000000000e+00
6.937500000000000611e-02,8.125000000000000711e-04,3.326630788869286448e+02,1.500000000000000000e+01,0.000000000000000000e+00,0.000000000000000000e+00
7.062500000000000722e-02,8.125000000000000711e-04,3.326682490622536648e+02,1.500000000000000000e+01,0.000000000000000000e+00,0.000000000000000000e+00
7.187500000000000833e-02,8.125000000000000711e-04,3.326733550324418047e+02,1.500000000000000000e+01,0.000000000000000000e+00,0.000000000000000000e+00
7.312499999999999556e-02,8.125000000000000711e-04,3.326783985738992442e+02,1.500000000000000000e+01,0.000000000000000000e+00,0.000000000000000000e+00
7.437499999999999667e-02,8.125000000000000711e-04,3.326833813257792940e+02,1.500000000000000000e+01,0.000000000000000000e+00,0.000000000000000000e+00
7.562499999999999778e-02,8.125000000000000711e-04,3.326883048041660231e+02,1.500000000000000000e+01,0.000000000000000000e+00,0.000000000000000000e+00
7.687499999999999889e-02,8.125000000000000711e-04,3.326931704147113464e+02,1.500000000000000000e+01,0.000000000000000000e+00,0.000000000000000000e+00
7.812500000000000000e-02,8.125000000000000711e-04,3.326979794639585748e+02,1.500000000000000000e+01,0.000000000000000000e+00,0.000000000000000000e+00
7.937500000000000111e-02,8.125000000000000711e-04,3.327027331694168311e+02,1.500000000000000000e+01,0.000000000000000000e+00,0.000000000000000000e+00
8.062500000000000222e-02,8.125000000000000711e-04,3.327074326685819301e+02,1.500000000000000000e+01,0.000000000000000000e+00,0.000000000000000000e+00
8.187500000000000333e-02,8.125000000000000711e-04,3.327120790269892723e+02,1.500000000000000000e+01,0.000000000000000000e+00,0.000000000000000000e+00
8.312500000000000444e-02,8.125000000000000711e-04,3.327166732454091971e+02,1.500000000000000000e+01,0.000000000000000000e+00,0.000000000000000000e+00
8.437500000000000555e-02,8.125000000000000711e-04,3.327212162662679020e+02,1.500000000000000000e+01,0.000000000000000000e+00,0.000000000000000000e+00
8.562500000000000666e-02,8.125000000000000711e-04,3.327257089793998830e+02,1.500000000000000000e+01,0.000000000000000000e+00,0.000000000000000000e+00
8.687500000000000777e-02,8.125000000000000711e-04,3.327301522271656040e+02,1.500000000000000000e+01,0.000000000000000000e+00,0.000000000000000000e+00
8.812499999999999500e-02,8.125000000000000711e-04,3.327345468089988572e+02,1.500000000000000000e+01,0.000000000000000000e+00,0.000000000000000000e+00
8.937499999999999611e-02,8.125000000000000711e-04,3.327388934852406805e+02,1.500000000000000000e+01,0.000000000000000000e+00,0.000000000000000000e+00
9.062499999999999722e-02,8.125000000000000711e-04,3.327431929792780352e+02,1.500000000000000000e+01,0.000000000000000000e+00,0.000000000000000000e+00
9.187499999999999833e-02,8.125000000000000711e-04,3.327474459717631134e+02,1.500000000000000000e+01,0.000000000000000000e+00,0.000000000000000000e+00
9.312499999999999944e-02,8.125000000000000711e-04,3.327516530503715444e+02,1.500000000000000000e+01,0.000000000000000000e+00,0.000000000000000000e+00
9.437500000000000056e-02,8.125000000000000711e-04,3.327558143997665070e+02,1.500000000000000000e+01,0.000000000000000000e+00,0.000000000000000000e+00
9.562500000000000167e-02,8.125000000000000711e-04,3.327599279657482612e+02,1.500000000000000000e+01,0.000000000000000000e+00,0.000000000000000000e+00
9.687500000000000278e-02,8.125000000000000711e-04,3.327639786499067895e+02,1.500000000000000000e+01,0.000000000000000000e+00,0.000000000000000000e+00
9.812500000000000389e-02,8.125000000000000711e-04,3.327678749872935100e+02,1.500000000000000000e+01,0.000000000000000000e+00,0.000000000000000000e+00
9.937500000000000500e-02,8.125000000000000711e-04,3.327710903766754313e+02,1.500000000000000000e+01,0.000000000000000000e+00,0.000000000000000000e+00
6.250000000000000130e-04,9.374999999999999653e-04,3.299183982456927424e+02,1.500000000000000000e+01,0.000000000000000000e+00,0.000000000000000000e+00
1.874999999999999931e-03,9.374999999999999653e-04,3.308233128884785401e+02,1.500000000000000000e+01,0.000000000000000000e+00,0.000000000000000000e+00
3.125000000000000173e-03,9.374999999999999653e-04,3.312530579377330469e+02,1.500000000000000000e+01,0.000000000000000000e+00,0.000000000000000000e+00
4.375000000000000416e-03,9.374999999999999653e-04,3.314888023221186586e+02,1.500000000000000000e+01,0.000000000000000000e+00,0.000000000000000000e+00
5.624999999999999792e-03,9.374999999999999653e-04,3.316398211495638293e+02,1.500000000000000000e+01,0.000000000000000000e+00,0.000000000000000000e+00
6.875000000000000035e-03,9.374999999999999653e-04,3.317477933188611132e+02,1.500000000000000000e+01,0.000000000000000000e+00,0.000000000000000000e+00
8.125000000000000278e-03,9.374999999999999653e-04,3.318306428626254387e+02,1.500000000000000000e+01,0.000000000000000000e+00,0.000000000000000000e+00
9.374999999999999653e-03,9.374999999999999653e-04,3.318972339858340774e+02,1.500000000000000000e+01,0.000000000000000000e+00,0.000000000000000000e+00
1.062500000000000076e-02,9.374999999999999653e-04,3.319525120317991878e+02,1.500000000000000000e+01,0.000000000000000000e+00,0.000000000000000000e+00
1.187500000000000014e-02,9.374999999999999653e-04,3.319995014568892771e+02,1.500000000000000000e+01,0.000000000000000000e+00,0.000000000000000000e+00
1.312499999999999951e-02,9.374999999999999653e-04,3.320401818824440170e+02,1.500000000000000000e+01,0.000000000000000000e+00,0.000000000000000000e+00
1.437500000000000062e-02,9.374999999999999653e-04,3.320759169556938559e+02,1.500000000000000000e+01,0.000000000000000000e+00,0.000000000000000000e+00
1.562500000000000000e-02,9.374999999999999653e-04,3.321076841064567589e+02,1.500000000000000000e+01,0.000000000000000000e+00,0.000000000000000000e+00
1.687500000000000111e-02,9.374999999999999653e-04,3.321362066842877994e+02,1.500000000000000000e+01,0.000000000000000000e+00,0.000000000000000000e+00
1.812499999999999875e-02,9.374999999999999653e-04,3.321620343174458299e+02,1.500000000000000000e+01,0.000000000000000000e+00,0.000000000000000000e+00
1.937499999999999986e-02,9.374999999999999653e-04,3.321855940212804512e+02,1.500000000000000000e+01,0.000000000000000000e+00,0.000000000000000000e+00
2.062500000000000097e-02,9.374999999999999653e-04,3.322072239183744387e+02,1.500000000000000000e+01,0.000000000000000000e+00,0.000000000000000000e+00
2.187500000000000208e-02,9.374999999999999653e-04,3.322271961796834034e+02,1.500000000000000000e+01,0.000000000000000000e+00,0.000000000000000000e+00
2.312499999999999972e-02,9.374999999999999653e-04,3.322457330452713222e+02,1.500000000000000000e+01,0.000000000000000000e+00,0.000000000000000000e+00
2.437500000000000083e-02,9.374999999999999653e-04,3.322630182678354913e+02,1.500000000000000000e+01,0.000000000000000000e+00,0.000000000000000000e+00
2.562500000000000194e-02,9.374999999999999653e-04,3.322792054506219870e+02,1.500000000000000000e+01,0.000000000000000000e+00,0.000000000000000000e+00
2.687499999999999958e-02,9.374999999999999653e-04,3.322944242310874188e+02,1.500000000000000000e+01,0.000000000000000000e+00,0.000000000000000000e+00
2.812500000000000069e-02,9.374999999999999653e-04,3.323087849411272714e+02,1.500000000000000000e+01,0.000000000000000000e+00,0.000000000000000000e+00
2.937500000000000180e-02,9.374999999999999653e-04,3.323223821713495454e+02,1.500000000000000000e+01,0.000000000000000000e+00,0.000000000000000000e+00
3.062499999999999944e-02,9.374999999999999653e-04,3.323352975347926304e+02,1.500000000000000000e+01,0.000000000000000000e+00,0.000000000000000000e+00
3.187500000000000056e-02,9.374999999999999653e-04,3.323476018376575780e+02,1.500000000000000000e+01,0.000000000000000000e+00,0.000000000000000000e+00
3.312500000000000167e-02,9.374999999999999653e-04,3.323593568051283000e+02,1.500000000000000000e+01,0.000000000000000000e+00,0.000000000000000000e+00
3.437500000000000278e-02,9.374999999999999653e-04,3.323706164693119263e+02,1.500000000000000000e+01,0.000000000000000000e+00,0.000000000000000000e+00
3.562500000000000389e-02,9.374999999999999653e-04,3.323814282976323966e+02,1.500000000000000000e+01,0.000000000000000000e+00,0.000000000000000000e+00
3.687499999999999806e-02,9.374999999999999653e-04,3.323918341196096549e+02,1.500000000000000000e+01,0.000000000000000000e+00,0.000000000000000000e+00
3.812499999999999917e-02,9.374999999999999653e-04,3.324018708953458372e+02,1.500000000000000000e+01,0.000000000000000000e+00,0.000000000000000000e+00
3.937500000000000028e-02,9.374999999999999653e-04,3.324115713584000673e+02,1.500000000000000000e+01,0.000000000000000000e+00,0.000000000000000000e+00
4.062500000000000139e-02,9.374999999999999653e-04,3.324209645579830976e+02,1.500000000000000000e+01,0.000000000000000000e+00,0.000000000000000000e+00
4.187500000000000250e-02,9.374999999999999653e-04,3.324300763196052344e+02,1.500000000000000000e+01,0.000000000000000000e+00,0.000000000000000000e+00
4.312500000000000361e-02,9.374999999999999653e-04,3.324389296390820050e+02,1.500000000000000000e+01,0.000000000000000000e+00,0.000000000000000000e+00
4.437499999999999778e-02,9.374999999999999653e-04,3.324475450215369960e+02,1.500000000000000000e+01,0.000000000000000000e+00,0.000000000000000000e+00
4.562499999999999889e-02,9.374999999999999653e-04,3.324559407746278339e+02,1.500000000000000000e+01,0.000000000000000000e+00,0.000000000000000000e+00
4.687500000000000000e-02,9.374999999999999653e-04,3.324641332633433990e+02,1.500000000000000000e+01,0.000000000000000000e+00,0.000000000000000000e+00
4.812500000000000111e-02,9.374999999999999653e-04,3.324721371323319659e+02,1.500000000000000000e+01,0.000000000000000000e+00,0.000000000000000000e+00
4.937500000000000222e-02,9.374999999999999653e-04,3.324799655005392651e+02,1.500000000000000000e+01,0.000000000000000000e+00,0.000000000000000000e+00
5.062500000000000333e-02,9.374999999999999653e-04,3.324876301321633036e+02,1.500000000000000000e+01,0.000000000000000000e+00,0.000000000000000000e+00
5.187500000000000444e-02,9.374999999999999653e-04,3.324951415871593099e+02,1.500000000000000000e+01,0.000000000000000000e+00,0.000000000000000000e+00
5.312499999999999861e-02,9.374999999999999653e-04,3.325025093540625676e+02,1.500000000000000000e+01,0.000000000000000000e+00,0.000000000000000000e+00
5.437499999999999972e-02,9.374999999999999653e-04,3.325097419674185630e+02,1.500000000000000000e+01,0.000000000000000000e+00,0.000000000000000000e+00
5.562500000000000083e-02,9.374999999999999653e-04,3.325168471117581248e+02,1.500000000000000000e+01,0.000000000000000000e+00,0.000000000000000000e+00
5.687500000000000194e-02,9.374999999999999653e-04,3.325238317138050093e+02,1.500000000000000000e+01,0.000000000000000000e+00,0.000000000000000000e+00
5.812500000000000305e-02,9.374999999999999653e-04,3.325307020243281499e+02,1.500000000000000000e+01,0.000000000000000000e+00,0.000000000000000000e+00
5.937500000000000416e-02,9.374999999999999653e-04,3.325374636908666162e+02,1.500000000000000000e+01,0.000000000000000000e+00,0.000000000000000000e+00
6.062499999999999833e-02,9.374999999999999653e-04,3.325441218224233353e+02,1.500000000000000000e+01,0.000000000000000000e+00,0.000000000000000000e+00
6.187499999999999944e-02,9.374999999999999653e-04,3.325506810470146206e+02,1.500000000000000000e+01,0.000000000000000000e+00,0.000000000000000000e+00
6.312500000000000056e-02,9.374999999999999653e-04,3.325571455629342950e+02,1.500000000000000000e+01,0.000000000000000000e+00,0.000000000000000000e+00
6.437500000000000167e-02,9.374999999999999653e-04,3.325635191844011160e+02,1.500000000000000000e+01,0.000000000000000000e+00,0.000000000000000000e+00
6.562500000000000278e-02,9.374999999999999653e-04,3.325698053822715110e+02,1.500000000000000000e+01,0.000000000000000000e+00,0.000000000000000000e+00
6.687500000000000389e-02,9.374999999999999653e-04,3.325760073203067577e+02,1.500000000000000000e+01,0.000000000000000000e+00,0.000000000000000000e+00
6.812500000000000500e-02,9.374999999999999653e-04,3.325821278875334315e+02,1.500000000000000000e+01,0.000000000000000000e+00,0.000000000000000000e+00
6.937500000000000611e-02,9.374999999999999653e-04,3.325881697271058783e+02,1.500000000000000000e+01,0.000000000000000000e+00,0.000000000000000000e+00
7.062500000000000722e-02,9.374999999999999653e-04,3.325941352620599787e+02,1.500000000000000000e+01,0.000000000000000000e+00,0.000000000000000000e+00
7.187500000000000833e-02,9.374999999999999653e-04,3.326000267182877224e+02,1.500000000000000000e+01,0.000000000000000000e+00,0.000000000000000000e+00
7.312499999999999556e-02,9.374999999999999653e-04,3.326058461450606956e+02,1.500000000000000000e+01,0.000000000000000000e+00,0.000000000000000000e+00
7.437499999999999667e-02,9.374999999999999653e-04,3.326115954333279205e+02,1.500000000000000000e+01,0.000000000000000000e+00,0.000000000000000000e+00
7.562499999999999778e-02,9.374999999999999653e-04,3.326172763320764147e+02,1.500000000000000000e+01,0.000000000000000000e+00,0.000000000000000000e+00
7.687499999999999889e-02,9.374999999999999653e-04,3.326228904629086287e+02,1.500000000000000000e+01,0.000000000000000000e+00,0.000000000000000000e+00
7.812500000000000000e-02,9.374999999999999653e-04,3.326284393331016531e+02,1.500000000000000000e+01,0.000000000000000000e+00,0.000000000000000000e+00
7.937500000000000111e-02,9.374999999999999653e-04,3.326339243472315275e+02,1.500000000000000000e+01,0.000000000000000000e+00,0.000000000000000000e+00
8.062500000000000222e-02,9.374999999999999653e-04,3.326393468175764383e+02,1.500000000000000000e+01,0.000000000000000000e+00,0.000000000000000000e+00
8.187500000000000333e-02,9.374999999999999653e-04,3.326447079734065824e+02,1.500000000000000000e+01,0.000000000000000000e+00,0.000000000000000000e+00
8.312500000000000444e-02,9.374999999999999653e-04,3.326500089692836468e+02,1.500000000000000000e+01,0.000000000000000000e+00,0.000000000000000000e+00
8.437500000000000555e-02,9.374999999999999653e-04,3.326552508924683593e+02,1.500000000000000000e+01,0.000000000000000000e+00,0.000000000000000000e+00
8.562500000000000666e-02,9.374999999999999653e-04,3.326604347695543993e+02,1.500000000000000000e+01,0.000000000000000000e+00,0.000000000000000000e+00
8.687500000000000777e-02,9.374999999999999653e-04,3.326655615723738606e+02,1.500000000000000000e+01,0.000000000000000000e+00,0.000000000000000000e+00
8.812499999999999500e-02,9.374999999999999653e-04,3.326706322232479351e+02,1.500000000000000000e+01,0.000000000000000000e+00,0.000000000000000000e+00
8.937499999999999611e-02,9.374999999999999653e-04,3.326756475994405946e+02,1.500000000000000000e+01,0.000000000000000000e+00,0.000000000000000000e+00
9.062499999999999722e-02,9.374999999999999653e-04,3.326806085358099949e+02,1.500000000000000000e+01,0.000000000000000000e+00,0.000000000000000000e+00
9.187499999999999833e-02,9.374999999999999653e-04,3.326855158192305453e+02,1.500000000000000000e+01,0.000000000000000000e+00,0.000000000000000000e+00
9.312499999999999944e-02,9.374999999999999653e-04,3.326903701370360977e+02,1.500000000000000000e+01,0.000000000000000000e+00,0.000000000000000000e+00
9.437500000000000056e-02,9.374999999999999653e-04,3.326951717569710922e+02,1.500000000000000000e+01,0.000000000000000000e+00,0.000000000000000000e+00
9.562500000000000167e-02,9.374999999999999653e-04,3.326999186293823527e+02,1.500000000000000000e+01,0.000000000000000000e+00,0.000000000000000000e+00
9.687500000000000278e-02,9.374999999999999653e-04,3.327045951855671433e+02,1.500000000000000000e+01,0.000000000000000000e+00,0.000000000000000000e+00
9.812500000000000389e-02,9.374999999999999653e-04,3.327091059130260078e+02,1.500000000000000000e+01,0.000000000000000000e+00,0.000000000000000000e+00
9.937500000000000500e-02,9.374999999999999653e-04,3.327128817568370209e+02,1.500000000000000000e+01,0.000000000000000000e+00,0.000000000000000000e+00
6.250000000000000130e-04,1.062500000000000076e-03,3.239761403128882193e+02,5.999999999999999778e-01,3.701968134957826632e-04,1.000000000000000000e+00
1.874999999999999931e-03,1.062500000000000076e-03,3.269599952834771557e+02,5.999999999999999778e-01,3.701968134957826632e-04,1.000000000000000000e+00
3.125000000000000173e-03,1.062500000000000076e-03,3.280422974006056620e+02,5.999999999999999778e-01,3.701968134957826632e-04,1.000000000000000000e+00
4.375000000000000416e-03,1.062500000000000076e-03,3.286434716800436604e+02,5.999999999999999778e-01,3.701968134957826632e-04,1.000000000000000000e+00
5.624999999999999792e-03,1.062500000000000076e-03,3.290393901005641055e+02,5.999999999999999778e-01,3.701968134957826632e-04,1.000000000000000000e+00
6.875000000000000035e-03,1.062500000000000076e-03,3.293272866710619837e+02,5.999999999999999778e-01,3.701968134957826632e-04,1.000000000000000000e+00
8.125000000000000278e-03,1.062500000000000076e-03,3.295501938316828046e+02,5.999999999999999778e-01,3.701968134957826632e-04,1.000000000000000000e+00
9.374999999999999653e-03,1.062500000000000076e-03,3.297302413560593095e+02,5.999999999999999778e-01,3.701968134957826632e-04,1.000000000000000000e+00
1.062500000000000076e-02,1.062500000000000076e-03,3.298801354884818693e+02,5.999999999999999778e-01,3.701968134957826632e-04,1.000000000000000000e+00
1.187500000000000014e-02,1.062500000000000076e-03,3.300077901947859118e+02,5.999999999999999778e-01,3.701968134957826632e-04,1.000000000000000000e+00
1.312499999999999951e-02,1.062500000000000076e-03,3.301184447880399375e+02,5.999999999999999778e-01,3.701968134957826632e-04,1.000000000000000000e+00
1.437500000000000062e-02,1.062500000000000076e-03,3.302157350276303305e+02,5.999999999999999778e-01,3.701968134957826632e-04,1.000000000000000000e+00
1.562500000000000000e-02,1.062500000000000076e-03,3.303022800708204159e+02,5.999999999999999778e-01,3.701968134957826632e-04,1.000000000000000000e+00
1.687500000000000111e-02,1.062500000000000076e-03,3.303800252236754318e+02,5.999999999999999778e-01,3.701968134957826632e-04,1.000000000000000000e+00
1.812499999999999875e-02,1.062500000000000076e-03,3.304504525784494149e+02,5.999999999999999778e-01,3.701968134957826632e-04,1.000000000000000000e+00
1.937499999999999986e-02,1.062500000000000076e-03,3.305147159816874591e+02,5.999999999999999778e-01,3.701968134957826632e-04,1.000000000000000000e+00
2.062500000000000097e-02,1.062500000000000076e-03,3.305737305749830739e+02,5.999999999999999778e-01,3.701968134957826632e-04,1.000000000000000000e+00
2.187500000000000208e-02,1.062500000000000076e-03,3.306282339695569590e+02,5.999999999999999778e-01,3.701968134957826632e-04,1.000000000000000000e+00
2.312499999999999972e-02,1.062500000000000076e-03,3.306788291077724580e+02,5.999999999999999778e-01,3.701968134957826632e-04,1.000000000000000000e+00
2.437500000000000083e-02,1.062500000000000076e-03,3.307260149596647807e+02,5.999999999999999778e-01,3.701968134957826632e-04,1.000000000000000000e+00
2.562500000000000194e-02,1.062500000000000076e-03,3.307702089370082490e+02,5.999999999999999778e-01,3.701968134957826632e-04,1.000000000000000000e+00
2.687499999999999958e-02,1.062500000000000076e-03,3.308117635460997121e+02,5.999999999999999778e-01,3.701968134957826632e-04,1.000000000000000000e+00
2.812500000000000069e-02,1.062500000000000076e-03,3.308509789568706765e+02,5.999999999999999778e-01,3.701968134957826632e-04,1.000000000000000000e+00
2.937500000000000180e-02,1.062500000000000076e-03,3.308881126286552785e+02,5.999999999999999778e-01,3.701968134957826632e-04,1.000000000000000000e+00
3.062499999999999944e-02,1.062500000000000076e-03,3.309233867824569870e+02,5.999999999999999778e-01,3.701968134957826632e-04,1.000000000000000000e+00
3.187500000000000056e-02,1.062500000000000076e-03,3.309569942758897696e+02,5.999999999999999778e-01,3.701968134957826632e-04,1.000000000000000000e+00
3.312500000000000167e-02,1.062500000000000076e-03,3.309891032782084608e+02,5.999999999999999778e-01,3.701968134957826632e-04,1.000000000000000000e+00
3.437500000000000278e-02,1.062500000000000076e-03,3.310198610331477767e+02,5.999999999999999778e-01,3.701968134957826632e-04,1.000000000000000000e+00
3.562500000000000389e-02,1.062500000000000076e-03,3.310493969203565712e+02,5.999999999999999778e-01,3.701968134957826632e-04,1.000000000000000000e+00
3.687499999999999806e-02,1.062500000000000076e-03,3.310778249715369839e+02,5.999999999999999778e-01,3.701968134957826632e-04,1.000000000000000000e+00
3.812499999999999917e-02,1.062500000000000076e-03,3.311052459580881191e+02,5.999999999999999778e-01,3.701968134957826632e-04,1.000000000000000000e+00
3.937500000000000028e-02,1.062500000000000076e-03,3.311317491384943423e+02,5.999999999999999778e-01,3.701968134957826632e-04,1.000000000000000000e+00
4.062500000000000139e-02,1.062500000000000076e-03,3.311574137327618246e+02,5.999999999999999778e-01,3.701968134957826632e-04,1.000000000000000000e+00
4.187500000000000250e-02,1.062500000000000076e-03,3.311823101756820620e+02,5.999999999999999778e-01,3.701968134957826632e-04,1.000000000000000000e+00
4.312500000000000361e-02,1.062500000000000076e-03,3.312065011891833706e+02,5.999999999999999778e-01,3.701968134957826632e-04,1.000000000000000000e+00
4.437499999999999778e-02,1.062500000000000076e-03,3.312300427053120870e+02,5.999999999999999778e-01,3.701968134957826632e-04,1.000000000000000000e+00
4.562499999999999889e-02,1.062500000000000076e-03,3.312529846648149032e+02,5.999999999999999778e-01,3.701968134957826632e-04,1.000000000000000000e+00
4.687500000000000000e-02,1.062500000000000076e-03,3.312753717112651657e+02,5.999999999999999778e-01,3.701968134957826632e-04,1.000000000000000000e+00
4.812500000000000111e-02,1.062500000000000076e-03,3.312972437968381882e+02,5.999999999999999778e-01,3.701968134957826632e-04,1.000000000000000000e+00
4.937500000000000222e-02,1.062500000000000076e-03,3.313186367127898393e+02,5.999999999999999778e-01,3.701968134957826632e-04,1.000000000000000000e+00
5.062500000000000333e-02,1.062500000000000076e-03,3.313395825554209750e+02,5.999999999999999778e-01,3.701968134957826632e-04,1.000000000000000000e+00
5.187500000000000444e-02,1.062500000000000076e-03,3.313601101364010901e+02,5.999999999999999778e-01,3.701968134957826632e-04,1.000000000000000000e+00
5.312499999999999861e-02,1.062500000000000076e-03,3.313802453449041536e+02,5.999999999999999778e-01,3.701968134957826632e-04,1.000000000000000000e+00
5.437499999999999972e-02,1.062500000000000076e-03,3.314000114678098612e+02,5.999999999999999778e-01,3.701968134957826632e-04,1.000000000000000000e+00
5.562500000000000083e-02,1.062500000000000076e-03,3.314194294732616868e+02,5.999999999999999778e-01,3.701968134957826632e-04,1.000000000000000000e+00
5.687500000000000194e-02,1.062500000000000076e-03,3.314385182621323338e+02,5.999999999999999778e-01,3.701968134957826632e-04,1.000000000000000000e+00
5.812500000000000305e-02,1.062500000000000076e-03,3.314572948912644961e+02,5.999999999999999778e-01,3.701968134957826632e-04,1.000000000000000000e+00
5.937500000000000416e-02,1.062500000000000076e-03,3.314757747718489327e+02,5.999999999999999778e-01,3.701968134957826632e-04,1.000000000000000000e+00
6.062499999999999833e-02,1.062500000000000076e-03,3.314939718458623474e+02,5.999999999999999778e-01,3.701968134957826632e-04,1.000000000000000000e+00
6.187499999999999944e-02,1.062500000000000076e-03,3.315118987430737434e+02,5.999999999999999778e-01,3.701968134957826632e-04,1.000000000000000000e+00
6.312500000000000056e-02,1.062500000000000076e-03,3.315295669208657614e+02,5.999999999999999778e-01,3.701968134957826632e-04,1.000000000000000000e+00
6.437500000000000167e-02,1.062500000000000076e-03,3.315469867887855457e+02,5.999999999999999778e-01,3.701968134957826632e-04,1.000000000000000000e+00
6.562500000000000278e-02,1.062500000000000076e-03,3.315641678195726740e+02,5.999999999999999778e-01,3.701968134957826632e-04,1.000000000000000000e+00
6.687500000000000389e-02,1.062500000000000076e-03,3.315811186481248569e+02,5.999999999999999778e-01,3.701968134957826632e-04,1.000000000000000000e+00
6.812500000000000500e-02,1.062500000000000076e-03,3.315978471597707085e+02,5.999999999999999778e-01,3.701968134957826632e-04,1.000000000000000000e+00
6.937500000000000611e-02,1.062500000000000076e-03,3.316143605690114100e+02,5.999999999999999778e-01,3.701968134957826632e-04,1.000000000000000000e+00
7.062500000000000722e-02,1.062500000000000076e-03,3.316306654897759927e+02,5.999999999999999778e-01,3.701968134957826632e-04,1.000000000000000000e+00
7.187500000000000833e-02,1.062500000000000076e-03,3.316467679981140577e+02,5.999999999999999778e-01,3.701968134957826632e-04,1.000000000000000000e+00
7.312499999999999556e-02,1.062500000000000076e-03,3.316626736881643183e+02,5.999999999999999778e-01,3.701968134957826632e-04,1.000000000000000000e+00
7.437499999999999667e-02,1.062500000000000076e-03,3.316783877221008652e+02,5.999999999999999778e-01,3.701968134957826632e-04,1.000000000000000000e+00
7.562499999999999778e-02,1.062500000000000076e-03,3.316939148747410968e+02,5.999999999999999778e-01,3.701968134957826632e-04,1.000000000000000000e+00
7.687499999999999889e-02,1.062500000000000076e-03,3.317092595733558369e+02,5.999999999999999778e-01,3.701968134957826632e-04,1.000000000000000000e+00
7.812500000000000000e-02,1.062500000000000076e-03,3.317244259332507568e+02,5.999999999999999778e-01,3.701968134957826632e-04,1.000000000000000000e+00
7.937500000000000111e-02,1.062500000000000076e-03,3.317394177895144480e+02,5.999999999999999778e-01,3.701968134957826632e-04,1.000000000000000000e+00
8.062500000000000222e-02,1.062500000000000076e-03,3.317542387253915308e+02,5.999999999999999778e-01,3.701968134957826632e-04,1.000000000000000000e+00
8.187500000000000333e-02,1.062500000000000076e-03,3.317688920976257236e+02,5.999999999999999778e-01,3.701968134957826632e-04,1.000000000000000000e+00
8.312500000000000444e-02,1.062500000000000076e-03,3.317833810591014299e+02,5.999999999999999778e-01,3.701968134957826632e-04,1.000000000000000000e+00
8.437500000000000555e-02,1.062500000000000076e-03,3.317977085790669776e+02,5.999999999999999778e-01,3.701968134957826632e-04,1.000000000000000000e+00
8.562500000000000666e-02,1.062500000000000076e-03,3.318118774612174207e+02,5.999999999999999778e-01,3.701968134957826632e-04,1.000000000000000000e+00
8.687500000000000777e-02,1.062500000000000076e-03,3.318258903598357392e+02,5.999999999999999778e-01,3.701968134957826632e-04,1.000000000000000000e+00
8.812499999999999500e-02,1.062500000000000076e-03,3.318397497941946312e+02,5.999999999999999778e-01,3.701968134957826632e-04,1.000000000000000000e+00
8.937499999999999611e-02,1.062500000000000076e-03,3.318534581612168495e+02,5.999999999999999778e-01,3.701968134957826632e-04,1.000000000000000000e+00
9.062499999999999722e-02,1.062500000000000076e-03,3.318670177456084502e+02,5.999999999999999778e-01,3.701968134957826632e-04,1.000000000000000000e+00
9.187499999999999833e-02,1.062500000000000076e-03,3.318804307218376266e+02,5.999999999999999778e-01,3.701968134957826632e-04,1.000000000000000000e+00
9.312499999999999944e-02,1.062500000000000076e-03,3.318936991143987143e+02,5.999999999999999778e-01,3.701968134957826632e-04,1.000000000000000000e+00
9.437500000000000056e-02,1.062500000000000076e-03,3.319068245178081611e+02,5.999999999999999778e-01,3.701968134957826632e-04,1.000000000000000000e+00
9.562500000000000167e-02,1.062500000000000076e-03,3.319198063977362381e+02,5.999999999999999778e-01,3.701968134957826632e-04,1.000000000000000000e+00
9.687500000000000278e-02,1.062500000000000076e-03,3.319326317068863546e+02,5.999999999999999778e-01,3.701968134957826632e-04,1.000000000000000000e+00
9.812500000000000389e-02,1.062500000000000076e-03,3.319452034824228122e+02,5.999999999999999778e-01,3.701968134957826632e-04,1.000000000000000000e+00
9.937500000000000500e-02,1.062500000000000076e-03,3.319566605586333594e+02,5.999999999999999778e-01,3.701968134957826632e-04,1.000000000000000000e+00
6.250000000000000130e-04,1.187499999999999971e-03,3.141291777318458571e+02,5.999999999999999778e-01,1.082474226804123812e-03,1.000000000000000000e+00
1.874999999999999931e-03,1.187499999999999971e-03,3.196457473138282239e+02,5.999999999999999778e-01,1.082474226804123812e-03,1.000000000000000000e+00
3.125000000000000173e-03,1.187499999999999971e-03,3.219074604104048376e+02,5.999999999999999778e-01,1.082474226804123812e-03,1.000000000000000000e+00
4.375000000000000416e-03,1.187499999999999971e-03,3.231931151822286097e+02,5.999999999999999778e-01,1.082474226804123812e-03,1.000000000000000000e+00
5.624999999999999792e-03,1.187499999999999971e-03,3.240524049858363469e+02,5.999999999999999778e-01,1.082474226804123812e-03,1.000000000000000000e+00
6.875000000000000035e-03,1.187499999999999971e-03,3.246823972903488880e+02,5.999999999999999778e-01,1.082474226804123812e-03,1.000000000000000000e+00
8.125000000000000278e-03,1.187499999999999971e-03,3.251723295973023369e+02,5.999999999999999778e-01,1.082474226804123812e-03,1.000000000000000000e+00
9.374999999999999653e-03,1.187499999999999971e-03,3.255690537383222818e+02,5.999999999999999778e-01,1.082474226804123812e-03,1.000000000000000000e+00
1.062500000000000076e-02,1.187499999999999971e-03,3.258998506592838567e+02,5.999999999999999778e-01,1.082474226804123812e-03,1.000000000000000000e+00
1.187500000000000014e-02,1.187499999999999971e-03,3.261818615592454194e+02,5.999999999999999778e-01,1.082474226804123812e-03,1.000000000000000000e+00
1.312499999999999951e-02,1.187499999999999971e-03,3.264264974528427956e+02,5.999999999999999778e-01,1.082474226804123812e-03,1.000000000000000000e+00
1.437500000000000062e-02,1.187499999999999971e-03,3.266417059810800083e+02,5.999999999999999778e-01,1.082474226804123812e-03,1.000000000000000000e+00
1.562500000000000000e-02,1.187499999999999971e-03,3.268332272686848228e+02,5.999999999999999778e-01,1.082474226804123812e-03,1.000000000000000000e+00
1.687500000000000111e-02,1.187499999999999971e-03,3.270053327081175212e+02,5.999999999999999778e-01,1.082474226804123812e-03,1.000000000000000000e+00
1.812499999999999875e-02,1.187499999999999971e-03,3.271612813088679559e+02,5.999999999999999778e-01,1.082474226804123812e-03,1.000000000000000000e+00
1.937499999999999986e-02,1.187499999999999971e-03,3.273036131923964263e+02,5.999999999999999778e-01,1.082474226804123812e-03,1.000000000000000000e+00
2.062500000000000097e-02,1.187499999999999971e-03,3.274343448451312497e+02,5.999999999999999778e-01,1.082474226804123812e-03,1.000000000000000000e+00
2.187500000000000208e-02,1.187499999999999971e-03,3.275551028038902928e+02,5.999999999999999778e-01,1.082474226804123812e-03,1.000000000000000000e+00
2.312499999999999972e-02,1.187499999999999971e-03,3.276672174824286685e+02,5.999999999999999778e-01,1.082474226804123812e-03,1.000000000000000000e+00
2.437500000000000083e-02,1.187499999999999971e-03,3.277717904619702836e+02,5.999999999999999778e-01,1.082474226804123812e-03,1.000000000000000000e+00
2.562500000000000194e-02,1.187499999999999971e-03,3.278697436825832483e+02,5.999999999999999778e-01,1.082474226804123812e-03,1.000000000000000000e+00
2.687499999999999958e-02,1.187499999999999971e-03,3.279618560263751306e+02,5.999999999999999778e-01,1.082474226804123812e-03,1.000000000000000000e+00
2.812500000000000069e-02,1.187499999999999971e-03,3.280487909529479111e+02,5.999999999999999778e-01,1.082474226804123812e-03,1.000000000000000000e+00
2.937500000000000180e-02,1.187499999999999971e-03,3.281311176790976560e+02,5.999999999999999778e-01,1.082474226804123812e-03,1.000000000000000000e+00
3.062499999999999944e-02,1.187499999999999971e-03,3.282093276310004057e+02,5.999999999999999778e-01,1.082474226804123812e-03,1.000000000000000000e+00
3.187500000000000056e-02,1.187499999999999971e-03,3.282838473871582892e+02,5.999999999999999778e-01,1.082474226804123812e-03,1.000000000000000000e+00
3.312500000000000167e-02,1.187499999999999971e-03,3.283550489834323116e+02,5.999999999999999778e-01,1.082474226804123812e-03,1.000000000000000000e+00
3.437500000000000278e-02,1.187499999999999971e-03,3.284232582114748311e+02,5.999999999999999778e-01,1.082474226804123812e-03,1.000000000000000000e+00
3.562500000000000389e-02,1.187499999999999971e-03,3.284887613733831131e+02,5.999999999999999778e-01,1.082474226804123812e-03,1.000000000000000000e+00
3.687499999999999806e-02,1.187499999999999971e-03,3.285518108355450408e+02,5.999999999999999778e-01,1.082474226804123812e-03,1.000000000000000000e+00
3.812499999999999917e-02,1.187499999999999971e-03,3.286126296384337593e+02,5.999999999999999778e-01,1.082474226804123812e-03,1.000000000000000000e+00
3.937500000000000028e-02,1.187499999999999971e-03,3.286714153564153094e+02,5.999999999999999778e-01,1.082474226804123812e-03,1.000000000000000000e+00
4.062500000000000139e-02,1.187499999999999971e-03,3.287283433556421528e+02,5.999999999999999778e-01,1.082474226804123812e-03,1.000000000000000000e+00
4.187500000000000250e-02,1.187499999999999971e-03,3.287835695640431481e+02,5.999999999999999778e-01,1.082474226804123812e-03,1.000000000000000000e+00
4.312500000000000361e-02,1.187499999999999971e-03,3.288372328420418285e+02,5.999999999999999778e-01,1.082474226804123812e-03,1.000000000000000000e+00
4.437499999999999778e-02,1.187499999999999971e-03,3.288894570235034394e+02,5.999999999999999778e-01,1.082474226804123812e-03,1.000000000000000000e+00
4.562499999999999889e-02,1.187499999999999971e-03,3.289403526819496051e+02,5.999999999999999778e-01,1.082474226804123812e-03,1.000000000000000000e+00
4.687500000000000000e-02,1.187499999999999971e-03,3.289900186660192958e+02,5.999999999999999778e-01,1.082474226804123812e-03,1.000000000000000000e+00
4.812500000000000111e-02,1.187499999999999971e-03,3.290385434396633855e+02,5.999999999999999778e-01,1.082474226804123812e-03,1.000000000000000000e+00
4.937500000000000222e-02,1.187499999999999971e-03,3.290860062559334551e+02,5.999999999999999778e-01,1.082474226804123812e-03,1.000000000000000000e+00
5.062500000000000333e-02,1.187499999999999971e-03,3.291324781881087347e+02,5.999999999999999778e-01,1.082474226804123812e-03,1.000000000000000000e+00
5.187500000000000444e-02,1.187499999999999971e-03,3.291780230377975727e+02,5.999999999999999778e-01,1.082474226804123812e-03,1.000000000000000000e+00
5.312499999999999861e-02,1.187499999999999971e-03,3.292226981364460698e+02,5.999999999999999778e-01,1.082474226804123812e-03,1.000000000000000000e+00
5.437499999999999972e-02,1.187499999999999971e-03,3.292665550540789354e+02,5.999999999999999778e-01,1.082474226804123812e-03,1.000000000000000000e+00
5.562500000000000083e-02,1.187499999999999971e-03,3.293096402269836744e+02,5.999999999999999778e-01,1.082474226804123812e-03,1.000000000000000000e+00
5.687500000000000194e-02,1.187499999999999971e-03,3.293519955143636366e+02,5.999999999999999778e-01,1.082474226804123812e-03,1.000000000000000000e+00
5.812500000000000305e-02,1.187499999999999971e-03,3.293936586925427150e+02,5.999999999999999778e-01,1.082474226804123812e-03,1.000000000000000000e+00
5.937500000000000416e-02,1.187499999999999971e-03,3.294346638941473202e+02,5.999999999999999778e-01,1.082474226804123812e-03,1.000000000000000000e+00
6.062499999999999833e-02,1.187499999999999971e-03,3.294750419987079795e+02,5.999999999999999778e-01,1.082474226804123812e-03,1.000000000000000000e+00
6.187499999999999944e-02,1.187499999999999971e-03,3.295148209802778183e+02,5.999999999999999778e-01,1.082474226804123812e-03,1.000000000000000000e+00
6.312500000000000056e-02,1.187499999999999971e-03,3.295540262169857897e+02,5.999999999999999778e-01,1.082474226804123812e-03,1.000000000000000000e+00
6.437500000000000167e-02,1.187499999999999971e-03,3.295926807668116112e+02,5.999999999999999778e-01,1.082474226804123812e-03,1.000000000000000000e+00
6.562500000000000278e-02,1.187499999999999971e-03,3.296308056133877926e+02,5.999999999999999778e-01,1.082474226804123812e-03,1.000000000000000000e+00
6.687500000000000389e-02,1.187499999999999971e-03,3.296684198851348810e+02,5.999999999999999778e-01,1.082474226804123812e-03,1.000000000000000000e+00
6.812500000000000500e-02,1.187499999999999971e-03,3.297055410507034026e+02,5.999999999999999778e-01,1.082474226804123812e-03,1.000000000000000000e+00
6.937500000000000611e-02,1.187499999999999971e-03,3.297421850933166638e+02,5.999999999999999778e-01,1.082474226804123812e-03,1.000000000000000000e+00
7.062500000000000722e-02,1.187499999999999971e-03,3.297783666663261783e+02,5.999999999999999778e-01,1.082474226804123812e-03,1.000000000000000000e+00
7.187500000000000833e-02,1.187499999999999971e-03,3.298140992320302303e+02,5.999999999999999778e-01,1.082474226804123812e-03,1.000000000000000000e+00
7.312499999999999556e-02,1.187499999999999971e-03,3.298493951855853084e+02,5.999999999999999778e-01,1.082474226804123812e-03,1.000000000000000000e+00
7.437499999999999667e-02,1.187499999999999971e-03,3.298842659656095293e+02,5.999999999999999778e-01,1.082474226804123812e-03,1.000000000000000000e+00
7.562499999999999778e-02,1.187499999999999971e-03,3.299187221529409726e+02,5.999999999999999778e-01,1.082474226804123812e-03,1.000000000000000000e+00
7.687499999999999889e-02,1.187499999999999971e-03,3.299527735588059159e+02,5.999999999999999778e-01,1.082474226804123812e-03,1.000000000000000000e+00
7.812500000000000000e-02,1.187499999999999971e-03,3.299864293035749370e+02,5.999999999999999778e-01,1.082474226804123812e-03,1.000000000000000000e+00
7.937500000000000111e-02,1.187499999999999971e-03,3.300196978870817475e+02,5.999999999999999778e-01,1.082474226804123812e-03,1.000000000000000000e+00
8.062500000000000222e-02,1.187499999999999971e-03,3.300525872514418779e+02,5.999999999999999778e-01,1.082474226804123812e-03,1.000000000000000000e+00
8.187500000000000333e-02,1.187499999999999971e-03,3.300851048371659431e+02,5.999999999999999778e-01,1.082474226804123812e-03,1.000000000000000000e+00
8.312500000000000444e-02,1.187499999999999971e-03,3.301172576332925246e+02,5.999999999999999778e-01,1.082474226804123812e-03,1.000000000000000000e+00
8.437500000000000555e-02,1.187499999999999971e-03,3.301490522221758965e+02,5.999999999999999778e-01,1.082474226804123812e-03,1.000000000000000000e+00
8.562500000000000666e-02,1.187499999999999971e-03,3.301804948195151042e+02,5.999999999999999778e-01,1.082474226804123812e-03,1.000000000000000000e+00
8.687500000000000777e-02,1.187499999999999971e-03,3.302115913101146703e+02,5.999999999999999778e-01,1.082474226804123812e-03,1.000000000000000000e+00
8.812499999999999500e-02,1.187499999999999971e-03,3.302423472798292323e+02,5.999999999999999778e-01,1.082474226804123812e-03,1.000000000000000000e+00
8.937499999999999611e-02,1.187499999999999971e-03,3.302727680439568303e+02,5.999999999999999778e-01,1.082474226804123812e-03,1.000000000000000000e+00
9.062499999999999722e-02,1.187499999999999971e-03,3.303028586717343842e+02,5.999999999999999778e-01,1.082474226804123812e-03,1.000000000000000000e+00
9.187499999999999833e-02,1.187499999999999971e-03,3.303326240029237510e+02,5.999999999999999778e-01,1.082474226804123812e-03,1.000000000000000000e+00
9.312499999999999944e-02,1.187499999999999971e-03,3.303620686314469594e+02,5.999999999999999778e-01,1.082474226804123812e-03,1.000000000000000000e+00
9.437500000000000056e-02,1.187499999999999971e-03,3.303911967064317423e+02,5.999999999999999778e-01,1.082474226804123812e-03,1.000000000000000000e+00
9.562500000000000167e-02,1.187499999999999971e-03,3.304200106428434651e+02,5.999999999999999778e-01,1.082474226804123812e-03,1.000000000000000000e+00
9.687500000000000278e-02,1.187499999999999971e-03,3.304485025528770734e+02,5.999999999999999778e-01,1.082474226804123812e-03,1.000000000000000000e+00
9.812500000000000389e-02,1.187499999999999971e-03,3.304765767821950817e+02,5.999999999999999778e-01,1.082474226804123812e-03,1.000000000000000000e+00
9.937500000000000500e-02,1.187499999999999971e-03,3.305028729472963960e+02,5.999999999999999778e-01,1.082474226804123812e-03,1.000000000000000000e+00
6.250000000000000130e-04,1.312500000000000082e-03,3.066242449311214955e+02,5.999999999999999778e-01,1.757263355201499734e-03,1.000000000000000000e+00
1.874999999999999931e-03,1.312500000000000082e-03,3.128840698999123333e+02,5.999999999999999778e-01,1.757263355201499734e-03,1.000000000000000000e+00
3.125000000000000173e-03,1.312500000000000082e-03,3.159955854377486730e+02,5.999999999999999778e-01,1.757263355201499734e-03,1.000000000000000000e+00
4.375000000000000416e-03,1.312500000000000082e-03,3.178682151775994384e+02,5.999999999999999778e-01,1.757263355201499734e-03,1.000000000000000000e+00
5.624999999999999792e-03,1.312500000000000082e-03,3.191487141980762772e+02,5.999999999999999778e-01,1.757263355201499734e-03,1.000000000000000000e+00
6.875000000000000035e-03,1.312500000000000082e-03,3.200982950264608462e+02,5.999999999999999778e-01,1.757263355201499734e-03,1.000000000000000000e+00
8.125000000000000278e-03,1.312500000000000082e-03,3.208415811407845695e+02,5.999999999999999778e-01,1.757263355201499734e-03,1.000000000000000000e+00
9.374999999999999653e-03,1.312500000000000082e-03,3.214459227779865955e+02,5.999999999999999778e-01,1.757263355201499734e-03,1.000000000000000000e+00
1.062500000000000076e-02,1.312500000000000082e-03,3.219512364155130513e+02,5.999999999999999778e-01,1.757263355201499734e-03,1.000000000000000000e+00
1.187500000000000014e-02,1.312500000000000082e-03,3.223828905620832188e+02,5.999999999999999778e-01,1.757263355201499734e-03,1.000000000000000000e+00
1.312499999999999951e-02,1.312500000000000082e-03,3.227579051073001324e+02,5.999999999999999778e-01,1.757263355201499734e-03,1.000000000000000000e+00
1.437500000000000062e-02,1.312500000000000082e-03,3.230882005386893070e+02,5.999999999999999778e-01,1.757263355201499734e-03,1.000000000000000000e+00
1.562500000000000000e-02,1.312500000000000082e-03,3.233824224680572570e+02,5.999999999999999778e-01,1.757263355201499734e-03,1.000000000000000000e+00
1.687500000000000111e-02,1.312500000000000082e-03,3.236470253600373326e+02,5.999999999999999778e-01,1.757263355201499734e-03,1.000000000000000000e+00
1.812499999999999875e-02,1.312500000000000082e-03,3.238869467736559500e+02,5.999999999999999778e-01,1.757263355201499734e-03,1.000000000000000000e+00
1.937499999999999986e-02,1.312500000000000082e-03,3.241060433864443553e+02,5.999999999999999778e-01,1.757263355201499734e-03,1.000000000000000000e+00
2.062500000000000097e-02,1.312500000000000082e-03,3.243073823321129225e+02,5.999999999999999778e-01,1.757263355201499734e-03,1.000000000000000000e+00
2.187500000000000208e-02,1.312500000000000082e-03,3.244934413760301481e+02,5.999999999999999778e-01,1.757263355201499734e-03,1.000000000000000000e+00
2.312499999999999972e-02,1.312500000000000082e-03,3.246662498162593238e+02,5.999999999999999778e-01,1.757263355201499734e-03,1.000000000000000000e+00
2.437500000000000083e-02,1.312500000000000082e-03,3.248274897822950038e+02,5.999999999999999778e-01,1.757263355201499734e-03,1.000000000000000000e+00
2.562500000000000194e-02,1.312500000000000082e-03,3.249785704427097244e+02,5.999999999999999778e-01,1.757263355201499734e-03,1.000000000000000000e+00
2.687499999999999958e-02,1.312500000000000082e-03,3.251206832936429123e+02,5.999999999999999778e-01,1.757263355201499734e-03,1.000000000000000000e+00
2.812500000000000069e-02,1.312500000000000082e-03,3.252548439922132957e+02,5.999999999999999778e-01,1.757263355201499734e-03,1.000000000000000000e+00
2.937500000000000180e-02,1.312500000000000082e-03,3.253819244643157731e+02,5.999999999999999778e-01,1.757263355201499734e-03,1.000000000000000000e+00
3.062499999999999944e-02,1.312500000000000082e-03,3.255026778789004425e+02,5.999999999999999778e-01,1.757263355201499734e-03,1.000000000000000000e+00
3.187500000000000056e-02,1.312500000000000082e-03,3.256177583194109957e+02,5.999999999999999778e-01,1.757263355201499734e-03,1.000000000000000000e+00
3.312500000000000167e-02,1.312500000000000082e-03,3.257277364638426889e+02,5.999999999999999778e-01,1.757263355201499734e-03,1.000000000000000000e+00
3.437500000000000278e-02,1.312500000000000082e-03,3.258331122249882696e+02,5.999999999999999778e-01,1.757263355201499734e-03,1.000000000000000000e+00
3.562500000000000389e-02,1.312500000000000082e-03,3.259343250493525375e+02,5.999999999999999778e-01,1.757263355201499734e-03,1.000000000000000000e+00
3.687499999999999806e-02,1.312500000000000082e-03,3.260317623929462343e+02,5.999999999999999778e-01,1.757263355201499734e-03,1.000000000000000000e+00
3.812499999999999917e-02,1.312500000000000082e-03,3.261257667622976442e+02,5.999999999999999778e-01,1.757263355201499734e-03,1.000000000000000000e+00
3.937500000000000028e-02,1.312500000000000082e-03,3.262166416145012136e+02,5.999999999999999778e-01,1.757263355201499734e-03,1.000000000000000000e+00
4.062500000000000139e-02,1.312500000000000082e-03,3.263046563406875293e+02,5.999999999999999778e-01,1.757263355201499734e-03,1.000000000000000000e+00
4.187500000000000250e-02,1.312500000000000082e-03,3.263900505058635986e+02,5.999999999999999778e-01,1.757263355201499734e-03,1.000000000000000000e+00
4.312500000000000361e-02,1.312500000000000082e-03,3.264730374796616275e+02,5.999999999999999778e-01,1.757263355201499734e-03,1.000000000000000000e+00
4.437499999999999778e-02,1.312500000000000082e-03,3.265538075636181361e+02,5.999999999999999778e-01,1.757263355201499734e-03,1.000000000000000000e+00
4.562499999999999889e-02,1.312500000000000082e-03,3.266325306986828991e+02,5.999999999999999778e-01,1.757263355201499734e-03,1.000000000000000000e+00
4.687500000000000000e-02,1.312500000000000082e-03,3.267093588199070382e+02,5.999999999999999778e-01,1.757263355201499734e-03,1.000000000000000000e+00
4.812500000000000111e-02,1.312500000000000082e-03,3.267844279123613660e+02,5.999999999999999778e-01,1.757263355201499734e-03,1.000000000000000000e+00
4.937500000000000222e-02,1.312500000000000082e-03,3.268578598123127108e+02,5.999999999999999778e-01,1.757263355201499734e-03,1.000000000000000000e+00
5.062500000000000333e-02,1.312500000000000082e-03,3.269297637898671383e+02,5.999999999999999778e-01,1.757263355201499734e-03,1.000000000000000000e+00
5.187500000000000444e-02,1.312500000000000082e-03,3.270002379430892461e+02,5.999999999999999778e-01,1.757263355201499734e-03,1.000000000000000000e+00
5.312499999999999861e-02,1.312500000000000082e-03,3.270693704286977663e+02,5.999999999999999778e-01,1.757263355201499734e-03,1.000000000000000000e+00
5.437499999999999972e-02,1.312500000000000082e-03,3.271372405504819767e+02,5.999999999999999778e-01,1.757263355201499734e-03,1.000000000000000000e+00
5.562500000000000083e-02,1.312500000000000082e-03,3.272039197233727350e+02,5.999999999999999778e-01,1.757263355201499734e-03,1.000000000000000000e+00
5.687500000000000194e-02,1.312500000000000082e-03,3.272694723285013652e+02,5.999999999999999778e-01,1.757263355201499734e-03,1.000000000000000000e+00
5.812500000000000305e-02,1.312500000000000082e-03,3.273339564724062711e+02,5.999999999999999778e-01,1.757263355201499734e-03,1.000000000000000000e+00
5.937500000000000416e-02,1.312500000000000082e-03,3.273974246617685253e+02,5.999999999999999778e-01,1.757263355201499734e-03,1.000000000000000000e+00
6.062499999999999833e-02,1.312500000000000082e-03,3.274599244035420043e+02,5.999999999999999778e-01,1.757263355201499734e-03,1.000000000000000000e+00
6.187499999999999944e-02,1.312500000000000082e-03,3.275214987390821761e+02,5.999999999999999778e-01,1.757263355201499734e-03,1.000000000000000000e+00
6.312500000000000056e-02,1.312500000000000082e-03,3.275821867198009159e+02,5.999999999999999778e-01,1.757263355201499734e-03,1.000000000000000000e+00
6.437500000000000167e-02,1.312500000000000082e-03,3.276420238309421507e+02,5.999999999999999778e-01,1.757263355201499734e-03,1.000000000000000000e+00
6.562500000000000278e-02,1.312500000000000082e-03,3.277010423693003531e+02,5.999999999999999778e-01,1.757263355201499734e-03,1.000000000000000000e+00
6.687500000000000389e-02,1.312500000000000082e-03,3.277592717799827824e+02,5.999999999999999778e-01,1.757263355201499734e-03,1.000000000000000000e+00
6.812500000000000500e-02,1.312500000000000082e-03,3.278167389567591954e+02,5.999999999999999778e-01,1.757263355201499734e-03,1.000000000000000000e+00
6.937500000000000611e-02,1.312500000000000082e-03,3.278734685099948933e+02,5.999999999999999778e-01,1.757263355201499734e-03,1.000000000000000000e+00
7.062500000000000722e-02,1.312500000000000082e-03,3.279294830057143599e+02,5.999999999999999778e-01,1.757263355201499734e-03,1.000000000000000000e+00
7.187500000000000833e-02,1.312500000000000082e-03,3.279848031789509832e+02,5.999999999999999778e-01,1.757263355201499734e-03,1.000000000000000000e+00
7.312499999999999556e-02,1.312500000000000082e-03,3.280394481241778522e+02,5.999999999999999778e-01,1.757263355201499734e-03,1.000000000000000000e+00
7.437499999999999667e-02,1.312500000000000082e-03,3.280934354653012974e+02,5.999999999999999778e-01,1.757263355201499734e-03,1.000000000000000000e+00
7.562499999999999778e-02,1.312500000000000082e-03,3.281467815074390728e+02,5.999999999999999778e-01,1.757263355201499734e-03,1.000000000000000000e+00
7.687499999999999889e-02,1.312500000000000082e-03,3.281995013724377372e+02,5.999999999999999778e-01,1.757263355201499734e-03,1.000000000000000000e+00
7.812500000000000000e-02,1.312500000000000082e-03,3.282516091199058224e+02,5.999999999999999778e-01,1.757263355201499734e-03,1.000000000000000000e+00
7.937500000000000111e-02,1.312500000000000082e-03,3.283031178552987512e+02,5.999999999999999778e-01,1.757263355201499734e-03,1.000000000000000000e+00
8.062500000000000222e-02,1.312500000000000082e-03,3.283540398264680107e+02,5.999999999999999778e-01,1.757263355201499734e-03,1.000000000000000000e+00
8.187500000000000333e-02,1.312500000000000082e-03,3.284043865099060895e+02,5.999999999999999778e-01,1.757263355201499734e-03,1.000000000000000000e+00
8.312500000000000444e-02,1.312500000000000082e-03,3.284541686877992106e+02,5.999999999999999778e-01,1.757263355201499734e-03,1.000000000000000000e+00
8.437500000000000555e-02,1.312500000000000082e-03,3.285033965168713621e+02,5.999999999999999778e-01,1.757263355201499734e-03,1.000000000000000000e+00
8.562500000000000666e-02,1.312500000000000082e-03,3.285520795899047926e+02,5.999999999999999778e-01,1.757263355201499734e-03,1.000000000000000000e+00
8.687500000000000777e-02,1.312500000000000082e-03,3.286002269907150435e+02,5.999999999999999778e-01,1.757263355201499734e-03,1.000000000000000000e+00
8.812499999999999500e-02,1.312500000000000082e-03,3.286478473432730425e+02,5.999999999999999778e-01,1.757263355201499734e-03,1.000000000000000000e+00
8.937499999999999611e-02,1.312500000000000082e-03,3.286949488555035259e+02,5.999999999999999778e-01,1.757263355201499734e-03,1.000000000000000000e+00
9.062499999999999722e-02,1.312500000000000082e-03,3.287415393578132807e+02,5.999999999999999778e-01,1.757263355201499734e-03,1.000000000000000000e+00
9.187499999999999833e-02,1.312500000000000082e-03,3.287876263337898308e+02,5.999999999999999778e-01,1.757263355201499734e-03,1.000000000000000000e+00
9.312499999999999944e-02,1.312500000000000082e-03,3.288332169255981512e+02,5.999999999999999778e-01,1.757263355201499734e-03,1.000000000000000000e+00
9.437500000000000056e-02,1.312500000000000082e-03,3.288783178079424943e+02,5.999999999999999778e-01,1.757263355201499734e-03,1.000000000000000000e+00
9.562500000000000167e-02,1.312500000000000082e-03,3.289229342672977623e+02,5.999999999999999778e-01,1.757263355201499734e-03,1.000000000000000000e+00
9.687500000000000278e-02,1.312500000000000082e-03,3.289670633787922043e+02,5.999999999999999778e-01,1.757263355201499734e-03,1.000000000000000000e+00
9.812500000000000389e-02,1.312500000000000082e-03,3.290106142928602821e+02,5.999999999999999778e-01,1.757263355201499734e-03,1.000000000000000000e+00
9.937500000000000500e-02,1.312500000000000082e-03,3.290518271178131613e+02,5.999999999999999778e-01,1.757263355201499734e-03,1.000000000000000000e+00
6.250000000000000130e-04,1.437499999999999976e-03,3.013881402555823570e+02,5.999999999999999778e-01,2.394564198687910376e-03,1.000000000000000000e+00
1.874999999999999931e-03,1.437499999999999976e-03,3.071118062697956930e+02,5.999999999999999778e-01,2.394564198687910376e-03,1.000000000000000000e+00
3.125000000000000173e-03,1.437499999999999976e-03,3.105722494134309386e+02,5.999999999999999778e-01,2.394564198687910376e-03,1.000000000000000000e+00
4.375000000000000416e-03,1.437499999999999976e-03,3.128358019203797653e+02,5.999999999999999778e-01,2.394564198687910376e-03,1.000000000000000000e+00
5.624999999999999792e-03,1.437499999999999976e-03,3.144442852451774115e+02,5.999999999999999778e-01,2.394564198687910376e-03,1.000000000000000000e+00
6.875000000000000035e-03,1.437499999999999976e-03,3.156615684975623708e+02,5.999999999999999778e-01,2.394564198687910376e-03,1.000000000000000000e+00
8.125000000000000278e-03,1.437499999999999976e-03,3.166259659770740882e+02,5.999999999999999778e-01,2.394564198687910376e-03,1.000000000000000000e+00
9.374999999999999653e-03,1.437499999999999976e-03,3.174162635015365481e+02,5.999999999999999778e-01,2.394564198687910376e-03,1.000000000000000000e+00
1.062500000000000076e-02,1.437499999999999976e-03,3.180806860790955852e+02,5.999999999999999778e-01,2.394564198687910376e-03,1.000000000000000000e+00
1.187500000000000014e-02,1.437499999999999976e-03,3.186505412829774286e+02,5.999999999999999778e-01,2.394564198687910376e-03,1.000000000000000000e+00
1.312499999999999951e-02,1.437499999999999976e-03,3.191471478101697699e+02,5.999999999999999778e-01,2.394564198687910376e-03,1.000000000000000000e+00
1.437500000000000062e-02,1.437499999999999976e-03,3.195856003963671697e+02,5.999999999999999778e-01,2.394564198687910376e-03,1.000000000000000000e+00
1.562500000000000000e-02,1.437499999999999976e-03,3.199769381543403597e+02,5.999999999999999778e-01,2.394564198687910376e-03,1.000000000000000000e+00
1.687500000000000111e-02,1.437499999999999976e-03,3.203294565708422397e+02,5.999999999999999778e-01,2.394564198687910376e-03,1.000000000000000000e+00
1.812499999999999875e-02,1.437499999999999976e-03,3.206495352646315951e+02,5.999999999999999778e-01,2.394564198687910376e-03,1.000000000000000000e+00
1.937499999999999986e-02,1.437499999999999976e-03,3.209421791504221915e+02,5.999999999999999778e-01,2.394564198687910376e-03,1.000000000000000000e+00
2.062500000000000097e-02,1.437499999999999976e-03,3.212113831848624841e+02,5.999999999999999778e-01,2.394564198687910376e-03,1.000000000000000000e+00
2.187500000000000208e-02,1.437499999999999976e-03,3.214603847627960818e+02,5.999999999999999778e-01,2.394564198687910376e-03,1.000000000000000000e+00
2.312499999999999972e-02,1.437499999999999976e-03,3.216918424253955209e+02,5.999999999999999778e-01,2.394564198687910376e-03,1.000000000000000000e+00
2.437500000000000083e-02,1.437499999999999976e-03,3.219079649817156223e+02,5.999999999999999778e-01,2.394564198687910376e-03,1.000000000000000000e+00
2.562500000000000194e-02,1.437499999999999976e-03,3.221106065051891960e+02,5.999999999999999778e-01,2.394564198687910376e-03,1.000000000000000000e+00
2.687499999999999958e-02,1.437499999999999976e-03,3.223013373775997934e+02,5.999999999999999778e-01,2.394564198687910376e-03,1.000000000000000000e+00
2.812500000000000069e-02,1.437499999999999976e-03,3.224814982241496182e+02,5.999999999999999778e-01,2.394564198687910376e-03,1.000000000000000000e+00
2.937500000000000180e-02,1.437499999999999976e-03,3.226522414351377392e+02,5.999999999999999778e-01,2.394564198687910376e-03,1.000000000000000000e+00
3.062499999999999944e-02,1.437499999999999976e-03,3.228145635523943611e+02,5.999999999999999778e-01,2.394564198687910376e-03,1.000000000000000000e+00
3.187500000000000056e-02,1.437499999999999976e-03,3.229693308446123865e+02,5.999999999999999778e-01,2.394564198687910376e-03,1.000000000000000000e+00
3.312500000000000167e-02,1.437499999999999976e-03,3.231172997421212472e+02,5.999999999999999778e-01,2.394564198687910376e-03,1.000000000000000000e+00
3.437500000000000278e-02,1.437499999999999976e-03,3.232591333467819368e+02,5.999999999999999778e-01,2.394564198687910376e-03,1.000000000000000000e+00
3.562500000000000389e-02,1.437499999999999976e-03,3.233954149116931376e+02,5.999999999999999778e-01,2.394564198687910376e-03,1.000000000000000000e+00
3.687499999999999806e-02,1.437499999999999976e-03,3.235266589560585544e+02,5.999999999999999778e-01,2.394564198687910376e-03,1.000000000000000000e+00
3.812499999999999917e-02,1.437499999999999976e-03,3.236533205149164587e+02,5.999999999999999778e-01,2.394564198687910376e-03,1.000000000000000000e+00
3.937500000000000028e-02,1.437499999999999976e-03,3.237758029025836208e+02,5.999999999999999778e-01,2.394564198687910376e-03,1.000000000000000000e+00
4.062500000000000139e-02,1.437499999999999976e-03,3.238944642797125653e+02,5.999999999999999778e-01,2.394564198687910376e-03,1.000000000000000000e+00
4.187500000000000250e-02,1.437499999999999976e-03,3.240096232478384763e+02,5.999999999999999778e-01,2.394564198687910376e-03,1.000000000000000000e+00
4.312500000000000361e-02,1.437499999999999976e-03,3.241215636458945255e+02,5.999999999999999778e-01,2.394564198687910376e-03,1.000000000000000000e+00
4.437499999999999778e-02,1.437499999999999976e-03,3.242305386859404734e+02,5.999999999999999778e-01,2.394564198687910376e-03,1.000000000000000000e+00
4.562499999999999889e-02,1.437499999999999976e-03,3.243367745370611033e+02,5.999999999999999778e-01,2.394564198687910376e-03,1.000000000000000000e+00
4.687500000000000000e-02,1.437499999999999976e-03,3.244404734447466581e+02,5.999999999999999778e-01,2.394564198687910376e-03,1.000000000000000000e+00
4.812500000000000111e-02,1.437499999999999976e-03,3.245418164563774326e+02,5.999999999999999778e-01,2.394564198687910376e-03,1.000000000000000000e+00
4.937500000000000222e-02,1.437499999999999976e-03,3.246409658104408891e+02,5.999999999999999778e-01,2.394564198687910376e-03,1.000000000000000000e+00
5.062500000000000333e-02,1.437499999999999976e-03,3.247380670369497579e+02,5.999999999999999778e-01,2.394564198687910376e-03,1.000000000000000000e+00
5.187500000000000444e-02,1.437499999999999976e-03,3.248332508084788515e+02,5.999999999999999778e-01,2.394564198687910376e-03,1.000000000000000000e+00
5.312499999999999861e-02,1.437499999999999976e-03,3.249266345748275171e+02,5.999999999999999778e-01,2.394564198687910376e-03,1.000000000000000000e+00
5.437499999999999972e-02,1.437499999999999976e-03,3.250183240091599828e+02,5.999999999999999778e-01,2.394564198687910376e-03,1.000000000000000000e+00
5.562500000000000083e-02,1.437499999999999976e-03,3.251084142892807449e+02,5.999999999999999778e-01,2.394564198687910376e-03,1.000000000000000000e+00
5.687500000000000194e-02,1.437499999999999976e-03,3.251969912342859175e+02,5.999999999999999778e-01,2.394564198687910376e-03,1.000000000000000000e+00
5.812500000000000305e-02,1.437499999999999976e-03,3.252841323139915630e+02,5.999999999999999778e-01,2.394564198687910376e-03,1.000000000000000000e+00
5.937500000000000416e-02,1.437499999999999976e-03,3.253699075461940993e+02,5.999999999999999778e-01,2.394564198687910376e-03,1.000000000000000000e+00
6.062499999999999833e-02,1.437499999999999976e-03,3.254543802948297753e+02,5.999999999999999778e-01,2.394564198687910376e-03,1.000000000000000000e+00
6.187499999999999944e-02,1.437499999999999976e-03,3.255376079804368032e+02,5.999999999999999778e-01,2.394564198687910376e-03,1.000000000000000000e+00
6.312500000000000056e-02,1.437499999999999976e-03,3.256196427128973596e+02,5.999999999999999778e-01,2.394564198687910376e-03,1.000000000000000000e+00
6.437500000000000167e-02,1.437499999999999976e-03,3.257005318552184008e+02,5.999999999999999778e-01,2.394564198687910376e-03,1.000000000000000000e+00
6.562500000000000278e-02,1.437499999999999976e-03,3.257803185260645478e+02,5.999999999999999778e-01,2.394564198687910376e-03,1.000000000000000000e+00
6.687500000000000389e-02,1.437499999999999976e-03,3.258590420478381020e+02,5.999999999999999778e-01,2.394564198687910376e-03,1.000000000000000000e+00
6.812500000000000500e-02,1.437499999999999976e-03,3.259367383463213628e+02,5.999999999999999778e-01,2.394564198687910376e-03,1.000000000000000000e+00
6.937500000000000611e-02,1.437499999999999976e-03,3.260134403072053715e+02,5.999999999999999778e-01,2.394564198687910376e-03,1.000000000000000000e+00
7.062500000000000722e-02,1.437499999999999976e-03,3.260891780942123432e+02,5.999999999999999778e-01,2.394564198687910376e-03,1.000000000000000000e+00
7.187500000000000833e-02,1.437499999999999976e-03,3.261639794330125142e+02,5.999999999999999778e-01,2.394564198687910376e-03,1.000000000000000000e+00
7.312499999999999556e-02,1.437499999999999976e-03,3.262378698646436419e+02,5.999999999999999778e-01,2.394564198687910376e-03,1.000000000000000000e+00
7.437499999999999667e-02,1.437499999999999976e-03,3.263108729717440042e+02,5.999999999999999778e-01,2.394564198687910376e-03,1.000000000000000000e+00
7.562499999999999778e-02,1.437499999999999976e-03,3.263830105805435551e+02,5.999999999999999778e-01,2.394564198687910376e-03,1.000000000000000000e+00
7.687499999999999889e-02,1.437499999999999976e-03,3.264543029412251940e+02,5.999999999999999778e-01,2.394564198687910376e-03,1.000000000000000000e+00
7.812500000000000000e-02,1.437499999999999976e-03,3.265247688890015638e+02,5.999999999999999778e-01,2.394564198687910376e-03,1.000000000000000000e+00
7.937500000000000111e-02,1.437499999999999976e-03,3.265944259879724427e+02,5.999999999999999778e-01,2.394564198687910376e-03,1.000000000000000000e+00
8.062500000000000222e-02,1.437499999999999976e-03,3.266632906596246357e+02,5.999999999999999778e-01,2.394564198687910376e-03,1.000000000000000000e+00
8.187500000000000333e-02,1.437499999999999976e-03,3.267313782976220864e+02,5.999999999999999778e-01,2.394564198687910376e-03,1.000000000000000000e+00
8.312500000000000444e-02,1.437499999999999976e-03,3.267987033703623183e+02,5.999999999999999778e-01,2.394564198687910376e-03,1.000000000000000000e+00
8.437500000000000555e-02,1.437499999999999976e-03,3.268652795126096180e+02,5.999999999999999778e-01,2.394564198687910376e-03,1.000000000000000000e+00
8.562500000000000666e-02,1.437499999999999976e-03,3.269311196073811630e+02,5.999999999999999778e-01,2.394564198687910376e-03,1.000000000000000000e+00
8.687500000000000777e-02,1.437499999999999976e-03,3.269962358591257043e+02,5.999999999999999778e-01,2.394564198687910376e-03,1.000000000000000000e+00
8.812499999999999500e-02,1.437499999999999976e-03,3.270606398591231709e+02,5.999999999999999778e-01,2.394564198687910376e-03,1.000000000000000000e+00
8.937499999999999611e-02,1.437499999999999976e-03,3.271243426438729216e+02,5.999999999999999778e-01,2.394564198687910376e-03,1.000000000000000000e+00
9.062499999999999722e-02,1.437499999999999976e-03,3.271873547468737797e+02,5.999999999999999778e-01,2.394564198687910376e-03,1.000000000000000000e+00
9.187499999999999833e-02,1.437499999999999976e-03,3.272496862424116557e+02,5.999999999999999778e-01,2.394564198687910376e-03,1.000000000000000000e+00
9.312499999999999944e-02,1.437499999999999976e-03,3.273113467699076296e+02,5.999999999999999778e-01,2.394564198687910376e-03,1.000000000000000000e+00
9.437500000000000056e-02,1.437499999999999976e-03,3.273723454673151991e+02,5.999999999999999778e-01,2.394564198687910376e-03,1.000000000000000000e+00
9.562500000000000167e-02,1.437499999999999976e-03,3.274326903484116542e+02,5.999999999999999778e-01,2.394564198687910376e-03,1.000000000000000000e+00
9.687500000000000278e-02,1.437499999999999976e-03,3.274923829918234901e+02,5.999999999999999778e-01,2.394564198687910376e-03,1.000000000000000000e+00
9.812500000000000389e-02,1.437499999999999976e-03,3.275513397089598584e+02,5.999999999999999778e-01,2.394564198687910376e-03,1.000000000000000000e+00
9.937500000000000500e-02,1.437499999999999976e-03,3.276075001472019039e+02,5.999999999999999778e-01,2.394564198687910376e-03,1.000000000000000000e+00
6.250000000000000130e-04,1.562500000000000087e-03,2.979774333689439914e+02,5.999999999999999778e-01,2.994376757263355737e-03,1.000000000000000000e+00
1.874999999999999931e-03,1.562500000000000087e-03,3.025557116667525293e+02,5.999999999999999778e-01,2.994376757263355737e-03,1.000000000000000000e+00
3.125000000000000173e-03,1.562500000000000087e-03,3.058824768504963458e+02,5.999999999999999778e-01,2.994376757263355737e-03,1.000000000000000000e+00
4.375000000000000416e-03,1.562500000000000087e-03,3.082819503362953810e+02,5.999999999999999778e-01,2.994376757263355737e-03,1.000000000000000000e+00
5.624999999999999792e-03,1.562500000000000087e-03,3.100791799038373142e+02,5.999999999999999778e-01,2.994376757263355737e-03,1.000000000000000000e+00
6.875000000000000035e-03,1.562500000000000087e-03,3.114812068035706716e+02,5.999999999999999778e-01,2.994376757263355737e-03,1.000000000000000000e+00
8.125000000000000278e-03,1.562500000000000087e-03,3.126131943715175794e+02,5.999999999999999778e-01,2.994376757263355737e-03,1.000000000000000000e+00
9.374999999999999653e-03,1.562500000000000087e-03,3.135526610558487164e+02,5.999999999999999778e-01,2.994376757263355737e-03,1.000000000000000000e+00
1.062500000000000076e-02,1.562500000000000087e-03,3.143496312189390665e+02,5.999999999999999778e-01,2.994376757263355737e-03,1.000000000000000000e+00
1.187500000000000014e-02,1.562500000000000087e-03,3.150377544772041460e+02,5.999999999999999778e-01,2.994376757263355737e-03,1.000000000000000000e+00
1.312499999999999951e-02,1.562500000000000087e-03,3.156405277391442610e+02,5.999999999999999778e-01,2.994376757263355737e-03,1.000000000000000000e+00
1.437500000000000062e-02,1.562500000000000087e-03,3.161749004435513370e+02,5.999999999999999778e-01,2.994376757263355737e-03,1.000000000000000000e+00
1.562500000000000000e-02,1.562500000000000087e-03,3.166534463788010498e+02,5.999999999999999778e-01,2.994376757263355737e-03,1.000000000000000000e+00
1.687500000000000111e-02,1.562500000000000087e-03,3.170857216570920514e+02,5.999999999999999778e-01,2.994376757263355737e-03,1.000000000000000000e+00
1.812499999999999875e-02,1.562500000000000087e-03,3.174791430357748823e+02,5.999999999999999778e-01,2.994376757263355737e-03,1.000000000000000000e+00
1.937499999999999986e-02,1.562500000000000087e-03,3.178395733568813171e+02,5.999999999999999778e-01,2.994376757263355737e-03,1.000000000000000000e+00
2.062500000000000097e-02,1.562500000000000087e-03,3.181717222728809134e+02,5.999999999999999778e-01,2.994376757263355737e-03,1.000000000000000000e+00
2.187500000000000208e-02,1.562500000000000087e-03,3.184794270491998986e+02,5.999999999999999778e-01,2.994376757263355737e-03,1.000000000000000000e+00
2.312499999999999972e-02,1.562500000000000087e-03,3.187658534724970423e+02,5.999999999999999778e-01,2.994376757263355737e-03,1.000000000000000000e+00
2.437500000000000083e-02,1.562500000000000087e-03,3.190336423002988226e+02,5.999999999999999778e-01,2.994376757263355737e-03,1.000000000000000000e+00
2.562500000000000194e-02,1.562500000000000087e-03,3.192850178286340110e+02,5.999999999999999778e-01,2.994376757263355737e-03,1.000000000000000000e+00
2.687499999999999958e-02,1.562500000000000087e-03,3.195218696283152440e+02,5.999999999999999778e-01,2.994376757263355737e-03,1.000000000000000000e+00
2.812500000000000069e-02,1.562500000000000087e-03,3.197458149670454759e+02,5.999999999999999778e-01,2.994376757263355737e-03,1.000000000000000000e+00
2.937500000000000180e-02,1.562500000000000087e-03,3.199582471236729475e+02,5.999999999999999778e-01,2.994376757263355737e-03,1.000000000000000000e+00
3.062499999999999944e-02,1.562500000000000087e-03,3.201603732585983835e+02,5.999999999999999778e-01,2.994376757263355737e-03,1.000000000000000000e+00
3.187500000000000056e-02,1.562500000000000087e-03,3.203532444559979808e+02,5.999999999999999778e-01,2.994376757263355737e-03,1.000000000000000000e+00
3.312500000000000167e-02,1.562500000000000087e-03,3.205377798292113880e+02,5.999999999999999778e-01,2.994376757263355737e-03,1.000000000000000000e+00
3.437500000000000278e-02,1.562500000000000087e-03,3.207147860729004378e+02,5.999999999999999778e-01,2.994376757263355737e-03,1.000000000000000000e+00
3.562500000000000389e-02,1.562500000000000087e-03,3.208849734850150526e+02,5.999999999999999778e-01,2.994376757263355737e-03,1.000000000000000000e+00
3.687499999999999806e-02,1.562500000000000087e-03,3.210489692226073544e+02,5.999999999999999778e-01,2.994376757263355737e-03,1.000000000000000000e+00
3.812499999999999917e-02,1.562500000000000087e-03,3.212073283675581479e+02,5.999999999999999778e-01,2.994376757263355737e-03,1.000000000000000000e+00
3.937500000000000028e-02,1.562500000000000087e-03,3.213605432405880720e+02,5.999999999999999778e-01,2.994376757263355737e-03,1.000000000000000000e+00
4.062500000000000139e-02,1.562500000000000087e-03,3.215090513001847512e+02,5.999999999999999778e-01,2.994376757263355737e-03,1.000000000000000000e+00
4.187500000000000250e-02,1.562500000000000087e-03,3.216532418873168240e+02,5.999999999999999778e-01,2.994376757263355737e-03,1.000000000000000000e+00
4.312500000000000361e-02,1.562500000000000087e-03,3.217934620199328037e+02,5.999999999999999778e-01,2.994376757263355737e-03,1.000000000000000000e+00
4.437499999999999778e-02,1.562500000000000087e-03,3.219300213982581340e+02,5.999999999999999778e-01,2.994376757263355737e-03,1.000000000000000000e+00
4.562499999999999889e-02,1.562500000000000087e-03,3.220631967491376599e+02,5.999999999999999778e-01,2.994376757263355737e-03,1.000000000000000000e+00
4.687500000000000000e-02,1.562500000000000087e-03,3.221932356125399792e+02,5.999999999999999778e-01,2.994376757263355737e-03,1.000000000000000000e+00
4.812500000000000111e-02,1.562500000000000087e-03,3.223203596538920692e+02,5.999999999999999778e-01,2.994376757263355737e-03,1.000000000000000000e+00
4.937500000000000222e-02,1.562500000000000087e-03,3.224447675707424992e+02,5.999999999999999778e-01,2.994376757263355737e-03,1.000000000000000000e+00
5.062500000000000333e-02,1.562500000000000087e-03,3.225666376503386346e+02,5.999999999999999778e-01,2.994376757263355737e-03,1.000000000000000000e+00
5.187500000000000444e-02,1.562500000000000087e-03,3.226861300252470528e+02,5.999999999999999778e-01,2.994376757263355737e-03,1.000000000000000000e+00
5.312499999999999861e-02,1.562500000000000087e-03,3.228033886665858176e+02,5.999999999999999778e-01,2.994376757263355737e-03,1.000000000000000000e+00
5.437499999999999972e-02,1.562500000000000087e-03,3.229185431483392108e+02,5.999999999999999778e-01,2.994376757263355737e-03,1.000000000000000000e+00
5.562500000000000083e-02,1.562500000000000087e-03,3.230317102112567227e+02,5.999999999999999778e-01,2.994376757263355737e-03,1.000000000000000000e+00
5.687500000000000194e-02,1.562500000000000087e-03,3.231429951507649889e+02,5.999999999999999778e-01,2.994376757263355737e-03,1.000000000000000000e+00
5.812500000000000305e-02,1.562500000000000087e-03,3.232524930499380957e+02,5.999999999999999778e-01,2.994376757263355737e-03,1.000000000000000000e+00
5.937500000000000416e-02,1.562500000000000087e-03,3.233602898757615094e+02,5.999999999999999778e-01,2.994376757263355737e-03,1.000000000000000000e+00
6.062499999999999833e-02,1.562500000000000087e-03,3.234664634545422359e+02,5.999999999999999778e-01,2.994376757263355737e-03,1.000000000000000000e+00
6.187499999999999944e-02,1.562500000000000087e-03,3.235710843403168724e+02,5.999999999999999778e-01,2.994376757263355737e-03,1.000000000000000000e+00
6.312500000000000056e-02,1.562500000000000087e-03,3.236742165883871394e+02,5.999999999999999778e-01,2.994376757263355737e-03,1.000000000000000000e+00
6.437500000000000167e-02,1.562500000000000087e-03,3.237759184446475160e+02,5.999999999999999778e-01,2.994376757263355737e-03,1.000000000000000000e+00
6.562500000000000278e-02,1.562500000000000087e-03,3.238762429600939186e+02,5.999999999999999778e-01,2.994376757263355737e-03,1.000000000000000000e+00
6.687500000000000389e-02,1.562500000000000087e-03,3.239752385388048310e+02,5.999999999999999778e-01,2.994376757263355737e-03,1.000000000000000000e+00
6.812500000000000500e-02,1.562500000000000087e-03,3.240729494267247901e+02,5.999999999999999778e-01,2.994376757263355737e-03,1.000000000000000000e+00
6.937500000000000611e-02,1.562500000000000087e-03,3.241694161477485636e+02,5.999999999999999778e-01,2.994376757263355737e-03,1.000000000000000000e+00
7.062500000000000722e-02,1.562500000000000087e-03,3.242646758928549389e+02,5.999999999999999778e-01,2.994376757263355737e-03,1.000000000000000000e+00
7.187500000000000833e-02,1.562500000000000087e-03,3.243587628674174539e+02,5.999999999999999778e-01,2.994376757263355737e-03,1.000000000000000000e+00
7.312499999999999556e-02,1.562500000000000087e-03,3.244517086012222080e+02,5.999999999999999778e-01,2.994376757263355737e-03,1.000000000000000000e+00
7.437499999999999667e-02,1.562500000000000087e-03,3.245435422252410831e+02,5.999999999999999778e-01,2.994376757263355737e-03,1.000000000000000000e+00
7.562499999999999778e-02,1.562500000000000087e-03,3.246342907187545848e+02,5.999999999999999778e-01,2.994376757263355737e-03,1.000000000000000000e+00
7.687499999999999889e-02,1.562500000000000087e-03,3.247239791300235652e+02,5.999999999999999778e-01,2.994376757263355737e-03,1.000000000000000000e+00
7.812500000000000000e-02,1.562500000000000087e-03,3.248126307733672888e+02,5.999999999999999778e-01,2.994376757263355737e-03,1.000000000000000000e+00
7.937500000000000111e-02,1.562500000000000087e-03,3.249002674051836834e+02,5.999999999999999778e-01,2.994376757263355737e-03,1.000000000000000000e+00
8.062500000000000222e-02,1.562500000000000087e-03,3.249869093811821017e+02,5.999999999999999778e-01,2.994376757263355737e-03,1.000000000000000000e+00
8.187500000000000333e-02,1.562500000000000087e-03,3.250725757968438074e+02,5.999999999999999778e-01,2.994376757263355737e-03,1.000000000000000000e+00
8.312500000000000444e-02,1.562500000000000087e-03,3.251572846129185450e+02,5.999999999999999778e-01,2.994376757263355737e-03,1.000000000000000000e+00
8.437500000000000555e-02,1.562500000000000087e-03,3.252410527675572780e+02,5.999999999999999778e-01,2.994376757263355737e-03,1.000000000000000000e+00
8.562500000000000666e-02,1.562500000000000087e-03,3.253238962765211681e+02,5.999999999999999778e-01,2.994376757263355737e-03,1.000000000000000000e+00
8.687500000000000777e-02,1.562500000000000087e-03,3.254058303227384386e+02,5.999999999999999778e-01,2.994376757263355737e-03,1.000000000000000000e+00
8.812499999999999500e-02,1.562500000000000087e-03,3.254868693363521288e+02,5.999999999999999778e-01,2.994376757263355737e-03,1.000000000000000000e+00
8.937499999999999611e-02,1.562500000000000087e-03,3.255670270662319581e+02,5.999999999999999778e-01,2.994376757263355737e-03,1.000000000000000000e+00
9.062499999999999722e-02,1.562500000000000087e-03,3.256463166436420238e+02,5.999999999999999778e-01,2.994376757263355737e-03,1.000000000000000000e+00
9.187499999999999833e-02,1.562500000000000087e-03,3.257247506375649664e+02,5.999999999999999778e-01,2.994376757263355737e-03,1.000000000000000000e+00
9.312499999999999944e-02,1.562500000000000087e-03,3.258023410946627223e+02,5.999999999999999778e-01,2.994376757263355737e-03,1.000000000000000000e+00
9.437500000000000056e-02,1.562500000000000087e-03,3.258790995177961918e+02,5.999999999999999778e-01,2.994376757263355737e-03,1.000000000000000000e+00
9.562500000000000167e-02,1.562500000000000087e-03,3.259550364667342137e+02,5.999999999999999778e-01,2.994376757263355737e-03,1.000000000000000000e+00
9.687500000000000278e-02,1.562500000000000087e-03,3.260301574700215497e+02,5.999999999999999778e-01,2.994376757263355737e-03,1.000000000000000000e+00
9.812500000000000389e-02,1.562500000000000087e-03,3.261043871335245399e+02,5.999999999999999778e-01,2.994376757263355737e-03,1.000000000000000000e+00
9.937500000000000500e-02,1.562500000000000087e-03,3.261754457280283646e+02,5.999999999999999778e-01,2.994376757263355737e-03,1.000000000000000000e+00
6.250000000000000130e-04,1.687499999999999981e-03,2.958762953850127815e+02,5.999999999999999778e-01,3.556701030927835166e-03,1.000000000000000000e+00
1.874999999999999931e-03,1.687499999999999981e-03,2.992059654597490521e+02,5.999999999999999778e-01,3.556701030927835166e-03,1.000000000000000000e+00
3.125000000000000173e-03,1.687499999999999981e-03,3.020694655227507610e+02,5.999999999999999778e-01,3.556701030927835166e-03,1.000000000000000000e+00
4.375000000000000416e-03,1.687499999999999981e-03,3.043598086396557960e+02,5.999999999999999778e-01,3.556701030927835166e-03,1.000000000000000000e+00
5.624999999999999792e-03,1.687499999999999981e-03,3.061866727270520414e+02,5.999999999999999778e-01,3.556701030927835166e-03,1.000000000000000000e+00
6.875000000000000035e-03,1.687499999999999981e-03,3.076691384708879582e+02,5.999999999999999778e-01,3.556701030927835166e-03,1.000000000000000000e+00
8.125000000000000278e-03,1.687499999999999981e-03,3.088975254031144004e+02,5.999999999999999778e-01,3.556701030927835166e-03,1.000000000000000000e+00
9.374999999999999653e-03,1.687499999999999981e-03,3.099354591985361367e+02,5.999999999999999778e-01,3.556701030927835166e-03,1.000000000000000000e+00
1.062500000000000076e-02,1.687499999999999981e-03,3.108274830140438780e+02,5.999999999999999778e-01,3.556701030927835166e-03,1.000000000000000000e+00
1.187500000000000014e-02,1.687499999999999981e-03,3.116052564050410751e+02,5.999999999999999778e-01,3.556701030927835166e-03,1.000000000000000000e+00
1.312499999999999951e-02,1.687499999999999981e-03,3.122917710159024409e+02,5.999999999999999778e-01,3.556701030927835166e-03,1.000000000000000000e+00
1.437500000000000062e-02,1.687499999999999981e-03,3.129041019500981520e+02,5.999999999999999778e-01,3.556701030927835166e-03,1.000000000000000000e+00
1.562500000000000000e-02,1.687499999999999981e-03,3.134552030959109743e+02,5.999999999999999778e-01,3.556701030927835166e-03,1.000000000000000000e+00
1.687500000000000111e-02,1.687499999999999981e-03,3.139550955175985223e+02,5.999999999999999778e-01,3.556701030927835166e-03,1.000000000000000000e+00
1.812499999999999875e-02,1.687499999999999981e-03,3.144116693978760964e+02,5.999999999999999778e-01,3.556701030927835166e-03,1.000000000000000000e+00
1.937499999999999986e-02,1.687499999999999981e-03,3.148312362993966076e+02,5.999999999999999778e-01,3.556701030927835166e-03,1.000000000000000000e+00
2.062500000000000097e-02,1.687499999999999981e-03,3.152189170563586913e+02,5.999999999999999778e-01,3.556701030927835166e-03,1.000000000000000000e+00
2.187500000000000208e-02,1.687499999999999981e-03,3.155789193117735749e+02,5.999999999999999778e-01,3.556701030927835166e-03,1.000000000000000000e+00
2.312499999999999972e-02,1.687499999999999981e-03,3.159147395382780701e+02,5.999999999999999778e-01,3.556701030927835166e-03,1.000000000000000000e+00
2.437500000000000083e-02,1.687499999999999981e-03,3.162293124494356675e+02,5.999999999999999778e-01,3.556701030927835166e-03,1.000000000000000000e+00
2.562500000000000194e-02,1.687499999999999981e-03,3.165251231498791640e+02,5.999999999999999778e-01,3.556701030927835166e-03,1.000000000000000000e+00
2.687499999999999958e-02,1.687499999999999981e-03,3.168042924921781491e+02,5.999999999999999778e-01,3.556701030927835166e-03,1.000000000000000000e+00
2.812500000000000069e-02,1.687499999999999981e-03,3.170686428975511717e+02,5.999999999999999778e-01,3.556701030927835166e-03,1.000000000000000000e+00
2.937500000000000180e-02,1.687499999999999981e-03,3.173197497472880286e+02,5.999999999999999778e-01,3.556701030927835166e-03,1.000000000000000000e+00
3.062499999999999944e-02,1.687499999999999981e-03,3.175589819876341267e+02,5.999999999999999778e-01,3.556701030927835166e-03,1.000000000000000000e+00
3.187500000000000056e-02,1.687499999999999981e-03,3.177875345787098809e+02,5.999999999999999778e-01,3.556701030927835166e-03,1.000000000000000000e+00
3.312500000000000167e-02,1.687499999999999981e-03,3.180064547085887057e+02,5.999999999999999778e-01,3.556701030927835166e-03,1.000000000000000000e+00
3.437500000000000278e-02,1.687499999999999981e-03,3.182166631901833398e+02,5.999999999999999778e-01,3.556701030927835166e-03,1.000000000000000000e+00
3.562500000000000389e-02,1.687499999999999981e-03,3.184189720973006388e+02,5.999999999999999778e-01,3.556701030927835166e-03,1.000000000000000000e+00
3.687499999999999806e-02,1.687499999999999981e-03,3.186140994343374473e+02,5.999999999999999778e-01,3.556701030927835166e-03,1.000000000000000000e+00
3.812499999999999917e-02,1.687499999999999981e-03,3.188026814425335829e+02,5.999999999999999778e-01,3.556701030927835166e-03,1.000000000000000000e+00
3.937500000000000028e-02,1.687499999999999981e-03,3.189852830044042094e+02,5.999999999999999778e-01,3.556701030927835166e-03,1.000000000000000000e+00
4.062500000000000139e-02,1.687499999999999981e-03,3.191624065029325266e+02,5.999999999999999778e-01,3.556701030927835166e-03,1.000000000000000000e+00
4.187500000000000250e-02,1.687499999999999981e-03,3.193344994134358785e+02,5.999999999999999778e-01,3.556701030927835166e-03,1.000000000000000000e+00
4.312500000000000361e-02,1.687499999999999981e-03,3.195019608466620866e+02,5.999999999999999778e-01,3.556701030927835166e-03,1.000000000000000000e+00
4.437499999999999778e-02,1.687499999999999981e-03,3.196651472165772816e+02,5.999999999999999778e-01,3.556701030927835166e-03,1.000000000000000000e+00
4.562499999999999889e-02,1.687499999999999981e-03,3.198243771717725963e+02,5.999999999999999778e-01,3.556701030927835166e-03,1.000000000000000000e+00
4.687500000000000000e-02,1.687499999999999981e-03,3.199799359027928745e+02,5.999999999999999778e-01,3.556701030927835166e-03,1.000000000000000000e+00
4.812500000000000111e-02,1.687499999999999981e-03,3.201320789169914747e+02,5.999999999999999778e-01,3.556701030927835166e-03,1.000000000000000000e+00
4.937500000000000222e-02,1.687499999999999981e-03,3.202810353562911700e+02,5.999999999999999778e-01,3.556701030927835166e-03,1.000000000000000000e+00
5.062500000000000333e-02,1.687499999999999981e-03,3.204270109204215942e+02,5.999999999999999778e-01,3.556701030927835166e-03,1.000000000000000000e+00
5.187500000000000444e-02,1.687499999999999981e-03,3.205701904479885798e+02,5.999999999999999778e-01,3.556701030927835166e-03,1.000000000000000000e+00
5.312499999999999861e-02,1.687499999999999981e-03,3.207107401995211831e+02,5.999999999999999778e-01,3.556701030927835166e-03,1.000000000000000000e+00
5.437499999999999972e-02,1.687499999999999981e-03,3.208488098799837189e+02,5.999999999999999778e-01,3.556701030927835166e-03,1.000000000000000000e+00
5.562500000000000083e-02,1.687499999999999981e-03,3.209845344327933958e+02,5.999999999999999778e-01,3.556701030927835166e-03,1.000000000000000000e+00
5.687500000000000194e-02,1.687499999999999981e-03,3.211180356328916332e+02,5.999999999999999778e-01,3.556701030927835166e-03,1.000000000000000000e+00
5.812500000000000305e-02,1.687499999999999981e-03,3.212494235026719025e+02,5.999999999999999778e-01,3.556701030927835166e-03,1.000000000000000000e+00
5.937500000000000416e-02,1.687499999999999981e-03,3.213787975714403160e+02,5.999999999999999778e-01,3.556701030927835166e-03,1.000000000000000000e+00
6.062499999999999833e-02,1.687499999999999981e-03,3.215062479964249178e+02,5.999999999999999778e-01,3.556701030927835166e-03,1.000000000000000000e+00
6.187499999999999944e-02,1.687499999999999981e-03,3.216318565611054510e+02,5.999999999999999778e-01,3.556701030927835166e-03,1.000000000000000000e+00
6.312500000000000056e-02,1.687499999999999981e-03,3.217556975646985507e+02,5.999999999999999778e-01,3.556701030927835166e-03,1.000000000000000000e+00
6.437500000000000167e-02,1.687499999999999981e-03,3.218778386149774633e+02,5.999999999999999778e-01,3.556701030927835166e-03,1.000000000000000000e+00
6.562500000000000278e-02,1.687499999999999981e-03,3.219983413351666286e+02,5.999999999999999778e-01,3.556701030927835166e-03,1.000000000000000000e+00
6.687500000000000389e-02,1.687499999999999981e-03,3.221172619944011331e+02,5.999999999999999778e-01,3.556701030927835166e-03,1.000000000000000000e+00
6.812500000000000500e-02,1.687499999999999981e-03,3.222346520701512418e+02,5.999999999999999778e-01,3.556701030927835166e-03,1.000000000000000000e+00
6.937500000000000611e-02,1.687499999999999981e-03,3.223505587500600882e+02,5.999999999999999778e-01,3.556701030927835166e-03,1.000000000000000000e+00
7.062500000000000722e-02,1.687499999999999981e-03,3.224650253797989308e+02,5.999999999999999778e-01,3.556701030927835166e-03,1.000000000000000000e+00
7.187500000000000833e-02,1.687499999999999981e-03,3.225780918628161089e+02,5.999999999999999778e-01,3.556701030927835166e-03,1.000000000000000000e+00
7.312499999999999556e-02,1.687499999999999981e-03,3.226897950171917273e+02,5.999999999999999778e-01,3.556701030927835166e-03,1.000000000000000000e+00
7.437499999999999667e-02,1.687499999999999981e-03,3.228001688942445071e+02,5.999999999999999778e-01,3.556701030927835166e-03,1.000000000000000000e+00
7.562499999999999778e-02,1.687499999999999981e-03,3.229092450630232634e+02,5.999999999999999778e-01,3.556701030927835166e-03,1.000000000000000000e+00
7.687499999999999889e-02,1.687499999999999981e-03,3.230170528643624834e+02,5.999999999999999778e-01,3.556701030927835166e-03,1.000000000000000000e+00
7.812500000000000000e-02,1.687499999999999981e-03,3.231236196377845999e+02,5.999999999999999778e-01,3.556701030927835166e-03,1.000000000000000000e+00
7.937500000000000111e-02,1.687499999999999981e-03,3.232289709241698574e+02,5.999999999999999778e-01,3.556701030927835166e-03,1.000000000000000000e+00
8.062500000000000222e-02,1.687499999999999981e-03,3.233331306468007824e+02,5.999999999999999778e-01,3.556701030927835166e-03,1.000000000000000000e+00
8.187500000000000333e-02,1.687499999999999981e-03,3.234361212731041064e+02,5.999999999999999778e-01,3.556701030927835166e-03,1.000000000000000000e+00
8.312500000000000444e-02,1.687499999999999981e-03,3.235379639591674277e+02,5.999999999999999778e-01,3.556701030927835166e-03,1.000000000000000000e+00
8.437500000000000555e-02,1.687499999999999981e-03,3.236386786788731342e+02,5.999999999999999778e-01,3.556701030927835166e-03,1.000000000000000000e+00
8.562500000000000666e-02,1.687499999999999981e-03,3.237382843393077110e+02,5.999999999999999778e-01,3.556701030927835166e-03,1.000000000000000000e+00
8.687500000000000777e-02,1.687499999999999981e-03,3.238367988839092959e+02,5.999999999999999778e-01,3.556701030927835166e-03,1.000000000000000000e+00
8.812499999999999500e-02,1.687499999999999981e-03,3.239342393846720825e+02,5.999999999999999778e-01,3.556701030927835166e-03,1.000000000000000000e+00
8.937499999999999611e-02,1.687499999999999981e-03,3.240306221245500637e+02,5.999999999999999778e-01,3.556701030927835166e-03,1.000000000000000000e+00
9.062499999999999722e-02,1.687499999999999981e-03,3.241259626709731947e+02,5.999999999999999778e-01,3.556701030927835166e-03,1.000000000000000000e+00
9.187499999999999833e-02,1.687499999999999981e-03,3.242202759405999473e+02,5.999999999999999778e-01,3.556701030927835166e-03,1.000000000000000000e+00
9.312499999999999944e-02,1.687499999999999981e-03,3.243135762513474560e+02,5.999999999999999778e-01,3.556701030927835166e-03,1.000000000000000000e+00
9.437500000000000056e-02,1.687499999999999981e-03,3.244058773331749990e+02,5.999999999999999778e-01,3.556701030927835166e-03,1.000000000000000000e+00
9.562500000000000167e-02,1.687499999999999981e-03,3.244971920868039206e+02,5.999999999999999778e-01,3.556701030927835166e-03,1.000000000000000000e+00
9.687500000000000278e-02,1.687499999999999981e-03,3.245875294376680813e+02,5.999999999999999778e-01,3.556701030927835166e-03,1.000000000000000000e+00
9.812500000000000389e-02,1.687499999999999981e-03,3.246768224187919714e+02,5.999999999999999778e-01,3.556701030927835166e-03,1.000000000000000000e+00
9.937500000000000500e-02,1.687499999999999981e-03,3.247626311558794328e+02,5.999999999999999778e-01,3.556701030927835166e-03,1.000000000000000000e+00
6.250000000000000130e-04,1.812500000000000092e-03,2.946408003912661115e+02,5.999999999999999778e-01,4.081537019681350832e-03,1.000000000000000000e+00
1.874999999999999931e-03,1.812500000000000092e-03,2.968921776055212263e+02,5.999999999999999778e-01,4.081537019681350832e-03,1.000000000000000000e+00
3.125000000000000173e-03,1.812500000000000092e-03,2.991490958677425738e+02,5.999999999999999778e-01,4.081537019681350832e-03,1.000000000000000000e+00
4.375000000000000416e-03,1.812500000000000092e-03,3.011516882902031966e+02,5.999999999999999778e-01,4.081537019681350832e-03,1.000000000000000000e+00
5.624999999999999792e-03,1.812500000000000092e-03,3.028634430174726049e+02,5.999999999999999778e-01,4.081537019681350832e-03,1.000000000000000000e+00
6.875000000000000035e-03,1.812500000000000092e-03,3.043187741241706590e+02,5.999999999999999778e-01,4.081537019681350832e-03,1.000000000000000000e+00
8.125000000000000278e-03,1.812500000000000092e-03,3.055642284907705744e+02,5.999999999999999778e-01,4.081537019681350832e-03,1.000000000000000000e+00
9.374999999999999653e-03,1.812500000000000092e-03,3.066411950334580752e+02,5.999999999999999778e-01,4.081537019681350832e-03,1.000000000000000000e+00
1.062500000000000076e-02,1.812500000000000092e-03,3.075827632980038402e+02,5.999999999999999778e-01,4.081537019681350832e-03,1.000000000000000000e+00
1.187500000000000014e-02,1.812500000000000092e-03,3.084145701919762814e+02,5.999999999999999778e-01,4.081537019681350832e-03,1.000000000000000000e+00
1.312499999999999951e-02,1.812500000000000092e-03,3.091563898752011710e+02,5.999999999999999778e-01,4.081537019681350832e-03,1.000000000000000000e+00
1.437500000000000062e-02,1.812500000000000092e-03,3.098235726360160243e+02,5.999999999999999778e-01,4.081537019681350832e-03,1.000000000000000000e+00
1.562500000000000000e-02,1.812500000000000092e-03,3.104281641172676132e+02,5.999999999999999778e-01,4.081537019681350832e-03,1.000000000000000000e+00
1.687500000000000111e-02,1.812500000000000092e-03,3.109797339340767621e+02,5.999999999999999778e-01,4.081537019681350832e-03,1.000000000000000000e+00
1.812499999999999875e-02,1.812500000000000092e-03,3.114859801752864996e+02,5.999999999999999778e-01,4.081537019681350832e-03,1.000000000000000000e+00
1.937499999999999986e-02,1.812500000000000092e-03,3.119531703002395489e+02,5.999999999999999778e-01,4.081537019681350832e-03,1.000000000000000000e+00
2.062500000000000097e-02,1.812500000000000092e-03,3.123864647459034245e+02,5.999999999999999778e-01,4.081537019681350832e-03,1.000000000000000000e+00
2.187500000000000208e-02,1.812500000000000092e-03,3.127901566705243681e+02,5.999999999999999778e-01,4.081537019681350832e-03,1.000000000000000000e+00
2.312499999999999972e-02,1.812500000000000092e-03,3.131678514682439527e+02,5.999999999999999778e-01,4.081537019681350832e-03,1.000000000000000000e+00
2.437500000000000083e-02,1.812500000000000092e-03,3.135226026938711357e+02,5.999999999999999778e-01,4.081537019681350832e-03,1.000000000000000000e+00
2.562500000000000194e-02,1.812500000000000092e-03,3.138570161499786195e+02,5.999999999999999778e-01,4.081537019681350832e-03,1.000000000000000000e+00
2.687499999999999958e-02,1.812500000000000092e-03,3.141733304931186694e+02,5.999999999999999778e-01,4.081537019681350832e-03,1.000000000000000000e+00
2.812500000000000069e-02,1.812500000000000092e-03,3.144734803511538530e+02,5.999999999999999778e-01,4.081537019681350832e-03,1.000000000000000000e+00
2.937500000000000180e-02,1.812500000000000092e-03,3.147591462862422418e+02,5.999999999999999778e-01,4.081537019681350832e-03,1.000000000000000000e+00
3.062499999999999944e-02,1.812500000000000092e-03,3.150317947669863088e+02,5.999999999999999778e-01,4.081537019681350832e-03,1.000000000000000000e+00
3.187500000000000056e-02,1.812500000000000092e-03,3.152927104786952555e+02,5.999999999999999778e-01,4.081537019681350832e-03,1.000000000000000000e+00
3.312500000000000167e-02,1.812500000000000092e-03,3.155430227008617976e+02,5.999999999999999778e-01,4.081537019681350832e-03,1.000000000000000000e+00
3.437500000000000278e-02,1.812500000000000092e-03,3.157837270461894832e+02,5.999999999999999778e-01,4.081537019681350832e-03,1.000000000000000000e+00
3.562500000000000389e-02,1.812500000000000092e-03,3.160157035379490935e+02,5.999999999999999778e-01,4.081537019681350832e-03,1.000000000000000000e+00
3.687499999999999806e-02,1.812500000000000092e-03,3.162397317687592135e+02,5.999999999999999778e-01,4.081537019681350832e-03,1.000000000000000000e+00
3.812499999999999917e-02,1.812500000000000092e-03,3.164565037107221883e+02,5.999999999999999778e-01,4.081537019681350832e-03,1.000000000000000000e+00
3.937500000000000028e-02,1.812500000000000092e-03,3.166666346176625098e+02,5.999999999999999778e-01,4.081537019681350832e-03,1.000000000000000000e+00
4.062500000000000139e-02,1.812500000000000092e-03,3.168706723631989348e+02,5.999999999999999778e-01,4.081537019681350832e-03,1.000000000000000000e+00
4.187500000000000250e-02,1.812500000000000092e-03,3.170691054850488513e+02,5.999999999999999778e-01,4.081537019681350832e-03,1.000000000000000000e+00
4.312500000000000361e-02,1.812500000000000092e-03,3.172623701501534015e+02,5.999999999999999778e-01,4.081537019681350832e-03,1.000000000000000000e+00
4.437499999999999778e-02,1.812500000000000092e-03,3.174508562124575519e+02,5.999999999999999778e-01,4.081537019681350832e-03,1.000000000000000000e+00
4.562499999999999889e-02,1.812500000000000092e-03,3.176349125021792474e+02,5.999999999999999778e-01,4.081537019681350832e-03,1.000000000000000000e+00
4.687500000000000000e-02,1.812500000000000092e-03,3.178148514597511962e+02,5.999999999999999778e-01,4.081537019681350832e-03,1.000000000000000000e+00
4.812500000000000111e-02,1.812500000000000092e-03,3.179909532075186576e+02,5.999999999999999778e-01,4.081537019681350832e-03,1.000000000000000000e+00
4.937500000000000222e-02,1.812500000000000092e-03,3.181634691363980210e+02,5.999999999999999778e-01,4.081537019681350832e-03,1.000000000000000000e+00
5.062500000000000333e-02,1.812500000000000092e-03,3.183326250720541566e+02,5.999999999999999778e-01,4.081537019681350832e-03,1.000000000000000000e+00
5.187500000000000444e-02,1.812500000000000092e-03,3.184986240749990998e+02,5.999999999999999778e-01,4.081537019681350832e-03,1.000000000000000000e+00
5.312499999999999861e-02,1.812500000000000092e-03,3.186616489207714267e+02,5.999999999999999778e-01,4.081537019681350832e-03,1.000000000000000000e+00
5.437499999999999972e-02,1.812500000000000092e-03,3.188218642996304197e+02,5.999999999999999778e-01,4.081537019681350832e-03,1.000000000000000000e+00
5.562500000000000083e-02,1.812500000000000092e-03,3.189794187696457470e+02,5.999999999999999778e-01,4.081537019681350832e-03,1.000000000000000000e+00
5.687500000000000194e-02,1.812500000000000092e-03,3.191344464924499107e+02,5.999999999999999778e-01,4.081537019681350832e-03,1.000000000000000000e+00
5.812500000000000305e-02,1.812500000000000092e-03,3.192870687770522977e+02,5.999999999999999778e-01,4.081537019681350832e-03,1.000000000000000000e+00
5.937500000000000416e-02,1.812500000000000092e-03,3.194373954538515363e+02,5.999999999999999778e-01,4.081537019681350832e-03,1.000000000000000000e+00
6.062499999999999833e-02,1.812500000000000092e-03,3.195855260982059463e+02,5.999999999999999778e-01,4.081537019681350832e-03,1.000000000000000000e+00
6.187499999999999944e-02,1.812500000000000092e-03,3.197315511205476355e+02,5.999999999999999778e-01,4.081537019681350832e-03,1.000000000000000000e+00
6.312500000000000056e-02,1.812500000000000092e-03,3.198755527379832984e+02,5.999999999999999778e-01,4.081537019681350832e-03,1.000000000000000000e+00
6.437500000000000167e-02,1.812500000000000092e-03,3.200176058405598951e+02,5.999999999999999778e-01,4.081537019681350832e-03,1.000000000000000000e+00
6.562500000000000278e-02,1.812500000000000092e-03,3.201577787638351538e+02,5.999999999999999778e-01,4.081537019681350832e-03,1.000000000000000000e+00
6.687500000000000389e-02,1.812500000000000092e-03,3.202961339780580374e+02,5.999999999999999778e-01,4.081537019681350832e-03,1.000000000000000000e+00
6.812500000000000500e-02,1.812500000000000092e-03,3.204327287030860134e+02,5.999999999999999778e-01,4.081537019681350832e-03,1.000000000000000000e+00
6.937500000000000611e-02,1.812500000000000092e-03,3.205676154571466441e+02,5.999999999999999778e-01,4.081537019681350832e-03,1.000000000000000000e+00
7.062500000000000722e-02,1.812500000000000092e-03,3.207008425466352151e+02,5.999999999999999778e-01,4.081537019681350832e-03,1.000000000000000000e+00
7.187500000000000833e-02,1.812500000000000092e-03,3.208324545033482309e+02,5.999999999999999778e-01,4.081537019681350832e-03,1.000000000000000000e+00
7.312499999999999556e-02,1.812500000000000092e-03,3.209624924748447938e+02,5.999999999999999778e-01,4.081537019681350832e-03,1.000000000000000000e+00
7.437499999999999667e-02,1.812500000000000092e-03,3.210909945729978858e+02,5.999999999999999778e-01,4.081537019681350832e-03,1.000000000000000000e+00
7.562499999999999778e-02,1.812500000000000092e-03,3.212179961852524457e+02,5.999999999999999778e-01,4.081537019681350832e-03,1.000000000000000000e+00
7.687499999999999889e-02,1.812500000000000092e-03,3.213435302526041255e+02,5.999999999999999778e-01,4.081537019681350832e-03,1.000000000000000000e+00
7.812500000000000000e-02,1.812500000000000092e-03,3.214676275178868536e+02,5.999999999999999778e-01,4.081537019681350832e-03,1.000000000000000000e+00
7.937500000000000111e-02,1.812500000000000092e-03,3.215903167475602231e+02,5.999999999999999778e-01,4.081537019681350832e-03,1.000000000000000000e+00
8.062500000000000222e-02,1.812500000000000092e-03,3.217116249298446178e+02,5.999999999999999778e-01,4.081537019681350832e-03,1.000000000000000000e+00
8.187500000000000333e-02,1.812500000000000092e-03,3.218315774517462842e+02,5.999999999999999778e-01,4.081537019681350832e-03,1.000000000000000000e+00
8.312500000000000444e-02,1.812500000000000092e-03,3.219501982572387533e+02,5.999999999999999778e-01,4.081537019681350832e-03,1.000000000000000000e+00
8.437500000000000555e-02,1.812500000000000092e-03,3.220675099886185535e+02,5.999999999999999778e-01,4.081537019681350832e-03,1.000000000000000000e+00
8.562500000000000666e-02,1.812500000000000092e-03,3.221835341128473829e+02,5.999999999999999778e-01,4.081537019681350832e-03,1.000000000000000000e+00
8.687500000000000777e-02,1.812500000000000092e-03,3.222982910344812240e+02,5.999999999999999778e-01,4.081537019681350832e-03,1.000000000000000000e+00
8.812499999999999500e-02,1.812500000000000092e-03,3.224118001966296561e+02,5.999999999999999778e-01,4.081537019681350832e-03,1.000000000000000000e+00
8.937499999999999611e-02,1.812500000000000092e-03,3.225240801712069469e+02,5.999999999999999778e-01,4.081537019681350832e-03,1.000000000000000000e+00
9.062499999999999722e-02,1.812500000000000092e-03,3.226351487395425011e+02,5.999999999999999778e-01,4.081537019681350832e-03,1.000000000000000000e+00
9.187499999999999833e-02,1.812500000000000092e-03,3.227450229638872656e+02,5.999999999999999778e-01,4.081537019681350832e-03,1.000000000000000000e+00
9.312499999999999944e-02,1.812500000000000092e-03,3.228537192478578959e+02,5.999999999999999778e-01,4.081537019681350832e-03,1.000000000000000000e+00
9.437500000000000056e-02,1.812500000000000092e-03,3.229612533688168696e+02,5.999999999999999778e-01,4.081537019681350832e-03,1.000000000000000000e+00
9.562500000000000167e-02,1.812500000000000092e-03,3.230676403430595087e+02,5.999999999999999778e-01,4.081537019681350832e-03,1.000000000000000000e+00
9.687500000000000278e-02,1.812500000000000092e-03,3.231728919808165301e+02,5.999999999999999778e-01,4.081537019681350832e-03,1.000000000000000000e+00
9.812500000000000389e-02,1.812500000000000092e-03,3.232769492063106895e+02,5.999999999999999778e-01,4.081537019681350832e-03,1.000000000000000000e+00
9.937500000000000500e-02,1.812500000000000092e-03,3.233772521581618093e+02,5.999999999999999778e-01,4.081537019681350832e-03,1.000000000000000000e+00
6.250000000000000130e-04,1.937499999999999986e-03,2.939424885540582864e+02,5.999999999999999778e-01,4.568884723523899266e-03,1.000000000000000000e+00
1.874999999999999931e-03,1.937499999999999986e-03,2.953785500091709082e+02,5.999999999999999778e-01,4.568884723523899266e-03,1.000000000000000000e+00
3.125000000000000173e-03,1.937499999999999986e-03,2.970334546154941791e+02,5.999999999999999778e-01,4.568884723523899266e-03,1.000000000000000000e+00
4.375000000000000416e-03,1.937499999999999986e-03,2.986582654499898695e+02,5.999999999999999778e-01,4.568884723523899266e-03,1.000000000000000000e+00
5.624999999999999792e-03,1.937499999999999986e-03,3.001511931150091641e+02,5.999999999999999778e-01,4.568884723523899266e-03,1.000000000000000000e+00
6.875000000000000035e-03,1.937499999999999986e-03,3.014877824813823963e+02,5.999999999999999778e-01,4.568884723523899266e-03,1.000000000000000000e+00
8.125000000000000278e-03,1.937499999999999986e-03,3.026752930956878913e+02,5.999999999999999778e-01,4.568884723523899266e-03,1.000000000000000000e+00
9.374999999999999653e-03,1.937499999999999986e-03,3.037310752144546200e+02,5.999999999999999778e-01,4.568884723523899266e-03,1.000000000000000000e+00
1.062500000000000076e-02,1.937499999999999986e-03,3.046738064278422371e+02,5.999999999999999778e-01,4.568884723523899266e-03,1.000000000000000000e+00
1.187500000000000014e-02,1.937499999999999986e-03,3.055204361767995920e+02,5.999999999999999778e-01,4.568884723523899266e-03,1.000000000000000000e+00
1.312499999999999951e-02,1.937499999999999986e-03,3.062854229288463443e+02,5.999999999999999778e-01,4.568884723523899266e-03,1.000000000000000000e+00
1.437500000000000062e-02,1.937499999999999986e-03,3.069808085712570573e+02,5.999999999999999778e-01,4.568884723523899266e-03,1.000000000000000000e+00
1.562500000000000000e-02,1.937499999999999986e-03,3.076165476323999428e+02,5.999999999999999778e-01,4.568884723523899266e-03,1.000000000000000000e+00
1.687500000000000111e-02,1.937499999999999986e-03,3.082008721691798314e+02,5.999999999999999778e-01,4.568884723523899266e-03,1.000000000000000000e+00
1.812499999999999875e-02,1.937499999999999986e-03,3.087406185638118359e+02,5.999999999999999778e-01,4.568884723523899266e-03,1.000000000000000000e+00
1.937499999999999986e-02,1.937499999999999986e-03,3.092414984421075701e+02,5.999999999999999778e-01,4.568884723523899266e-03,1.000000000000000000e+00
2.062500000000000097e-02,1.937499999999999986e-03,3.097083159731432715e+02,5.999999999999999778e-01,4.568884723523899266e-03,1.000000000000000000e+00
2.187500000000000208e-02,1.937499999999999986e-03,3.101451397750405476e+02,5.999999999999999778e-01,4.568884723523899266e-03,1.000000000000000000e+00
2.312499999999999972e-02,1.937499999999999986e-03,3.105554383495550042e+02,5.999999999999999778e-01,4.568884723523899266e-03,1.000000000000000000e+00
2.437500000000000083e-02,1.937499999999999986e-03,3.109421869094921931e+02,5.999999999999999778e-01,4.568884723523899266e-03,1.000000000000000000e+00
2.562500000000000194e-02,1.937499999999999986e-03,3.113079520030016170e+02,5.999999999999999778e-01,4.568884723523899266e-03,1.000000000000000000e+00
2.687499999999999958e-02,1.937499999999999986e-03,3.116549589633225992e+02,5.999999999999999778e-01,4.568884723523899266e-03,1.000000000000000000e+00
2.812500000000000069e-02,1.937499999999999986e-03,3.119851460632432918e+02,5.999999999999999778e-01,4.568884723523899266e-03,1.000000000000000000e+00
2.937500000000000180e-02,1.937499999999999986e-03,3.123002083425186015e+02,5.999999999999999778e-01,4.568884723523899266e-03,1.000000000000000000e+00
3.062499999999999944e-02,1.937499999999999986e-03,3.126016333729083385e+02,5.999999999999999778e-01,4.568884723523899266e-03,1.000000000000000000e+00
3.187500000000000056e-02,1.937499999999999986e-03,3.128907306892004385e+02,5.999999999999999778e-01,4.568884723523899266e-03,1.000000000000000000e+00
3.312500000000000167e-02,1.937499999999999986e-03,3.131686562084289562e+02,5.999999999999999778e-01,4.568884723523899266e-03,1.000000000000000000e+00
3.437500000000000278e-02,1.937499999999999986e-03,3.134364326526132913e+02,5.999999999999999778e-01,4.568884723523899266e-03,1.000000000000000000e+00
3.562500000000000389e-02,1.937499999999999986e-03,3.136949667585035968e+02,5.999999999999999778e-01,4.568884723523899266e-03,1.000000000000000000e+00
3.687499999999999806e-02,1.937499999999999986e-03,3.139450638823855115e+02,5.999999999999999778e-01,4.568884723523899266e-03,1.000000000000000000e+00
3.812499999999999917e-02,1.937499999999999986e-03,3.141874404749042355e+02,5.999999999999999778e-01,4.568884723523899266e-03,1.000000000000000000e+00
3.937500000000000028e-02,1.937499999999999986e-03,3.144227347995399668e+02,5.999999999999999778e-01,4.568884723523899266e-03,1.000000000000000000e+00
4.062500000000000139e-02,1.937499999999999986e-03,3.146515161908980645e+02,5.999999999999999778e-01,4.568884723523899266e-03,1.000000000000000000e+00
4.187500000000000250e-02,1.937499999999999986e-03,3.148742930894572964e+02,5.999999999999999778e-01,4.568884723523899266e-03,1.000000000000000000e+00
4.312500000000000361e-02,1.937499999999999986e-03,3.150915200434274084e+02,5.999999999999999778e-01,4.568884723523899266e-03,1.000000000000000000e+00
4.437499999999999778e-02,1.937499999999999986e-03,3.153036038326330299e+02,5.999999999999999778e-01,4.568884723523899266e-03,1.000000000000000000e+00
4.562499999999999889e-02,1.937499999999999986e-03,3.155109088413584004e+02,5.999999999999999778e-01,4.568884723523899266e-03,1.000000000000000000e+00
4.687500000000000000e-02,1.937499999999999986e-03,3.157137617850457900e+02,5.999999999999999778e-01,4.568884723523899266e-03,1.000000000000000000e+00
4.812500000000000111e-02,1.937499999999999986e-03,3.159124558782237386e+02,5.999999999999999778e-01,4.568884723523899266e-03,1.000000000000000000e+00
4.937500000000000222e-02,1.937499999999999986e-03,3.161072545170176227e+02,5.999999999999999778e-01,4.568884723523899266e-03,1.000000000000000000e+00
5.062500000000000333e-02,1.937499999999999986e-03,3.162983945382710544e+02,5.999999999999999778e-01,4.568884723523899266e-03,1.000000000000000000e+00
5.187500000000000444e-02,1.937499999999999986e-03,3.164860891080946885e+02,5.999999999999999778e-01,4.568884723523899266e-03,1.000000000000000000e+00
5.312499999999999861e-02,1.937499999999999986e-03,3.166705302850732551e+02,5.999999999999999778e-01,4.568884723523899266e-03,1.000000000000000000e+00
5.437499999999999972e-02,1.937499999999999986e-03,3.168518912971100008e+02,5.999999999999999778e-01,4.568884723523899266e-03,1.000000000000000000e+00
5.562500000000000083e-02,1.937499999999999986e-03,3.170303285656430035e+02,5.999999999999999778e-01,4.568884723523899266e-03,1.000000000000000000e+00
5.687500000000000194e-02,1.937499999999999986e-03,3.172059835065767857e+02,5.999999999999999778e-01,4.568884723523899266e-03,1.000000000000000000e+00
5.812500000000000305e-02,1.937499999999999986e-03,3.173789841335391202e+02,5.999999999999999778e-01,4.568884723523899266e-03,1.000000000000000000e+00
5.937500000000000416e-02,1.937499999999999986e-03,3.175494464858988977e+02,5.999999999999999778e-01,4.568884723523899266e-03,1.000000000000000000e+00
6.062499999999999833e-02,1.937499999999999986e-03,3.177174759012548861e+02,5.999999999999999778e-01,4.568884723523899266e-03,1.000000000000000000e+00
6.187499999999999944e-02,1.937499999999999986e-03,3.178831681497505315e+02,5.999999999999999778e-01,4.568884723523899266e-03,1.000000000000000000e+00
6.312500000000000056e-02,1.937499999999999986e-03,3.180466104455348386e+02,5.999999999999999778e-01,4.568884723523899266e-03,1.000000000000000000e+00
6.437500000000000167e-02,1.937499999999999986e-03,3.182078823489176784e+02,5.999999999999999778e-01,4.568884723523899266e-03,1.000000000000000000e+00
6.562500000000000278e-02,1.937499999999999986e-03,3.183670565712113785e+02,5.999999999999999778e-01,4.568884723523899266e-03,1.000000000000000000e+00
6.687500000000000389e-02,1.937499999999999986e-03,3.185241996928994013e+02,5.999999999999999778e-01,4.568884723523899266e-03,1.000000000000000000e+00
6.812500000000000500e-02,1.937499999999999986e-03,3.186793728045725516e+02,5.999999999999999778e-01,4.568884723523899266e-03,1.000000000000000000e+00
6.937500000000000611e-02,1.937499999999999986e-03,3.188326320790265527e+02,5.999999999999999778e-01,4.568884723523899266e-03,1.000000000000000000e+00
7.062500000000000722e-02,1.937499999999999986e-03,3.189840292819800425e+02,5.999999999999999778e-01,4.568884723523899266e-03,1.000000000000000000e+00
7.187500000000000833e-02,1.937499999999999986e-03,3.191336122280546306e+02,5.999999999999999778e-01,4.568884723523899266e-03,1.000000000000000000e+00
7.312499999999999556e-02,1.937499999999999986e-03,3.192814251879299832e+02,5.999999999999999778e-01,4.568884723523899266e-03,1.000000000000000000e+00
7.437499999999999667e-02,1.937499999999999986e-03,3.194275092519353052e+02,5.999999999999999778e-01,4.568884723523899266e-03,1.000000000000000000e+00
7.562499999999999778e-02,1.937499999999999986e-03,3.195719026547777162e+02,5.999999999999999778e-01,4.568884723523899266e-03,1.000000000000000000e+00
7.687499999999999889e-02,1.937499999999999986e-03,3.197146410655803948e+02,5.999999999999999778e-01,4.568884723523899266e-03,1.000000000000000000e+00
7.812500000000000000e-02,1.937499999999999986e-03,3.198557578469699365e+02,5.999999999999999778e-01,4.568884723523899266e-03,1.000000000000000000e+00
7.937500000000000111e-02,1.937499999999999986e-03,3.199952842865331490e+02,5.999999999999999778e-01,4.568884723523899266e-03,1.000000000000000000e+00
8.062500000000000222e-02,1.937499999999999986e-03,3.201332498036121592e+02,5.999999999999999778e-01,4.568884723523899266e-03,1.000000000000000000e+00
8.187500000000000333e-02,1.937499999999999986e-03,3.202696821340852011e+02,5.999999999999999778e-01,4.568884723523899266e-03,1.000000000000000000e+00
8.312500000000000444e-02,1.937499999999999986e-03,3.204046074954948722e+02,5.999999999999999778e-01,4.568884723523899266e-03,1.000000000000000000e+00
8.437500000000000555e-02,1.937499999999999986e-03,3.205380507346289960e+02,5.999999999999999778e-01,4.568884723523899266e-03,1.000000000000000000e+00
8.562500000000000666e-02,1.937499999999999986e-03,3.206700354594409532e+02,5.999999999999999778e-01,4.568884723523899266e-03,1.000000000000000000e+00
8.687500000000000777e-02,1.937499999999999986e-03,3.208005841569805057e+02,5.999999999999999778e-01,4.568884723523899266e-03,1.000000000000000000e+00
8.812499999999999500e-02,1.937499999999999986e-03,3.209297182988391341e+02,5.999999999999999778e-01,4.568884723523899266e-03,1.000000000000000000e+00
8.937499999999999611e-02,1.937499999999999986e-03,3.210574584354329772e+02,5.999999999999999778e-01,4.568884723523899266e-03,1.000000000000000000e+00
9.062499999999999722e-02,1.937499999999999986e-03,3.211838242802756440e+02,5.999999999999999778e-01,4.568884723523899266e-03,1.000000000000000000e+00
9.187499999999999833e-02,1.937499999999999986e-03,3.213088347850208493e+02,5.999999999999999778e-01,4.568884723523899266e-03,1.000000000000000000e+00
9.312499999999999944e-02,1.937499999999999986e-03,3.214325082045601221e+02,5.999999999999999778e-01,4.568884723523899266e-03,1.000000000000000000e+00
9.437500000000000056e-02,1.937499999999999986e-03,3.215548621424154021e+02,5.999999999999999778e-01,4.568884723523899266e-03,1.000000000000000000e+00
9.562500000000000167e-02,1.937499999999999986e-03,3.216759134843969150e+02,5.999999999999999778e-01,4.568884723523899266e-03,1.000000000000000000e+00
9.687500000000000278e-02,1.937499999999999986e-03,3.217956764627876964e+02,5.999999999999999778e-01,4.568884723523899266e-03,1.000000000000000000e+00
9.812500000000000389e-02,1.937499999999999986e-03,3.219140989967183941e+02,5.999999999999999778e-01,4.568884723523899266e-03,1.000000000000000000e+00
9.937500000000000500e-02,1.937499999999999986e-03,3.220285272541847235e+02,5.999999999999999778e-01,4.568884723523899266e-03,1.000000000000000000e+00
6.250000000000000130e-04,2.062500000000000097e-03,2.935609762355780958e+02,5.999999999999999778e-01,5.018744142455483503e-03,1.000000000000000000e+00
1.874999999999999931e-03,2.062500000000000097e-03,2.944341050821667523e+02,5.999999999999999778e-01,5.018744142455483503e-03,1.000000000000000000e+00
3.125000000000000173e-03,2.062500000000000097e-03,2.955765573385958760e+02,5.999999999999999778e-01,5.018744142455483503e-03,1.000000000000000000e+00
4.375000000000000416e-03,2.062500000000000097e-03,2.968126309584181399e+02,5.999999999999999778e-01,5.018744142455483503e-03,1.000000000000000000e+00
5.624999999999999792e-03,2.062500000000000097e-03,2.980345032663759639e+02,5.999999999999999778e-01,5.018744142455483503e-03,1.000000000000000000e+00
6.875000000000000035e-03,2.062500000000000097e-03,2.991900753978516718e+02,5.999999999999999778e-01,5.018744142455483503e-03,1.000000000000000000e+00
8.125000000000000278e-03,2.062500000000000097e-03,3.002601542409302056e+02,5.999999999999999778e-01,5.018744142455483503e-03,1.000000000000000000e+00
9.374999999999999653e-03,2.062500000000000097e-03,3.012421538544655277e+02,5.999999999999999778e-01,5.018744142455483503e-03,1.000000000000000000e+00
1.062500000000000076e-02,2.062500000000000097e-03,3.021408985389917916e+02,5.999999999999999778e-01,5.018744142455483503e-03,1.000000000000000000e+00
1.187500000000000014e-02,2.062500000000000097e-03,3.029639703119407841e+02,5.999999999999999778e-01,5.018744142455483503e-03,1.000000000000000000e+00
1.312499999999999951e-02,2.062500000000000097e-03,3.037195201117509100e+02,5.999999999999999778e-01,5.018744142455483503e-03,1.000000000000000000e+00
1.437500000000000062e-02,2.062500000000000097e-03,3.044153166386693101e+02,5.999999999999999778e-01,5.018744142455483503e-03,1.000000000000000000e+00
1.562500000000000000e-02,2.062500000000000097e-03,3.050583891524768205e+02,5.999999999999999778e-01,5.018744142455483503e-03,1.000000000000000000e+00
1.687500000000000111e-02,2.062500000000000097e-03,3.056549435577803138e+02,5.999999999999999778e-01,5.018744142455483503e-03,1.000000000000000000e+00
1.812499999999999875e-02,2.062500000000000097e-03,3.062103965187153563e+02,5.999999999999999778e-01,5.018744142455483503e-03,1.000000000000000000e+00
1.937499999999999986e-02,2.062500000000000097e-03,3.067294541435615542e+02,5.999999999999999778e-01,5.018744142455483503e-03,1.000000000000000000e+00
2.062500000000000097e-02,2.062500000000000097e-03,3.072162015612664163e+02,5.999999999999999778e-01,5.018744142455483503e-03,1.000000000000000000e+00
2.187500000000000208e-02,2.062500000000000097e-03,3.076741888390930626e+02,5.999999999999999778e-01,5.018744142455483503e-03,1.000000000000000000e+00
2.312499999999999972e-02,2.062500000000000097e-03,3.081065077476114880e+02,5.999999999999999778e-01,5.018744142455483503e-03,1.000000000000000000e+00
2.437500000000000083e-02,2.062500000000000097e-03,3.085158580446752126e+02,5.999999999999999778e-01,5.018744142455483503e-03,1.000000000000000000e+00
2.562500000000000194e-02,2.062500000000000097e-03,3.089046037525898214e+02,5.999999999999999778e-01,5.018744142455483503e-03,1.000000000000000000e+00
2.687499999999999958e-02,2.062500000000000097e-03,3.092748205792945555e+02,5.999999999999999778e-01,5.018744142455483503e-03,1.000000000000000000e+00
2.812500000000000069e-02,2.062500000000000097e-03,3.096283357904212608e+02,5.999999999999999778e-01,5.018744142455483503e-03,1.000000000000000000e+00
2.937500000000000180e-02,2.062500000000000097e-03,3.099667617696423463e+02,5.999999999999999778e-01,5.018744142455483503e-03,1.000000000000000000e+00
3.062499999999999944e-02,2.062500000000000097e-03,3.102915243515033126e+02,5.999999999999999778e-01,5.018744142455483503e-03,1.000000000000000000e+00
3.187500000000000056e-02,2.062500000000000097e-03,3.106038868398479735e+02,5.999999999999999778e-01,5.018744142455483503e-03,1.000000000000000000e+00
3.312500000000000167e-02,2.062500000000000097e-03,3.109049704645582324e+02,5.999999999999999778e-01,5.018744142455483503e-03,1.000000000000000000e+00
3.437500000000000278e-02,2.062500000000000097e-03,3.111957718900771965e+02,5.999999999999999778e-01,5.018744142455483503e-03,1.000000000000000000e+00
3.562500000000000389e-02,2.062500000000000097e-03,3.114771782730968539e+02,5.999999999999999778e-01,5.018744142455483503e-03,1.000000000000000000e+00
3.687499999999999806e-02,2.062500000000000097e-03,3.117499802721999913e+02,5.999999999999999778e-01,5.018744142455483503e-03,1.000000000000000000e+00
3.812499999999999917e-02,2.062500000000000097e-03,3.120148833361727156e+02,5.999999999999999778e-01,5.018744142455483503e-03,1.000000000000000000e+00
3.937500000000000028e-02,2.062500000000000097e-03,3.122725175369503177e+02,5.999999999999999778e-01,5.018744142455483503e-03,1.000000000000000000e+00
4.062500000000000139e-02,2.062500000000000097e-03,3.125234461647906414e+02,5.999999999999999778e-01,5.018744142455483503e-03,1.000000000000000000e+00
4.187500000000000250e-02,2.062500000000000097e-03,3.127681732647422450e+02,5.999999999999999778e-01,5.018744142455483503e-03,1.000000000000000000e+00
4.312500000000000361e-02,2.062500000000000097e-03,3.130071502627283735e+02,5.999999999999999778e-01,5.018744142455483503e-03,1.000000000000000000e+00
4.437499999999999778e-02,2.062500000000000097e-03,3.132407818049396155e+02,5.999999999999999778e-01,5.018744142455483503e-03,1.000000000000000000e+00
4.562499999999999889e-02,2.062500000000000097e-03,3.134694309143889654e+02,5.999999999999999778e-01,5.018744142455483503e-03,1.000000000000000000e+00
4.687500000000000000e-02,2.062500000000000097e-03,3.136934235524068981e+02,5.999999999999999778e-01,5.018744142455483503e-03,1.000000000000000000e+00
4.812500000000000111e-02,2.062500000000000097e-03,3.139130526597471658e+02,5.999999999999999778e-01,5.018744142455483503e-03,1.000000000000000000e+00
4.937500000000000222e-02,2.062500000000000097e-03,3.141285817411935568e+02,5.999999999999999778e-01,5.018744142455483503e-03,1.000000000000000000e+00
5.062500000000000333e-02,2.062500000000000097e-03,3.143402480486441846e+02,5.999999999999999778e-01,5.018744142455483503e-03,1.000000000000000000e+00
5.187500000000000444e-02,2.062500000000000097e-03,3.145482654102126503e+02,5.999999999999999778e-01,5.018744142455483503e-03,1.000000000000000000e+00
5.312499999999999861e-02,2.062500000000000097e-03,3.147528267466330476e+02,5.999999999999999778e-01,5.018744142455483503e-03,1.000000000000000000e+00
5.437499999999999972e-02,2.062500000000000097e-03,3.149541063109761012e+02,5.999999999999999778e-01,5.018744142455483503e-03,1.000000000000000000e+00
5.562500000000000083e-02,2.062500000000000097e-03,3.151522616831888399e+02,5.999999999999999778e-01,5.018744142455483503e-03,1.000000000000000000e+00
5.687500000000000194e-02,2.062500000000000097e-03,3.153474355471079775e+02,5.999999999999999778e-01,5.018744142455483503e-03,1.000000000000000000e+00
5.812500000000000305e-02,2.062500000000000097e-03,3.155397572742856482e+02,5.999999999999999778e-01,5.018744142455483503e-03,1.000000000000000000e+00
5.937500000000000416e-02,2.062500000000000097e-03,3.157293443360936180e+02,5.999999999999999778e-01,5.018744142455483503e-03,1.000000000000000000e+00
6.062499999999999833e-02,2.062500000000000097e-03,3.159163035630746776e+02,5.999999999999999778e-01,5.018744142455483503e-03,1.000000000000000000e+00
6.187499999999999944e-02,2.062500000000000097e-03,3.161007322683299208e+02,5.999999999999999778e-01,5.018744142455483503e-03,1.000000000000000000e+00
6.312500000000000056e-02,2.062500000000000097e-03,3.162827192498241970e+02,5.999999999999999778e-01,5.018744142455483503e-03,1.000000000000000000e+00
6.437500000000000167e-02,2.062500000000000097e-03,3.164623456848204341e+02,5.999999999999999778e-01,5.018744142455483503e-03,1.000000000000000000e+00
6.562500000000000278e-02,2.062500000000000097e-03,3.166396859281675233e+02,5.999999999999999778e-01,5.018744142455483503e-03,1.000000000000000000e+00
6.687500000000000389e-02,2.062500000000000097e-03,3.168148082248785613e+02,5.999999999999999778e-01,5.018744142455483503e-03,1.000000000000000000e+00
6.812500000000000500e-02,2.062500000000000097e-03,3.169877753462729970e+02,5.999999999999999778e-01,5.018744142455483503e-03,1.000000000000000000e+00
6.937500000000000611e-02,2.062500000000000097e-03,3.171586451579458412e+02,5.999999999999999778e-01,5.018744142455483503e-03,1.000000000000000000e+00
7.062500000000000722e-02,2.062500000000000097e-03,3.173274711269193062e+02,5.999999999999999778e-01,5.018744142455483503e-03,1.000000000000000000e+00
7.187500000000000833e-02,2.062500000000000097e-03,3.174943027745311497e+02,5.999999999999999778e-01,5.018744142455483503e-03,1.000000000000000000e+00
7.312499999999999556e-02,2.062500000000000097e-03,3.176591860809036802e+02,5.999999999999999778e-01,5.018744142455483503e-03,1.000000000000000000e+00
7.437499999999999667e-02,2.062500000000000097e-03,3.178221638461981797e+02,5.999999999999999778e-01,5.018744142455483503e-03,1.000000000000000000e+00
7.562499999999999778e-02,2.062500000000000097e-03,3.179832760133054421e+02,5.999999999999999778e-01,5.018744142455483503e-03,1.000000000000000000e+00
7.687499999999999889e-02,2.062500000000000097e-03,3.181425599561077888e+02,5.999999999999999778e-01,5.018744142455483503e-03,1.000000000000000000e+00
7.812500000000000000e-02,2.062500000000000097e-03,3.183000507370151695e+02,5.999999999999999778e-01,5.018744142455483503e-03,1.000000000000000000e+00
7.937500000000000111e-02,2.062500000000000097e-03,3.184557813370699932e+02,5.999999999999999778e-01,5.018744142455483503e-03,1.000000000000000000e+00
8.062500000000000222e-02,2.062500000000000097e-03,3.186097828615630192e+02,5.999999999999999778e-01,5.018744142455483503e-03,1.000000000000000000e+00
8.187500000000000333e-02,2.062500000000000097e-03,3.187620847237870976e+02,5.999999999999999778e-01,5.018744142455483503e-03,1.000000000000000000e+00
8.312500000000000444e-02,2.062500000000000097e-03,3.189127148092716197e+02,5.999999999999999778e-01,5.018744142455483503e-03,1.000000000000000000e+00
8.437500000000000555e-02,2.062500000000000097e-03,3.190616996225902540e+02,5.999999999999999778e-01,5.018744142455483503e-03,1.000000000000000000e+00
8.562500000000000666e-02,2.062500000000000097e-03,3.192090644186083068e+02,5.999999999999999778e-01,5.018744142455483503e-03,1.000000000000000000e+00
8.687500000000000777e-02,2.062500000000000097e-03,3.193548333198373825e+02,5.999999999999999778e-01,5.018744142455483503e-03,1.000000000000000000e+00
8.812499999999999500e-02,2.062500000000000097e-03,3.194990294213832840e+02,5.999999999999999778e-01,5.018744142455483503e-03,1.000000000000000000e+00
8.937499999999999611e-02,2.062500000000000097e-03,3.196416748848104135e+02,5.999999999999999778e-01,5.018744142455483503e-03,1.000000000000000000e+00
9.062499999999999722e-02,2.062500000000000097e-03,3.197827910220840977e+02,5.999999999999999778e-01,5.018744142455483503e-03,1.000000000000000000e+00
9.187499999999999833e-02,2.062500000000000097e-03,3.199223983704861212e+02,5.999999999999999778e-01,5.018744142455483503e-03,1.000000000000000000e+00
9.312499999999999944e-02,2.062500000000000097e-03,3.200605167585055142e+02,5.999999999999999778e-01,5.018744142455483503e-03,1.000000000000000000e+00
9.437500000000000056e-02,2.062500000000000097e-03,3.201971653573243088e+02,5.999999999999999778e-01,5.018744142455483503e-03,1.000000000000000000e+00
9.562500000000000167e-02,2.062500000000000097e-03,3.203323626560670050e+02,5.999999999999999778e-01,5.018744142455483503e-03,1.000000000000000000e+00
9.687500000000000278e-02,2.062500000000000097e-03,3.204661248898971166e+02,5.999999999999999778e-01,5.018744142455483503e-03,1.000000000000000000e+00
9.812500000000000389e-02,2.062500000000000097e-03,3.205984059429720219e+02,5.999999999999999778e-01,5.018744142455483503e-03,1.000000000000000000e+00
9.937500000000000500e-02,2.062500000000000097e-03,3.207264746282625083e+02,5.999999999999999778e-01,5.018744142455483503e-03,1.000000000000000000e+00
6.250000000000000130e-04,2.187500000000000208e-03,2.933585688934160203e+02,5.999999999999999778e-01,5.431115276476100942e-03,1.000000000000000000e+00
1.874999999999999931e-03,2.187500000000000208e-03,2.938685669833330394e+02,5.999999999999999778e-01,5.431115276476100942e-03,1.000000000000000000e+00
3.125000000000000173e-03,2.187500000000000208e-03,2.946180314289501325e+02,5.999999999999999778e-01,5.431115276476100942e-03,1.000000000000000000e+00
4.375000000000000416e-03,2.187500000000000208e-03,2.955073631812056192e+02,5.999999999999999778e-01,5.431115276476100942e-03,1.000000000000000000e+00
5.624999999999999792e-03,2.187500000000000208e-03,2.964524944520384793e+02,5.999999999999999778e-01,5.431115276476100942e-03,1.000000000000000000e+00
6.875000000000000035e-03,2.187500000000000208e-03,2.973982648559550057e+02,5.999999999999999778e-01,5.431115276476100942e-03,1.000000000000000000e+00
8.125000000000000278e-03,2.187500000000000208e-03,2.983135730336613847e+02,5.999999999999999778e-01,5.431115276476100942e-03,1.000000000000000000e+00
9.374999999999999653e-03,2.187500000000000208e-03,2.991832469624915234e+02,5.999999999999999778e-01,5.431115276476100942e-03,1.000000000000000000e+00
1.062500000000000076e-02,2.187500000000000208e-03,3.000015428170884206e+02,5.999999999999999778e-01,5.431115276476100942e-03,1.000000000000000000e+00
1.187500000000000014e-02,2.187500000000000208e-03,3.007679023366530942e+02,5.999999999999999778e-01,5.431115276476100942e-03,1.000000000000000000e+00
1.312499999999999951e-02,2.187500000000000208e-03,3.014844270884740922e+02,5.999999999999999778e-01,5.431115276476100942e-03,1.000000000000000000e+00
1.437500000000000062e-02,2.187500000000000208e-03,3.021544491009864259e+02,5.999999999999999778e-01,5.431115276476100942e-03,1.000000000000000000e+00
1.562500000000000000e-02,2.187500000000000208e-03,3.027817500328371807e+02,5.999999999999999778e-01,5.431115276476100942e-03,1.000000000000000000e+00
1.687500000000000111e-02,2.187500000000000208e-03,3.033701494486580259e+02,5.999999999999999778e-01,5.431115276476100942e-03,1.000000000000000000e+00
1.812499999999999875e-02,2.187500000000000208e-03,3.039232985709244872e+02,5.999999999999999778e-01,5.431115276476100942e-03,1.000000000000000000e+00
1.937499999999999986e-02,2.187500000000000208e-03,3.044445865469149339e+02,5.999999999999999778e-01,5.431115276476100942e-03,1.000000000000000000e+00
2.062500000000000097e-02,2.187500000000000208e-03,3.049371072078947691e+02,5.999999999999999778e-01,5.431115276476100942e-03,1.000000000000000000e+00
2.187500000000000208e-02,2.187500000000000208e-03,3.054036574544609834e+02,5.999999999999999778e-01,5.431115276476100942e-03,1.000000000000000000e+00
2.312499999999999972e-02,2.187500000000000208e-03,3.058467513650610385e+02,5.999999999999999778e-01,5.431115276476100942e-03,1.000000000000000000e+00
2.437500000000000083e-02,2.187500000000000208e-03,3.062686413510708690e+02,5.999999999999999778e-01,5.431115276476100942e-03,1.000000000000000000e+00
2.562500000000000194e-02,2.187500000000000208e-03,3.066713417018655718e+02,5.999999999999999778e-01,5.431115276476100942e-03,1.000000000000000000e+00
2.687499999999999958e-02,2.187500000000000208e-03,3.070566520938667168e+02,5.999999999999999778e-01,5.431115276476100942e-03,1.000000000000000000e+00
2.812500000000000069e-02,2.187500000000000208e-03,3.074261798684924543e+02,5.999999999999999778e-01,5.431115276476100942e-03,1.000000000000000000e+00
2.937500000000000180e-02,2.187500000000000208e-03,3.077813605560655787e+02,5.999999999999999778e-01,5.431115276476100942e-03,1.000000000000000000e+00
3.062499999999999944e-02,2.187500000000000208e-03,3.081234764826290302e+02,5.999999999999999778e-01,5.431115276476100942e-03,1.000000000000000000e+00
3.187500000000000056e-02,2.187500000000000208e-03,3.084536734826397151e+02,5.999999999999999778e-01,5.431115276476100942e-03,1.000000000000000000e+00
3.312500000000000167e-02,2.187500000000000208e-03,3.087729758304636221e+02,5.999999999999999778e-01,5.431115276476100942e-03,1.000000000000000000e+00
3.437500000000000278e-02,2.187500000000000208e-03,3.090822995411939473e+02,5.999999999999999778e-01,5.431115276476100942e-03,1.000000000000000000e+00
3.562500000000000389e-02,2.187500000000000208e-03,3.093824642011182959e+02,5.999999999999999778e-01,5.431115276476100942e-03,1.000000000000000000e+00
3.687499999999999806e-02,2.187500000000000208e-03,3.096742034838348445e+02,5.999999999999999778e-01,5.431115276476100942e-03,1.000000000000000000e+00
3.812499999999999917e-02,2.187500000000000208e-03,3.099581744970866453e+02,5.999999999999999778e-01,5.431115276476100942e-03,1.000000000000000000e+00
3.937500000000000028e-02,2.187500000000000208e-03,3.102349660919376220e+02,5.999999999999999778e-01,5.431115276476100942e-03,1.000000000000000000e+00
4.062500000000000139e-02,2.187500000000000208e-03,3.105051062520704477e+02,5.999999999999999778e-01,5.431115276476100942e-03,1.000000000000000000e+00
4.187500000000000250e-02,2.187500000000000208e-03,3.107690686677846656e+02,5.999999999999999778e-01,5.431115276476100942e-03,1.000000000000000000e+00
4.312500000000000361e-02,2.187500000000000208e-03,3.110272785871888459e+02,5.999999999999999778e-01,5.431115276476100942e-03,1.000000000000000000e+00
4.437499999999999778e-02,2.187500000000000208e-03,3.112801180262400749e+02,5.999999999999999778e-01,5.431115276476100942e-03,1.000000000000000000e+00
4.562499999999999889e-02,2.187500000000000208e-03,3.115279304096980013e+02,5.999999999999999778e-01,5.431115276476100942e-03,1.000000000000000000e+00
4.687500000000000000e-02,2.187500000000000208e-03,3.117710247066003149e+02,5.999999999999999778e-01,5.431115276476100942e-03,1.000000000000000000e+00
4.812500000000000111e-02,2.187500000000000208e-03,3.120096791164706360e+02,5.999999999999999778e-01,5.431115276476100942e-03,1.000000000000000000e+00
4.937500000000000222e-02,2.187500000000000208e-03,3.122441443559604295e+02,5.999999999999999778e-01,5.431115276476100942e-03,1.000000000000000000e+00
5.062500000000000333e-02,2.187500000000000208e-03,3.124746465899348777e+02,5.999999999999999778e-01,5.431115276476100942e-03,1.000000000000000000e+00
5.187500000000000444e-02,2.187500000000000208e-03,3.127013900460055993e+02,5.999999999999999778e-01,5.431115276476100942e-03,1.000000000000000000e+00
5.312499999999999861e-02,2.187500000000000208e-03,3.129245593471082429e+02,5.999999999999999778e-01,5.431115276476100942e-03,1.000000000000000000e+00
5.437499999999999972e-02,2.187500000000000208e-03,3.131443215928549648e+02,5.999999999999999778e-01,5.431115276476100942e-03,1.000000000000000000e+00
5.562500000000000083e-02,2.187500000000000208e-03,3.133608282169595327e+02,5.999999999999999778e-01,5.431115276476100942e-03,1.000000000000000000e+00
5.687500000000000194e-02,2.187500000000000208e-03,3.135742166450222612e+02,5.999999999999999778e-01,5.431115276476100942e-03,1.000000000000000000e+00
5.812500000000000305e-02,2.187500000000000208e-03,3.137846117742790284e+02,5.999999999999999778e-01,5.431115276476100942e-03,1.000000000000000000e+00
5.937500000000000416e-02,2.187500000000000208e-03,3.139921272945492774e+02,5.999999999999999778e-01,5.431115276476100942e-03,1.000000000000000000e+00
6.062499999999999833e-02,2.187500000000000208e-03,3.141968668675224308e+02,5.999999999999999778e-01,5.431115276476100942e-03,1.000000000000000000e+00
6.187499999999999944e-02,2.187500000000000208e-03,3.143989251796459143e+02,5.999999999999999778e-01,5.431115276476100942e-03,1.000000000000000000e+00
6.312500000000000056e-02,2.187500000000000208e-03,3.145983888822252084e+02,5.999999999999999778e-01,5.431115276476100942e-03,1.000000000000000000e+00
6.437500000000000167e-02,2.187500000000000208e-03,3.147953374308728485e+02,5.999999999999999778e-01,5.431115276476100942e-03,1.000000000000000000e+00
6.562500000000000278e-02,2.187500000000000208e-03,3.149898438351199275e+02,5.999999999999999778e-01,5.431115276476100942e-03,1.000000000000000000e+00
6.687500000000000389e-02,2.187500000000000208e-03,3.151819753278500684e+02,5.999999999999999778e-01,5.431115276476100942e-03,1.000000000000000000e+00
6.812500000000000500e-02,2.187500000000000208e-03,3.153717939631595755e+02,5.999999999999999778e-01,5.431115276476100942e-03,1.000000000000000000e+00
6.937500000000000611e-02,2.187500000000000208e-03,3.155593571503292196e+02,5.999999999999999778e-01,5.431115276476100942e-03,1.000000000000000000e+00
7.062500000000000722e-02,2.187500000000000208e-03,3.157447181307645678e+02,5.999999999999999778e-01,5.431115276476100942e-03,1.000000000000000000e+00
7.187500000000000833e-02,2.187500000000000208e-03,3.159279264040173985e+02,5.999999999999999778e-01,5.431115276476100942e-03,1.000000000000000000e+00
7.312499999999999556e-02,2.187500000000000208e-03,3.161090281083555169e+02,5.999999999999999778e-01,5.431115276476100942e-03,1.000000000000000000e+00
7.437499999999999667e-02,2.187500000000000208e-03,3.162880663607469387e+02,5.999999999999999778e-01,5.431115276476100942e-03,1.000000000000000000e+00
7.562499999999999778e-02,2.187500000000000208e-03,3.164650815606158858e+02,5.999999999999999778e-01,5.431115276476100942e-03,1.000000000000000000e+00
7.687499999999999889e-02,2.187500000000000208e-03,3.166401116612457258e+02,5.999999999999999778e-01,5.431115276476100942e-03,1.000000000000000000e+00
7.812500000000000000e-02,2.187500000000000208e-03,3.168131924123028966e+02,5.999999999999999778e-01,5.431115276476100942e-03,1.000000000000000000e+00
7.937500000000000111e-02,2.187500000000000208e-03,3.169843575765693799e+02,5.999999999999999778e-01,5.431115276476100942e-03,1.000000000000000000e+00
8.062500000000000222e-02,2.187500000000000208e-03,3.171536391236517716e+02,5.999999999999999778e-01,5.431115276476100942e-03,1.000000000000000000e+00
8.187500000000000333e-02,2.187500000000000208e-03,3.173210674031291205e+02,5.999999999999999778e-01,5.431115276476100942e-03,1.000000000000000000e+00
8.312500000000000444e-02,2.187500000000000208e-03,3.174866712993423334e+02,5.999999999999999778e-01,5.431115276476100942e-03,1.000000000000000000e+00
8.437500000000000555e-02,2.187500000000000208e-03,3.176504783697927223e+02,5.999999999999999778e-01,5.431115276476100942e-03,1.000000000000000000e+00
8.562500000000000666e-02,2.187500000000000208e-03,3.178125149689007003e+02,5.999999999999999778e-01,5.431115276476100942e-03,1.000000000000000000e+00
8.687500000000000777e-02,2.187500000000000208e-03,3.179728063586961184e+02,5.999999999999999778e-01,5.431115276476100942e-03,1.000000000000000000e+00
8.812499999999999500e-02,2.187500000000000208e-03,3.181313768078334192e+02,5.999999999999999778e-01,5.431115276476100942e-03,1.000000000000000000e+00
8.937499999999999611e-02,2.187500000000000208e-03,3.182882496801831849e+02,5.999999999999999778e-01,5.431115276476100942e-03,1.000000000000000000e+00
9.062499999999999722e-02,2.187500000000000208e-03,3.184434475140961922e+02,5.999999999999999778e-01,5.431115276476100942e-03,1.000000000000000000e+00
9.187499999999999833e-02,2.187500000000000208e-03,3.185969920932494688e+02,5.999999999999999778e-01,5.431115276476100942e-03,1.000000000000000000e+00
9.312499999999999944e-02,2.187500000000000208e-03,3.187489045094366134e+02,5.999999999999999778e-01,5.431115276476100942e-03,1.000000000000000000e+00
9.437500000000000056e-02,2.187500000000000208e-03,3.188992052144726586e+02,5.999999999999999778e-01,5.431115276476100942e-03,1.000000000000000000e+00
9.562500000000000167e-02,2.187500000000000208e-03,3.190479140184232278e+02,5.999999999999999778e-01,5.431115276476100942e-03,1.000000000000000000e+00
9.687500000000000278e-02,2.187500000000000208e-03,3.191950487752104664e+02,5.999999999999999778e-01,5.431115276476100942e-03,1.000000000000000000e+00
9.812500000000000389e-02,2.187500000000000208e-03,3.193405683107776554e+02,5.999999999999999778e-01,5.431115276476100942e-03,1.000000000000000000e+00
9.937500000000000500e-02,2.187500000000000208e-03,3.194816749760698826e+02,5.999999999999999778e-01,5.431115276476100942e-03,1.000000000000000000e+00
6.250000000000000130e-04,2.312499999999999886e-03,2.932538776132125236e+02,5.999999999999999778e-01,5.805998125585755919e-03,1.000000000000000000e+00
1.874999999999999931e-03,2.312499999999999886e-03,2.935418427247667523e+02,5.999999999999999778e-01,5.805998125585755919e-03,1.000000000000000000e+00
3.125000000000000173e-03,2.312499999999999886e-03,2.940125732671343712e+02,5.999999999999999778e-01,5.805998125585755919e-03,1.000000000000000000e+00
4.375000000000000416e-03,2.312499999999999886e-03,2.946221554181810234e+02,5.999999999999999778e-01,5.805998125585755919e-03,1.000000000000000000e+00
5.624999999999999792e-03,2.312499999999999886e-03,2.953174881749571341e+02,5.999999999999999778e-01,5.805998125585755919e-03,1.000000000000000000e+00
6.875000000000000035e-03,2.312499999999999886e-03,2.960540701490491529e+02,5.999999999999999778e-01,5.805998125585755919e-03,1.000000000000000000e+00
8.125000000000000278e-03,2.312499999999999886e-03,2.968003519786166180e+02,5.999999999999999778e-01,5.805998125585755919e-03,1.000000000000000000e+00
9.374999999999999653e-03,2.312499999999999886e-03,2.975361745038966887e+02,5.999999999999999778e-01,5.805998125585755919e-03,1.000000000000000000e+00
1.062500000000000076e-02,2.312499999999999886e-03,2.982497273566040121e+02,5.999999999999999778e-01,5.805998125585755919e-03,1.000000000000000000e+00
1.187500000000000014e-02,2.312499999999999886e-03,2.989347898177273919e+02,5.999999999999999778e-01,5.805998125585755919e-03,1.000000000000000000e+00
1.312499999999999951e-02,2.312499999999999886e-03,2.995886863683604702e+02,5.999999999999999778e-01,5.805998125585755919e-03,1.000000000000000000e+00
1.437500000000000062e-02,2.312499999999999886e-03,3.002109021318749456e+02,5.999999999999999778e-01,5.805998125585755919e-03,1.000000000000000000e+00
1.562500000000000000e-02,2.312499999999999886e-03,3.008021879399619820e+02,5.999999999999999778e-01,5.805998125585755919e-03,1.000000000000000000e+00
1.687500000000000111e-02,2.312499999999999886e-03,3.013639970077587122e+02,5.999999999999999778e-01,5.805998125585755919e-03,1.000000000000000000e+00
1.812499999999999875e-02,2.312499999999999886e-03,3.018981364343698601e+02,5.999999999999999778e-01,5.805998125585755919e-03,1.000000000000000000e+00
1.937499999999999986e-02,2.312499999999999886e-03,3.024065547874922686e+02,5.999999999999999778e-01,5.805998125585755919e-03,1.000000000000000000e+00
2.062500000000000097e-02,2.312499999999999886e-03,3.028912149443082171e+02,5.999999999999999778e-01,5.805998125585755919e-03,1.000000000000000000e+00
2.187500000000000208e-02,2.312499999999999886e-03,3.033540200614453397e+02,5.999999999999999778e-01,5.805998125585755919e-03,1.000000000000000000e+00
2.312499999999999972e-02,2.312499999999999886e-03,3.037967725502215899e+02,5.999999999999999778e-01,5.805998125585755919e-03,1.000000000000000000e+00
2.437500000000000083e-02,2.312499999999999886e-03,3.042211534821246914e+02,5.999999999999999778e-01,5.805998125585755919e-03,1.000000000000000000e+00
2.562500000000000194e-02,2.312499999999999886e-03,3.046287145564177763e+02,5.999999999999999778e-01,5.805998125585755919e-03,1.000000000000000000e+00
2.687499999999999958e-02,2.312499999999999886e-03,3.050208776919636193e+02,5.999999999999999778e-01,5.805998125585755919e-03,1.000000000000000000e+00
2.812500000000000069e-02,2.312499999999999886e-03,3.053989391340372208e+02,5.999999999999999778e-01,5.805998125585755919e-03,1.000000000000000000e+00
2.937500000000000180e-02,2.312499999999999886e-03,3.057640761138329708e+02,5.999999999999999778e-01,5.805998125585755919e-03,1.000000000000000000e+00
3.062499999999999944e-02,2.312499999999999886e-03,3.061173548223256375e+02,5.999999999999999778e-01,5.805998125585755919e-03,1.000000000000000000e+00
3.187500000000000056e-02,2.312499999999999886e-03,3.064597389202618842e+02,5.999999999999999778e-01,5.805998125585755919e-03,1.000000000000000000e+00
3.312500000000000167e-02,2.312499999999999886e-03,3.067920981004685359e+02,5.999999999999999778e-01,5.805998125585755919e-03,1.000000000000000000e+00
3.437500000000000278e-02,2.312499999999999886e-03,3.071152164081194087e+02,5.999999999999999778e-01,5.805998125585755919e-03,1.000000000000000000e+00
3.562500000000000389e-02,2.312499999999999886e-03,3.074298001470054373e+02,5.999999999999999778e-01,5.805998125585755919e-03,1.000000000000000000e+00
3.687499999999999806e-02,2.312499999999999886e-03,3.077364852790389023e+02,5.999999999999999778e-01,5.805998125585755919e-03,1.000000000000000000e+00
3.812499999999999917e-02,2.312499999999999886e-03,3.080358442752692554e+02,5.999999999999999778e-01,5.805998125585755919e-03,1.000000000000000000e+00
3.937500000000000028e-02,2.312499999999999886e-03,3.083283924093439055e+02,5.999999999999999778e-01,5.805998125585755919e-03,1.000000000000000000e+00
4.062500000000000139e-02,2.312499999999999886e-03,3.086145935048160709e+02,5.999999999999999778e-01,5.805998125585755919e-03,1.000000000000000000e+00
4.187500000000000250e-02,2.312499999999999886e-03,3.088948651601471056e+02,5.999999999999999778e-01,5.805998125585755919e-03,1.000000000000000000e+00
4.312500000000000361e-02,2.312499999999999886e-03,3.091695834823291307e+02,5.999999999999999778e-01,5.805998125585755919e-03,1.000000000000000000e+00
4.437499999999999778e-02,2.312499999999999886e-03,3.094390873636151582e+02,5.999999999999999778e-01,5.805998125585755919e-03,1.000000000000000000e+00
4.562499999999999889e-02,2.312499999999999886e-03,3.097036823370780780e+02,5.999999999999999778e-01,5.805998125585755919e-03,1.000000000000000000e+00
4.687500000000000000e-02,2.312499999999999886e-03,3.099636440464357747e+02,5.999999999999999778e-01,5.805998125585755919e-03,1.000000000000000000e+00
4.812500000000000111e-02,2.312499999999999886e-03,3.102192213643771765e+02,5.999999999999999778e-01,5.805998125585755919e-03,1.000000000000000000e+00
4.937500000000000222e-02,2.312499999999999886e-03,3.104706391918221016e+02,5.999999999999999778e-01,5.805998125585755919e-03,1.000000000000000000e+00
5.062500000000000333e-02,2.312499999999999886e-03,3.107181009684538253e+02,5.999999999999999778e-01,5.805998125585755919e-03,1.000000000000000000e+00
5.187500000000000444e-02,2.312499999999999886e-03,3.109617909226204802e+02,5.999999999999999778e-01,5.805998125585755919e-03,1.000000000000000000e+00
5.312499999999999861e-02,2.312499999999999886e-03,3.112018760864272053e+02,5.999999999999999778e-01,5.805998125585755919e-03,1.000000000000000000e+00
5.437499999999999972e-02,2.312499999999999886e-03,3.114385080996270290e+02,5.999999999999999778e-01,5.805998125585755919e-03,1.000000000000000000e+00
5.562500000000000083e-02,2.312499999999999886e-03,3.116718248237859257e+02,5.999999999999999778e-01,5.805998125585755919e-03,1.000000000000000000e+00
5.687500000000000194e-02,2.312499999999999886e-03,3.119019517861990494e+02,5.999999999999999778e-01,5.805998125585755919e-03,1.000000000000000000e+00
5.812500000000000305e-02,2.312499999999999886e-03,3.121290034711647650e+02,5.999999999999999778e-01,5.805998125585755919e-03,1.000000000000000000e+00
5.937500000000000416e-02,2.312499999999999886e-03,3.123530844745027935e+02,5.999999999999999778e-01,5.805998125585755919e-03,1.000000000000000000e+00
6.062499999999999833e-02,2.312499999999999886e-03,3.125742905356192978e+02,5.999999999999999778e-01,5.805998125585755919e-03,1.000000000000000000e+00
6.187499999999999944e-02,2.312499999999999886e-03,3.127927094599798465e+02,5.999999999999999778e-01,5.805998125585755919e-03,1.000000000000000000e+00
6.312500000000000056e-02,2.312499999999999886e-03,3.130084219435390196e+02,5.999999999999999778e-01,5.805998125585755919e-03,1.000000000000000000e+00
6.437500000000000167e-02,2.312499999999999886e-03,3.132215023094897219e+02,5.999999999999999778e-01,5.805998125585755919e-03,1.000000000000000000e+00
6.562500000000000278e-02,2.312499999999999886e-03,3.134320191666155324e+02,5.999999999999999778e-01,5.805998125585755919e-03,1.000000000000000000e+00
6.687500000000000389e-02,2.312499999999999886e-03,3.136400359975705214e+02,5.999999999999999778e-01,5.805998125585755919e-03,1.000000000000000000e+00
6.812500000000000500e-02,2.312499999999999886e-03,3.138456116845306951e+02,5.999999999999999778e-01,5.805998125585755919e-03,1.000000000000000000e+00
6.937500000000000611e-02,2.312499999999999886e-03,3.140488009788837189e+02,5.999999999999999778e-01,5.805998125585755919e-03,1.000000000000000000e+00
7.062500000000000722e-02,2.312499999999999886e-03,3.142496549209206478e+02,5.999999999999999778e-01,5.805998125585755919e-03,1.000000000000000000e+00
7.187500000000000833e-02,2.312499999999999886e-03,3.144482212148566305e+02,5.999999999999999778e-01,5.805998125585755919e-03,1.000000000000000000e+00
7.312499999999999556e-02,2.312499999999999886e-03,3.146445445639528202e+02,5.999999999999999778e-01,5.805998125585755919e-03,1.000000000000000000e+00
7.437499999999999667e-02,2.312499999999999886e-03,3.148386669699942786e+02,5.999999999999999778e-01,5.805998125585755919e-03,1.000000000000000000e+00
7.562499999999999778e-02,2.312499999999999886e-03,3.150306280009356783e+02,5.999999999999999778e-01,5.805998125585755919e-03,1.000000000000000000e+00
7.687499999999999889e-02,2.312499999999999886e-03,3.152204650301108586e+02,5.999999999999999778e-01,5.805998125585755919e-03,1.000000000000000000e+00
7.812500000000000000e-02,2.312499999999999886e-03,3.154082134500529264e+02,5.999999999999999778e-01,5.805998125585755919e-03,1.000000000000000000e+00
7.937500000000000111e-02,2.312499999999999886e-03,3.155939068636306502e+02,5.999999999999999778e-01,5.805998125585755919e-03,1.000000000000000000e+00
8.062500000000000222e-02,2.312499999999999886e-03,3.157775772549353519e+02,5.999999999999999778e-01,5.805998125585755919e-03,1.000000000000000000e+00
8.187500000000000333e-02,2.312499999999999886e-03,3.159592551420764153e+02,5.999999999999999778e-01,5.805998125585755919e-03,1.000000000000000000e+00
8.312500000000000444e-02,2.312499999999999886e-03,3.161389697138244514e+02,5.999999999999999778e-01,5.805998125585755919e-03,1.000000000000000000e+00
8.437500000000000555e-02,2.312499999999999886e-03,3.163167489518286857e+02,5.999999999999999778e-01,5.805998125585755919e-03,1.000000000000000000e+00
8.562500000000000666e-02,2.312499999999999886e-03,3.164926197399495891e+02,5.999999999999999778e-01,5.805998125585755919e-03,1.000000000000000000e+00
8.687500000000000777e-02,2.312499999999999886e-03,3.166666079620877667e+02,5.999999999999999778e-01,5.805998125585755919e-03,1.000000000000000000e+00
8.812499999999999500e-02,2.312499999999999886e-03,3.168387385897348167e+02,5.999999999999999778e-01,5.805998125585755919e-03,1.000000000000000000e+00
8.937499999999999611e-02,2.312499999999999886e-03,3.170090357603479561e+02,5.999999999999999778e-01,5.805998125585755919e-03,1.000000000000000000e+00
9.062499999999999722e-02,2.312499999999999886e-03,3.171775228475175936e+02,5.999999999999999778e-01,5.805998125585755919e-03,1.000000000000000000e+00
9.187499999999999833e-02,2.312499999999999886e-03,3.173442225237580487e+02,5.999999999999999778e-01,5.805998125585755919e-03,1.000000000000000000e+00
9.312499999999999944e-02,2.312499999999999886e-03,3.175091568164153273e+02,5.999999999999999778e-01,5.805998125585755919e-03,1.000000000000000000e+00
9.437500000000000056e-02,2.312499999999999886e-03,3.176723471552712681e+02,5.999999999999999778e-01,5.805998125585755919e-03,1.000000000000000000e+00
9.562500000000000167e-02,2.312499999999999886e-03,3.178338143809547205e+02,5.999999999999999778e-01,5.805998125585755919e-03,1.000000000000000000e+00
9.687500000000000278e-02,2.312499999999999886e-03,3.179935776116882380e+02,5.999999999999999778e-01,5.805998125585755919e-03,1.000000000000000000e+00
9.812500000000000389e-02,2.312499999999999886e-03,3.181515996718208044e+02,5.999999999999999778e-01,5.805998125585755919e-03,1.000000000000000000e+00
9.937500000000000500e-02,2.312499999999999886e-03,3.183050241456074900e+02,5.999999999999999778e-01,5.805998125585755919e-03,1.000000000000000000e+00
6.250000000000000130e-04,2.437499999999999997e-03,2.932009053443948119e+02,5.999999999999999778e-01,6.143392689784443229e-03,1.000000000000000000e+00
1.874999999999999931e-03,2.437499999999999997e-03,2.933588876050861245e+02,5.999999999999999778e-01,6.143392689784443229e-03,1.000000000000000000e+00
3.125000000000000173e-03,2.437499999999999997e-03,2.936437306205434652e+02,5.999999999999999778e-01,6.143392689784443229e-03,1.000000000000000000e+00
4.375000000000000416e-03,2.437499999999999997e-03,2.940442983410619604e+02,5.999999999999999778e-01,6.143392689784443229e-03,1.000000000000000000e+00
5.624999999999999792e-03,2.437499999999999997e-03,2.945336335901369580e+02,5.999999999999999778e-01,6.143392689784443229e-03,1.000000000000000000e+00
6.875000000000000035e-03,2.437499999999999997e-03,2.950821984661853890e+02,5.999999999999999778e-01,6.143392689784443229e-03,1.000000000000000000e+00
8.125000000000000278e-03,2.437499999999999997e-03,2.956645598411389528e+02,5.999999999999999778e-01,6.143392689784443229e-03,1.000000000000000000e+00
9.374999999999999653e-03,2.437499999999999997e-03,2.962613607829988496e+02,5.999999999999999778e-01,6.143392689784443229e-03,1.000000000000000000e+00
1.062500000000000076e-02,2.437499999999999997e-03,2.968589731682824322e+02,5.999999999999999778e-01,6.143392689784443229e-03,1.000000000000000000e+00
1.187500000000000014e-02,2.437499999999999997e-03,2.974483604226249440e+02,5.999999999999999778e-01,6.143392689784443229e-03,1.000000000000000000e+00
1.312499999999999951e-02,2.437499999999999997e-03,2.980238762597790583e+02,5.999999999999999778e-01,6.143392689784443229e-03,1.000000000000000000e+00
1.437500000000000062e-02,2.437499999999999997e-03,2.985822602803783070e+02,5.999999999999999778e-01,6.143392689784443229e-03,1.000000000000000000e+00
1.562500000000000000e-02,2.437499999999999997e-03,2.991218780717098866e+02,5.999999999999999778e-01,6.143392689784443229e-03,1.000000000000000000e+00
1.687500000000000111e-02,2.437499999999999997e-03,2.996421751134646456e+02,5.999999999999999778e-01,6.143392689784443229e-03,1.000000000000000000e+00
1.812499999999999875e-02,2.437499999999999997e-03,3.001432954312706443e+02,5.999999999999999778e-01,6.143392689784443229e-03,1.000000000000000000e+00
1.937499999999999986e-02,2.437499999999999997e-03,3.006258198121558394e+02,5.999999999999999778e-01,6.143392689784443229e-03,1.000000000000000000e+00
2.062500000000000097e-02,2.437499999999999997e-03,3.010905881544778708e+02,5.999999999999999778e-01,6.143392689784443229e-03,1.000000000000000000e+00
2.187500000000000208e-02,2.437499999999999997e-03,3.015385800860905761e+02,5.999999999999999778e-01,6.143392689784443229e-03,1.000000000000000000e+00
2.312499999999999972e-02,2.437499999999999997e-03,3.019708356197284047e+02,5.999999999999999778e-01,6.143392689784443229e-03,1.000000000000000000e+00
2.437500000000000083e-02,2.437499999999999997e-03,3.023884032172085199e+02,5.999999999999999778e-01,6.143392689784443229e-03,1.000000000000000000e+00
2.562500000000000194e-02,2.437499999999999997e-03,3.027923065804333760e+02,5.999999999999999778e-01,6.143392689784443229e-03,1.000000000000000000e+00
2.687499999999999958e-02,2.437499999999999997e-03,3.031835242119327063e+02,5.999999999999999778e-01,6.143392689784443229e-03,1.000000000000000000e+00
2.812500000000000069e-02,2.437499999999999997e-03,3.035629776529646051e+02,5.999999999999999778e-01,6.143392689784443229e-03,1.000000000000000000e+00
2.937500000000000180e-02,2.437499999999999997e-03,3.039315255816625267e+02,5.999999999999999778e-01,6.143392689784443229e-03,1.000000000000000000e+00
3.062499999999999944e-02,2.437499999999999997e-03,3.042899618262683816e+02,5.999999999999999778e-01,6.143392689784443229e-03,1.000000000000000000e+00
3.187500000000000056e-02,2.437499999999999997e-03,3.046390159483310072e+02,5.999999999999999778e-01,6.143392689784443229e-03,1.000000000000000000e+00
3.312500000000000167e-02,2.437499999999999997e-03,3.049793554652224543e+02,5.999999999999999778e-01,6.143392689784443229e-03,1.000000000000000000e+00
3.437500000000000278e-02,2.437499999999999997e-03,3.053115890691947243e+02,5.999999999999999778e-01,6.143392689784443229e-03,1.000000000000000000e+00
3.562500000000000389e-02,2.437499999999999997e-03,3.056362704010643938e+02,5.999999999999999778e-01,6.143392689784443229e-03,1.000000000000000000e+00
3.687499999999999806e-02,2.437499999999999997e-03,3.059539020772934919e+02,5.999999999999999778e-01,6.143392689784443229e-03,1.000000000000000000e+00
3.812499999999999917e-02,2.437499999999999997e-03,3.062649397679639947e+02,5.999999999999999778e-01,6.143392689784443229e-03,1.000000000000000000e+00
3.937500000000000028e-02,2.437499999999999997e-03,3.065697961925021673e+02,5.999999999999999778e-01,6.143392689784443229e-03,1.000000000000000000e+00
4.062500000000000139e-02,2.437499999999999997e-03,3.068688449486235754e+02,5.999999999999999778e-01,6.143392689784443229e-03,1.000000000000000000e+00
4.187500000000000250e-02,2.437499999999999997e-03,3.071624241239456410e+02,5.999999999999999778e-01,6.143392689784443229e-03,1.000000000000000000e+00
4.312500000000000361e-02,2.437499999999999997e-03,3.074508396632547829e+02,5.999999999999999778e-01,6.143392689784443229e-03,1.000000000000000000e+00
4.437499999999999778e-02,2.437499999999999997e-03,3.077343684805617841e+02,5.999999999999999778e-01,6.143392689784443229e-03,1.000000000000000000e+00
4.562499999999999889e-02,2.437499999999999997e-03,3.080132613159628363e+02,5.999999999999999778e-01,6.143392689784443229e-03,1.000000000000000000e+00
4.687500000000000000e-02,2.437499999999999997e-03,3.082877453444465345e+02,5.999999999999999778e-01,6.143392689784443229e-03,1.000000000000000000e+00
4.812500000000000111e-02,2.437499999999999997e-03,3.085580265482898312e+02,5.999999999999999778e-01,6.143392689784443229e-03,1.000000000000000000e+00
4.937500000000000222e-02,2.437499999999999997e-03,3.088242918673131499e+02,5.999999999999999778e-01,6.143392689784443229e-03,1.000000000000000000e+00
5.062500000000000333e-02,2.437499999999999997e-03,3.090867111425963571e+02,5.999999999999999778e-01,6.143392689784443229e-03,1.000000000000000000e+00
5.187500000000000444e-02,2.437499999999999997e-03,3.093454388697128934e+02,5.999999999999999778e-01,6.143392689784443229e-03,1.000000000000000000e+00
5.312499999999999861e-02,2.437499999999999997e-03,3.096006157773804830e+02,5.999999999999999778e-01,6.143392689784443229e-03,1.000000000000000000e+00
5.437499999999999972e-02,2.437499999999999997e-03,3.098523702468911551e+02,5.999999999999999778e-01,6.143392689784443229e-03,1.000000000000000000e+00
5.562500000000000083e-02,2.437499999999999997e-03,3.101008195868946018e+02,5.999999999999999778e-01,6.143392689784443229e-03,1.000000000000000000e+00
5.687500000000000194e-02,2.437499999999999997e-03,3.103460711771900833e+02,5.999999999999999778e-01,6.143392689784443229e-03,1.000000000000000000e+00
5.812500000000000305e-02,2.437499999999999997e-03,3.105882234941919364e+02,5.999999999999999778e-01,6.143392689784443229e-03,1.000000000000000000e+00
5.937500000000000416e-02,2.437499999999999997e-03,3.108273670297287481e+02,5.999999999999999778e-01,6.143392689784443229e-03,1.000000000000000000e+00
6.062499999999999833e-02,2.437499999999999997e-03,3.110635851138454200e+02,5.999999999999999778e-01,6.143392689784443229e-03,1.000000000000000000e+00
6.187499999999999944e-02,2.437499999999999997e-03,3.112969546513362502e+02,5.999999999999999778e-01,6.143392689784443229e-03,1.000000000000000000e+00
6.312500000000000056e-02,2.437499999999999997e-03,3.115275467808286294e+02,5.999999999999999778e-01,6.143392689784443229e-03,1.000000000000000000e+00
6.437500000000000167e-02,2.437499999999999997e-03,3.117554274644072052e+02,5.999999999999999778e-01,6.143392689784443229e-03,1.000000000000000000e+00
6.562500000000000278e-02,2.437499999999999997e-03,3.119806580149880801e+02,5.999999999999999778e-01,6.143392689784443229e-03,1.000000000000000000e+00
6.687500000000000389e-02,2.437499999999999997e-03,3.122032955679387101e+02,5.999999999999999778e-01,6.143392689784443229e-03,1.000000000000000000e+00
6.812500000000000500e-02,2.437499999999999997e-03,3.124233935027902476e+02,5.999999999999999778e-01,6.143392689784443229e-03,1.000000000000000000e+00
6.937500000000000611e-02,2.437499999999999997e-03,3.126410018202906258e+02,5.999999999999999778e-01,6.143392689784443229e-03,1.000000000000000000e+00
7.062500000000000722e-02,2.437499999999999997e-03,3.128561674795141698e+02,5.999999999999999778e-01,6.143392689784443229e-03,1.000000000000000000e+00
7.187500000000000833e-02,2.437499999999999997e-03,3.130689346992496098e+02,5.999999999999999778e-01,6.143392689784443229e-03,1.000000000000000000e+00
7.312499999999999556e-02,2.437499999999999997e-03,3.132793452274573838e+02,5.999999999999999778e-01,6.143392689784443229e-03,1.000000000000000000e+00
7.437499999999999667e-02,2.437499999999999997e-03,3.134874385821813121e+02,5.999999999999999778e-01,6.143392689784443229e-03,1.000000000000000000e+00
7.562499999999999778e-02,2.437499999999999997e-03,3.136932522669557670e+02,5.999999999999999778e-01,6.143392689784443229e-03,1.000000000000000000e+00
7.687499999999999889e-02,2.437499999999999997e-03,3.138968219634149364e+02,5.999999999999999778e-01,6.143392689784443229e-03,1.000000000000000000e+00
7.812500000000000000e-02,2.437499999999999997e-03,3.140981817035421955e+02,5.999999999999999778e-01,6.143392689784443229e-03,1.000000000000000000e+00
7.937500000000000111e-02,2.437499999999999997e-03,3.142973640237205473e+02,5.999999999999999778e-01,6.143392689784443229e-03,1.000000000000000000e+00
8.062500000000000222e-02,2.437499999999999997e-03,3.144944001025343141e+02,5.999999999999999778e-01,6.143392689784443229e-03,1.000000000000000000e+00
8.187500000000000333e-02,2.437499999999999997e-03,3.146893198840485866e+02,5.999999999999999778e-01,6.143392689784443229e-03,1.000000000000000000e+00
8.312500000000000444e-02,2.437499999999999997e-03,3.148821521881199033e+02,5.999999999999999778e-01,6.143392689784443229e-03,1.000000000000000000e+00
8.437500000000000555e-02,2.437499999999999997e-03,3.150729248091250838e+02,5.999999999999999778e-01,6.143392689784443229e-03,1.000000000000000000e+00
8.562500000000000666e-02,2.437499999999999997e-03,3.152616646043378523e+02,5.999999999999999778e-01,6.143392689784443229e-03,1.000000000000000000e+00
8.687500000000000777e-02,2.437499999999999997e-03,3.154483975730685756e+02,5.999999999999999778e-01,6.143392689784443229e-03,1.000000000000000000e+00
8.812499999999999500e-02,2.437499999999999997e-03,3.156331489275434024e+02,5.999999999999999778e-01,6.143392689784443229e-03,1.000000000000000000e+00
8.937499999999999611e-02,2.437499999999999997e-03,3.158159431564117199e+02,5.999999999999999778e-01,6.143392689784443229e-03,1.000000000000000000e+00
9.062499999999999722e-02,2.437499999999999997e-03,3.159968040816604002e+02,5.999999999999999778e-01,6.143392689784443229e-03,1.000000000000000000e+00
9.187499999999999833e-02,2.437499999999999997e-03,3.161757549096142270e+02,5.999999999999999778e-01,6.143392689784443229e-03,1.000000000000000000e+00
9.312499999999999944e-02,2.437499999999999997e-03,3.163528182764940766e+02,5.999999999999999778e-01,6.143392689784443229e-03,1.000000000000000000e+00
9.437500000000000056e-02,2.437499999999999997e-03,3.165280162878332817e+02,5.999999999999999778e-01,6.143392689784443229e-03,1.000000000000000000e+00
9.562500000000000167e-02,2.437499999999999997e-03,3.167013705282773230e+02,5.999999999999999778e-01,6.143392689784443229e-03,1.000000000000000000e+00
9.687500000000000278e-02,2.437499999999999997e-03,3.168729010552048635e+02,5.999999999999999778e-01,6.143392689784443229e-03,1.000000000000000000e+00
9.812500000000000389e-02,2.437499999999999997e-03,3.170425738583318207e+02,5.999999999999999778e-01,6.143392689784443229e-03,1.000000000000000000e+00
9.937500000000000500e-02,2.437499999999999997e-03,3.172074798437619165e+02,5.999999999999999778e-01,6.143392689784443229e-03,1.000000000000000000e+00
6.250000000000000130e-04,2.562500000000000108e-03,2.931746050631123239e+02,5.999999999999999778e-01,6.443298969072165476e-03,1.000000000000000000e+00
1.874999999999999931e-03,2.562500000000000108e-03,2.932591823514734983e+02,5.999999999999999778e-01,6.443298969072165476e-03,1.000000000000000000e+00
3.125000000000000173e-03,2.562500000000000108e-03,2.934261180695144162e+02,5.999999999999999778e-01,6.443298969072165476e-03,1.000000000000000000e+00
4.375000000000000416e-03,2.562500000000000108e-03,2.936798521571797096e+02,5.999999999999999778e-01,6.443298969072165476e-03,1.000000000000000000e+00
5.624999999999999792e-03,2.562500000000000108e-03,2.940109747614354774e+02,5.999999999999999778e-01,6.443298969072165476e-03,1.000000000000000000e+00
6.875000000000000035e-03,2.562500000000000108e-03,2.944034639578835595e+02,5.999999999999999778e-01,6.443298969072165476e-03,1.000000000000000000e+00
8.125000000000000278e-03,2.562500000000000108e-03,2.948401791389355822e+02,5.999999999999999778e-01,6.443298969072165476e-03,1.000000000000000000e+00
9.374999999999999653e-03,2.562500000000000108e-03,2.953058197608281148e+02,5.999999999999999778e-01,6.443298969072165476e-03,1.000000000000000000e+00
1.062500000000000076e-02,2.562500000000000108e-03,2.957880161562066519e+02,5.999999999999999778e-01,6.443298969072165476e-03,1.000000000000000000e+00
1.187500000000000014e-02,2.562500000000000108e-03,2.962773843275710988e+02,5.999999999999999778e-01,6.443298969072165476e-03,1.000000000000000000e+00
1.312499999999999951e-02,2.562500000000000108e-03,2.967671310257995856e+02,5.999999999999999778e-01,6.443298969072165476e-03,1.000000000000000000e+00
1.437500000000000062e-02,2.562500000000000108e-03,2.972525343465247261e+02,5.999999999999999778e-01,6.443298969072165476e-03,1.000000000000000000e+00
1.562500000000000000e-02,2.562500000000000108e-03,2.977304499754785638e+02,5.999999999999999778e-01,6.443298969072165476e-03,1.000000000000000000e+00
1.687500000000000111e-02,2.562500000000000108e-03,2.981988971988902222e+02,5.999999999999999778e-01,6.443298969072165476e-03,1.000000000000000000e+00
1.812499999999999875e-02,2.562500000000000108e-03,2.986567332998307620e+02,5.999999999999999778e-01,6.443298969072165476e-03,1.000000000000000000e+00
1.937499999999999986e-02,2.562500000000000108e-03,2.991034067228808908e+02,5.999999999999999778e-01,6.443298969072165476e-03,1.000000000000000000e+00
2.062500000000000097e-02,2.562500000000000108e-03,2.995387742026142632e+02,5.999999999999999778e-01,6.443298969072165476e-03,1.000000000000000000e+00
2.187500000000000208e-02,2.562500000000000108e-03,2.999629673850366771e+02,5.999999999999999778e-01,6.443298969072165476e-03,1.000000000000000000e+00
2.312499999999999972e-02,2.562500000000000108e-03,3.003762967087898232e+02,5.999999999999999778e-01,6.443298969072165476e-03,1.000000000000000000e+00
2.437500000000000083e-02,2.562500000000000108e-03,3.007791828782612242e+02,5.999999999999999778e-01,6.443298969072165476e-03,1.000000000000000000e+00
2.562500000000000194e-02,2.562500000000000108e-03,3.011721085561512155e+02,5.999999999999999778e-01,6.443298969072165476e-03,1.000000000000000000e+00
2.687499999999999958e-02,2.562500000000000108e-03,3.015555847651943395e+02,5.999999999999999778e-01,6.443298969072165476e-03,1.000000000000000000e+00
2.812500000000000069e-02,2.562500000000000108e-03,3.019301279281035022e+02,5.999999999999999778e-01,6.443298969072165476e-03,1.000000000000000000e+00
2.937500000000000180e-02,2.562500000000000108e-03,3.022962445588574383e+02,5.999999999999999778e-01,6.443298969072165476e-03,1.000000000000000000e+00
3.062499999999999944e-02,2.562500000000000108e-03,3.026544214232770855e+02,5.999999999999999778e-01,6.443298969072165476e-03,1.000000000000000000e+00
3.187500000000000056e-02,2.562500000000000108e-03,3.030051195796352772e+02,5.999999999999999778e-01,6.443298969072165476e-03,1.000000000000000000e+00
3.312500000000000167e-02,2.562500000000000108e-03,3.033487711448240702e+02,5.999999999999999778e-01,6.443298969072165476e-03,1.000000000000000000e+00
3.437500000000000278e-02,2.562500000000000108e-03,3.036857779497554475e+02,5.999999999999999778e-01,6.443298969072165476e-03,1.000000000000000000e+00
3.562500000000000389e-02,2.562500000000000108e-03,3.040165114801924346e+02,5.999999999999999778e-01,6.443298969072165476e-03,1.000000000000000000e+00
3.687499999999999806e-02,2.562500000000000108e-03,3.043413136689944736e+02,5.999999999999999778e-01,6.443298969072165476e-03,1.000000000000000000e+00
3.812499999999999917e-02,2.562500000000000108e-03,3.046604982296112212e+02,5.999999999999999778e-01,6.443298969072165476e-03,1.000000000000000000e+00
3.937500000000000028e-02,2.562500000000000108e-03,3.049743523109103762e+02,5.999999999999999778e-01,6.443298969072165476e-03,1.000000000000000000e+00
4.062500000000000139e-02,2.562500000000000108e-03,3.052831383190430188e+02,5.999999999999999778e-01,6.443298969072165476e-03,1.000000000000000000e+00
4.187500000000000250e-02,2.562500000000000108e-03,3.055870957996651214e+02,5.999999999999999778e-01,6.443298969072165476e-03,1.000000000000000000e+00
4.312500000000000361e-02,2.562500000000000108e-03,3.058864433082356982e+02,5.999999999999999778e-01,6.443298969072165476e-03,1.000000000000000000e+00
4.437499999999999778e-02,2.562500000000000108e-03,3.061813802208648667e+02,5.999999999999999778e-01,6.443298969072165476e-03,1.000000000000000000e+00
4.562499999999999889e-02,2.562500000000000108e-03,3.064720884558769285e+02,5.999999999999999778e-01,6.443298969072165476e-03,1.000000000000000000e+00
4.687500000000000000e-02,2.562500000000000108e-03,3.067587340887772598e+02,5.999999999999999778e-01,6.443298969072165476e-03,1.000000000000000000e+00
4.812500000000000111e-02,2.562500000000000108e-03,3.070414688521017865e+02,5.999999999999999778e-01,6.443298969072165476e-03,1.000000000000000000e+00
4.937500000000000222e-02,2.562500000000000108e-03,3.073204315176650994e+02,5.999999999999999778e-01,6.443298969072165476e-03,1.000000000000000000e+00
5.062500000000000333e-02,2.562500000000000108e-03,3.075957491628055323e+02,5.999999999999999778e-01,6.443298969072165476e-03,1.000000000000000000e+00
5.187500000000000444e-02,2.562500000000000108e-03,3.078675383248870503e+02,5.999999999999999778e-01,6.443298969072165476e-03,1.000000000000000000e+00
5.312499999999999861e-02,2.562500000000000108e-03,3.081359060499555085e+02,5.999999999999999778e-01,6.443298969072165476e-03,1.000000000000000000e+00
5.437499999999999972e-02,2.562500000000000108e-03,3.084009508423801549e+02,5.999999999999999778e-01,6.443298969072165476e-03,1.000000000000000000e+00
5.562500000000000083e-02,2.562500000000000108e-03,3.086627635227353608e+02,5.999999999999999778e-01,6.443298969072165476e-03,1.000000000000000000e+00
5.687500000000000194e-02,2.562500000000000108e-03,3.089214280012632798e+02,5.999999999999999778e-01,6.443298969072165476e-03,1.000000000000000000e+00
5.812500000000000305e-02,2.562500000000000108e-03,3.091770219741105166e+02,5.999999999999999778e-01,6.443298969072165476e-03,1.000000000000000000e+00
5.937500000000000416e-02,2.562500000000000108e-03,3.094296175492345924e+02,5.999999999999999778e-01,6.443298969072165476e-03,1.000000000000000000e+00
6.062499999999999833e-02,2.562500000000000108e-03,3.096792818084928740e+02,5.999999999999999778e-01,6.443298969072165476e-03,1.000000000000000000e+00
6.187499999999999944e-02,2.562500000000000108e-03,3.099260773119910937e+02,5.999999999999999778e-01,6.443298969072165476e-03,1.000000000000000000e+00
6.312500000000000056e-02,2.562500000000000108e-03,3.101700625503077617e+02,5.999999999999999778e-01,6.443298969072165476e-03,1.000000000000000000e+00
6.437500000000000167e-02,2.562500000000000108e-03,3.104112923497625616e+02,5.999999999999999778e-01,6.443298969072165476e-03,1.000000000000000000e+00
6.562500000000000278e-02,2.562500000000000108e-03,3.106498182354420692e+02,5.999999999999999778e-01,6.443298969072165476e-03,1.000000000000000000e+00
6.687500000000000389e-02,2.562500000000000108e-03,3.108856887562759539e+02,5.999999999999999778e-01,6.443298969072165476e-03,1.000000000000000000e+00
6.812500000000000500e-02,2.562500000000000108e-03,3.111189497760553877e+02,5.999999999999999778e-01,6.443298969072165476e-03,1.000000000000000000e+00
6.937500000000000611e-02,2.562500000000000108e-03,3.113496447339123279e+02,5.999999999999999778e-01,6.443298969072165476e-03,1.000000000000000000e+00
7.062500000000000722e-02,2.562500000000000108e-03,3.115778148774338092e+02,5.999999999999999778e-01,6.443298969072165476e-03,1.000000000000000000e+00
7.187500000000000833e-02,2.562500000000000108e-03,3.118034994712708112e+02,5.999999999999999778e-01,6.443298969072165476e-03,1.000000000000000000e+00
7.312499999999999556e-02,2.562500000000000108e-03,3.120267359838119319e+02,5.999999999999999778e-01,6.443298969072165476e-03,1.000000000000000000e+00
7.437499999999999667e-02,2.562500000000000108e-03,3.122475602542299953e+02,5.999999999999999778e-01,6.443298969072165476e-03,1.000000000000000000e+00
7.562499999999999778e-02,2.562500000000000108e-03,3.124660066419751274e+02,5.999999999999999778e-01,6.443298969072165476e-03,1.000000000000000000e+00
7.687499999999999889e-02,2.562500000000000108e-03,3.126821081605673953e+02,5.999999999999999778e-01,6.443298969072165476e-03,1.000000000000000000e+00
7.812500000000000000e-02,2.562500000000000108e-03,3.128958965973568525e+02,5.999999999999999778e-01,6.443298969072165476e-03,1.000000000000000000e+00
7.937500000000000111e-02,2.562500000000000108e-03,3.131074026207371048e+02,5.999999999999999778e-01,6.443298969072165476e-03,1.000000000000000000e+00
8.062500000000000222e-02,2.562500000000000108e-03,3.133166558761471379e+02,5.999999999999999778e-01,6.443298969072165476e-03,1.000000000000000000e+00
8.187500000000000333e-02,2.562500000000000108e-03,3.135236850720525013e+02,5.999999999999999778e-01,6.443298969072165476e-03,1.000000000000000000e+00
8.312500000000000444e-02,2.562500000000000108e-03,3.137285180569722343e+02,5.999999999999999778e-01,6.443298969072165476e-03,1.000000000000000000e+00
8.437500000000000555e-02,2.562500000000000108e-03,3.139311818885070693e+02,5.999999999999999778e-01,6.443298969072165476e-03,1.000000000000000000e+00
8.562500000000000666e-02,2.562500000000000108e-03,3.141317028952161081e+02,5.999999999999999778e-01,6.443298969072165476e-03,1.000000000000000000e+00
8.687500000000000777e-02,2.562500000000000108e-03,3.143301067321103233e+02,5.999999999999999778e-01,6.443298969072165476e-03,1.000000000000000000e+00
8.812499999999999500e-02,2.562500000000000108e-03,3.145264184304356831e+02,5.999999999999999778e-01,6.443298969072165476e-03,1.000000000000000000e+00
8.937499999999999611e-02,2.562500000000000108e-03,3.147206624423604922e+02,5.999999999999999778e-01,6.443298969072165476e-03,1.000000000000000000e+00
9.062499999999999722e-02,2.562500000000000108e-03,3.149128626811021832e+02,5.999999999999999778e-01,6.443298969072165476e-03,1.000000000000000000e+00
9.187499999999999833e-02,2.562500000000000108e-03,3.151030425569690578e+02,5.999999999999999778e-01,6.443298969072165476e-03,1.000000000000000000e+00
9.312499999999999944e-02,2.562500000000000108e-03,3.152912250096647426e+02,5.999999999999999778e-01,6.443298969072165476e-03,1.000000000000000000e+00
9.437500000000000056e-02,2.562500000000000108e-03,3.154774325364644483e+02,5.999999999999999778e-01,6.443298969072165476e-03,1.000000000000000000e+00
9.562500000000000167e-02,2.562500000000000108e-03,3.156616871974264313e+02,5.999999999999999778e-01,6.443298969072165476e-03,1.000000000000000000e+00
9.687500000000000278e-02,2.562500000000000108e-03,3.158440096974211428e+02,5.999999999999999778e-01,6.443298969072165476e-03,1.000000000000000000e+00
9.812500000000000389e-02,2.562500000000000108e-03,3.160243684761878740e+02,5.999999999999999778e-01,6.443298969072165476e-03,1.000000000000000000e+00
9.937500000000000500e-02,2.562500000000000108e-03,3.161998071788984817e+02,5.999999999999999778e-01,6.443298969072165476e-03,1.000000000000000000e+00
6.250000000000000130e-04,2.687500000000000219e-03,2.931617571083571079e+02,5.999999999999999778e-01,6.705716963448923526e-03,1.000000000000000000e+00
1.874999999999999931e-03,2.687500000000000219e-03,2.932061101643035954e+02,5.999999999999999778e-01,6.705716963448923526e-03,1.000000000000000000e+00
3.125000000000000173e-03,2.687500000000000219e-03,2.933013058258935644e+02,5.999999999999999778e-01,6.705716963448923526e-03,1.000000000000000000e+00
4.375000000000000416e-03,2.687500000000000219e-03,2.934570032874499361e+02,5.999999999999999778e-01,6.705716963448923526e-03,1.000000000000000000e+00
5.624999999999999792e-03,2.687500000000000219e-03,2.936734964686202147e+02,5.999999999999999778e-01,6.705716963448923526e-03,1.000000000000000000e+00
6.875000000000000035e-03,2.687500000000000219e-03,2.939445144289368841e+02,5.999999999999999778e-01,6.705716963448923526e-03,1.000000000000000000e+00
8.125000000000000278e-03,2.687500000000000219e-03,2.942605517962623480e+02,5.999999999999999778e-01,6.705716963448923526e-03,1.000000000000000000e+00
9.374999999999999653e-03,2.687500000000000219e-03,2.946113859740269731e+02,5.999999999999999778e-01,6.705716963448923526e-03,1.000000000000000000e+00
1.062500000000000076e-02,2.687500000000000219e-03,2.949875497294051456e+02,5.999999999999999778e-01,6.705716963448923526e-03,1.000000000000000000e+00
1.187500000000000014e-02,2.687500000000000219e-03,2.953809908621303748e+02,5.999999999999999778e-01,6.705716963448923526e-03,1.000000000000000000e+00
1.312499999999999951e-02,2.687500000000000219e-03,2.957852280333963222e+02,5.999999999999999778e-01,6.705716963448923526e-03,1.000000000000000000e+00
1.437500000000000062e-02,2.687500000000000219e-03,2.961952450111084545e+02,5.999999999999999778e-01,6.705716963448923526e-03,1.000000000000000000e+00
1.562500000000000000e-02,2.687500000000000219e-03,2.966072769113786194e+02,5.999999999999999778e-01,6.705716963448923526e-03,1.000000000000000000e+00
1.687500000000000111e-02,2.687500000000000219e-03,2.970185729838488555e+02,5.999999999999999778e-01,6.705716963448923526e-03,1.000000000000000000e+00
1.812499999999999875e-02,2.687500000000000219e-03,2.974271764407255318e+02,5.999999999999999778e-01,6.705716963448923526e-03,1.000000000000000000e+00
1.937499999999999986e-02,2.687500000000000219e-03,2.978317369159168493e+02,5.999999999999999778e-01,6.705716963448923526e-03,1.000000000000000000e+00
2.062500000000000097e-02,2.687500000000000219e-03,2.982313584071266632e+02,5.999999999999999778e-01,6.705716963448923526e-03,1.000000000000000000e+00
2.187500000000000208e-02,2.687500000000000219e-03,2.986254797935916372e+02,5.999999999999999778e-01,6.705716963448923526e-03,1.000000000000000000e+00
2.312499999999999972e-02,2.687500000000000219e-03,2.990137829463842536e+02,5.999999999999999778e-01,6.705716963448923526e-03,1.000000000000000000e+00
2.437500000000000083e-02,2.687500000000000219e-03,2.993961231660820772e+02,5.999999999999999778e-01,6.705716963448923526e-03,1.000000000000000000e+00
2.562500000000000194e-02,2.687500000000000219e-03,2.997724771772207077e+02,5.999999999999999778e-01,6.705716963448923526e-03,1.000000000000000000e+00
2.687499999999999958e-02,2.687500000000000219e-03,3.001429046652674515e+02,5.999999999999999778e-01,6.705716963448923526e-03,1.000000000000000000e+00
2.812500000000000069e-02,2.687500000000000219e-03,3.005075201174258837e+02,5.999999999999999778e-01,6.705716963448923526e-03,1.000000000000000000e+00
2.937500000000000180e-02,2.687500000000000219e-03,3.008664724220844278e+02,5.999999999999999778e-01,6.705716963448923526e-03,1.000000000000000000e+00
3.062499999999999944e-02,2.687500000000000219e-03,3.012199302614676526e+02,5.999999999999999778e-01,6.705716963448923526e-03,1.000000000000000000e+00
3.187500000000000056e-02,2.687500000000000219e-03,3.015680717983043451e+02,5.999999999999999778e-01,6.705716963448923526e-03,1.000000000000000000e+00
3.312500000000000167e-02,2.687500000000000219e-03,3.019110775233290838e+02,5.999999999999999778e-01,6.705716963448923526e-03,1.000000000000000000e+00
3.437500000000000278e-02,2.687500000000000219e-03,3.022491254131218739e+02,5.999999999999999778e-01,6.705716963448923526e-03,1.000000000000000000e+00
3.562500000000000389e-02,2.687500000000000219e-03,3.025823877636875636e+02,5.999999999999999778e-01,6.705716963448923526e-03,1.000000000000000000e+00
3.687499999999999806e-02,2.687500000000000219e-03,3.029110292286965205e+02,5.999999999999999778e-01,6.705716963448923526e-03,1.000000000000000000e+00
3.812499999999999917e-02,2.687500000000000219e-03,3.032352057143959314e+02,5.999999999999999778e-01,6.705716963448923526e-03,1.000000000000000000e+00
3.937500000000000028e-02,2.687500000000000219e-03,3.035550638753841213e+02,5.999999999999999778e-01,6.705716963448923526e-03,1.000000000000000000e+00
4.062500000000000139e-02,2.687500000000000219e-03,3.038707410241892148e+02,5.999999999999999778e-01,6.705716963448923526e-03,1.000000000000000000e+00
4.187500000000000250e-02,2.687500000000000219e-03,3.041823653186887668e+02,5.999999999999999778e-01,6.705716963448923526e-03,1.000000000000000000e+00
4.312500000000000361e-02,2.687500000000000219e-03,3.044900561292234329e+02,5.999999999999999778e-01,6.705716963448923526e-03,1.000000000000000000e+00
4.437499999999999778e-02,2.687500000000000219e-03,3.047939245151789578e+02,5.999999999999999778e-01,6.705716963448923526e-03,1.000000000000000000e+00
4.562499999999999889e-02,2.687500000000000219e-03,3.050940737613241822e+02,5.999999999999999778e-01,6.705716963448923526e-03,1.000000000000000000e+00
4.687500000000000000e-02,2.687500000000000219e-03,3.053905999392161448e+02,5.999999999999999778e-01,6.705716963448923526e-03,1.000000000000000000e+00
4.812500000000000111e-02,2.687500000000000219e-03,3.056835924699296925e+02,5.999999999999999778e-01,6.705716963448923526e-03,1.000000000000000000e+00
4.937500000000000222e-02,2.687500000000000219e-03,3.059731346722985563e+02,5.999999999999999778e-01,6.705716963448923526e-03,1.000000000000000000e+00
5.062500000000000333e-02,2.687500000000000219e-03,3.062593042865586312e+02,5.999999999999999778e-01,6.705716963448923526e-03,1.000000000000000000e+00
5.187500000000000444e-02,2.687500000000000219e-03,3.065421739673561206e+02,5.999999999999999778e-01,6.705716963448923526e-03,1.000000000000000000e+00
5.312499999999999861e-02,2.687500000000000219e-03,3.068218117429527183e+02,5.999999999999999778e-01,6.705716963448923526e-03,1.000000000000000000e+00
5.437499999999999972e-02,2.687500000000000219e-03,3.070982814394473053e+02,5.999999999999999778e-01,6.705716963448923526e-03,1.000000000000000000e+00
5.562500000000000083e-02,2.687500000000000219e-03,3.073716430701966260e+02,5.999999999999999778e-01,6.705716963448923526e-03,1.000000000000000000e+00
5.687500000000000194e-02,2.687500000000000219e-03,3.076419531915092307e+02,5.999999999999999778e-01,6.705716963448923526e-03,1.000000000000000000e+00
5.812500000000000305e-02,2.687500000000000219e-03,3.079092652262502838e+02,5.999999999999999778e-01,6.705716963448923526e-03,1.000000000000000000e+00
5.937500000000000416e-02,2.687500000000000219e-03,3.081736297573311276e+02,5.999999999999999778e-01,6.705716963448923526e-03,1.000000000000000000e+00
6.062499999999999833e-02,2.687500000000000219e-03,3.084350947932136933e+02,5.999999999999999778e-01,6.705716963448923526e-03,1.000000000000000000e+00
6.187499999999999944e-02,2.687500000000000219e-03,3.086937060076191983e+02,5.999999999999999778e-01,6.705716963448923526e-03,1.000000000000000000e+00
6.312500000000000056e-02,2.687500000000000219e-03,3.089495069555977125e+02,5.999999999999999778e-01,6.705716963448923526e-03,1.000000000000000000e+00
6.437500000000000167e-02,2.687500000000000219e-03,3.092025392680434379e+02,5.999999999999999778e-01,6.705716963448923526e-03,1.000000000000000000e+00
6.562500000000000278e-02,2.687500000000000219e-03,3.094528428266275455e+02,5.999999999999999778e-01,6.705716963448923526e-03,1.000000000000000000e+00
6.687500000000000389e-02,2.687500000000000219e-03,3.097004559209981949e+02,5.999999999999999778e-01,6.705716963448923526e-03,1.000000000000000000e+00
6.812500000000000500e-02,2.687500000000000219e-03,3.099454153899599760e+02,5.999999999999999778e-01,6.705716963448923526e-03,1.000000000000000000e+00
6.937500000000000611e-02,2.687500000000000219e-03,3.101877567482119957e+02,5.999999999999999778e-01,6.705716963448923526e-03,1.000000000000000000e+00
7.062500000000000722e-02,2.687500000000000219e-03,3.104275143000835442e+02,5.999999999999999778e-01,6.705716963448923526e-03,1.000000000000000000e+00
7.187500000000000833e-02,2.687500000000000219e-03,3.106647212415875856e+02,5.999999999999999778e-01,6.705716963448923526e-03,1.000000000000000000e+00
7.312499999999999556e-02,2.687500000000000219e-03,3.108994097519807269e+02,5.999999999999999778e-01,6.705716963448923526e-03,1.000000000000000000e+00
7.437499999999999667e-02,2.687500000000000219e-03,3.111316110759104276e+02,5.999999999999999778e-01,6.705716963448923526e-03,1.000000000000000000e+00
7.562499999999999778e-02,2.687500000000000219e-03,3.113613555971261917e+02,5.999999999999999778e-01,6.705716963448923526e-03,1.000000000000000000e+00
7.687499999999999889e-02,2.687500000000000219e-03,3.115886729046295045e+02,5.999999999999999778e-01,6.705716963448923526e-03,1.000000000000000000e+00
7.812500000000000000e-02,2.687500000000000219e-03,3.118135918520566747e+02,5.999999999999999778e-01,6.705716963448923526e-03,1.000000000000000000e+00
7.937500000000000111e-02,2.687500000000000219e-03,3.120361406110007465e+02,5.999999999999999778e-01,6.705716963448923526e-03,1.000000000000000000e+00
8.062500000000000222e-02,2.687500000000000219e-03,3.122563467189115727e+02,5.999999999999999778e-01,6.705716963448923526e-03,1.000000000000000000e+00
8.187500000000000333e-02,2.687500000000000219e-03,3.124742371221453823e+02,5.999999999999999778e-01,6.705716963448923526e-03,1.000000000000000000e+00
8.312500000000000444e-02,2.687500000000000219e-03,3.126898382146744098e+02,5.999999999999999778e-01,6.705716963448923526e-03,1.000000000000000000e+00
8.437500000000000555e-02,2.687500000000000219e-03,3.129031758729165631e+02,5.999999999999999778e-01,6.705716963448923526e-03,1.000000000000000000e+00
8.562500000000000666e-02,2.687500000000000219e-03,3.131142754870940621e+02,5.999999999999999778e-01,6.705716963448923526e-03,1.000000000000000000e+00
8.687500000000000777e-02,2.687500000000000219e-03,3.133231619894891082e+02,5.999999999999999778e-01,6.705716963448923526e-03,1.000000000000000000e+00
8.812499999999999500e-02,2.687500000000000219e-03,3.135298598799247998e+02,5.999999999999999778e-01,6.705716963448923526e-03,1.000000000000000000e+00
8.937499999999999611e-02,2.687500000000000219e-03,3.137343932487631832e+02,5.999999999999999778e-01,6.705716963448923526e-03,1.000000000000000000e+00
9.062499999999999722e-02,2.687500000000000219e-03,3.139367857976850473e+02,5.999999999999999778e-01,6.705716963448923526e-03,1.000000000000000000e+00
9.187499999999999833e-02,2.687500000000000219e-03,3.141370608584745696e+02,5.999999999999999778e-01,6.705716963448923526e-03,1.000000000000000000e+00
9.312499999999999944e-02,2.687500000000000219e-03,3.143352414099783232e+02,5.999999999999999778e-01,6.705716963448923526e-03,1.000000000000000000e+00
9.437500000000000056e-02,2.687500000000000219e-03,3.145313500929130441e+02,5.999999999999999778e-01,6.705716963448923526e-03,1.000000000000000000e+00
9.562500000000000167e-02,2.687500000000000219e-03,3.147254092066051498e+02,5.999999999999999778e-01,6.705716963448923526e-03,1.000000000000000000e+00
9.687500000000000278e-02,2.687500000000000219e-03,3.149174398521153648e+02,5.999999999999999778e-01,6.705716963448923526e-03,1.000000000000000000e+00
9.812500000000000389e-02,2.687500000000000219e-03,3.151074123183286133e+02,5.999999999999999778e-01,6.705716963448923526e-03,1.000000000000000000e+00
9.937500000000000500e-02,2.687500000000000219e-03,3.152923282504674489e+02,5.999999999999999778e-01,6.705716963448923526e-03,1.000000000000000000e+00
6.250000000000000130e-04,2.812499999999999896e-03,2.931555664013588398e+02,5.999999999999999778e-01,6.930646672914713910e-03,1.000000000000000000e+00
1.874999999999999931e-03,2.812499999999999896e-03,2.931784297924461384e+02,5.999999999999999778e-01,6.930646672914713910e-03,1.000000000000000000e+00
3.125000000000000173e-03,2.812499999999999896e-03,2.932314786596977001e+02,5.999999999999999778e-01,6.930646672914713910e-03,1.000000000000000000e+00
4.375000000000000416e-03,2.812499999999999896e-03,2.933244669562769786e+02,5.999999999999999778e-01,6.930646672914713910e-03,1.000000000000000000e+00
5.624999999999999792e-03,2.812499999999999896e-03,2.934618954602909184e+02,5.999999999999999778e-01,6.930646672914713910e-03,1.000000000000000000e+00
6.875000000000000035e-03,2.812499999999999896e-03,2.936433773202467137e+02,5.999999999999999778e-01,6.930646672914713910e-03,1.000000000000000000e+00
8.125000000000000278e-03,2.812499999999999896e-03,2.938651284610049856e+02,5.999999999999999778e-01,6.930646672914713910e-03,1.000000000000000000e+00
9.374999999999999653e-03,2.812499999999999896e-03,2.941215706796637619e+02,5.999999999999999778e-01,6.930646672914713910e-03,1.000000000000000000e+00
1.062500000000000076e-02,2.812499999999999896e-03,2.944065736805695224e+02,5.999999999999999778e-01,6.930646672914713910e-03,1.000000000000000000e+00
1.187500000000000014e-02,2.812499999999999896e-03,2.947142418194157472e+02,5.999999999999999778e-01,6.930646672914713910e-03,1.000000000000000000e+00
1.312499999999999951e-02,2.812499999999999896e-03,2.950393240395255816e+02,5.999999999999999778e-01,6.930646672914713910e-03,1.000000000000000000e+00
1.437500000000000062e-02,2.812499999999999896e-03,2.953773674767892317e+02,5.999999999999999778e-01,6.930646672914713910e-03,1.000000000000000000e+00
1.562500000000000000e-02,2.812499999999999896e-03,2.957247197823705278e+02,5.999999999999999778e-01,6.930646672914713910e-03,1.000000000000000000e+00
1.687500000000000111e-02,2.812499999999999896e-03,2.960784545805818198e+02,5.999999999999999778e-01,6.930646672914713910e-03,1.000000000000000000e+00
1.812499999999999875e-02,2.812499999999999896e-03,2.964362665275241397e+02,5.999999999999999778e-01,6.930646672914713910e-03,1.000000000000000000e+00
1.937499999999999986e-02,2.812499999999999896e-03,2.967963620907169116e+02,5.999999999999999778e-01,6.930646672914713910e-03,1.000000000000000000e+00
2.062500000000000097e-02,2.812499999999999896e-03,2.971573590543640648e+02,5.999999999999999778e-01,6.930646672914713910e-03,1.000000000000000000e+00
2.187500000000000208e-02,2.812499999999999896e-03,2.975182000059739948e+02,5.999999999999999778e-01,6.930646672914713910e-03,1.000000000000000000e+00
2.312499999999999972e-02,2.812499999999999896e-03,2.978780808412581109e+02,5.999999999999999778e-01,6.930646672914713910e-03,1.000000000000000000e+00
2.437500000000000083e-02,2.812499999999999896e-03,2.982363932522722507e+02,5.999999999999999778e-01,6.930646672914713910e-03,1.000000000000000000e+00
2.562500000000000194e-02,2.812499999999999896e-03,2.985926793162885815e+02,5.999999999999999778e-01,6.930646672914713910e-03,1.000000000000000000e+00
2.687499999999999958e-02,2.812499999999999896e-03,2.989465961086484072e+02,5.999999999999999778e-01,6.930646672914713910e-03,1.000000000000000000e+00
2.812500000000000069e-02,2.812499999999999896e-03,2.992978883868645994e+02,5.999999999999999778e-01,6.930646672914713910e-03,1.000000000000000000e+00
2.937500000000000180e-02,2.812499999999999896e-03,2.996463676485932410e+02,5.999999999999999778e-01,6.930646672914713910e-03,1.000000000000000000e+00
3.062499999999999944e-02,2.812499999999999896e-03,2.999918961543287423e+02,5.999999999999999778e-01,6.930646672914713910e-03,1.000000000000000000e+00
3.187500000000000056e-02,2.812499999999999896e-03,3.003343747789803047e+02,5.999999999999999778e-01,6.930646672914713910e-03,1.000000000000000000e+00
3.312500000000000167e-02,2.812499999999999896e-03,3.006737337949994640e+02,5.999999999999999778e-01,6.930646672914713910e-03,1.000000000000000000e+00
3.437500000000000278e-02,2.812499999999999896e-03,3.010099258881431297e+02,5.999999999999999778e-01,6.930646672914713910e-03,1.000000000000000000e+00
3.562500000000000389e-02,2.812499999999999896e-03,3.013429208670679031e+02,5.999999999999999778e-01,6.930646672914713910e-03,1.000000000000000000e+00
3.687499999999999806e-02,2.812499999999999896e-03,3.016727016545175957e+02,5.999999999999999778e-01,6.930646672914713910e-03,1.000000000000000000e+00
3.812499999999999917e-02,2.812499999999999896e-03,3.019992612464676540e+02,5.999999999999999778e-01,6.930646672914713910e-03,1.000000000000000000e+00
3.937500000000000028e-02,2.812499999999999896e-03,3.023226004015927515e+02,5.999999999999999778e-01,6.930646672914713910e-03,1.000000000000000000e+00
4.062500000000000139e-02,2.812499999999999896e-03,3.026427258815654682e+02,5.999999999999999778e-01,6.930646672914713910e-03,1.000000000000000000e+00
4.187500000000000250e-02,2.812499999999999896e-03,3.029596491068980981e+02,5.999999999999999778e-01,6.930646672914713910e-03,1.000000000000000000e+00
4.312500000000000361e-02,2.812499999999999896e-03,3.032733851265110161e+02,5.999999999999999778e-01,6.930646672914713910e-03,1.000000000000000000e+00
4.437499999999999778e-02,2.812499999999999896e-03,3.035839518244682722e+02,5.999999999999999778e-01,6.930646672914713910e-03,1.000000000000000000e+00
4.562499999999999889e-02,2.812499999999999896e-03,3.038913693063338428e+02,5.999999999999999778e-01,6.930646672914713910e-03,1.000000000000000000e+00
4.687500000000000000e-02,2.812499999999999896e-03,3.041956594218893883e+02,5.999999999999999778e-01,6.930646672914713910e-03,1.000000000000000000e+00
4.812500000000000111e-02,2.812499999999999896e-03,3.044968453916763451e+02,5.999999999999999778e-01,6.930646672914713910e-03,1.000000000000000000e+00
4.937500000000000222e-02,2.812499999999999896e-03,3.047949515128693747e+02,5.999999999999999778e-01,6.930646672914713910e-03,1.000000000000000000e+00
5.062500000000000333e-02,2.812499999999999896e-03,3.050900029260147335e+02,5.999999999999999778e-01,6.930646672914713910e-03,1.000000000000000000e+00
5.187500000000000444e-02,2.812499999999999896e-03,3.053820254286884506e+02,5.999999999999999778e-01,6.930646672914713910e-03,1.000000000000000000e+00
5.312499999999999861e-02,2.812499999999999896e-03,3.056710453255188895e+02,5.999999999999999778e-01,6.930646672914713910e-03,1.000000000000000000e+00
5.437499999999999972e-02,2.812499999999999896e-03,3.059570893065617838e+02,5.999999999999999778e-01,6.930646672914713910e-03,1.000000000000000000e+00
5.562500000000000083e-02,2.812499999999999896e-03,3.062401843479252648e+02,5.999999999999999778e-01,6.930646672914713910e-03,1.000000000000000000e+00
5.687500000000000194e-02,2.812499999999999896e-03,3.065203576299826977e+02,5.999999999999999778e-01,6.930646672914713910e-03,1.000000000000000000e+00
5.812500000000000305e-02,2.812499999999999896e-03,3.067976364695903158e+02,5.999999999999999778e-01,6.930646672914713910e-03,1.000000000000000000e+00
5.937500000000000416e-02,2.812499999999999896e-03,3.070720482635490498e+02,5.999999999999999778e-01,6.930646672914713910e-03,1.000000000000000000e+00
6.062499999999999833e-02,2.812499999999999896e-03,3.073436204411624431e+02,5.999999999999999778e-01,6.930646672914713910e-03,1.000000000000000000e+00
6.187499999999999944e-02,2.812499999999999896e-03,3.076123804242208166e+02,5.999999999999999778e-01,6.930646672914713910e-03,1.000000000000000000e+00
6.312500000000000056e-02,2.812499999999999896e-03,3.078783555930890543e+02,5.999999999999999778e-01,6.930646672914713910e-03,1.000000000000000000e+00
6.437500000000000167e-02,2.812499999999999896e-03,3.081415732578641382e+02,5.999999999999999778e-01,6.930646672914713910e-03,1.000000000000000000e+00
6.562500000000000278e-02,2.812499999999999896e-03,3.084020606337599020e+02,5.999999999999999778e-01,6.930646672914713910e-03,1.000000000000000000e+00
6.687500000000000389e-02,2.812499999999999896e-03,3.086598448200596749e+02,5.999999999999999778e-01,6.930646672914713910e-03,1.000000000000000000e+00
6.812500000000000500e-02,2.812499999999999896e-03,3.089149527820853223e+02,5.999999999999999778e-01,6.930646672914713910e-03,1.000000000000000000e+00
6.937500000000000611e-02,2.812499999999999896e-03,3.091674113357453280e+02,5.999999999999999778e-01,6.930646672914713910e-03,1.000000000000000000e+00
7.062500000000000722e-02,2.812499999999999896e-03,3.094172471342888002e+02,5.999999999999999778e-01,6.930646672914713910e-03,1.000000000000000000e+00
7.187500000000000833e-02,2.812499999999999896e-03,3.096644866569664032e+02,5.999999999999999778e-01,6.930646672914713910e-03,1.000000000000000000e+00
7.312499999999999556e-02,2.812499999999999896e-03,3.099091561993398045e+02,5.999999999999999778e-01,6.930646672914713910e-03,1.000000000000000000e+00
7.437499999999999667e-02,2.812499999999999896e-03,3.101512818650237477e+02,5.999999999999999778e-01,6.930646672914713910e-03,1.000000000000000000e+00
7.562499999999999778e-02,2.812499999999999896e-03,3.103908895586783387e+02,5.999999999999999778e-01,6.930646672914713910e-03,1.000000000000000000e+00
7.687499999999999889e-02,2.812499999999999896e-03,3.106280049800953407e+02,5.999999999999999778e-01,6.930646672914713910e-03,1.000000000000000000e+00
7.812500000000000000e-02,2.812499999999999896e-03,3.108626536192427920e+02,5.999999999999999778e-01,6.930646672914713910e-03,1.000000000000000000e+00
7.937500000000000111e-02,2.812499999999999896e-03,3.110948607521504528e+02,5.999999999999999778e-01,6.930646672914713910e-03,1.000000000000000000e+00
8.062500000000000222e-02,2.812499999999999896e-03,3.113246514375369998e+02,5.999999999999999778e-01,6.930646672914713910e-03,1.000000000000000000e+00
8.187500000000000333e-02,2.812499999999999896e-03,3.115520505140895011e+02,5.999999999999999778e-01,6.930646672914713910e-03,1.000000000000000000e+00
8.312500000000000444e-02,2.812499999999999896e-03,3.117770825983168947e+02,5.999999999999999778e-01,6.930646672914713910e-03,1.000000000000000000e+00
8.437500000000000555e-02,2.812499999999999896e-03,3.119997720829117611e+02,5.999999999999999778e-01,6.930646672914713910e-03,1.000000000000000000e+00
8.562500000000000666e-02,2.812499999999999896e-03,3.122201431355596242e+02,5.999999999999999778e-01,6.930646672914713910e-03,1.000000000000000000e+00
8.687500000000000777e-02,2.812499999999999896e-03,3.124382196981428592e+02,5.999999999999999778e-01,6.930646672914713910e-03,1.000000000000000000e+00
8.812499999999999500e-02,2.812499999999999896e-03,3.126540254862934489e+02,5.999999999999999778e-01,6.930646672914713910e-03,1.000000000000000000e+00
8.937499999999999611e-02,2.812499999999999896e-03,3.128675839892532622e+02,5.999999999999999778e-01,6.930646672914713910e-03,1.000000000000000000e+00
9.062499999999999722e-02,2.812499999999999896e-03,3.130789184700047940e+02,5.999999999999999778e-01,6.930646672914713910e-03,1.000000000000000000e+00
9.187499999999999833e-02,2.812499999999999896e-03,3.132880519656359866e+02,5.999999999999999778e-01,6.930646672914713910e-03,1.000000000000000000e+00
9.312499999999999944e-02,2.812499999999999896e-03,3.134950072878873470e+02,5.999999999999999778e-01,6.930646672914713910e-03,1.000000000000000000e+00
9.437500000000000056e-02,2.812499999999999896e-03,3.136998070234974421e+02,5.999999999999999778e-01,6.930646672914713910e-03,1.000000000000000000e+00
9.562500000000000167e-02,2.812499999999999896e-03,3.139024735202721104e+02,5.999999999999999778e-01,6.930646672914713910e-03,1.000000000000000000e+00
9.687500000000000278e-02,2.812499999999999896e-03,3.141030280718667314e+02,5.999999999999999778e-01,6.930646672914713910e-03,1.000000000000000000e+00
9.812500000000000389e-02,2.812499999999999896e-03,3.143014423225427549e+02,5.999999999999999778e-01,6.930646672914713910e-03,1.000000000000000000e+00
9.937500000000000500e-02,2.812499999999999896e-03,3.144946812837401353e+02,5.999999999999999778e-01,6.930646672914713910e-03,1.000000000000000000e+00
6.250000000000000130e-04,2.937500000000000007e-03,2.931526179555856970e+02,5.999999999999999778e-01,7.118088097469542699e-03,1.000000000000000000e+00
1.874999999999999931e-03,2.937500000000000007e-03,2.931642466240948011e+02,5.999999999999999778e-01,7.118088097469542699e-03,1.000000000000000000e+00
3.125000000000000173e-03,2.937500000000000007e-03,2.931932694149008967e+02,5.999999999999999778e-01,7.118088097469542699e-03,1.000000000000000000e+00
4.375000000000000416e-03,2.937500000000000007e-03,2.932476087342448068e+02,5.999999999999999778e-01,7.118088097469542699e-03,1.000000000000000000e+00
5.624999999999999792e-03,2.937500000000000007e-03,2.933327980419265373e+02,5.999999999999999778e-01,7.118088097469542699e-03,1.000000000000000000e+00
6.875000000000000035e-03,2.937500000000000007e-03,2.934513697727571184e+02,5.999999999999999778e-01,7.118088097469542699e-03,1.000000000000000000e+00
8.125000000000000278e-03,2.937500000000000007e-03,2.936031947443167383e+02,5.999999999999999778e-01,7.118088097469542699e-03,1.000000000000000000e+00
9.374999999999999653e-03,2.937500000000000007e-03,2.937862438923090735e+02,5.999999999999999778e-01,7.118088097469542699e-03,1.000000000000000000e+00
1.062500000000000076e-02,2.937500000000000007e-03,2.939973827786459992e+02,5.999999999999999778e-01,7.118088097469542699e-03,1.000000000000000000e+00
1.187500000000000014e-02,2.937500000000000007e-03,2.942330098379873675e+02,5.999999999999999778e-01,7.118088097469542699e-03,1.000000000000000000e+00
1.312499999999999951e-02,2.937500000000000007e-03,2.944894917966125831e+02,5.999999999999999778e-01,7.118088097469542699e-03,1.000000000000000000e+00
1.437500000000000062e-02,2.937500000000000007e-03,2.947634208793570565e+02,5.999999999999999778e-01,7.118088097469542699e-03,1.000000000000000000e+00
1.562500000000000000e-02,2.937500000000000007e-03,2.950517411638987824e+02,5.999999999999999778e-01,7.118088097469542699e-03,1.000000000000000000e+00
1.687500000000000111e-02,2.937500000000000007e-03,2.953517898552375982e+02,5.999999999999999778e-01,7.118088097469542699e-03,1.000000000000000000e+00
1.812499999999999875e-02,2.937500000000000007e-03,2.956612889654679179e+02,5.999999999999999778e-01,7.118088097469542699e-03,1.000000000000000000e+00
1.937499999999999986e-02,2.937500000000000007e-03,2.959783117012820526e+02,5.999999999999999778e-01,7.118088097469542699e-03,1.000000000000000000e+00
2.062500000000000097e-02,2.937500000000000007e-03,2.963012387461601520e+02,5.999999999999999778e-01,7.118088097469542699e-03,1.000000000000000000e+00
2.187500000000000208e-02,2.937500000000000007e-03,2.966287131438579081e+02,5.999999999999999778e-01,7.118088097469542699e-03,1.000000000000000000e+00
2.312499999999999972e-02,2.937500000000000007e-03,2.969595982724433156e+02,5.999999999999999778e-01,7.118088097469542699e-03,1.000000000000000000e+00
2.437500000000000083e-02,2.937500000000000007e-03,2.972929408412347243e+02,5.999999999999999778e-01,7.118088097469542699e-03,1.000000000000000000e+00
2.562500000000000194e-02,2.937500000000000007e-03,2.976279393981787962e+02,5.999999999999999778e-01,7.118088097469542699e-03,1.000000000000000000e+00
2.687499999999999958e-02,2.937500000000000007e-03,2.979639180880237177e+02,5.999999999999999778e-01,7.118088097469542699e-03,1.000000000000000000e+00
2.812500000000000069e-02,2.937500000000000007e-03,2.983003050680437127e+02,5.999999999999999778e-01,7.118088097469542699e-03,1.000000000000000000e+00
2.937500000000000180e-02,2.937500000000000007e-03,2.986366148855365736e+02,5.999999999999999778e-01,7.118088097469542699e-03,1.000000000000000000e+00
3.062499999999999944e-02,2.937500000000000007e-03,2.989724341383476940e+02,5.999999999999999778e-01,7.118088097469542699e-03,1.000000000000000000e+00
3.187500000000000056e-02,2.937500000000000007e-03,2.993074098112263641e+02,5.999999999999999778e-01,7.118088097469542699e-03,1.000000000000000000e+00
3.312500000000000167e-02,2.937500000000000007e-03,2.996412397708890580e+02,5.999999999999999778e-01,7.118088097469542699e-03,1.000000000000000000e+00
3.437500000000000278e-02,2.937500000000000007e-03,2.999736649925848155e+02,5.999999999999999778e-01,7.118088097469542699e-03,1.000000000000000000e+00
3.562500000000000389e-02,2.937500000000000007e-03,3.003044631721302267e+02,5.999999999999999778e-01,7.118088097469542699e-03,1.000000000000000000e+00
3.687499999999999806e-02,2.937500000000000007e-03,3.006334434466778021e+02,5.999999999999999778e-01,7.118088097469542699e-03,1.000000000000000000e+00
3.812499999999999917e-02,2.937500000000000007e-03,3.009604420046728137e+02,5.999999999999999778e-01,7.118088097469542699e-03,1.000000000000000000e+00
3.937500000000000028e-02,2.937500000000000007e-03,3.012853184115925842e+02,5.999999999999999778e-01,7.118088097469542699e-03,1.000000000000000000e+00
4.062500000000000139e-02,2.937500000000000007e-03,3.016079525147681579e+02,5.999999999999999778e-01,7.118088097469542699e-03,1.000000000000000000e+00
4.187500000000000250e-02,2.937500000000000007e-03,3.019282418194645174e+02,5.999999999999999778e-01,7.118088097469542699e-03,1.000000000000000000e+00
4.312500000000000361e-02,2.937500000000000007e-03,3.022460992510176538e+02,5.999999999999999778e-01,7.118088097469542699e-03,1.000000000000000000e+00
4.437499999999999778e-02,2.937500000000000007e-03,3.025614512354395629e+02,5.999999999999999778e-01,7.118088097469542699e-03,1.000000000000000000e+00
4.562499999999999889e-02,2.937500000000000007e-03,3.028742360446353246e+02,5.999999999999999778e-01,7.118088097469542699e-03,1.000000000000000000e+00
4.687500000000000000e-02,2.937500000000000007e-03,3.031844023630570177e+02,5.999999999999999778e-01,7.118088097469542699e-03,1.000000000000000000e+00
4.812500000000000111e-02,2.937500000000000007e-03,3.034919080409678713e+02,5.999999999999999778e-01,7.118088097469542699e-03,1.000000000000000000e+00
4.937500000000000222e-02,2.937500000000000007e-03,3.037967190060113580e+02,5.999999999999999778e-01,7.118088097469542699e-03,1.000000000000000000e+00
5.062500000000000333e-02,2.937500000000000007e-03,3.040988083099192636e+02,5.999999999999999778e-01,7.118088097469542699e-03,1.000000000000000000e+00
5.187500000000000444e-02,2.937500000000000007e-03,3.043981552912431425e+02,5.999999999999999778e-01,7.118088097469542699e-03,1.000000000000000000e+00
5.312499999999999861e-02,2.937500000000000007e-03,3.046947448382230164e+02,5.999999999999999778e-01,7.118088097469542699e-03,1.000000000000000000e+00
5.437499999999999972e-02,2.937500000000000007e-03,3.049885667384874068e+02,5.999999999999999778e-01,7.118088097469542699e-03,1.000000000000000000e+00
5.562500000000000083e-02,2.937500000000000007e-03,3.052796151043586406e+02,5.999999999999999778e-01,7.118088097469542699e-03,1.000000000000000000e+00
5.687500000000000194e-02,2.937500000000000007e-03,3.055678878642357859e+02,5.999999999999999778e-01,7.118088097469542699e-03,1.000000000000000000e+00
5.812500000000000305e-02,2.937500000000000007e-03,3.058533863119052967e+02,5.999999999999999778e-01,7.118088097469542699e-03,1.000000000000000000e+00
5.937500000000000416e-02,2.937500000000000007e-03,3.061361147067816546e+02,5.999999999999999778e-01,7.118088097469542699e-03,1.000000000000000000e+00
6.062499999999999833e-02,2.937500000000000007e-03,3.064160799190277658e+02,5.999999999999999778e-01,7.118088097469542699e-03,1.000000000000000000e+00
6.187499999999999944e-02,2.937500000000000007e-03,3.066932911143061347e+02,5.999999999999999778e-01,7.118088097469542699e-03,1.000000000000000000e+00
6.312500000000000056e-02,2.937500000000000007e-03,3.069677594735848061e+02,5.999999999999999778e-01,7.118088097469542699e-03,1.000000000000000000e+00
6.437500000000000167e-02,2.937500000000000007e-03,3.072394979439980034e+02,5.999999999999999778e-01,7.118088097469542699e-03,1.000000000000000000e+00
6.562500000000000278e-02,2.937500000000000007e-03,3.075085210172480288e+02,5.999999999999999778e-01,7.118088097469542699e-03,1.000000000000000000e+00
6.687500000000000389e-02,2.937500000000000007e-03,3.077748445324637032e+02,5.999999999999999778e-01,7.118088097469542699e-03,1.000000000000000000e+00
6.812500000000000500e-02,2.937500000000000007e-03,3.080384855007876581e+02,5.999999999999999778e-01,7.118088097469542699e-03,1.000000000000000000e+00
6.937500000000000611e-02,2.937500000000000007e-03,3.082994619492920947e+02,5.999999999999999778e-01,7.118088097469542699e-03,1.000000000000000000e+00
7.062500000000000722e-02,2.937500000000000007e-03,3.085577927820874606e+02,5.999999999999999778e-01,7.118088097469542699e-03,1.000000000000000000e+00
7.187500000000000833e-02,2.937500000000000007e-03,3.088134976567437775e+02,5.999999999999999778e-01,7.118088097469542699e-03,1.000000000000000000e+00
7.312499999999999556e-02,2.937500000000000007e-03,3.090665968743456915e+02,5.999999999999999778e-01,7.118088097469542699e-03,1.000000000000000000e+00
7.437499999999999667e-02,2.937500000000000007e-03,3.093171112816963273e+02,5.999999999999999778e-01,7.118088097469542699e-03,1.000000000000000000e+00
7.562499999999999778e-02,2.937500000000000007e-03,3.095650621843487329e+02,5.999999999999999778e-01,7.118088097469542699e-03,1.000000000000000000e+00
7.687499999999999889e-02,2.937500000000000007e-03,3.098104712692869498e+02,5.999999999999999778e-01,7.118088097469542699e-03,1.000000000000000000e+00
7.812500000000000000e-02,2.937500000000000007e-03,3.100533605362137450e+02,5.999999999999999778e-01,7.118088097469542699e-03,1.000000000000000000e+00
7.937500000000000111e-02,2.937500000000000007e-03,3.102937522365088512e+02,5.999999999999999778e-01,7.118088097469542699e-03,1.000000000000000000e+00
8.062500000000000222e-02,2.937500000000000007e-03,3.105316688190300738e+02,5.999999999999999778e-01,7.118088097469542699e-03,1.000000000000000000e+00
8.187500000000000333e-02,2.937500000000000007e-03,3.107671328820179042e+02,5.999999999999999778e-01,7.118088097469542699e-03,1.000000000000000000e+00
8.312500000000000444e-02,2.937500000000000007e-03,3.110001671304401043e+02,5.999999999999999778e-01,7.118088097469542699e-03,1.000000000000000000e+00
8.437500000000000555e-02,2.937500000000000007e-03,3.112307943381929363e+02,5.999999999999999778e-01,7.118088097469542699e-03,1.000000000000000000e+00
8.562500000000000666e-02,2.937500000000000007e-03,3.114590373146316438e+02,5.999999999999999778e-01,7.118088097469542699e-03,1.000000000000000000e+00
8.687500000000000777e-02,2.937500000000000007e-03,3.116849188749608857e+02,5.999999999999999778e-01,7.118088097469542699e-03,1.000000000000000000e+00
8.812499999999999500e-02,2.937500000000000007e-03,3.119084618140711882e+02,5.999999999999999778e-01,7.118088097469542699e-03,1.000000000000000000e+00
8.937499999999999611e-02,2.937500000000000007e-03,3.121296888834463630e+02,5.999999999999999778e-01,7.118088097469542699e-03,1.000000000000000000e+00
9.062499999999999722e-02,2.937500000000000007e-03,3.123486227708096976e+02,5.999999999999999778e-01,7.118088097469542699e-03,1.000000000000000000e+00
9.187499999999999833e-02,2.937500000000000007e-03,3.125652860822103207e+02,5.999999999999999778e-01,7.118088097469542699e-03,1.000000000000000000e+00
9.312499999999999944e-02,2.937500000000000007e-03,3.127797013262716064e+02,5.999999999999999778e-01,7.118088097469542699e-03,1.000000000000000000e+00
9.437500000000000056e-02,2.937500000000000007e-03,3.129918909000950862e+02,5.999999999999999778e-01,7.118088097469542699e-03,1.000000000000000000e+00
9.562500000000000167e-02,2.937500000000000007e-03,3.132018770639120362e+02,5.999999999999999778e-01,7.118088097469542699e-03,1.000000000000000000e+00
9.687500000000000278e-02,2.937500000000000007e-03,3.134096811536985570e+02,5.999999999999999778e-01,7.118088097469542699e-03,1.000000000000000000e+00
9.812500000000000389e-02,2.937500000000000007e-03,3.136152757733428871e+02,5.999999999999999778e-01,7.118088097469542699e-03,1.000000000000000000e+00
9.937500000000000500e-02,2.937500000000000007e-03,3.138155948863627600e+02,5.999999999999999778e-01,7.118088097469542699e-03,1.000000000000000000e+00
6.250000000000000130e-04,3.062500000000000118e-03,2.931512283660913454e+02,5.999999999999999778e-01,7.268041237113402088e-03,1.000000000000000000e+00
1.874999999999999931e-03,3.062500000000000118e-03,2.931570977405050940e+02,5.999999999999999778e-01,7.268041237113402088e-03,1.000000000000000000e+00
3.125000000000000173e-03,3.062500000000000118e-03,2.931727972703998830e+02,5.999999999999999778e-01,7.268041237113402088e-03,1.000000000000000000e+00
4.375000000000000416e-03,3.062500000000000118e-03,2.932041251544166585e+02,5.999999999999999778e-01,7.268041237113402088e-03,1.000000000000000000e+00
5.624999999999999792e-03,3.062500000000000118e-03,2.932561728261563303e+02,5.999999999999999778e-01,7.268041237113402088e-03,1.000000000000000000e+00
6.875000000000000035e-03,3.062500000000000118e-03,2.933325283767842961e+02,5.999999999999999778e-01,7.268041237113402088e-03,1.000000000000000000e+00
8.125000000000000278e-03,3.062500000000000118e-03,2.934350600509881701e+02,5.999999999999999778e-01,7.268041237113402088e-03,1.000000000000000000e+00
9.374999999999999653e-03,3.062500000000000118e-03,2.935641023042249458e+02,5.999999999999999778e-01,7.268041237113402088e-03,1.000000000000000000e+00
1.062500000000000076e-02,3.062500000000000118e-03,2.937188249889481426e+02,5.999999999999999778e-01,7.268041237113402088e-03,1.000000000000000000e+00
1.187500000000000014e-02,3.062500000000000118e-03,2.938976267079023046e+02,5.999999999999999778e-01,7.268041237113402088e-03,1.000000000000000000e+00
1.312499999999999951e-02,3.062500000000000118e-03,2.940984697432808161e+02,5.999999999999999778e-01,7.268041237113402088e-03,1.000000000000000000e+00
1.437500000000000062e-02,3.062500000000000118e-03,2.943191299243976573e+02,5.999999999999999778e-01,7.268041237113402088e-03,1.000000000000000000e+00
1.562500000000000000e-02,3.062500000000000118e-03,2.945573654446101841e+02,5.999999999999999778e-01,7.268041237113402088e-03,1.000000000000000000e+00
1.687500000000000111e-02,3.062500000000000118e-03,2.948110208593975017e+02,5.999999999999999778e-01,7.268041237113402088e-03,1.000000000000000000e+00
1.812499999999999875e-02,3.062500000000000118e-03,2.950780844021291500e+02,5.999999999999999778e-01,7.268041237113402088e-03,1.000000000000000000e+00
1.937499999999999986e-02,3.062500000000000118e-03,2.953567141497345006e+02,5.999999999999999778e-01,7.268041237113402088e-03,1.000000000000000000e+00
2.062500000000000097e-02,3.062500000000000118e-03,2.956452447307989360e+02,5.999999999999999778e-01,7.268041237113402088e-03,1.000000000000000000e+00
2.187500000000000208e-02,3.062500000000000118e-03,2.959421826940196070e+02,5.999999999999999778e-01,7.268041237113402088e-03,1.000000000000000000e+00
2.312499999999999972e-02,3.062500000000000118e-03,2.962461958477853727e+02,5.999999999999999778e-01,7.268041237113402088e-03,1.000000000000000000e+00
2.437500000000000083e-02,3.062500000000000118e-03,2.965560998745658026e+02,5.999999999999999778e-01,7.268041237113402088e-03,1.000000000000000000e+00
2.562500000000000194e-02,3.062500000000000118e-03,2.968708441751311398e+02,5.999999999999999778e-01,7.268041237113402088e-03,1.000000000000000000e+00
2.687499999999999958e-02,3.062500000000000118e-03,2.971894980327709277e+02,5.999999999999999778e-01,7.268041237113402088e-03,1.000000000000000000e+00
2.812500000000000069e-02,3.062500000000000118e-03,2.975112376546614996e+02,5.999999999999999778e-01,7.268041237113402088e-03,1.000000000000000000e+00
2.937500000000000180e-02,3.062500000000000118e-03,2.978353343314484505e+02,5.999999999999999778e-01,7.268041237113402088e-03,1.000000000000000000e+00
3.062499999999999944e-02,3.062500000000000118e-03,2.981611437767093662e+02,5.999999999999999778e-01,7.268041237113402088e-03,1.000000000000000000e+00
3.187500000000000056e-02,3.062500000000000118e-03,2.984880966119222876e+02,5.999999999999999778e-01,7.268041237113402088e-03,1.000000000000000000e+00
3.312500000000000167e-02,3.062500000000000118e-03,2.988156899158469741e+02,5.999999999999999778e-01,7.268041237113402088e-03,1.000000000000000000e+00
3.437500000000000278e-02,3.062500000000000118e-03,2.991434797386543778e+02,5.999999999999999778e-01,7.268041237113402088e-03,1.000000000000000000e+00
3.562500000000000389e-02,3.062500000000000118e-03,2.994710744779748666e+02,5.999999999999999778e-01,7.268041237113402088e-03,1.000000000000000000e+00
3.687499999999999806e-02,3.062500000000000118e-03,2.997981290187125296e+02,5.999999999999999778e-01,7.268041237113402088e-03,1.000000000000000000e+00
3.812499999999999917e-02,3.062500000000000118e-03,3.001243395467229789e+02,5.999999999999999778e-01,7.268041237113402088e-03,1.000000000000000000e+00
3.937500000000000028e-02,3.062500000000000118e-03,3.004494389558868193e+02,5.999999999999999778e-01,7.268041237113402088e-03,1.000000000000000000e+00
4.062500000000000139e-02,3.062500000000000118e-03,3.007731927774794372e+02,5.999999999999999778e-01,7.268041237113402088e-03,1.000000000000000000e+00
4.187500000000000250e-02,3.062500000000000118e-03,3.010953955694661204e+02,5.999999999999999778e-01,7.268041237113402088e-03,1.000000000000000000e+00
4.312500000000000361e-02,3.062500000000000118e-03,3.014158677111822158e+02,5.999999999999999778e-01,7.268041237113402088e-03,1.000000000000000000e+00
4.437499999999999778e-02,3.062500000000000118e-03,3.017344525557576276e+02,5.999999999999999778e-01,7.268041237113402088e-03,1.000000000000000000e+00
4.562499999999999889e-02,3.062500000000000118e-03,3.020510138986476818e+02,5.999999999999999778e-01,7.268041237113402088e-03,1.000000000000000000e+00
4.687500000000000000e-02,3.062500000000000118e-03,3.023654337258354303e+02,5.999999999999999778e-01,7.268041237113402088e-03,1.000000000000000000e+00
4.812500000000000111e-02,3.062500000000000118e-03,3.026776102097718422e+02,5.999999999999999778e-01,7.268041237113402088e-03,1.000000000000000000e+00
4.937500000000000222e-02,3.062500000000000118e-03,3.029874559250028483e+02,5.999999999999999778e-01,7.268041237113402088e-03,1.000000000000000000e+00
5.062500000000000333e-02,3.062500000000000118e-03,3.032948962588041013e+02,5.999999999999999778e-01,7.268041237113402088e-03,1.000000000000000000e+00
5.187500000000000444e-02,3.062500000000000118e-03,3.035998679950654946e+02,5.999999999999999778e-01,7.268041237113402088e-03,1.000000000000000000e+00
5.312499999999999861e-02,3.062500000000000118e-03,3.039023180522093526e+02,5.999999999999999778e-01,7.268041237113402088e-03,1.000000000000000000e+00
5.437499999999999972e-02,3.062500000000000118e-03,3.042022023581521921e+02,5.999999999999999778e-01,7.268041237113402088e-03,1.000000000000000000e+00
5.562500000000000083e-02,3.062500000000000118e-03,3.044994848472516082e+02,5.999999999999999778e-01,7.268041237113402088e-03,1.000000000000000000e+00
5.687500000000000194e-02,3.062500000000000118e-03,3.047941365658983273e+02,5.999999999999999778e-01,7.268041237113402088e-03,1.000000000000000000e+00
5.812500000000000305e-02,3.062500000000000118e-03,3.050861348748984483e+02,5.999999999999999778e-01,7.268041237113402088e-03,1.000000000000000000e+00
5.937500000000000416e-02,3.062500000000000118e-03,3.053754627381234741e+02,5.999999999999999778e-01,7.268041237113402088e-03,1.000000000000000000e+00
6.062499999999999833e-02,3.062500000000000118e-03,3.056621080880642580e+02,5.999999999999999778e-01,7.268041237113402088e-03,1.000000000000000000e+00
6.187499999999999944e-02,3.062500000000000118e-03,3.059460632599621022e+02,5.999999999999999778e-01,7.268041237113402088e-03,1.000000000000000000e+00
6.312500000000000056e-02,3.062500000000000118e-03,3.062273244871004181e+02,5.999999999999999778e-01,7.268041237113402088e-03,1.000000000000000000e+00
6.437500000000000167e-02,3.062500000000000118e-03,3.065058914506541896e+02,5.999999999999999778e-01,7.268041237113402088e-03,1.000000000000000000e+00
6.562500000000000278e-02,3.062500000000000118e-03,3.067817668782124656e+02,5.999999999999999778e-01,7.268041237113402088e-03,1.000000000000000000e+00
6.687500000000000389e-02,3.062500000000000118e-03,3.070549561857283152e+02,5.999999999999999778e-01,7.268041237113402088e-03,1.000000000000000000e+00
6.812500000000000500e-02,3.062500000000000118e-03,3.073254671582192259e+02,5.999999999999999778e-01,7.268041237113402088e-03,1.000000000000000000e+00
6.937500000000000611e-02,3.062500000000000118e-03,3.075933096650501852e+02,5.999999999999999778e-01,7.268041237113402088e-03,1.000000000000000000e+00
7.062500000000000722e-02,3.062500000000000118e-03,3.078584954060764858e+02,5.999999999999999778e-01,7.268041237113402088e-03,1.000000000000000000e+00
7.187500000000000833e-02,3.062500000000000118e-03,3.081210376853310891e+02,5.999999999999999778e-01,7.268041237113402088e-03,1.000000000000000000e+00
7.312499999999999556e-02,3.062500000000000118e-03,3.083809512092929026e+02,5.999999999999999778e-01,7.268041237113402088e-03,1.000000000000000000e+00
7.437499999999999667e-02,3.062500000000000118e-03,3.086382519070961621e+02,5.999999999999999778e-01,7.268041237113402088e-03,1.000000000000000000e+00
7.562499999999999778e-02,3.062500000000000118e-03,3.088929567703235648e+02,5.999999999999999778e-01,7.268041237113402088e-03,1.000000000000000000e+00
7.687499999999999889e-02,3.062500000000000118e-03,3.091450837102756282e+02,5.999999999999999778e-01,7.268041237113402088e-03,1.000000000000000000e+00
7.812500000000000000e-02,3.062500000000000118e-03,3.093946514308437941e+02,5.999999999999999778e-01,7.268041237113402088e-03,1.000000000000000000e+00
7.937500000000000111e-02,3.062500000000000118e-03,3.096416793153055664e+02,5.999999999999999778e-01,7.268041237113402088e-03,1.000000000000000000e+00
8.062500000000000222e-02,3.062500000000000118e-03,3.098861873255498267e+02,5.999999999999999778e-01,7.268041237113402088e-03,1.000000000000000000e+00
8.187500000000000333e-02,3.062500000000000118e-03,3.101281959123934939e+02,5.999999999999999778e-01,7.268041237113402088e-03,1.000000000000000000e+00
8.312500000000000444e-02,3.062500000000000118e-03,3.103677259357986031e+02,5.999999999999999778e-01,7.268041237113402088e-03,1.000000000000000000e+00
8.437500000000000555e-02,3.062500000000000118e-03,3.106047985939264890e+02,5.999999999999999778e-01,7.268041237113402088e-03,1.000000000000000000e+00
8.562500000000000666e-02,3.062500000000000118e-03,3.108394353600769477e+02,5.999999999999999778e-01,7.268041237113402088e-03,1.000000000000000000e+00
8.687500000000000777e-02,3.062500000000000118e-03,3.110716579266651252e+02,5.999999999999999778e-01,7.268041237113402088e-03,1.000000000000000000e+00
8.812499999999999500e-02,3.062500000000000118e-03,3.113014881554789781e+02,5.999999999999999778e-01,7.268041237113402088e-03,1.000000000000000000e+00
8.937499999999999611e-02,3.062500000000000118e-03,3.115289480335412691e+02,5.999999999999999778e-01,7.268041237113402088e-03,1.000000000000000000e+00
9.062499999999999722e-02,3.062500000000000118e-03,3.117540596339720764e+02,5.999999999999999778e-01,7.268041237113402088e-03,1.000000000000000000e+00
9.187499999999999833e-02,3.062500000000000118e-03,3.119768450813122627e+02,5.999999999999999778e-01,7.268041237113402088e-03,1.000000000000000000e+00
9.312499999999999944e-02,3.062500000000000118e-03,3.121973265208181942e+02,5.999999999999999778e-01,7.268041237113402088e-03,1.000000000000000000e+00
9.437500000000000056e-02,3.062500000000000118e-03,3.124155260910787888e+02,5.999999999999999778e-01,7.268041237113402088e-03,1.000000000000000000e+00
9.562500000000000167e-02,3.062500000000000118e-03,3.126314658877835200e+02,5.999999999999999778e-01,7.268041237113402088e-03,1.000000000000000000e+00
9.687500000000000278e-02,3.062500000000000118e-03,3.128451671943927863e+02,5.999999999999999778e-01,7.268041237113402088e-03,1.000000000000000000e+00
9.812500000000000389e-02,3.062500000000000118e-03,3.130566032660981364e+02,5.999999999999999778e-01,7.268041237113402088e-03,1.000000000000000000e+00
9.937500000000000500e-02,3.062500000000000118e-03,3.132626828553918585e+02,5.999999999999999778e-01,7.268041237113402088e-03,1.000000000000000000e+00
6.250000000000000130e-04,3.187500000000000229e-03,2.931505821140995067e+02,5.999999999999999778e-01,7.380506091846299882e-03,1.000000000000000000e+00
1.874999999999999931e-03,3.187500000000000229e-03,2.931535654306741776e+02,5.999999999999999778e-01,7.380506091846299882e-03,1.000000000000000000e+00
3.125000000000000173e-03,3.187500000000000229e-03,2.931621054713626222e+02,5.999999999999999778e-01,7.380506091846299882e-03,1.000000000000000000e+00
4.375000000000000416e-03,3.187500000000000229e-03,2.931802625857770295e+02,5.999999999999999778e-01,7.380506091846299882e-03,1.000000000000000000e+00
5.624999999999999792e-03,3.187500000000000229e-03,2.932122468176474968e+02,5.999999999999999778e-01,7.380506091846299882e-03,1.000000000000000000e+00
6.875000000000000035e-03,3.187500000000000229e-03,2.932617525761360753e+02,5.999999999999999778e-01,7.380506091846299882e-03,1.000000000000000000e+00
8.125000000000000278e-03,3.187500000000000229e-03,2.933315551381907085e+02,5.999999999999999778e-01,7.380506091846299882e-03,1.000000000000000000e+00
9.374999999999999653e-03,3.187500000000000229e-03,2.934233780132141192e+02,5.999999999999999778e-01,7.380506091846299882e-03,1.000000000000000000e+00
1.062500000000000076e-02,3.187500000000000229e-03,2.935379543040132830e+02,5.999999999999999778e-01,7.380506091846299882e-03,1.000000000000000000e+00
1.187500000000000014e-02,3.187500000000000229e-03,2.936751912887050935e+02,5.999999999999999778e-01,7.380506091846299882e-03,1.000000000000000000e+00
1.312499999999999951e-02,3.187500000000000229e-03,2.938343681484220724e+02,5.999999999999999778e-01,7.380506091846299882e-03,1.000000000000000000e+00
1.437500000000000062e-02,3.187500000000000229e-03,2.940143246180517735e+02,5.999999999999999778e-01,7.380506091846299882e-03,1.000000000000000000e+00
1.562500000000000000e-02,3.187500000000000229e-03,2.942136208044072987e+02,5.999999999999999778e-01,7.380506091846299882e-03,1.000000000000000000e+00
1.687500000000000111e-02,3.187500000000000229e-03,2.944306627010572583e+02,5.999999999999999778e-01,7.380506091846299882e-03,1.000000000000000000e+00
1.812499999999999875e-02,3.187500000000000229e-03,2.946637954383559759e+02,5.999999999999999778e-01,7.380506091846299882e-03,1.000000000000000000e+00
1.937499999999999986e-02,3.187500000000000229e-03,2.949113693946670764e+02,5.999999999999999778e-01,7.380506091846299882e-03,1.000000000000000000e+00
2.062500000000000097e-02,3.187500000000000229e-03,2.951717849340000157e+02,5.999999999999999778e-01,7.380506091846299882e-03,1.000000000000000000e+00
2.187500000000000208e-02,3.187500000000000229e-03,2.954435210291777025e+02,5.999999999999999778e-01,7.380506091846299882e-03,1.000000000000000000e+00
2.312499999999999972e-02,3.187500000000000229e-03,2.957251521180983218e+02,5.999999999999999778e-01,7.380506091846299882e-03,1.000000000000000000e+00
2.437500000000000083e-02,3.187500000000000229e-03,2.960153565911813303e+02,5.999999999999999778e-01,7.380506091846299882e-03,1.000000000000000000e+00
2.562500000000000194e-02,3.187500000000000229e-03,2.963129194740675985e+02,5.999999999999999778e-01,7.380506091846299882e-03,1.000000000000000000e+00
2.687499999999999958e-02,3.187500000000000229e-03,2.966167311948495922e+02,5.999999999999999778e-01,7.380506091846299882e-03,1.000000000000000000e+00
2.812500000000000069e-02,3.187500000000000229e-03,2.969257838038380442e+02,5.999999999999999778e-01,7.380506091846299882e-03,1.000000000000000000e+00
2.937500000000000180e-02,3.187500000000000229e-03,2.972391656223610994e+02,5.999999999999999778e-01,7.380506091846299882e-03,1.000000000000000000e+00
3.062499999999999944e-02,3.187500000000000229e-03,2.975560550082846589e+02,5.999999999999999778e-01,7.380506091846299882e-03,1.000000000000000000e+00
3.187500000000000056e-02,3.187500000000000229e-03,2.978757137154245811e+02,5.999999999999999778e-01,7.380506091846299882e-03,1.000000000000000000e+00
3.312500000000000167e-02,3.187500000000000229e-03,2.981974801719337620e+02,5.999999999999999778e-01,7.380506091846299882e-03,1.000000000000000000e+00
3.437500000000000278e-02,3.187500000000000229e-03,2.985207628936410629e+02,5.999999999999999778e-01,7.380506091846299882e-03,1.000000000000000000e+00
3.562500000000000389e-02,3.187500000000000229e-03,2.988450341706215454e+02,5.999999999999999778e-01,7.380506091846299882e-03,1.000000000000000000e+00
3.687499999999999806e-02,3.187500000000000229e-03,2.991698241103629243e+02,5.999999999999999778e-01,7.380506091846299882e-03,1.000000000000000000e+00
3.812499999999999917e-02,3.187500000000000229e-03,2.994947150824775690e+02,5.999999999999999778e-01,7.380506091846299882e-03,1.000000000000000000e+00
3.937500000000000028e-02,3.187500000000000229e-03,2.998193365833903385e+02,5.999999999999999778e-01,7.380506091846299882e-03,1.000000000000000000e+00
4.062500000000000139e-02,3.187500000000000229e-03,3.001433605214601812e+02,5.999999999999999778e-01,7.380506091846299882e-03,1.000000000000000000e+00
4.187500000000000250e-02,3.187500000000000229e-03,3.004664969111303776e+02,5.999999999999999778e-01,7.380506091846299882e-03,1.000000000000000000e+00
4.312500000000000361e-02,3.187500000000000229e-03,3.007884899572096629e+02,5.999999999999999778e-01,7.380506091846299882e-03,1.000000000000000000e+00
4.437499999999999778e-02,3.187500000000000229e-03,3.011091145059550627e+02,5.999999999999999778e-01,7.380506091846299882e-03,1.000000000000000000e+00
4.562499999999999889e-02,3.187500000000000229e-03,3.014281728373535998e+02,5.999999999999999778e-01,7.380506091846299882e-03,1.000000000000000000e+00
4.687500000000000000e-02,3.187500000000000229e-03,3.017454917722051846e+02,5.999999999999999778e-01,7.380506091846299882e-03,1.000000000000000000e+00
4.812500000000000111e-02,3.187500000000000229e-03,3.020609200678161983e+02,5.999999999999999778e-01,7.380506091846299882e-03,1.000000000000000000e+00
4.937500000000000222e-02,3.187500000000000229e-03,3.023743260769782637e+02,5.999999999999999778e-01,7.380506091846299882e-03,1.000000000000000000e+00
5.062500000000000333e-02,3.187500000000000229e-03,3.026855956461727715e+02,5.999999999999999778e-01,7.380506091846299882e-03,1.000000000000000000e+00
5.187500000000000444e-02,3.187500000000000229e-03,3.029946302304531969e+02,5.999999999999999778e-01,7.380506091846299882e-03,1.000000000000000000e+00
5.312499999999999861e-02,3.187500000000000229e-03,3.033013452040767106e+02,5.999999999999999778e-01,7.380506091846299882e-03,1.000000000000000000e+00
5.437499999999999972e-02,3.187500000000000229e-03,3.036056683476141416e+02,5.999999999999999778e-01,7.380506091846299882e-03,1.000000000000000000e+00
5.562500000000000083e-02,3.187500000000000229e-03,3.039075384938817024e+02,5.999999999999999778e-01,7.380506091846299882e-03,1.000000000000000000e+00
5.687500000000000194e-02,3.187500000000000229e-03,3.042069043166228539e+02,5.999999999999999778e-01,7.380506091846299882e-03,1.000000000000000000e+00
5.812500000000000305e-02,3.187500000000000229e-03,3.045037232473304698e+02,5.999999999999999778e-01,7.380506091846299882e-03,1.000000000000000000e+00
5.937500000000000416e-02,3.187500000000000229e-03,3.047979605069988338e+02,5.999999999999999778e-01,7.380506091846299882e-03,1.000000000000000000e+00
6.062499999999999833e-02,3.187500000000000229e-03,3.050895882408702278e+02,5.999999999999999778e-01,7.380506091846299882e-03,1.000000000000000000e+00
6.187499999999999944e-02,3.187500000000000229e-03,3.053785847454236091e+02,5.999999999999999778e-01,7.380506091846299882e-03,1.000000000000000000e+00
6.312500000000000056e-02,3.187500000000000229e-03,3.056649337779282405e+02,5.999999999999999778e-01,7.380506091846299882e-03,1.000000000000000000e+00
6.437500000000000167e-02,3.187500000000000229e-03,3.059486239398730731e+02,5.999999999999999778e-01,7.380506091846299882e-03,1.000000000000000000e+00
6.562500000000000278e-02,3.187500000000000229e-03,3.062296481264666568e+02,5.999999999999999778e-01,7.380506091846299882e-03,1.000000000000000000e+00
6.687500000000000389e-02,3.187500000000000229e-03,3.065080030352122549e+02,5.999999999999999778e-01,7.380506091846299882e-03,1.000000000000000000e+00
6.812500000000000500e-02,3.187500000000000229e-03,3.067836887272904391e+02,5.999999999999999778e-01,7.380506091846299882e-03,1.000000000000000000e+00
6.937500000000000611e-02,3.187500000000000229e-03,3.070567082361337725e+02,5.999999999999999778e-01,7.380506091846299882e-03,1.000000000000000000e+00
7.062500000000000722e-02,3.187500000000000229e-03,3.073270672181691907e+02,5.999999999999999778e-01,7.380506091846299882e-03,1.000000000000000000e+00
7.187500000000000833e-02,3.187500000000000229e-03,3.075947736412340987e+02,5.999999999999999778e-01,7.380506091846299882e-03,1.000000000000000000e+00
7.312499999999999556e-02,3.187500000000000229e-03,3.078598375066432027e+02,5.999999999999999778e-01,7.380506091846299882e-03,1.000000000000000000e+00
7.437499999999999667e-02,3.187500000000000229e-03,3.081222706013138009e+02,5.999999999999999778e-01,7.380506091846299882e-03,1.000000000000000000e+00
7.562499999999999778e-02,3.187500000000000229e-03,3.083820862767350377e+02,5.999999999999999778e-01,7.380506091846299882e-03,1.000000000000000000e+00
7.687499999999999889e-02,3.187500000000000229e-03,3.086392992519085965e+02,5.999999999999999778e-01,7.380506091846299882e-03,1.000000000000000000e+00
7.812500000000000000e-02,3.187500000000000229e-03,3.088939254376969643e+02,5.999999999999999778e-01,7.380506091846299882e-03,1.000000000000000000e+00
7.937500000000000111e-02,3.187500000000000229e-03,3.091459817802845009e+02,5.999999999999999778e-01,7.380506091846299882e-03,1.000000000000000000e+00
8.062500000000000222e-02,3.187500000000000229e-03,3.093954861217049483e+02,5.999999999999999778e-01,7.380506091846299882e-03,1.000000000000000000e+00
8.187500000000000333e-02,3.187500000000000229e-03,3.096424570756047387e+02,5.999999999999999778e-01,7.380506091846299882e-03,1.000000000000000000e+00
8.312500000000000444e-02,3.187500000000000229e-03,3.098869139166080231e+02,5.999999999999999778e-01,7.380506091846299882e-03,1.000000000000000000e+00
8.437500000000000555e-02,3.187500000000000229e-03,3.101288764818265236e+02,5.999999999999999778e-01,7.380506091846299882e-03,1.000000000000000000e+00
8.562500000000000666e-02,3.187500000000000229e-03,3.103683650832069816e+02,5.999999999999999778e-01,7.380506091846299882e-03,1.000000000000000000e+00
8.687500000000000777e-02,3.187500000000000229e-03,3.106054004295559707e+02,5.999999999999999778e-01,7.380506091846299882e-03,1.000000000000000000e+00
8.812499999999999500e-02,3.187500000000000229e-03,3.108400035572007596e+02,5.999999999999999778e-01,7.380506091846299882e-03,1.000000000000000000e+00
8.937499999999999611e-02,3.187500000000000229e-03,3.110721957683587107e+02,5.999999999999999778e-01,7.380506091846299882e-03,1.000000000000000000e+00
9.062499999999999722e-02,3.187500000000000229e-03,3.113019985763863815e+02,5.999999999999999778e-01,7.380506091846299882e-03,1.000000000000000000e+00
9.187499999999999833e-02,3.187500000000000229e-03,3.115294336571690224e+02,5.999999999999999778e-01,7.380506091846299882e-03,1.000000000000000000e+00
9.312499999999999944e-02,3.187500000000000229e-03,3.117545228059817646e+02,5.999999999999999778e-01,7.380506091846299882e-03,1.000000000000000000e+00
9.437500000000000056e-02,3.187500000000000229e-03,3.119772878990421532e+02,5.999999999999999778e-01,7.380506091846299882e-03,1.000000000000000000e+00
9.562500000000000167e-02,3.187500000000000229e-03,3.121977508480397319e+02,5.999999999999999778e-01,7.380506091846299882e-03,1.000000000000000000e+00
9.687500000000000278e-02,3.187500000000000229e-03,3.124159328419993926e+02,5.999999999999999778e-01,7.380506091846299882e-03,1.000000000000000000e+00
9.812500000000000389e-02,3.187500000000000229e-03,3.126318075538555377e+02,5.999999999999999778e-01,7.380506091846299882e-03,1.000000000000000000e+00
9.937500000000000500e-02,3.187500000000000229e-03,3.128422645974808916e+02,5.999999999999999778e-01,7.380506091846299882e-03,1.000000000000000000e+00
6.250000000000000130e-04,3.312499999999999906e-03,2.931502918070577834e+02,5.999999999999999778e-01,7.455482661668230010e-03,1.000000000000000000e+00
1.874999999999999931e-03,3.312499999999999906e-03,2.931518949880631908e+02,5.999999999999999778e-01,7.455482661668230010e-03,1.000000000000000000e+00
3.125000000000000173e-03,3.312499999999999906e-03,2.931568063486155893e+02,5.999999999999999778e-01,7.455482661668230010e-03,1.000000000000000000e+00
4.375000000000000416e-03,3.312499999999999906e-03,2.931679316696923934e+02,5.999999999999999778e-01,7.455482661668230010e-03,1.000000000000000000e+00
5.624999999999999792e-03,3.312499999999999906e-03,2.931887024697041397e+02,5.999999999999999778e-01,7.455482661668230010e-03,1.000000000000000000e+00
6.875000000000000035e-03,3.312499999999999906e-03,2.932225921026148967e+02,5.999999999999999778e-01,7.455482661668230010e-03,1.000000000000000000e+00
8.125000000000000278e-03,3.312499999999999906e-03,2.932726934601820972e+02,5.999999999999999778e-01,7.455482661668230010e-03,1.000000000000000000e+00
9.374999999999999653e-03,3.312499999999999906e-03,2.933414425010840887e+02,5.999999999999999778e-01,7.455482661668230010e-03,1.000000000000000000e+00
1.062500000000000076e-02,3.312499999999999906e-03,2.934304973794539819e+02,5.999999999999999778e-01,7.455482661668230010e-03,1.000000000000000000e+00
1.187500000000000014e-02,3.312499999999999906e-03,2.935407412982255551e+02,5.999999999999999778e-01,7.455482661668230010e-03,1.000000000000000000e+00
1.312499999999999951e-02,3.312499999999999906e-03,2.936723647610515400e+02,5.999999999999999778e-01,7.455482661668230010e-03,1.000000000000000000e+00
1.437500000000000062e-02,3.312499999999999906e-03,2.938249873697292287e+02,5.999999999999999778e-01,7.455482661668230010e-03,1.000000000000000000e+00
1.562500000000000000e-02,3.312499999999999906e-03,2.939977901670819165e+02,5.999999999999999778e-01,7.455482661668230010e-03,1.000000000000000000e+00
1.687500000000000111e-02,3.312499999999999906e-03,2.941896406007460882e+02,5.999999999999999778e-01,7.455482661668230010e-03,1.000000000000000000e+00
1.812499999999999875e-02,3.312499999999999906e-03,2.943992009190009185e+02,5.999999999999999778e-01,7.455482661668230010e-03,1.000000000000000000e+00
1.937499999999999986e-02,3.312499999999999906e-03,2.946250167272618796e+02,5.999999999999999778e-01,7.455482661668230010e-03,1.000000000000000000e+00
2.062500000000000097e-02,3.312499999999999906e-03,2.948655859654601272e+02,5.999999999999999778e-01,7.455482661668230010e-03,1.000000000000000000e+00
2.187500000000000208e-02,3.312499999999999906e-03,2.951194103853646880e+02,5.999999999999999778e-01,7.455482661668230010e-03,1.000000000000000000e+00
2.312499999999999972e-02,3.312499999999999906e-03,2.953850323267336080e+02,5.999999999999999778e-01,7.455482661668230010e-03,1.000000000000000000e+00
2.437500000000000083e-02,3.312499999999999906e-03,2.956610596733770535e+02,5.999999999999999778e-01,7.455482661668230010e-03,1.000000000000000000e+00
2.562500000000000194e-02,3.312499999999999906e-03,2.959461816246246713e+02,5.999999999999999778e-01,7.455482661668230010e-03,1.000000000000000000e+00
2.687499999999999958e-02,3.312499999999999906e-03,2.962391775353403887e+02,5.999999999999999778e-01,7.455482661668230010e-03,1.000000000000000000e+00
2.812500000000000069e-02,3.312499999999999906e-03,2.965389206670184876e+02,5.999999999999999778e-01,7.455482661668230010e-03,1.000000000000000000e+00
2.937500000000000180e-02,3.312499999999999906e-03,2.968443783092343438e+02,5.999999999999999778e-01,7.455482661668230010e-03,1.000000000000000000e+00
3.062499999999999944e-02,3.312499999999999906e-03,2.971546093987475388e+02,5.999999999999999778e-01,7.455482661668230010e-03,1.000000000000000000e+00
3.187500000000000056e-02,3.312499999999999906e-03,2.974687604890958141e+02,5.999999999999999778e-01,7.455482661668230010e-03,1.000000000000000000e+00
3.312500000000000167e-02,3.312499999999999906e-03,2.977860607037499108e+02,5.999999999999999778e-01,7.455482661668230010e-03,1.000000000000000000e+00
3.437500000000000278e-02,3.312499999999999906e-03,2.981058161340174593e+02,5.999999999999999778e-01,7.455482661668230010e-03,1.000000000000000000e+00
3.562500000000000389e-02,3.312499999999999906e-03,2.984274040109112889e+02,5.999999999999999778e-01,7.455482661668230010e-03,1.000000000000000000e+00
3.687499999999999806e-02,3.312499999999999906e-03,2.987502668804089012e+02,5.999999999999999778e-01,7.455482661668230010e-03,1.000000000000000000e+00
3.812499999999999917e-02,3.312499999999999906e-03,2.990739069370962397e+02,5.999999999999999778e-01,7.455482661668230010e-03,1.000000000000000000e+00
3.937500000000000028e-02,3.312499999999999906e-03,2.993978806163937634e+02,5.999999999999999778e-01,7.455482661668230010e-03,1.000000000000000000e+00
4.062500000000000139e-02,3.312499999999999906e-03,2.997217935057603881e+02,5.999999999999999778e-01,7.455482661668230010e-03,1.000000000000000000e+00
4.187500000000000250e-02,3.312499999999999906e-03,3.000452956067821333e+02,5.999999999999999778e-01,7.455482661668230010e-03,1.000000000000000000e+00
4.312500000000000361e-02,3.312499999999999906e-03,3.003680769600300664e+02,5.999999999999999778e-01,7.455482661668230010e-03,1.000000000000000000e+00
4.437499999999999778e-02,3.312499999999999906e-03,3.006898636308089863e+02,5.999999999999999778e-01,7.455482661668230010e-03,1.000000000000000000e+00
4.562499999999999889e-02,3.312499999999999906e-03,3.010104140447481882e+02,5.999999999999999778e-01,7.455482661668230010e-03,1.000000000000000000e+00
4.687500000000000000e-02,3.312499999999999906e-03,3.013295156563555111e+02,5.999999999999999778e-01,7.455482661668230010e-03,1.000000000000000000e+00
4.812500000000000111e-02,3.312499999999999906e-03,3.016469819302145652e+02,5.999999999999999778e-01,7.455482661668230010e-03,1.000000000000000000e+00
4.937500000000000222e-02,3.312499999999999906e-03,3.019626496127730206e+02,5.999999999999999778e-01,7.455482661668230010e-03,1.000000000000000000e+00
5.062500000000000333e-02,3.312499999999999906e-03,3.022763762720966270e+02,5.999999999999999778e-01,7.455482661668230010e-03,1.000000000000000000e+00
5.187500000000000444e-02,3.312499999999999906e-03,3.025880380832229548e+02,5.999999999999999778e-01,7.455482661668230010e-03,1.000000000000000000e+00
5.312499999999999861e-02,3.312499999999999906e-03,3.028975278375118023e+02,5.999999999999999778e-01,7.455482661668230010e-03,1.000000000000000000e+00
5.437499999999999972e-02,3.312499999999999906e-03,3.032047531555015212e+02,5.999999999999999778e-01,7.455482661668230010e-03,1.000000000000000000e+00
5.562500000000000083e-02,3.312499999999999906e-03,3.035096348840706355e+02,5.999999999999999778e-01,7.455482661668230010e-03,1.000000000000000000e+00
5.687500000000000194e-02,3.312499999999999906e-03,3.038121056600979273e+02,5.999999999999999778e-01,7.455482661668230010e-03,1.000000000000000000e+00
5.812500000000000305e-02,3.312499999999999906e-03,3.041121086242182514e+02,5.999999999999999778e-01,7.455482661668230010e-03,1.000000000000000000e+00
5.937500000000000416e-02,3.312499999999999906e-03,3.044095962696625293e+02,5.999999999999999778e-01,7.455482661668230010e-03,1.000000000000000000e+00
6.062499999999999833e-02,3.312499999999999906e-03,3.047045294125008468e+02,5.999999999999999778e-01,7.455482661668230010e-03,1.000000000000000000e+00
6.187499999999999944e-02,3.312499999999999906e-03,3.049968762708709846e+02,5.999999999999999778e-01,7.455482661668230010e-03,1.000000000000000000e+00
6.312500000000000056e-02,3.312499999999999906e-03,3.052866116419484683e+02,5.999999999999999778e-01,7.455482661668230010e-03,1.000000000000000000e+00
6.437500000000000167e-02,3.312499999999999906e-03,3.055737161665131794e+02,5.999999999999999778e-01,7.455482661668230010e-03,1.000000000000000000e+00
6.562500000000000278e-02,3.312499999999999906e-03,3.058581756719626128e+02,5.999999999999999778e-01,7.455482661668230010e-03,1.000000000000000000e+00
6.687500000000000389e-02,3.312499999999999906e-03,3.061399805855443788e+02,5.999999999999999778e-01,7.455482661668230010e-03,1.000000000000000000e+00
6.812500000000000500e-02,3.312499999999999906e-03,3.064191254104158020e+02,5.999999999999999778e-01,7.455482661668230010e-03,1.000000000000000000e+00
6.937500000000000611e-02,3.312499999999999906e-03,3.066956082578921610e+02,5.999999999999999778e-01,7.455482661668230010e-03,1.000000000000000000e+00
7.062500000000000722e-02,3.312499999999999906e-03,3.069694304299370060e+02,5.999999999999999778e-01,7.455482661668230010e-03,1.000000000000000000e+00
7.187500000000000833e-02,3.312499999999999906e-03,3.072405960465584940e+02,5.999999999999999778e-01,7.455482661668230010e-03,1.000000000000000000e+00
7.312499999999999556e-02,3.312499999999999906e-03,3.075091117133410989e+02,5.999999999999999778e-01,7.455482661668230010e-03,1.000000000000000000e+00
7.437499999999999667e-02,3.312499999999999906e-03,3.077749862248360841e+02,5.999999999999999778e-01,7.455482661668230010e-03,1.000000000000000000e+00
7.562499999999999778e-02,3.312499999999999906e-03,3.080382302999896638e+02,5.999999999999999778e-01,7.455482661668230010e-03,1.000000000000000000e+00
7.687499999999999889e-02,3.312499999999999906e-03,3.082988563461877902e+02,5.999999999999999778e-01,7.455482661668230010e-03,1.000000000000000000e+00
7.812500000000000000e-02,3.312499999999999906e-03,3.085568782488609827e+02,5.999999999999999778e-01,7.455482661668230010e-03,1.000000000000000000e+00
7.937500000000000111e-02,3.312499999999999906e-03,3.088123111839163357e+02,5.999999999999999778e-01,7.455482661668230010e-03,1.000000000000000000e+00
8.062500000000000222e-02,3.312499999999999906e-03,3.090651714505543168e+02,5.999999999999999778e-01,7.455482661668230010e-03,1.000000000000000000e+00
8.187500000000000333e-02,3.312499999999999906e-03,3.093154763222871111e+02,5.999999999999999778e-01,7.455482661668230010e-03,1.000000000000000000e+00
8.312500000000000444e-02,3.312499999999999906e-03,3.095632439142094654e+02,5.999999999999999778e-01,7.455482661668230010e-03,1.000000000000000000e+00
8.437500000000000555e-02,3.312499999999999906e-03,3.098084930647809188e+02,5.999999999999999778e-01,7.455482661668230010e-03,1.000000000000000000e+00
8.562500000000000666e-02,3.312499999999999906e-03,3.100512432305607149e+02,5.999999999999999778e-01,7.455482661668230010e-03,1.000000000000000000e+00
8.687500000000000777e-02,3.312499999999999906e-03,3.102915143925097823e+02,5.999999999999999778e-01,7.455482661668230010e-03,1.000000000000000000e+00
8.812499999999999500e-02,3.312499999999999906e-03,3.105293269726143990e+02,5.999999999999999778e-01,7.455482661668230010e-03,1.000000000000000000e+00
8.937499999999999611e-02,3.312499999999999906e-03,3.107647017597266199e+02,5.999999999999999778e-01,7.455482661668230010e-03,1.000000000000000000e+00
9.062499999999999722e-02,3.312499999999999906e-03,3.109976598436295490e+02,5.999999999999999778e-01,7.455482661668230010e-03,1.000000000000000000e+00
9.187499999999999833e-02,3.312499999999999906e-03,3.112282225564438249e+02,5.999999999999999778e-01,7.455482661668230010e-03,1.000000000000000000e+00
9.312499999999999944e-02,3.312499999999999906e-03,3.114564114205822420e+02,5.999999999999999778e-01,7.455482661668230010e-03,1.000000000000000000e+00
9.437500000000000056e-02,3.312499999999999906e-03,3.116822481023688738e+02,5.999999999999999778e-01,7.455482661668230010e-03,1.000000000000000000e+00
9.562500000000000167e-02,3.312499999999999906e-03,3.119057543598726738e+02,5.999999999999999778e-01,7.455482661668230010e-03,1.000000000000000000e+00
9.687500000000000278e-02,3.312499999999999906e-03,3.121269512911478046e+02,5.999999999999999778e-01,7.455482661668230010e-03,1.000000000000000000e+00
9.812500000000000389e-02,3.312499999999999906e-03,3.123458128128035014e+02,5.999999999999999778e-01,7.455482661668230010e-03,1.000000000000000000e+00
9.937500000000000500e-02,3.312499999999999906e-03,3.125592156658152589e+02,5.999999999999999778e-01,7.455482661668230010e-03,1.000000000000000000e+00
6.250000000000000130e-04,3.437500000000000017e-03,2.931501807595781202e+02,5.999999999999999778e-01,7.492970946579193339e-03,1.000000000000000000e+00
1.874999999999999931e-03,3.437500000000000017e-03,2.931512323261699180e+02,5.999999999999999778e-01,7.492970946579193339e-03,1.000000000000000000e+00
3.125000000000000173e-03,3.437500000000000017e-03,2.931546337786632535e+02,5.999999999999999778e-01,7.492970946579193339e-03,1.000000000000000000e+00
4.375000000000000416e-03,3.437500000000000017e-03,2.931627273944120589e+02,5.999999999999999778e-01,7.492970946579193339e-03,1.000000000000000000e+00
5.624999999999999792e-03,3.437500000000000017e-03,2.931785123396506378e+02,5.999999999999999778e-01,7.492970946579193339e-03,1.000000000000000000e+00
6.875000000000000035e-03,3.437500000000000017e-03,2.932052722977849157e+02,5.999999999999999778e-01,7.492970946579193339e-03,1.000000000000000000e+00
8.125000000000000278e-03,3.437500000000000017e-03,2.932461735256558768e+02,5.999999999999999778e-01,7.492970946579193339e-03,1.000000000000000000e+00
9.374999999999999653e-03,3.437500000000000017e-03,2.933039391272595253e+02,5.999999999999999778e-01,7.492970946579193339e-03,1.000000000000000000e+00
1.062500000000000076e-02,3.437500000000000017e-03,2.933806472912571621e+02,5.999999999999999778e-01,7.492970946579193339e-03,1.000000000000000000e+00
1.187500000000000014e-02,3.437500000000000017e-03,2.934776531871453358e+02,5.999999999999999778e-01,7.492970946579193339e-03,1.000000000000000000e+00
1.312499999999999951e-02,3.437500000000000017e-03,2.935956076893050977e+02,5.999999999999999778e-01,7.492970946579193339e-03,1.000000000000000000e+00
1.437500000000000062e-02,3.437500000000000017e-03,2.937345382859658116e+02,5.999999999999999778e-01,7.492970946579193339e-03,1.000000000000000000e+00
1.562500000000000000e-02,3.437500000000000017e-03,2.938939609726626259e+02,5.999999999999999778e-01,7.492970946579193339e-03,1.000000000000000000e+00
1.687500000000000111e-02,3.437500000000000017e-03,2.940729999660056819e+02,5.999999999999999778e-01,7.492970946579193339e-03,1.000000000000000000e+00
1.812499999999999875e-02,3.437500000000000017e-03,2.942705005213035747e+02,5.999999999999999778e-01,7.492970946579193339e-03,1.000000000000000000e+00
1.937499999999999986e-02,3.437500000000000017e-03,2.944851270510710037e+02,5.999999999999999778e-01,7.492970946579193339e-03,1.000000000000000000e+00
2.062500000000000097e-02,3.437500000000000017e-03,2.947154436096540167e+02,5.999999999999999778e-01,7.492970946579193339e-03,1.000000000000000000e+00
2.187500000000000208e-02,3.437500000000000017e-03,2.949599768348356861e+02,5.999999999999999778e-01,7.492970946579193339e-03,1.000000000000000000e+00
2.312499999999999972e-02,3.437500000000000017e-03,2.952172630703549316e+02,5.999999999999999778e-01,7.492970946579193339e-03,1.000000000000000000e+00
2.437500000000000083e-02,3.437500000000000017e-03,2.954858820900611818e+02,5.999999999999999778e-01,7.492970946579193339e-03,1.000000000000000000e+00
2.562500000000000194e-02,3.437500000000000017e-03,2.957644799725343319e+02,5.999999999999999778e-01,7.492970946579193339e-03,1.000000000000000000e+00
2.687499999999999958e-02,3.437500000000000017e-03,2.960517834952242993e+02,5.999999999999999778e-01,7.492970946579193339e-03,1.000000000000000000e+00
2.812500000000000069e-02,3.437500000000000017e-03,2.963466080983130837e+02,5.999999999999999778e-01,7.492970946579193339e-03,1.000000000000000000e+00
2.937500000000000180e-02,3.437500000000000017e-03,2.966478611110019301e+02,5.999999999999999778e-01,7.492970946579193339e-03,1.000000000000000000e+00
3.062499999999999944e-02,3.437500000000000017e-03,2.969545415910253041e+02,5.999999999999999778e-01,7.492970946579193339e-03,1.000000000000000000e+00
3.187500000000000056e-02,3.437500000000000017e-03,2.972657378271541120e+02,5.999999999999999778e-01,7.492970946579193339e-03,1.000000000000000000e+00
3.312500000000000167e-02,3.437500000000000017e-03,2.975806233025849679e+02,5.999999999999999778e-01,7.492970946579193339e-03,1.000000000000000000e+00
3.437500000000000278e-02,3.437500000000000017e-03,2.978984517136209433e+02,5.999999999999999778e-01,7.492970946579193339e-03,1.000000000000000000e+00
3.562500000000000389e-02,3.437500000000000017e-03,2.982185514777918343e+02,5.999999999999999778e-01,7.492970946579193339e-03,1.000000000000000000e+00
3.687499999999999806e-02,3.437500000000000017e-03,2.985403200418572283e+02,5.999999999999999778e-01,7.492970946579193339e-03,1.000000000000000000e+00
3.812499999999999917e-02,3.437500000000000017e-03,2.988632182062105471e+02,5.999999999999999778e-01,7.492970946579193339e-03,1.000000000000000000e+00
3.937500000000000028e-02,3.437500000000000017e-03,2.991867646119246729e+02,5.999999999999999778e-01,7.492970946579193339e-03,1.000000000000000000e+00
4.062500000000000139e-02,3.437500000000000017e-03,2.995105304848140122e+02,5.999999999999999778e-01,7.492970946579193339e-03,1.000000000000000000e+00
4.187500000000000250e-02,3.437500000000000017e-03,2.998341346931544535e+02,5.999999999999999778e-01,7.492970946579193339e-03,1.000000000000000000e+00
4.312500000000000361e-02,3.437500000000000017e-03,3.001572391486643028e+02,5.999999999999999778e-01,7.492970946579193339e-03,1.000000000000000000e+00
4.437499999999999778e-02,3.437500000000000017e-03,3.004795445613365246e+02,5.999999999999999778e-01,7.492970946579193339e-03,1.000000000000000000e+00
4.562499999999999889e-02,3.437500000000000017e-03,3.008007865456423815e+02,5.999999999999999778e-01,7.492970946579193339e-03,1.000000000000000000e+00
4.687500000000000000e-02,3.437500000000000017e-03,3.011207320669343517e+02,5.999999999999999778e-01,7.492970946579193339e-03,1.000000000000000000e+00
4.812500000000000111e-02,3.437500000000000017e-03,3.014391762113543791e+02,5.999999999999999778e-01,7.492970946579193339e-03,1.000000000000000000e+00
4.937500000000000222e-02,3.437500000000000017e-03,3.017559392593168468e+02,5.999999999999999778e-01,7.492970946579193339e-03,1.000000000000000000e+00
5.062500000000000333e-02,3.437500000000000017e-03,3.020708640410191492e+02,5.999999999999999778e-01,7.492970946579193339e-03,1.000000000000000000e+00
5.187500000000000444e-02,3.437500000000000017e-03,3.023838135519335992e+02,5.999999999999999778e-01,7.492970946579193339e-03,1.000000000000000000e+00
5.312499999999999861e-02,3.437500000000000017e-03,3.026946688065126523e+02,5.999999999999999778e-01,7.492970946579193339e-03,1.000000000000000000e+00
5.437499999999999972e-02,3.437500000000000017e-03,3.030033269091094326e+02,5.999999999999999778e-01,7.492970946579193339e-03,1.000000000000000000e+00
5.562500000000000083e-02,3.437500000000000017e-03,3.033096993222068249e+02,5.999999999999999778e-01,7.492970946579193339e-03,1.000000000000000000e+00
5.687500000000000194e-02,3.437500000000000017e-03,3.036137103133186770e+02,5.999999999999999778e-01,7.492970946579193339e-03,1.000000000000000000e+00
5.812500000000000305e-02,3.437500000000000017e-03,3.039152955632789599e+02,5.999999999999999778e-01,7.492970946579193339e-03,1.000000000000000000e+00
5.937500000000000416e-02,3.437500000000000017e-03,3.042144009200098935e+02,5.999999999999999778e-01,7.492970946579193339e-03,1.000000000000000000e+00
6.062499999999999833e-02,3.437500000000000017e-03,3.045109812832061493e+02,5.999999999999999778e-01,7.492970946579193339e-03,1.000000000000000000e+00
6.187499999999999944e-02,3.437500000000000017e-03,3.048049996066738458e+02,5.999999999999999778e-01,7.492970946579193339e-03,1.000000000000000000e+00
6.312500000000000056e-02,3.437500000000000017e-03,3.050964260062787048e+02,5.999999999999999778e-01,7.492970946579193339e-03,1.000000000000000000e+00
6.437500000000000167e-02,3.437500000000000017e-03,3.053852369626113159e+02,5.999999999999999778e-01,7.492970946579193339e-03,1.000000000000000000e+00
6.562500000000000278e-02,3.437500000000000017e-03,3.056714146085282664e+02,5.999999999999999778e-01,7.492970946579193339e-03,1.000000000000000000e+00
6.687500000000000389e-02,3.437500000000000017e-03,3.059549460927059386e+02,5.999999999999999778e-01,7.492970946579193339e-03,1.000000000000000000e+00
6.812500000000000500e-02,3.437500000000000017e-03,3.062358230112324122e+02,5.999999999999999778e-01,7.492970946579193339e-03,1.000000000000000000e+00
6.937500000000000611e-02,3.437500000000000017e-03,3.065140409000723594e+02,5.999999999999999778e-01,7.492970946579193339e-03,1.000000000000000000e+00
7.062500000000000722e-02,3.437500000000000017e-03,3.067895987819742345e+02,5.999999999999999778e-01,7.492970946579193339e-03,1.000000000000000000e+00
7.187500000000000833e-02,3.437500000000000017e-03,3.070624987620526554e+02,5.999999999999999778e-01,7.492970946579193339e-03,1.000000000000000000e+00
7.312499999999999556e-02,3.437500000000000017e-03,3.073327456668835111e+02,5.999999999999999778e-01,7.492970946579193339e-03,1.000000000000000000e+00
7.437499999999999667e-02,3.437500000000000017e-03,3.076003467224810493e+02,5.999999999999999778e-01,7.492970946579193339e-03,1.000000000000000000e+00
7.562499999999999778e-02,3.437500000000000017e-03,3.078653112670181144e+02,5.999999999999999778e-01,7.492970946579193339e-03,1.000000000000000000e+00
7.687499999999999889e-02,3.437500000000000017e-03,3.081276504945854526e+02,5.999999999999999778e-01,7.492970946579193339e-03,1.000000000000000000e+00
7.812500000000000000e-02,3.437500000000000017e-03,3.083873772266751985e+02,5.999999999999999778e-01,7.492970946579193339e-03,1.000000000000000000e+00
7.937500000000000111e-02,3.437500000000000017e-03,3.086445057084289374e+02,5.999999999999999778e-01,7.492970946579193339e-03,1.000000000000000000e+00
8.062500000000000222e-02,3.437500000000000017e-03,3.088990514269996766e+02,5.999999999999999778e-01,7.492970946579193339e-03,1.000000000000000000e+00
8.187500000000000333e-02,3.437500000000000017e-03,3.091510309496628679e+02,5.999999999999999778e-01,7.492970946579193339e-03,1.000000000000000000e+00
8.312500000000000444e-02,3.437500000000000017e-03,3.094004617795625336e+02,5.999999999999999778e-01,7.492970946579193339e-03,1.000000000000000000e+00
8.437500000000000555e-02,3.437500000000000017e-03,3.096473622272013699e+02,5.999999999999999778e-01,7.492970946579193339e-03,1.000000000000000000e+00
8.562500000000000666e-02,3.437500000000000017e-03,3.098917512959887972e+02,5.999999999999999778e-01,7.492970946579193339e-03,1.000000000000000000e+00
8.687500000000000777e-02,3.437500000000000017e-03,3.101336485803402638e+02,5.999999999999999778e-01,7.492970946579193339e-03,1.000000000000000000e+00
8.812499999999999500e-02,3.437500000000000017e-03,3.103730741749781146e+02,5.999999999999999778e-01,7.492970946579193339e-03,1.000000000000000000e+00
8.937499999999999611e-02,3.437500000000000017e-03,3.106100485942353089e+02,5.999999999999999778e-01,7.492970946579193339e-03,1.000000000000000000e+00
9.062499999999999722e-02,3.437500000000000017e-03,3.108445927002860003e+02,5.999999999999999778e-01,7.492970946579193339e-03,1.000000000000000000e+00
9.187499999999999833e-02,3.437500000000000017e-03,3.110767276393443126e+02,5.999999999999999778e-01,7.492970946579193339e-03,1.000000000000000000e+00
9.312499999999999944e-02,3.437500000000000017e-03,3.113064747849712148e+02,5.999999999999999778e-01,7.492970946579193339e-03,1.000000000000000000e+00
9.437500000000000056e-02,3.437500000000000017e-03,3.115338556875529434e+02,5.999999999999999778e-01,7.492970946579193339e-03,1.000000000000000000e+00
9.562500000000000167e-02,3.437500000000000017e-03,3.117588920186209407e+02,5.999999999999999778e-01,7.492970946579193339e-03,1.000000000000000000e+00
9.687500000000000278e-02,3.437500000000000017e-03,3.119816048219594222e+02,5.999999999999999778e-01,7.492970946579193339e-03,1.000000000000000000e+00
9.812500000000000389e-02,3.437500000000000017e-03,3.122019681253223666e+02,5.999999999999999778e-01,7.492970946579193339e-03,1.000000000000000000e+00
9.937500000000000500e-02,3.437500000000000017e-03,3.124168521983259552e+02,5.999999999999999778e-01,7.492970946579193339e-03,1.000000000000000000e+00
6.250000000000000130e-04,3.562500000000000128e-03,2.931501807595780633e+02,5.999999999999999778e-01,7.492970946579194207e-03,1.000000000000000000e+00
1.874999999999999931e-03,3.562500000000000128e-03,2.931512323261699748e+02,5.999999999999999778e-01,7.492970946579194207e-03,1.000000000000000000e+00
3.125000000000000173e-03,3.562500000000000128e-03,2.931546337786633103e+02,5.999999999999999778e-01,7.492970946579194207e-03,1.000000000000000000e+00
4.375000000000000416e-03,3.562500000000000128e-03,2.931627273944121725e+02,5.999999999999999778e-01,7.492970946579194207e-03,1.000000000000000000e+00
5.624999999999999792e-03,3.562500000000000128e-03,2.931785123396506378e+02,5.999999999999999778e-01,7.492970946579194207e-03,1.000000000000000000e+00
6.875000000000000035e-03,3.562500000000000128e-03,2.932052722977849726e+02,5.999999999999999778e-01,7.492970946579194207e-03,1.000000000000000000e+00
8.125000000000000278e-03,3.562500000000000128e-03,2.932461735256559336e+02,5.999999999999999778e-01,7.492970946579194207e-03,1.000000000000000000e+00
9.374999999999999653e-03,3.562500000000000128e-03,2.933039391272595822e+02,5.999999999999999778e-01,7.492970946579194207e-03,1.000000000000000000e+00
1.062500000000000076e-02,3.562500000000000128e-03,2.933806472912571621e+02,5.999999999999999778e-01,7.492970946579194207e-03,1.000000000000000000e+00
1.187500000000000014e-02,3.562500000000000128e-03,2.934776531871453358e+02,5.999999999999999778e-01,7.492970946579194207e-03,1.000000000000000000e+00
1.312499999999999951e-02,3.562500000000000128e-03,2.935956076893050977e+02,5.999999999999999778e-01,7.492970946579194207e-03,1.000000000000000000e+00
1.437500000000000062e-02,3.562500000000000128e-03,2.937345382859658685e+02,5.999999999999999778e-01,7.492970946579194207e-03,1.000000000000000000e+00
1.562500000000000000e-02,3.562500000000000128e-03,2.938939609726626259e+02,5.999999999999999778e-01,7.492970946579194207e-03,1.000000000000000000e+00
1.687500000000000111e-02,3.562500000000000128e-03,2.940729999660057388e+02,5.999999999999999778e-01,7.492970946579194207e-03,1.000000000000000000e+00
1.812499999999999875e-02,3.562500000000000128e-03,2.942705005213036316e+02,5.999999999999999778e-01,7.492970946579194207e-03,1.000000000000000000e+00
1.937499999999999986e-02,3.562500000000000128e-03,2.944851270510711174e+02,5.999999999999999778e-01,7.492970946579194207e-03,1.000000000000000000e+00
2.062500000000000097e-02,3.562500000000000128e-03,2.947154436096540167e+02,5.999999999999999778e-01,7.492970946579194207e-03,1.000000000000000000e+00
2.187500000000000208e-02,3.562500000000000128e-03,2.949599768348357429e+02,5.999999999999999778e-01,7.492970946579194207e-03,1.000000000000000000e+00
2.312499999999999972e-02,3.562500000000000128e-03,2.952172630703549885e+02,5.999999999999999778e-01,7.492970946579194207e-03,1.000000000000000000e+00
2.437500000000000083e-02,3.562500000000000128e-03,2.954858820900612955e+02,5.999999999999999778e-01,7.492970946579194207e-03,1.000000000000000000e+00
2.562500000000000194e-02,3.562500000000000128e-03,2.957644799725343887e+02,5.999999999999999778e-01,7.492970946579194207e-03,1.000000000000000000e+00
2.687499999999999958e-02,3.562500000000000128e-03,2.960517834952244129e+02,5.999999999999999778e-01,7.492970946579194207e-03,1.000000000000000000e+00
2.812500000000000069e-02,3.562500000000000128e-03,2.963466080983131974e+02,5.999999999999999778e-01,7.492970946579194207e-03,1.000000000000000000e+00
2.937500000000000180e-02,3.562500000000000128e-03,2.966478611110020438e+02,5.999999999999999778e-01,7.492970946579194207e-03,1.000000000000000000e+00
3.062499999999999944e-02,3.562500000000000128e-03,2.969545415910253610e+02,5.999999999999999778e-01,7.492970946579194207e-03,1.000000000000000000e+00
3.187500000000000056e-02,3.562500000000000128e-03,2.972657378271542257e+02,5.999999999999999778e-01,7.492970946579194207e-03,1.000000000000000000e+00
3.312500000000000167e-02,3.562500000000000128e-03,2.975806233025850815e+02,5.999999999999999778e-01,7.492970946579194207e-03,1.000000000000000000e+00
3.437500000000000278e-02,3.562500000000000128e-03,2.978984517136211139e+02,5.999999999999999778e-01,7.492970946579194207e-03,1.000000000000000000e+00
3.562500000000000389e-02,3.562500000000000128e-03,2.982185514777920616e+02,5.999999999999999778e-01,7.492970946579194207e-03,1.000000000000000000e+00
3.687499999999999806e-02,3.562500000000000128e-03,2.985403200418573419e+02,5.999999999999999778e-01,7.492970946579194207e-03,1.000000000000000000e+00
3.812499999999999917e-02,3.562500000000000128e-03,2.988632182062106040e+02,5.999999999999999778e-01,7.492970946579194207e-03,1.000000000000000000e+00
3.937500000000000028e-02,3.562500000000000128e-03,2.991867646119247865e+02,5.999999999999999778e-01,7.492970946579194207e-03,1.000000000000000000e+00
4.062500000000000139e-02,3.562500000000000128e-03,2.995105304848141259e+02,5.999999999999999778e-01,7.492970946579194207e-03,1.000000000000000000e+00
4.187500000000000250e-02,3.562500000000000128e-03,2.998341346931543967e+02,5.999999999999999778e-01,7.492970946579194207e-03,1.000000000000000000e+00
4.312500000000000361e-02,3.562500000000000128e-03,3.001572391486643028e+02,5.999999999999999778e-01,7.492970946579194207e-03,1.000000000000000000e+00
4.437499999999999778e-02,3.562500000000000128e-03,3.004795445613365814e+02,5.999999999999999778e-01,7.492970946579194207e-03,1.000000000000000000e+00
4.562499999999999889e-02,3.562500000000000128e-03,3.008007865456423247e+02,5.999999999999999778e-01,7.492970946579194207e-03,1.000000000000000000e+00
4.687500000000000000e-02,3.562500000000000128e-03,3.011207320669343517e+02,5.999999999999999778e-01,7.492970946579194207e-03,1.000000000000000000e+00
4.812500000000000111e-02,3.562500000000000128e-03,3.014391762113543791e+02,5.999999999999999778e-01,7.492970946579194207e-03,1.000000000000000000e+00
4.937500000000000222e-02,3.562500000000000128e-03,3.017559392593169605e+02,5.999999999999999778e-01,7.492970946579194207e-03,1.000000000000000000e+00
5.062500000000000333e-02,3.562500000000000128e-03,3.020708640410192061e+02,5.999999999999999778e-01,7.492970946579194207e-03,1.000000000000000000e+00
5.187500000000000444e-02,3.562500000000000128e-03,3.023838135519336561e+02,5.999999999999999778e-01,7.492970946579194207e-03,1.000000000000000000e+00
5.312499999999999861e-02,3.562500000000000128e-03,3.026946688065128228e+02,5.999999999999999778e-01,7.492970946579194207e-03,1.000000000000000000e+00
5.437499999999999972e-02,3.562500000000000128e-03,3.030033269091095462e+02,5.999999999999999778e-01,7.492970946579194207e-03,1.000000000000000000e+00
5.562500000000000083e-02,3.562500000000000128e-03,3.033096993222069955e+02,5.999999999999999778e-01,7.492970946579194207e-03,1.000000000000000000e+00
5.687500000000000194e-02,3.562500000000000128e-03,3.036137103133188475e+02,5.999999999999999778e-01,7.492970946579194207e-03,1.000000000000000000e+00
5.812500000000000305e-02,3.562500000000000128e-03,3.039152955632790736e+02,5.999999999999999778e-01,7.492970946579194207e-03,1.000000000000000000e+00
5.937500000000000416e-02,3.562500000000000128e-03,3.042144009200100072e+02,5.999999999999999778e-01,7.492970946579194207e-03,1.000000000000000000e+00
6.062499999999999833e-02,3.562500000000000128e-03,3.045109812832063199e+02,5.999999999999999778e-01,7.492970946579194207e-03,1.000000000000000000e+00
6.187499999999999944e-02,3.562500000000000128e-03,3.048049996066739595e+02,5.999999999999999778e-01,7.492970946579194207e-03,1.000000000000000000e+00
6.312500000000000056e-02,3.562500000000000128e-03,3.050964260062787616e+02,5.999999999999999778e-01,7.492970946579194207e-03,1.000000000000000000e+00
6.437500000000000167e-02,3.562500000000000128e-03,3.053852369626114296e+02,5.999999999999999778e-01,7.492970946579194207e-03,1.000000000000000000e+00
6.562500000000000278e-02,3.562500000000000128e-03,3.056714146085282664e+02,5.999999999999999778e-01,7.492970946579194207e-03,1.000000000000000000e+00
6.687500000000000389e-02,3.562500000000000128e-03,3.059549460927059954e+02,5.999999999999999778e-01,7.492970946579194207e-03,1.000000000000000000e+00
6.812500000000000500e-02,3.562500000000000128e-03,3.062358230112325259e+02,5.999999999999999778e-01,7.492970946579194207e-03,1.000000000000000000e+00
6.937500000000000611e-02,3.562500000000000128e-03,3.065140409000725299e+02,5.999999999999999778e-01,7.492970946579194207e-03,1.000000000000000000e+00
7.062500000000000722e-02,3.562500000000000128e-03,3.067895987819744050e+02,5.999999999999999778e-01,7.492970946579194207e-03,1.000000000000000000e+00
7.187500000000000833e-02,3.562500000000000128e-03,3.070624987620527122e+02,5.999999999999999778e-01,7.492970946579194207e-03,1.000000000000000000e+00
7.312499999999999556e-02,3.562500000000000128e-03,3.073327456668836817e+02,5.999999999999999778e-01,7.492970946579194207e-03,1.000000000000000000e+00
7.437499999999999667e-02,3.562500000000000128e-03,3.076003467224812766e+02,5.999999999999999778e-01,7.492970946579194207e-03,1.000000000000000000e+00
7.562499999999999778e-02,3.562500000000000128e-03,3.078653112670183418e+02,5.999999999999999778e-01,7.492970946579194207e-03,1.000000000000000000e+00
7.687499999999999889e-02,3.562500000000000128e-03,3.081276504945856232e+02,5.999999999999999778e-01,7.492970946579194207e-03,1.000000000000000000e+00
7.812500000000000000e-02,3.562500000000000128e-03,3.083873772266753122e+02,5.999999999999999778e-01,7.492970946579194207e-03,1.000000000000000000e+00
7.937500000000000111e-02,3.562500000000000128e-03,3.086445057084290511e+02,5.999999999999999778e-01,7.492970946579194207e-03,1.000000000000000000e+00
8.062500000000000222e-02,3.562500000000000128e-03,3.088990514269997902e+02,5.999999999999999778e-01,7.492970946579194207e-03,1.000000000000000000e+00
8.187500000000000333e-02,3.562500000000000128e-03,3.091510309496629816e+02,5.999999999999999778e-01,7.492970946579194207e-03,1.000000000000000000e+00
8.312500000000000444e-02,3.562500000000000128e-03,3.094004617795625336e+02,5.999999999999999778e-01,7.492970946579194207e-03,1.000000000000000000e+00
8.437500000000000555e-02,3.562500000000000128e-03,3.096473622272014836e+02,5.999999999999999778e-01,7.492970946579194207e-03,1.000000000000000000e+00
8.562500000000000666e-02,3.562500000000000128e-03,3.098917512959889677e+02,5.999999999999999778e-01,7.492970946579194207e-03,1.000000000000000000e+00
8.687500000000000777e-02,3.562500000000000128e-03,3.101336485803403775e+02,5.999999999999999778e-01,7.492970946579194207e-03,1.000000000000000000e+00
8.812499999999999500e-02,3.562500000000000128e-03,3.103730741749782283e+02,5.999999999999999778e-01,7.492970946579194207e-03,1.000000000000000000e+00
8.937499999999999611e-02,3.562500000000000128e-03,3.106100485942354794e+02,5.999999999999999778e-01,7.492970946579194207e-03,1.000000000000000000e+00
9.062499999999999722e-02,3.562500000000000128e-03,3.108445927002860572e+02,5.999999999999999778e-01,7.492970946579194207e-03,1.000000000000000000e+00
9.187499999999999833e-02,3.562500000000000128e-03,3.110767276393443126e+02,5.999999999999999778e-01,7.492970946579194207e-03,1.000000000000000000e+00
9.312499999999999944e-02,3.562500000000000128e-03,3.113064747849712717e+02,5.999999999999999778e-01,7.492970946579194207e-03,1.000000000000000000e+00
9.437500000000000056e-02,3.562500000000000128e-03,3.115338556875530003e+02,5.999999999999999778e-01,7.492970946579194207e-03,1.000000000000000000e+00
9.562500000000000167e-02,3.562500000000000128e-03,3.117588920186209407e+02,5.999999999999999778e-01,7.492970946579194207e-03,1.000000000000000000e+00
9.687500000000000278e-02,3.562500000000000128e-03,3.119816048219594791e+02,5.999999999999999778e-01,7.492970946579194207e-03,1.000000000000000000e+00
9.812500000000000389e-02,3.562500000000000128e-03,3.122019681253224235e+02,5.999999999999999778e-01,7.492970946579194207e-03,1.000000000000000000e+00
9.937500000000000500e-02,3.562500000000000128e-03,3.124168521983259552e+02,5.999999999999999778e-01,7.492970946579194207e-03,1.000000000000000000e+00
6.250000000000000130e-04,3.687500000000000239e-03,2.931502918070577834e+02,5.999999999999999778e-01,7.455482661668230877e-03,1.000000000000000000e+00
1.874999999999999931e-03,3.687500000000000239e-03,2.931518949880633613e+02,5.999999999999999778e-01,7.455482661668230877e-03,1.000000000000000000e+00
3.125000000000000173e-03,3.687500000000000239e-03,2.931568063486157598e+02,5.999999999999999778e-01,7.455482661668230877e-03,1.000000000000000000e+00
4.375000000000000416e-03,3.687500000000000239e-03,2.931679316696926207e+02,5.999999999999999778e-01,7.455482661668230877e-03,1.000000000000000000e+00
5.624999999999999792e-03,3.687500000000000239e-03,2.931887024697041966e+02,5.999999999999999778e-01,7.455482661668230877e-03,1.000000000000000000e+00
6.875000000000000035e-03,3.687500000000000239e-03,2.932225921026149535e+02,5.999999999999999778e-01,7.455482661668230877e-03,1.000000000000000000e+00
8.125000000000000278e-03,3.687500000000000239e-03,2.932726934601819835e+02,5.999999999999999778e-01,7.455482661668230877e-03,1.000000000000000000e+00
9.374999999999999653e-03,3.687500000000000239e-03,2.933414425010840887e+02,5.999999999999999778e-01,7.455482661668230877e-03,1.000000000000000000e+00
1.062500000000000076e-02,3.687500000000000239e-03,2.934304973794540388e+02,5.999999999999999778e-01,7.455482661668230877e-03,1.000000000000000000e+00
1.187500000000000014e-02,3.687500000000000239e-03,2.935407412982256119e+02,5.999999999999999778e-01,7.455482661668230877e-03,1.000000000000000000e+00
1.312499999999999951e-02,3.687500000000000239e-03,2.936723647610515400e+02,5.999999999999999778e-01,7.455482661668230877e-03,1.000000000000000000e+00
1.437500000000000062e-02,3.687500000000000239e-03,2.938249873697293424e+02,5.999999999999999778e-01,7.455482661668230877e-03,1.000000000000000000e+00
1.562500000000000000e-02,3.687500000000000239e-03,2.939977901670819733e+02,5.999999999999999778e-01,7.455482661668230877e-03,1.000000000000000000e+00
1.687500000000000111e-02,3.687500000000000239e-03,2.941896406007462019e+02,5.999999999999999778e-01,7.455482661668230877e-03,1.000000000000000000e+00
1.812499999999999875e-02,3.687500000000000239e-03,2.943992009190011458e+02,5.999999999999999778e-01,7.455482661668230877e-03,1.000000000000000000e+00
1.937499999999999986e-02,3.687500000000000239e-03,2.946250167272620502e+02,5.999999999999999778e-01,7.455482661668230877e-03,1.000000000000000000e+00
2.062500000000000097e-02,3.687500000000000239e-03,2.948655859654601841e+02,5.999999999999999778e-01,7.455482661668230877e-03,1.000000000000000000e+00
2.187500000000000208e-02,3.687500000000000239e-03,2.951194103853648016e+02,5.999999999999999778e-01,7.455482661668230877e-03,1.000000000000000000e+00
2.312499999999999972e-02,3.687500000000000239e-03,2.953850323267337785e+02,5.999999999999999778e-01,7.455482661668230877e-03,1.000000000000000000e+00
2.437500000000000083e-02,3.687500000000000239e-03,2.956610596733772809e+02,5.999999999999999778e-01,7.455482661668230877e-03,1.000000000000000000e+00
2.562500000000000194e-02,3.687500000000000239e-03,2.959461816246248418e+02,5.999999999999999778e-01,7.455482661668230877e-03,1.000000000000000000e+00
2.687499999999999958e-02,3.687500000000000239e-03,2.962391775353405592e+02,5.999999999999999778e-01,7.455482661668230877e-03,1.000000000000000000e+00
2.812500000000000069e-02,3.687500000000000239e-03,2.965389206670188287e+02,5.999999999999999778e-01,7.455482661668230877e-03,1.000000000000000000e+00
2.937500000000000180e-02,3.687500000000000239e-03,2.968443783092346280e+02,5.999999999999999778e-01,7.455482661668230877e-03,1.000000000000000000e+00
3.062499999999999944e-02,3.687500000000000239e-03,2.971546093987477093e+02,5.999999999999999778e-01,7.455482661668230877e-03,1.000000000000000000e+00
3.187500000000000056e-02,3.687500000000000239e-03,2.974687604890960415e+02,5.999999999999999778e-01,7.455482661668230877e-03,1.000000000000000000e+00
3.312500000000000167e-02,3.687500000000000239e-03,2.977860607037503087e+02,5.999999999999999778e-01,7.455482661668230877e-03,1.000000000000000000e+00
3.437500000000000278e-02,3.687500000000000239e-03,2.981058161340176866e+02,5.999999999999999778e-01,7.455482661668230877e-03,1.000000000000000000e+00
3.562500000000000389e-02,3.687500000000000239e-03,2.984274040109115731e+02,5.999999999999999778e-01,7.455482661668230877e-03,1.000000000000000000e+00
3.687499999999999806e-02,3.687500000000000239e-03,2.987502668804091854e+02,5.999999999999999778e-01,7.455482661668230877e-03,1.000000000000000000e+00
3.812499999999999917e-02,3.687500000000000239e-03,2.990739069370962397e+02,5.999999999999999778e-01,7.455482661668230877e-03,1.000000000000000000e+00
3.937500000000000028e-02,3.687500000000000239e-03,2.993978806163938771e+02,5.999999999999999778e-01,7.455482661668230877e-03,1.000000000000000000e+00
4.062500000000000139e-02,3.687500000000000239e-03,2.997217935057606155e+02,5.999999999999999778e-01,7.455482661668230877e-03,1.000000000000000000e+00
4.187500000000000250e-02,3.687500000000000239e-03,3.000452956067821901e+02,5.999999999999999778e-01,7.455482661668230877e-03,1.000000000000000000e+00
4.312500000000000361e-02,3.687500000000000239e-03,3.003680769600301232e+02,5.999999999999999778e-01,7.455482661668230877e-03,1.000000000000000000e+00
4.437499999999999778e-02,3.687500000000000239e-03,3.006898636308091000e+02,5.999999999999999778e-01,7.455482661668230877e-03,1.000000000000000000e+00
4.562499999999999889e-02,3.687500000000000239e-03,3.010104140447483019e+02,5.999999999999999778e-01,7.455482661668230877e-03,1.000000000000000000e+00
4.687500000000000000e-02,3.687500000000000239e-03,3.013295156563554542e+02,5.999999999999999778e-01,7.455482661668230877e-03,1.000000000000000000e+00
4.812500000000000111e-02,3.687500000000000239e-03,3.016469819302146789e+02,5.999999999999999778e-01,7.455482661668230877e-03,1.000000000000000000e+00
4.937500000000000222e-02,3.687500000000000239e-03,3.019626496127731912e+02,5.999999999999999778e-01,7.455482661668230877e-03,1.000000000000000000e+00
5.062500000000000333e-02,3.687500000000000239e-03,3.022763762720968543e+02,5.999999999999999778e-01,7.455482661668230877e-03,1.000000000000000000e+00
5.187500000000000444e-02,3.687500000000000239e-03,3.025880380832231822e+02,5.999999999999999778e-01,7.455482661668230877e-03,1.000000000000000000e+00
5.312499999999999861e-02,3.687500000000000239e-03,3.028975278375122571e+02,5.999999999999999778e-01,7.455482661668230877e-03,1.000000000000000000e+00
5.437499999999999972e-02,3.687500000000000239e-03,3.032047531555018622e+02,5.999999999999999778e-01,7.455482661668230877e-03,1.000000000000000000e+00
5.562500000000000083e-02,3.687500000000000239e-03,3.035096348840710334e+02,5.999999999999999778e-01,7.455482661668230877e-03,1.000000000000000000e+00
5.687500000000000194e-02,3.687500000000000239e-03,3.038121056600983820e+02,5.999999999999999778e-01,7.455482661668230877e-03,1.000000000000000000e+00
5.812500000000000305e-02,3.687500000000000239e-03,3.041121086242185925e+02,5.999999999999999778e-01,7.455482661668230877e-03,1.000000000000000000e+00
5.937500000000000416e-02,3.687500000000000239e-03,3.044095962696628703e+02,5.999999999999999778e-01,7.455482661668230877e-03,1.000000000000000000e+00
6.062499999999999833e-02,3.687500000000000239e-03,3.047045294125012447e+02,5.999999999999999778e-01,7.455482661668230877e-03,1.000000000000000000e+00
6.187499999999999944e-02,3.687500000000000239e-03,3.049968762708712120e+02,5.999999999999999778e-01,7.455482661668230877e-03,1.000000000000000000e+00
6.312500000000000056e-02,3.687500000000000239e-03,3.052866116419486389e+02,5.999999999999999778e-01,7.455482661668230877e-03,1.000000000000000000e+00
6.437500000000000167e-02,3.687500000000000239e-03,3.055737161665133499e+02,5.999999999999999778e-01,7.455482661668230877e-03,1.000000000000000000e+00
6.562500000000000278e-02,3.687500000000000239e-03,3.058581756719627833e+02,5.999999999999999778e-01,7.455482661668230877e-03,1.000000000000000000e+00
6.687500000000000389e-02,3.687500000000000239e-03,3.061399805855447198e+02,5.999999999999999778e-01,7.455482661668230877e-03,1.000000000000000000e+00
6.812500000000000500e-02,3.687500000000000239e-03,3.064191254104160294e+02,5.999999999999999778e-01,7.455482661668230877e-03,1.000000000000000000e+00
6.937500000000000611e-02,3.687500000000000239e-03,3.066956082578923883e+02,5.999999999999999778e-01,7.455482661668230877e-03,1.000000000000000000e+00
7.062500000000000722e-02,3.687500000000000239e-03,3.069694304299374039e+02,5.999999999999999778e-01,7.455482661668230877e-03,1.000000000000000000e+00
7.187500000000000833e-02,3.687500000000000239e-03,3.072405960465588919e+02,5.999999999999999778e-01,7.455482661668230877e-03,1.000000000000000000e+00
7.312499999999999556e-02,3.687500000000000239e-03,3.075091117133414969e+02,5.999999999999999778e-01,7.455482661668230877e-03,1.000000000000000000e+00
7.437499999999999667e-02,3.687500000000000239e-03,3.077749862248365957e+02,5.999999999999999778e-01,7.455482661668230877e-03,1.000000000000000000e+00
7.562499999999999778e-02,3.687500000000000239e-03,3.080382302999901754e+02,5.999999999999999778e-01,7.455482661668230877e-03,1.000000000000000000e+00
7.687499999999999889e-02,3.687500000000000239e-03,3.082988563461882450e+02,5.999999999999999778e-01,7.455482661668230877e-03,1.000000000000000000e+00
7.812500000000000000e-02,3.687500000000000239e-03,3.085568782488613806e+02,5.999999999999999778e-01,7.455482661668230877e-03,1.000000000000000000e+00
7.937500000000000111e-02,3.687500000000000239e-03,3.088123111839166768e+02,5.999999999999999778e-01,7.455482661668230877e-03,1.000000000000000000e+00
8.062500000000000222e-02,3.687500000000000239e-03,3.090651714505547147e+02,5.999999999999999778e-01,7.455482661668230877e-03,1.000000000000000000e+00
8.187500000000000333e-02,3.687500000000000239e-03,3.093154763222872816e+02,5.999999999999999778e-01,7.455482661668230877e-03,1.000000000000000000e+00
8.312500000000000444e-02,3.687500000000000239e-03,3.095632439142094654e+02,5.999999999999999778e-01,7.455482661668230877e-03,1.000000000000000000e+00
8.437500000000000555e-02,3.687500000000000239e-03,3.098084930647811461e+02,5.999999999999999778e-01,7.455482661668230877e-03,1.000000000000000000e+00
8.562500000000000666e-02,3.687500000000000239e-03,3.100512432305609991e+02,5.999999999999999778e-01,7.455482661668230877e-03,1.000000000000000000e+00
8.687500000000000777e-02,3.687500000000000239e-03,3.102915143925099528e+02,5.999999999999999778e-01,7.455482661668230877e-03,1.000000000000000000e+00
8.812499999999999500e-02,3.687500000000000239e-03,3.105293269726146264e+02,5.999999999999999778e-01,7.455482661668230877e-03,1.000000000000000000e+00
8.937499999999999611e-02,3.687500000000000239e-03,3.107647017597269041e+02,5.999999999999999778e-01,7.455482661668230877e-03,1.000000000000000000e+00
9.062499999999999722e-02,3.687500000000000239e-03,3.109976598436296626e+02,5.999999999999999778e-01,7.455482661668230877e-03,1.000000000000000000e+00
9.187499999999999833e-02,3.687500000000000239e-03,3.112282225564438818e+02,5.999999999999999778e-01,7.455482661668230877e-03,1.000000000000000000e+00
9.312499999999999944e-02,3.687500000000000239e-03,3.114564114205824126e+02,5.999999999999999778e-01,7.455482661668230877e-03,1.000000000000000000e+00
9.437500000000000056e-02,3.687500000000000239e-03,3.116822481023690443e+02,5.999999999999999778e-01,7.455482661668230877e-03,1.000000000000000000e+00
9.562500000000000167e-02,3.687500000000000239e-03,3.119057543598727875e+02,5.999999999999999778e-01,7.455482661668230877e-03,1.000000000000000000e+00
9.687500000000000278e-02,3.687500000000000239e-03,3.121269512911479751e+02,5.999999999999999778e-01,7.455482661668230877e-03,1.000000000000000000e+00
9.812500000000000389e-02,3.687500000000000239e-03,3.123458128128037288e+02,5.999999999999999778e-01,7.455482661668230877e-03,1.000000000000000000e+00
9.937500000000000500e-02,3.687500000000000239e-03,3.125592156658153726e+02,5.999999999999999778e-01,7.455482661668230877e-03,1.000000000000000000e+00
6.250000000000000130e-04,3.812499999999999917e-03,2.931505821140994499e+02,5.999999999999999778e-01,7.380506091846299882e-03,1.000000000000000000e+00
1.874999999999999931e-03,3.812499999999999917e-03,2.931535654306744618e+02,5.999999999999999778e-01,7.380506091846299882e-03,1.000000000000000000e+00
3.125000000000000173e-03,3.812499999999999917e-03,2.931621054713628496e+02,5.999999999999999778e-01,7.380506091846299882e-03,1.000000000000000000e+00
4.375000000000000416e-03,3.812499999999999917e-03,2.931802625857772568e+02,5.999999999999999778e-01,7.380506091846299882e-03,1.000000000000000000e+00
5.624999999999999792e-03,3.812499999999999917e-03,2.932122468176476104e+02,5.999999999999999778e-01,7.380506091846299882e-03,1.000000000000000000e+00
6.875000000000000035e-03,3.812499999999999917e-03,2.932617525761360753e+02,5.999999999999999778e-01,7.380506091846299882e-03,1.000000000000000000e+00
8.125000000000000278e-03,3.812499999999999917e-03,2.933315551381906516e+02,5.999999999999999778e-01,7.380506091846299882e-03,1.000000000000000000e+00
9.374999999999999653e-03,3.812499999999999917e-03,2.934233780132141760e+02,5.999999999999999778e-01,7.380506091846299882e-03,1.000000000000000000e+00
1.062500000000000076e-02,3.812499999999999917e-03,2.935379543040132830e+02,5.999999999999999778e-01,7.380506091846299882e-03,1.000000000000000000e+00
1.187500000000000014e-02,3.812499999999999917e-03,2.936751912887052072e+02,5.999999999999999778e-01,7.380506091846299882e-03,1.000000000000000000e+00
1.312499999999999951e-02,3.812499999999999917e-03,2.938343681484220724e+02,5.999999999999999778e-01,7.380506091846299882e-03,1.000000000000000000e+00
1.437500000000000062e-02,3.812499999999999917e-03,2.940143246180518872e+02,5.999999999999999778e-01,7.380506091846299882e-03,1.000000000000000000e+00
1.562500000000000000e-02,3.812499999999999917e-03,2.942136208044073555e+02,5.999999999999999778e-01,7.380506091846299882e-03,1.000000000000000000e+00
1.687500000000000111e-02,3.812499999999999917e-03,2.944306627010572583e+02,5.999999999999999778e-01,7.380506091846299882e-03,1.000000000000000000e+00
1.812499999999999875e-02,3.812499999999999917e-03,2.946637954383563169e+02,5.999999999999999778e-01,7.380506091846299882e-03,1.000000000000000000e+00
1.937499999999999986e-02,3.812499999999999917e-03,2.949113693946673038e+02,5.999999999999999778e-01,7.380506091846299882e-03,1.000000000000000000e+00
2.062500000000000097e-02,3.812499999999999917e-03,2.951717849340002431e+02,5.999999999999999778e-01,7.380506091846299882e-03,1.000000000000000000e+00
2.187500000000000208e-02,3.812499999999999917e-03,2.954435210291778731e+02,5.999999999999999778e-01,7.380506091846299882e-03,1.000000000000000000e+00
2.312499999999999972e-02,3.812499999999999917e-03,2.957251521180984923e+02,5.999999999999999778e-01,7.380506091846299882e-03,1.000000000000000000e+00
2.437500000000000083e-02,3.812499999999999917e-03,2.960153565911816713e+02,5.999999999999999778e-01,7.380506091846299882e-03,1.000000000000000000e+00
2.562500000000000194e-02,3.812499999999999917e-03,2.963129194740678258e+02,5.999999999999999778e-01,7.380506091846299882e-03,1.000000000000000000e+00
2.687499999999999958e-02,3.812499999999999917e-03,2.966167311948499901e+02,5.999999999999999778e-01,7.380506091846299882e-03,1.000000000000000000e+00
2.812500000000000069e-02,3.812499999999999917e-03,2.969257838038384421e+02,5.999999999999999778e-01,7.380506091846299882e-03,1.000000000000000000e+00
2.937500000000000180e-02,3.812499999999999917e-03,2.972391656223614973e+02,5.999999999999999778e-01,7.380506091846299882e-03,1.000000000000000000e+00
3.062499999999999944e-02,3.812499999999999917e-03,2.975560550082850000e+02,5.999999999999999778e-01,7.380506091846299882e-03,1.000000000000000000e+00
3.187500000000000056e-02,3.812499999999999917e-03,2.978757137154250358e+02,5.999999999999999778e-01,7.380506091846299882e-03,1.000000000000000000e+00
3.312500000000000167e-02,3.812499999999999917e-03,2.981974801719341599e+02,5.999999999999999778e-01,7.380506091846299882e-03,1.000000000000000000e+00
3.437500000000000278e-02,3.812499999999999917e-03,2.985207628936412902e+02,5.999999999999999778e-01,7.380506091846299882e-03,1.000000000000000000e+00
3.562500000000000389e-02,3.812499999999999917e-03,2.988450341706218296e+02,5.999999999999999778e-01,7.380506091846299882e-03,1.000000000000000000e+00
3.687499999999999806e-02,3.812499999999999917e-03,2.991698241103632654e+02,5.999999999999999778e-01,7.380506091846299882e-03,1.000000000000000000e+00
3.812499999999999917e-02,3.812499999999999917e-03,2.994947150824775690e+02,5.999999999999999778e-01,7.380506091846299882e-03,1.000000000000000000e+00
3.937500000000000028e-02,3.812499999999999917e-03,2.998193365833905091e+02,5.999999999999999778e-01,7.380506091846299882e-03,1.000000000000000000e+00
4.062500000000000139e-02,3.812499999999999917e-03,3.001433605214603517e+02,5.999999999999999778e-01,7.380506091846299882e-03,1.000000000000000000e+00
4.187500000000000250e-02,3.812499999999999917e-03,3.004664969111304345e+02,5.999999999999999778e-01,7.380506091846299882e-03,1.000000000000000000e+00
4.312500000000000361e-02,3.812499999999999917e-03,3.007884899572096629e+02,5.999999999999999778e-01,7.380506091846299882e-03,1.000000000000000000e+00
4.437499999999999778e-02,3.812499999999999917e-03,3.011091145059551764e+02,5.999999999999999778e-01,7.380506091846299882e-03,1.000000000000000000e+00
4.562499999999999889e-02,3.812499999999999917e-03,3.014281728373538840e+02,5.999999999999999778e-01,7.380506091846299882e-03,1.000000000000000000e+00
4.687500000000000000e-02,3.812499999999999917e-03,3.017454917722053551e+02,5.999999999999999778e-01,7.380506091846299882e-03,1.000000000000000000e+00
4.812500000000000111e-02,3.812499999999999917e-03,3.020609200678163120e+02,5.999999999999999778e-01,7.380506091846299882e-03,1.000000000000000000e+00
4.937500000000000222e-02,3.812499999999999917e-03,3.023743260769784911e+02,5.999999999999999778e-01,7.380506091846299882e-03,1.000000000000000000e+00
5.062500000000000333e-02,3.812499999999999917e-03,3.026855956461730557e+02,5.999999999999999778e-01,7.380506091846299882e-03,1.000000000000000000e+00
5.187500000000000444e-02,3.812499999999999917e-03,3.029946302304534242e+02,5.999999999999999778e-01,7.380506091846299882e-03,1.000000000000000000e+00
5.312499999999999861e-02,3.812499999999999917e-03,3.033013452040772790e+02,5.999999999999999778e-01,7.380506091846299882e-03,1.000000000000000000e+00
5.437499999999999972e-02,3.812499999999999917e-03,3.036056683476145963e+02,5.999999999999999778e-01,7.380506091846299882e-03,1.000000000000000000e+00
5.562500000000000083e-02,3.812499999999999917e-03,3.039075384938823845e+02,5.999999999999999778e-01,7.380506091846299882e-03,1.000000000000000000e+00
5.687500000000000194e-02,3.812499999999999917e-03,3.042069043166234792e+02,5.999999999999999778e-01,7.380506091846299882e-03,1.000000000000000000e+00
5.812500000000000305e-02,3.812499999999999917e-03,3.045037232473309246e+02,5.999999999999999778e-01,7.380506091846299882e-03,1.000000000000000000e+00
5.937500000000000416e-02,3.812499999999999917e-03,3.047979605069992886e+02,5.999999999999999778e-01,7.380506091846299882e-03,1.000000000000000000e+00
6.062499999999999833e-02,3.812499999999999917e-03,3.050895882408707394e+02,5.999999999999999778e-01,7.380506091846299882e-03,1.000000000000000000e+00
6.187499999999999944e-02,3.812499999999999917e-03,3.053785847454239502e+02,5.999999999999999778e-01,7.380506091846299882e-03,1.000000000000000000e+00
6.312500000000000056e-02,3.812499999999999917e-03,3.056649337779285815e+02,5.999999999999999778e-01,7.380506091846299882e-03,1.000000000000000000e+00
6.437500000000000167e-02,3.812499999999999917e-03,3.059486239398733574e+02,5.999999999999999778e-01,7.380506091846299882e-03,1.000000000000000000e+00
6.562500000000000278e-02,3.812499999999999917e-03,3.062296481264669410e+02,5.999999999999999778e-01,7.380506091846299882e-03,1.000000000000000000e+00
6.687500000000000389e-02,3.812499999999999917e-03,3.065080030352125959e+02,5.999999999999999778e-01,7.380506091846299882e-03,1.000000000000000000e+00
6.812500000000000500e-02,3.812499999999999917e-03,3.067836887272908371e+02,5.999999999999999778e-01,7.380506091846299882e-03,1.000000000000000000e+00
6.937500000000000611e-02,3.812499999999999917e-03,3.070567082361341136e+02,5.999999999999999778e-01,7.380506091846299882e-03,1.000000000000000000e+00
7.062500000000000722e-02,3.812499999999999917e-03,3.073270672181697591e+02,5.999999999999999778e-01,7.380506091846299882e-03,1.000000000000000000e+00
7.187500000000000833e-02,3.812499999999999917e-03,3.075947736412345535e+02,5.999999999999999778e-01,7.380506091846299882e-03,1.000000000000000000e+00
7.312499999999999556e-02,3.812499999999999917e-03,3.078598375066436574e+02,5.999999999999999778e-01,7.380506091846299882e-03,1.000000000000000000e+00
7.437499999999999667e-02,3.812499999999999917e-03,3.081222706013144830e+02,5.999999999999999778e-01,7.380506091846299882e-03,1.000000000000000000e+00
7.562499999999999778e-02,3.812499999999999917e-03,3.083820862767356061e+02,5.999999999999999778e-01,7.380506091846299882e-03,1.000000000000000000e+00
7.687499999999999889e-02,3.812499999999999917e-03,3.086392992519092218e+02,5.999999999999999778e-01,7.380506091846299882e-03,1.000000000000000000e+00
7.812500000000000000e-02,3.812499999999999917e-03,3.088939254376974759e+02,5.999999999999999778e-01,7.380506091846299882e-03,1.000000000000000000e+00
7.937500000000000111e-02,3.812499999999999917e-03,3.091459817802850125e+02,5.999999999999999778e-01,7.380506091846299882e-03,1.000000000000000000e+00
8.062500000000000222e-02,3.812499999999999917e-03,3.093954861217055736e+02,5.999999999999999778e-01,7.380506091846299882e-03,1.000000000000000000e+00
8.187500000000000333e-02,3.812499999999999917e-03,3.096424570756050798e+02,5.999999999999999778e-01,7.380506091846299882e-03,1.000000000000000000e+00
8.312500000000000444e-02,3.812499999999999917e-03,3.098869139166083642e+02,5.999999999999999778e-01,7.380506091846299882e-03,1.000000000000000000e+00
8.437500000000000555e-02,3.812499999999999917e-03,3.101288764818268646e+02,5.999999999999999778e-01,7.380506091846299882e-03,1.000000000000000000e+00
8.562500000000000666e-02,3.812499999999999917e-03,3.103683650832073226e+02,5.999999999999999778e-01,7.380506091846299882e-03,1.000000000000000000e+00
8.687500000000000777e-02,3.812499999999999917e-03,3.106054004295563118e+02,5.999999999999999778e-01,7.380506091846299882e-03,1.000000000000000000e+00
8.812499999999999500e-02,3.812499999999999917e-03,3.108400035572010438e+02,5.999999999999999778e-01,7.380506091846299882e-03,1.000000000000000000e+00
8.937499999999999611e-02,3.812499999999999917e-03,3.110721957683588244e+02,5.999999999999999778e-01,7.380506091846299882e-03,1.000000000000000000e+00
9.062499999999999722e-02,3.812499999999999917e-03,3.113019985763864952e+02,5.999999999999999778e-01,7.380506091846299882e-03,1.000000000000000000e+00
9.187499999999999833e-02,3.812499999999999917e-03,3.115294336571690224e+02,5.999999999999999778e-01,7.380506091846299882e-03,1.000000000000000000e+00
9.312499999999999944e-02,3.812499999999999917e-03,3.117545228059818214e+02,5.999999999999999778e-01,7.380506091846299882e-03,1.000000000000000000e+00
9.437500000000000056e-02,3.812499999999999917e-03,3.119772878990423806e+02,5.999999999999999778e-01,7.380506091846299882e-03,1.000000000000000000e+00
9.562500000000000167e-02,3.812499999999999917e-03,3.121977508480398456e+02,5.999999999999999778e-01,7.380506091846299882e-03,1.000000000000000000e+00
9.687500000000000278e-02,3.812499999999999917e-03,3.124159328419995063e+02,5.999999999999999778e-01,7.380506091846299882e-03,1.000000000000000000e+00
9.812500000000000389e-02,3.812499999999999917e-03,3.126318075538558219e+02,5.999999999999999778e-01,7.380506091846299882e-03,1.000000000000000000e+00
9.937500000000000500e-02,3.812499999999999917e-03,3.128422645974810052e+02,5.999999999999999778e-01,7.380506091846299882e-03,1.000000000000000000e+00
6.250000000000000130e-04,3.937500000000000028e-03,2.931512283660912885e+02,5.999999999999999778e-01,7.268041237113402088e-03,1.000000000000000000e+00
1.874999999999999931e-03,3.937500000000000028e-03,2.931570977405052076e+02,5.999999999999999778e-01,7.268041237113402088e-03,1.000000000000000000e+00
3.125000000000000173e-03,3.937500000000000028e-03,2.931727972704001672e+02,5.999999999999999778e-01,7.268041237113402088e-03,1.000000000000000000e+00
4.375000000000000416e-03,3.937500000000000028e-03,2.932041251544169427e+02,5.999999999999999778e-01,7.268041237113402088e-03,1.000000000000000000e+00
5.624999999999999792e-03,3.937500000000000028e-03,2.932561728261564440e+02,5.999999999999999778e-01,7.268041237113402088e-03,1.000000000000000000e+00
6.875000000000000035e-03,3.937500000000000028e-03,2.933325283767843530e+02,5.999999999999999778e-01,7.268041237113402088e-03,1.000000000000000000e+00
8.125000000000000278e-03,3.937500000000000028e-03,2.934350600509882838e+02,5.999999999999999778e-01,7.268041237113402088e-03,1.000000000000000000e+00
9.374999999999999653e-03,3.937500000000000028e-03,2.935641023042250026e+02,5.999999999999999778e-01,7.268041237113402088e-03,1.000000000000000000e+00
1.062500000000000076e-02,3.937500000000000028e-03,2.937188249889481995e+02,5.999999999999999778e-01,7.268041237113402088e-03,1.000000000000000000e+00
1.187500000000000014e-02,3.937500000000000028e-03,2.938976267079024183e+02,5.999999999999999778e-01,7.268041237113402088e-03,1.000000000000000000e+00
1.312499999999999951e-02,3.937500000000000028e-03,2.940984697432808161e+02,5.999999999999999778e-01,7.268041237113402088e-03,1.000000000000000000e+00
1.437500000000000062e-02,3.937500000000000028e-03,2.943191299243976573e+02,5.999999999999999778e-01,7.268041237113402088e-03,1.000000000000000000e+00
1.562500000000000000e-02,3.937500000000000028e-03,2.945573654446102978e+02,5.999999999999999778e-01,7.268041237113402088e-03,1.000000000000000000e+00
1.687500000000000111e-02,3.937500000000000028e-03,2.948110208593975585e+02,5.999999999999999778e-01,7.268041237113402088e-03,1.000000000000000000e+00
1.812499999999999875e-02,3.937500000000000028e-03,2.950780844021295479e+02,5.999999999999999778e-01,7.268041237113402088e-03,1.000000000000000000e+00
1.937499999999999986e-02,3.937500000000000028e-03,2.953567141497348416e+02,5.999999999999999778e-01,7.268041237113402088e-03,1.000000000000000000e+00
2.062500000000000097e-02,3.937500000000000028e-03,2.956452447307992770e+02,5.999999999999999778e-01,7.268041237113402088e-03,1.000000000000000000e+00
2.187500000000000208e-02,3.937500000000000028e-03,2.959421826940197775e+02,5.999999999999999778e-01,7.268041237113402088e-03,1.000000000000000000e+00
2.312499999999999972e-02,3.937500000000000028e-03,2.962461958477854864e+02,5.999999999999999778e-01,7.268041237113402088e-03,1.000000000000000000e+00
2.437500000000000083e-02,3.937500000000000028e-03,2.965560998745662005e+02,5.999999999999999778e-01,7.268041237113402088e-03,1.000000000000000000e+00
2.562500000000000194e-02,3.937500000000000028e-03,2.968708441751313671e+02,5.999999999999999778e-01,7.268041237113402088e-03,1.000000000000000000e+00
2.687499999999999958e-02,3.937500000000000028e-03,2.971894980327713824e+02,5.999999999999999778e-01,7.268041237113402088e-03,1.000000000000000000e+00
2.812500000000000069e-02,3.937500000000000028e-03,2.975112376546620681e+02,5.999999999999999778e-01,7.268041237113402088e-03,1.000000000000000000e+00
2.937500000000000180e-02,3.937500000000000028e-03,2.978353343314489621e+02,5.999999999999999778e-01,7.268041237113402088e-03,1.000000000000000000e+00
3.062499999999999944e-02,3.937500000000000028e-03,2.981611437767098778e+02,5.999999999999999778e-01,7.268041237113402088e-03,1.000000000000000000e+00
3.187500000000000056e-02,3.937500000000000028e-03,2.984880966119229129e+02,5.999999999999999778e-01,7.268041237113402088e-03,1.000000000000000000e+00
3.312500000000000167e-02,3.937500000000000028e-03,2.988156899158474289e+02,5.999999999999999778e-01,7.268041237113402088e-03,1.000000000000000000e+00
3.437500000000000278e-02,3.937500000000000028e-03,2.991434797386547189e+02,5.999999999999999778e-01,7.268041237113402088e-03,1.000000000000000000e+00
3.562500000000000389e-02,3.937500000000000028e-03,2.994710744779752076e+02,5.999999999999999778e-01,7.268041237113402088e-03,1.000000000000000000e+00
3.687499999999999806e-02,3.937500000000000028e-03,2.997981290187126433e+02,5.999999999999999778e-01,7.268041237113402088e-03,1.000000000000000000e+00
3.812499999999999917e-02,3.937500000000000028e-03,3.001243395467231494e+02,5.999999999999999778e-01,7.268041237113402088e-03,1.000000000000000000e+00
3.937500000000000028e-02,3.937500000000000028e-03,3.004494389558870466e+02,5.999999999999999778e-01,7.268041237113402088e-03,1.000000000000000000e+00
4.062500000000000139e-02,3.937500000000000028e-03,3.007731927774797214e+02,5.999999999999999778e-01,7.268041237113402088e-03,1.000000000000000000e+00
4.187500000000000250e-02,3.937500000000000028e-03,3.010953955694662341e+02,5.999999999999999778e-01,7.268041237113402088e-03,1.000000000000000000e+00
4.312500000000000361e-02,3.937500000000000028e-03,3.014158677111822158e+02,5.999999999999999778e-01,7.268041237113402088e-03,1.000000000000000000e+00
4.437499999999999778e-02,3.937500000000000028e-03,3.017344525557577981e+02,5.999999999999999778e-01,7.268041237113402088e-03,1.000000000000000000e+00
4.562499999999999889e-02,3.937500000000000028e-03,3.020510138986478523e+02,5.999999999999999778e-01,7.268041237113402088e-03,1.000000000000000000e+00
4.687500000000000000e-02,3.937500000000000028e-03,3.023654337258357145e+02,5.999999999999999778e-01,7.268041237113402088e-03,1.000000000000000000e+00
4.812500000000000111e-02,3.937500000000000028e-03,3.026776102097721264e+02,5.999999999999999778e-01,7.268041237113402088e-03,1.000000000000000000e+00
4.937500000000000222e-02,3.937500000000000028e-03,3.029874559250032462e+02,5.999999999999999778e-01,7.268041237113402088e-03,1.000000000000000000e+00
5.062500000000000333e-02,3.937500000000000028e-03,3.032948962588044424e+02,5.999999999999999778e-01,7.268041237113402088e-03,1.000000000000000000e+00
5.187500000000000444e-02,3.937500000000000028e-03,3.035998679950657788e+02,5.999999999999999778e-01,7.268041237113402088e-03,1.000000000000000000e+00
5.312499999999999861e-02,3.937500000000000028e-03,3.039023180522099210e+02,5.999999999999999778e-01,7.268041237113402088e-03,1.000000000000000000e+00
5.437499999999999972e-02,3.937500000000000028e-03,3.042022023581529311e+02,5.999999999999999778e-01,7.268041237113402088e-03,1.000000000000000000e+00
5.562500000000000083e-02,3.937500000000000028e-03,3.044994848472524041e+02,5.999999999999999778e-01,7.268041237113402088e-03,1.000000000000000000e+00
5.687500000000000194e-02,3.937500000000000028e-03,3.047941365658989525e+02,5.999999999999999778e-01,7.268041237113402088e-03,1.000000000000000000e+00
5.812500000000000305e-02,3.937500000000000028e-03,3.050861348748989030e+02,5.999999999999999778e-01,7.268041237113402088e-03,1.000000000000000000e+00
5.937500000000000416e-02,3.937500000000000028e-03,3.053754627381239857e+02,5.999999999999999778e-01,7.268041237113402088e-03,1.000000000000000000e+00
6.062499999999999833e-02,3.937500000000000028e-03,3.056621080880648833e+02,5.999999999999999778e-01,7.268041237113402088e-03,1.000000000000000000e+00
6.187499999999999944e-02,3.937500000000000028e-03,3.059460632599626706e+02,5.999999999999999778e-01,7.268041237113402088e-03,1.000000000000000000e+00
6.312500000000000056e-02,3.937500000000000028e-03,3.062273244871008728e+02,5.999999999999999778e-01,7.268041237113402088e-03,1.000000000000000000e+00
6.437500000000000167e-02,3.937500000000000028e-03,3.065058914506545875e+02,5.999999999999999778e-01,7.268041237113402088e-03,1.000000000000000000e+00
6.562500000000000278e-02,3.937500000000000028e-03,3.067817668782129772e+02,5.999999999999999778e-01,7.268041237113402088e-03,1.000000000000000000e+00
6.687500000000000389e-02,3.937500000000000028e-03,3.070549561857287699e+02,5.999999999999999778e-01,7.268041237113402088e-03,1.000000000000000000e+00
6.812500000000000500e-02,3.937500000000000028e-03,3.073254671582196806e+02,5.999999999999999778e-01,7.268041237113402088e-03,1.000000000000000000e+00
6.937500000000000611e-02,3.937500000000000028e-03,3.075933096650506968e+02,5.999999999999999778e-01,7.268041237113402088e-03,1.000000000000000000e+00
7.062500000000000722e-02,3.937500000000000028e-03,3.078584954060771111e+02,5.999999999999999778e-01,7.268041237113402088e-03,1.000000000000000000e+00
7.187500000000000833e-02,3.937500000000000028e-03,3.081210376853317143e+02,5.999999999999999778e-01,7.268041237113402088e-03,1.000000000000000000e+00
7.312499999999999556e-02,3.937500000000000028e-03,3.083809512092934710e+02,5.999999999999999778e-01,7.268041237113402088e-03,1.000000000000000000e+00
7.437499999999999667e-02,3.937500000000000028e-03,3.086382519070970716e+02,5.999999999999999778e-01,7.268041237113402088e-03,1.000000000000000000e+00
7.562499999999999778e-02,3.937500000000000028e-03,3.088929567703243038e+02,5.999999999999999778e-01,7.268041237113402088e-03,1.000000000000000000e+00
7.687499999999999889e-02,3.937500000000000028e-03,3.091450837102764240e+02,5.999999999999999778e-01,7.268041237113402088e-03,1.000000000000000000e+00
7.812500000000000000e-02,3.937500000000000028e-03,3.093946514308444193e+02,5.999999999999999778e-01,7.268041237113402088e-03,1.000000000000000000e+00
7.937500000000000111e-02,3.937500000000000028e-03,3.096416793153063054e+02,5.999999999999999778e-01,7.268041237113402088e-03,1.000000000000000000e+00
8.062500000000000222e-02,3.937500000000000028e-03,3.098861873255505657e+02,5.999999999999999778e-01,7.268041237113402088e-03,1.000000000000000000e+00
8.187500000000000333e-02,3.937500000000000028e-03,3.101281959123940055e+02,5.999999999999999778e-01,7.268041237113402088e-03,1.000000000000000000e+00
8.312500000000000444e-02,3.937500000000000028e-03,3.103677259357989442e+02,5.999999999999999778e-01,7.268041237113402088e-03,1.000000000000000000e+00
8.437500000000000555e-02,3.937500000000000028e-03,3.106047985939268870e+02,5.999999999999999778e-01,7.268041237113402088e-03,1.000000000000000000e+00
8.562500000000000666e-02,3.937500000000000028e-03,3.108394353600773456e+02,5.999999999999999778e-01,7.268041237113402088e-03,1.000000000000000000e+00
8.687500000000000777e-02,3.937500000000000028e-03,3.110716579266654662e+02,5.999999999999999778e-01,7.268041237113402088e-03,1.000000000000000000e+00
8.812499999999999500e-02,3.937500000000000028e-03,3.113014881554792623e+02,5.999999999999999778e-01,7.268041237113402088e-03,1.000000000000000000e+00
8.937499999999999611e-02,3.937500000000000028e-03,3.115289480335415533e+02,5.999999999999999778e-01,7.268041237113402088e-03,1.000000000000000000e+00
9.062499999999999722e-02,3.937500000000000028e-03,3.117540596339723038e+02,5.999999999999999778e-01,7.268041237113402088e-03,1.000000000000000000e+00
9.187499999999999833e-02,3.937500000000000028e-03,3.119768450813122058e+02,5.999999999999999778e-01,7.268041237113402088e-03,1.000000000000000000e+00
9.312499999999999944e-02,3.937500000000000028e-03,3.121973265208183079e+02,5.999999999999999778e-01,7.268041237113402088e-03,1.000000000000000000e+00
9.437500000000000056e-02,3.937500000000000028e-03,3.124155260910790162e+02,5.999999999999999778e-01,7.268041237113402088e-03,1.000000000000000000e+00
9.562500000000000167e-02,3.937500000000000028e-03,3.126314658877835200e+02,5.999999999999999778e-01,7.268041237113402088e-03,1.000000000000000000e+00
9.687500000000000278e-02,3.937500000000000028e-03,3.128451671943929568e+02,5.999999999999999778e-01,7.268041237113402088e-03,1.000000000000000000e+00
9.812500000000000389e-02,3.937500000000000028e-03,3.130566032660984206e+02,5.999999999999999778e-01,7.268041237113402088e-03,1.000000000000000000e+00
9.937500000000000500e-02,3.937500000000000028e-03,3.132626828553921996e+02,5.999999999999999778e-01,7.268041237113402088e-03,1.000000000000000000e+00
6.250000000000000130e-04,4.062500000000000139e-03,2.931526179555856970e+02,5.999999999999999778e-01,7.118088097469540965e-03,1.000000000000000000e+00
1.874999999999999931e-03,4.062500000000000139e-03,2.931642466240948579e+02,5.999999999999999778e-01,7.118088097469540965e-03,1.000000000000000000e+00
3.125000000000000173e-03,4.062500000000000139e-03,2.931932694149011240e+02,5.999999999999999778e-01,7.118088097469540965e-03,1.000000000000000000e+00
4.375000000000000416e-03,4.062500000000000139e-03,2.932476087342449773e+02,5.999999999999999778e-01,7.118088097469540965e-03,1.000000000000000000e+00
5.624999999999999792e-03,4.062500000000000139e-03,2.933327980419265941e+02,5.999999999999999778e-01,7.118088097469540965e-03,1.000000000000000000e+00
6.875000000000000035e-03,4.062500000000000139e-03,2.934513697727572890e+02,5.999999999999999778e-01,7.118088097469540965e-03,1.000000000000000000e+00
8.125000000000000278e-03,4.062500000000000139e-03,2.936031947443167951e+02,5.999999999999999778e-01,7.118088097469540965e-03,1.000000000000000000e+00
9.374999999999999653e-03,4.062500000000000139e-03,2.937862438923091872e+02,5.999999999999999778e-01,7.118088097469540965e-03,1.000000000000000000e+00
1.062500000000000076e-02,4.062500000000000139e-03,2.939973827786461698e+02,5.999999999999999778e-01,7.118088097469540965e-03,1.000000000000000000e+00
1.187500000000000014e-02,4.062500000000000139e-03,2.942330098379874244e+02,5.999999999999999778e-01,7.118088097469540965e-03,1.000000000000000000e+00
1.312499999999999951e-02,4.062500000000000139e-03,2.944894917966126968e+02,5.999999999999999778e-01,7.118088097469540965e-03,1.000000000000000000e+00
1.437500000000000062e-02,4.062500000000000139e-03,2.947634208793571133e+02,5.999999999999999778e-01,7.118088097469540965e-03,1.000000000000000000e+00
1.562500000000000000e-02,4.062500000000000139e-03,2.950517411638990097e+02,5.999999999999999778e-01,7.118088097469540965e-03,1.000000000000000000e+00
1.687500000000000111e-02,4.062500000000000139e-03,2.953517898552379393e+02,5.999999999999999778e-01,7.118088097469540965e-03,1.000000000000000000e+00
1.812499999999999875e-02,4.062500000000000139e-03,2.956612889654682590e+02,5.999999999999999778e-01,7.118088097469540965e-03,1.000000000000000000e+00
1.937499999999999986e-02,4.062500000000000139e-03,2.959783117012823936e+02,5.999999999999999778e-01,7.118088097469540965e-03,1.000000000000000000e+00
2.062500000000000097e-02,4.062500000000000139e-03,2.963012387461604931e+02,5.999999999999999778e-01,7.118088097469540965e-03,1.000000000000000000e+00
2.187500000000000208e-02,4.062500000000000139e-03,2.966287131438581355e+02,5.999999999999999778e-01,7.118088097469540965e-03,1.000000000000000000e+00
2.312499999999999972e-02,4.062500000000000139e-03,2.969595982724435430e+02,5.999999999999999778e-01,7.118088097469540965e-03,1.000000000000000000e+00
2.437500000000000083e-02,4.062500000000000139e-03,2.972929408412350085e+02,5.999999999999999778e-01,7.118088097469540965e-03,1.000000000000000000e+00
2.562500000000000194e-02,4.062500000000000139e-03,2.976279393981791372e+02,5.999999999999999778e-01,7.118088097469540965e-03,1.000000000000000000e+00
2.687499999999999958e-02,4.062500000000000139e-03,2.979639180880242293e+02,5.999999999999999778e-01,7.118088097469540965e-03,1.000000000000000000e+00
2.812500000000000069e-02,4.062500000000000139e-03,2.983003050680442811e+02,5.999999999999999778e-01,7.118088097469540965e-03,1.000000000000000000e+00
2.937500000000000180e-02,4.062500000000000139e-03,2.986366148855371421e+02,5.999999999999999778e-01,7.118088097469540965e-03,1.000000000000000000e+00
3.062499999999999944e-02,4.062500000000000139e-03,2.989724341383483193e+02,5.999999999999999778e-01,7.118088097469540965e-03,1.000000000000000000e+00
3.187500000000000056e-02,4.062500000000000139e-03,2.993074098112268189e+02,5.999999999999999778e-01,7.118088097469540965e-03,1.000000000000000000e+00
3.312500000000000167e-02,4.062500000000000139e-03,2.996412397708894559e+02,5.999999999999999778e-01,7.118088097469540965e-03,1.000000000000000000e+00
3.437500000000000278e-02,4.062500000000000139e-03,2.999736649925852134e+02,5.999999999999999778e-01,7.118088097469540965e-03,1.000000000000000000e+00
3.562500000000000389e-02,4.062500000000000139e-03,3.003044631721305109e+02,5.999999999999999778e-01,7.118088097469540965e-03,1.000000000000000000e+00
3.687499999999999806e-02,4.062500000000000139e-03,3.006334434466783705e+02,5.999999999999999778e-01,7.118088097469540965e-03,1.000000000000000000e+00
3.812499999999999917e-02,4.062500000000000139e-03,3.009604420046729842e+02,5.999999999999999778e-01,7.118088097469540965e-03,1.000000000000000000e+00
3.937500000000000028e-02,4.062500000000000139e-03,3.012853184115927547e+02,5.999999999999999778e-01,7.118088097469540965e-03,1.000000000000000000e+00
4.062500000000000139e-02,4.062500000000000139e-03,3.016079525147682716e+02,5.999999999999999778e-01,7.118088097469540965e-03,1.000000000000000000e+00
4.187500000000000250e-02,4.062500000000000139e-03,3.019282418194647448e+02,5.999999999999999778e-01,7.118088097469540965e-03,1.000000000000000000e+00
4.312500000000000361e-02,4.062500000000000139e-03,3.022460992510178244e+02,5.999999999999999778e-01,7.118088097469540965e-03,1.000000000000000000e+00
4.437499999999999778e-02,4.062500000000000139e-03,3.025614512354397903e+02,5.999999999999999778e-01,7.118088097469540965e-03,1.000000000000000000e+00
4.562499999999999889e-02,4.062500000000000139e-03,3.028742360446356088e+02,5.999999999999999778e-01,7.118088097469540965e-03,1.000000000000000000e+00
4.687500000000000000e-02,4.062500000000000139e-03,3.031844023630574156e+02,5.999999999999999778e-01,7.118088097469540965e-03,1.000000000000000000e+00
4.812500000000000111e-02,4.062500000000000139e-03,3.034919080409682692e+02,5.999999999999999778e-01,7.118088097469540965e-03,1.000000000000000000e+00
4.937500000000000222e-02,4.062500000000000139e-03,3.037967190060119265e+02,5.999999999999999778e-01,7.118088097469540965e-03,1.000000000000000000e+00
5.062500000000000333e-02,4.062500000000000139e-03,3.040988083099195478e+02,5.999999999999999778e-01,7.118088097469540965e-03,1.000000000000000000e+00
5.187500000000000444e-02,4.062500000000000139e-03,3.043981552912434836e+02,5.999999999999999778e-01,7.118088097469540965e-03,1.000000000000000000e+00
5.312499999999999861e-02,4.062500000000000139e-03,3.046947448382234711e+02,5.999999999999999778e-01,7.118088097469540965e-03,1.000000000000000000e+00
5.437499999999999972e-02,4.062500000000000139e-03,3.049885667384879753e+02,5.999999999999999778e-01,7.118088097469540965e-03,1.000000000000000000e+00
5.562500000000000083e-02,4.062500000000000139e-03,3.052796151043593227e+02,5.999999999999999778e-01,7.118088097469540965e-03,1.000000000000000000e+00
5.687500000000000194e-02,4.062500000000000139e-03,3.055678878642365248e+02,5.999999999999999778e-01,7.118088097469540965e-03,1.000000000000000000e+00
5.812500000000000305e-02,4.062500000000000139e-03,3.058533863119059220e+02,5.999999999999999778e-01,7.118088097469540965e-03,1.000000000000000000e+00
5.937500000000000416e-02,4.062500000000000139e-03,3.061361147067822230e+02,5.999999999999999778e-01,7.118088097469540965e-03,1.000000000000000000e+00
6.062499999999999833e-02,4.062500000000000139e-03,3.064160799190284479e+02,5.999999999999999778e-01,7.118088097469540965e-03,1.000000000000000000e+00
6.187499999999999944e-02,4.062500000000000139e-03,3.066932911143067031e+02,5.999999999999999778e-01,7.118088097469540965e-03,1.000000000000000000e+00
6.312500000000000056e-02,4.062500000000000139e-03,3.069677594735854314e+02,5.999999999999999778e-01,7.118088097469540965e-03,1.000000000000000000e+00
6.437500000000000167e-02,4.062500000000000139e-03,3.072394979439985718e+02,5.999999999999999778e-01,7.118088097469540965e-03,1.000000000000000000e+00
6.562500000000000278e-02,4.062500000000000139e-03,3.075085210172486541e+02,5.999999999999999778e-01,7.118088097469540965e-03,1.000000000000000000e+00
6.687500000000000389e-02,4.062500000000000139e-03,3.077748445324642717e+02,5.999999999999999778e-01,7.118088097469540965e-03,1.000000000000000000e+00
6.812500000000000500e-02,4.062500000000000139e-03,3.080384855007883402e+02,5.999999999999999778e-01,7.118088097469540965e-03,1.000000000000000000e+00
6.937500000000000611e-02,4.062500000000000139e-03,3.082994619492927200e+02,5.999999999999999778e-01,7.118088097469540965e-03,1.000000000000000000e+00
7.062500000000000722e-02,4.062500000000000139e-03,3.085577927820880859e+02,5.999999999999999778e-01,7.118088097469540965e-03,1.000000000000000000e+00
7.187500000000000833e-02,4.062500000000000139e-03,3.088134976567445165e+02,5.999999999999999778e-01,7.118088097469540965e-03,1.000000000000000000e+00
7.312499999999999556e-02,4.062500000000000139e-03,3.090665968743465442e+02,5.999999999999999778e-01,7.118088097469540965e-03,1.000000000000000000e+00
7.437499999999999667e-02,4.062500000000000139e-03,3.093171112816972936e+02,5.999999999999999778e-01,7.118088097469540965e-03,1.000000000000000000e+00
7.562499999999999778e-02,4.062500000000000139e-03,3.095650621843494719e+02,5.999999999999999778e-01,7.118088097469540965e-03,1.000000000000000000e+00
7.687499999999999889e-02,4.062500000000000139e-03,3.098104712692878024e+02,5.999999999999999778e-01,7.118088097469540965e-03,1.000000000000000000e+00
7.812500000000000000e-02,4.062500000000000139e-03,3.100533605362145408e+02,5.999999999999999778e-01,7.118088097469540965e-03,1.000000000000000000e+00
7.937500000000000111e-02,4.062500000000000139e-03,3.102937522365097038e+02,5.999999999999999778e-01,7.118088097469540965e-03,1.000000000000000000e+00
8.062500000000000222e-02,4.062500000000000139e-03,3.105316688190308128e+02,5.999999999999999778e-01,7.118088097469540965e-03,1.000000000000000000e+00
8.187500000000000333e-02,4.062500000000000139e-03,3.107671328820183589e+02,5.999999999999999778e-01,7.118088097469540965e-03,1.000000000000000000e+00
8.312500000000000444e-02,4.062500000000000139e-03,3.110001671304404454e+02,5.999999999999999778e-01,7.118088097469540965e-03,1.000000000000000000e+00
8.437500000000000555e-02,4.062500000000000139e-03,3.112307943381935047e+02,5.999999999999999778e-01,7.118088097469540965e-03,1.000000000000000000e+00
8.562500000000000666e-02,4.062500000000000139e-03,3.114590373146321554e+02,5.999999999999999778e-01,7.118088097469540965e-03,1.000000000000000000e+00
8.687500000000000777e-02,4.062500000000000139e-03,3.116849188749613404e+02,5.999999999999999778e-01,7.118088097469540965e-03,1.000000000000000000e+00
8.812499999999999500e-02,4.062500000000000139e-03,3.119084618140716429e+02,5.999999999999999778e-01,7.118088097469540965e-03,1.000000000000000000e+00
8.937499999999999611e-02,4.062500000000000139e-03,3.121296888834468746e+02,5.999999999999999778e-01,7.118088097469540965e-03,1.000000000000000000e+00
9.062499999999999722e-02,4.062500000000000139e-03,3.123486227708100955e+02,5.999999999999999778e-01,7.118088097469540965e-03,1.000000000000000000e+00
9.187499999999999833e-02,4.062500000000000139e-03,3.125652860822102070e+02,5.999999999999999778e-01,7.118088097469540965e-03,1.000000000000000000e+00
9.312499999999999944e-02,4.062500000000000139e-03,3.127797013262717201e+02,5.999999999999999778e-01,7.118088097469540965e-03,1.000000000000000000e+00
9.437500000000000056e-02,4.062500000000000139e-03,3.129918909000952567e+02,5.999999999999999778e-01,7.118088097469540965e-03,1.000000000000000000e+00
9.562500000000000167e-02,4.062500000000000139e-03,3.132018770639120362e+02,5.999999999999999778e-01,7.118088097469540965e-03,1.000000000000000000e+00
9.687500000000000278e-02,4.062500000000000139e-03,3.134096811536987843e+02,5.999999999999999778e-01,7.118088097469540965e-03,1.000000000000000000e+00
9.812500000000000389e-02,4.062500000000000139e-03,3.136152757733431713e+02,5.999999999999999778e-01,7.118088097469540965e-03,1.000000000000000000e+00
9.937500000000000500e-02,4.062500000000000139e-03,3.138155948863631011e+02,5.999999999999999778e-01,7.118088097469540965e-03,1.000000000000000000e+00
6.250000000000000130e-04,4.187500000000000250e-03,2.931555664013588967e+02,5.999999999999999778e-01,6.930646672914713910e-03,1.000000000000000000e+00
1.874999999999999931e-03,4.187500000000000250e-03,2.931784297924461384e+02,5.999999999999999778e-01,6.930646672914713910e-03,1.000000000000000000e+00
3.125000000000000173e-03,4.187500000000000250e-03,2.932314786596978706e+02,5.999999999999999778e-01,6.930646672914713910e-03,1.000000000000000000e+00
4.375000000000000416e-03,4.187500000000000250e-03,2.933244669562770355e+02,5.999999999999999778e-01,6.930646672914713910e-03,1.000000000000000000e+00
5.624999999999999792e-03,4.187500000000000250e-03,2.934618954602908047e+02,5.999999999999999778e-01,6.930646672914713910e-03,1.000000000000000000e+00
6.875000000000000035e-03,4.187500000000000250e-03,2.936433773202469411e+02,5.999999999999999778e-01,6.930646672914713910e-03,1.000000000000000000e+00
8.125000000000000278e-03,4.187500000000000250e-03,2.938651284610051562e+02,5.999999999999999778e-01,6.930646672914713910e-03,1.000000000000000000e+00
9.374999999999999653e-03,4.187500000000000250e-03,2.941215706796638756e+02,5.999999999999999778e-01,6.930646672914713910e-03,1.000000000000000000e+00
1.062500000000000076e-02,4.187500000000000250e-03,2.944065736805696361e+02,5.999999999999999778e-01,6.930646672914713910e-03,1.000000000000000000e+00
1.187500000000000014e-02,4.187500000000000250e-03,2.947142418194158040e+02,5.999999999999999778e-01,6.930646672914713910e-03,1.000000000000000000e+00
1.312499999999999951e-02,4.187500000000000250e-03,2.950393240395255816e+02,5.999999999999999778e-01,6.930646672914713910e-03,1.000000000000000000e+00
1.437500000000000062e-02,4.187500000000000250e-03,2.953773674767893453e+02,5.999999999999999778e-01,6.930646672914713910e-03,1.000000000000000000e+00
1.562500000000000000e-02,4.187500000000000250e-03,2.957247197823707552e+02,5.999999999999999778e-01,6.930646672914713910e-03,1.000000000000000000e+00
1.687500000000000111e-02,4.187500000000000250e-03,2.960784545805820471e+02,5.999999999999999778e-01,6.930646672914713910e-03,1.000000000000000000e+00
1.812499999999999875e-02,4.187500000000000250e-03,2.964362665275244808e+02,5.999999999999999778e-01,6.930646672914713910e-03,1.000000000000000000e+00
1.937499999999999986e-02,4.187500000000000250e-03,2.967963620907172526e+02,5.999999999999999778e-01,6.930646672914713910e-03,1.000000000000000000e+00
2.062500000000000097e-02,4.187500000000000250e-03,2.971573590543644059e+02,5.999999999999999778e-01,6.930646672914713910e-03,1.000000000000000000e+00
2.187500000000000208e-02,4.187500000000000250e-03,2.975182000059742791e+02,5.999999999999999778e-01,6.930646672914713910e-03,1.000000000000000000e+00
2.312499999999999972e-02,4.187500000000000250e-03,2.978780808412585088e+02,5.999999999999999778e-01,6.930646672914713910e-03,1.000000000000000000e+00
2.437500000000000083e-02,4.187500000000000250e-03,2.982363932522726486e+02,5.999999999999999778e-01,6.930646672914713910e-03,1.000000000000000000e+00
2.562500000000000194e-02,4.187500000000000250e-03,2.985926793162890363e+02,5.999999999999999778e-01,6.930646672914713910e-03,1.000000000000000000e+00
2.687499999999999958e-02,4.187500000000000250e-03,2.989465961086490324e+02,5.999999999999999778e-01,6.930646672914713910e-03,1.000000000000000000e+00
2.812500000000000069e-02,4.187500000000000250e-03,2.992978883868653384e+02,5.999999999999999778e-01,6.930646672914713910e-03,1.000000000000000000e+00
2.937500000000000180e-02,4.187500000000000250e-03,2.996463676485939800e+02,5.999999999999999778e-01,6.930646672914713910e-03,1.000000000000000000e+00
3.062499999999999944e-02,4.187500000000000250e-03,2.999918961543294245e+02,5.999999999999999778e-01,6.930646672914713910e-03,1.000000000000000000e+00
3.187500000000000056e-02,4.187500000000000250e-03,3.003343747789807594e+02,5.999999999999999778e-01,6.930646672914713910e-03,1.000000000000000000e+00
3.312500000000000167e-02,4.187500000000000250e-03,3.006737337949999187e+02,5.999999999999999778e-01,6.930646672914713910e-03,1.000000000000000000e+00
3.437500000000000278e-02,4.187500000000000250e-03,3.010099258881435276e+02,5.999999999999999778e-01,6.930646672914713910e-03,1.000000000000000000e+00
3.562500000000000389e-02,4.187500000000000250e-03,3.013429208670681874e+02,5.999999999999999778e-01,6.930646672914713910e-03,1.000000000000000000e+00
3.687499999999999806e-02,4.187500000000000250e-03,3.016727016545179936e+02,5.999999999999999778e-01,6.930646672914713910e-03,1.000000000000000000e+00
3.812499999999999917e-02,4.187500000000000250e-03,3.019992612464677677e+02,5.999999999999999778e-01,6.930646672914713910e-03,1.000000000000000000e+00
3.937500000000000028e-02,4.187500000000000250e-03,3.023226004015927515e+02,5.999999999999999778e-01,6.930646672914713910e-03,1.000000000000000000e+00
4.062500000000000139e-02,4.187500000000000250e-03,3.026427258815655250e+02,5.999999999999999778e-01,6.930646672914713910e-03,1.000000000000000000e+00
4.187500000000000250e-02,4.187500000000000250e-03,3.029596491068984392e+02,5.999999999999999778e-01,6.930646672914713910e-03,1.000000000000000000e+00
4.312500000000000361e-02,4.187500000000000250e-03,3.032733851265113572e+02,5.999999999999999778e-01,6.930646672914713910e-03,1.000000000000000000e+00
4.437499999999999778e-02,4.187500000000000250e-03,3.035839518244686701e+02,5.999999999999999778e-01,6.930646672914713910e-03,1.000000000000000000e+00
4.562499999999999889e-02,4.187500000000000250e-03,3.038913693063343544e+02,5.999999999999999778e-01,6.930646672914713910e-03,1.000000000000000000e+00
4.687500000000000000e-02,4.187500000000000250e-03,3.041956594218897862e+02,5.999999999999999778e-01,6.930646672914713910e-03,1.000000000000000000e+00
4.812500000000000111e-02,4.187500000000000250e-03,3.044968453916768567e+02,5.999999999999999778e-01,6.930646672914713910e-03,1.000000000000000000e+00
4.937500000000000222e-02,4.187500000000000250e-03,3.047949515128700568e+02,5.999999999999999778e-01,6.930646672914713910e-03,1.000000000000000000e+00
5.062500000000000333e-02,4.187500000000000250e-03,3.050900029260151882e+02,5.999999999999999778e-01,6.930646672914713910e-03,1.000000000000000000e+00
5.187500000000000444e-02,4.187500000000000250e-03,3.053820254286888485e+02,5.999999999999999778e-01,6.930646672914713910e-03,1.000000000000000000e+00
5.312499999999999861e-02,4.187500000000000250e-03,3.056710453255194579e+02,5.999999999999999778e-01,6.930646672914713910e-03,1.000000000000000000e+00
5.437499999999999972e-02,4.187500000000000250e-03,3.059570893065624659e+02,5.999999999999999778e-01,6.930646672914713910e-03,1.000000000000000000e+00
5.562500000000000083e-02,4.187500000000000250e-03,3.062401843479260606e+02,5.999999999999999778e-01,6.930646672914713910e-03,1.000000000000000000e+00
5.687500000000000194e-02,4.187500000000000250e-03,3.065203576299834367e+02,5.999999999999999778e-01,6.930646672914713910e-03,1.000000000000000000e+00
5.812500000000000305e-02,4.187500000000000250e-03,3.067976364695910547e+02,5.999999999999999778e-01,6.930646672914713910e-03,1.000000000000000000e+00
5.937500000000000416e-02,4.187500000000000250e-03,3.070720482635497319e+02,5.999999999999999778e-01,6.930646672914713910e-03,1.000000000000000000e+00
6.062499999999999833e-02,4.187500000000000250e-03,3.073436204411633526e+02,5.999999999999999778e-01,6.930646672914713910e-03,1.000000000000000000e+00
6.187499999999999944e-02,4.187500000000000250e-03,3.076123804242213851e+02,5.999999999999999778e-01,6.930646672914713910e-03,1.000000000000000000e+00
6.312500000000000056e-02,4.187500000000000250e-03,3.078783555930897364e+02,5.999999999999999778e-01,6.930646672914713910e-03,1.000000000000000000e+00
6.437500000000000167e-02,4.187500000000000250e-03,3.081415732578648203e+02,5.999999999999999778e-01,6.930646672914713910e-03,1.000000000000000000e+00
6.562500000000000278e-02,4.187500000000000250e-03,3.084020606337605841e+02,5.999999999999999778e-01,6.930646672914713910e-03,1.000000000000000000e+00
6.687500000000000389e-02,4.187500000000000250e-03,3.086598448200603002e+02,5.999999999999999778e-01,6.930646672914713910e-03,1.000000000000000000e+00
6.812500000000000500e-02,4.187500000000000250e-03,3.089149527820860612e+02,5.999999999999999778e-01,6.930646672914713910e-03,1.000000000000000000e+00
6.937500000000000611e-02,4.187500000000000250e-03,3.091674113357461238e+02,5.999999999999999778e-01,6.930646672914713910e-03,1.000000000000000000e+00
7.062500000000000722e-02,4.187500000000000250e-03,3.094172471342894255e+02,5.999999999999999778e-01,6.930646672914713910e-03,1.000000000000000000e+00
7.187500000000000833e-02,4.187500000000000250e-03,3.096644866569671422e+02,5.999999999999999778e-01,6.930646672914713910e-03,1.000000000000000000e+00
7.312499999999999556e-02,4.187500000000000250e-03,3.099091561993407140e+02,5.999999999999999778e-01,6.930646672914713910e-03,1.000000000000000000e+00
7.437499999999999667e-02,4.187500000000000250e-03,3.101512818650246572e+02,5.999999999999999778e-01,6.930646672914713910e-03,1.000000000000000000e+00
7.562499999999999778e-02,4.187500000000000250e-03,3.103908895586791346e+02,5.999999999999999778e-01,6.930646672914713910e-03,1.000000000000000000e+00
7.687499999999999889e-02,4.187500000000000250e-03,3.106280049800961933e+02,5.999999999999999778e-01,6.930646672914713910e-03,1.000000000000000000e+00
7.812500000000000000e-02,4.187500000000000250e-03,3.108626536192435310e+02,5.999999999999999778e-01,6.930646672914713910e-03,1.000000000000000000e+00
7.937500000000000111e-02,4.187500000000000250e-03,3.110948607521512486e+02,5.999999999999999778e-01,6.930646672914713910e-03,1.000000000000000000e+00
8.062500000000000222e-02,4.187500000000000250e-03,3.113246514375376819e+02,5.999999999999999778e-01,6.930646672914713910e-03,1.000000000000000000e+00
8.187500000000000333e-02,4.187500000000000250e-03,3.115520505140901264e+02,5.999999999999999778e-01,6.930646672914713910e-03,1.000000000000000000e+00
8.312500000000000444e-02,4.187500000000000250e-03,3.117770825983174632e+02,5.999999999999999778e-01,6.930646672914713910e-03,1.000000000000000000e+00
8.437500000000000555e-02,4.187500000000000250e-03,3.119997720829124432e+02,5.999999999999999778e-01,6.930646672914713910e-03,1.000000000000000000e+00
8.562500000000000666e-02,4.187500000000000250e-03,3.122201431355601926e+02,5.999999999999999778e-01,6.930646672914713910e-03,1.000000000000000000e+00
8.687500000000000777e-02,4.187500000000000250e-03,3.124382196981434845e+02,5.999999999999999778e-01,6.930646672914713910e-03,1.000000000000000000e+00
8.812499999999999500e-02,4.187500000000000250e-03,3.126540254862940174e+02,5.999999999999999778e-01,6.930646672914713910e-03,1.000000000000000000e+00
8.937499999999999611e-02,4.187500000000000250e-03,3.128675839892537169e+02,5.999999999999999778e-01,6.930646672914713910e-03,1.000000000000000000e+00
9.062499999999999722e-02,4.187500000000000250e-03,3.130789184700051351e+02,5.999999999999999778e-01,6.930646672914713910e-03,1.000000000000000000e+00
9.187499999999999833e-02,4.187500000000000250e-03,3.132880519656359866e+02,5.999999999999999778e-01,6.930646672914713910e-03,1.000000000000000000e+00
9.312499999999999944e-02,4.187500000000000250e-03,3.134950072878874039e+02,5.999999999999999778e-01,6.930646672914713910e-03,1.000000000000000000e+00
9.437500000000000056e-02,4.187500000000000250e-03,3.136998070234976126e+02,5.999999999999999778e-01,6.930646672914713910e-03,1.000000000000000000e+00
9.562500000000000167e-02,4.187500000000000250e-03,3.139024735202723377e+02,5.999999999999999778e-01,6.930646672914713910e-03,1.000000000000000000e+00
9.687500000000000278e-02,4.187500000000000250e-03,3.141030280718670156e+02,5.999999999999999778e-01,6.930646672914713910e-03,1.000000000000000000e+00
9.812500000000000389e-02,4.187500000000000250e-03,3.143014423225432665e+02,5.999999999999999778e-01,6.930646672914713910e-03,1.000000000000000000e+00
9.937500000000000500e-02,4.187500000000000250e-03,3.144946812837405901e+02,5.999999999999999778e-01,6.930646672914713910e-03,1.000000000000000000e+00
6.250000000000000130e-04,4.312500000000000361e-03,2.931617571083570510e+02,5.999999999999999778e-01,6.705716963448923526e-03,1.000000000000000000e+00
1.874999999999999931e-03,4.312500000000000361e-03,2.932061101643034817e+02,5.999999999999999778e-01,6.705716963448923526e-03,1.000000000000000000e+00
3.125000000000000173e-03,4.312500000000000361e-03,2.933013058258936780e+02,5.999999999999999778e-01,6.705716963448923526e-03,1.000000000000000000e+00
4.375000000000000416e-03,4.312500000000000361e-03,2.934570032874499930e+02,5.999999999999999778e-01,6.705716963448923526e-03,1.000000000000000000e+00
5.624999999999999792e-03,4.312500000000000361e-03,2.936734964686201010e+02,5.999999999999999778e-01,6.705716963448923526e-03,1.000000000000000000e+00
6.875000000000000035e-03,4.312500000000000361e-03,2.939445144289369409e+02,5.999999999999999778e-01,6.705716963448923526e-03,1.000000000000000000e+00
8.125000000000000278e-03,4.312500000000000361e-03,2.942605517962625186e+02,5.999999999999999778e-01,6.705716963448923526e-03,1.000000000000000000e+00
9.374999999999999653e-03,4.312500000000000361e-03,2.946113859740270868e+02,5.999999999999999778e-01,6.705716963448923526e-03,1.000000000000000000e+00
1.062500000000000076e-02,4.312500000000000361e-03,2.949875497294052593e+02,5.999999999999999778e-01,6.705716963448923526e-03,1.000000000000000000e+00
1.187500000000000014e-02,4.312500000000000361e-03,2.953809908621303748e+02,5.999999999999999778e-01,6.705716963448923526e-03,1.000000000000000000e+00
1.312499999999999951e-02,4.312500000000000361e-03,2.957852280333964359e+02,5.999999999999999778e-01,6.705716963448923526e-03,1.000000000000000000e+00
1.437500000000000062e-02,4.312500000000000361e-03,2.961952450111086250e+02,5.999999999999999778e-01,6.705716963448923526e-03,1.000000000000000000e+00
1.562500000000000000e-02,4.312500000000000361e-03,2.966072769113788468e+02,5.999999999999999778e-01,6.705716963448923526e-03,1.000000000000000000e+00
1.687500000000000111e-02,4.312500000000000361e-03,2.970185729838490829e+02,5.999999999999999778e-01,6.705716963448923526e-03,1.000000000000000000e+00
1.812499999999999875e-02,4.312500000000000361e-03,2.974271764407255887e+02,5.999999999999999778e-01,6.705716963448923526e-03,1.000000000000000000e+00
1.937499999999999986e-02,4.312500000000000361e-03,2.978317369159172472e+02,5.999999999999999778e-01,6.705716963448923526e-03,1.000000000000000000e+00
2.062500000000000097e-02,4.312500000000000361e-03,2.982313584071270043e+02,5.999999999999999778e-01,6.705716963448923526e-03,1.000000000000000000e+00
2.187500000000000208e-02,4.312500000000000361e-03,2.986254797935920919e+02,5.999999999999999778e-01,6.705716963448923526e-03,1.000000000000000000e+00
2.312499999999999972e-02,4.312500000000000361e-03,2.990137829463847652e+02,5.999999999999999778e-01,6.705716963448923526e-03,1.000000000000000000e+00
2.437500000000000083e-02,4.312500000000000361e-03,2.993961231660825888e+02,5.999999999999999778e-01,6.705716963448923526e-03,1.000000000000000000e+00
2.562500000000000194e-02,4.312500000000000361e-03,2.997724771772212762e+02,5.999999999999999778e-01,6.705716963448923526e-03,1.000000000000000000e+00
2.687499999999999958e-02,4.312500000000000361e-03,3.001429046652681336e+02,5.999999999999999778e-01,6.705716963448923526e-03,1.000000000000000000e+00
2.812500000000000069e-02,4.312500000000000361e-03,3.005075201174266795e+02,5.999999999999999778e-01,6.705716963448923526e-03,1.000000000000000000e+00
2.937500000000000180e-02,4.312500000000000361e-03,3.008664724220852236e+02,5.999999999999999778e-01,6.705716963448923526e-03,1.000000000000000000e+00
3.062499999999999944e-02,4.312500000000000361e-03,3.012199302614682779e+02,5.999999999999999778e-01,6.705716963448923526e-03,1.000000000000000000e+00
3.187500000000000056e-02,4.312500000000000361e-03,3.015680717983049135e+02,5.999999999999999778e-01,6.705716963448923526e-03,1.000000000000000000e+00
3.312500000000000167e-02,4.312500000000000361e-03,3.019110775233296522e+02,5.999999999999999778e-01,6.705716963448923526e-03,1.000000000000000000e+00
3.437500000000000278e-02,4.312500000000000361e-03,3.022491254131223286e+02,5.999999999999999778e-01,6.705716963448923526e-03,1.000000000000000000e+00
3.562500000000000389e-02,4.312500000000000361e-03,3.025823877636880184e+02,5.999999999999999778e-01,6.705716963448923526e-03,1.000000000000000000e+00
3.687499999999999806e-02,4.312500000000000361e-03,3.029110292286969752e+02,5.999999999999999778e-01,6.705716963448923526e-03,1.000000000000000000e+00
3.812499999999999917e-02,4.312500000000000361e-03,3.032352057143963862e+02,5.999999999999999778e-01,6.705716963448923526e-03,1.000000000000000000e+00
3.937500000000000028e-02,4.312500000000000361e-03,3.035550638753842918e+02,5.999999999999999778e-01,6.705716963448923526e-03,1.000000000000000000e+00
4.062500000000000139e-02,4.312500000000000361e-03,3.038707410241894422e+02,5.999999999999999778e-01,6.705716963448923526e-03,1.000000000000000000e+00
4.187500000000000250e-02,4.312500000000000361e-03,3.041823653186890510e+02,5.999999999999999778e-01,6.705716963448923526e-03,1.000000000000000000e+00
4.312500000000000361e-02,4.312500000000000361e-03,3.044900561292237740e+02,5.999999999999999778e-01,6.705716963448923526e-03,1.000000000000000000e+00
4.437499999999999778e-02,4.312500000000000361e-03,3.047939245151794694e+02,5.999999999999999778e-01,6.705716963448923526e-03,1.000000000000000000e+00
4.562499999999999889e-02,4.312500000000000361e-03,3.050940737613246938e+02,5.999999999999999778e-01,6.705716963448923526e-03,1.000000000000000000e+00
4.687500000000000000e-02,4.312500000000000361e-03,3.053905999392165427e+02,5.999999999999999778e-01,6.705716963448923526e-03,1.000000000000000000e+00
4.812500000000000111e-02,4.312500000000000361e-03,3.056835924699304314e+02,5.999999999999999778e-01,6.705716963448923526e-03,1.000000000000000000e+00
4.937500000000000222e-02,4.312500000000000361e-03,3.059731346722993521e+02,5.999999999999999778e-01,6.705716963448923526e-03,1.000000000000000000e+00
5.062500000000000333e-02,4.312500000000000361e-03,3.062593042865590860e+02,5.999999999999999778e-01,6.705716963448923526e-03,1.000000000000000000e+00
5.187500000000000444e-02,4.312500000000000361e-03,3.065421739673566890e+02,5.999999999999999778e-01,6.705716963448923526e-03,1.000000000000000000e+00
5.312499999999999861e-02,4.312500000000000361e-03,3.068218117429533436e+02,5.999999999999999778e-01,6.705716963448923526e-03,1.000000000000000000e+00
5.437499999999999972e-02,4.312500000000000361e-03,3.070982814394480442e+02,5.999999999999999778e-01,6.705716963448923526e-03,1.000000000000000000e+00
5.562500000000000083e-02,4.312500000000000361e-03,3.073716430701974787e+02,5.999999999999999778e-01,6.705716963448923526e-03,1.000000000000000000e+00
5.687500000000000194e-02,4.312500000000000361e-03,3.076419531915100833e+02,5.999999999999999778e-01,6.705716963448923526e-03,1.000000000000000000e+00
5.812500000000000305e-02,4.312500000000000361e-03,3.079092652262510796e+02,5.999999999999999778e-01,6.705716963448923526e-03,1.000000000000000000e+00
5.937500000000000416e-02,4.312500000000000361e-03,3.081736297573319234e+02,5.999999999999999778e-01,6.705716963448923526e-03,1.000000000000000000e+00
6.062499999999999833e-02,4.312500000000000361e-03,3.084350947932144891e+02,5.999999999999999778e-01,6.705716963448923526e-03,1.000000000000000000e+00
6.187499999999999944e-02,4.312500000000000361e-03,3.086937060076197668e+02,5.999999999999999778e-01,6.705716963448923526e-03,1.000000000000000000e+00
6.312500000000000056e-02,4.312500000000000361e-03,3.089495069555983378e+02,5.999999999999999778e-01,6.705716963448923526e-03,1.000000000000000000e+00
6.437500000000000167e-02,4.312500000000000361e-03,3.092025392680442906e+02,5.999999999999999778e-01,6.705716963448923526e-03,1.000000000000000000e+00
6.562500000000000278e-02,4.312500000000000361e-03,3.094528428266283413e+02,5.999999999999999778e-01,6.705716963448923526e-03,1.000000000000000000e+00
6.687500000000000389e-02,4.312500000000000361e-03,3.097004559209989907e+02,5.999999999999999778e-01,6.705716963448923526e-03,1.000000000000000000e+00
6.812500000000000500e-02,4.312500000000000361e-03,3.099454153899608286e+02,5.999999999999999778e-01,6.705716963448923526e-03,1.000000000000000000e+00
6.937500000000000611e-02,4.312500000000000361e-03,3.101877567482127915e+02,5.999999999999999778e-01,6.705716963448923526e-03,1.000000000000000000e+00
7.062500000000000722e-02,4.312500000000000361e-03,3.104275143000842263e+02,5.999999999999999778e-01,6.705716963448923526e-03,1.000000000000000000e+00
7.187500000000000833e-02,4.312500000000000361e-03,3.106647212415883814e+02,5.999999999999999778e-01,6.705716963448923526e-03,1.000000000000000000e+00
7.312499999999999556e-02,4.312500000000000361e-03,3.108994097519815227e+02,5.999999999999999778e-01,6.705716963448923526e-03,1.000000000000000000e+00
7.437499999999999667e-02,4.312500000000000361e-03,3.111316110759112235e+02,5.999999999999999778e-01,6.705716963448923526e-03,1.000000000000000000e+00
7.562499999999999778e-02,4.312500000000000361e-03,3.113613555971268738e+02,5.999999999999999778e-01,6.705716963448923526e-03,1.000000000000000000e+00
7.687499999999999889e-02,4.312500000000000361e-03,3.115886729046303003e+02,5.999999999999999778e-01,6.705716963448923526e-03,1.000000000000000000e+00
7.812500000000000000e-02,4.312500000000000361e-03,3.118135918520576411e+02,5.999999999999999778e-01,6.705716963448923526e-03,1.000000000000000000e+00
7.937500000000000111e-02,4.312500000000000361e-03,3.120361406110016560e+02,5.999999999999999778e-01,6.705716963448923526e-03,1.000000000000000000e+00
8.062500000000000222e-02,4.312500000000000361e-03,3.122563467189123685e+02,5.999999999999999778e-01,6.705716963448923526e-03,1.000000000000000000e+00
8.187500000000000333e-02,4.312500000000000361e-03,3.124742371221461781e+02,5.999999999999999778e-01,6.705716963448923526e-03,1.000000000000000000e+00
8.312500000000000444e-02,4.312500000000000361e-03,3.126898382146752056e+02,5.999999999999999778e-01,6.705716963448923526e-03,1.000000000000000000e+00
8.437500000000000555e-02,4.312500000000000361e-03,3.129031758729173021e+02,5.999999999999999778e-01,6.705716963448923526e-03,1.000000000000000000e+00
8.562500000000000666e-02,4.312500000000000361e-03,3.131142754870946305e+02,5.999999999999999778e-01,6.705716963448923526e-03,1.000000000000000000e+00
8.687500000000000777e-02,4.312500000000000361e-03,3.133231619894897904e+02,5.999999999999999778e-01,6.705716963448923526e-03,1.000000000000000000e+00
8.812499999999999500e-02,4.312500000000000361e-03,3.135298598799254250e+02,5.999999999999999778e-01,6.705716963448923526e-03,1.000000000000000000e+00
8.937499999999999611e-02,4.312500000000000361e-03,3.137343932487636948e+02,5.999999999999999778e-01,6.705716963448923526e-03,1.000000000000000000e+00
9.062499999999999722e-02,4.312500000000000361e-03,3.139367857976857294e+02,5.999999999999999778e-01,6.705716963448923526e-03,1.000000000000000000e+00
9.187499999999999833e-02,4.312500000000000361e-03,3.141370608584748538e+02,5.999999999999999778e-01,6.705716963448923526e-03,1.000000000000000000e+00
9.312499999999999944e-02,4.312500000000000361e-03,3.143352414099784937e+02,5.999999999999999778e-01,6.705716963448923526e-03,1.000000000000000000e+00
9.437500000000000056e-02,4.312500000000000361e-03,3.145313500929133852e+02,5.999999999999999778e-01,6.705716963448923526e-03,1.000000000000000000e+00
9.562500000000000167e-02,4.312500000000000361e-03,3.147254092066055478e+02,5.999999999999999778e-01,6.705716963448923526e-03,1.000000000000000000e+00
9.687500000000000278e-02,4.312500000000000361e-03,3.149174398521157627e+02,5.999999999999999778e-01,6.705716963448923526e-03,1.000000000000000000e+00
9.812500000000000389e-02,4.312500000000000361e-03,3.151074123183293523e+02,5.999999999999999778e-01,6.705716963448923526e-03,1.000000000000000000e+00
9.937500000000000500e-02,4.312500000000000361e-03,3.152923282504681310e+02,5.999999999999999778e-01,6.705716963448923526e-03,1.000000000000000000e+00
6.250000000000000130e-04,4.437500000000000472e-03,2.931746050631123239e+02,5.999999999999999778e-01,6.443298969072165476e-03,1.000000000000000000e+00
1.874999999999999931e-03,4.437500000000000472e-03,2.932591823514733278e+02,5.999999999999999778e-01,6.443298969072165476e-03,1.000000000000000000e+00
3.125000000000000173e-03,4.437500000000000472e-03,2.934261180695143025e+02,5.999999999999999778e-01,6.443298969072165476e-03,1.000000000000000000e+00
4.375000000000000416e-03,4.437500000000000472e-03,2.936798521571797664e+02,5.999999999999999778e-01,6.443298969072165476e-03,1.000000000000000000e+00
5.624999999999999792e-03,4.437500000000000472e-03,2.940109747614354774e+02,5.999999999999999778e-01,6.443298969072165476e-03,1.000000000000000000e+00
6.875000000000000035e-03,4.437500000000000472e-03,2.944034639578835595e+02,5.999999999999999778e-01,6.443298969072165476e-03,1.000000000000000000e+00
8.125000000000000278e-03,4.437500000000000472e-03,2.948401791389355822e+02,5.999999999999999778e-01,6.443298969072165476e-03,1.000000000000000000e+00
9.374999999999999653e-03,4.437500000000000472e-03,2.953058197608281716e+02,5.999999999999999778e-01,6.443298969072165476e-03,1.000000000000000000e+00
1.062500000000000076e-02,4.437500000000000472e-03,2.957880161562066519e+02,5.999999999999999778e-01,6.443298969072165476e-03,1.000000000000000000e+00
1.187500000000000014e-02,4.437500000000000472e-03,2.962773843275710419e+02,5.999999999999999778e-01,6.443298969072165476e-03,1.000000000000000000e+00
1.312499999999999951e-02,4.437500000000000472e-03,2.967671310257996993e+02,5.999999999999999778e-01,6.443298969072165476e-03,1.000000000000000000e+00
1.437500000000000062e-02,4.437500000000000472e-03,2.972525343465248966e+02,5.999999999999999778e-01,6.443298969072165476e-03,1.000000000000000000e+00
1.562500000000000000e-02,4.437500000000000472e-03,2.977304499754786775e+02,5.999999999999999778e-01,6.443298969072165476e-03,1.000000000000000000e+00
1.687500000000000111e-02,4.437500000000000472e-03,2.981988971988903927e+02,5.999999999999999778e-01,6.443298969072165476e-03,1.000000000000000000e+00
1.812499999999999875e-02,4.437500000000000472e-03,2.986567332998309894e+02,5.999999999999999778e-01,6.443298969072165476e-03,1.000000000000000000e+00
1.937499999999999986e-02,4.437500000000000472e-03,2.991034067228811182e+02,5.999999999999999778e-01,6.443298969072165476e-03,1.000000000000000000e+00
2.062500000000000097e-02,4.437500000000000472e-03,2.995387742026146043e+02,5.999999999999999778e-01,6.443298969072165476e-03,1.000000000000000000e+00
2.187500000000000208e-02,4.437500000000000472e-03,2.999629673850370750e+02,5.999999999999999778e-01,6.443298969072165476e-03,1.000000000000000000e+00
2.312499999999999972e-02,4.437500000000000472e-03,3.003762967087905622e+02,5.999999999999999778e-01,6.443298969072165476e-03,1.000000000000000000e+00
2.437500000000000083e-02,4.437500000000000472e-03,3.007791828782619064e+02,5.999999999999999778e-01,6.443298969072165476e-03,1.000000000000000000e+00
2.562500000000000194e-02,4.437500000000000472e-03,3.011721085561517839e+02,5.999999999999999778e-01,6.443298969072165476e-03,1.000000000000000000e+00
2.687499999999999958e-02,4.437500000000000472e-03,3.015555847651950785e+02,5.999999999999999778e-01,6.443298969072165476e-03,1.000000000000000000e+00
2.812500000000000069e-02,4.437500000000000472e-03,3.019301279281042980e+02,5.999999999999999778e-01,6.443298969072165476e-03,1.000000000000000000e+00
2.937500000000000180e-02,4.437500000000000472e-03,3.022962445588582341e+02,5.999999999999999778e-01,6.443298969072165476e-03,1.000000000000000000e+00
3.062499999999999944e-02,4.437500000000000472e-03,3.026544214232777108e+02,5.999999999999999778e-01,6.443298969072165476e-03,1.000000000000000000e+00
3.187500000000000056e-02,4.437500000000000472e-03,3.030051195796357320e+02,5.999999999999999778e-01,6.443298969072165476e-03,1.000000000000000000e+00
3.312500000000000167e-02,4.437500000000000472e-03,3.033487711448246955e+02,5.999999999999999778e-01,6.443298969072165476e-03,1.000000000000000000e+00
3.437500000000000278e-02,4.437500000000000472e-03,3.036857779497559591e+02,5.999999999999999778e-01,6.443298969072165476e-03,1.000000000000000000e+00
3.562500000000000389e-02,4.437500000000000472e-03,3.040165114801930031e+02,5.999999999999999778e-01,6.443298969072165476e-03,1.000000000000000000e+00
3.687499999999999806e-02,4.437500000000000472e-03,3.043413136689949852e+02,5.999999999999999778e-01,6.443298969072165476e-03,1.000000000000000000e+00
3.812499999999999917e-02,4.437500000000000472e-03,3.046604982296117328e+02,5.999999999999999778e-01,6.443298969072165476e-03,1.000000000000000000e+00
3.937500000000000028e-02,4.437500000000000472e-03,3.049743523109107173e+02,5.999999999999999778e-01,6.443298969072165476e-03,1.000000000000000000e+00
4.062500000000000139e-02,4.437500000000000472e-03,3.052831383190433598e+02,5.999999999999999778e-01,6.443298969072165476e-03,1.000000000000000000e+00
4.187500000000000250e-02,4.437500000000000472e-03,3.055870957996655761e+02,5.999999999999999778e-01,6.443298969072165476e-03,1.000000000000000000e+00
4.312500000000000361e-02,4.437500000000000472e-03,3.058864433082360392e+02,5.999999999999999778e-01,6.443298969072165476e-03,1.000000000000000000e+00
4.437499999999999778e-02,4.437500000000000472e-03,3.061813802208655488e+02,5.999999999999999778e-01,6.443298969072165476e-03,1.000000000000000000e+00
4.562499999999999889e-02,4.437500000000000472e-03,3.064720884558774969e+02,5.999999999999999778e-01,6.443298969072165476e-03,1.000000000000000000e+00
4.687500000000000000e-02,4.437500000000000472e-03,3.067587340887777714e+02,5.999999999999999778e-01,6.443298969072165476e-03,1.000000000000000000e+00
4.812500000000000111e-02,4.437500000000000472e-03,3.070414688521025823e+02,5.999999999999999778e-01,6.443298969072165476e-03,1.000000000000000000e+00
4.937500000000000222e-02,4.437500000000000472e-03,3.073204315176658952e+02,5.999999999999999778e-01,6.443298969072165476e-03,1.000000000000000000e+00
5.062500000000000333e-02,4.437500000000000472e-03,3.075957491628061007e+02,5.999999999999999778e-01,6.443298969072165476e-03,1.000000000000000000e+00
5.187500000000000444e-02,4.437500000000000472e-03,3.078675383248876187e+02,5.999999999999999778e-01,6.443298969072165476e-03,1.000000000000000000e+00
5.312499999999999861e-02,4.437500000000000472e-03,3.081359060499563043e+02,5.999999999999999778e-01,6.443298969072165476e-03,1.000000000000000000e+00
5.437499999999999972e-02,4.437500000000000472e-03,3.084009508423810075e+02,5.999999999999999778e-01,6.443298969072165476e-03,1.000000000000000000e+00
5.562500000000000083e-02,4.437500000000000472e-03,3.086627635227360997e+02,5.999999999999999778e-01,6.443298969072165476e-03,1.000000000000000000e+00
5.687500000000000194e-02,4.437500000000000472e-03,3.089214280012641893e+02,5.999999999999999778e-01,6.443298969072165476e-03,1.000000000000000000e+00
5.812500000000000305e-02,4.437500000000000472e-03,3.091770219741113692e+02,5.999999999999999778e-01,6.443298969072165476e-03,1.000000000000000000e+00
5.937500000000000416e-02,4.437500000000000472e-03,3.094296175492354450e+02,5.999999999999999778e-01,6.443298969072165476e-03,1.000000000000000000e+00
6.062499999999999833e-02,4.437500000000000472e-03,3.096792818084937835e+02,5.999999999999999778e-01,6.443298969072165476e-03,1.000000000000000000e+00
6.187499999999999944e-02,4.437500000000000472e-03,3.099260773119918326e+02,5.999999999999999778e-01,6.443298969072165476e-03,1.000000000000000000e+00
6.312500000000000056e-02,4.437500000000000472e-03,3.101700625503085007e+02,5.999999999999999778e-01,6.443298969072165476e-03,1.000000000000000000e+00
6.437500000000000167e-02,4.437500000000000472e-03,3.104112923497634711e+02,5.999999999999999778e-01,6.443298969072165476e-03,1.000000000000000000e+00
6.562500000000000278e-02,4.437500000000000472e-03,3.106498182354430355e+02,5.999999999999999778e-01,6.443298969072165476e-03,1.000000000000000000e+00
6.687500000000000389e-02,4.437500000000000472e-03,3.108856887562769771e+02,5.999999999999999778e-01,6.443298969072165476e-03,1.000000000000000000e+00
6.812500000000000500e-02,4.437500000000000472e-03,3.111189497760563540e+02,5.999999999999999778e-01,6.443298969072165476e-03,1.000000000000000000e+00
6.937500000000000611e-02,4.437500000000000472e-03,3.113496447339132374e+02,5.999999999999999778e-01,6.443298969072165476e-03,1.000000000000000000e+00
7.062500000000000722e-02,4.437500000000000472e-03,3.115778148774345482e+02,5.999999999999999778e-01,6.443298969072165476e-03,1.000000000000000000e+00
7.187500000000000833e-02,4.437500000000000472e-03,3.118034994712716639e+02,5.999999999999999778e-01,6.443298969072165476e-03,1.000000000000000000e+00
7.312499999999999556e-02,4.437500000000000472e-03,3.120267359838126708e+02,5.999999999999999778e-01,6.443298969072165476e-03,1.000000000000000000e+00
7.437499999999999667e-02,4.437500000000000472e-03,3.122475602542308479e+02,5.999999999999999778e-01,6.443298969072165476e-03,1.000000000000000000e+00
7.562499999999999778e-02,4.437500000000000472e-03,3.124660066419760369e+02,5.999999999999999778e-01,6.443298969072165476e-03,1.000000000000000000e+00
7.687499999999999889e-02,4.437500000000000472e-03,3.126821081605682480e+02,5.999999999999999778e-01,6.443298969072165476e-03,1.000000000000000000e+00
7.812500000000000000e-02,4.437500000000000472e-03,3.128958965973577051e+02,5.999999999999999778e-01,6.443298969072165476e-03,1.000000000000000000e+00
7.937500000000000111e-02,4.437500000000000472e-03,3.131074026207380712e+02,5.999999999999999778e-01,6.443298969072165476e-03,1.000000000000000000e+00
8.062500000000000222e-02,4.437500000000000472e-03,3.133166558761480474e+02,5.999999999999999778e-01,6.443298969072165476e-03,1.000000000000000000e+00
8.187500000000000333e-02,4.437500000000000472e-03,3.135236850720533539e+02,5.999999999999999778e-01,6.443298969072165476e-03,1.000000000000000000e+00
8.312500000000000444e-02,4.437500000000000472e-03,3.137285180569730301e+02,5.999999999999999778e-01,6.443298969072165476e-03,1.000000000000000000e+00
8.437500000000000555e-02,4.437500000000000472e-03,3.139311818885077514e+02,5.999999999999999778e-01,6.443298969072165476e-03,1.000000000000000000e+00
8.562500000000000666e-02,4.437500000000000472e-03,3.141317028952167334e+02,5.999999999999999778e-01,6.443298969072165476e-03,1.000000000000000000e+00
8.687500000000000777e-02,4.437500000000000472e-03,3.143301067321109485e+02,5.999999999999999778e-01,6.443298969072165476e-03,1.000000000000000000e+00
8.812499999999999500e-02,4.437500000000000472e-03,3.145264184304363084e+02,5.999999999999999778e-01,6.443298969072165476e-03,1.000000000000000000e+00
8.937499999999999611e-02,4.437500000000000472e-03,3.147206624423610037e+02,5.999999999999999778e-01,6.443298969072165476e-03,1.000000000000000000e+00
9.062499999999999722e-02,4.437500000000000472e-03,3.149128626811027516e+02,5.999999999999999778e-01,6.443298969072165476e-03,1.000000000000000000e+00
9.187499999999999833e-02,4.437500000000000472e-03,3.151030425569694557e+02,5.999999999999999778e-01,6.443298969072165476e-03,1.000000000000000000e+00
9.312499999999999944e-02,4.437500000000000472e-03,3.152912250096651405e+02,5.999999999999999778e-01,6.443298969072165476e-03,1.000000000000000000e+00
9.437500000000000056e-02,4.437500000000000472e-03,3.154774325364647893e+02,5.999999999999999778e-01,6.443298969072165476e-03,1.000000000000000000e+00
9.562500000000000167e-02,4.437500000000000472e-03,3.156616871974268861e+02,5.999999999999999778e-01,6.443298969072165476e-03,1.000000000000000000e+00
9.687500000000000278e-02,4.437500000000000472e-03,3.158440096974217113e+02,5.999999999999999778e-01,6.443298969072165476e-03,1.000000000000000000e+00
9.812500000000000389e-02,4.437500000000000472e-03,3.160243684761886129e+02,5.999999999999999778e-01,6.443298969072165476e-03,1.000000000000000000e+00
9.937500000000000500e-02,4.437500000000000472e-03,3.161998071788992206e+02,5.999999999999999778e-01,6.443298969072165476e-03,1.000000000000000000e+00
6.250000000000000130e-04,4.562499999999999716e-03,2.932009053443947550e+02,5.999999999999999778e-01,6.143392689784442362e-03,1.000000000000000000e+00
1.874999999999999931e-03,4.562499999999999716e-03,2.933588876050858971e+02,5.999999999999999778e-01,6.143392689784442362e-03,1.000000000000000000e+00
3.125000000000000173e-03,4.562499999999999716e-03,2.936437306205432947e+02,5.999999999999999778e-01,6.143392689784442362e-03,1.000000000000000000e+00
4.375000000000000416e-03,4.562499999999999716e-03,2.940442983410620172e+02,5.999999999999999778e-01,6.143392689784442362e-03,1.000000000000000000e+00
5.624999999999999792e-03,4.562499999999999716e-03,2.945336335901368443e+02,5.999999999999999778e-01,6.143392689784442362e-03,1.000000000000000000e+00
6.875000000000000035e-03,4.562499999999999716e-03,2.950821984661853890e+02,5.999999999999999778e-01,6.143392689784442362e-03,1.000000000000000000e+00
8.125000000000000278e-03,4.562499999999999716e-03,2.956645598411388960e+02,5.999999999999999778e-01,6.143392689784442362e-03,1.000000000000000000e+00
9.374999999999999653e-03,4.562499999999999716e-03,2.962613607829988496e+02,5.999999999999999778e-01,6.143392689784442362e-03,1.000000000000000000e+00
1.062500000000000076e-02,4.562499999999999716e-03,2.968589731682824322e+02,5.999999999999999778e-01,6.143392689784442362e-03,1.000000000000000000e+00
1.187500000000000014e-02,4.562499999999999716e-03,2.974483604226248872e+02,5.999999999999999778e-01,6.143392689784442362e-03,1.000000000000000000e+00
1.312499999999999951e-02,4.562499999999999716e-03,2.980238762597791151e+02,5.999999999999999778e-01,6.143392689784442362e-03,1.000000000000000000e+00
1.437500000000000062e-02,4.562499999999999716e-03,2.985822602803784775e+02,5.999999999999999778e-01,6.143392689784442362e-03,1.000000000000000000e+00
1.562500000000000000e-02,4.562499999999999716e-03,2.991218780717100572e+02,5.999999999999999778e-01,6.143392689784442362e-03,1.000000000000000000e+00
1.687500000000000111e-02,4.562499999999999716e-03,2.996421751134648161e+02,5.999999999999999778e-01,6.143392689784442362e-03,1.000000000000000000e+00
1.812499999999999875e-02,4.562499999999999716e-03,3.001432954312709285e+02,5.999999999999999778e-01,6.143392689784442362e-03,1.000000000000000000e+00
1.937499999999999986e-02,4.562499999999999716e-03,3.006258198121560667e+02,5.999999999999999778e-01,6.143392689784442362e-03,1.000000000000000000e+00
2.062500000000000097e-02,4.562499999999999716e-03,3.010905881544782119e+02,5.999999999999999778e-01,6.143392689784442362e-03,1.000000000000000000e+00
2.187500000000000208e-02,4.562499999999999716e-03,3.015385800860909740e+02,5.999999999999999778e-01,6.143392689784442362e-03,1.000000000000000000e+00
2.312499999999999972e-02,4.562499999999999716e-03,3.019708356197289731e+02,5.999999999999999778e-01,6.143392689784442362e-03,1.000000000000000000e+00
2.437500000000000083e-02,4.562499999999999716e-03,3.023884032172091452e+02,5.999999999999999778e-01,6.143392689784442362e-03,1.000000000000000000e+00
2.562500000000000194e-02,4.562499999999999716e-03,3.027923065804340013e+02,5.999999999999999778e-01,6.143392689784442362e-03,1.000000000000000000e+00
2.687499999999999958e-02,4.562499999999999716e-03,3.031835242119334453e+02,5.999999999999999778e-01,6.143392689784442362e-03,1.000000000000000000e+00
2.812500000000000069e-02,4.562499999999999716e-03,3.035629776529653441e+02,5.999999999999999778e-01,6.143392689784442362e-03,1.000000000000000000e+00
2.937500000000000180e-02,4.562499999999999716e-03,3.039315255816632657e+02,5.999999999999999778e-01,6.143392689784442362e-03,1.000000000000000000e+00
3.062499999999999944e-02,4.562499999999999716e-03,3.042899618262691206e+02,5.999999999999999778e-01,6.143392689784442362e-03,1.000000000000000000e+00
3.187500000000000056e-02,4.562499999999999716e-03,3.046390159483315188e+02,5.999999999999999778e-01,6.143392689784442362e-03,1.000000000000000000e+00
3.312500000000000167e-02,4.562499999999999716e-03,3.049793554652231933e+02,5.999999999999999778e-01,6.143392689784442362e-03,1.000000000000000000e+00
3.437500000000000278e-02,4.562499999999999716e-03,3.053115890691952927e+02,5.999999999999999778e-01,6.143392689784442362e-03,1.000000000000000000e+00
3.562500000000000389e-02,4.562499999999999716e-03,3.056362704010651328e+02,5.999999999999999778e-01,6.143392689784442362e-03,1.000000000000000000e+00
3.687499999999999806e-02,4.562499999999999716e-03,3.059539020772941171e+02,5.999999999999999778e-01,6.143392689784442362e-03,1.000000000000000000e+00
3.812499999999999917e-02,4.562499999999999716e-03,3.062649397679646768e+02,5.999999999999999778e-01,6.143392689784442362e-03,1.000000000000000000e+00
3.937500000000000028e-02,4.562499999999999716e-03,3.065697961925026220e+02,5.999999999999999778e-01,6.143392689784442362e-03,1.000000000000000000e+00
4.062500000000000139e-02,4.562499999999999716e-03,3.068688449486240302e+02,5.999999999999999778e-01,6.143392689784442362e-03,1.000000000000000000e+00
4.187500000000000250e-02,4.562499999999999716e-03,3.071624241239462663e+02,5.999999999999999778e-01,6.143392689784442362e-03,1.000000000000000000e+00
4.312500000000000361e-02,4.562499999999999716e-03,3.074508396632552376e+02,5.999999999999999778e-01,6.143392689784442362e-03,1.000000000000000000e+00
4.437499999999999778e-02,4.562499999999999716e-03,3.077343684805624662e+02,5.999999999999999778e-01,6.143392689784442362e-03,1.000000000000000000e+00
4.562499999999999889e-02,4.562499999999999716e-03,3.080132613159636890e+02,5.999999999999999778e-01,6.143392689784442362e-03,1.000000000000000000e+00
4.687500000000000000e-02,4.562499999999999716e-03,3.082877453444472167e+02,5.999999999999999778e-01,6.143392689784442362e-03,1.000000000000000000e+00
4.812500000000000111e-02,4.562499999999999716e-03,3.085580265482906270e+02,5.999999999999999778e-01,6.143392689784442362e-03,1.000000000000000000e+00
4.937500000000000222e-02,4.562499999999999716e-03,3.088242918673139457e+02,5.999999999999999778e-01,6.143392689784442362e-03,1.000000000000000000e+00
5.062500000000000333e-02,4.562499999999999716e-03,3.090867111425971530e+02,5.999999999999999778e-01,6.143392689784442362e-03,1.000000000000000000e+00
5.187500000000000444e-02,4.562499999999999716e-03,3.093454388697136324e+02,5.999999999999999778e-01,6.143392689784442362e-03,1.000000000000000000e+00
5.312499999999999861e-02,4.562499999999999716e-03,3.096006157773814493e+02,5.999999999999999778e-01,6.143392689784442362e-03,1.000000000000000000e+00
5.437499999999999972e-02,4.562499999999999716e-03,3.098523702468920646e+02,5.999999999999999778e-01,6.143392689784442362e-03,1.000000000000000000e+00
5.562500000000000083e-02,4.562499999999999716e-03,3.101008195868953976e+02,5.999999999999999778e-01,6.143392689784442362e-03,1.000000000000000000e+00
5.687500000000000194e-02,4.562499999999999716e-03,3.103460711771907654e+02,5.999999999999999778e-01,6.143392689784442362e-03,1.000000000000000000e+00
5.812500000000000305e-02,4.562499999999999716e-03,3.105882234941929028e+02,5.999999999999999778e-01,6.143392689784442362e-03,1.000000000000000000e+00
5.937500000000000416e-02,4.562499999999999716e-03,3.108273670297296576e+02,5.999999999999999778e-01,6.143392689784442362e-03,1.000000000000000000e+00
6.062499999999999833e-02,4.562499999999999716e-03,3.110635851138463863e+02,5.999999999999999778e-01,6.143392689784442362e-03,1.000000000000000000e+00
6.187499999999999944e-02,4.562499999999999716e-03,3.112969546513371597e+02,5.999999999999999778e-01,6.143392689784442362e-03,1.000000000000000000e+00
6.312500000000000056e-02,4.562499999999999716e-03,3.115275467808295957e+02,5.999999999999999778e-01,6.143392689784442362e-03,1.000000000000000000e+00
6.437500000000000167e-02,4.562499999999999716e-03,3.117554274644082852e+02,5.999999999999999778e-01,6.143392689784442362e-03,1.000000000000000000e+00
6.562500000000000278e-02,4.562499999999999716e-03,3.119806580149891033e+02,5.999999999999999778e-01,6.143392689784442362e-03,1.000000000000000000e+00
6.687500000000000389e-02,4.562499999999999716e-03,3.122032955679397901e+02,5.999999999999999778e-01,6.143392689784442362e-03,1.000000000000000000e+00
6.812500000000000500e-02,4.562499999999999716e-03,3.124233935027911002e+02,5.999999999999999778e-01,6.143392689784442362e-03,1.000000000000000000e+00
6.937500000000000611e-02,4.562499999999999716e-03,3.126410018202917058e+02,5.999999999999999778e-01,6.143392689784442362e-03,1.000000000000000000e+00
7.062500000000000722e-02,4.562499999999999716e-03,3.128561674795150225e+02,5.999999999999999778e-01,6.143392689784442362e-03,1.000000000000000000e+00
7.187500000000000833e-02,4.562499999999999716e-03,3.130689346992505193e+02,5.999999999999999778e-01,6.143392689784442362e-03,1.000000000000000000e+00
7.312499999999999556e-02,4.562499999999999716e-03,3.132793452274580659e+02,5.999999999999999778e-01,6.143392689784442362e-03,1.000000000000000000e+00
7.437499999999999667e-02,4.562499999999999716e-03,3.134874385821822216e+02,5.999999999999999778e-01,6.143392689784442362e-03,1.000000000000000000e+00
7.562499999999999778e-02,4.562499999999999716e-03,3.136932522669566197e+02,5.999999999999999778e-01,6.143392689784442362e-03,1.000000000000000000e+00
7.687499999999999889e-02,4.562499999999999716e-03,3.138968219634159027e+02,5.999999999999999778e-01,6.143392689784442362e-03,1.000000000000000000e+00
7.812500000000000000e-02,4.562499999999999716e-03,3.140981817035428776e+02,5.999999999999999778e-01,6.143392689784442362e-03,1.000000000000000000e+00
7.937500000000000111e-02,4.562499999999999716e-03,3.142973640237213999e+02,5.999999999999999778e-01,6.143392689784442362e-03,1.000000000000000000e+00
8.062500000000000222e-02,4.562499999999999716e-03,3.144944001025352236e+02,5.999999999999999778e-01,6.143392689784442362e-03,1.000000000000000000e+00
8.187500000000000333e-02,4.562499999999999716e-03,3.146893198840493824e+02,5.999999999999999778e-01,6.143392689784442362e-03,1.000000000000000000e+00
8.312500000000000444e-02,4.562499999999999716e-03,3.148821521881208128e+02,5.999999999999999778e-01,6.143392689784442362e-03,1.000000000000000000e+00
8.437500000000000555e-02,4.562499999999999716e-03,3.150729248091257659e+02,5.999999999999999778e-01,6.143392689784442362e-03,1.000000000000000000e+00
8.562500000000000666e-02,4.562499999999999716e-03,3.152616646043384776e+02,5.999999999999999778e-01,6.143392689784442362e-03,1.000000000000000000e+00
8.687500000000000777e-02,4.562499999999999716e-03,3.154483975730692009e+02,5.999999999999999778e-01,6.143392689784442362e-03,1.000000000000000000e+00
8.812499999999999500e-02,4.562499999999999716e-03,3.156331489275439708e+02,5.999999999999999778e-01,6.143392689784442362e-03,1.000000000000000000e+00
8.937499999999999611e-02,4.562499999999999716e-03,3.158159431564122315e+02,5.999999999999999778e-01,6.143392689784442362e-03,1.000000000000000000e+00
9.062499999999999722e-02,4.562499999999999716e-03,3.159968040816607981e+02,5.999999999999999778e-01,6.143392689784442362e-03,1.000000000000000000e+00
9.187499999999999833e-02,4.562499999999999716e-03,3.161757549096145681e+02,5.999999999999999778e-01,6.143392689784442362e-03,1.000000000000000000e+00
9.312499999999999944e-02,4.562499999999999716e-03,3.163528182764946450e+02,5.999999999999999778e-01,6.143392689784442362e-03,1.000000000000000000e+00
9.437500000000000056e-02,4.562499999999999716e-03,3.165280162878336796e+02,5.999999999999999778e-01,6.143392689784442362e-03,1.000000000000000000e+00
9.562500000000000167e-02,4.562499999999999716e-03,3.167013705282778915e+02,5.999999999999999778e-01,6.143392689784442362e-03,1.000000000000000000e+00
9.687500000000000278e-02,4.562499999999999716e-03,3.168729010552055456e+02,5.999999999999999778e-01,6.143392689784442362e-03,1.000000000000000000e+00
9.812500000000000389e-02,4.562499999999999716e-03,3.170425738583326165e+02,5.999999999999999778e-01,6.143392689784442362e-03,1.000000000000000000e+00
9.937500000000000500e-02,4.562499999999999716e-03,3.172074798437625986e+02,5.999999999999999778e-01,6.143392689784442362e-03,1.000000000000000000e+00
6.250000000000000130e-04,4.687499999999999827e-03,2.932538776132124667e+02,5.999999999999999778e-01,5.805998125585754184e-03,1.000000000000000000e+00
1.874999999999999931e-03,4.687499999999999827e-03,2.935418427247666386e+02,5.999999999999999778e-01,5.805998125585754184e-03,1.000000000000000000e+00
3.125000000000000173e-03,4.687499999999999827e-03,2.940125732671341439e+02,5.999999999999999778e-01,5.805998125585754184e-03,1.000000000000000000e+00
4.375000000000000416e-03,4.687499999999999827e-03,2.946221554181810234e+02,5.999999999999999778e-01,5.805998125585754184e-03,1.000000000000000000e+00
5.624999999999999792e-03,4.687499999999999827e-03,2.953174881749569636e+02,5.999999999999999778e-01,5.805998125585754184e-03,1.000000000000000000e+00
6.875000000000000035e-03,4.687499999999999827e-03,2.960540701490490960e+02,5.999999999999999778e-01,5.805998125585754184e-03,1.000000000000000000e+00
8.125000000000000278e-03,4.687499999999999827e-03,2.968003519786165612e+02,5.999999999999999778e-01,5.805998125585754184e-03,1.000000000000000000e+00
9.374999999999999653e-03,4.687499999999999827e-03,2.975361745038966319e+02,5.999999999999999778e-01,5.805998125585754184e-03,1.000000000000000000e+00
1.062500000000000076e-02,4.687499999999999827e-03,2.982497273566037848e+02,5.999999999999999778e-01,5.805998125585754184e-03,1.000000000000000000e+00
1.187500000000000014e-02,4.687499999999999827e-03,2.989347898177271077e+02,5.999999999999999778e-01,5.805998125585754184e-03,1.000000000000000000e+00
1.312499999999999951e-02,4.687499999999999827e-03,2.995886863683604702e+02,5.999999999999999778e-01,5.805998125585754184e-03,1.000000000000000000e+00
1.437500000000000062e-02,4.687499999999999827e-03,3.002109021318751161e+02,5.999999999999999778e-01,5.805998125585754184e-03,1.000000000000000000e+00
1.562500000000000000e-02,4.687499999999999827e-03,3.008021879399620957e+02,5.999999999999999778e-01,5.805998125585754184e-03,1.000000000000000000e+00
1.687500000000000111e-02,4.687499999999999827e-03,3.013639970077587122e+02,5.999999999999999778e-01,5.805998125585754184e-03,1.000000000000000000e+00
1.812499999999999875e-02,4.687499999999999827e-03,3.018981364343703717e+02,5.999999999999999778e-01,5.805998125585754184e-03,1.000000000000000000e+00
1.937499999999999986e-02,4.687499999999999827e-03,3.024065547874924960e+02,5.999999999999999778e-01,5.805998125585754184e-03,1.000000000000000000e+00
2.062500000000000097e-02,4.687499999999999827e-03,3.028912149443086150e+02,5.999999999999999778e-01,5.805998125585754184e-03,1.000000000000000000e+00
2.187500000000000208e-02,4.687499999999999827e-03,3.033540200614456239e+02,5.999999999999999778e-01,5.805998125585754184e-03,1.000000000000000000e+00
2.312499999999999972e-02,4.687499999999999827e-03,3.037967725502220446e+02,5.999999999999999778e-01,5.805998125585754184e-03,1.000000000000000000e+00
2.437500000000000083e-02,4.687499999999999827e-03,3.042211534821252599e+02,5.999999999999999778e-01,5.805998125585754184e-03,1.000000000000000000e+00
2.562500000000000194e-02,4.687499999999999827e-03,3.046287145564183447e+02,5.999999999999999778e-01,5.805998125585754184e-03,1.000000000000000000e+00
2.687499999999999958e-02,4.687499999999999827e-03,3.050208776919644151e+02,5.999999999999999778e-01,5.805998125585754184e-03,1.000000000000000000e+00
2.812500000000000069e-02,4.687499999999999827e-03,3.053989391340378461e+02,5.999999999999999778e-01,5.805998125585754184e-03,1.000000000000000000e+00
2.937500000000000180e-02,4.687499999999999827e-03,3.057640761138337098e+02,5.999999999999999778e-01,5.805998125585754184e-03,1.000000000000000000e+00
3.062499999999999944e-02,4.687499999999999827e-03,3.061173548223264334e+02,5.999999999999999778e-01,5.805998125585754184e-03,1.000000000000000000e+00
3.187500000000000056e-02,4.687499999999999827e-03,3.064597389202624527e+02,5.999999999999999778e-01,5.805998125585754184e-03,1.000000000000000000e+00
3.312500000000000167e-02,4.687499999999999827e-03,3.067920981004692749e+02,5.999999999999999778e-01,5.805998125585754184e-03,1.000000000000000000e+00
3.437500000000000278e-02,4.687499999999999827e-03,3.071152164081199203e+02,5.999999999999999778e-01,5.805998125585754184e-03,1.000000000000000000e+00
3.562500000000000389e-02,4.687499999999999827e-03,3.074298001470062331e+02,5.999999999999999778e-01,5.805998125585754184e-03,1.000000000000000000e+00
3.687499999999999806e-02,4.687499999999999827e-03,3.077364852790396981e+02,5.999999999999999778e-01,5.805998125585754184e-03,1.000000000000000000e+00
3.812499999999999917e-02,4.687499999999999827e-03,3.080358442752700512e+02,5.999999999999999778e-01,5.805998125585754184e-03,1.000000000000000000e+00
3.937500000000000028e-02,4.687499999999999827e-03,3.083283924093443602e+02,5.999999999999999778e-01,5.805998125585754184e-03,1.000000000000000000e+00
4.062500000000000139e-02,4.687499999999999827e-03,3.086145935048165825e+02,5.999999999999999778e-01,5.805998125585754184e-03,1.000000000000000000e+00
4.187500000000000250e-02,4.687499999999999827e-03,3.088948651601477309e+02,5.999999999999999778e-01,5.805998125585754184e-03,1.000000000000000000e+00
4.312500000000000361e-02,4.687499999999999827e-03,3.091695834823296991e+02,5.999999999999999778e-01,5.805998125585754184e-03,1.000000000000000000e+00
4.437499999999999778e-02,4.687499999999999827e-03,3.094390873636158972e+02,5.999999999999999778e-01,5.805998125585754184e-03,1.000000000000000000e+00
4.562499999999999889e-02,4.687499999999999827e-03,3.097036823370788170e+02,5.999999999999999778e-01,5.805998125585754184e-03,1.000000000000000000e+00
4.687500000000000000e-02,4.687499999999999827e-03,3.099636440464364568e+02,5.999999999999999778e-01,5.805998125585754184e-03,1.000000000000000000e+00
4.812500000000000111e-02,4.687499999999999827e-03,3.102192213643779155e+02,5.999999999999999778e-01,5.805998125585754184e-03,1.000000000000000000e+00
4.937500000000000222e-02,4.687499999999999827e-03,3.104706391918228405e+02,5.999999999999999778e-01,5.805998125585754184e-03,1.000000000000000000e+00
5.062500000000000333e-02,4.687499999999999827e-03,3.107181009684545643e+02,5.999999999999999778e-01,5.805998125585754184e-03,1.000000000000000000e+00
5.187500000000000444e-02,4.687499999999999827e-03,3.109617909226212191e+02,5.999999999999999778e-01,5.805998125585754184e-03,1.000000000000000000e+00
5.312499999999999861e-02,4.687499999999999827e-03,3.112018760864278875e+02,5.999999999999999778e-01,5.805998125585754184e-03,1.000000000000000000e+00
5.437499999999999972e-02,4.687499999999999827e-03,3.114385080996277111e+02,5.999999999999999778e-01,5.805998125585754184e-03,1.000000000000000000e+00
5.562500000000000083e-02,4.687499999999999827e-03,3.116718248237867783e+02,5.999999999999999778e-01,5.805998125585754184e-03,1.000000000000000000e+00
5.687500000000000194e-02,4.687499999999999827e-03,3.119019517861997315e+02,5.999999999999999778e-01,5.805998125585754184e-03,1.000000000000000000e+00
5.812500000000000305e-02,4.687499999999999827e-03,3.121290034711654471e+02,5.999999999999999778e-01,5.805998125585754184e-03,1.000000000000000000e+00
5.937500000000000416e-02,4.687499999999999827e-03,3.123530844745035893e+02,5.999999999999999778e-01,5.805998125585754184e-03,1.000000000000000000e+00
6.062499999999999833e-02,4.687499999999999827e-03,3.125742905356200936e+02,5.999999999999999778e-01,5.805998125585754184e-03,1.000000000000000000e+00
6.187499999999999944e-02,4.687499999999999827e-03,3.127927094599805855e+02,5.999999999999999778e-01,5.805998125585754184e-03,1.000000000000000000e+00
6.312500000000000056e-02,4.687499999999999827e-03,3.130084219435400428e+02,5.999999999999999778e-01,5.805998125585754184e-03,1.000000000000000000e+00
6.437500000000000167e-02,4.687499999999999827e-03,3.132215023094907451e+02,5.999999999999999778e-01,5.805998125585754184e-03,1.000000000000000000e+00
6.562500000000000278e-02,4.687499999999999827e-03,3.134320191666167830e+02,5.999999999999999778e-01,5.805998125585754184e-03,1.000000000000000000e+00
6.687500000000000389e-02,4.687499999999999827e-03,3.136400359975716015e+02,5.999999999999999778e-01,5.805998125585754184e-03,1.000000000000000000e+00
6.812500000000000500e-02,4.687499999999999827e-03,3.138456116845314909e+02,5.999999999999999778e-01,5.805998125585754184e-03,1.000000000000000000e+00
6.937500000000000611e-02,4.687499999999999827e-03,3.140488009788847421e+02,5.999999999999999778e-01,5.805998125585754184e-03,1.000000000000000000e+00
7.062500000000000722e-02,4.687499999999999827e-03,3.142496549209215004e+02,5.999999999999999778e-01,5.805998125585754184e-03,1.000000000000000000e+00
7.187500000000000833e-02,4.687499999999999827e-03,3.144482212148575400e+02,5.999999999999999778e-01,5.805998125585754184e-03,1.000000000000000000e+00
7.312499999999999556e-02,4.687499999999999827e-03,3.146445445639535592e+02,5.999999999999999778e-01,5.805998125585754184e-03,1.000000000000000000e+00
7.437499999999999667e-02,4.687499999999999827e-03,3.148386669699951881e+02,5.999999999999999778e-01,5.805998125585754184e-03,1.000000000000000000e+00
7.562499999999999778e-02,4.687499999999999827e-03,3.150306280009364173e+02,5.999999999999999778e-01,5.805998125585754184e-03,1.000000000000000000e+00
7.687499999999999889e-02,4.687499999999999827e-03,3.152204650301117681e+02,5.999999999999999778e-01,5.805998125585754184e-03,1.000000000000000000e+00
7.812500000000000000e-02,4.687499999999999827e-03,3.154082134500536654e+02,5.999999999999999778e-01,5.805998125585754184e-03,1.000000000000000000e+00
7.937500000000000111e-02,4.687499999999999827e-03,3.155939068636314460e+02,5.999999999999999778e-01,5.805998125585754184e-03,1.000000000000000000e+00
8.062500000000000222e-02,4.687499999999999827e-03,3.157775772549360909e+02,5.999999999999999778e-01,5.805998125585754184e-03,1.000000000000000000e+00
8.187500000000000333e-02,4.687499999999999827e-03,3.159592551420771542e+02,5.999999999999999778e-01,5.805998125585754184e-03,1.000000000000000000e+00
8.312500000000000444e-02,4.687499999999999827e-03,3.161389697138251904e+02,5.999999999999999778e-01,5.805998125585754184e-03,1.000000000000000000e+00
8.437500000000000555e-02,4.687499999999999827e-03,3.163167489518293678e+02,5.999999999999999778e-01,5.805998125585754184e-03,1.000000000000000000e+00
8.562500000000000666e-02,4.687499999999999827e-03,3.164926197399501575e+02,5.999999999999999778e-01,5.805998125585754184e-03,1.000000000000000000e+00
8.687500000000000777e-02,4.687499999999999827e-03,3.166666079620882783e+02,5.999999999999999778e-01,5.805998125585754184e-03,1.000000000000000000e+00
8.812499999999999500e-02,4.687499999999999827e-03,3.168387385897352715e+02,5.999999999999999778e-01,5.805998125585754184e-03,1.000000000000000000e+00
8.937499999999999611e-02,4.687499999999999827e-03,3.170090357603484108e+02,5.999999999999999778e-01,5.805998125585754184e-03,1.000000000000000000e+00
9.062499999999999722e-02,4.687499999999999827e-03,3.171775228475178778e+02,5.999999999999999778e-01,5.805998125585754184e-03,1.000000000000000000e+00
9.187499999999999833e-02,4.687499999999999827e-03,3.173442225237583898e+02,5.999999999999999778e-01,5.805998125585754184e-03,1.000000000000000000e+00
9.312499999999999944e-02,4.687499999999999827e-03,3.175091568164158389e+02,5.999999999999999778e-01,5.805998125585754184e-03,1.000000000000000000e+00
9.437500000000000056e-02,4.687499999999999827e-03,3.176723471552717228e+02,5.999999999999999778e-01,5.805998125585754184e-03,1.000000000000000000e+00
9.562500000000000167e-02,4.687499999999999827e-03,3.178338143809553458e+02,5.999999999999999778e-01,5.805998125585754184e-03,1.000000000000000000e+00
9.687500000000000278e-02,4.687499999999999827e-03,3.179935776116888633e+02,5.999999999999999778e-01,5.805998125585754184e-03,1.000000000000000000e+00
9.812500000000000389e-02,4.687499999999999827e-03,3.181515996718215433e+02,5.999999999999999778e-01,5.805998125585754184e-03,1.000000000000000000e+00
9.937500000000000500e-02,4.687499999999999827e-03,3.183050241456081721e+02,5.999999999999999778e-01,5.805998125585754184e-03,1.000000000000000000e+00
6.250000000000000130e-04,4.812499999999999938e-03,2.933585688934159066e+02,5.999999999999999778e-01,5.431115276476102677e-03,1.000000000000000000e+00
1.874999999999999931e-03,4.812499999999999938e-03,2.938685669833329825e+02,5.999999999999999778e-01,5.431115276476102677e-03,1.000000000000000000e+00
3.125000000000000173e-03,4.812499999999999938e-03,2.946180314289499620e+02,5.999999999999999778e-01,5.431115276476102677e-03,1.000000000000000000e+00
4.375000000000000416e-03,4.812499999999999938e-03,2.955073631812056192e+02,5.999999999999999778e-01,5.431115276476102677e-03,1.000000000000000000e+00
5.624999999999999792e-03,4.812499999999999938e-03,2.964524944520383656e+02,5.999999999999999778e-01,5.431115276476102677e-03,1.000000000000000000e+00
6.875000000000000035e-03,4.812499999999999938e-03,2.973982648559548920e+02,5.999999999999999778e-01,5.431115276476102677e-03,1.000000000000000000e+00
8.125000000000000278e-03,4.812499999999999938e-03,2.983135730336613278e+02,5.999999999999999778e-01,5.431115276476102677e-03,1.000000000000000000e+00
9.374999999999999653e-03,4.812499999999999938e-03,2.991832469624915234e+02,5.999999999999999778e-01,5.431115276476102677e-03,1.000000000000000000e+00
1.062500000000000076e-02,4.812499999999999938e-03,3.000015428170881933e+02,5.999999999999999778e-01,5.431115276476102677e-03,1.000000000000000000e+00
1.187500000000000014e-02,4.812499999999999938e-03,3.007679023366531510e+02,5.999999999999999778e-01,5.431115276476102677e-03,1.000000000000000000e+00
1.312499999999999951e-02,4.812499999999999938e-03,3.014844270884742059e+02,5.999999999999999778e-01,5.431115276476102677e-03,1.000000000000000000e+00
1.437500000000000062e-02,4.812499999999999938e-03,3.021544491009865396e+02,5.999999999999999778e-01,5.431115276476102677e-03,1.000000000000000000e+00
1.562500000000000000e-02,4.812499999999999938e-03,3.027817500328373512e+02,5.999999999999999778e-01,5.431115276476102677e-03,1.000000000000000000e+00
1.687500000000000111e-02,4.812499999999999938e-03,3.033701494486580259e+02,5.999999999999999778e-01,5.431115276476102677e-03,1.000000000000000000e+00
1.812499999999999875e-02,4.812499999999999938e-03,3.039232985709251125e+02,5.999999999999999778e-01,5.431115276476102677e-03,1.000000000000000000e+00
1.937499999999999986e-02,4.812499999999999938e-03,3.044445865469152182e+02,5.999999999999999778e-01,5.431115276476102677e-03,1.000000000000000000e+00
2.062500000000000097e-02,4.812499999999999938e-03,3.049371072078951102e+02,5.999999999999999778e-01,5.431115276476102677e-03,1.000000000000000000e+00
2.187500000000000208e-02,4.812499999999999938e-03,3.054036574544612108e+02,5.999999999999999778e-01,5.431115276476102677e-03,1.000000000000000000e+00
2.312499999999999972e-02,4.812499999999999938e-03,3.058467513650615501e+02,5.999999999999999778e-01,5.431115276476102677e-03,1.000000000000000000e+00
2.437500000000000083e-02,4.812499999999999938e-03,3.062686413510714374e+02,5.999999999999999778e-01,5.431115276476102677e-03,1.000000000000000000e+00
2.562500000000000194e-02,4.812499999999999938e-03,3.066713417018661403e+02,5.999999999999999778e-01,5.431115276476102677e-03,1.000000000000000000e+00
2.687499999999999958e-02,4.812499999999999938e-03,3.070566520938673989e+02,5.999999999999999778e-01,5.431115276476102677e-03,1.000000000000000000e+00
2.812500000000000069e-02,4.812499999999999938e-03,3.074261798684929659e+02,5.999999999999999778e-01,5.431115276476102677e-03,1.000000000000000000e+00
2.937500000000000180e-02,4.812499999999999938e-03,3.077813605560663177e+02,5.999999999999999778e-01,5.431115276476102677e-03,1.000000000000000000e+00
3.062499999999999944e-02,4.812499999999999938e-03,3.081234764826297123e+02,5.999999999999999778e-01,5.431115276476102677e-03,1.000000000000000000e+00
3.187500000000000056e-02,4.812499999999999938e-03,3.084536734826403972e+02,5.999999999999999778e-01,5.431115276476102677e-03,1.000000000000000000e+00
3.312500000000000167e-02,4.812499999999999938e-03,3.087729758304643610e+02,5.999999999999999778e-01,5.431115276476102677e-03,1.000000000000000000e+00
3.437500000000000278e-02,4.812499999999999938e-03,3.090822995411946295e+02,5.999999999999999778e-01,5.431115276476102677e-03,1.000000000000000000e+00
3.562500000000000389e-02,4.812499999999999938e-03,3.093824642011190349e+02,5.999999999999999778e-01,5.431115276476102677e-03,1.000000000000000000e+00
3.687499999999999806e-02,4.812499999999999938e-03,3.096742034838358109e+02,5.999999999999999778e-01,5.431115276476102677e-03,1.000000000000000000e+00
3.812499999999999917e-02,4.812499999999999938e-03,3.099581744970874979e+02,5.999999999999999778e-01,5.431115276476102677e-03,1.000000000000000000e+00
3.937500000000000028e-02,4.812499999999999938e-03,3.102349660919382472e+02,5.999999999999999778e-01,5.431115276476102677e-03,1.000000000000000000e+00
4.062500000000000139e-02,4.812499999999999938e-03,3.105051062520711866e+02,5.999999999999999778e-01,5.431115276476102677e-03,1.000000000000000000e+00
4.187500000000000250e-02,4.812499999999999938e-03,3.107690686677853478e+02,5.999999999999999778e-01,5.431115276476102677e-03,1.000000000000000000e+00
4.312500000000000361e-02,4.812499999999999938e-03,3.110272785871894143e+02,5.999999999999999778e-01,5.431115276476102677e-03,1.000000000000000000e+00
4.437499999999999778e-02,4.812499999999999938e-03,3.112801180262407570e+02,5.999999999999999778e-01,5.431115276476102677e-03,1.000000000000000000e+00
4.562499999999999889e-02,4.812499999999999938e-03,3.115279304096985697e+02,5.999999999999999778e-01,5.431115276476102677e-03,1.000000000000000000e+00
4.687500000000000000e-02,4.812499999999999938e-03,3.117710247066008833e+02,5.999999999999999778e-01,5.431115276476102677e-03,1.000000000000000000e+00
4.812500000000000111e-02,4.812499999999999938e-03,3.120096791164712045e+02,5.999999999999999778e-01,5.431115276476102677e-03,1.000000000000000000e+00
4.937500000000000222e-02,4.812499999999999938e-03,3.122441443559609411e+02,5.999999999999999778e-01,5.431115276476102677e-03,1.000000000000000000e+00
5.062500000000000333e-02,4.812499999999999938e-03,3.124746465899355599e+02,5.999999999999999778e-01,5.431115276476102677e-03,1.000000000000000000e+00
5.187500000000000444e-02,4.812499999999999938e-03,3.127013900460062246e+02,5.999999999999999778e-01,5.431115276476102677e-03,1.000000000000000000e+00
5.312499999999999861e-02,4.812499999999999938e-03,3.129245593471089819e+02,5.999999999999999778e-01,5.431115276476102677e-03,1.000000000000000000e+00
5.437499999999999972e-02,4.812499999999999938e-03,3.131443215928556469e+02,5.999999999999999778e-01,5.431115276476102677e-03,1.000000000000000000e+00
5.562500000000000083e-02,4.812499999999999938e-03,3.133608282169602148e+02,5.999999999999999778e-01,5.431115276476102677e-03,1.000000000000000000e+00
5.687500000000000194e-02,4.812499999999999938e-03,3.135742166450228865e+02,5.999999999999999778e-01,5.431115276476102677e-03,1.000000000000000000e+00
5.812500000000000305e-02,4.812499999999999938e-03,3.137846117742794831e+02,5.999999999999999778e-01,5.431115276476102677e-03,1.000000000000000000e+00
5.937500000000000416e-02,4.812499999999999938e-03,3.139921272945498458e+02,5.999999999999999778e-01,5.431115276476102677e-03,1.000000000000000000e+00
6.062499999999999833e-02,4.812499999999999938e-03,3.141968668675232266e+02,5.999999999999999778e-01,5.431115276476102677e-03,1.000000000000000000e+00
6.187499999999999944e-02,4.812499999999999938e-03,3.143989251796465396e+02,5.999999999999999778e-01,5.431115276476102677e-03,1.000000000000000000e+00
6.312500000000000056e-02,4.812499999999999938e-03,3.145983888822261179e+02,5.999999999999999778e-01,5.431115276476102677e-03,1.000000000000000000e+00
6.437500000000000167e-02,4.812499999999999938e-03,3.147953374308737011e+02,5.999999999999999778e-01,5.431115276476102677e-03,1.000000000000000000e+00
6.562500000000000278e-02,4.812499999999999938e-03,3.149898438351210075e+02,5.999999999999999778e-01,5.431115276476102677e-03,1.000000000000000000e+00
6.687500000000000389e-02,4.812499999999999938e-03,3.151819753278510348e+02,5.999999999999999778e-01,5.431115276476102677e-03,1.000000000000000000e+00
6.812500000000000500e-02,4.812499999999999938e-03,3.153717939631604281e+02,5.999999999999999778e-01,5.431115276476102677e-03,1.000000000000000000e+00
6.937500000000000611e-02,4.812499999999999938e-03,3.155593571503301860e+02,5.999999999999999778e-01,5.431115276476102677e-03,1.000000000000000000e+00
7.062500000000000722e-02,4.812499999999999938e-03,3.157447181307653636e+02,5.999999999999999778e-01,5.431115276476102677e-03,1.000000000000000000e+00
7.187500000000000833e-02,4.812499999999999938e-03,3.159279264040183079e+02,5.999999999999999778e-01,5.431115276476102677e-03,1.000000000000000000e+00
7.312499999999999556e-02,4.812499999999999938e-03,3.161090281083561422e+02,5.999999999999999778e-01,5.431115276476102677e-03,1.000000000000000000e+00
7.437499999999999667e-02,4.812499999999999938e-03,3.162880663607477914e+02,5.999999999999999778e-01,5.431115276476102677e-03,1.000000000000000000e+00
7.562499999999999778e-02,4.812499999999999938e-03,3.164650815606166816e+02,5.999999999999999778e-01,5.431115276476102677e-03,1.000000000000000000e+00
7.687499999999999889e-02,4.812499999999999938e-03,3.166401116612465785e+02,5.999999999999999778e-01,5.431115276476102677e-03,1.000000000000000000e+00
7.812500000000000000e-02,4.812499999999999938e-03,3.168131924123034651e+02,5.999999999999999778e-01,5.431115276476102677e-03,1.000000000000000000e+00
7.937500000000000111e-02,4.812499999999999938e-03,3.169843575765700052e+02,5.999999999999999778e-01,5.431115276476102677e-03,1.000000000000000000e+00
8.062500000000000222e-02,4.812499999999999938e-03,3.171536391236524537e+02,5.999999999999999778e-01,5.431115276476102677e-03,1.000000000000000000e+00
8.187500000000000333e-02,4.812499999999999938e-03,3.173210674031297458e+02,5.999999999999999778e-01,5.431115276476102677e-03,1.000000000000000000e+00
8.312500000000000444e-02,4.812499999999999938e-03,3.174866712993429587e+02,5.999999999999999778e-01,5.431115276476102677e-03,1.000000000000000000e+00
8.437500000000000555e-02,4.812499999999999938e-03,3.176504783697931771e+02,5.999999999999999778e-01,5.431115276476102677e-03,1.000000000000000000e+00
8.562500000000000666e-02,4.812499999999999938e-03,3.178125149689011550e+02,5.999999999999999778e-01,5.431115276476102677e-03,1.000000000000000000e+00
8.687500000000000777e-02,4.812499999999999938e-03,3.179728063586964026e+02,5.999999999999999778e-01,5.431115276476102677e-03,1.000000000000000000e+00
8.812499999999999500e-02,4.812499999999999938e-03,3.181313768078338171e+02,5.999999999999999778e-01,5.431115276476102677e-03,1.000000000000000000e+00
8.937499999999999611e-02,4.812499999999999938e-03,3.182882496801836396e+02,5.999999999999999778e-01,5.431115276476102677e-03,1.000000000000000000e+00
9.062499999999999722e-02,4.812499999999999938e-03,3.184434475140963627e+02,5.999999999999999778e-01,5.431115276476102677e-03,1.000000000000000000e+00
9.187499999999999833e-02,4.812499999999999938e-03,3.185969920932498098e+02,5.999999999999999778e-01,5.431115276476102677e-03,1.000000000000000000e+00
9.312499999999999944e-02,4.812499999999999938e-03,3.187489045094371249e+02,5.999999999999999778e-01,5.431115276476102677e-03,1.000000000000000000e+00
9.437500000000000056e-02,4.812499999999999938e-03,3.188992052144731133e+02,5.999999999999999778e-01,5.431115276476102677e-03,1.000000000000000000e+00
9.562500000000000167e-02,4.812499999999999938e-03,3.190479140184238531e+02,5.999999999999999778e-01,5.431115276476102677e-03,1.000000000000000000e+00
9.687500000000000278e-02,4.812499999999999938e-03,3.191950487752110348e+02,5.999999999999999778e-01,5.431115276476102677e-03,1.000000000000000000e+00
9.812500000000000389e-02,4.812499999999999938e-03,3.193405683107783943e+02,5.999999999999999778e-01,5.431115276476102677e-03,1.000000000000000000e+00
9.937500000000000500e-02,4.812499999999999938e-03,3.194816749760706216e+02,5.999999999999999778e-01,5.431115276476102677e-03,1.000000000000000000e+00
6.250000000000000130e-04,4.937500000000000049e-03,2.935609762355779822e+02,5.999999999999999778e-01,5.018744142455483503e-03,1.000000000000000000e+00
1.874999999999999931e-03,4.937500000000000049e-03,2.944341050821666954e+02,5.999999999999999778e-01,5.018744142455483503e-03,1.000000000000000000e+00
3.125000000000000173e-03,4.937500000000000049e-03,2.955765573385956486e+02,5.999999999999999778e-01,5.018744142455483503e-03,1.000000000000000000e+00
4.375000000000000416e-03,4.937500000000000049e-03,2.968126309584180831e+02,5.999999999999999778e-01,5.018744142455483503e-03,1.000000000000000000e+00
5.624999999999999792e-03,4.937500000000000049e-03,2.980345032663758502e+02,5.999999999999999778e-01,5.018744142455483503e-03,1.000000000000000000e+00
6.875000000000000035e-03,4.937500000000000049e-03,2.991900753978516150e+02,5.999999999999999778e-01,5.018744142455483503e-03,1.000000000000000000e+00
8.125000000000000278e-03,4.937500000000000049e-03,3.002601542409302624e+02,5.999999999999999778e-01,5.018744142455483503e-03,1.000000000000000000e+00
9.374999999999999653e-03,4.937500000000000049e-03,3.012421538544656414e+02,5.999999999999999778e-01,5.018744142455483503e-03,1.000000000000000000e+00
1.062500000000000076e-02,4.937500000000000049e-03,3.021408985389917348e+02,5.999999999999999778e-01,5.018744142455483503e-03,1.000000000000000000e+00
1.187500000000000014e-02,4.937500000000000049e-03,3.029639703119407841e+02,5.999999999999999778e-01,5.018744142455483503e-03,1.000000000000000000e+00
1.312499999999999951e-02,4.937500000000000049e-03,3.037195201117511942e+02,5.999999999999999778e-01,5.018744142455483503e-03,1.000000000000000000e+00
1.437500000000000062e-02,4.937500000000000049e-03,3.044153166386695375e+02,5.999999999999999778e-01,5.018744142455483503e-03,1.000000000000000000e+00
1.562500000000000000e-02,4.937500000000000049e-03,3.050583891524770479e+02,5.999999999999999778e-01,5.018744142455483503e-03,1.000000000000000000e+00
1.687500000000000111e-02,4.937500000000000049e-03,3.056549435577805980e+02,5.999999999999999778e-01,5.018744142455483503e-03,1.000000000000000000e+00
1.812499999999999875e-02,4.937500000000000049e-03,3.062103965187158678e+02,5.999999999999999778e-01,5.018744142455483503e-03,1.000000000000000000e+00
1.937499999999999986e-02,4.937500000000000049e-03,3.067294541435618385e+02,5.999999999999999778e-01,5.018744142455483503e-03,1.000000000000000000e+00
2.062500000000000097e-02,4.937500000000000049e-03,3.072162015612667005e+02,5.999999999999999778e-01,5.018744142455483503e-03,1.000000000000000000e+00
2.187500000000000208e-02,4.937500000000000049e-03,3.076741888390932900e+02,5.999999999999999778e-01,5.018744142455483503e-03,1.000000000000000000e+00
2.312499999999999972e-02,4.937500000000000049e-03,3.081065077476118859e+02,5.999999999999999778e-01,5.018744142455483503e-03,1.000000000000000000e+00
2.437500000000000083e-02,4.937500000000000049e-03,3.085158580446757242e+02,5.999999999999999778e-01,5.018744142455483503e-03,1.000000000000000000e+00
2.562500000000000194e-02,4.937500000000000049e-03,3.089046037525903330e+02,5.999999999999999778e-01,5.018744142455483503e-03,1.000000000000000000e+00
2.687499999999999958e-02,4.937500000000000049e-03,3.092748205792951808e+02,5.999999999999999778e-01,5.018744142455483503e-03,1.000000000000000000e+00
2.812500000000000069e-02,4.937500000000000049e-03,3.096283357904217723e+02,5.999999999999999778e-01,5.018744142455483503e-03,1.000000000000000000e+00
2.937500000000000180e-02,4.937500000000000049e-03,3.099667617696430852e+02,5.999999999999999778e-01,5.018744142455483503e-03,1.000000000000000000e+00
3.062499999999999944e-02,4.937500000000000049e-03,3.102915243515039947e+02,5.999999999999999778e-01,5.018744142455483503e-03,1.000000000000000000e+00
3.187500000000000056e-02,4.937500000000000049e-03,3.106038868398485988e+02,5.999999999999999778e-01,5.018744142455483503e-03,1.000000000000000000e+00
3.312500000000000167e-02,4.937500000000000049e-03,3.109049704645589145e+02,5.999999999999999778e-01,5.018744142455483503e-03,1.000000000000000000e+00
3.437500000000000278e-02,4.937500000000000049e-03,3.111957718900778218e+02,5.999999999999999778e-01,5.018744142455483503e-03,1.000000000000000000e+00
3.562500000000000389e-02,4.937500000000000049e-03,3.114771782730974792e+02,5.999999999999999778e-01,5.018744142455483503e-03,1.000000000000000000e+00
3.687499999999999806e-02,4.937500000000000049e-03,3.117499802722009008e+02,5.999999999999999778e-01,5.018744142455483503e-03,1.000000000000000000e+00
3.812499999999999917e-02,4.937500000000000049e-03,3.120148833361736251e+02,5.999999999999999778e-01,5.018744142455483503e-03,1.000000000000000000e+00
3.937500000000000028e-02,4.937500000000000049e-03,3.122725175369509998e+02,5.999999999999999778e-01,5.018744142455483503e-03,1.000000000000000000e+00
4.062500000000000139e-02,4.937500000000000049e-03,3.125234461647913804e+02,5.999999999999999778e-01,5.018744142455483503e-03,1.000000000000000000e+00
4.187500000000000250e-02,4.937500000000000049e-03,3.127681732647429271e+02,5.999999999999999778e-01,5.018744142455483503e-03,1.000000000000000000e+00
4.312500000000000361e-02,4.937500000000000049e-03,3.130071502627290556e+02,5.999999999999999778e-01,5.018744142455483503e-03,1.000000000000000000e+00
4.437499999999999778e-02,4.937500000000000049e-03,3.132407818049402408e+02,5.999999999999999778e-01,5.018744142455483503e-03,1.000000000000000000e+00
4.562499999999999889e-02,4.937500000000000049e-03,3.134694309143894202e+02,5.999999999999999778e-01,5.018744142455483503e-03,1.000000000000000000e+00
4.687500000000000000e-02,4.937500000000000049e-03,3.136934235524072960e+02,5.999999999999999778e-01,5.018744142455483503e-03,1.000000000000000000e+00
4.812500000000000111e-02,4.937500000000000049e-03,3.139130526597476774e+02,5.999999999999999778e-01,5.018744142455483503e-03,1.000000000000000000e+00
4.937500000000000222e-02,4.937500000000000049e-03,3.141285817411938979e+02,5.999999999999999778e-01,5.018744142455483503e-03,1.000000000000000000e+00
5.062500000000000333e-02,4.937500000000000049e-03,3.143402480486448667e+02,5.999999999999999778e-01,5.018744142455483503e-03,1.000000000000000000e+00
5.187500000000000444e-02,4.937500000000000049e-03,3.145482654102136166e+02,5.999999999999999778e-01,5.018744142455483503e-03,1.000000000000000000e+00
5.312499999999999861e-02,4.937500000000000049e-03,3.147528267466337866e+02,5.999999999999999778e-01,5.018744142455483503e-03,1.000000000000000000e+00
5.437499999999999972e-02,4.937500000000000049e-03,3.149541063109767265e+02,5.999999999999999778e-01,5.018744142455483503e-03,1.000000000000000000e+00
5.562500000000000083e-02,4.937500000000000049e-03,3.151522616831894652e+02,5.999999999999999778e-01,5.018744142455483503e-03,1.000000000000000000e+00
5.687500000000000194e-02,4.937500000000000049e-03,3.153474355471084891e+02,5.999999999999999778e-01,5.018744142455483503e-03,1.000000000000000000e+00
5.812500000000000305e-02,4.937500000000000049e-03,3.155397572742859893e+02,5.999999999999999778e-01,5.018744142455483503e-03,1.000000000000000000e+00
5.937500000000000416e-02,4.937500000000000049e-03,3.157293443360940728e+02,5.999999999999999778e-01,5.018744142455483503e-03,1.000000000000000000e+00
6.062499999999999833e-02,4.937500000000000049e-03,3.159163035630753598e+02,5.999999999999999778e-01,5.018744142455483503e-03,1.000000000000000000e+00
6.187499999999999944e-02,4.937500000000000049e-03,3.161007322683304892e+02,5.999999999999999778e-01,5.018744142455483503e-03,1.000000000000000000e+00
6.312500000000000056e-02,4.937500000000000049e-03,3.162827192498249360e+02,5.999999999999999778e-01,5.018744142455483503e-03,1.000000000000000000e+00
6.437500000000000167e-02,4.937500000000000049e-03,3.164623456848211731e+02,5.999999999999999778e-01,5.018744142455483503e-03,1.000000000000000000e+00
6.562500000000000278e-02,4.937500000000000049e-03,3.166396859281684328e+02,5.999999999999999778e-01,5.018744142455483503e-03,1.000000000000000000e+00
6.687500000000000389e-02,4.937500000000000049e-03,3.168148082248794708e+02,5.999999999999999778e-01,5.018744142455483503e-03,1.000000000000000000e+00
6.812500000000000500e-02,4.937500000000000049e-03,3.169877753462739634e+02,5.999999999999999778e-01,5.018744142455483503e-03,1.000000000000000000e+00
6.937500000000000611e-02,4.937500000000000049e-03,3.171586451579466939e+02,5.999999999999999778e-01,5.018744142455483503e-03,1.000000000000000000e+00
7.062500000000000722e-02,4.937500000000000049e-03,3.173274711269199884e+02,5.999999999999999778e-01,5.018744142455483503e-03,1.000000000000000000e+00
7.187500000000000833e-02,4.937500000000000049e-03,3.174943027745318886e+02,5.999999999999999778e-01,5.018744142455483503e-03,1.000000000000000000e+00
7.312499999999999556e-02,4.937500000000000049e-03,3.176591860809043055e+02,5.999999999999999778e-01,5.018744142455483503e-03,1.000000000000000000e+00
7.437499999999999667e-02,4.937500000000000049e-03,3.178221638461992029e+02,5.999999999999999778e-01,5.018744142455483503e-03,1.000000000000000000e+00
7.562499999999999778e-02,4.937500000000000049e-03,3.179832760133064085e+02,5.999999999999999778e-01,5.018744142455483503e-03,1.000000000000000000e+00
7.687499999999999889e-02,4.937500000000000049e-03,3.181425599561085846e+02,5.999999999999999778e-01,5.018744142455483503e-03,1.000000000000000000e+00
7.812500000000000000e-02,4.937500000000000049e-03,3.183000507370156811e+02,5.999999999999999778e-01,5.018744142455483503e-03,1.000000000000000000e+00
7.937500000000000111e-02,4.937500000000000049e-03,3.184557813370704480e+02,5.999999999999999778e-01,5.018744142455483503e-03,1.000000000000000000e+00
8.062500000000000222e-02,4.937500000000000049e-03,3.186097828615634739e+02,5.999999999999999778e-01,5.018744142455483503e-03,1.000000000000000000e+00
8.187500000000000333e-02,4.937500000000000049e-03,3.187620847237876660e+02,5.999999999999999778e-01,5.018744142455483503e-03,1.000000000000000000e+00
8.312500000000000444e-02,4.937500000000000049e-03,3.189127148092720745e+02,5.999999999999999778e-01,5.018744142455483503e-03,1.000000000000000000e+00
8.437500000000000555e-02,4.937500000000000049e-03,3.190616996225905382e+02,5.999999999999999778e-01,5.018744142455483503e-03,1.000000000000000000e+00
8.562500000000000666e-02,4.937500000000000049e-03,3.192090644186085910e+02,5.999999999999999778e-01,5.018744142455483503e-03,1.000000000000000000e+00
8.687500000000000777e-02,4.937500000000000049e-03,3.193548333198378373e+02,5.999999999999999778e-01,5.018744142455483503e-03,1.000000000000000000e+00
8.812499999999999500e-02,4.937500000000000049e-03,3.194990294213835682e+02,5.999999999999999778e-01,5.018744142455483503e-03,1.000000000000000000e+00
8.937499999999999611e-02,4.937500000000000049e-03,3.196416748848108682e+02,5.999999999999999778e-01,5.018744142455483503e-03,1.000000000000000000e+00
9.062499999999999722e-02,4.937500000000000049e-03,3.197827910220842114e+02,5.999999999999999778e-01,5.018744142455483503e-03,1.000000000000000000e+00
9.187499999999999833e-02,4.937500000000000049e-03,3.199223983704865191e+02,5.999999999999999778e-01,5.018744142455483503e-03,1.000000000000000000e+00
9.312499999999999944e-02,4.937500000000000049e-03,3.200605167585059689e+02,5.999999999999999778e-01,5.018744142455483503e-03,1.000000000000000000e+00
9.437500000000000056e-02,4.937500000000000049e-03,3.201971653573247067e+02,5.999999999999999778e-01,5.018744142455483503e-03,1.000000000000000000e+00
9.562500000000000167e-02,4.937500000000000049e-03,3.203323626560675166e+02,5.999999999999999778e-01,5.018744142455483503e-03,1.000000000000000000e+00
9.687500000000000278e-02,4.937500000000000049e-03,3.204661248898977419e+02,5.999999999999999778e-01,5.018744142455483503e-03,1.000000000000000000e+00
9.812500000000000389e-02,4.937500000000000049e-03,3.205984059429726472e+02,5.999999999999999778e-01,5.018744142455483503e-03,1.000000000000000000e+00
9.937500000000000500e-02,4.937500000000000049e-03,3.207264746282631904e+02,5.999999999999999778e-01,5.018744142455483503e-03,1.000000000000000000e+00
6.250000000000000130e-04,5.062500000000000160e-03,2.939424885540582295e+02,5.999999999999999778e-01,4.568884723523899266e-03,1.000000000000000000e+00
1.874999999999999931e-03,5.062500000000000160e-03,2.953785500091708514e+02,5.999999999999999778e-01,4.568884723523899266e-03,1.000000000000000000e+00
3.125000000000000173e-03,5.062500000000000160e-03,2.970334546154938948e+02,5.999999999999999778e-01,4.568884723523899266e-03,1.000000000000000000e+00
4.375000000000000416e-03,5.062500000000000160e-03,2.986582654499898695e+02,5.999999999999999778e-01,4.568884723523899266e-03,1.000000000000000000e+00
5.624999999999999792e-03,5.062500000000000160e-03,3.001511931150091073e+02,5.999999999999999778e-01,4.568884723523899266e-03,1.000000000000000000e+00
6.875000000000000035e-03,5.062500000000000160e-03,3.014877824813822826e+02,5.999999999999999778e-01,4.568884723523899266e-03,1.000000000000000000e+00
8.125000000000000278e-03,5.062500000000000160e-03,3.026752930956879482e+02,5.999999999999999778e-01,4.568884723523899266e-03,1.000000000000000000e+00
9.374999999999999653e-03,5.062500000000000160e-03,3.037310752144547337e+02,5.999999999999999778e-01,4.568884723523899266e-03,1.000000000000000000e+00
1.062500000000000076e-02,5.062500000000000160e-03,3.046738064278422371e+02,5.999999999999999778e-01,4.568884723523899266e-03,1.000000000000000000e+00
1.187500000000000014e-02,5.062500000000000160e-03,3.055204361767996488e+02,5.999999999999999778e-01,4.568884723523899266e-03,1.000000000000000000e+00
1.312499999999999951e-02,5.062500000000000160e-03,3.062854229288466286e+02,5.999999999999999778e-01,4.568884723523899266e-03,1.000000000000000000e+00
1.437500000000000062e-02,5.062500000000000160e-03,3.069808085712571142e+02,5.999999999999999778e-01,4.568884723523899266e-03,1.000000000000000000e+00
1.562500000000000000e-02,5.062500000000000160e-03,3.076165476324001133e+02,5.999999999999999778e-01,4.568884723523899266e-03,1.000000000000000000e+00
1.687500000000000111e-02,5.062500000000000160e-03,3.082008721691801156e+02,5.999999999999999778e-01,4.568884723523899266e-03,1.000000000000000000e+00
1.812499999999999875e-02,5.062500000000000160e-03,3.087406185638121769e+02,5.999999999999999778e-01,4.568884723523899266e-03,1.000000000000000000e+00
1.937499999999999986e-02,5.062500000000000160e-03,3.092414984421078543e+02,5.999999999999999778e-01,4.568884723523899266e-03,1.000000000000000000e+00
2.062500000000000097e-02,5.062500000000000160e-03,3.097083159731434989e+02,5.999999999999999778e-01,4.568884723523899266e-03,1.000000000000000000e+00
2.187500000000000208e-02,5.062500000000000160e-03,3.101451397750407182e+02,5.999999999999999778e-01,4.568884723523899266e-03,1.000000000000000000e+00
2.312499999999999972e-02,5.062500000000000160e-03,3.105554383495552884e+02,5.999999999999999778e-01,4.568884723523899266e-03,1.000000000000000000e+00
2.437500000000000083e-02,5.062500000000000160e-03,3.109421869094925341e+02,5.999999999999999778e-01,4.568884723523899266e-03,1.000000000000000000e+00
2.562500000000000194e-02,5.062500000000000160e-03,3.113079520030020149e+02,5.999999999999999778e-01,4.568884723523899266e-03,1.000000000000000000e+00
2.687499999999999958e-02,5.062500000000000160e-03,3.116549589633233950e+02,5.999999999999999778e-01,4.568884723523899266e-03,1.000000000000000000e+00
2.812500000000000069e-02,5.062500000000000160e-03,3.119851460632439171e+02,5.999999999999999778e-01,4.568884723523899266e-03,1.000000000000000000e+00
2.937500000000000180e-02,5.062500000000000160e-03,3.123002083425192268e+02,5.999999999999999778e-01,4.568884723523899266e-03,1.000000000000000000e+00
3.062499999999999944e-02,5.062500000000000160e-03,3.126016333729088501e+02,5.999999999999999778e-01,4.568884723523899266e-03,1.000000000000000000e+00
3.187500000000000056e-02,5.062500000000000160e-03,3.128907306892010070e+02,5.999999999999999778e-01,4.568884723523899266e-03,1.000000000000000000e+00
3.312500000000000167e-02,5.062500000000000160e-03,3.131686562084295247e+02,5.999999999999999778e-01,4.568884723523899266e-03,1.000000000000000000e+00
3.437500000000000278e-02,5.062500000000000160e-03,3.134364326526138029e+02,5.999999999999999778e-01,4.568884723523899266e-03,1.000000000000000000e+00
3.562500000000000389e-02,5.062500000000000160e-03,3.136949667585041652e+02,5.999999999999999778e-01,4.568884723523899266e-03,1.000000000000000000e+00
3.687499999999999806e-02,5.062500000000000160e-03,3.139450638823861937e+02,5.999999999999999778e-01,4.568884723523899266e-03,1.000000000000000000e+00
3.812499999999999917e-02,5.062500000000000160e-03,3.141874404749049745e+02,5.999999999999999778e-01,4.568884723523899266e-03,1.000000000000000000e+00
3.937500000000000028e-02,5.062500000000000160e-03,3.144227347995405921e+02,5.999999999999999778e-01,4.568884723523899266e-03,1.000000000000000000e+00
4.062500000000000139e-02,5.062500000000000160e-03,3.146515161908988603e+02,5.999999999999999778e-01,4.568884723523899266e-03,1.000000000000000000e+00
4.187500000000000250e-02,5.062500000000000160e-03,3.148742930894579217e+02,5.999999999999999778e-01,4.568884723523899266e-03,1.000000000000000000e+00
4.312500000000000361e-02,5.062500000000000160e-03,3.150915200434281473e+02,5.999999999999999778e-01,4.568884723523899266e-03,1.000000000000000000e+00
4.437499999999999778e-02,5.062500000000000160e-03,3.153036038326334847e+02,5.999999999999999778e-01,4.568884723523899266e-03,1.000000000000000000e+00
4.562499999999999889e-02,5.062500000000000160e-03,3.155109088413587415e+02,5.999999999999999778e-01,4.568884723523899266e-03,1.000000000000000000e+00
4.687500000000000000e-02,5.062500000000000160e-03,3.157137617850461311e+02,5.999999999999999778e-01,4.568884723523899266e-03,1.000000000000000000e+00
4.812500000000000111e-02,5.062500000000000160e-03,3.159124558782244208e+02,5.999999999999999778e-01,4.568884723523899266e-03,1.000000000000000000e+00
4.937500000000000222e-02,5.062500000000000160e-03,3.161072545170180774e+02,5.999999999999999778e-01,4.568884723523899266e-03,1.000000000000000000e+00
5.062500000000000333e-02,5.062500000000000160e-03,3.162983945382716797e+02,5.999999999999999778e-01,4.568884723523899266e-03,1.000000000000000000e+00
5.187500000000000444e-02,5.062500000000000160e-03,3.164860891080952570e+02,5.999999999999999778e-01,4.568884723523899266e-03,1.000000000000000000e+00
5.312499999999999861e-02,5.062500000000000160e-03,3.166705302850739372e+02,5.999999999999999778e-01,4.568884723523899266e-03,1.000000000000000000e+00
5.437499999999999972e-02,5.062500000000000160e-03,3.168518912971106829e+02,5.999999999999999778e-01,4.568884723523899266e-03,1.000000000000000000e+00
5.562500000000000083e-02,5.062500000000000160e-03,3.170303285656435719e+02,5.999999999999999778e-01,4.568884723523899266e-03,1.000000000000000000e+00
5.687500000000000194e-02,5.062500000000000160e-03,3.172059835065771267e+02,5.999999999999999778e-01,4.568884723523899266e-03,1.000000000000000000e+00
5.812500000000000305e-02,5.062500000000000160e-03,3.173789841335393476e+02,5.999999999999999778e-01,4.568884723523899266e-03,1.000000000000000000e+00
5.937500000000000416e-02,5.062500000000000160e-03,3.175494464858992387e+02,5.999999999999999778e-01,4.568884723523899266e-03,1.000000000000000000e+00
6.062499999999999833e-02,5.062500000000000160e-03,3.177174759012555114e+02,5.999999999999999778e-01,4.568884723523899266e-03,1.000000000000000000e+00
6.187499999999999944e-02,5.062500000000000160e-03,3.178831681497510999e+02,5.999999999999999778e-01,4.568884723523899266e-03,1.000000000000000000e+00
6.312500000000000056e-02,5.062500000000000160e-03,3.180466104455355207e+02,5.999999999999999778e-01,4.568884723523899266e-03,1.000000000000000000e+00
6.437500000000000167e-02,5.062500000000000160e-03,3.182078823489183037e+02,5.999999999999999778e-01,4.568884723523899266e-03,1.000000000000000000e+00
6.562500000000000278e-02,5.062500000000000160e-03,3.183670565712122311e+02,5.999999999999999778e-01,4.568884723523899266e-03,1.000000000000000000e+00
6.687500000000000389e-02,5.062500000000000160e-03,3.185241996929003108e+02,5.999999999999999778e-01,4.568884723523899266e-03,1.000000000000000000e+00
6.812500000000000500e-02,5.062500000000000160e-03,3.186793728045735179e+02,5.999999999999999778e-01,4.568884723523899266e-03,1.000000000000000000e+00
6.937500000000000611e-02,5.062500000000000160e-03,3.188326320790273485e+02,5.999999999999999778e-01,4.568884723523899266e-03,1.000000000000000000e+00
7.062500000000000722e-02,5.062500000000000160e-03,3.189840292819804972e+02,5.999999999999999778e-01,4.568884723523899266e-03,1.000000000000000000e+00
7.187500000000000833e-02,5.062500000000000160e-03,3.191336122280552559e+02,5.999999999999999778e-01,4.568884723523899266e-03,1.000000000000000000e+00
7.312499999999999556e-02,5.062500000000000160e-03,3.192814251879305516e+02,5.999999999999999778e-01,4.568884723523899266e-03,1.000000000000000000e+00
7.437499999999999667e-02,5.062500000000000160e-03,3.194275092519362715e+02,5.999999999999999778e-01,4.568884723523899266e-03,1.000000000000000000e+00
7.562499999999999778e-02,5.062500000000000160e-03,3.195719026547784551e+02,5.999999999999999778e-01,4.568884723523899266e-03,1.000000000000000000e+00
7.687499999999999889e-02,5.062500000000000160e-03,3.197146410655811337e+02,5.999999999999999778e-01,4.568884723523899266e-03,1.000000000000000000e+00
7.812500000000000000e-02,5.062500000000000160e-03,3.198557578469703913e+02,5.999999999999999778e-01,4.568884723523899266e-03,1.000000000000000000e+00
7.937500000000000111e-02,5.062500000000000160e-03,3.199952842865334901e+02,5.999999999999999778e-01,4.568884723523899266e-03,1.000000000000000000e+00
8.062500000000000222e-02,5.062500000000000160e-03,3.201332498036125571e+02,5.999999999999999778e-01,4.568884723523899266e-03,1.000000000000000000e+00
8.187500000000000333e-02,5.062500000000000160e-03,3.202696821340857127e+02,5.999999999999999778e-01,4.568884723523899266e-03,1.000000000000000000e+00
8.312500000000000444e-02,5.062500000000000160e-03,3.204046074954951564e+02,5.999999999999999778e-01,4.568884723523899266e-03,1.000000000000000000e+00
8.437500000000000555e-02,5.062500000000000160e-03,3.205380507346292234e+02,5.999999999999999778e-01,4.568884723523899266e-03,1.000000000000000000e+00
8.562500000000000666e-02,5.062500000000000160e-03,3.206700354594411237e+02,5.999999999999999778e-01,4.568884723523899266e-03,1.000000000000000000e+00
8.687500000000000777e-02,5.062500000000000160e-03,3.208005841569809036e+02,5.999999999999999778e-01,4.568884723523899266e-03,1.000000000000000000e+00
8.812499999999999500e-02,5.062500000000000160e-03,3.209297182988393047e+02,5.999999999999999778e-01,4.568884723523899266e-03,1.000000000000000000e+00
8.937499999999999611e-02,5.062500000000000160e-03,3.210574584354332046e+02,5.999999999999999778e-01,4.568884723523899266e-03,1.000000000000000000e+00
9.062499999999999722e-02,5.062500000000000160e-03,3.211838242802757577e+02,5.999999999999999778e-01,4.568884723523899266e-03,1.000000000000000000e+00
9.187499999999999833e-02,5.062500000000000160e-03,3.213088347850212472e+02,5.999999999999999778e-01,4.568884723523899266e-03,1.000000000000000000e+00
9.312499999999999944e-02,5.062500000000000160e-03,3.214325082045606337e+02,5.999999999999999778e-01,4.568884723523899266e-03,1.000000000000000000e+00
9.437500000000000056e-02,5.062500000000000160e-03,3.215548621424159705e+02,5.999999999999999778e-01,4.568884723523899266e-03,1.000000000000000000e+00
9.562500000000000167e-02,5.062500000000000160e-03,3.216759134843972561e+02,5.999999999999999778e-01,4.568884723523899266e-03,1.000000000000000000e+00
9.687500000000000278e-02,5.062500000000000160e-03,3.217956764627882649e+02,5.999999999999999778e-01,4.568884723523899266e-03,1.000000000000000000e+00
9.812500000000000389e-02,5.062500000000000160e-03,3.219140989967189626e+02,5.999999999999999778e-01,4.568884723523899266e-03,1.000000000000000000e+00
9.937500000000000500e-02,5.062500000000000160e-03,3.220285272541852351e+02,5.999999999999999778e-01,4.568884723523899266e-03,1.000000000000000000e+00
6.250000000000000130e-04,5.187500000000000271e-03,2.946408003912661115e+02,5.999999999999999778e-01,4.081537019681349097e-03,1.000000000000000000e+00
1.874999999999999931e-03,5.187500000000000271e-03,2.968921776055211694e+02,5.999999999999999778e-01,4.081537019681349097e-03,1.000000000000000000e+00
3.125000000000000173e-03,5.187500000000000271e-03,2.991490958677424032e+02,5.999999999999999778e-01,4.081537019681349097e-03,1.000000000000000000e+00
4.375000000000000416e-03,5.187500000000000271e-03,3.011516882902031966e+02,5.999999999999999778e-01,4.081537019681349097e-03,1.000000000000000000e+00
5.624999999999999792e-03,5.187500000000000271e-03,3.028634430174726617e+02,5.999999999999999778e-01,4.081537019681349097e-03,1.000000000000000000e+00
6.875000000000000035e-03,5.187500000000000271e-03,3.043187741241707158e+02,5.999999999999999778e-01,4.081537019681349097e-03,1.000000000000000000e+00
8.125000000000000278e-03,5.187500000000000271e-03,3.055642284907706312e+02,5.999999999999999778e-01,4.081537019681349097e-03,1.000000000000000000e+00
9.374999999999999653e-03,5.187500000000000271e-03,3.066411950334581888e+02,5.999999999999999778e-01,4.081537019681349097e-03,1.000000000000000000e+00
1.062500000000000076e-02,5.187500000000000271e-03,3.075827632980037833e+02,5.999999999999999778e-01,4.081537019681349097e-03,1.000000000000000000e+00
1.187500000000000014e-02,5.187500000000000271e-03,3.084145701919763951e+02,5.999999999999999778e-01,4.081537019681349097e-03,1.000000000000000000e+00
1.312499999999999951e-02,5.187500000000000271e-03,3.091563898752014552e+02,5.999999999999999778e-01,4.081537019681349097e-03,1.000000000000000000e+00
1.437500000000000062e-02,5.187500000000000271e-03,3.098235726360161948e+02,5.999999999999999778e-01,4.081537019681349097e-03,1.000000000000000000e+00
1.562500000000000000e-02,5.187500000000000271e-03,3.104281641172677837e+02,5.999999999999999778e-01,4.081537019681349097e-03,1.000000000000000000e+00
1.687500000000000111e-02,5.187500000000000271e-03,3.109797339340769895e+02,5.999999999999999778e-01,4.081537019681349097e-03,1.000000000000000000e+00
1.812499999999999875e-02,5.187500000000000271e-03,3.114859801752867838e+02,5.999999999999999778e-01,4.081537019681349097e-03,1.000000000000000000e+00
1.937499999999999986e-02,5.187500000000000271e-03,3.119531703002397762e+02,5.999999999999999778e-01,4.081537019681349097e-03,1.000000000000000000e+00
2.062500000000000097e-02,5.187500000000000271e-03,3.123864647459035950e+02,5.999999999999999778e-01,4.081537019681349097e-03,1.000000000000000000e+00
2.187500000000000208e-02,5.187500000000000271e-03,3.127901566705244818e+02,5.999999999999999778e-01,4.081537019681349097e-03,1.000000000000000000e+00
2.312499999999999972e-02,5.187500000000000271e-03,3.131678514682441232e+02,5.999999999999999778e-01,4.081537019681349097e-03,1.000000000000000000e+00
2.437500000000000083e-02,5.187500000000000271e-03,3.135226026938714767e+02,5.999999999999999778e-01,4.081537019681349097e-03,1.000000000000000000e+00
2.562500000000000194e-02,5.187500000000000271e-03,3.138570161499790174e+02,5.999999999999999778e-01,4.081537019681349097e-03,1.000000000000000000e+00
2.687499999999999958e-02,5.187500000000000271e-03,3.141733304931195221e+02,5.999999999999999778e-01,4.081537019681349097e-03,1.000000000000000000e+00
2.812500000000000069e-02,5.187500000000000271e-03,3.144734803511545351e+02,5.999999999999999778e-01,4.081537019681349097e-03,1.000000000000000000e+00
2.937500000000000180e-02,5.187500000000000271e-03,3.147591462862428671e+02,5.999999999999999778e-01,4.081537019681349097e-03,1.000000000000000000e+00
3.062499999999999944e-02,5.187500000000000271e-03,3.150317947669868204e+02,5.999999999999999778e-01,4.081537019681349097e-03,1.000000000000000000e+00
3.187500000000000056e-02,5.187500000000000271e-03,3.152927104786957671e+02,5.999999999999999778e-01,4.081537019681349097e-03,1.000000000000000000e+00
3.312500000000000167e-02,5.187500000000000271e-03,3.155430227008623092e+02,5.999999999999999778e-01,4.081537019681349097e-03,1.000000000000000000e+00
3.437500000000000278e-02,5.187500000000000271e-03,3.157837270461899379e+02,5.999999999999999778e-01,4.081537019681349097e-03,1.000000000000000000e+00
3.562500000000000389e-02,5.187500000000000271e-03,3.160157035379495483e+02,5.999999999999999778e-01,4.081537019681349097e-03,1.000000000000000000e+00
3.687499999999999806e-02,5.187500000000000271e-03,3.162397317687597251e+02,5.999999999999999778e-01,4.081537019681349097e-03,1.000000000000000000e+00
3.812499999999999917e-02,5.187500000000000271e-03,3.164565037107226999e+02,5.999999999999999778e-01,4.081537019681349097e-03,1.000000000000000000e+00
3.937500000000000028e-02,5.187500000000000271e-03,3.166666346176630782e+02,5.999999999999999778e-01,4.081537019681349097e-03,1.000000000000000000e+00
4.062500000000000139e-02,5.187500000000000271e-03,3.168706723631996169e+02,5.999999999999999778e-01,4.081537019681349097e-03,1.000000000000000000e+00
4.187500000000000250e-02,5.187500000000000271e-03,3.170691054850494766e+02,5.999999999999999778e-01,4.081537019681349097e-03,1.000000000000000000e+00
4.312500000000000361e-02,5.187500000000000271e-03,3.172623701501541973e+02,5.999999999999999778e-01,4.081537019681349097e-03,1.000000000000000000e+00
4.437499999999999778e-02,5.187500000000000271e-03,3.174508562124582340e+02,5.999999999999999778e-01,4.081537019681349097e-03,1.000000000000000000e+00
4.562499999999999889e-02,5.187500000000000271e-03,3.176349125021797022e+02,5.999999999999999778e-01,4.081537019681349097e-03,1.000000000000000000e+00
4.687500000000000000e-02,5.187500000000000271e-03,3.178148514597516510e+02,5.999999999999999778e-01,4.081537019681349097e-03,1.000000000000000000e+00
4.812500000000000111e-02,5.187500000000000271e-03,3.179909532075192828e+02,5.999999999999999778e-01,4.081537019681349097e-03,1.000000000000000000e+00
4.937500000000000222e-02,5.187500000000000271e-03,3.181634691363985894e+02,5.999999999999999778e-01,4.081537019681349097e-03,1.000000000000000000e+00
5.062500000000000333e-02,5.187500000000000271e-03,3.183326250720547250e+02,5.999999999999999778e-01,4.081537019681349097e-03,1.000000000000000000e+00
5.187500000000000444e-02,5.187500000000000271e-03,3.184986240749996682e+02,5.999999999999999778e-01,4.081537019681349097e-03,1.000000000000000000e+00
5.312499999999999861e-02,5.187500000000000271e-03,3.186616489207720520e+02,5.999999999999999778e-01,4.081537019681349097e-03,1.000000000000000000e+00
5.437499999999999972e-02,5.187500000000000271e-03,3.188218642996309882e+02,5.999999999999999778e-01,4.081537019681349097e-03,1.000000000000000000e+00
5.562500000000000083e-02,5.187500000000000271e-03,3.189794187696461449e+02,5.999999999999999778e-01,4.081537019681349097e-03,1.000000000000000000e+00
5.687500000000000194e-02,5.187500000000000271e-03,3.191344464924501949e+02,5.999999999999999778e-01,4.081537019681349097e-03,1.000000000000000000e+00
5.812500000000000305e-02,5.187500000000000271e-03,3.192870687770524682e+02,5.999999999999999778e-01,4.081537019681349097e-03,1.000000000000000000e+00
5.937500000000000416e-02,5.187500000000000271e-03,3.194373954538517069e+02,5.999999999999999778e-01,4.081537019681349097e-03,1.000000000000000000e+00
6.062499999999999833e-02,5.187500000000000271e-03,3.195855260982065147e+02,5.999999999999999778e-01,4.081537019681349097e-03,1.000000000000000000e+00
6.187499999999999944e-02,5.187500000000000271e-03,3.197315511205481471e+02,5.999999999999999778e-01,4.081537019681349097e-03,1.000000000000000000e+00
6.312500000000000056e-02,5.187500000000000271e-03,3.198755527379837531e+02,5.999999999999999778e-01,4.081537019681349097e-03,1.000000000000000000e+00
6.437500000000000167e-02,5.187500000000000271e-03,3.200176058405602362e+02,5.999999999999999778e-01,4.081537019681349097e-03,1.000000000000000000e+00
6.562500000000000278e-02,5.187500000000000271e-03,3.201577787638358927e+02,5.999999999999999778e-01,4.081537019681349097e-03,1.000000000000000000e+00
6.687500000000000389e-02,5.187500000000000271e-03,3.202961339780588901e+02,5.999999999999999778e-01,4.081537019681349097e-03,1.000000000000000000e+00
6.812500000000000500e-02,5.187500000000000271e-03,3.204327287030869797e+02,5.999999999999999778e-01,4.081537019681349097e-03,1.000000000000000000e+00
6.937500000000000611e-02,5.187500000000000271e-03,3.205676154571473830e+02,5.999999999999999778e-01,4.081537019681349097e-03,1.000000000000000000e+00
7.062500000000000722e-02,5.187500000000000271e-03,3.207008425466354993e+02,5.999999999999999778e-01,4.081537019681349097e-03,1.000000000000000000e+00
7.187500000000000833e-02,5.187500000000000271e-03,3.208324545033485720e+02,5.999999999999999778e-01,4.081537019681349097e-03,1.000000000000000000e+00
7.312499999999999556e-02,5.187500000000000271e-03,3.209624924748452486e+02,5.999999999999999778e-01,4.081537019681349097e-03,1.000000000000000000e+00
7.437499999999999667e-02,5.187500000000000271e-03,3.210909945729985679e+02,5.999999999999999778e-01,4.081537019681349097e-03,1.000000000000000000e+00
7.562499999999999778e-02,5.187500000000000271e-03,3.212179961852529573e+02,5.999999999999999778e-01,4.081537019681349097e-03,1.000000000000000000e+00
7.687499999999999889e-02,5.187500000000000271e-03,3.213435302526046371e+02,5.999999999999999778e-01,4.081537019681349097e-03,1.000000000000000000e+00
7.812500000000000000e-02,5.187500000000000271e-03,3.214676275178872515e+02,5.999999999999999778e-01,4.081537019681349097e-03,1.000000000000000000e+00
7.937500000000000111e-02,5.187500000000000271e-03,3.215903167475605642e+02,5.999999999999999778e-01,4.081537019681349097e-03,1.000000000000000000e+00
8.062500000000000222e-02,5.187500000000000271e-03,3.217116249298450157e+02,5.999999999999999778e-01,4.081537019681349097e-03,1.000000000000000000e+00
8.187500000000000333e-02,5.187500000000000271e-03,3.218315774517467389e+02,5.999999999999999778e-01,4.081537019681349097e-03,1.000000000000000000e+00
8.312500000000000444e-02,5.187500000000000271e-03,3.219501982572390943e+02,5.999999999999999778e-01,4.081537019681349097e-03,1.000000000000000000e+00
8.437500000000000555e-02,5.187500000000000271e-03,3.220675099886188946e+02,5.999999999999999778e-01,4.081537019681349097e-03,1.000000000000000000e+00
8.562500000000000666e-02,5.187500000000000271e-03,3.221835341128476102e+02,5.999999999999999778e-01,4.081537019681349097e-03,1.000000000000000000e+00
8.687500000000000777e-02,5.187500000000000271e-03,3.222982910344815082e+02,5.999999999999999778e-01,4.081537019681349097e-03,1.000000000000000000e+00
8.812499999999999500e-02,5.187500000000000271e-03,3.224118001966297697e+02,5.999999999999999778e-01,4.081537019681349097e-03,1.000000000000000000e+00
8.937499999999999611e-02,5.187500000000000271e-03,3.225240801712069469e+02,5.999999999999999778e-01,4.081537019681349097e-03,1.000000000000000000e+00
9.062499999999999722e-02,5.187500000000000271e-03,3.226351487395425579e+02,5.999999999999999778e-01,4.081537019681349097e-03,1.000000000000000000e+00
9.187499999999999833e-02,5.187500000000000271e-03,3.227450229638876067e+02,5.999999999999999778e-01,4.081537019681349097e-03,1.000000000000000000e+00
9.312499999999999944e-02,5.187500000000000271e-03,3.228537192478585780e+02,5.999999999999999778e-01,4.081537019681349097e-03,1.000000000000000000e+00
9.437500000000000056e-02,5.187500000000000271e-03,3.229612533688174949e+02,5.999999999999999778e-01,4.081537019681349097e-03,1.000000000000000000e+00
9.562500000000000167e-02,5.187500000000000271e-03,3.230676403430599635e+02,5.999999999999999778e-01,4.081537019681349097e-03,1.000000000000000000e+00
9.687500000000000278e-02,5.187500000000000271e-03,3.231728919808169280e+02,5.999999999999999778e-01,4.081537019681349097e-03,1.000000000000000000e+00
9.812500000000000389e-02,5.187500000000000271e-03,3.232769492063112011e+02,5.999999999999999778e-01,4.081537019681349097e-03,1.000000000000000000e+00
9.937500000000000500e-02,5.187500000000000271e-03,3.233772521581621504e+02,5.999999999999999778e-01,4.081537019681349097e-03,1.000000000000000000e+00
6.250000000000000130e-04,5.312500000000000382e-03,2.958762953850127815e+02,5.999999999999999778e-01,3.556701030927833865e-03,1.000000000000000000e+00
1.874999999999999931e-03,5.312500000000000382e-03,2.992059654597489384e+02,5.999999999999999778e-01,3.556701030927833865e-03,1.000000000000000000e+00
3.125000000000000173e-03,5.312500000000000382e-03,3.020694655227506473e+02,5.999999999999999778e-01,3.556701030927833865e-03,1.000000000000000000e+00
4.375000000000000416e-03,5.312500000000000382e-03,3.043598086396558529e+02,5.999999999999999778e-01,3.556701030927833865e-03,1.000000000000000000e+00
5.624999999999999792e-03,5.312500000000000382e-03,3.061866727270520983e+02,5.999999999999999778e-01,3.556701030927833865e-03,1.000000000000000000e+00
6.875000000000000035e-03,5.312500000000000382e-03,3.076691384708882993e+02,5.999999999999999778e-01,3.556701030927833865e-03,1.000000000000000000e+00
8.125000000000000278e-03,5.312500000000000382e-03,3.088975254031144573e+02,5.999999999999999778e-01,3.556701030927833865e-03,1.000000000000000000e+00
9.374999999999999653e-03,5.312500000000000382e-03,3.099354591985363641e+02,5.999999999999999778e-01,3.556701030927833865e-03,1.000000000000000000e+00
1.062500000000000076e-02,5.312500000000000382e-03,3.108274830140439917e+02,5.999999999999999778e-01,3.556701030927833865e-03,1.000000000000000000e+00
1.187500000000000014e-02,5.312500000000000382e-03,3.116052564050414730e+02,5.999999999999999778e-01,3.556701030927833865e-03,1.000000000000000000e+00
1.312499999999999951e-02,5.312500000000000382e-03,3.122917710159026115e+02,5.999999999999999778e-01,3.556701030927833865e-03,1.000000000000000000e+00
1.437500000000000062e-02,5.312500000000000382e-03,3.129041019500984362e+02,5.999999999999999778e-01,3.556701030927833865e-03,1.000000000000000000e+00
1.562500000000000000e-02,5.312500000000000382e-03,3.134552030959112017e+02,5.999999999999999778e-01,3.556701030927833865e-03,1.000000000000000000e+00
1.687500000000000111e-02,5.312500000000000382e-03,3.139550955175988065e+02,5.999999999999999778e-01,3.556701030927833865e-03,1.000000000000000000e+00
1.812499999999999875e-02,5.312500000000000382e-03,3.144116693978763806e+02,5.999999999999999778e-01,3.556701030927833865e-03,1.000000000000000000e+00
1.937499999999999986e-02,5.312500000000000382e-03,3.148312362993967781e+02,5.999999999999999778e-01,3.556701030927833865e-03,1.000000000000000000e+00
2.062500000000000097e-02,5.312500000000000382e-03,3.152189170563588618e+02,5.999999999999999778e-01,3.556701030927833865e-03,1.000000000000000000e+00
2.187500000000000208e-02,5.312500000000000382e-03,3.155789193117736886e+02,5.999999999999999778e-01,3.556701030927833865e-03,1.000000000000000000e+00
2.312499999999999972e-02,5.312500000000000382e-03,3.159147395382783543e+02,5.999999999999999778e-01,3.556701030927833865e-03,1.000000000000000000e+00
2.437500000000000083e-02,5.312500000000000382e-03,3.162293124494359517e+02,5.999999999999999778e-01,3.556701030927833865e-03,1.000000000000000000e+00
2.562500000000000194e-02,5.312500000000000382e-03,3.165251231498796756e+02,5.999999999999999778e-01,3.556701030927833865e-03,1.000000000000000000e+00
2.687499999999999958e-02,5.312500000000000382e-03,3.168042924921788881e+02,5.999999999999999778e-01,3.556701030927833865e-03,1.000000000000000000e+00
2.812500000000000069e-02,5.312500000000000382e-03,3.170686428975517970e+02,5.999999999999999778e-01,3.556701030927833865e-03,1.000000000000000000e+00
2.937500000000000180e-02,5.312500000000000382e-03,3.173197497472887108e+02,5.999999999999999778e-01,3.556701030927833865e-03,1.000000000000000000e+00
3.062499999999999944e-02,5.312500000000000382e-03,3.175589819876347519e+02,5.999999999999999778e-01,3.556701030927833865e-03,1.000000000000000000e+00
3.187500000000000056e-02,5.312500000000000382e-03,3.177875345787103925e+02,5.999999999999999778e-01,3.556701030927833865e-03,1.000000000000000000e+00
3.312500000000000167e-02,5.312500000000000382e-03,3.180064547085891036e+02,5.999999999999999778e-01,3.556701030927833865e-03,1.000000000000000000e+00
3.437500000000000278e-02,5.312500000000000382e-03,3.182166631901836809e+02,5.999999999999999778e-01,3.556701030927833865e-03,1.000000000000000000e+00
3.562500000000000389e-02,5.312500000000000382e-03,3.184189720973010935e+02,5.999999999999999778e-01,3.556701030927833865e-03,1.000000000000000000e+00
3.687499999999999806e-02,5.312500000000000382e-03,3.186140994343377884e+02,5.999999999999999778e-01,3.556701030927833865e-03,1.000000000000000000e+00
3.812499999999999917e-02,5.312500000000000382e-03,3.188026814425339808e+02,5.999999999999999778e-01,3.556701030927833865e-03,1.000000000000000000e+00
3.937500000000000028e-02,5.312500000000000382e-03,3.189852830044046641e+02,5.999999999999999778e-01,3.556701030927833865e-03,1.000000000000000000e+00
4.062500000000000139e-02,5.312500000000000382e-03,3.191624065029331518e+02,5.999999999999999778e-01,3.556701030927833865e-03,1.000000000000000000e+00
4.187500000000000250e-02,5.312500000000000382e-03,3.193344994134365038e+02,5.999999999999999778e-01,3.556701030927833865e-03,1.000000000000000000e+00
4.312500000000000361e-02,5.312500000000000382e-03,3.195019608466629961e+02,5.999999999999999778e-01,3.556701030927833865e-03,1.000000000000000000e+00
4.437499999999999778e-02,5.312500000000000382e-03,3.196651472165780206e+02,5.999999999999999778e-01,3.556701030927833865e-03,1.000000000000000000e+00
4.562499999999999889e-02,5.312500000000000382e-03,3.198243771717731647e+02,5.999999999999999778e-01,3.556701030927833865e-03,1.000000000000000000e+00
4.687500000000000000e-02,5.312500000000000382e-03,3.199799359027933860e+02,5.999999999999999778e-01,3.556701030927833865e-03,1.000000000000000000e+00
4.812500000000000111e-02,5.312500000000000382e-03,3.201320789169919863e+02,5.999999999999999778e-01,3.556701030927833865e-03,1.000000000000000000e+00
4.937500000000000222e-02,5.312500000000000382e-03,3.202810353562917385e+02,5.999999999999999778e-01,3.556701030927833865e-03,1.000000000000000000e+00
5.062500000000000333e-02,5.312500000000000382e-03,3.204270109204221626e+02,5.999999999999999778e-01,3.556701030927833865e-03,1.000000000000000000e+00
5.187500000000000444e-02,5.312500000000000382e-03,3.205701904479889777e+02,5.999999999999999778e-01,3.556701030927833865e-03,1.000000000000000000e+00
5.312499999999999861e-02,5.312500000000000382e-03,3.207107401995218652e+02,5.999999999999999778e-01,3.556701030927833865e-03,1.000000000000000000e+00
5.437499999999999972e-02,5.312500000000000382e-03,3.208488098799842305e+02,5.999999999999999778e-01,3.556701030927833865e-03,1.000000000000000000e+00
5.562500000000000083e-02,5.312500000000000382e-03,3.209845344327938506e+02,5.999999999999999778e-01,3.556701030927833865e-03,1.000000000000000000e+00
5.687500000000000194e-02,5.312500000000000382e-03,3.211180356328918606e+02,5.999999999999999778e-01,3.556701030927833865e-03,1.000000000000000000e+00
5.812500000000000305e-02,5.312500000000000382e-03,3.212494235026720162e+02,5.999999999999999778e-01,3.556701030927833865e-03,1.000000000000000000e+00
5.937500000000000416e-02,5.312500000000000382e-03,3.213787975714404297e+02,5.999999999999999778e-01,3.556701030927833865e-03,1.000000000000000000e+00
6.062499999999999833e-02,5.312500000000000382e-03,3.215062479964255431e+02,5.999999999999999778e-01,3.556701030927833865e-03,1.000000000000000000e+00
6.187499999999999944e-02,5.312500000000000382e-03,3.216318565611059057e+02,5.999999999999999778e-01,3.556701030927833865e-03,1.000000000000000000e+00
6.312500000000000056e-02,5.312500000000000382e-03,3.217556975646987780e+02,5.999999999999999778e-01,3.556701030927833865e-03,1.000000000000000000e+00
6.437500000000000167e-02,5.312500000000000382e-03,3.218778386149775770e+02,5.999999999999999778e-01,3.556701030927833865e-03,1.000000000000000000e+00
6.562500000000000278e-02,5.312500000000000382e-03,3.219983413351670833e+02,5.999999999999999778e-01,3.556701030927833865e-03,1.000000000000000000e+00
6.687500000000000389e-02,5.312500000000000382e-03,3.221172619944018720e+02,5.999999999999999778e-01,3.556701030927833865e-03,1.000000000000000000e+00
6.812500000000000500e-02,5.312500000000000382e-03,3.222346520701521513e+02,5.999999999999999778e-01,3.556701030927833865e-03,1.000000000000000000e+00
6.937500000000000611e-02,5.312500000000000382e-03,3.223505587500604861e+02,5.999999999999999778e-01,3.556701030927833865e-03,1.000000000000000000e+00
7.062500000000000722e-02,5.312500000000000382e-03,3.224650253797990445e+02,5.999999999999999778e-01,3.556701030927833865e-03,1.000000000000000000e+00
7.187500000000000833e-02,5.312500000000000382e-03,3.225780918628163931e+02,5.999999999999999778e-01,3.556701030927833865e-03,1.000000000000000000e+00
7.312499999999999556e-02,5.312500000000000382e-03,3.226897950171922389e+02,5.999999999999999778e-01,3.556701030927833865e-03,1.000000000000000000e+00
7.437499999999999667e-02,5.312500000000000382e-03,3.228001688942450755e+02,5.999999999999999778e-01,3.556701030927833865e-03,1.000000000000000000e+00
7.562499999999999778e-02,5.312500000000000382e-03,3.229092450630237181e+02,5.999999999999999778e-01,3.556701030927833865e-03,1.000000000000000000e+00
7.687499999999999889e-02,5.312500000000000382e-03,3.230170528643628813e+02,5.999999999999999778e-01,3.556701030927833865e-03,1.000000000000000000e+00
7.812500000000000000e-02,5.312500000000000382e-03,3.231236196377848842e+02,5.999999999999999778e-01,3.556701030927833865e-03,1.000000000000000000e+00
7.937500000000000111e-02,5.312500000000000382e-03,3.232289709241703122e+02,5.999999999999999778e-01,3.556701030927833865e-03,1.000000000000000000e+00
8.062500000000000222e-02,5.312500000000000382e-03,3.233331306468012372e+02,5.999999999999999778e-01,3.556701030927833865e-03,1.000000000000000000e+00
8.187500000000000333e-02,5.312500000000000382e-03,3.234361212731045043e+02,5.999999999999999778e-01,3.556701030927833865e-03,1.000000000000000000e+00
8.312500000000000444e-02,5.312500000000000382e-03,3.235379639591677119e+02,5.999999999999999778e-01,3.556701030927833865e-03,1.000000000000000000e+00
8.437500000000000555e-02,5.312500000000000382e-03,3.236386786788735321e+02,5.999999999999999778e-01,3.556701030927833865e-03,1.000000000000000000e+00
8.562500000000000666e-02,5.312500000000000382e-03,3.237382843393079384e+02,5.999999999999999778e-01,3.556701030927833865e-03,1.000000000000000000e+00
8.687500000000000777e-02,5.312500000000000382e-03,3.238367988839096370e+02,5.999999999999999778e-01,3.556701030927833865e-03,1.000000000000000000e+00
8.812499999999999500e-02,5.312500000000000382e-03,3.239342393846721961e+02,5.999999999999999778e-01,3.556701030927833865e-03,1.000000000000000000e+00
8.937499999999999611e-02,5.312500000000000382e-03,3.240306221245500069e+02,5.999999999999999778e-01,3.556701030927833865e-03,1.000000000000000000e+00
9.062499999999999722e-02,5.312500000000000382e-03,3.241259626709731947e+02,5.999999999999999778e-01,3.556701030927833865e-03,1.000000000000000000e+00
9.187499999999999833e-02,5.312500000000000382e-03,3.242202759406003452e+02,5.999999999999999778e-01,3.556701030927833865e-03,1.000000000000000000e+00
9.312499999999999944e-02,5.312500000000000382e-03,3.243135762513481950e+02,5.999999999999999778e-01,3.556701030927833865e-03,1.000000000000000000e+00
9.437500000000000056e-02,5.312500000000000382e-03,3.244058773331756811e+02,5.999999999999999778e-01,3.556701030927833865e-03,1.000000000000000000e+00
9.562500000000000167e-02,5.312500000000000382e-03,3.244971920868044890e+02,5.999999999999999778e-01,3.556701030927833865e-03,1.000000000000000000e+00
9.687500000000000278e-02,5.312500000000000382e-03,3.245875294376685360e+02,5.999999999999999778e-01,3.556701030927833865e-03,1.000000000000000000e+00
9.812500000000000389e-02,5.312500000000000382e-03,3.246768224187925398e+02,5.999999999999999778e-01,3.556701030927833865e-03,1.000000000000000000e+00
9.937500000000000500e-02,5.312500000000000382e-03,3.247626311558797170e+02,5.999999999999999778e-01,3.556701030927833865e-03,1.000000000000000000e+00
6.250000000000000130e-04,5.437500000000000493e-03,2.979774333689439914e+02,5.999999999999999778e-01,2.994376757263353568e-03,1.000000000000000000e+00
1.874999999999999931e-03,5.437500000000000493e-03,3.025557116667524724e+02,5.999999999999999778e-01,2.994376757263353568e-03,1.000000000000000000e+00
3.125000000000000173e-03,5.437500000000000493e-03,3.058824768504963458e+02,5.999999999999999778e-01,2.994376757263353568e-03,1.000000000000000000e+00
4.375000000000000416e-03,5.437500000000000493e-03,3.082819503362955516e+02,5.999999999999999778e-01,2.994376757263353568e-03,1.000000000000000000e+00
5.624999999999999792e-03,5.437500000000000493e-03,3.100791799038375416e+02,5.999999999999999778e-01,2.994376757263353568e-03,1.000000000000000000e+00
6.875000000000000035e-03,5.437500000000000493e-03,3.114812068035710126e+02,5.999999999999999778e-01,2.994376757263353568e-03,1.000000000000000000e+00
8.125000000000000278e-03,5.437500000000000493e-03,3.126131943715176362e+02,5.999999999999999778e-01,2.994376757263353568e-03,1.000000000000000000e+00
9.374999999999999653e-03,5.437500000000000493e-03,3.135526610558488301e+02,5.999999999999999778e-01,2.994376757263353568e-03,1.000000000000000000e+00
1.062500000000000076e-02,5.437500000000000493e-03,3.143496312189391801e+02,5.999999999999999778e-01,2.994376757263353568e-03,1.000000000000000000e+00
1.187500000000000014e-02,5.437500000000000493e-03,3.150377544772045439e+02,5.999999999999999778e-01,2.994376757263353568e-03,1.000000000000000000e+00
1.312499999999999951e-02,5.437500000000000493e-03,3.156405277391444884e+02,5.999999999999999778e-01,2.994376757263353568e-03,1.000000000000000000e+00
1.437500000000000062e-02,5.437500000000000493e-03,3.161749004435514507e+02,5.999999999999999778e-01,2.994376757263353568e-03,1.000000000000000000e+00
1.562500000000000000e-02,5.437500000000000493e-03,3.166534463788011635e+02,5.999999999999999778e-01,2.994376757263353568e-03,1.000000000000000000e+00
1.687500000000000111e-02,5.437500000000000493e-03,3.170857216570921651e+02,5.999999999999999778e-01,2.994376757263353568e-03,1.000000000000000000e+00
1.812499999999999875e-02,5.437500000000000493e-03,3.174791430357751096e+02,5.999999999999999778e-01,2.994376757263353568e-03,1.000000000000000000e+00
1.937499999999999986e-02,5.437500000000000493e-03,3.178395733568813171e+02,5.999999999999999778e-01,2.994376757263353568e-03,1.000000000000000000e+00
2.062500000000000097e-02,5.437500000000000493e-03,3.181717222728807997e+02,5.999999999999999778e-01,2.994376757263353568e-03,1.000000000000000000e+00
2.187500000000000208e-02,5.437500000000000493e-03,3.184794270491999555e+02,5.999999999999999778e-01,2.994376757263353568e-03,1.000000000000000000e+00
2.312499999999999972e-02,5.437500000000000493e-03,3.187658534724973833e+02,5.999999999999999778e-01,2.994376757263353568e-03,1.000000000000000000e+00
2.437500000000000083e-02,5.437500000000000493e-03,3.190336423002992774e+02,5.999999999999999778e-01,2.994376757263353568e-03,1.000000000000000000e+00
2.562500000000000194e-02,5.437500000000000493e-03,3.192850178286344658e+02,5.999999999999999778e-01,2.994376757263353568e-03,1.000000000000000000e+00
2.687499999999999958e-02,5.437500000000000493e-03,3.195218696283156987e+02,5.999999999999999778e-01,2.994376757263353568e-03,1.000000000000000000e+00
2.812500000000000069e-02,5.437500000000000493e-03,3.197458149670461580e+02,5.999999999999999778e-01,2.994376757263353568e-03,1.000000000000000000e+00
2.937500000000000180e-02,5.437500000000000493e-03,3.199582471236735728e+02,5.999999999999999778e-01,2.994376757263353568e-03,1.000000000000000000e+00
3.062499999999999944e-02,5.437500000000000493e-03,3.201603732585989519e+02,5.999999999999999778e-01,2.994376757263353568e-03,1.000000000000000000e+00
3.187500000000000056e-02,5.437500000000000493e-03,3.203532444559981514e+02,5.999999999999999778e-01,2.994376757263353568e-03,1.000000000000000000e+00
3.312500000000000167e-02,5.437500000000000493e-03,3.205377798292115017e+02,5.999999999999999778e-01,2.994376757263353568e-03,1.000000000000000000e+00
3.437500000000000278e-02,5.437500000000000493e-03,3.207147860729006084e+02,5.999999999999999778e-01,2.994376757263353568e-03,1.000000000000000000e+00
3.562500000000000389e-02,5.437500000000000493e-03,3.208849734850152799e+02,5.999999999999999778e-01,2.994376757263353568e-03,1.000000000000000000e+00
3.687499999999999806e-02,5.437500000000000493e-03,3.210489692226074112e+02,5.999999999999999778e-01,2.994376757263353568e-03,1.000000000000000000e+00
3.812499999999999917e-02,5.437500000000000493e-03,3.212073283675583752e+02,5.999999999999999778e-01,2.994376757263353568e-03,1.000000000000000000e+00
3.937500000000000028e-02,5.437500000000000493e-03,3.213605432405884699e+02,5.999999999999999778e-01,2.994376757263353568e-03,1.000000000000000000e+00
4.062500000000000139e-02,5.437500000000000493e-03,3.215090513001852628e+02,5.999999999999999778e-01,2.994376757263353568e-03,1.000000000000000000e+00
4.187500000000000250e-02,5.437500000000000493e-03,3.216532418873173356e+02,5.999999999999999778e-01,2.994376757263353568e-03,1.000000000000000000e+00
4.312500000000000361e-02,5.437500000000000493e-03,3.217934620199334859e+02,5.999999999999999778e-01,2.994376757263353568e-03,1.000000000000000000e+00
4.437499999999999778e-02,5.437500000000000493e-03,3.219300213982587593e+02,5.999999999999999778e-01,2.994376757263353568e-03,1.000000000000000000e+00
4.562499999999999889e-02,5.437500000000000493e-03,3.220631967491381147e+02,5.999999999999999778e-01,2.994376757263353568e-03,1.000000000000000000e+00
4.687500000000000000e-02,5.437500000000000493e-03,3.221932356125403203e+02,5.999999999999999778e-01,2.994376757263353568e-03,1.000000000000000000e+00
4.812500000000000111e-02,5.437500000000000493e-03,3.223203596538925240e+02,5.999999999999999778e-01,2.994376757263353568e-03,1.000000000000000000e+00
4.937500000000000222e-02,5.437500000000000493e-03,3.224447675707429539e+02,5.999999999999999778e-01,2.994376757263353568e-03,1.000000000000000000e+00
5.062500000000000333e-02,5.437500000000000493e-03,3.225666376503390893e+02,5.999999999999999778e-01,2.994376757263353568e-03,1.000000000000000000e+00
5.187500000000000444e-02,5.437500000000000493e-03,3.226861300252473939e+02,5.999999999999999778e-01,2.994376757263353568e-03,1.000000000000000000e+00
5.312499999999999861e-02,5.437500000000000493e-03,3.228033886665864998e+02,5.999999999999999778e-01,2.994376757263353568e-03,1.000000000000000000e+00
5.437499999999999972e-02,5.437500000000000493e-03,3.229185431483397224e+02,5.999999999999999778e-01,2.994376757263353568e-03,1.000000000000000000e+00
5.562500000000000083e-02,5.437500000000000493e-03,3.230317102112571206e+02,5.999999999999999778e-01,2.994376757263353568e-03,1.000000000000000000e+00
5.687500000000000194e-02,5.437500000000000493e-03,3.231429951507648752e+02,5.999999999999999778e-01,2.994376757263353568e-03,1.000000000000000000e+00
5.812500000000000305e-02,5.437500000000000493e-03,3.232524930499379252e+02,5.999999999999999778e-01,2.994376757263353568e-03,1.000000000000000000e+00
5.937500000000000416e-02,5.437500000000000493e-03,3.233602898757614525e+02,5.999999999999999778e-01,2.994376757263353568e-03,1.000000000000000000e+00
6.062499999999999833e-02,5.437500000000000493e-03,3.234664634545426907e+02,5.999999999999999778e-01,2.994376757263353568e-03,1.000000000000000000e+00
6.187499999999999944e-02,5.437500000000000493e-03,3.235710843403170429e+02,5.999999999999999778e-01,2.994376757263353568e-03,1.000000000000000000e+00
6.312500000000000056e-02,5.437500000000000493e-03,3.236742165883872531e+02,5.999999999999999778e-01,2.994376757263353568e-03,1.000000000000000000e+00
6.437500000000000167e-02,5.437500000000000493e-03,3.237759184446475729e+02,5.999999999999999778e-01,2.994376757263353568e-03,1.000000000000000000e+00
6.562500000000000278e-02,5.437500000000000493e-03,3.238762429600943733e+02,5.999999999999999778e-01,2.994376757263353568e-03,1.000000000000000000e+00
6.687500000000000389e-02,5.437500000000000493e-03,3.239752385388052858e+02,5.999999999999999778e-01,2.994376757263353568e-03,1.000000000000000000e+00
6.812500000000000500e-02,5.437500000000000493e-03,3.240729494267255859e+02,5.999999999999999778e-01,2.994376757263353568e-03,1.000000000000000000e+00
6.937500000000000611e-02,5.437500000000000493e-03,3.241694161477486205e+02,5.999999999999999778e-01,2.994376757263353568e-03,1.000000000000000000e+00
7.062500000000000722e-02,5.437500000000000493e-03,3.242646758928547115e+02,5.999999999999999778e-01,2.994376757263353568e-03,1.000000000000000000e+00
7.187500000000000833e-02,5.437500000000000493e-03,3.243587628674175107e+02,5.999999999999999778e-01,2.994376757263353568e-03,1.000000000000000000e+00
7.312499999999999556e-02,5.437500000000000493e-03,3.244517086012225491e+02,5.999999999999999778e-01,2.994376757263353568e-03,1.000000000000000000e+00
7.437499999999999667e-02,5.437500000000000493e-03,3.245435422252415378e+02,5.999999999999999778e-01,2.994376757263353568e-03,1.000000000000000000e+00
7.562499999999999778e-02,5.437500000000000493e-03,3.246342907187547553e+02,5.999999999999999778e-01,2.994376757263353568e-03,1.000000000000000000e+00
7.687499999999999889e-02,5.437500000000000493e-03,3.247239791300238494e+02,5.999999999999999778e-01,2.994376757263353568e-03,1.000000000000000000e+00
7.812500000000000000e-02,5.437500000000000493e-03,3.248126307733673457e+02,5.999999999999999778e-01,2.994376757263353568e-03,1.000000000000000000e+00
7.937500000000000111e-02,5.437500000000000493e-03,3.249002674051839676e+02,5.999999999999999778e-01,2.994376757263353568e-03,1.000000000000000000e+00
8.062500000000000222e-02,5.437500000000000493e-03,3.249869093811823859e+02,5.999999999999999778e-01,2.994376757263353568e-03,1.000000000000000000e+00
8.187500000000000333e-02,5.437500000000000493e-03,3.250725757968441485e+02,5.999999999999999778e-01,2.994376757263353568e-03,1.000000000000000000e+00
8.312500000000000444e-02,5.437500000000000493e-03,3.251572846129187724e+02,5.999999999999999778e-01,2.994376757263353568e-03,1.000000000000000000e+00
8.437500000000000555e-02,5.437500000000000493e-03,3.252410527675576759e+02,5.999999999999999778e-01,2.994376757263353568e-03,1.000000000000000000e+00
8.562500000000000666e-02,5.437500000000000493e-03,3.253238962765213387e+02,5.999999999999999778e-01,2.994376757263353568e-03,1.000000000000000000e+00
8.687500000000000777e-02,5.437500000000000493e-03,3.254058303227386659e+02,5.999999999999999778e-01,2.994376757263353568e-03,1.000000000000000000e+00
8.812499999999999500e-02,5.437500000000000493e-03,3.254868693363521288e+02,5.999999999999999778e-01,2.994376757263353568e-03,1.000000000000000000e+00
8.937499999999999611e-02,5.437500000000000493e-03,3.255670270662317307e+02,5.999999999999999778e-01,2.994376757263353568e-03,1.000000000000000000e+00
9.062499999999999722e-02,5.437500000000000493e-03,3.256463166436419101e+02,5.999999999999999778e-01,2.994376757263353568e-03,1.000000000000000000e+00
9.187499999999999833e-02,5.437500000000000493e-03,3.257247506375653643e+02,5.999999999999999778e-01,2.994376757263353568e-03,1.000000000000000000e+00
9.312499999999999944e-02,5.437500000000000493e-03,3.258023410946634044e+02,5.999999999999999778e-01,2.994376757263353568e-03,1.000000000000000000e+00
9.437500000000000056e-02,5.437500000000000493e-03,3.258790995177966465e+02,5.999999999999999778e-01,2.994376757263353568e-03,1.000000000000000000e+00
9.562500000000000167e-02,5.437500000000000493e-03,3.259550364667346685e+02,5.999999999999999778e-01,2.994376757263353568e-03,1.000000000000000000e+00
9.687500000000000278e-02,5.437500000000000493e-03,3.260301574700220044e+02,5.999999999999999778e-01,2.994376757263353568e-03,1.000000000000000000e+00
9.812500000000000389e-02,5.437500000000000493e-03,3.261043871335249946e+02,5.999999999999999778e-01,2.994376757263353568e-03,1.000000000000000000e+00
9.937500000000000500e-02,5.437500000000000493e-03,3.261754457280284782e+02,5.999999999999999778e-01,2.994376757263353568e-03,1.000000000000000000e+00
6.250000000000000130e-04,5.562499999999999736e-03,3.013881402555823570e+02,5.999999999999999778e-01,2.394564198687911243e-03,1.000000000000000000e+00
1.874999999999999931e-03,5.562499999999999736e-03,3.071118062697956361e+02,5.999999999999999778e-01,2.394564198687911243e-03,1.000000000000000000e+00
3.125000000000000173e-03,5.562499999999999736e-03,3.105722494134311091e+02,5.999999999999999778e-01,2.394564198687911243e-03,1.000000000000000000e+00
4.375000000000000416e-03,5.562499999999999736e-03,3.128358019203800495e+02,5.999999999999999778e-01,2.394564198687911243e-03,1.000000000000000000e+00
5.624999999999999792e-03,5.562499999999999736e-03,3.144442852451776389e+02,5.999999999999999778e-01,2.394564198687911243e-03,1.000000000000000000e+00
6.875000000000000035e-03,5.562499999999999736e-03,3.156615684975627119e+02,5.999999999999999778e-01,2.394564198687911243e-03,1.000000000000000000e+00
8.125000000000000278e-03,5.562499999999999736e-03,3.166259659770740882e+02,5.999999999999999778e-01,2.394564198687911243e-03,1.000000000000000000e+00
9.374999999999999653e-03,5.562499999999999736e-03,3.174162635015367186e+02,5.999999999999999778e-01,2.394564198687911243e-03,1.000000000000000000e+00
1.062500000000000076e-02,5.562499999999999736e-03,3.180806860790958126e+02,5.999999999999999778e-01,2.394564198687911243e-03,1.000000000000000000e+00
1.187500000000000014e-02,5.562499999999999736e-03,3.186505412829778834e+02,5.999999999999999778e-01,2.394564198687911243e-03,1.000000000000000000e+00
1.312499999999999951e-02,5.562499999999999736e-03,3.191471478101701109e+02,5.999999999999999778e-01,2.394564198687911243e-03,1.000000000000000000e+00
1.437500000000000062e-02,5.562499999999999736e-03,3.195856003963672833e+02,5.999999999999999778e-01,2.394564198687911243e-03,1.000000000000000000e+00
1.562500000000000000e-02,5.562499999999999736e-03,3.199769381543405871e+02,5.999999999999999778e-01,2.394564198687911243e-03,1.000000000000000000e+00
1.687500000000000111e-02,5.562499999999999736e-03,3.203294565708423534e+02,5.999999999999999778e-01,2.394564198687911243e-03,1.000000000000000000e+00
1.812499999999999875e-02,5.562499999999999736e-03,3.206495352646317087e+02,5.999999999999999778e-01,2.394564198687911243e-03,1.000000000000000000e+00
1.937499999999999986e-02,5.562499999999999736e-03,3.209421791504220209e+02,5.999999999999999778e-01,2.394564198687911243e-03,1.000000000000000000e+00
2.062500000000000097e-02,5.562499999999999736e-03,3.212113831848621430e+02,5.999999999999999778e-01,2.394564198687911243e-03,1.000000000000000000e+00
2.187500000000000208e-02,5.562499999999999736e-03,3.214603847627961386e+02,5.999999999999999778e-01,2.394564198687911243e-03,1.000000000000000000e+00
2.312499999999999972e-02,5.562499999999999736e-03,3.216918424253960325e+02,5.999999999999999778e-01,2.394564198687911243e-03,1.000000000000000000e+00
2.437500000000000083e-02,5.562499999999999736e-03,3.219079649817162476e+02,5.999999999999999778e-01,2.394564198687911243e-03,1.000000000000000000e+00
2.562500000000000194e-02,5.562499999999999736e-03,3.221106065051895939e+02,5.999999999999999778e-01,2.394564198687911243e-03,1.000000000000000000e+00
2.687499999999999958e-02,5.562499999999999736e-03,3.223013373776002481e+02,5.999999999999999778e-01,2.394564198687911243e-03,1.000000000000000000e+00
2.812500000000000069e-02,5.562499999999999736e-03,3.224814982241504708e+02,5.999999999999999778e-01,2.394564198687911243e-03,1.000000000000000000e+00
2.937500000000000180e-02,5.562499999999999736e-03,3.226522414351384782e+02,5.999999999999999778e-01,2.394564198687911243e-03,1.000000000000000000e+00
3.062499999999999944e-02,5.562499999999999736e-03,3.228145635523949295e+02,5.999999999999999778e-01,2.394564198687911243e-03,1.000000000000000000e+00
3.187500000000000056e-02,5.562499999999999736e-03,3.229693308446126139e+02,5.999999999999999778e-01,2.394564198687911243e-03,1.000000000000000000e+00
3.312500000000000167e-02,5.562499999999999736e-03,3.231172997421211903e+02,5.999999999999999778e-01,2.394564198687911243e-03,1.000000000000000000e+00
3.437500000000000278e-02,5.562499999999999736e-03,3.232591333467819368e+02,5.999999999999999778e-01,2.394564198687911243e-03,1.000000000000000000e+00
3.562500000000000389e-02,5.562499999999999736e-03,3.233954149116930807e+02,5.999999999999999778e-01,2.394564198687911243e-03,1.000000000000000000e+00
3.687499999999999806e-02,5.562499999999999736e-03,3.235266589560584976e+02,5.999999999999999778e-01,2.394564198687911243e-03,1.000000000000000000e+00
3.812499999999999917e-02,5.562499999999999736e-03,3.236533205149165724e+02,5.999999999999999778e-01,2.394564198687911243e-03,1.000000000000000000e+00
3.937500000000000028e-02,5.562499999999999736e-03,3.237758029025839051e+02,5.999999999999999778e-01,2.394564198687911243e-03,1.000000000000000000e+00
4.062500000000000139e-02,5.562499999999999736e-03,3.238944642797129632e+02,5.999999999999999778e-01,2.394564198687911243e-03,1.000000000000000000e+00
4.187500000000000250e-02,5.562499999999999736e-03,3.240096232478388174e+02,5.999999999999999778e-01,2.394564198687911243e-03,1.000000000000000000e+00
4.312500000000000361e-02,5.562499999999999736e-03,3.241215636458950939e+02,5.999999999999999778e-01,2.394564198687911243e-03,1.000000000000000000e+00
4.437499999999999778e-02,5.562499999999999736e-03,3.242305386859410419e+02,5.999999999999999778e-01,2.394564198687911243e-03,1.000000000000000000e+00
4.562499999999999889e-02,5.562499999999999736e-03,3.243367745370614443e+02,5.999999999999999778e-01,2.394564198687911243e-03,1.000000000000000000e+00
4.687500000000000000e-02,5.562499999999999736e-03,3.244404734447469991e+02,5.999999999999999778e-01,2.394564198687911243e-03,1.000000000000000000e+00
4.812500000000000111e-02,5.562499999999999736e-03,3.245418164563778873e+02,5.999999999999999778e-01,2.394564198687911243e-03,1.000000000000000000e+00
4.937500000000000222e-02,5.562499999999999736e-03,3.246409658104413438e+02,5.999999999999999778e-01,2.394564198687911243e-03,1.000000000000000000e+00
5.062500000000000333e-02,5.562499999999999736e-03,3.247380670369502695e+02,5.999999999999999778e-01,2.394564198687911243e-03,1.000000000000000000e+00
5.187500000000000444e-02,5.562499999999999736e-03,3.248332508084790220e+02,5.999999999999999778e-01,2.394564198687911243e-03,1.000000000000000000e+00
5.312499999999999861e-02,5.562499999999999736e-03,3.249266345748281992e+02,5.999999999999999778e-01,2.394564198687911243e-03,1.000000000000000000e+00
5.437499999999999972e-02,5.562499999999999736e-03,3.250183240091605512e+02,5.999999999999999778e-01,2.394564198687911243e-03,1.000000000000000000e+00
5.562500000000000083e-02,5.562499999999999736e-03,3.251084142892811997e+02,5.999999999999999778e-01,2.394564198687911243e-03,1.000000000000000000e+00
5.687500000000000194e-02,5.562499999999999736e-03,3.251969912342855196e+02,5.999999999999999778e-01,2.394564198687911243e-03,1.000000000000000000e+00
5.812500000000000305e-02,5.562499999999999736e-03,3.252841323139911651e+02,5.999999999999999778e-01,2.394564198687911243e-03,1.000000000000000000e+00
5.937500000000000416e-02,5.562499999999999736e-03,3.253699075461939856e+02,5.999999999999999778e-01,2.394564198687911243e-03,1.000000000000000000e+00
6.062499999999999833e-02,5.562499999999999736e-03,3.254543802948300595e+02,5.999999999999999778e-01,2.394564198687911243e-03,1.000000000000000000e+00
6.187499999999999944e-02,5.562499999999999736e-03,3.255376079804369738e+02,5.999999999999999778e-01,2.394564198687911243e-03,1.000000000000000000e+00
6.312500000000000056e-02,5.562499999999999736e-03,3.256196427128973028e+02,5.999999999999999778e-01,2.394564198687911243e-03,1.000000000000000000e+00
6.437500000000000167e-02,5.562499999999999736e-03,3.257005318552184008e+02,5.999999999999999778e-01,2.394564198687911243e-03,1.000000000000000000e+00
6.562500000000000278e-02,5.562499999999999736e-03,3.257803185260650025e+02,5.999999999999999778e-01,2.394564198687911243e-03,1.000000000000000000e+00
6.687500000000000389e-02,5.562499999999999736e-03,3.258590420478386136e+02,5.999999999999999778e-01,2.394564198687911243e-03,1.000000000000000000e+00
6.812500000000000500e-02,5.562499999999999736e-03,3.259367383463220449e+02,5.999999999999999778e-01,2.394564198687911243e-03,1.000000000000000000e+00
6.937500000000000611e-02,5.562499999999999736e-03,3.260134403072053146e+02,5.999999999999999778e-01,2.394564198687911243e-03,1.000000000000000000e+00
7.062500000000000722e-02,5.562499999999999736e-03,3.260891780942116611e+02,5.999999999999999778e-01,2.394564198687911243e-03,1.000000000000000000e+00
7.187500000000000833e-02,5.562499999999999736e-03,3.261639794330122868e+02,5.999999999999999778e-01,2.394564198687911243e-03,1.000000000000000000e+00
7.312499999999999556e-02,5.562499999999999736e-03,3.262378698646436987e+02,5.999999999999999778e-01,2.394564198687911243e-03,1.000000000000000000e+00
7.437499999999999667e-02,5.562499999999999736e-03,3.263108729717445726e+02,5.999999999999999778e-01,2.394564198687911243e-03,1.000000000000000000e+00
7.562499999999999778e-02,5.562499999999999736e-03,3.263830105805434414e+02,5.999999999999999778e-01,2.394564198687911243e-03,1.000000000000000000e+00
7.687499999999999889e-02,5.562499999999999736e-03,3.264543029412253645e+02,5.999999999999999778e-01,2.394564198687911243e-03,1.000000000000000000e+00
7.812500000000000000e-02,5.562499999999999736e-03,3.265247688890015070e+02,5.999999999999999778e-01,2.394564198687911243e-03,1.000000000000000000e+00
7.937500000000000111e-02,5.562499999999999736e-03,3.265944259879726133e+02,5.999999999999999778e-01,2.394564198687911243e-03,1.000000000000000000e+00
8.062500000000000222e-02,5.562499999999999736e-03,3.266632906596248631e+02,5.999999999999999778e-01,2.394564198687911243e-03,1.000000000000000000e+00
8.187500000000000333e-02,5.562499999999999736e-03,3.267313782976226548e+02,5.999999999999999778e-01,2.394564198687911243e-03,1.000000000000000000e+00
8.312500000000000444e-02,5.562499999999999736e-03,3.267987033703627162e+02,5.999999999999999778e-01,2.394564198687911243e-03,1.000000000000000000e+00
8.437500000000000555e-02,5.562499999999999736e-03,3.268652795126100727e+02,5.999999999999999778e-01,2.394564198687911243e-03,1.000000000000000000e+00
8.562500000000000666e-02,5.562499999999999736e-03,3.269311196073813903e+02,5.999999999999999778e-01,2.394564198687911243e-03,1.000000000000000000e+00
8.687500000000000777e-02,5.562499999999999736e-03,3.269962358591260454e+02,5.999999999999999778e-01,2.394564198687911243e-03,1.000000000000000000e+00
8.812499999999999500e-02,5.562499999999999736e-03,3.270606398591230004e+02,5.999999999999999778e-01,2.394564198687911243e-03,1.000000000000000000e+00
8.937499999999999611e-02,5.562499999999999736e-03,3.271243426438726942e+02,5.999999999999999778e-01,2.394564198687911243e-03,1.000000000000000000e+00
9.062499999999999722e-02,5.562499999999999736e-03,3.271873547468737229e+02,5.999999999999999778e-01,2.394564198687911243e-03,1.000000000000000000e+00
9.187499999999999833e-02,5.562499999999999736e-03,3.272496862424119399e+02,5.999999999999999778e-01,2.394564198687911243e-03,1.000000000000000000e+00
9.312499999999999944e-02,5.562499999999999736e-03,3.273113467699082548e+02,5.999999999999999778e-01,2.394564198687911243e-03,1.000000000000000000e+00
9.437500000000000056e-02,5.562499999999999736e-03,3.273723454673157107e+02,5.999999999999999778e-01,2.394564198687911243e-03,1.000000000000000000e+00
9.562500000000000167e-02,5.562499999999999736e-03,3.274326903484122795e+02,5.999999999999999778e-01,2.394564198687911243e-03,1.000000000000000000e+00
9.687500000000000278e-02,5.562499999999999736e-03,3.274923829918238880e+02,5.999999999999999778e-01,2.394564198687911243e-03,1.000000000000000000e+00
9.812500000000000389e-02,5.562499999999999736e-03,3.275513397089602563e+02,5.999999999999999778e-01,2.394564198687911243e-03,1.000000000000000000e+00
9.937500000000000500e-02,5.562499999999999736e-03,3.276075001472019039e+02,5.999999999999999778e-01,2.394564198687911243e-03,1.000000000000000000e+00
6.250000000000000130e-04,5.687499999999999847e-03,3.066242449311214955e+02,5.999999999999999778e-01,1.757263355201499734e-03,1.000000000000000000e+00
1.874999999999999931e-03,5.687499999999999847e-03,3.128840698999123902e+02,5.999999999999999778e-01,1.757263355201499734e-03,1.000000000000000000e+00
3.125000000000000173e-03,5.687499999999999847e-03,3.159955854377489572e+02,5.999999999999999778e-01,1.757263355201499734e-03,1.000000000000000000e+00
4.375000000000000416e-03,5.687499999999999847e-03,3.178682151775998932e+02,5.999999999999999778e-01,1.757263355201499734e-03,1.000000000000000000e+00
5.624999999999999792e-03,5.687499999999999847e-03,3.191487141980765614e+02,5.999999999999999778e-01,1.757263355201499734e-03,1.000000000000000000e+00
6.875000000000000035e-03,5.687499999999999847e-03,3.200982950264612441e+02,5.999999999999999778e-01,1.757263355201499734e-03,1.000000000000000000e+00
8.125000000000000278e-03,5.687499999999999847e-03,3.208415811407846263e+02,5.999999999999999778e-01,1.757263355201499734e-03,1.000000000000000000e+00
9.374999999999999653e-03,5.687499999999999847e-03,3.214459227779867661e+02,5.999999999999999778e-01,1.757263355201499734e-03,1.000000000000000000e+00
1.062500000000000076e-02,5.687499999999999847e-03,3.219512364155133355e+02,5.999999999999999778e-01,1.757263355201499734e-03,1.000000000000000000e+00
1.187500000000000014e-02,5.687499999999999847e-03,3.223828905620836736e+02,5.999999999999999778e-01,1.757263355201499734e-03,1.000000000000000000e+00
1.312499999999999951e-02,5.687499999999999847e-03,3.227579051073005871e+02,5.999999999999999778e-01,1.757263355201499734e-03,1.000000000000000000e+00
1.437500000000000062e-02,5.687499999999999847e-03,3.230882005386895912e+02,5.999999999999999778e-01,1.757263355201499734e-03,1.000000000000000000e+00
1.562500000000000000e-02,5.687499999999999847e-03,3.233824224680575981e+02,5.999999999999999778e-01,1.757263355201499734e-03,1.000000000000000000e+00
1.687500000000000111e-02,5.687499999999999847e-03,3.236470253600373326e+02,5.999999999999999778e-01,1.757263355201499734e-03,1.000000000000000000e+00
1.812499999999999875e-02,5.687499999999999847e-03,3.238869467736561205e+02,5.999999999999999778e-01,1.757263355201499734e-03,1.000000000000000000e+00
1.937499999999999986e-02,5.687499999999999847e-03,3.241060433864439574e+02,5.999999999999999778e-01,1.757263355201499734e-03,1.000000000000000000e+00
2.062500000000000097e-02,5.687499999999999847e-03,3.243073823321126383e+02,5.999999999999999778e-01,1.757263355201499734e-03,1.000000000000000000e+00
2.187500000000000208e-02,5.687499999999999847e-03,3.244934413760303187e+02,5.999999999999999778e-01,1.757263355201499734e-03,1.000000000000000000e+00
2.312499999999999972e-02,5.687499999999999847e-03,3.246662498162600059e+02,5.999999999999999778e-01,1.757263355201499734e-03,1.000000000000000000e+00
2.437500000000000083e-02,5.687499999999999847e-03,3.248274897822958565e+02,5.999999999999999778e-01,1.757263355201499734e-03,1.000000000000000000e+00
2.562500000000000194e-02,5.687499999999999847e-03,3.249785704427100086e+02,5.999999999999999778e-01,1.757263355201499734e-03,1.000000000000000000e+00
2.687499999999999958e-02,5.687499999999999847e-03,3.251206832936433102e+02,5.999999999999999778e-01,1.757263355201499734e-03,1.000000000000000000e+00
2.812500000000000069e-02,5.687499999999999847e-03,3.252548439922142052e+02,5.999999999999999778e-01,1.757263355201499734e-03,1.000000000000000000e+00
2.937500000000000180e-02,5.687499999999999847e-03,3.253819244643165689e+02,5.999999999999999778e-01,1.757263355201499734e-03,1.000000000000000000e+00
3.062499999999999944e-02,5.687499999999999847e-03,3.255026778789009541e+02,5.999999999999999778e-01,1.757263355201499734e-03,1.000000000000000000e+00
3.187500000000000056e-02,5.687499999999999847e-03,3.256177583194108252e+02,5.999999999999999778e-01,1.757263355201499734e-03,1.000000000000000000e+00
3.312500000000000167e-02,5.687499999999999847e-03,3.257277364638424615e+02,5.999999999999999778e-01,1.757263355201499734e-03,1.000000000000000000e+00
3.437500000000000278e-02,5.687499999999999847e-03,3.258331122249880991e+02,5.999999999999999778e-01,1.757263355201499734e-03,1.000000000000000000e+00
3.562500000000000389e-02,5.687499999999999847e-03,3.259343250493524238e+02,5.999999999999999778e-01,1.757263355201499734e-03,1.000000000000000000e+00
3.687499999999999806e-02,5.687499999999999847e-03,3.260317623929459501e+02,5.999999999999999778e-01,1.757263355201499734e-03,1.000000000000000000e+00
3.812499999999999917e-02,5.687499999999999847e-03,3.261257667622975873e+02,5.999999999999999778e-01,1.757263355201499734e-03,1.000000000000000000e+00
3.937500000000000028e-02,5.687499999999999847e-03,3.262166416145014978e+02,5.999999999999999778e-01,1.757263355201499734e-03,1.000000000000000000e+00
4.062500000000000139e-02,5.687499999999999847e-03,3.263046563406878704e+02,5.999999999999999778e-01,1.757263355201499734e-03,1.000000000000000000e+00
4.187500000000000250e-02,5.687499999999999847e-03,3.263900505058639396e+02,5.999999999999999778e-01,1.757263355201499734e-03,1.000000000000000000e+00
4.312500000000000361e-02,5.687499999999999847e-03,3.264730374796620822e+02,5.999999999999999778e-01,1.757263355201499734e-03,1.000000000000000000e+00
4.437499999999999778e-02,5.687499999999999847e-03,3.265538075636184772e+02,5.999999999999999778e-01,1.757263355201499734e-03,1.000000000000000000e+00
4.562499999999999889e-02,5.687499999999999847e-03,3.266325306986831265e+02,5.999999999999999778e-01,1.757263355201499734e-03,1.000000000000000000e+00
4.687500000000000000e-02,5.687499999999999847e-03,3.267093588199073224e+02,5.999999999999999778e-01,1.757263355201499734e-03,1.000000000000000000e+00
4.812500000000000111e-02,5.687499999999999847e-03,3.267844279123617071e+02,5.999999999999999778e-01,1.757263355201499734e-03,1.000000000000000000e+00
4.937500000000000222e-02,5.687499999999999847e-03,3.268578598123133361e+02,5.999999999999999778e-01,1.757263355201499734e-03,1.000000000000000000e+00
5.062500000000000333e-02,5.687499999999999847e-03,3.269297637898677067e+02,5.999999999999999778e-01,1.757263355201499734e-03,1.000000000000000000e+00
5.187500000000000444e-02,5.687499999999999847e-03,3.270002379430894166e+02,5.999999999999999778e-01,1.757263355201499734e-03,1.000000000000000000e+00
5.312499999999999861e-02,5.687499999999999847e-03,3.270693704286984484e+02,5.999999999999999778e-01,1.757263355201499734e-03,1.000000000000000000e+00
5.437499999999999972e-02,5.687499999999999847e-03,3.271372405504825451e+02,5.999999999999999778e-01,1.757263355201499734e-03,1.000000000000000000e+00
5.562500000000000083e-02,5.687499999999999847e-03,3.272039197233731329e+02,5.999999999999999778e-01,1.757263355201499734e-03,1.000000000000000000e+00
5.687500000000000194e-02,5.687499999999999847e-03,3.272694723285007967e+02,5.999999999999999778e-01,1.757263355201499734e-03,1.000000000000000000e+00
5.812500000000000305e-02,5.687499999999999847e-03,3.273339564724057595e+02,5.999999999999999778e-01,1.757263355201499734e-03,1.000000000000000000e+00
5.937500000000000416e-02,5.687499999999999847e-03,3.273974246617683548e+02,5.999999999999999778e-01,1.757263355201499734e-03,1.000000000000000000e+00
6.062499999999999833e-02,5.687499999999999847e-03,3.274599244035422316e+02,5.999999999999999778e-01,1.757263355201499734e-03,1.000000000000000000e+00
6.187499999999999944e-02,5.687499999999999847e-03,3.275214987390824604e+02,5.999999999999999778e-01,1.757263355201499734e-03,1.000000000000000000e+00
6.312500000000000056e-02,5.687499999999999847e-03,3.275821867198005748e+02,5.999999999999999778e-01,1.757263355201499734e-03,1.000000000000000000e+00
6.437500000000000167e-02,5.687499999999999847e-03,3.276420238309422075e+02,5.999999999999999778e-01,1.757263355201499734e-03,1.000000000000000000e+00
6.562500000000000278e-02,5.687499999999999847e-03,3.277010423693008647e+02,5.999999999999999778e-01,1.757263355201499734e-03,1.000000000000000000e+00
6.687500000000000389e-02,5.687499999999999847e-03,3.277592717799832371e+02,5.999999999999999778e-01,1.757263355201499734e-03,1.000000000000000000e+00
6.812500000000000500e-02,5.687499999999999847e-03,3.278167389567597070e+02,5.999999999999999778e-01,1.757263355201499734e-03,1.000000000000000000e+00
6.937500000000000611e-02,5.687499999999999847e-03,3.278734685099948933e+02,5.999999999999999778e-01,1.757263355201499734e-03,1.000000000000000000e+00
7.062500000000000722e-02,5.687499999999999847e-03,3.279294830057135073e+02,5.999999999999999778e-01,1.757263355201499734e-03,1.000000000000000000e+00
7.187500000000000833e-02,5.687499999999999847e-03,3.279848031789504716e+02,5.999999999999999778e-01,1.757263355201499734e-03,1.000000000000000000e+00
7.312499999999999556e-02,5.687499999999999847e-03,3.280394481241777953e+02,5.999999999999999778e-01,1.757263355201499734e-03,1.000000000000000000e+00
7.437499999999999667e-02,5.687499999999999847e-03,3.280934354653018659e+02,5.999999999999999778e-01,1.757263355201499734e-03,1.000000000000000000e+00
7.562499999999999778e-02,5.687499999999999847e-03,3.281467815074385612e+02,5.999999999999999778e-01,1.757263355201499734e-03,1.000000000000000000e+00
7.687499999999999889e-02,5.687499999999999847e-03,3.281995013724379078e+02,5.999999999999999778e-01,1.757263355201499734e-03,1.000000000000000000e+00
7.812500000000000000e-02,5.687499999999999847e-03,3.282516091199056518e+02,5.999999999999999778e-01,1.757263355201499734e-03,1.000000000000000000e+00
7.937500000000000111e-02,5.687499999999999847e-03,3.283031178552988649e+02,5.999999999999999778e-01,1.757263355201499734e-03,1.000000000000000000e+00
8.062500000000000222e-02,5.687499999999999847e-03,3.283540398264682949e+02,5.999999999999999778e-01,1.757263355201499734e-03,1.000000000000000000e+00
8.187500000000000333e-02,5.687499999999999847e-03,3.284043865099066011e+02,5.999999999999999778e-01,1.757263355201499734e-03,1.000000000000000000e+00
8.312500000000000444e-02,5.687499999999999847e-03,3.284541686877996653e+02,5.999999999999999778e-01,1.757263355201499734e-03,1.000000000000000000e+00
8.437500000000000555e-02,5.687499999999999847e-03,3.285033965168718737e+02,5.999999999999999778e-01,1.757263355201499734e-03,1.000000000000000000e+00
8.562500000000000666e-02,5.687499999999999847e-03,3.285520795899049062e+02,5.999999999999999778e-01,1.757263355201499734e-03,1.000000000000000000e+00
8.687500000000000777e-02,5.687499999999999847e-03,3.286002269907153845e+02,5.999999999999999778e-01,1.757263355201499734e-03,1.000000000000000000e+00
8.812499999999999500e-02,5.687499999999999847e-03,3.286478473432726446e+02,5.999999999999999778e-01,1.757263355201499734e-03,1.000000000000000000e+00
8.937499999999999611e-02,5.687499999999999847e-03,3.286949488555033554e+02,5.999999999999999778e-01,1.757263355201499734e-03,1.000000000000000000e+00
9.062499999999999722e-02,5.687499999999999847e-03,3.287415393578132239e+02,5.999999999999999778e-01,1.757263355201499734e-03,1.000000000000000000e+00
9.187499999999999833e-02,5.687499999999999847e-03,3.287876263337902287e+02,5.999999999999999778e-01,1.757263355201499734e-03,1.000000000000000000e+00
9.312499999999999944e-02,5.687499999999999847e-03,3.288332169255988902e+02,5.999999999999999778e-01,1.757263355201499734e-03,1.000000000000000000e+00
9.437500000000000056e-02,5.687499999999999847e-03,3.288783178079431195e+02,5.999999999999999778e-01,1.757263355201499734e-03,1.000000000000000000e+00
9.562500000000000167e-02,5.687499999999999847e-03,3.289229342672985013e+02,5.999999999999999778e-01,1.757263355201499734e-03,1.000000000000000000e+00
9.687500000000000278e-02,5.687499999999999847e-03,3.289670633787925453e+02,5.999999999999999778e-01,1.757263355201499734e-03,1.000000000000000000e+00
9.812500000000000389e-02,5.687499999999999847e-03,3.290106142928605664e+02,5.999999999999999778e-01,1.757263355201499734e-03,1.000000000000000000e+00
9.937500000000000500e-02,5.687499999999999847e-03,3.290518271178129908e+02,5.999999999999999778e-01,1.757263355201499734e-03,1.000000000000000000e+00
6.250000000000000130e-04,5.812499999999999958e-03,3.141291777318459708e+02,5.999999999999999778e-01,1.082474226804123162e-03,1.000000000000000000e+00
1.874999999999999931e-03,5.812499999999999958e-03,3.196457473138283376e+02,5.999999999999999778e-01,1.082474226804123162e-03,1.000000000000000000e+00
3.125000000000000173e-03,5.812499999999999958e-03,3.219074604104052355e+02,5.999999999999999778e-01,1.082474226804123162e-03,1.000000000000000000e+00
4.375000000000000416e-03,5.812499999999999958e-03,3.231931151822291213e+02,5.999999999999999778e-01,1.082474226804123162e-03,1.000000000000000000e+00
5.624999999999999792e-03,5.812499999999999958e-03,3.240524049858367448e+02,5.999999999999999778e-01,1.082474226804123162e-03,1.000000000000000000e+00
6.875000000000000035e-03,5.812499999999999958e-03,3.246823972903492859e+02,5.999999999999999778e-01,1.082474226804123162e-03,1.000000000000000000e+00
8.125000000000000278e-03,5.812499999999999958e-03,3.251723295973023369e+02,5.999999999999999778e-01,1.082474226804123162e-03,1.000000000000000000e+00
9.374999999999999653e-03,5.812499999999999958e-03,3.255690537383225092e+02,5.999999999999999778e-01,1.082474226804123162e-03,1.000000000000000000e+00
1.062500000000000076e-02,5.812499999999999958e-03,3.258998506592842546e+02,5.999999999999999778e-01,1.082474226804123162e-03,1.000000000000000000e+00
1.187500000000000014e-02,5.812499999999999958e-03,3.261818615592458173e+02,5.999999999999999778e-01,1.082474226804123162e-03,1.000000000000000000e+00
1.312499999999999951e-02,5.812499999999999958e-03,3.264264974528433072e+02,5.999999999999999778e-01,1.082474226804123162e-03,1.000000000000000000e+00
1.437500000000000062e-02,5.812499999999999958e-03,3.266417059810804062e+02,5.999999999999999778e-01,1.082474226804123162e-03,1.000000000000000000e+00
1.562500000000000000e-02,5.812499999999999958e-03,3.268332272686852775e+02,5.999999999999999778e-01,1.082474226804123162e-03,1.000000000000000000e+00
1.687500000000000111e-02,5.812499999999999958e-03,3.270053327081174643e+02,5.999999999999999778e-01,1.082474226804123162e-03,1.000000000000000000e+00
1.812499999999999875e-02,5.812499999999999958e-03,3.271612813088682969e+02,5.999999999999999778e-01,1.082474226804123162e-03,1.000000000000000000e+00
1.937499999999999986e-02,5.812499999999999958e-03,3.273036131923958010e+02,5.999999999999999778e-01,1.082474226804123162e-03,1.000000000000000000e+00
2.062500000000000097e-02,5.812499999999999958e-03,3.274343448451309087e+02,5.999999999999999778e-01,1.082474226804123162e-03,1.000000000000000000e+00
2.187500000000000208e-02,5.812499999999999958e-03,3.275551028038908044e+02,5.999999999999999778e-01,1.082474226804123162e-03,1.000000000000000000e+00
2.312499999999999972e-02,5.812499999999999958e-03,3.276672174824293506e+02,5.999999999999999778e-01,1.082474226804123162e-03,1.000000000000000000e+00
2.437500000000000083e-02,5.812499999999999958e-03,3.277717904619715910e+02,5.999999999999999778e-01,1.082474226804123162e-03,1.000000000000000000e+00
2.562500000000000194e-02,5.812499999999999958e-03,3.278697436825831915e+02,5.999999999999999778e-01,1.082474226804123162e-03,1.000000000000000000e+00
2.687499999999999958e-02,5.812499999999999958e-03,3.279618560263754716e+02,5.999999999999999778e-01,1.082474226804123162e-03,1.000000000000000000e+00
2.812500000000000069e-02,5.812499999999999958e-03,3.280487909529490480e+02,5.999999999999999778e-01,1.082474226804123162e-03,1.000000000000000000e+00
2.937500000000000180e-02,5.812499999999999958e-03,3.281311176790983382e+02,5.999999999999999778e-01,1.082474226804123162e-03,1.000000000000000000e+00
3.062499999999999944e-02,5.812499999999999958e-03,3.282093276310008605e+02,5.999999999999999778e-01,1.082474226804123162e-03,1.000000000000000000e+00
3.187500000000000056e-02,5.812499999999999958e-03,3.282838473871578913e+02,5.999999999999999778e-01,1.082474226804123162e-03,1.000000000000000000e+00
3.312500000000000167e-02,5.812499999999999958e-03,3.283550489834318569e+02,5.999999999999999778e-01,1.082474226804123162e-03,1.000000000000000000e+00
3.437500000000000278e-02,5.812499999999999958e-03,3.284232582114746037e+02,5.999999999999999778e-01,1.082474226804123162e-03,1.000000000000000000e+00
3.562500000000000389e-02,5.812499999999999958e-03,3.284887613733828857e+02,5.999999999999999778e-01,1.082474226804123162e-03,1.000000000000000000e+00
3.687499999999999806e-02,5.812499999999999958e-03,3.285518108355447566e+02,5.999999999999999778e-01,1.082474226804123162e-03,1.000000000000000000e+00
3.812499999999999917e-02,5.812499999999999958e-03,3.286126296384333614e+02,5.999999999999999778e-01,1.082474226804123162e-03,1.000000000000000000e+00
3.937500000000000028e-02,5.812499999999999958e-03,3.286714153564154799e+02,5.999999999999999778e-01,1.082474226804123162e-03,1.000000000000000000e+00
4.062500000000000139e-02,5.812499999999999958e-03,3.287283433556423233e+02,5.999999999999999778e-01,1.082474226804123162e-03,1.000000000000000000e+00
4.187500000000000250e-02,5.812499999999999958e-03,3.287835695640435461e+02,5.999999999999999778e-01,1.082474226804123162e-03,1.000000000000000000e+00
4.312500000000000361e-02,5.812499999999999958e-03,3.288372328420421127e+02,5.999999999999999778e-01,1.082474226804123162e-03,1.000000000000000000e+00
4.437499999999999778e-02,5.812499999999999958e-03,3.288894570235037236e+02,5.999999999999999778e-01,1.082474226804123162e-03,1.000000000000000000e+00
4.562499999999999889e-02,5.812499999999999958e-03,3.289403526819497188e+02,5.999999999999999778e-01,1.082474226804123162e-03,1.000000000000000000e+00
4.687500000000000000e-02,5.812499999999999958e-03,3.289900186660195232e+02,5.999999999999999778e-01,1.082474226804123162e-03,1.000000000000000000e+00
4.812500000000000111e-02,5.812499999999999958e-03,3.290385434396636697e+02,5.999999999999999778e-01,1.082474226804123162e-03,1.000000000000000000e+00
4.937500000000000222e-02,5.812499999999999958e-03,3.290860062559340236e+02,5.999999999999999778e-01,1.082474226804123162e-03,1.000000000000000000e+00
5.062500000000000333e-02,5.812499999999999958e-03,3.291324781881091894e+02,5.999999999999999778e-01,1.082474226804123162e-03,1.000000000000000000e+00
5.187500000000000444e-02,5.812499999999999958e-03,3.291780230377974590e+02,5.999999999999999778e-01,1.082474226804123162e-03,1.000000000000000000e+00
5.312499999999999861e-02,5.812499999999999958e-03,3.292226981364467520e+02,5.999999999999999778e-01,1.082474226804123162e-03,1.000000000000000000e+00
5.437499999999999972e-02,5.812499999999999958e-03,3.292665550540794470e+02,5.999999999999999778e-01,1.082474226804123162e-03,1.000000000000000000e+00
5.562500000000000083e-02,5.812499999999999958e-03,3.293096402269840155e+02,5.999999999999999778e-01,1.082474226804123162e-03,1.000000000000000000e+00
5.687500000000000194e-02,5.812499999999999958e-03,3.293519955143629545e+02,5.999999999999999778e-01,1.082474226804123162e-03,1.000000000000000000e+00
5.812500000000000305e-02,5.812499999999999958e-03,3.293936586925420897e+02,5.999999999999999778e-01,1.082474226804123162e-03,1.000000000000000000e+00
5.937500000000000416e-02,5.812499999999999958e-03,3.294346638941470928e+02,5.999999999999999778e-01,1.082474226804123162e-03,1.000000000000000000e+00
6.062499999999999833e-02,5.812499999999999958e-03,3.294750419987080363e+02,5.999999999999999778e-01,1.082474226804123162e-03,1.000000000000000000e+00
6.187499999999999944e-02,5.812499999999999958e-03,3.295148209802781594e+02,5.999999999999999778e-01,1.082474226804123162e-03,1.000000000000000000e+00
6.312500000000000056e-02,5.812499999999999958e-03,3.295540262169851076e+02,5.999999999999999778e-01,1.082474226804123162e-03,1.000000000000000000e+00
6.437500000000000167e-02,5.812499999999999958e-03,3.295926807668113838e+02,5.999999999999999778e-01,1.082474226804123162e-03,1.000000000000000000e+00
6.562500000000000278e-02,5.812499999999999958e-03,3.296308056133883042e+02,5.999999999999999778e-01,1.082474226804123162e-03,1.000000000000000000e+00
6.687500000000000389e-02,5.812499999999999958e-03,3.296684198851352221e+02,5.999999999999999778e-01,1.082474226804123162e-03,1.000000000000000000e+00
6.812500000000000500e-02,5.812499999999999958e-03,3.297055410507036868e+02,5.999999999999999778e-01,1.082474226804123162e-03,1.000000000000000000e+00
6.937500000000000611e-02,5.812499999999999958e-03,3.297421850933168344e+02,5.999999999999999778e-01,1.082474226804123162e-03,1.000000000000000000e+00
7.062500000000000722e-02,5.812499999999999958e-03,3.297783666663250415e+02,5.999999999999999778e-01,1.082474226804123162e-03,1.000000000000000000e+00
7.187500000000000833e-02,5.812499999999999958e-03,3.298140992320294345e+02,5.999999999999999778e-01,1.082474226804123162e-03,1.000000000000000000e+00
7.312499999999999556e-02,5.812499999999999958e-03,3.298493951855851378e+02,5.999999999999999778e-01,1.082474226804123162e-03,1.000000000000000000e+00
7.437499999999999667e-02,5.812499999999999958e-03,3.298842659656100977e+02,5.999999999999999778e-01,1.082474226804123162e-03,1.000000000000000000e+00
7.562499999999999778e-02,5.812499999999999958e-03,3.299187221529400631e+02,5.999999999999999778e-01,1.082474226804123162e-03,1.000000000000000000e+00
7.687499999999999889e-02,5.812499999999999958e-03,3.299527735588060295e+02,5.999999999999999778e-01,1.082474226804123162e-03,1.000000000000000000e+00
7.812500000000000000e-02,5.812499999999999958e-03,3.299864293035746527e+02,5.999999999999999778e-01,1.082474226804123162e-03,1.000000000000000000e+00
7.937500000000000111e-02,5.812499999999999958e-03,3.300196978870817475e+02,5.999999999999999778e-01,1.082474226804123162e-03,1.000000000000000000e+00
8.062500000000000222e-02,5.812499999999999958e-03,3.300525872514420485e+02,5.999999999999999778e-01,1.082474226804123162e-03,1.000000000000000000e+00
8.187500000000000333e-02,5.812499999999999958e-03,3.300851048371667957e+02,5.999999999999999778e-01,1.082474226804123162e-03,1.000000000000000000e+00
8.312500000000000444e-02,5.812499999999999958e-03,3.301172576332929225e+02,5.999999999999999778e-01,1.082474226804123162e-03,1.000000000000000000e+00
8.437500000000000555e-02,5.812499999999999958e-03,3.301490522221762944e+02,5.999999999999999778e-01,1.082474226804123162e-03,1.000000000000000000e+00
8.562500000000000666e-02,5.812499999999999958e-03,3.301804948195150473e+02,5.999999999999999778e-01,1.082474226804123162e-03,1.000000000000000000e+00
8.687500000000000777e-02,5.812499999999999958e-03,3.302115913101148976e+02,5.999999999999999778e-01,1.082474226804123162e-03,1.000000000000000000e+00
8.812499999999999500e-02,5.812499999999999958e-03,3.302423472798283797e+02,5.999999999999999778e-01,1.082474226804123162e-03,1.000000000000000000e+00
8.937499999999999611e-02,5.812499999999999958e-03,3.302727680439566598e+02,5.999999999999999778e-01,1.082474226804123162e-03,1.000000000000000000e+00
9.062499999999999722e-02,5.812499999999999958e-03,3.303028586717343273e+02,5.999999999999999778e-01,1.082474226804123162e-03,1.000000000000000000e+00
9.187499999999999833e-02,5.812499999999999958e-03,3.303326240029242058e+02,5.999999999999999778e-01,1.082474226804123162e-03,1.000000000000000000e+00
9.312499999999999944e-02,5.812499999999999958e-03,3.303620686314478121e+02,5.999999999999999778e-01,1.082474226804123162e-03,1.000000000000000000e+00
9.437500000000000056e-02,5.812499999999999958e-03,3.303911967064323676e+02,5.999999999999999778e-01,1.082474226804123162e-03,1.000000000000000000e+00
9.562500000000000167e-02,5.812499999999999958e-03,3.304200106428442041e+02,5.999999999999999778e-01,1.082474226804123162e-03,1.000000000000000000e+00
9.687500000000000278e-02,5.812499999999999958e-03,3.304485025528770166e+02,5.999999999999999778e-01,1.082474226804123162e-03,1.000000000000000000e+00
9.812500000000000389e-02,5.812499999999999958e-03,3.304765767821953091e+02,5.999999999999999778e-01,1.082474226804123162e-03,1.000000000000000000e+00
9.937500000000000500e-02,5.812499999999999958e-03,3.305028729472963391e+02,5.999999999999999778e-01,1.082474226804123162e-03,1.000000000000000000e+00
6.250000000000000130e-04,5.937500000000000069e-03,3.239761403128881057e+02,5.999999999999999778e-01,3.701968134957813079e-04,1.000000000000000000e+00
1.874999999999999931e-03,5.937500000000000069e-03,3.269599952834773831e+02,5.999999999999999778e-01,3.701968134957813079e-04,1.000000000000000000e+00
3.125000000000000173e-03,5.937500000000000069e-03,3.280422974006062304e+02,5.999999999999999778e-01,3.701968134957813079e-04,1.000000000000000000e+00
4.375000000000000416e-03,5.937500000000000069e-03,3.286434716800444562e+02,5.999999999999999778e-01,3.701968134957813079e-04,1.000000000000000000e+00
5.624999999999999792e-03,5.937500000000000069e-03,3.290393901005646740e+02,5.999999999999999778e-01,3.701968134957813079e-04,1.000000000000000000e+00
6.875000000000000035e-03,5.937500000000000069e-03,3.293272866710626090e+02,5.999999999999999778e-01,3.701968134957813079e-04,1.000000000000000000e+00
8.125000000000000278e-03,5.937500000000000069e-03,3.295501938316828046e+02,5.999999999999999778e-01,3.701968134957813079e-04,1.000000000000000000e+00
9.374999999999999653e-03,5.937500000000000069e-03,3.297302413560593664e+02,5.999999999999999778e-01,3.701968134957813079e-04,1.000000000000000000e+00
1.062500000000000076e-02,5.937500000000000069e-03,3.298801354884822103e+02,5.999999999999999778e-01,3.701968134957813079e-04,1.000000000000000000e+00
1.187500000000000014e-02,5.937500000000000069e-03,3.300077901947862529e+02,5.999999999999999778e-01,3.701968134957813079e-04,1.000000000000000000e+00
1.312499999999999951e-02,5.937500000000000069e-03,3.301184447880405628e+02,5.999999999999999778e-01,3.701968134957813079e-04,1.000000000000000000e+00
1.437500000000000062e-02,5.937500000000000069e-03,3.302157350276308421e+02,5.999999999999999778e-01,3.701968134957813079e-04,1.000000000000000000e+00
1.562500000000000000e-02,5.937500000000000069e-03,3.303022800708208706e+02,5.999999999999999778e-01,3.701968134957813079e-04,1.000000000000000000e+00
1.687500000000000111e-02,5.937500000000000069e-03,3.303800252236752613e+02,5.999999999999999778e-01,3.701968134957813079e-04,1.000000000000000000e+00
1.812499999999999875e-02,5.937500000000000069e-03,3.304504525784499265e+02,5.999999999999999778e-01,3.701968134957813079e-04,1.000000000000000000e+00
1.937499999999999986e-02,5.937500000000000069e-03,3.305147159816866633e+02,5.999999999999999778e-01,3.701968134957813079e-04,1.000000000000000000e+00
2.062500000000000097e-02,5.937500000000000069e-03,3.305737305749827328e+02,5.999999999999999778e-01,3.701968134957813079e-04,1.000000000000000000e+00
2.187500000000000208e-02,5.937500000000000069e-03,3.306282339695577548e+02,5.999999999999999778e-01,3.701968134957813079e-04,1.000000000000000000e+00
2.312499999999999972e-02,5.937500000000000069e-03,3.306788291077731401e+02,5.999999999999999778e-01,3.701968134957813079e-04,1.000000000000000000e+00
2.437500000000000083e-02,5.937500000000000069e-03,3.307260149596664860e+02,5.999999999999999778e-01,3.701968134957813079e-04,1.000000000000000000e+00
2.562500000000000194e-02,5.937500000000000069e-03,3.307702089370078511e+02,5.999999999999999778e-01,3.701968134957813079e-04,1.000000000000000000e+00
2.687499999999999958e-02,5.937500000000000069e-03,3.308117635460998827e+02,5.999999999999999778e-01,3.701968134957813079e-04,1.000000000000000000e+00
2.812500000000000069e-02,5.937500000000000069e-03,3.308509789568723249e+02,5.999999999999999778e-01,3.701968134957813079e-04,1.000000000000000000e+00
2.937500000000000180e-02,5.937500000000000069e-03,3.308881126286559606e+02,5.999999999999999778e-01,3.701968134957813079e-04,1.000000000000000000e+00
3.062499999999999944e-02,5.937500000000000069e-03,3.309233867824574418e+02,5.999999999999999778e-01,3.701968134957813079e-04,1.000000000000000000e+00
3.187500000000000056e-02,5.937500000000000069e-03,3.309569942758889169e+02,5.999999999999999778e-01,3.701968134957813079e-04,1.000000000000000000e+00
3.312500000000000167e-02,5.937500000000000069e-03,3.309891032782079492e+02,5.999999999999999778e-01,3.701968134957813079e-04,1.000000000000000000e+00
3.437500000000000278e-02,5.937500000000000069e-03,3.310198610331474356e+02,5.999999999999999778e-01,3.701968134957813079e-04,1.000000000000000000e+00
3.562500000000000389e-02,5.937500000000000069e-03,3.310493969203562870e+02,5.999999999999999778e-01,3.701968134957813079e-04,1.000000000000000000e+00
3.687499999999999806e-02,5.937500000000000069e-03,3.310778249715366428e+02,5.999999999999999778e-01,3.701968134957813079e-04,1.000000000000000000e+00
3.812499999999999917e-02,5.937500000000000069e-03,3.311052459580874370e+02,5.999999999999999778e-01,3.701968134957813079e-04,1.000000000000000000e+00
3.937500000000000028e-02,5.937500000000000069e-03,3.311317491384943423e+02,5.999999999999999778e-01,3.701968134957813079e-04,1.000000000000000000e+00
4.062500000000000139e-02,5.937500000000000069e-03,3.311574137327620519e+02,5.999999999999999778e-01,3.701968134957813079e-04,1.000000000000000000e+00
4.187500000000000250e-02,5.937500000000000069e-03,3.311823101756825736e+02,5.999999999999999778e-01,3.701968134957813079e-04,1.000000000000000000e+00
4.312500000000000361e-02,5.937500000000000069e-03,3.312065011891835411e+02,5.999999999999999778e-01,3.701968134957813079e-04,1.000000000000000000e+00
4.437499999999999778e-02,5.937500000000000069e-03,3.312300427053122576e+02,5.999999999999999778e-01,3.701968134957813079e-04,1.000000000000000000e+00
4.562499999999999889e-02,5.937500000000000069e-03,3.312529846648149032e+02,5.999999999999999778e-01,3.701968134957813079e-04,1.000000000000000000e+00
4.687500000000000000e-02,5.937500000000000069e-03,3.312753717112653362e+02,5.999999999999999778e-01,3.701968134957813079e-04,1.000000000000000000e+00
4.812500000000000111e-02,5.937500000000000069e-03,3.312972437968384156e+02,5.999999999999999778e-01,3.701968134957813079e-04,1.000000000000000000e+00
4.937500000000000222e-02,5.937500000000000069e-03,3.313186367127904077e+02,5.999999999999999778e-01,3.701968134957813079e-04,1.000000000000000000e+00
5.062500000000000333e-02,5.937500000000000069e-03,3.313395825554213161e+02,5.999999999999999778e-01,3.701968134957813079e-04,1.000000000000000000e+00
5.187500000000000444e-02,5.937500000000000069e-03,3.313601101364008628e+02,5.999999999999999778e-01,3.701968134957813079e-04,1.000000000000000000e+00
5.312499999999999861e-02,5.937500000000000069e-03,3.313802453449051200e+02,5.999999999999999778e-01,3.701968134957813079e-04,1.000000000000000000e+00
5.437499999999999972e-02,5.937500000000000069e-03,3.314000114678102022e+02,5.999999999999999778e-01,3.701968134957813079e-04,1.000000000000000000e+00
5.562500000000000083e-02,5.937500000000000069e-03,3.314194294732620847e+02,5.999999999999999778e-01,3.701968134957813079e-04,1.000000000000000000e+00
5.687500000000000194e-02,5.937500000000000069e-03,3.314385182621314243e+02,5.999999999999999778e-01,3.701968134957813079e-04,1.000000000000000000e+00
5.812500000000000305e-02,5.937500000000000069e-03,3.314572948912635297e+02,5.999999999999999778e-01,3.701968134957813079e-04,1.000000000000000000e+00
5.937500000000000416e-02,5.937500000000000069e-03,3.314757747718486485e+02,5.999999999999999778e-01,3.701968134957813079e-04,1.000000000000000000e+00
6.062499999999999833e-02,5.937500000000000069e-03,3.314939718458624043e+02,5.999999999999999778e-01,3.701968134957813079e-04,1.000000000000000000e+00
6.187499999999999944e-02,5.937500000000000069e-03,3.315118987430743118e+02,5.999999999999999778e-01,3.701968134957813079e-04,1.000000000000000000e+00
6.312500000000000056e-02,5.937500000000000069e-03,3.315295669208646814e+02,5.999999999999999778e-01,3.701968134957813079e-04,1.000000000000000000e+00
6.437500000000000167e-02,5.937500000000000069e-03,3.315469867887849205e+02,5.999999999999999778e-01,3.701968134957813079e-04,1.000000000000000000e+00
6.562500000000000278e-02,5.937500000000000069e-03,3.315641678195734130e+02,5.999999999999999778e-01,3.701968134957813079e-04,1.000000000000000000e+00
6.687500000000000389e-02,5.937500000000000069e-03,3.315811186481253685e+02,5.999999999999999778e-01,3.701968134957813079e-04,1.000000000000000000e+00
6.812500000000000500e-02,5.937500000000000069e-03,3.315978471597708221e+02,5.999999999999999778e-01,3.701968134957813079e-04,1.000000000000000000e+00
6.937500000000000611e-02,5.937500000000000069e-03,3.316143605690116374e+02,5.999999999999999778e-01,3.701968134957813079e-04,1.000000000000000000e+00
7.062500000000000722e-02,5.937500000000000069e-03,3.316306654897745148e+02,5.999999999999999778e-01,3.701968134957813079e-04,1.000000000000000000e+00
7.187500000000000833e-02,5.937500000000000069e-03,3.316467679981130345e+02,5.999999999999999778e-01,3.701968134957813079e-04,1.000000000000000000e+00
7.312499999999999556e-02,5.937500000000000069e-03,3.316626736881643183e+02,5.999999999999999778e-01,3.701968134957813079e-04,1.000000000000000000e+00
7.437499999999999667e-02,5.937500000000000069e-03,3.316783877221015473e+02,5.999999999999999778e-01,3.701968134957813079e-04,1.000000000000000000e+00
7.562499999999999778e-02,5.937500000000000069e-03,3.316939148747397894e+02,5.999999999999999778e-01,3.701968134957813079e-04,1.000000000000000000e+00
7.687499999999999889e-02,5.937500000000000069e-03,3.317092595733562916e+02,5.999999999999999778e-01,3.701968134957813079e-04,1.000000000000000000e+00
7.812500000000000000e-02,5.937500000000000069e-03,3.317244259332504726e+02,5.999999999999999778e-01,3.701968134957813079e-04,1.000000000000000000e+00
7.937500000000000111e-02,5.937500000000000069e-03,3.317394177895144480e+02,5.999999999999999778e-01,3.701968134957813079e-04,1.000000000000000000e+00
8.062500000000000222e-02,5.937500000000000069e-03,3.317542387253916445e+02,5.999999999999999778e-01,3.701968134957813079e-04,1.000000000000000000e+00
8.187500000000000333e-02,5.937500000000000069e-03,3.317688920976266900e+02,5.999999999999999778e-01,3.701968134957813079e-04,1.000000000000000000e+00
8.312500000000000444e-02,5.937500000000000069e-03,3.317833810591017141e+02,5.999999999999999778e-01,3.701968134957813079e-04,1.000000000000000000e+00
8.437500000000000555e-02,5.937500000000000069e-03,3.317977085790676597e+02,5.999999999999999778e-01,3.701968134957813079e-04,1.000000000000000000e+00
8.562500000000000666e-02,5.937500000000000069e-03,3.318118774612174207e+02,5.999999999999999778e-01,3.701968134957813079e-04,1.000000000000000000e+00
8.687500000000000777e-02,5.937500000000000069e-03,3.318258903598358529e+02,5.999999999999999778e-01,3.701968134957813079e-04,1.000000000000000000e+00
8.812499999999999500e-02,5.937500000000000069e-03,3.318397497941934375e+02,5.999999999999999778e-01,3.701968134957813079e-04,1.000000000000000000e+00
8.937499999999999611e-02,5.937500000000000069e-03,3.318534581612167926e+02,5.999999999999999778e-01,3.701968134957813079e-04,1.000000000000000000e+00
9.062499999999999722e-02,5.937500000000000069e-03,3.318670177456083934e+02,5.999999999999999778e-01,3.701968134957813079e-04,1.000000000000000000e+00
9.187499999999999833e-02,5.937500000000000069e-03,3.318804307218383087e+02,5.999999999999999778e-01,3.701968134957813079e-04,1.000000000000000000e+00
9.312499999999999944e-02,5.937500000000000069e-03,3.318936991143997375e+02,5.999999999999999778e-01,3.701968134957813079e-04,1.000000000000000000e+00
9.437500000000000056e-02,5.937500000000000069e-03,3.319068245178089001e+02,5.999999999999999778e-01,3.701968134957813079e-04,1.000000000000000000e+00
9.562500000000000167e-02,5.937500000000000069e-03,3.319198063977370339e+02,5.999999999999999778e-01,3.701968134957813079e-04,1.000000000000000000e+00
9.687500000000000278e-02,5.937500000000000069e-03,3.319326317068860135e+02,5.999999999999999778e-01,3.701968134957813079e-04,1.000000000000000000e+00
9.812500000000000389e-02,5.937500000000000069e-03,3.319452034824230964e+02,5.999999999999999778e-01,3.701968134957813079e-04,1.000000000000000000e+00
9.937500000000000500e-02,5.937500000000000069e-03,3.319566605586330752e+02,5.999999999999999778e-01,3.701968134957813079e-04,1.000000000000000000e+00
6.250000000000000130e-04,6.062500000000000180e-03,3.299183982456924582e+02,1.500000000000000000e+01,0.000000000000000000e+00,0.000000000000000000e+00
1.874999999999999931e-03,6.062500000000000180e-03,3.308233128884788243e+02,1.500000000000000000e+01,0.000000000000000000e+00,0.000000000000000000e+00
3.125000000000000173e-03,6.062500000000000180e-03,3.312530579377336153e+02,1.500000000000000000e+01,0.000000000000000000e+00,0.000000000000000000e+00
4.375000000000000416e-03,6.062500000000000180e-03,3.314888023221192270e+02,1.500000000000000000e+01,0.000000000000000000e+00,0.000000000000000000e+00
5.624999999999999792e-03,6.062500000000000180e-03,3.316398211495643977e+02,1.500000000000000000e+01,0.000000000000000000e+00,0.000000000000000000e+00
6.875000000000000035e-03,6.062500000000000180e-03,3.317477933188618522e+02,1.500000000000000000e+01,0.000000000000000000e+00,0.000000000000000000e+00
8.125000000000000278e-03,6.062500000000000180e-03,3.318306428626254387e+02,1.500000000000000000e+01,0.000000000000000000e+00,0.000000000000000000e+00
9.374999999999999653e-03,6.062500000000000180e-03,3.318972339858340774e+02,1.500000000000000000e+01,0.000000000000000000e+00,0.000000000000000000e+00
1.062500000000000076e-02,6.062500000000000180e-03,3.319525120317993014e+02,1.500000000000000000e+01,0.000000000000000000e+00,0.000000000000000000e+00
1.187500000000000014e-02,6.062500000000000180e-03,3.319995014568895044e+02,1.500000000000000000e+01,0.000000000000000000e+00,0.000000000000000000e+00
1.312499999999999951e-02,6.062500000000000180e-03,3.320401818824444717e+02,1.500000000000000000e+01,0.000000000000000000e+00,0.000000000000000000e+00
1.437500000000000062e-02,6.062500000000000180e-03,3.320759169556942538e+02,1.500000000000000000e+01,0.000000000000000000e+00,0.000000000000000000e+00
1.562500000000000000e-02,6.062500000000000180e-03,3.321076841064570999e+02,1.500000000000000000e+01,0.000000000000000000e+00,0.000000000000000000e+00
1.687500000000000111e-02,6.062500000000000180e-03,3.321362066842874015e+02,1.500000000000000000e+01,0.000000000000000000e+00,0.000000000000000000e+00
1.812499999999999875e-02,6.062500000000000180e-03,3.321620343174464551e+02,1.500000000000000000e+01,0.000000000000000000e+00,0.000000000000000000e+00
1.937499999999999986e-02,6.062500000000000180e-03,3.321855940212795417e+02,1.500000000000000000e+01,0.000000000000000000e+00,0.000000000000000000e+00
2.062500000000000097e-02,6.062500000000000180e-03,3.322072239183737565e+02,1.500000000000000000e+01,0.000000000000000000e+00,0.000000000000000000e+00
2.187500000000000208e-02,6.062500000000000180e-03,3.322271961796842561e+02,1.500000000000000000e+01,0.000000000000000000e+00,0.000000000000000000e+00
2.312499999999999972e-02,6.062500000000000180e-03,3.322457330452714928e+02,1.500000000000000000e+01,0.000000000000000000e+00,0.000000000000000000e+00
2.437500000000000083e-02,6.062500000000000180e-03,3.322630182678374808e+02,1.500000000000000000e+01,0.000000000000000000e+00,0.000000000000000000e+00
2.562500000000000194e-02,6.062500000000000180e-03,3.322792054506213049e+02,1.500000000000000000e+01,0.000000000000000000e+00,0.000000000000000000e+00
2.687499999999999958e-02,6.062500000000000180e-03,3.322944242310873619e+02,1.500000000000000000e+01,0.000000000000000000e+00,0.000000000000000000e+00
2.812500000000000069e-02,6.062500000000000180e-03,3.323087849411290335e+02,1.500000000000000000e+01,0.000000000000000000e+00,0.000000000000000000e+00
2.937500000000000180e-02,6.062500000000000180e-03,3.323223821713502275e+02,1.500000000000000000e+01,0.000000000000000000e+00,0.000000000000000000e+00
3.062499999999999944e-02,6.062500000000000180e-03,3.323352975347928009e+02,1.500000000000000000e+01,0.000000000000000000e+00,0.000000000000000000e+00
3.187500000000000056e-02,6.062500000000000180e-03,3.323476018376564411e+02,1.500000000000000000e+01,0.000000000000000000e+00,0.000000000000000000e+00
3.312500000000000167e-02,6.062500000000000180e-03,3.323593568051275042e+02,1.500000000000000000e+01,0.000000000000000000e+00,0.000000000000000000e+00
3.437500000000000278e-02,6.062500000000000180e-03,3.323706164693116420e+02,1.500000000000000000e+01,0.000000000000000000e+00,0.000000000000000000e+00
3.562500000000000389e-02,6.062500000000000180e-03,3.323814282976319419e+02,1.500000000000000000e+01,0.000000000000000000e+00,0.000000000000000000e+00
3.687499999999999806e-02,6.062500000000000180e-03,3.323918341196093138e+02,1.500000000000000000e+01,0.000000000000000000e+00,0.000000000000000000e+00
3.812499999999999917e-02,6.062500000000000180e-03,3.324018708953449277e+02,1.500000000000000000e+01,0.000000000000000000e+00,0.000000000000000000e+00
3.937500000000000028e-02,6.062500000000000180e-03,3.324115713583998968e+02,1.500000000000000000e+01,0.000000000000000000e+00,0.000000000000000000e+00
4.062500000000000139e-02,6.062500000000000180e-03,3.324209645579832113e+02,1.500000000000000000e+01,0.000000000000000000e+00,0.000000000000000000e+00
4.187500000000000250e-02,6.062500000000000180e-03,3.324300763196058597e+02,1.500000000000000000e+01,0.000000000000000000e+00,0.000000000000000000e+00
4.312500000000000361e-02,6.062500000000000180e-03,3.324389296390820050e+02,1.500000000000000000e+01,0.000000000000000000e+00,0.000000000000000000e+00
4.437499999999999778e-02,6.062500000000000180e-03,3.324475450215370529e+02,1.500000000000000000e+01,0.000000000000000000e+00,0.000000000000000000e+00
4.562499999999999889e-02,6.062500000000000180e-03,3.324559407746276634e+02,1.500000000000000000e+01,0.000000000000000000e+00,0.000000000000000000e+00
4.687500000000000000e-02,6.062500000000000180e-03,3.324641332633434558e+02,1.500000000000000000e+01,0.000000000000000000e+00,0.000000000000000000e+00
4.812500000000000111e-02,6.062500000000000180e-03,3.324721371323318522e+02,1.500000000000000000e+01,0.000000000000000000e+00,0.000000000000000000e+00
4.937500000000000222e-02,6.062500000000000180e-03,3.324799655005398904e+02,1.500000000000000000e+01,0.000000000000000000e+00,0.000000000000000000e+00
5.062500000000000333e-02,6.062500000000000180e-03,3.324876301321635310e+02,1.500000000000000000e+01,0.000000000000000000e+00,0.000000000000000000e+00
5.187500000000000444e-02,6.062500000000000180e-03,3.324951415871589688e+02,1.500000000000000000e+01,0.000000000000000000e+00,0.000000000000000000e+00
5.312499999999999861e-02,6.062500000000000180e-03,3.325025093540636476e+02,1.500000000000000000e+01,0.000000000000000000e+00,0.000000000000000000e+00
5.437499999999999972e-02,6.062500000000000180e-03,3.325097419674189041e+02,1.500000000000000000e+01,0.000000000000000000e+00,0.000000000000000000e+00
5.562500000000000083e-02,6.062500000000000180e-03,3.325168471117583522e+02,1.500000000000000000e+01,0.000000000000000000e+00,0.000000000000000000e+00
5.687500000000000194e-02,6.062500000000000180e-03,3.325238317138040429e+02,1.500000000000000000e+01,0.000000000000000000e+00,0.000000000000000000e+00
5.812500000000000305e-02,6.062500000000000180e-03,3.325307020243269562e+02,1.500000000000000000e+01,0.000000000000000000e+00,0.000000000000000000e+00
5.937500000000000416e-02,6.062500000000000180e-03,3.325374636908663319e+02,1.500000000000000000e+01,0.000000000000000000e+00,0.000000000000000000e+00
6.062499999999999833e-02,6.062500000000000180e-03,3.325441218224233353e+02,1.500000000000000000e+01,0.000000000000000000e+00,0.000000000000000000e+00
6.187499999999999944e-02,6.062500000000000180e-03,3.325506810470154164e+02,1.500000000000000000e+01,0.000000000000000000e+00,0.000000000000000000e+00
6.312500000000000056e-02,6.062500000000000180e-03,3.325571455629328739e+02,1.500000000000000000e+01,0.000000000000000000e+00,0.000000000000000000e+00
6.437500000000000167e-02,6.062500000000000180e-03,3.325635191844002634e+02,1.500000000000000000e+01,0.000000000000000000e+00,0.000000000000000000e+00
6.562500000000000278e-02,6.062500000000000180e-03,3.325698053822724205e+02,1.500000000000000000e+01,0.000000000000000000e+00,0.000000000000000000e+00
6.687500000000000389e-02,6.062500000000000180e-03,3.325760073203073830e+02,1.500000000000000000e+01,0.000000000000000000e+00,0.000000000000000000e+00
6.812500000000000500e-02,6.062500000000000180e-03,3.325821278875334315e+02,1.500000000000000000e+01,0.000000000000000000e+00,0.000000000000000000e+00
6.937500000000000611e-02,6.062500000000000180e-03,3.325881697271061626e+02,1.500000000000000000e+01,0.000000000000000000e+00,0.000000000000000000e+00
7.062500000000000722e-02,6.062500000000000180e-03,3.325941352620581029e+02,1.500000000000000000e+01,0.000000000000000000e+00,0.000000000000000000e+00
7.187500000000000833e-02,6.062500000000000180e-03,3.326000267182865855e+02,1.500000000000000000e+01,0.000000000000000000e+00,0.000000000000000000e+00
7.312499999999999556e-02,6.062500000000000180e-03,3.326058461450602408e+02,1.500000000000000000e+01,0.000000000000000000e+00,0.000000000000000000e+00
7.437499999999999667e-02,6.062500000000000180e-03,3.326115954333287732e+02,1.500000000000000000e+01,0.000000000000000000e+00,0.000000000000000000e+00
7.562499999999999778e-02,6.062500000000000180e-03,3.326172763320747663e+02,1.500000000000000000e+01,0.000000000000000000e+00,0.000000000000000000e+00
7.687499999999999889e-02,6.062500000000000180e-03,3.326228904629090266e+02,1.500000000000000000e+01,0.000000000000000000e+00,0.000000000000000000e+00
7.812500000000000000e-02,6.062500000000000180e-03,3.326284393331011984e+02,1.500000000000000000e+01,0.000000000000000000e+00,0.000000000000000000e+00
7.937500000000000111e-02,6.062500000000000180e-03,3.326339243472315275e+02,1.500000000000000000e+01,0.000000000000000000e+00,0.000000000000000000e+00
8.062500000000000222e-02,6.062500000000000180e-03,3.326393468175766088e+02,1.500000000000000000e+01,0.000000000000000000e+00,0.000000000000000000e+00
8.187500000000000333e-02,6.062500000000000180e-03,3.326447079734076624e+02,1.500000000000000000e+01,0.000000000000000000e+00,0.000000000000000000e+00
8.312500000000000444e-02,6.062500000000000180e-03,3.326500089692837605e+02,1.500000000000000000e+01,0.000000000000000000e+00,0.000000000000000000e+00
8.437500000000000555e-02,6.062500000000000180e-03,3.326552508924690414e+02,1.500000000000000000e+01,0.000000000000000000e+00,0.000000000000000000e+00
8.562500000000000666e-02,6.062500000000000180e-03,3.326604347695542856e+02,1.500000000000000000e+01,0.000000000000000000e+00,0.000000000000000000e+00
8.687500000000000777e-02,6.062500000000000180e-03,3.326655615723739174e+02,1.500000000000000000e+01,0.000000000000000000e+00,0.000000000000000000e+00
8.812499999999999500e-02,6.062500000000000180e-03,3.326706322232465141e+02,1.500000000000000000e+01,0.000000000000000000e+00,0.000000000000000000e+00
8.937499999999999611e-02,6.062500000000000180e-03,3.326756475994404241e+02,1.500000000000000000e+01,0.000000000000000000e+00,0.000000000000000000e+00
9.062499999999999722e-02,6.062500000000000180e-03,3.326806085358098812e+02,1.500000000000000000e+01,0.000000000000000000e+00,0.000000000000000000e+00
9.187499999999999833e-02,6.062500000000000180e-03,3.326855158192312274e+02,1.500000000000000000e+01,0.000000000000000000e+00,0.000000000000000000e+00
9.312499999999999944e-02,6.062500000000000180e-03,3.326903701370371209e+02,1.500000000000000000e+01,0.000000000000000000e+00,0.000000000000000000e+00
9.437500000000000056e-02,6.062500000000000180e-03,3.326951717569718312e+02,1.500000000000000000e+01,0.000000000000000000e+00,0.000000000000000000e+00
9.562500000000000167e-02,6.062500000000000180e-03,3.326999186293832054e+02,1.500000000000000000e+01,0.000000000000000000e+00,0.000000000000000000e+00
9.687500000000000278e-02,6.062500000000000180e-03,3.327045951855665749e+02,1.500000000000000000e+01,0.000000000000000000e+00,0.000000000000000000e+00
9.812500000000000389e-02,6.062500000000000180e-03,3.327091059130260646e+02,1.500000000000000000e+01,0.000000000000000000e+00,0.000000000000000000e+00
9.937500000000000500e-02,6.062500000000000180e-03,3.327128817568365093e+02,1.500000000000000000e+01,0.000000000000000000e+00,0.000000000000000000e+00
6.250000000000000130e-04,6.187500000000000291e-03,3.303664458633264189e+02,1.500000000000000000e+01,0.000000000000000000e+00,0.000000000000000000e+00
1.874999999999999931e-03,6.187500000000000291e-03,3.311252428617220289e+02,1.500000000000000000e+01,0.000000000000000000e+00,0.000000000000000000e+00
3.125000000000000173e-03,6.187500000000000291e-03,3.315019795241612428e+02,1.500000000000000000e+01,0.000000000000000000e+00,0.000000000000000000e+00
4.375000000000000416e-03,6.187500000000000291e-03,3.317085211655406169e+02,1.500000000000000000e+01,0.000000000000000000e+00,0.000000000000000000e+00
5.624999999999999792e-03,6.187500000000000291e-03,3.318402847737613683e+02,1.500000000000000000e+01,0.000000000000000000e+00,0.000000000000000000e+00
6.875000000000000035e-03,6.187500000000000291e-03,3.319342373641786139e+02,1.500000000000000000e+01,0.000000000000000000e+00,0.000000000000000000e+00
8.125000000000000278e-03,6.187500000000000291e-03,3.320062246030573192e+02,1.500000000000000000e+01,0.000000000000000000e+00,0.000000000000000000e+00
9.374999999999999653e-03,6.187500000000000291e-03,3.320640388573584119e+02,1.500000000000000000e+01,0.000000000000000000e+00,0.000000000000000000e+00
1.062500000000000076e-02,6.187500000000000291e-03,3.321120084982632079e+02,1.500000000000000000e+01,0.000000000000000000e+00,0.000000000000000000e+00
1.187500000000000014e-02,6.187500000000000291e-03,3.321527731055081745e+02,1.500000000000000000e+01,0.000000000000000000e+00,0.000000000000000000e+00
1.312499999999999951e-02,6.187500000000000291e-03,3.321880572663062594e+02,1.500000000000000000e+01,0.000000000000000000e+00,0.000000000000000000e+00
1.437500000000000062e-02,6.187500000000000291e-03,3.322190475524624844e+02,1.500000000000000000e+01,0.000000000000000000e+00,0.000000000000000000e+00
1.562500000000000000e-02,6.187500000000000291e-03,3.322465937856969163e+02,1.500000000000000000e+01,0.000000000000000000e+00,0.000000000000000000e+00
1.687500000000000111e-02,6.187500000000000291e-03,3.322713245153196908e+02,1.500000000000000000e+01,0.000000000000000000e+00,0.000000000000000000e+00
1.812499999999999875e-02,6.187500000000000291e-03,3.322937171305086963e+02,1.500000000000000000e+01,0.000000000000000000e+00,0.000000000000000000e+00
1.937499999999999986e-02,6.187500000000000291e-03,3.323141423993156423e+02,1.500000000000000000e+01,0.000000000000000000e+00,0.000000000000000000e+00
2.062500000000000097e-02,6.187500000000000291e-03,3.323328938288386780e+02,1.500000000000000000e+01,0.000000000000000000e+00,0.000000000000000000e+00
2.187500000000000208e-02,6.187500000000000291e-03,3.323502076267282064e+02,1.500000000000000000e+01,0.000000000000000000e+00,0.000000000000000000e+00
2.312499999999999972e-02,6.187500000000000291e-03,3.323662766338169945e+02,1.500000000000000000e+01,0.000000000000000000e+00,0.000000000000000000e+00
2.437500000000000083e-02,6.187500000000000291e-03,3.323812602719406755e+02,1.500000000000000000e+01,0.000000000000000000e+00,0.000000000000000000e+00
2.562500000000000194e-02,6.187500000000000291e-03,3.323952917895378505e+02,1.500000000000000000e+01,0.000000000000000000e+00,0.000000000000000000e+00
2.687499999999999958e-02,6.187500000000000291e-03,3.324084836337137858e+02,1.500000000000000000e+01,0.000000000000000000e+00,0.000000000000000000e+00
2.812500000000000069e-02,6.187500000000000291e-03,3.324209314977929921e+02,1.500000000000000000e+01,0.000000000000000000e+00,0.000000000000000000e+00
2.937500000000000180e-02,6.187500000000000291e-03,3.324327174163791483e+02,1.500000000000000000e+01,0.000000000000000000e+00,0.000000000000000000e+00
3.062499999999999944e-02,6.187500000000000291e-03,3.324439121648091486e+02,1.500000000000000000e+01,0.000000000000000000e+00,0.000000000000000000e+00
3.187500000000000056e-02,6.187500000000000291e-03,3.324545771434540029e+02,1.500000000000000000e+01,0.000000000000000000e+00,0.000000000000000000e+00
3.312500000000000167e-02,6.187500000000000291e-03,3.324647658756157966e+02,1.500000000000000000e+01,0.000000000000000000e+00,0.000000000000000000e+00
3.437500000000000278e-02,6.187500000000000291e-03,3.324745252119906240e+02,1.500000000000000000e+01,0.000000000000000000e+00,0.000000000000000000e+00
3.562500000000000389e-02,6.187500000000000291e-03,3.324838963097935221e+02,1.500000000000000000e+01,0.000000000000000000e+00,0.000000000000000000e+00
3.687499999999999806e-02,6.187500000000000291e-03,3.324929154368466584e+02,1.500000000000000000e+01,0.000000000000000000e+00,0.000000000000000000e+00
3.812499999999999917e-02,6.187500000000000291e-03,3.325016146382607758e+02,1.500000000000000000e+01,0.000000000000000000e+00,0.000000000000000000e+00
3.937500000000000028e-02,6.187500000000000291e-03,3.325100222941043171e+02,1.500000000000000000e+01,0.000000000000000000e+00,0.000000000000000000e+00
4.062500000000000139e-02,6.187500000000000291e-03,3.325181635896875605e+02,1.500000000000000000e+01,0.000000000000000000e+00,0.000000000000000000e+00
4.187500000000000250e-02,6.187500000000000291e-03,3.325260609150984124e+02,1.500000000000000000e+01,0.000000000000000000e+00,0.000000000000000000e+00
4.312500000000000361e-02,6.187500000000000291e-03,3.325337342069059900e+02,1.500000000000000000e+01,0.000000000000000000e+00,0.000000000000000000e+00
4.437499999999999778e-02,6.187500000000000291e-03,3.325412012421556938e+02,1.500000000000000000e+01,0.000000000000000000e+00,0.000000000000000000e+00
4.562499999999999889e-02,6.187500000000000291e-03,3.325484778926415856e+02,1.500000000000000000e+01,0.000000000000000000e+00,0.000000000000000000e+00
4.687500000000000000e-02,6.187500000000000291e-03,3.325555783458544283e+02,1.500000000000000000e+01,0.000000000000000000e+00,0.000000000000000000e+00
4.812500000000000111e-02,6.187500000000000291e-03,3.325625152977622747e+02,1.500000000000000000e+01,0.000000000000000000e+00,0.000000000000000000e+00
4.937500000000000222e-02,6.187500000000000291e-03,3.325693001215788058e+02,1.500000000000000000e+01,0.000000000000000000e+00,0.000000000000000000e+00
5.062500000000000333e-02,6.187500000000000291e-03,3.325759430159869794e+02,1.500000000000000000e+01,0.000000000000000000e+00,0.000000000000000000e+00
5.187500000000000444e-02,6.187500000000000291e-03,3.325824531356367402e+02,1.500000000000000000e+01,0.000000000000000000e+00,0.000000000000000000e+00
5.312499999999999861e-02,6.187500000000000291e-03,3.325888387063035907e+02,1.500000000000000000e+01,0.000000000000000000e+00,0.000000000000000000e+00
5.437499999999999972e-02,6.187500000000000291e-03,3.325951071266944155e+02,1.500000000000000000e+01,0.000000000000000000e+00,0.000000000000000000e+00
5.562500000000000083e-02,6.187500000000000291e-03,3.326012650586041559e+02,1.500000000000000000e+01,0.000000000000000000e+00,0.000000000000000000e+00
5.687500000000000194e-02,6.187500000000000291e-03,3.326073185068479461e+02,1.500000000000000000e+01,0.000000000000000000e+00,0.000000000000000000e+00
5.812500000000000305e-02,6.187500000000000291e-03,3.326132728902333042e+02,1.500000000000000000e+01,0.000000000000000000e+00,0.000000000000000000e+00
5.937500000000000416e-02,6.187500000000000291e-03,3.326191331046021560e+02,1.500000000000000000e+01,0.000000000000000000e+00,0.000000000000000000e+00
6.062499999999999833e-02,6.187500000000000291e-03,3.326249035789206800e+02,1.500000000000000000e+01,0.000000000000000000e+00,0.000000000000000000e+00
6.187499999999999944e-02,6.187500000000000291e-03,3.326305883251745854e+02,1.500000000000000000e+01,0.000000000000000000e+00,0.000000000000000000e+00
6.312500000000000056e-02,6.187500000000000291e-03,3.326361909828057151e+02,1.500000000000000000e+01,0.000000000000000000e+00,0.000000000000000000e+00
6.437500000000000167e-02,6.187500000000000291e-03,3.326417148582989398e+02,1.500000000000000000e+01,0.000000000000000000e+00,0.000000000000000000e+00
6.562500000000000278e-02,6.187500000000000291e-03,3.326471629604629925e+02,1.500000000000000000e+01,0.000000000000000000e+00,0.000000000000000000e+00
6.687500000000000389e-02,6.187500000000000291e-03,3.326525380318756788e+02,1.500000000000000000e+01,0.000000000000000000e+00,0.000000000000000000e+00
6.812500000000000500e-02,6.187500000000000291e-03,3.326578425769455407e+02,1.500000000000000000e+01,0.000000000000000000e+00,0.000000000000000000e+00
6.937500000000000611e-02,6.187500000000000291e-03,3.326630788869288722e+02,1.500000000000000000e+01,0.000000000000000000e+00,0.000000000000000000e+00
7.062500000000000722e-02,6.187500000000000291e-03,3.326682490622518458e+02,1.500000000000000000e+01,0.000000000000000000e+00,0.000000000000000000e+00
7.187500000000000833e-02,6.187500000000000291e-03,3.326733550324407247e+02,1.500000000000000000e+01,0.000000000000000000e+00,0.000000000000000000e+00
7.312499999999999556e-02,6.187500000000000291e-03,3.326783985738987894e+02,1.500000000000000000e+01,0.000000000000000000e+00,0.000000000000000000e+00
7.437499999999999667e-02,6.187500000000000291e-03,3.326833813257799193e+02,1.500000000000000000e+01,0.000000000000000000e+00,0.000000000000000000e+00
7.562499999999999778e-02,6.187500000000000291e-03,3.326883048041643178e+02,1.500000000000000000e+01,0.000000000000000000e+00,0.000000000000000000e+00
7.687499999999999889e-02,6.187500000000000291e-03,3.326931704147118580e+02,1.500000000000000000e+01,0.000000000000000000e+00,0.000000000000000000e+00
7.812500000000000000e-02,6.187500000000000291e-03,3.326979794639580064e+02,1.500000000000000000e+01,0.000000000000000000e+00,0.000000000000000000e+00
7.937500000000000111e-02,6.187500000000000291e-03,3.327027331694168311e+02,1.500000000000000000e+01,0.000000000000000000e+00,0.000000000000000000e+00
8.062500000000000222e-02,6.187500000000000291e-03,3.327074326685821575e+02,1.500000000000000000e+01,0.000000000000000000e+00,0.000000000000000000e+00
8.187500000000000333e-02,6.187500000000000291e-03,3.327120790269903523e+02,1.500000000000000000e+01,0.000000000000000000e+00,0.000000000000000000e+00
8.312500000000000444e-02,6.187500000000000291e-03,3.327166732454092539e+02,1.500000000000000000e+01,0.000000000000000000e+00,0.000000000000000000e+00
8.437500000000000555e-02,6.187500000000000291e-03,3.327212162662685841e+02,1.500000000000000000e+01,0.000000000000000000e+00,0.000000000000000000e+00
8.562500000000000666e-02,6.187500000000000291e-03,3.327257089793998830e+02,1.500000000000000000e+01,0.000000000000000000e+00,0.000000000000000000e+00
8.687500000000000777e-02,6.187500000000000291e-03,3.327301522271656040e+02,1.500000000000000000e+01,0.000000000000000000e+00,0.000000000000000000e+00
8.812499999999999500e-02,6.187500000000000291e-03,3.327345468089973792e+02,1.500000000000000000e+01,0.000000000000000000e+00,0.000000000000000000e+00
8.937499999999999611e-02,6.187500000000000291e-03,3.327388934852405669e+02,1.500000000000000000e+01,0.000000000000000000e+00,0.000000000000000000e+00
9.062499999999999722e-02,6.187500000000000291e-03,3.327431929792779783e+02,1.500000000000000000e+01,0.000000000000000000e+00,0.000000000000000000e+00
9.187499999999999833e-02,6.187500000000000291e-03,3.327474459717637956e+02,1.500000000000000000e+01,0.000000000000000000e+00,0.000000000000000000e+00
9.312499999999999944e-02,6.187500000000000291e-03,3.327516530503725676e+02,1.500000000000000000e+01,0.000000000000000000e+00,0.000000000000000000e+00
9.437500000000000056e-02,6.187500000000000291e-03,3.327558143997672460e+02,1.500000000000000000e+01,0.000000000000000000e+00,0.000000000000000000e+00
9.562500000000000167e-02,6.187500000000000291e-03,3.327599279657490001e+02,1.500000000000000000e+01,0.000000000000000000e+00,0.000000000000000000e+00
9.687500000000000278e-02,6.187500000000000291e-03,3.327639786499062211e+02,1.500000000000000000e+01,0.000000000000000000e+00,0.000000000000000000e+00
9.812500000000000389e-02,6.187500000000000291e-03,3.327678749872936237e+02,1.500000000000000000e+01,0.000000000000000000e+00,0.000000000000000000e+00
9.937500000000000500e-02,6.187500000000000291e-03,3.327710903766748629e+02,1.500000000000000000e+01,0.000000000000000000e+00,0.000000000000000000e+00
6.250000000000000130e-04,6.312500000000000402e-03,3.308069055109764349e+02,1.500000000000000000e+01,0.000000000000000000e+00,0.000000000000000000e+00
1.874999999999999931e-03,6.312500000000000402e-03,3.314309934383246627e+02,1.500000000000000000e+01,0.000000000000000000e+00,0.000000000000000000e+00
3.125000000000000173e-03,6.312500000000000402e-03,3.317526030607992880e+02,1.500000000000000000e+01,0.000000000000000000e+00,0.000000000000000000e+00
4.375000000000000416e-03,6.312500000000000402e-03,3.319289877892934442e+02,1.500000000000000000e+01,0.000000000000000000e+00,0.000000000000000000e+00
5.624999999999999792e-03,6.312500000000000402e-03,3.320411265081363013e+02,1.500000000000000000e+01,0.000000000000000000e+00,0.000000000000000000e+00
6.875000000000000035e-03,6.312500000000000402e-03,3.321209010630108196e+02,1.500000000000000000e+01,0.000000000000000000e+00,0.000000000000000000e+00
8.125000000000000278e-03,6.312500000000000402e-03,3.321819480733350360e+02,1.500000000000000000e+01,0.000000000000000000e+00,0.000000000000000000e+00
9.374999999999999653e-03,6.312500000000000402e-03,3.322309421750167644e+02,1.500000000000000000e+01,0.000000000000000000e+00,0.000000000000000000e+00
1.062500000000000076e-02,6.312500000000000402e-03,3.322715770150635990e+02,1.500000000000000000e+01,0.000000000000000000e+00,0.000000000000000000e+00
1.187500000000000014e-02,6.312500000000000402e-03,3.323060995585913133e+02,1.500000000000000000e+01,0.000000000000000000e+00,0.000000000000000000e+00
1.312499999999999951e-02,6.312500000000000402e-03,3.323359755889145504e+02,1.500000000000000000e+01,0.000000000000000000e+00,0.000000000000000000e+00
1.437500000000000062e-02,6.312500000000000402e-03,3.323622125897599631e+02,1.500000000000000000e+01,0.000000000000000000e+00,0.000000000000000000e+00
1.562500000000000000e-02,6.312500000000000402e-03,3.323855316199729373e+02,1.500000000000000000e+01,0.000000000000000000e+00,0.000000000000000000e+00
1.687500000000000111e-02,6.312500000000000402e-03,3.324064657274963110e+02,1.500000000000000000e+01,0.000000000000000000e+00,0.000000000000000000e+00
1.812499999999999875e-02,6.312500000000000402e-03,3.324254196170347200e+02,1.500000000000000000e+01,0.000000000000000000e+00,0.000000000000000000e+00
1.937499999999999986e-02,6.312500000000000402e-03,3.324427075157446438e+02,1.500000000000000000e+01,0.000000000000000000e+00,0.000000000000000000e+00
2.062500000000000097e-02,6.312500000000000402e-03,3.324585781156199005e+02,1.500000000000000000e+01,0.000000000000000000e+00,0.000000000000000000e+00
2.187500000000000208e-02,6.312500000000000402e-03,3.324732315216800771e+02,1.500000000000000000e+01,0.000000000000000000e+00,0.000000000000000000e+00
2.312499999999999972e-02,6.312500000000000402e-03,3.324868310760521695e+02,1.500000000000000000e+01,0.000000000000000000e+00,0.000000000000000000e+00
2.437500000000000083e-02,6.312500000000000402e-03,3.324995117972491130e+02,1.500000000000000000e+01,0.000000000000000000e+00,0.000000000000000000e+00
2.562500000000000194e-02,6.312500000000000402e-03,3.325113865251886409e+02,1.500000000000000000e+01,0.000000000000000000e+00,0.000000000000000000e+00
2.687499999999999958e-02,6.312500000000000402e-03,3.325225504761411344e+02,1.500000000000000000e+01,0.000000000000000000e+00,0.000000000000000000e+00
2.812500000000000069e-02,6.312500000000000402e-03,3.325330846739118442e+02,1.500000000000000000e+01,0.000000000000000000e+00,0.000000000000000000e+00
2.937500000000000180e-02,6.312500000000000402e-03,3.325430585731095903e+02,1.500000000000000000e+01,0.000000000000000000e+00,0.000000000000000000e+00
3.062499999999999944e-02,6.312500000000000402e-03,3.325525320925232222e+02,1.500000000000000000e+01,0.000000000000000000e+00,0.000000000000000000e+00
3.187500000000000056e-02,6.312500000000000402e-03,3.325615572117165470e+02,1.500000000000000000e+01,0.000000000000000000e+00,0.000000000000000000e+00
3.312500000000000167e-02,6.312500000000000402e-03,3.325701792400619752e+02,1.500000000000000000e+01,0.000000000000000000e+00,0.000000000000000000e+00
3.437500000000000278e-02,6.312500000000000402e-03,3.325784378370553327e+02,1.500000000000000000e+01,0.000000000000000000e+00,0.000000000000000000e+00
3.562500000000000389e-02,6.312500000000000402e-03,3.325863678416626499e+02,1.500000000000000000e+01,0.000000000000000000e+00,0.000000000000000000e+00
3.687499999999999806e-02,6.312500000000000402e-03,3.325939999533404148e+02,1.500000000000000000e+01,0.000000000000000000e+00,0.000000000000000000e+00
3.812499999999999917e-02,6.312500000000000402e-03,3.326013612966323194e+02,1.500000000000000000e+01,0.000000000000000000e+00,0.000000000000000000e+00
3.937500000000000028e-02,6.312500000000000402e-03,3.326084758934113665e+02,1.500000000000000000e+01,0.000000000000000000e+00,0.000000000000000000e+00
4.062500000000000139e-02,6.312500000000000402e-03,3.326153650610935983e+02,1.500000000000000000e+01,0.000000000000000000e+00,0.000000000000000000e+00
4.187500000000000250e-02,6.312500000000000402e-03,3.326220477509268107e+02,1.500000000000000000e+01,0.000000000000000000e+00,0.000000000000000000e+00
4.312500000000000361e-02,6.312500000000000402e-03,3.326285408372954748e+02,1.500000000000000000e+01,0.000000000000000000e+00,0.000000000000000000e+00
4.437499999999999778e-02,6.312500000000000402e-03,3.326348593666219244e+02,1.500000000000000000e+01,0.000000000000000000e+00,0.000000000000000000e+00
4.562499999999999889e-02,6.312500000000000402e-03,3.326410167726279496e+02,1.500000000000000000e+01,0.000000000000000000e+00,0.000000000000000000e+00
4.687500000000000000e-02,6.312500000000000402e-03,3.326470250633785213e+02,1.500000000000000000e+01,0.000000000000000000e+00,0.000000000000000000e+00
4.812500000000000111e-02,6.312500000000000402e-03,3.326528949844735052e+02,1.500000000000000000e+01,0.000000000000000000e+00,0.000000000000000000e+00
4.937500000000000222e-02,6.312500000000000402e-03,3.326586361619117724e+02,1.500000000000000000e+01,0.000000000000000000e+00,0.000000000000000000e+00
5.062500000000000333e-02,6.312500000000000402e-03,3.326642572275578686e+02,1.500000000000000000e+01,0.000000000000000000e+00,0.000000000000000000e+00
5.187500000000000444e-02,6.312500000000000402e-03,3.326697659296042389e+02,1.500000000000000000e+01,0.000000000000000000e+00,0.000000000000000000e+00
5.312499999999999861e-02,6.312500000000000402e-03,3.326751692300463787e+02,1.500000000000000000e+01,0.000000000000000000e+00,0.000000000000000000e+00
5.437499999999999972e-02,6.312500000000000402e-03,3.326804733908546723e+02,1.500000000000000000e+01,0.000000000000000000e+00,0.000000000000000000e+00
5.562500000000000083e-02,6.312500000000000402e-03,3.326856840502865680e+02,1.500000000000000000e+01,0.000000000000000000e+00,0.000000000000000000e+00
5.687500000000000194e-02,6.312500000000000402e-03,3.326908062905405927e+02,1.500000000000000000e+01,0.000000000000000000e+00,0.000000000000000000e+00
5.812500000000000305e-02,6.312500000000000402e-03,3.326958446978298412e+02,1.500000000000000000e+01,0.000000000000000000e+00,0.000000000000000000e+00
5.937500000000000416e-02,6.312500000000000402e-03,3.327008034157385055e+02,1.500000000000000000e+01,0.000000000000000000e+00,0.000000000000000000e+00
6.062499999999999833e-02,6.312500000000000402e-03,3.327056861926988063e+02,1.500000000000000000e+01,0.000000000000000000e+00,0.000000000000000000e+00
6.187499999999999944e-02,6.312500000000000402e-03,3.327104964242199685e+02,1.500000000000000000e+01,0.000000000000000000e+00,0.000000000000000000e+00
6.312500000000000056e-02,6.312500000000000402e-03,3.327152371904999200e+02,1.500000000000000000e+01,0.000000000000000000e+00,0.000000000000000000e+00
6.437500000000000167e-02,6.312500000000000402e-03,3.327199112899310762e+02,1.500000000000000000e+01,0.000000000000000000e+00,0.000000000000000000e+00
6.562500000000000278e-02,6.312500000000000402e-03,3.327245212689608707e+02,1.500000000000000000e+01,0.000000000000000000e+00,0.000000000000000000e+00
6.687500000000000389e-02,6.312500000000000402e-03,3.327290694487073779e+02,1.500000000000000000e+01,0.000000000000000000e+00,0.000000000000000000e+00
6.812500000000000500e-02,6.312500000000000402e-03,3.327335579487086079e+02,1.500000000000000000e+01,0.000000000000000000e+00,0.000000000000000000e+00
6.937500000000000611e-02,6.312500000000000402e-03,3.327379887080982144e+02,1.500000000000000000e+01,0.000000000000000000e+00,0.000000000000000000e+00
7.062500000000000722e-02,6.312500000000000402e-03,3.327423635044968933e+02,1.500000000000000000e+01,0.000000000000000000e+00,0.000000000000000000e+00
7.187500000000000833e-02,6.312500000000000402e-03,3.327466839708821453e+02,1.500000000000000000e+01,0.000000000000000000e+00,0.000000000000000000e+00
7.312499999999999556e-02,6.312500000000000402e-03,3.327509516106331375e+02,1.500000000000000000e+01,0.000000000000000000e+00,0.000000000000000000e+00
7.437499999999999667e-02,6.312500000000000402e-03,3.327551678109661566e+02,1.500000000000000000e+01,0.000000000000000000e+00,0.000000000000000000e+00
7.562499999999999778e-02,6.312500000000000402e-03,3.327593338549322084e+02,1.500000000000000000e+01,0.000000000000000000e+00,0.000000000000000000e+00
7.687499999999999889e-02,6.312500000000000402e-03,3.327634509321276823e+02,1.500000000000000000e+01,0.000000000000000000e+00,0.000000000000000000e+00
7.812500000000000000e-02,6.312500000000000402e-03,3.327675201482527996e+02,1.500000000000000000e+01,0.000000000000000000e+00,0.000000000000000000e+00
7.937500000000000111e-02,6.312500000000000402e-03,3.327715425336651833e+02,1.500000000000000000e+01,0.000000000000000000e+00,0.000000000000000000e+00
8.062500000000000222e-02,6.312500000000000402e-03,3.327755190509952854e+02,1.500000000000000000e+01,0.000000000000000000e+00,0.000000000000000000e+00
8.187500000000000333e-02,6.312500000000000402e-03,3.327794506019728829e+02,1.500000000000000000e+01,0.000000000000000000e+00,0.000000000000000000e+00
8.312500000000000444e-02,6.312500000000000402e-03,3.327833380335102902e+02,1.500000000000000000e+01,0.000000000000000000e+00,0.000000000000000000e+00
8.437500000000000555e-02,6.312500000000000402e-03,3.327871821431453441e+02,1.500000000000000000e+01,0.000000000000000000e+00,0.000000000000000000e+00
8.562500000000000666e-02,6.312500000000000402e-03,3.327909836838990714e+02,1.500000000000000000e+01,0.000000000000000000e+00,0.000000000000000000e+00
8.687500000000000777e-02,6.312500000000000402e-03,3.327947433686166505e+02,1.500000000000000000e+01,0.000000000000000000e+00,0.000000000000000000e+00
8.812499999999999500e-02,6.312500000000000402e-03,3.327984618738041718e+02,1.500000000000000000e+01,0.000000000000000000e+00,0.000000000000000000e+00
8.937499999999999611e-02,6.312500000000000402e-03,3.328021398428627435e+02,1.500000000000000000e+01,0.000000000000000000e+00,0.000000000000000000e+00
9.062499999999999722e-02,6.312500000000000402e-03,3.328057778877615078e+02,1.500000000000000000e+01,0.000000000000000000e+00,0.000000000000000000e+00
9.187499999999999833e-02,6.312500000000000402e-03,3.328093765834350961e+02,1.500000000000000000e+01,0.000000000000000000e+00,0.000000000000000000e+00
9.312499999999999944e-02,6.312500000000000402e-03,3.328129364210001313e+02,1.500000000000000000e+01,0.000000000000000000e+00,0.000000000000000000e+00
9.437500000000000056e-02,6.312500000000000402e-03,3.328164575203968525e+02,1.500000000000000000e+01,0.000000000000000000e+00,0.000000000000000000e+00
9.562500000000000167e-02,6.312500000000000402e-03,3.328199379309330652e+02,1.500000000000000000e+01,0.000000000000000000e+00,0.000000000000000000e+00
9.687500000000000278e-02,6.312500000000000402e-03,3.328233636577135144e+02,1.500000000000000000e+01,0.000000000000000000e+00,0.000000000000000000e+00
9.812500000000000389e-02,6.312500000000000402e-03,3.328266508710410676e+02,1.500000000000000000e+01,0.000000000000000000e+00,0.000000000000000000e+00
9.937500000000000500e-02,6.312500000000000402e-03,3.328293311504070289e+02,1.500000000000000000e+01,0.000000000000000000e+00,0.000000000000000000e+00
6.250000000000000130e-04,6.437500000000000513e-03,3.312411242793530732e+02,1.500000000000000000e+01,0.000000000000000000e+00,0.000000000000000000e+00
1.874999999999999931e-03,6.437500000000000513e-03,3.317397687979761258e+02,1.500000000000000000e+01,0.000000000000000000e+00,0.000000000000000000e+00
3.125000000000000173e-03,6.437500000000000513e-03,3.320046788463772032e+02,1.500000000000000000e+01,0.000000000000000000e+00,0.000000000000000000e+00
4.375000000000000416e-03,6.437500000000000513e-03,3.321500968731427292e+02,1.500000000000000000e+01,0.000000000000000000e+00,0.000000000000000000e+00
5.624999999999999792e-03,6.437500000000000513e-03,3.322422918841509158e+02,1.500000000000000000e+01,0.000000000000000000e+00,0.000000000000000000e+00
6.875000000000000035e-03,6.437500000000000513e-03,3.323077520372885374e+02,1.500000000000000000e+01,0.000000000000000000e+00,0.000000000000000000e+00
8.125000000000000278e-03,6.437500000000000513e-03,3.323577920726991124e+02,1.500000000000000000e+01,0.000000000000000000e+00,0.000000000000000000e+00
9.374999999999999653e-03,6.437500000000000513e-03,3.323979290852913664e+02,1.500000000000000000e+01,0.000000000000000000e+00,0.000000000000000000e+00
1.062500000000000076e-02,6.437500000000000513e-03,3.324312066548293387e+02,1.500000000000000000e+01,0.000000000000000000e+00,0.000000000000000000e+00
1.187500000000000014e-02,6.437500000000000513e-03,3.324594724768064680e+02,1.500000000000000000e+01,0.000000000000000000e+00,0.000000000000000000e+00
1.312499999999999951e-02,6.437500000000000513e-03,3.324839303018176224e+02,1.500000000000000000e+01,0.000000000000000000e+00,0.000000000000000000e+00
1.437500000000000062e-02,6.437500000000000513e-03,3.325054068067638582e+02,1.500000000000000000e+01,0.000000000000000000e+00,0.000000000000000000e+00
1.562500000000000000e-02,6.437500000000000513e-03,3.325244933034757651e+02,1.500000000000000000e+01,0.000000000000000000e+00,0.000000000000000000e+00
1.687500000000000111e-02,6.437500000000000513e-03,3.325416267418527241e+02,1.500000000000000000e+01,0.000000000000000000e+00,0.000000000000000000e+00
1.812499999999999875e-02,6.437500000000000513e-03,3.325571387634689131e+02,1.500000000000000000e+01,0.000000000000000000e+00,0.000000000000000000e+00
1.937499999999999986e-02,6.437500000000000513e-03,3.325712868051620035e+02,1.500000000000000000e+01,0.000000000000000000e+00,0.000000000000000000e+00
2.062500000000000097e-02,6.437500000000000513e-03,3.325842745743393039e+02,1.500000000000000000e+01,0.000000000000000000e+00,0.000000000000000000e+00
2.187500000000000208e-02,6.437500000000000513e-03,3.325962659551487945e+02,1.500000000000000000e+01,0.000000000000000000e+00,0.000000000000000000e+00
2.312499999999999972e-02,6.437500000000000513e-03,3.326073947066190613e+02,1.500000000000000000e+01,0.000000000000000000e+00,0.000000000000000000e+00
2.437500000000000083e-02,6.437500000000000513e-03,3.326177713824899911e+02,1.500000000000000000e+01,0.000000000000000000e+00,0.000000000000000000e+00
2.562500000000000194e-02,6.437500000000000513e-03,3.326274883686094199e+02,1.500000000000000000e+01,0.000000000000000000e+00,0.000000000000000000e+00
2.687499999999999958e-02,6.437500000000000513e-03,3.326366236161003940e+02,1.500000000000000000e+01,0.000000000000000000e+00,0.000000000000000000e+00
2.812500000000000069e-02,6.437500000000000513e-03,3.326452434530163487e+02,1.500000000000000000e+01,0.000000000000000000e+00,0.000000000000000000e+00
2.937500000000000180e-02,6.437500000000000513e-03,3.326534047336378990e+02,1.500000000000000000e+01,0.000000000000000000e+00,0.000000000000000000e+00
3.062499999999999944e-02,6.437500000000000513e-03,3.326611565042393863e+02,1.500000000000000000e+01,0.000000000000000000e+00,0.000000000000000000e+00
3.187500000000000056e-02,6.437500000000000513e-03,3.326685413108876901e+02,1.500000000000000000e+01,0.000000000000000000e+00,0.000000000000000000e+00
3.312500000000000167e-02,6.437500000000000513e-03,3.326755962388215835e+02,1.500000000000000000e+01,0.000000000000000000e+00,0.000000000000000000e+00
3.437500000000000278e-02,6.437500000000000513e-03,3.326823537480437949e+02,1.500000000000000000e+01,0.000000000000000000e+00,0.000000000000000000e+00
3.562500000000000389e-02,6.437500000000000513e-03,3.326888423524610516e+02,1.500000000000000000e+01,0.000000000000000000e+00,0.000000000000000000e+00
3.687499999999999806e-02,6.437500000000000513e-03,3.326950871775179621e+02,1.500000000000000000e+01,0.000000000000000000e+00,0.000000000000000000e+00
3.812499999999999917e-02,6.437500000000000513e-03,3.327011104224690143e+02,1.500000000000000000e+01,0.000000000000000000e+00,0.000000000000000000e+00
3.937500000000000028e-02,6.437500000000000513e-03,3.327069317470094916e+02,1.500000000000000000e+01,0.000000000000000000e+00,0.000000000000000000e+00
4.062500000000000139e-02,6.437500000000000513e-03,3.327125685972782776e+02,1.500000000000000000e+01,0.000000000000000000e+00,0.000000000000000000e+00
4.187500000000000250e-02,6.437500000000000513e-03,3.327180364827898984e+02,1.500000000000000000e+01,0.000000000000000000e+00,0.000000000000000000e+00
4.312500000000000361e-02,6.437500000000000513e-03,3.327233492132553465e+02,1.500000000000000000e+01,0.000000000000000000e+00,0.000000000000000000e+00
4.437499999999999778e-02,6.437500000000000513e-03,3.327285191023213997e+02,1.500000000000000000e+01,0.000000000000000000e+00,0.000000000000000000e+00
4.562499999999999889e-02,6.437500000000000513e-03,3.327335571437670296e+02,1.500000000000000000e+01,0.000000000000000000e+00,0.000000000000000000e+00
4.687500000000000000e-02,6.437500000000000513e-03,3.327384731645990996e+02,1.500000000000000000e+01,0.000000000000000000e+00,0.000000000000000000e+00
4.812500000000000111e-02,6.437500000000000513e-03,3.327432759586213251e+02,1.500000000000000000e+01,0.000000000000000000e+00,0.000000000000000000e+00
4.937500000000000222e-02,6.437500000000000513e-03,3.327479734033626642e+02,1.500000000000000000e+01,0.000000000000000000e+00,0.000000000000000000e+00
5.062500000000000333e-02,6.437500000000000513e-03,3.327525725627647830e+02,1.500000000000000000e+01,0.000000000000000000e+00,0.000000000000000000e+00
5.187500000000000444e-02,6.437500000000000513e-03,3.327570797775878191e+02,1.500000000000000000e+01,0.000000000000000000e+00,0.000000000000000000e+00
5.312499999999999861e-02,6.437500000000000513e-03,3.327615007451853444e+02,1.500000000000000000e+01,0.000000000000000000e+00,0.000000000000000000e+00
5.437499999999999972e-02,6.437500000000000513e-03,3.327658405900286880e+02,1.500000000000000000e+01,0.000000000000000000e+00,0.000000000000000000e+00
5.562500000000000083e-02,6.437500000000000513e-03,3.327701039261606866e+02,1.500000000000000000e+01,0.000000000000000000e+00,0.000000000000000000e+00
5.687500000000000194e-02,6.437500000000000513e-03,3.327742949125630503e+02,1.500000000000000000e+01,0.000000000000000000e+00,0.000000000000000000e+00
5.812500000000000305e-02,6.437500000000000513e-03,3.327784173023200083e+02,1.500000000000000000e+01,0.000000000000000000e+00,0.000000000000000000e+00
5.937500000000000416e-02,6.437500000000000513e-03,3.327824744862842863e+02,1.500000000000000000e+01,0.000000000000000000e+00,0.000000000000000000e+00
6.062499999999999833e-02,6.437500000000000513e-03,3.327864695319312887e+02,1.500000000000000000e+01,0.000000000000000000e+00,0.000000000000000000e+00
6.187499999999999944e-02,6.437500000000000513e-03,3.327904052179177370e+02,1.500000000000000000e+01,0.000000000000000000e+00,0.000000000000000000e+00
6.312500000000000056e-02,6.437500000000000513e-03,3.327942840648626088e+02,1.500000000000000000e+01,0.000000000000000000e+00,0.000000000000000000e+00
6.437500000000000167e-02,6.437500000000000513e-03,3.327981083627672660e+02,1.500000000000000000e+01,0.000000000000000000e+00,0.000000000000000000e+00
6.562500000000000278e-02,6.437500000000000513e-03,3.328018801954515880e+02,1.500000000000000000e+01,0.000000000000000000e+00,0.000000000000000000e+00
6.687500000000000389e-02,6.437500000000000513e-03,3.328056014623364263e+02,1.500000000000000000e+01,0.000000000000000000e+00,0.000000000000000000e+00
6.812500000000000500e-02,6.437500000000000513e-03,3.328092738978777447e+02,1.500000000000000000e+01,0.000000000000000000e+00,0.000000000000000000e+00
6.937500000000000611e-02,6.437500000000000513e-03,3.328128990888973249e+02,1.500000000000000000e+01,0.000000000000000000e+00,0.000000000000000000e+00
7.062500000000000722e-02,6.437500000000000513e-03,3.328164784900421864e+02,1.500000000000000000e+01,0.000000000000000000e+00,0.000000000000000000e+00
7.187500000000000833e-02,6.437500000000000513e-03,3.328200134375899779e+02,1.500000000000000000e+01,0.000000000000000000e+00,0.000000000000000000e+00
7.312499999999999556e-02,6.437500000000000513e-03,3.328235051617615454e+02,1.500000000000000000e+01,0.000000000000000000e+00,0.000000000000000000e+00
7.437499999999999667e-02,6.437500000000000513e-03,3.328269547977159846e+02,1.500000000000000000e+01,0.000000000000000000e+00,0.000000000000000000e+00
7.562499999999999778e-02,6.437500000000000513e-03,3.328303633953678968e+02,1.500000000000000000e+01,0.000000000000000000e+00,0.000000000000000000e+00
7.687499999999999889e-02,6.437500000000000513e-03,3.328337319281541227e+02,1.500000000000000000e+01,0.000000000000000000e+00,0.000000000000000000e+00
7.812500000000000000e-02,6.437500000000000513e-03,3.328370613008547707e+02,1.500000000000000000e+01,0.000000000000000000e+00,0.000000000000000000e+00
7.937500000000000111e-02,6.437500000000000513e-03,3.328403523565942237e+02,1.500000000000000000e+01,0.000000000000000000e+00,0.000000000000000000e+00
8.062500000000000222e-02,6.437500000000000513e-03,3.328436058830718594e+02,1.500000000000000000e+01,0.000000000000000000e+00,0.000000000000000000e+00
8.187500000000000333e-02,6.437500000000000513e-03,3.328468226181498153e+02,1.500000000000000000e+01,0.000000000000000000e+00,0.000000000000000000e+00
8.312500000000000444e-02,6.437500000000000513e-03,3.328500032548304262e+02,1.500000000000000000e+01,0.000000000000000000e+00,0.000000000000000000e+00
8.437500000000000555e-02,6.437500000000000513e-03,3.328531484457109286e+02,1.500000000000000000e+01,0.000000000000000000e+00,0.000000000000000000e+00
8.562500000000000666e-02,6.437500000000000513e-03,3.328562588069586354e+02,1.500000000000000000e+01,0.000000000000000000e+00,0.000000000000000000e+00
8.687500000000000777e-02,6.437500000000000513e-03,3.328593349218629101e+02,1.500000000000000000e+01,0.000000000000000000e+00,0.000000000000000000e+00
8.812499999999999500e-02,6.437500000000000513e-03,3.328623773439722413e+02,1.500000000000000000e+01,0.000000000000000000e+00,0.000000000000000000e+00
8.937499999999999611e-02,6.437500000000000513e-03,3.328653865997264916e+02,1.500000000000000000e+01,0.000000000000000000e+00,0.000000000000000000e+00
9.062499999999999722e-02,6.437500000000000513e-03,3.328683631897373516e+02,1.500000000000000000e+01,0.000000000000000000e+00,0.000000000000000000e+00
9.187499999999999833e-02,6.437500000000000513e-03,3.328713075836875532e+02,1.500000000000000000e+01,0.000000000000000000e+00,0.000000000000000000e+00
9.312499999999999944e-02,6.437500000000000513e-03,3.328742201790093986e+02,1.500000000000000000e+01,0.000000000000000000e+00,0.000000000000000000e+00
9.437500000000000056e-02,6.437500000000000513e-03,3.328771010479150050e+02,1.500000000000000000e+01,0.000000000000000000e+00,0.000000000000000000e+00
9.562500000000000167e-02,6.437500000000000513e-03,3.328799484429546283e+02,1.500000000000000000e+01,0.000000000000000000e+00,0.000000000000000000e+00
9.687500000000000278e-02,6.437500000000000513e-03,3.328827500506554316e+02,1.500000000000000000e+01,0.000000000000000000e+00,0.000000000000000000e+00
9.812500000000000389e-02,6.437500000000000513e-03,3.328854328241283156e+02,1.500000000000000000e+01,0.000000000000000000e+00,0.000000000000000000e+00
9.937500000000000500e-02,6.437500000000000513e-03,3.328875987269329926e+02,1.500000000000000000e+01,0.000000000000000000e+00,0.000000000000000000e+00
6.250000000000000130e-04,6.562499999999999757e-03,3.316703566025436203e+02,1.500000000000000000e+01,0.000000000000000000e+00,0.000000000000000000e+00
1.874999999999999931e-03,6.562499999999999757e-03,3.320508815023298439e+02,1.500000000000000000e+01,0.000000000000000000e+00,0.000000000000000000e+00
3.125000000000000173e-03,6.562499999999999757e-03,3.322579495521714534e+02,1.500000000000000000e+01,0.000000000000000000e+00,0.000000000000000000e+00
4.375000000000000416e-03,6.562499999999999757e-03,3.323717381871495036e+02,1.500000000000000000e+01,0.000000000000000000e+00,0.000000000000000000e+00
5.624999999999999792e-03,6.562499999999999757e-03,3.324437246087443327e+02,1.500000000000000000e+01,0.000000000000000000e+00,0.000000000000000000e+00
6.875000000000000035e-03,6.562499999999999757e-03,3.324947572127436501e+02,1.500000000000000000e+01,0.000000000000000000e+00,0.000000000000000000e+00
8.125000000000000278e-03,6.562499999999999757e-03,3.325337351022914163e+02,1.500000000000000000e+01,0.000000000000000000e+00,0.000000000000000000e+00
9.374999999999999653e-03,6.562499999999999757e-03,3.325649845899964134e+02,1.500000000000000000e+01,0.000000000000000000e+00,0.000000000000000000e+00
1.062500000000000076e-02,6.562499999999999757e-03,3.325908864120706312e+02,1.500000000000000000e+01,0.000000000000000000e+00,0.000000000000000000e+00
1.187500000000000014e-02,6.562499999999999757e-03,3.326128834749912926e+02,1.500000000000000000e+01,0.000000000000000000e+00,0.000000000000000000e+00
1.312499999999999951e-02,6.562499999999999757e-03,3.326319148279214346e+02,1.500000000000000000e+01,0.000000000000000000e+00,0.000000000000000000e+00
1.437500000000000062e-02,6.562499999999999757e-03,3.326486249238501500e+02,1.500000000000000000e+01,0.000000000000000000e+00,0.000000000000000000e+00
1.562500000000000000e-02,6.562499999999999757e-03,3.326634745175619514e+02,1.500000000000000000e+01,0.000000000000000000e+00,0.000000000000000000e+00
1.687500000000000111e-02,6.562499999999999757e-03,3.326768039703767954e+02,1.500000000000000000e+01,0.000000000000000000e+00,0.000000000000000000e+00
1.812499999999999875e-02,6.562499999999999757e-03,3.326888715497023554e+02,1.500000000000000000e+01,0.000000000000000000e+00,0.000000000000000000e+00
1.937499999999999986e-02,6.562499999999999757e-03,3.326998776973046574e+02,1.500000000000000000e+01,0.000000000000000000e+00,0.000000000000000000e+00
2.062500000000000097e-02,6.562499999999999757e-03,3.327099809969424768e+02,1.500000000000000000e+01,0.000000000000000000e+00,0.000000000000000000e+00
2.187500000000000208e-02,6.562499999999999757e-03,3.327193090149108343e+02,1.500000000000000000e+01,0.000000000000000000e+00,0.000000000000000000e+00
2.312499999999999972e-02,6.562499999999999757e-03,3.327279658579419106e+02,1.500000000000000000e+01,0.000000000000000000e+00,0.000000000000000000e+00
2.437500000000000083e-02,6.562499999999999757e-03,3.327360375646283615e+02,1.500000000000000000e+01,0.000000000000000000e+00,0.000000000000000000e+00
2.562500000000000194e-02,6.562499999999999757e-03,3.327435960294165511e+02,1.500000000000000000e+01,0.000000000000000000e+00,0.000000000000000000e+00
2.687499999999999958e-02,6.562499999999999757e-03,3.327507019101653327e+02,1.500000000000000000e+01,0.000000000000000000e+00,0.000000000000000000e+00
2.812500000000000069e-02,6.562499999999999757e-03,3.327574068176837727e+02,1.500000000000000000e+01,0.000000000000000000e+00,0.000000000000000000e+00
2.937500000000000180e-02,6.562499999999999757e-03,3.327637549892664310e+02,1.500000000000000000e+01,0.000000000000000000e+00,0.000000000000000000e+00
3.062499999999999944e-02,6.562499999999999757e-03,3.327697845855950618e+02,1.500000000000000000e+01,0.000000000000000000e+00,0.000000000000000000e+00
3.187500000000000056e-02,6.562499999999999757e-03,3.327755287088460250e+02,1.500000000000000000e+01,0.000000000000000000e+00,0.000000000000000000e+00
3.312500000000000167e-02,6.562499999999999757e-03,3.327810162117683035e+02,1.500000000000000000e+01,0.000000000000000000e+00,0.000000000000000000e+00
3.437500000000000278e-02,6.562499999999999757e-03,3.327862723480803879e+02,1.500000000000000000e+01,0.000000000000000000e+00,0.000000000000000000e+00
3.562500000000000389e-02,6.562499999999999757e-03,3.327913193010530222e+02,1.500000000000000000e+01,0.000000000000000000e+00,0.000000000000000000e+00
3.687499999999999806e-02,6.562499999999999757e-03,3.327961766174963714e+02,1.500000000000000000e+01,0.000000000000000000e+00,0.000000000000000000e+00
3.812499999999999917e-02,6.562499999999999757e-03,3.328008615675098554e+02,1.500000000000000000e+01,0.000000000000000000e+00,0.000000000000000000e+00
3.937500000000000028e-02,6.562499999999999757e-03,3.328053894453503290e+02,1.500000000000000000e+01,0.000000000000000000e+00,0.000000000000000000e+00
4.062500000000000139e-02,6.562499999999999757e-03,3.328097738231104472e+02,1.500000000000000000e+01,0.000000000000000000e+00,0.000000000000000000e+00
4.187500000000000250e-02,6.562499999999999757e-03,3.328140267662034262e+02,1.500000000000000000e+01,0.000000000000000000e+00,0.000000000000000000e+00
4.312500000000000361e-02,6.562499999999999757e-03,3.328181590176292843e+02,1.500000000000000000e+01,0.000000000000000000e+00,0.000000000000000000e+00
4.437499999999999778e-02,6.562499999999999757e-03,3.328221801564971543e+02,1.500000000000000000e+01,0.000000000000000000e+00,0.000000000000000000e+00
4.562499999999999889e-02,6.562499999999999757e-03,3.328260987351122253e+02,1.500000000000000000e+01,0.000000000000000000e+00,0.000000000000000000e+00
4.687500000000000000e-02,6.562499999999999757e-03,3.328299223980878310e+02,1.500000000000000000e+01,0.000000000000000000e+00,0.000000000000000000e+00
4.812500000000000111e-02,6.562499999999999757e-03,3.328336579862619260e+02,1.500000000000000000e+01,0.000000000000000000e+00,0.000000000000000000e+00
4.937500000000000222e-02,6.562499999999999757e-03,3.328373116276670203e+02,1.500000000000000000e+01,0.000000000000000000e+00,0.000000000000000000e+00
5.062500000000000333e-02,6.562499999999999757e-03,3.328408888174175218e+02,1.500000000000000000e+01,0.000000000000000000e+00,0.000000000000000000e+00
5.187500000000000444e-02,6.562499999999999757e-03,3.328443944880436902e+02,1.500000000000000000e+01,0.000000000000000000e+00,0.000000000000000000e+00
5.312499999999999861e-02,6.562499999999999757e-03,3.328478330715518041e+02,1.500000000000000000e+01,0.000000000000000000e+00,0.000000000000000000e+00
5.437499999999999972e-02,6.562499999999999757e-03,3.328512085542898262e+02,1.500000000000000000e+01,0.000000000000000000e+00,0.000000000000000000e+00
5.562500000000000083e-02,6.562499999999999757e-03,3.328545245255320424e+02,1.500000000000000000e+01,0.000000000000000000e+00,0.000000000000000000e+00
5.687500000000000194e-02,6.562499999999999757e-03,3.328577842205519914e+02,1.500000000000000000e+01,0.000000000000000000e+00,0.000000000000000000e+00
5.812500000000000305e-02,6.562499999999999757e-03,3.328609905588680817e+02,1.500000000000000000e+01,0.000000000000000000e+00,0.000000000000000000e+00
5.937500000000000416e-02,6.562499999999999757e-03,3.328641461782132751e+02,1.500000000000000000e+01,0.000000000000000000e+00,0.000000000000000000e+00
6.062499999999999833e-02,6.562499999999999757e-03,3.328672534647603811e+02,1.500000000000000000e+01,0.000000000000000000e+00,0.000000000000000000e+00
6.187499999999999944e-02,6.562499999999999757e-03,3.328703145800059247e+02,1.500000000000000000e+01,0.000000000000000000e+00,0.000000000000000000e+00
6.312500000000000056e-02,6.562499999999999757e-03,3.328733314847157203e+02,1.500000000000000000e+01,0.000000000000000000e+00,0.000000000000000000e+00
6.437500000000000167e-02,6.562499999999999757e-03,3.328763059602557064e+02,1.500000000000000000e+01,0.000000000000000000e+00,0.000000000000000000e+00
6.562500000000000278e-02,6.562499999999999757e-03,3.328792396276004979e+02,1.500000000000000000e+01,0.000000000000000000e+00,0.000000000000000000e+00
6.687500000000000389e-02,6.562499999999999757e-03,3.328821339642789212e+02,1.500000000000000000e+01,0.000000000000000000e+00,0.000000000000000000e+00
6.812500000000000500e-02,6.562499999999999757e-03,3.328849903194920898e+02,1.500000000000000000e+01,0.000000000000000000e+00,0.000000000000000000e+00
6.937500000000000611e-02,6.562499999999999757e-03,3.328878099275951854e+02,1.500000000000000000e+01,0.000000000000000000e+00,0.000000000000000000e+00
7.062500000000000722e-02,6.562499999999999757e-03,3.328905939201234787e+02,1.500000000000000000e+01,0.000000000000000000e+00,0.000000000000000000e+00
7.187500000000000833e-02,6.562499999999999757e-03,3.328933433365317001e+02,1.500000000000000000e+01,0.000000000000000000e+00,0.000000000000000000e+00
7.312499999999999556e-02,6.562499999999999757e-03,3.328960591337722690e+02,1.500000000000000000e+01,0.000000000000000000e+00,0.000000000000000000e+00
7.437499999999999667e-02,6.562499999999999757e-03,3.328987421948489214e+02,1.500000000000000000e+01,0.000000000000000000e+00,0.000000000000000000e+00
7.562499999999999778e-02,6.562499999999999757e-03,3.329013933364520881e+02,1.500000000000000000e+01,0.000000000000000000e+00,0.000000000000000000e+00
7.687499999999999889e-02,6.562499999999999757e-03,3.329040133157815262e+02,1.500000000000000000e+01,0.000000000000000000e+00,0.000000000000000000e+00
7.812500000000000000e-02,6.562499999999999757e-03,3.329066028366265186e+02,1.500000000000000000e+01,0.000000000000000000e+00,0.000000000000000000e+00
7.937500000000000111e-02,6.562499999999999757e-03,3.329091625548159072e+02,1.500000000000000000e+01,0.000000000000000000e+00,0.000000000000000000e+00
8.062500000000000222e-02,6.562499999999999757e-03,3.329116930830624597e+02,1.500000000000000000e+01,0.000000000000000000e+00,0.000000000000000000e+00
8.187500000000000333e-02,6.562499999999999757e-03,3.329141949953106518e+02,1.500000000000000000e+01,0.000000000000000000e+00,0.000000000000000000e+00
8.312500000000000444e-02,6.562499999999999757e-03,3.329166688306084438e+02,1.500000000000000000e+01,0.000000000000000000e+00,0.000000000000000000e+00
8.437500000000000555e-02,6.562499999999999757e-03,3.329191150965727388e+02,1.500000000000000000e+01,0.000000000000000000e+00,0.000000000000000000e+00
8.562500000000000666e-02,6.562499999999999757e-03,3.329215342724815514e+02,1.500000000000000000e+01,0.000000000000000000e+00,0.000000000000000000e+00
8.687500000000000777e-02,6.562499999999999757e-03,3.329239268120370525e+02,1.500000000000000000e+01,0.000000000000000000e+00,0.000000000000000000e+00
8.812499999999999500e-02,6.562499999999999757e-03,3.329262931458038111e+02,1.500000000000000000e+01,0.000000000000000000e+00,0.000000000000000000e+00
8.937499999999999611e-02,6.562499999999999757e-03,3.329286336832476536e+02,1.500000000000000000e+01,0.000000000000000000e+00,0.000000000000000000e+00
9.062499999999999722e-02,6.562499999999999757e-03,3.329309488136738082e+02,1.500000000000000000e+01,0.000000000000000000e+00,0.000000000000000000e+00
9.187499999999999833e-02,6.562499999999999757e-03,3.329332389019262450e+02,1.500000000000000000e+01,0.000000000000000000e+00,0.000000000000000000e+00
9.312499999999999944e-02,6.562499999999999757e-03,3.329355042542828187e+02,1.500000000000000000e+01,0.000000000000000000e+00,0.000000000000000000e+00
9.437500000000000056e-02,6.562499999999999757e-03,3.329377449101718298e+02,1.500000000000000000e+01,0.000000000000000000e+00,0.000000000000000000e+00
9.562500000000000167e-02,6.562499999999999757e-03,3.329399594128496460e+02,1.500000000000000000e+01,0.000000000000000000e+00,0.000000000000000000e+00
9.687500000000000278e-02,6.562499999999999757e-03,3.329421376319395449e+02,1.500000000000000000e+01,0.000000000000000000e+00,0.000000000000000000e+00
9.812500000000000389e-02,6.562499999999999757e-03,3.329442199459222138e+02,1.500000000000000000e+01,0.000000000000000000e+00,0.000000000000000000e+00
9.937500000000000500e-02,6.562499999999999757e-03,3.329458879624870633e+02,1.500000000000000000e+01,0.000000000000000000e+00,0.000000000000000000e+00
6.250000000000000130e-04,6.687499999999999868e-03,3.320957836767361755e+02,1.500000000000000000e+01,0.000000000000000000e+00,0.000000000000000000e+00
1.874999999999999931e-03,6.687499999999999868e-03,3.323637287751830627e+02,1.500000000000000000e+01,0.000000000000000000e+00,0.000000000000000000e+00
3.125000000000000173e-03,6.687499999999999868e-03,3.325121530521143427e+02,1.500000000000000000e+01,0.000000000000000000e+00,0.000000000000000000e+00
4.375000000000000416e-03,6.687499999999999868e-03,3.325937975232901636e+02,1.500000000000000000e+01,0.000000000000000000e+00,0.000000000000000000e+00
5.624999999999999792e-03,6.687499999999999868e-03,3.326453668715136018e+02,1.500000000000000000e+01,0.000000000000000000e+00,0.000000000000000000e+00
6.875000000000000035e-03,6.687499999999999868e-03,3.326818829353431966e+02,1.500000000000000000e+01,0.000000000000000000e+00,0.000000000000000000e+00
8.125000000000000278e-03,6.687499999999999868e-03,3.327097554159022366e+02,1.500000000000000000e+01,0.000000000000000000e+00,0.000000000000000000e+00
9.374999999999999653e-03,6.687499999999999868e-03,3.327320935713578365e+02,1.500000000000000000e+01,0.000000000000000000e+00,0.000000000000000000e+00
1.062500000000000076e-02,6.687499999999999868e-03,3.327506052169034660e+02,1.500000000000000000e+01,0.000000000000000000e+00,0.000000000000000000e+00
1.187500000000000014e-02,6.687499999999999868e-03,3.327663241302759616e+02,1.500000000000000000e+01,0.000000000000000000e+00,0.000000000000000000e+00
1.312499999999999951e-02,6.687499999999999868e-03,3.327799225665953600e+02,1.500000000000000000e+01,0.000000000000000000e+00,0.000000000000000000e+00
1.437500000000000062e-02,6.687499999999999868e-03,3.327918616459585337e+02,1.500000000000000000e+01,0.000000000000000000e+00,0.000000000000000000e+00
1.562500000000000000e-02,6.687499999999999868e-03,3.328024709330571227e+02,1.500000000000000000e+01,0.000000000000000000e+00,0.000000000000000000e+00
1.687500000000000111e-02,6.687499999999999868e-03,3.328119938176357095e+02,1.500000000000000000e+01,0.000000000000000000e+00,0.000000000000000000e+00
1.812499999999999875e-02,6.687499999999999868e-03,3.328206149502530593e+02,1.500000000000000000e+01,0.000000000000000000e+00,0.000000000000000000e+00
1.937499999999999986e-02,6.687499999999999868e-03,3.328284776179269784e+02,1.500000000000000000e+01,0.000000000000000000e+00,0.000000000000000000e+00
2.062500000000000097e-02,6.687499999999999868e-03,3.328356951723623069e+02,1.500000000000000000e+01,0.000000000000000000e+00,0.000000000000000000e+00
2.187500000000000208e-02,6.687499999999999868e-03,3.328423587864220963e+02,1.500000000000000000e+01,0.000000000000000000e+00,0.000000000000000000e+00
2.312499999999999972e-02,6.687499999999999868e-03,3.328485428606282994e+02,1.500000000000000000e+01,0.000000000000000000e+00,0.000000000000000000e+00
2.437500000000000083e-02,6.687499999999999868e-03,3.328543088791857372e+02,1.500000000000000000e+01,0.000000000000000000e+00,0.000000000000000000e+00
2.562500000000000194e-02,6.687499999999999868e-03,3.328597082160640639e+02,1.500000000000000000e+01,0.000000000000000000e+00,0.000000000000000000e+00
2.687499999999999958e-02,6.687499999999999868e-03,3.328647842139625936e+02,1.500000000000000000e+01,0.000000000000000000e+00,0.000000000000000000e+00
2.812500000000000069e-02,6.687499999999999868e-03,3.328695737497105256e+02,1.500000000000000000e+01,0.000000000000000000e+00,0.000000000000000000e+00
2.937500000000000180e-02,6.687499999999999868e-03,3.328741084306474818e+02,1.500000000000000000e+01,0.000000000000000000e+00,0.000000000000000000e+00
3.062499999999999944e-02,6.687499999999999868e-03,3.328784155216813474e+02,1.500000000000000000e+01,0.000000000000000000e+00,0.000000000000000000e+00
3.187500000000000056e-02,6.687499999999999868e-03,3.328825186730075529e+02,1.500000000000000000e+01,0.000000000000000000e+00,0.000000000000000000e+00
3.312500000000000167e-02,6.687499999999999868e-03,3.328864384983811533e+02,1.500000000000000000e+01,0.000000000000000000e+00,0.000000000000000000e+00
3.437500000000000278e-02,6.687499999999999868e-03,3.328901930399503613e+02,1.500000000000000000e+01,0.000000000000000000e+00,0.000000000000000000e+00
3.562500000000000389e-02,6.687499999999999868e-03,3.328937981460103970e+02,1.500000000000000000e+01,0.000000000000000000e+00,0.000000000000000000e+00
3.687499999999999806e-02,6.687499999999999868e-03,3.328972677811392487e+02,1.500000000000000000e+01,0.000000000000000000e+00,0.000000000000000000e+00
3.812499999999999917e-02,6.687499999999999868e-03,3.329006142832724890e+02,1.500000000000000000e+01,0.000000000000000000e+00,0.000000000000000000e+00
3.937500000000000028e-02,6.687499999999999868e-03,3.329038485786919068e+02,1.500000000000000000e+01,0.000000000000000000e+00,0.000000000000000000e+00
4.062500000000000139e-02,6.687499999999999868e-03,3.329069803632893354e+02,1.500000000000000000e+01,0.000000000000000000e+00,0.000000000000000000e+00
4.187500000000000250e-02,6.687499999999999868e-03,3.329100182565335899e+02,1.500000000000000000e+01,0.000000000000000000e+00,0.000000000000000000e+00
4.312500000000000361e-02,6.687499999999999868e-03,3.329129699331288634e+02,1.500000000000000000e+01,0.000000000000000000e+00,0.000000000000000000e+00
4.437499999999999778e-02,6.687499999999999868e-03,3.329158422362754663e+02,1.500000000000000000e+01,0.000000000000000000e+00,0.000000000000000000e+00
4.562499999999999889e-02,6.687499999999999868e-03,3.329186412756138225e+02,1.500000000000000000e+01,0.000000000000000000e+00,0.000000000000000000e+00
4.687500000000000000e-02,6.687499999999999868e-03,3.329213725123244672e+02,1.500000000000000000e+01,0.000000000000000000e+00,0.000000000000000000e+00
4.812500000000000111e-02,6.687499999999999868e-03,3.329240408333703272e+02,1.500000000000000000e+01,0.000000000000000000e+00,0.000000000000000000e+00
4.937500000000000222e-02,6.687499999999999868e-03,3.329266506164879615e+02,1.500000000000000000e+01,0.000000000000000000e+00,0.000000000000000000e+00
5.062500000000000333e-02,6.687499999999999868e-03,3.329292057872614237e+02,1.500000000000000000e+01,0.000000000000000000e+00,0.000000000000000000e+00
5.187500000000000444e-02,6.687499999999999868e-03,3.329317098693707067e+02,1.500000000000000000e+01,0.000000000000000000e+00,0.000000000000000000e+00
5.312499999999999861e-02,6.687499999999999868e-03,3.329341660289260290e+02,1.500000000000000000e+01,0.000000000000000000e+00,0.000000000000000000e+00
5.437499999999999972e-02,6.687499999999999868e-03,3.329365771136659760e+02,1.500000000000000000e+01,0.000000000000000000e+00,0.000000000000000000e+00
5.562500000000000083e-02,6.687499999999999868e-03,3.329389456876655800e+02,1.500000000000000000e+01,0.000000000000000000e+00,0.000000000000000000e+00
5.687500000000000194e-02,6.687499999999999868e-03,3.329412740621078797e+02,1.500000000000000000e+01,0.000000000000000000e+00,0.000000000000000000e+00
5.812500000000000305e-02,6.687499999999999868e-03,3.329435643226058232e+02,1.500000000000000000e+01,0.000000000000000000e+00,0.000000000000000000e+00
5.937500000000000416e-02,6.687499999999999868e-03,3.329458183534702016e+02,1.500000000000000000e+01,0.000000000000000000e+00,0.000000000000000000e+00
6.062499999999999833e-02,6.687499999999999868e-03,3.329480378593023602e+02,1.500000000000000000e+01,0.000000000000000000e+00,0.000000000000000000e+00
6.187499999999999944e-02,6.687499999999999868e-03,3.329502243841994300e+02,1.500000000000000000e+01,0.000000000000000000e+00,0.000000000000000000e+00
6.312500000000000056e-02,6.687499999999999868e-03,3.329523793288605589e+02,1.500000000000000000e+01,0.000000000000000000e+00,0.000000000000000000e+00
6.437500000000000167e-02,6.687499999999999868e-03,3.329545039658261203e+02,1.500000000000000000e+01,0.000000000000000000e+00,0.000000000000000000e+00
6.562500000000000278e-02,6.687499999999999868e-03,3.329565994530560147e+02,1.500000000000000000e+01,0.000000000000000000e+00,0.000000000000000000e+00
6.687500000000000389e-02,6.687499999999999868e-03,3.329586668460360102e+02,1.500000000000000000e+01,0.000000000000000000e+00,0.000000000000000000e+00
6.812500000000000500e-02,6.687499999999999868e-03,3.329607071085774237e+02,1.500000000000000000e+01,0.000000000000000000e+00,0.000000000000000000e+00
6.937500000000000611e-02,6.687499999999999868e-03,3.329627211224487269e+02,1.500000000000000000e+01,0.000000000000000000e+00,0.000000000000000000e+00
7.062500000000000722e-02,6.687499999999999868e-03,3.329647096959660075e+02,1.500000000000000000e+01,0.000000000000000000e+00,0.000000000000000000e+00
7.187500000000000833e-02,6.687499999999999868e-03,3.329666735716651260e+02,1.500000000000000000e+01,0.000000000000000000e+00,0.000000000000000000e+00
7.312499999999999556e-02,6.687499999999999868e-03,3.329686134331446397e+02,1.500000000000000000e+01,0.000000000000000000e+00,0.000000000000000000e+00
7.437499999999999667e-02,6.687499999999999868e-03,3.329705299111765271e+02,1.500000000000000000e+01,0.000000000000000000e+00,0.000000000000000000e+00
7.562499999999999778e-02,6.687499999999999868e-03,3.329724235891591206e+02,1.500000000000000000e+01,0.000000000000000000e+00,0.000000000000000000e+00
7.687499999999999889e-02,6.687499999999999868e-03,3.329742950079935326e+02,1.500000000000000000e+01,0.000000000000000000e+00,0.000000000000000000e+00
7.812500000000000000e-02,6.687499999999999868e-03,3.329761446704248442e+02,1.500000000000000000e+01,0.000000000000000000e+00,0.000000000000000000e+00
7.937500000000000111e-02,6.687499999999999868e-03,3.329779730449369595e+02,1.500000000000000000e+01,0.000000000000000000e+00,0.000000000000000000e+00
8.062500000000000222e-02,6.687499999999999868e-03,3.329797805692130623e+02,1.500000000000000000e+01,0.000000000000000000e+00,0.000000000000000000e+00
8.187500000000000333e-02,6.687499999999999868e-03,3.329815676532409725e+02,1.500000000000000000e+01,0.000000000000000000e+00,0.000000000000000000e+00
8.312500000000000444e-02,6.687499999999999868e-03,3.329833346820797715e+02,1.500000000000000000e+01,0.000000000000000000e+00,0.000000000000000000e+00
8.437500000000000555e-02,6.687499999999999868e-03,3.329850820183351061e+02,1.500000000000000000e+01,0.000000000000000000e+00,0.000000000000000000e+00
8.562500000000000666e-02,6.687499999999999868e-03,3.329868100043680670e+02,1.500000000000000000e+01,0.000000000000000000e+00,0.000000000000000000e+00
8.687500000000000777e-02,6.687499999999999868e-03,3.329885189642691330e+02,1.500000000000000000e+01,0.000000000000000000e+00,0.000000000000000000e+00
8.812499999999999500e-02,6.687499999999999868e-03,3.329902092055987168e+02,1.500000000000000000e+01,0.000000000000000000e+00,0.000000000000000000e+00
8.937499999999999611e-02,6.687499999999999868e-03,3.329918810208389459e+02,1.500000000000000000e+01,0.000000000000000000e+00,0.000000000000000000e+00
9.062499999999999722e-02,6.687499999999999868e-03,3.329935346880319571e+02,1.500000000000000000e+01,0.000000000000000000e+00,0.000000000000000000e+00
9.187499999999999833e-02,6.687499999999999868e-03,3.329951704675240194e+02,1.500000000000000000e+01,0.000000000000000000e+00,0.000000000000000000e+00
9.312499999999999944e-02,6.687499999999999868e-03,3.329967885765209985e+02,1.500000000000000000e+01,0.000000000000000000e+00,0.000000000000000000e+00
9.437500000000000056e-02,6.687499999999999868e-03,3.329983890339606774e+02,1.500000000000000000e+01,0.000000000000000000e+00,0.000000000000000000e+00
9.562500000000000167e-02,6.687499999999999868e-03,3.329999707455804128e+02,1.500000000000000000e+01,0.000000000000000000e+00,0.000000000000000000e+00
9.687500000000000278e-02,6.687499999999999868e-03,3.330015261722747368e+02,1.500000000000000000e+01,0.000000000000000000e+00,0.000000000000000000e+00
9.812500000000000389e-02,6.687499999999999868e-03,3.330030112106903175e+02,1.500000000000000000e+01,0.000000000000000000e+00,0.000000000000000000e+00
9.937500000000000500e-02,6.687499999999999868e-03,3.330041938782067064e+02,1.500000000000000000e+01,0.000000000000000000e+00,0.000000000000000000e+00
6.250000000000000130e-04,6.812499999999999979e-03,3.325185312999442999e+02,1.500000000000000000e+01,0.000000000000000000e+00,0.000000000000000000e+00
1.874999999999999931e-03,6.812499999999999979e-03,3.326777712562515035e+02,1.500000000000000000e+01,0.000000000000000000e+00,0.000000000000000000e+00
3.125000000000000173e-03,6.812499999999999979e-03,3.327670243501149230e+02,1.500000000000000000e+01,0.000000000000000000e+00,0.000000000000000000e+00
4.375000000000000416e-03,6.812499999999999979e-03,3.328161576106602979e+02,1.500000000000000000e+01,0.000000000000000000e+00,0.000000000000000000e+00
5.624999999999999792e-03,6.812499999999999979e-03,3.328471596671267321e+02,1.500000000000000000e+01,0.000000000000000000e+00,0.000000000000000000e+00
6.875000000000000035e-03,6.812499999999999979e-03,3.328690950937752859e+02,1.500000000000000000e+01,0.000000000000000000e+00,0.000000000000000000e+00
8.125000000000000278e-03,6.812499999999999979e-03,3.328858310727641197e+02,1.500000000000000000e+01,0.000000000000000000e+00,0.000000000000000000e+00
9.374999999999999653e-03,6.812499999999999979e-03,3.328992408178182814e+02,1.500000000000000000e+01,0.000000000000000000e+00,0.000000000000000000e+00
1.062500000000000076e-02,6.812499999999999979e-03,3.329103519490580538e+02,1.500000000000000000e+01,0.000000000000000000e+00,0.000000000000000000e+00
1.187500000000000014e-02,6.812499999999999979e-03,3.329197859903313201e+02,1.500000000000000000e+01,0.000000000000000000e+00,0.000000000000000000e+00
1.312499999999999951e-02,6.812499999999999979e-03,3.329279468988388544e+02,1.500000000000000000e+01,0.000000000000000000e+00,0.000000000000000000e+00
1.437500000000000062e-02,6.812499999999999979e-03,3.329351116659895524e+02,1.500000000000000000e+01,0.000000000000000000e+00,0.000000000000000000e+00
1.562500000000000000e-02,6.812499999999999979e-03,3.329414782125774082e+02,1.500000000000000000e+01,0.000000000000000000e+00,0.000000000000000000e+00
1.687500000000000111e-02,6.812499999999999979e-03,3.329471926824141974e+02,1.500000000000000000e+01,0.000000000000000000e+00,0.000000000000000000e+00
1.812499999999999875e-02,6.812499999999999979e-03,3.329523659354531446e+02,1.500000000000000000e+01,0.000000000000000000e+00,0.000000000000000000e+00
1.937499999999999986e-02,6.812499999999999979e-03,3.329570839896817915e+02,1.500000000000000000e+01,0.000000000000000000e+00,0.000000000000000000e+00
2.062500000000000097e-02,6.812499999999999979e-03,3.329614148871859243e+02,1.500000000000000000e+01,0.000000000000000000e+00,0.000000000000000000e+00
2.187500000000000208e-02,6.812499999999999979e-03,3.329654133533319396e+02,1.500000000000000000e+01,0.000000000000000000e+00,0.000000000000000000e+00
2.312499999999999972e-02,6.812499999999999979e-03,3.329691240438710906e+02,1.500000000000000000e+01,0.000000000000000000e+00,0.000000000000000000e+00
2.437500000000000083e-02,6.812499999999999979e-03,3.329725838605598938e+02,1.500000000000000000e+01,0.000000000000000000e+00,0.000000000000000000e+00
2.562500000000000194e-02,6.812499999999999979e-03,3.329758236361014951e+02,1.500000000000000000e+01,0.000000000000000000e+00,0.000000000000000000e+00
2.687499999999999958e-02,6.812499999999999979e-03,3.329788693823813333e+02,1.500000000000000000e+01,0.000000000000000000e+00,0.000000000000000000e+00
2.812500000000000069e-02,6.812499999999999979e-03,3.329817432302853604e+02,1.500000000000000000e+01,0.000000000000000000e+00,0.000000000000000000e+00
2.937500000000000180e-02,6.812499999999999979e-03,3.329844641479276106e+02,1.500000000000000000e+01,0.000000000000000000e+00,0.000000000000000000e+00
3.062499999999999944e-02,6.812499999999999979e-03,3.329870484971649489e+02,1.500000000000000000e+01,0.000000000000000000e+00,0.000000000000000000e+00
3.187500000000000056e-02,6.812499999999999979e-03,3.329895104704287405e+02,1.500000000000000000e+01,0.000000000000000000e+00,0.000000000000000000e+00
3.312500000000000167e-02,6.812499999999999979e-03,3.329918624378319691e+02,1.500000000000000000e+01,0.000000000000000000e+00,0.000000000000000000e+00
3.437500000000000278e-02,6.812499999999999979e-03,3.329941152261753814e+02,1.500000000000000000e+01,0.000000000000000000e+00,0.000000000000000000e+00
3.562500000000000389e-02,6.812499999999999979e-03,3.329962783456769557e+02,1.500000000000000000e+01,0.000000000000000000e+00,0.000000000000000000e+00
3.687499999999999806e-02,6.812499999999999979e-03,3.329983601761119871e+02,1.500000000000000000e+01,0.000000000000000000e+00,0.000000000000000000e+00
3.812499999999999917e-02,6.812499999999999979e-03,3.330003681211022695e+02,1.500000000000000000e+01,0.000000000000000000e+00,0.000000000000000000e+00
3.937500000000000028e-02,6.812499999999999979e-03,3.330023087371416750e+02,1.500000000000000000e+01,0.000000000000000000e+00,0.000000000000000000e+00
4.062500000000000139e-02,6.812499999999999979e-03,3.330041878423817252e+02,1.500000000000000000e+01,0.000000000000000000e+00,0.000000000000000000e+00
4.187500000000000250e-02,6.812499999999999979e-03,3.330060106090302270e+02,1.500000000000000000e+01,0.000000000000000000e+00,0.000000000000000000e+00
4.312500000000000361e-02,6.812499999999999979e-03,3.330077816423629429e+02,1.500000000000000000e+01,0.000000000000000000e+00,0.000000000000000000e+00
4.437499999999999778e-02,6.812499999999999979e-03,3.330095050486918922e+02,1.500000000000000000e+01,0.000000000000000000e+00,0.000000000000000000e+00
4.562499999999999889e-02,6.812499999999999979e-03,3.330111844941416734e+02,1.500000000000000000e+01,0.000000000000000000e+00,0.000000000000000000e+00
4.687500000000000000e-02,6.812499999999999979e-03,3.330128232557177625e+02,1.500000000000000000e+01,0.000000000000000000e+00,0.000000000000000000e+00
4.812500000000000111e-02,6.812499999999999979e-03,3.330144242658577696e+02,1.500000000000000000e+01,0.000000000000000000e+00,0.000000000000000000e+00
4.937500000000000222e-02,6.812499999999999979e-03,3.330159901514321632e+02,1.500000000000000000e+01,0.000000000000000000e+00,0.000000000000000000e+00
5.062500000000000333e-02,6.812499999999999979e-03,3.330175232679921464e+02,1.500000000000000000e+01,0.000000000000000000e+00,0.000000000000000000e+00
5.187500000000000444e-02,6.812499999999999979e-03,3.330190257299232712e+02,1.500000000000000000e+01,0.000000000000000000e+00,0.000000000000000000e+00
5.312499999999999861e-02,6.812499999999999979e-03,3.330204994370483291e+02,1.500000000000000000e+01,0.000000000000000000e+00,0.000000000000000000e+00
5.437499999999999972e-02,6.812499999999999979e-03,3.330219460981495558e+02,1.500000000000000000e+01,0.000000000000000000e+00,0.000000000000000000e+00
5.562500000000000083e-02,6.812499999999999979e-03,3.330233672517948094e+02,1.500000000000000000e+01,0.000000000000000000e+00,0.000000000000000000e+00
5.687500000000000194e-02,6.812499999999999979e-03,3.330247642848032683e+02,1.500000000000000000e+01,0.000000000000000000e+00,0.000000000000000000e+00
5.812500000000000305e-02,6.812499999999999979e-03,3.330261384486399265e+02,1.500000000000000000e+01,0.000000000000000000e+00,0.000000000000000000e+00
5.937500000000000416e-02,6.812499999999999979e-03,3.330274908739774560e+02,1.500000000000000000e+01,0.000000000000000000e+00,0.000000000000000000e+00
6.062499999999999833e-02,6.812499999999999979e-03,3.330288225836536640e+02,1.500000000000000000e+01,0.000000000000000000e+00,0.000000000000000000e+00
6.187499999999999944e-02,6.812499999999999979e-03,3.330301345041951322e+02,1.500000000000000000e+01,0.000000000000000000e+00,0.000000000000000000e+00
6.312500000000000056e-02,6.812499999999999979e-03,3.330314274760824560e+02,1.500000000000000000e+01,0.000000000000000000e+00,0.000000000000000000e+00
6.437500000000000167e-02,6.812499999999999979e-03,3.330327022628938494e+02,1.500000000000000000e+01,0.000000000000000000e+00,0.000000000000000000e+00
6.562500000000000278e-02,6.812499999999999979e-03,3.330339595594540469e+02,1.500000000000000000e+01,0.000000000000000000e+00,0.000000000000000000e+00
6.687500000000000389e-02,6.812499999999999979e-03,3.330351999990975287e+02,1.500000000000000000e+01,0.000000000000000000e+00,0.000000000000000000e+00
6.812500000000000500e-02,6.812499999999999979e-03,3.330364241601495792e+02,1.500000000000000000e+01,0.000000000000000000e+00,0.000000000000000000e+00
6.937500000000000611e-02,6.812499999999999979e-03,3.330376325717059558e+02,1.500000000000000000e+01,0.000000000000000000e+00,0.000000000000000000e+00
7.062500000000000722e-02,6.812499999999999979e-03,3.330388257187866543e+02,1.500000000000000000e+01,0.000000000000000000e+00,0.000000000000000000e+00
7.187500000000000833e-02,6.812499999999999979e-03,3.330400040469406804e+02,1.500000000000000000e+01,0.000000000000000000e+00,0.000000000000000000e+00
7.312499999999999556e-02,6.812499999999999979e-03,3.330411679663516225e+02,1.500000000000000000e+01,0.000000000000000000e+00,0.000000000000000000e+00
7.437499999999999667e-02,6.812499999999999979e-03,3.330423178555046206e+02,1.500000000000000000e+01,0.000000000000000000e+00,0.000000000000000000e+00
7.562499999999999778e-02,6.812499999999999979e-03,3.330434540644577055e+02,1.500000000000000000e+01,0.000000000000000000e+00,0.000000000000000000e+00
7.687499999999999889e-02,6.812499999999999979e-03,3.330445769177695183e+02,1.500000000000000000e+01,0.000000000000000000e+00,0.000000000000000000e+00
7.812500000000000000e-02,6.812499999999999979e-03,3.330456867171022850e+02,1.500000000000000000e+01,0.000000000000000000e+00,0.000000000000000000e+00
7.937500000000000111e-02,6.812499999999999979e-03,3.330467837435604679e+02,1.500000000000000000e+01,0.000000000000000000e+00,0.000000000000000000e+00
8.062500000000000222e-02,6.812499999999999979e-03,3.330478682597660054e+02,1.500000000000000000e+01,0.000000000000000000e+00,0.000000000000000000e+00
8.187500000000000333e-02,6.812499999999999979e-03,3.330489405117231740e+02,1.500000000000000000e+01,0.000000000000000000e+00,0.000000000000000000e+00
8.312500000000000444e-02,6.812499999999999979e-03,3.330500007304769383e+02,1.500000000000000000e+01,0.000000000000000000e+00,0.000000000000000000e+00
8.437500000000000555e-02,6.812499999999999979e-03,3.330510491335996335e+02,1.500000000000000000e+01,0.000000000000000000e+00,0.000000000000000000e+00
8.562500000000000666e-02,6.812499999999999979e-03,3.330520859265158151e+02,1.500000000000000000e+01,0.000000000000000000e+00,0.000000000000000000e+00
8.687500000000000777e-02,6.812499999999999979e-03,3.330531113036867055e+02,1.500000000000000000e+01,0.000000000000000000e+00,0.000000000000000000e+00
8.812499999999999500e-02,6.812499999999999979e-03,3.330541254496544639e+02,1.500000000000000000e+01,0.000000000000000000e+00,0.000000000000000000e+00
8.937499999999999611e-02,6.812499999999999979e-03,3.330551285399106405e+02,1.500000000000000000e+01,0.000000000000000000e+00,0.000000000000000000e+00
9.062499999999999722e-02,6.812499999999999979e-03,3.330561207412671365e+02,1.500000000000000000e+01,0.000000000000000000e+00,0.000000000000000000e+00
9.187499999999999833e-02,6.812499999999999979e-03,3.330571022098267804e+02,1.500000000000000000e+01,0.000000000000000000e+00,0.000000000000000000e+00
9.312499999999999944e-02,6.812499999999999979e-03,3.330580730752744216e+02,1.500000000000000000e+01,0.000000000000000000e+00,0.000000000000000000e+00
9.437500000000000056e-02,6.812499999999999979e-03,3.330590333452076948e+02,1.500000000000000000e+01,0.000000000000000000e+00,0.000000000000000000e+00
9.562500000000000167e-02,6.812499999999999979e-03,3.330599823411603779e+02,1.500000000000000000e+01,0.000000000000000000e+00,0.000000000000000000e+00
9.687500000000000278e-02,6.812499999999999979e-03,3.330609154164927190e+02,1.500000000000000000e+01,0.000000000000000000e+00,0.000000000000000000e+00
9.812500000000000389e-02,6.812499999999999979e-03,3.330618054991674626e+02,1.500000000000000000e+01,0.000000000000000000e+00,0.000000000000000000e+00
9.937500000000000500e-02,6.812499999999999979e-03,3.330625116206015264e+02,1.500000000000000000e+01,0.000000000000000000e+00,0.000000000000000000e+00
6.250000000000000130e-04,6.937500000000000090e-03,3.329396865235892733e+02,1.500000000000000000e+01,0.000000000000000000e+00,0.000000000000000000e+00
1.874999999999999931e-03,6.937500000000000090e-03,3.329925136059442821e+02,1.500000000000000000e+01,0.000000000000000000e+00,0.000000000000000000e+00
3.125000000000000173e-03,6.937500000000000090e-03,3.330222968464486826e+02,1.500000000000000000e+01,0.000000000000000000e+00,0.000000000000000000e+00
4.375000000000000416e-03,6.937500000000000090e-03,3.330386990100712410e+02,1.500000000000000000e+01,0.000000000000000000e+00,0.000000000000000000e+00
5.624999999999999792e-03,6.937500000000000090e-03,3.330490431290379547e+02,1.500000000000000000e+01,0.000000000000000000e+00,0.000000000000000000e+00
6.875000000000000035e-03,6.937500000000000090e-03,3.330563592466838827e+02,1.500000000000000000e+01,0.000000000000000000e+00,0.000000000000000000e+00
8.125000000000000278e-03,6.937500000000000090e-03,3.330619399919652892e+02,1.500000000000000000e+01,0.000000000000000000e+00,0.000000000000000000e+00
9.374999999999999653e-03,6.937500000000000090e-03,3.330664110504168889e+02,1.500000000000000000e+01,0.000000000000000000e+00,0.000000000000000000e+00
1.062500000000000076e-02,6.937500000000000090e-03,3.330701154521123613e+02,1.500000000000000000e+01,0.000000000000000000e+00,0.000000000000000000e+00
1.187500000000000014e-02,6.937500000000000090e-03,3.330732605817142939e+02,1.500000000000000000e+01,0.000000000000000000e+00,0.000000000000000000e+00
1.312499999999999951e-02,6.937500000000000090e-03,3.330759811924959877e+02,1.500000000000000000e+01,0.000000000000000000e+00,0.000000000000000000e+00
1.437500000000000062e-02,6.937500000000000090e-03,3.330783696682262303e+02,1.500000000000000000e+01,0.000000000000000000e+00,0.000000000000000000e+00
1.562500000000000000e-02,6.937500000000000090e-03,3.330804920128653066e+02,1.500000000000000000e+01,0.000000000000000000e+00,0.000000000000000000e+00
1.687500000000000111e-02,6.937500000000000090e-03,3.330823969593606080e+02,1.500000000000000000e+01,0.000000000000000000e+00,0.000000000000000000e+00
1.812499999999999875e-02,6.937500000000000090e-03,3.330841214726413568e+02,1.500000000000000000e+01,0.000000000000000000e+00,0.000000000000000000e+00
1.937499999999999986e-02,6.937500000000000090e-03,3.330856942330038919e+02,1.500000000000000000e+01,0.000000000000000000e+00,0.000000000000000000e+00
2.062500000000000097e-02,6.937500000000000090e-03,3.330871379263231802e+02,1.500000000000000000e+01,0.000000000000000000e+00,0.000000000000000000e+00
2.187500000000000208e-02,6.937500000000000090e-03,3.330884707979978998e+02,1.500000000000000000e+01,0.000000000000000000e+00,0.000000000000000000e+00
2.312499999999999972e-02,6.937500000000000090e-03,3.330897077358524712e+02,1.500000000000000000e+01,0.000000000000000000e+00,0.000000000000000000e+00
2.437500000000000083e-02,6.937500000000000090e-03,3.330908610423452387e+02,1.500000000000000000e+01,0.000000000000000000e+00,0.000000000000000000e+00
2.562500000000000194e-02,6.937500000000000090e-03,3.330919409964315605e+02,1.500000000000000000e+01,0.000000000000000000e+00,0.000000000000000000e+00
2.687499999999999958e-02,6.937500000000000090e-03,3.330929562697838833e+02,1.500000000000000000e+01,0.000000000000000000e+00,0.000000000000000000e+00
2.812500000000000069e-02,6.937500000000000090e-03,3.330939142401629169e+02,1.500000000000000000e+01,0.000000000000000000e+00,0.000000000000000000e+00
2.937500000000000180e-02,6.937500000000000090e-03,3.330948212308918528e+02,1.500000000000000000e+01,0.000000000000000000e+00,0.000000000000000000e+00
3.062499999999999944e-02,6.937500000000000090e-03,3.330956826964081756e+02,1.500000000000000000e+01,0.000000000000000000e+00,0.000000000000000000e+00
3.187500000000000056e-02,6.937500000000000090e-03,3.330965033679085536e+02,1.500000000000000000e+01,0.000000000000000000e+00,0.000000000000000000e+00
3.312500000000000167e-02,6.937500000000000090e-03,3.330972873690735128e+02,1.500000000000000000e+01,0.000000000000000000e+00,0.000000000000000000e+00
3.437500000000000278e-02,6.937500000000000090e-03,3.330980383090888495e+02,1.500000000000000000e+01,0.000000000000000000e+00,0.000000000000000000e+00
3.562500000000000389e-02,6.937500000000000090e-03,3.330987593582341333e+02,1.500000000000000000e+01,0.000000000000000000e+00,0.000000000000000000e+00
3.687499999999999806e-02,6.937500000000000090e-03,3.330994533099391219e+02,1.500000000000000000e+01,0.000000000000000000e+00,0.000000000000000000e+00
3.812499999999999917e-02,6.937500000000000090e-03,3.331001226322215416e+02,1.500000000000000000e+01,0.000000000000000000e+00,0.000000000000000000e+00
3.937500000000000028e-02,6.937500000000000090e-03,3.331007695106995357e+02,1.500000000000000000e+01,0.000000000000000000e+00,0.000000000000000000e+00
4.062500000000000139e-02,6.937500000000000090e-03,3.331013958848600396e+02,1.500000000000000000e+01,0.000000000000000000e+00,0.000000000000000000e+00
4.187500000000000250e-02,6.937500000000000090e-03,3.331020034788600697e+02,1.500000000000000000e+01,0.000000000000000000e+00,0.000000000000000000e+00
4.312500000000000361e-02,6.937500000000000090e-03,3.331025938278670537e+02,1.500000000000000000e+01,0.000000000000000000e+00,0.000000000000000000e+00
4.437499999999999778e-02,6.937500000000000090e-03,3.331031683007171864e+02,1.500000000000000000e+01,0.000000000000000000e+00,0.000000000000000000e+00
4.562499999999999889e-02,6.937500000000000090e-03,3.331037281195083324e+02,1.500000000000000000e+01,0.000000000000000000e+00,0.000000000000000000e+00
4.687500000000000000e-02,6.937500000000000090e-03,3.331042743766254262e+02,1.500000000000000000e+01,0.000000000000000000e+00,0.000000000000000000e+00
4.812500000000000111e-02,6.937500000000000090e-03,3.331048080495909289e+02,1.500000000000000000e+01,0.000000000000000000e+00,0.000000000000000000e+00
4.937500000000000222e-02,6.937500000000000090e-03,3.331053300140664533e+02,1.500000000000000000e+01,0.000000000000000000e+00,0.000000000000000000e+00
5.062500000000000333e-02,6.937500000000000090e-03,3.331058410552693090e+02,1.500000000000000000e+01,0.000000000000000000e+00,0.000000000000000000e+00
5.187500000000000444e-02,6.937500000000000090e-03,3.331063418780239545e+02,1.500000000000000000e+01,0.000000000000000000e+00,0.000000000000000000e+00
5.312499999999999861e-02,6.937500000000000090e-03,3.331068331156309910e+02,1.500000000000000000e+01,0.000000000000000000e+00,0.000000000000000000e+00
5.437499999999999972e-02,6.937500000000000090e-03,3.331073153377076324e+02,1.500000000000000000e+01,0.000000000000000000e+00,0.000000000000000000e+00
5.562500000000000083e-02,6.937500000000000090e-03,3.331077890571303897e+02,1.500000000000000000e+01,0.000000000000000000e+00,0.000000000000000000e+00
5.687500000000000194e-02,6.937500000000000090e-03,3.331082547361904744e+02,1.500000000000000000e+01,0.000000000000000000e+00,0.000000000000000000e+00
5.812500000000000305e-02,6.937500000000000090e-03,3.331087127920590092e+02,1.500000000000000000e+01,0.000000000000000000e+00,0.000000000000000000e+00
5.937500000000000416e-02,6.937500000000000090e-03,3.331091636016413418e+02,1.500000000000000000e+01,0.000000000000000000e+00,0.000000000000000000e+00
6.062499999999999833e-02,6.937500000000000090e-03,3.331096075058962924e+02,1.500000000000000000e+01,0.000000000000000000e+00,0.000000000000000000e+00
6.187499999999999944e-02,6.937500000000000090e-03,3.331100448136774048e+02,1.500000000000000000e+01,0.000000000000000000e+00,0.000000000000000000e+00
6.312500000000000056e-02,6.937500000000000090e-03,3.331104758051548060e+02,1.500000000000000000e+01,0.000000000000000000e+00,0.000000000000000000e+00
6.437500000000000167e-02,6.937500000000000090e-03,3.331109007348641171e+02,1.500000000000000000e+01,0.000000000000000000e+00,0.000000000000000000e+00
6.562500000000000278e-02,6.937500000000000090e-03,3.331113198344212378e+02,1.500000000000000000e+01,0.000000000000000000e+00,0.000000000000000000e+00
6.687500000000000389e-02,6.937500000000000090e-03,3.331117333149450133e+02,1.500000000000000000e+01,0.000000000000000000e+00,0.000000000000000000e+00
6.812500000000000500e-02,6.937500000000000090e-03,3.331121413692169426e+02,1.500000000000000000e+01,0.000000000000000000e+00,0.000000000000000000e+00
6.937500000000000611e-02,6.937500000000000090e-03,3.331125441736078869e+02,1.500000000000000000e+01,0.000000000000000000e+00,0.000000000000000000e+00
7.062500000000000722e-02,6.937500000000000090e-03,3.331129418897966161e+02,1.500000000000000000e+01,0.000000000000000000e+00,0.000000000000000000e+00
7.187500000000000833e-02,6.937500000000000090e-03,3.331133346663036718e+02,1.500000000000000000e+01,0.000000000000000000e+00,0.000000000000000000e+00
7.312499999999999556e-02,6.937500000000000090e-03,3.331137226398612370e+02,1.500000000000000000e+01,0.000000000000000000e+00,0.000000000000000000e+00
7.437499999999999667e-02,6.937500000000000090e-03,3.331141059366346440e+02,1.500000000000000000e+01,0.000000000000000000e+00,0.000000000000000000e+00
7.562499999999999778e-02,6.937500000000000090e-03,3.331144846733130294e+02,1.500000000000000000e+01,0.000000000000000000e+00,0.000000000000000000e+00
7.687499999999999889e-02,6.937500000000000090e-03,3.331148589580853354e+02,1.500000000000000000e+01,0.000000000000000000e+00,0.000000000000000000e+00
7.812500000000000000e-02,6.937500000000000090e-03,3.331152288915085933e+02,1.500000000000000000e+01,0.000000000000000000e+00,0.000000000000000000e+00
7.937500000000000111e-02,6.937500000000000090e-03,3.331155945672864505e+02,1.500000000000000000e+01,0.000000000000000000e+00,0.000000000000000000e+00
8.062500000000000222e-02,6.937500000000000090e-03,3.331159560729615805e+02,1.500000000000000000e+01,0.000000000000000000e+00,0.000000000000000000e+00
8.187500000000000333e-02,6.937500000000000090e-03,3.331163134905374932e+02,1.500000000000000000e+01,0.000000000000000000e+00,0.000000000000000000e+00
8.312500000000000444e-02,6.937500000000000090e-03,3.331166668970304841e+02,1.500000000000000000e+01,0.000000000000000000e+00,0.000000000000000000e+00
8.437500000000000555e-02,6.937500000000000090e-03,3.331170163649662186e+02,1.500000000000000000e+01,0.000000000000000000e+00,0.000000000000000000e+00
8.562500000000000666e-02,6.937500000000000090e-03,3.331173619628210645e+02,1.500000000000000000e+01,0.000000000000000000e+00,0.000000000000000000e+00
8.687500000000000777e-02,6.937500000000000090e-03,3.331177037554163576e+02,1.500000000000000000e+01,0.000000000000000000e+00,0.000000000000000000e+00
8.812499999999999500e-02,6.937500000000000090e-03,3.331180418042673637e+02,1.500000000000000000e+01,0.000000000000000000e+00,0.000000000000000000e+00
8.937499999999999611e-02,6.937500000000000090e-03,3.331183761678714177e+02,1.500000000000000000e+01,0.000000000000000000e+00,0.000000000000000000e+00
9.062499999999999722e-02,6.937500000000000090e-03,3.331187069018302509e+02,1.500000000000000000e+01,0.000000000000000000e+00,0.000000000000000000e+00
9.187499999999999833e-02,6.937500000000000090e-03,3.331190340581605369e+02,1.500000000000000000e+01,0.000000000000000000e+00,0.000000000000000000e+00
9.312499999999999944e-02,6.937500000000000090e-03,3.331193576799827838e+02,1.500000000000000000e+01,0.000000000000000000e+00,0.000000000000000000e+00
9.437500000000000056e-02,6.937500000000000090e-03,3.331196777691945385e+02,1.500000000000000000e+01,0.000000000000000000e+00,0.000000000000000000e+00
9.562500000000000167e-02,6.937500000000000090e-03,3.331199940959465948e+02,1.500000000000000000e+01,0.000000000000000000e+00,0.000000000000000000e+00
9.687500000000000278e-02,6.937500000000000090e-03,3.331203050906373164e+02,1.500000000000000000e+01,0.000000000000000000e+00,0.000000000000000000e+00
9.812500000000000389e-02,6.937500000000000090e-03,3.331206016272569173e+02,1.500000000000000000e+01,0.000000000000000000e+00,0.000000000000000000e+00
9.937500000000000500e-02,6.937500000000000090e-03,3.331208364242106654e+02,1.500000000000000000e+01,0.000000000000000000e+00,0.000000000000000000e+00
