x,y,u,v,pressure,theta,vorticity
1.562500000000000000e-02,1.562500000000000000e-02,7.211807045993353152e-05,-7.211807046005212969e-05,1.061271691916836762e-02,5.000000000000000000e-01,5.828496037218242228e-03
4.687500000000000000e-02,1.562500000000000000e-02,1.247704372789146157e-04,1.946570364095244059e-05,1.040381024438463350e-02,5.000000000000000000e-01,1.799956516649402899e-02
7.812500000000000000e-02,1.562500000000000000e-02,-6.656983277939735461e-05,1.718745664173595500e-04,1.001490006357710905e-02,5.000000000000000000e-01,4.110445895981392622e-02
1.093750000000000000e-01,1.562500000000000000e-02,-5.544110223380234546e-04,3.159666231412664957e-04,9.571999647404006578e-03,5.000000000000000000e-01,7.381149190547939276e-02
1.406250000000000000e-01,1.562500000000000000e-02,-1.299861934515669955e-03,4.294842890363799503e-04,9.165748133450430865e-03,5.000000000000000000e-01,1.160694325235012009e-01
1.718750000000000000e-01,1.562500000000000000e-02,-2.238308049228029256e-03,5.089618256759795680e-04,8.852439944861630050e-03,5.000000000000000000e-01,1.662963208312741858e-01
2.031250000000000000e-01,1.562500000000000000e-02,-3.304821670100569972e-03,5.575517951965609309e-04,8.663604284827965130e-03,5.000000000000000000e-01,2.222279113593403910e-01
2.343750000000000000e-01,1.562500000000000000e-02,-4.442264440291793064e-03,5.798909749946625945e-04,8.615137641348061606e-03,5.000000000000000000e-01,2.814263166481859035e-01
2.656250000000000000e-01,1.562500000000000000e-02,-5.602196250269673300e-03,5.800408349832169913e-04,8.713894713559690308e-03,5.000000000000000000e-01,3.415235431556196688e-01
2.968750000000000000e-01,1.562500000000000000e-02,-6.743071838899315253e-03,5.608347536464252867e-04,8.961696287095904240e-03,5.000000000000000000e-01,4.003070891920778585e-01
3.281250000000000000e-01,1.562500000000000000e-02,-7.827805229440782525e-03,5.238986368950414437e-04,9.357241748786776156e-03,5.000000000000000000e-01,4.557287009472663075e-01
3.593750000000000000e-01,1.562500000000000000e-02,-8.821693624394229272e-03,4.699897580584069291e-04,9.896506696579050744e-03,5.000000000000000000e-01,5.058883569502954369e-01
3.906250000000000000e-01,1.562500000000000000e-02,-9.691147697310562373e-03,3.994643148579247083e-04,1.057217071851574049e-02,5.000000000000000000e-01,5.490235349895906669e-01
4.218750000000000000e-01,1.562500000000000000e-02,-1.040337829742719183e-02,3.127662852587053495e-04,1.137255081177318376e-02,5.000000000000000000e-01,5.835185506451088244e-01
4.531250000000000000e-01,1.562500000000000000e-02,-1.092701815725387847e-02,2.108735745679809061e-04,1.228044408591076782e-02,5.000000000000000000e-01,6.079384813326544901e-01
4.843750000000000000e-01,1.562500000000000000e-02,-1.123354733696170504e-02,9.565560513984536976e-05,1.327221959086388910e-02,5.000000000000000000e-01,6.210853874167561184e-01
5.156250000000000000e-01,1.562500000000000000e-02,-1.129928970248892869e-02,-2.991323961262218326e-05,1.431743921725263900e-02,5.000000000000000000e-01,6.220705649346741639e-01
5.468750000000000000e-01,1.562500000000000000e-02,-1.110758915574387024e-02,-1.617873071324358995e-04,1.537948645023054332e-02,5.000000000000000000e-01,6.104159711594400184e-01
5.781250000000000000e-01,1.562500000000000000e-02,-1.065159222325434696e-02,-2.942096253570864557e-04,1.641531717885882230e-02,5.000000000000000000e-01,5.861464591001450675e-01
6.093750000000000000e-01,1.562500000000000000e-02,-9.937421318776130594e-03,-4.199612791211306678e-04,1.737762458926178991e-02,5.000000000000000000e-01,5.498528777598981065e-01
6.406250000000000000e-01,1.562500000000000000e-02,-8.986581167307015894e-03,-5.308788723479825142e-04,1.821837668182546902e-02,5.000000000000000000e-01,5.027459720812055277e-01
6.718750000000000000e-01,1.562500000000000000e-02,-7.837185267390658211e-03,-6.185170275683762528e-04,1.889311481992728137e-02,5.000000000000000000e-01,4.466744584992312084e-01
7.031250000000000000e-01,1.562500000000000000e-02,-6.543691571462695658e-03,-6.749766683595863001e-04,1.936573442078374022e-02,5.000000000000000000e-01,3.840913778724306948e-01
7.343750000000000000e-01,1.562500000000000000e-02,-5.174879104765869875e-03,-6.938357983372396998e-04,1.961321642533502690e-02,5.000000000000000000e-01,3.179606292510625543e-01
7.656250000000000000e-01,1.562500000000000000e-02,-3.809971018374227591e-03,-6.710722880544020422e-04,1.962969617816551215e-02,5.000000000000000000e-01,2.515983971563058308e-01
7.968750000000000000e-01,1.562500000000000000e-02,-2.533041455130669029e-03,-6.058572751891570622e-04,1.942930311313721681e-02,5.000000000000000000e-01,1.884471661464462433e-01
8.281250000000000000e-01,1.562500000000000000e-02,-1.426032377194293849e-03,-5.011518027472184429e-04,1.904740630001465831e-02,5.000000000000000000e-01,1.317818993873846045e-01
8.593750000000000000e-01,1.562500000000000000e-02,-5.606670966872711898e-04,-3.642134777598043244e-04,1.854022235580777764e-02,5.000000000000000000e-01,8.434710278576301734e-02
8.906250000000000000e-01,1.562500000000000000e-02,1.105958146241532974e-05,-2.075132003898818970e-04,1.798302195194409481e-02,5.000000000000000000e-01,4.792078322556424241e-02
9.218750000000000000e-01,1.562500000000000000e-02,2.699169349849440502e-04,-5.134415313264659305e-05,1.746689095267288383e-02,5.000000000000000000e-01,2.281261539121272330e-02
9.531250000000000000e-01,1.562500000000000000e-02,2.518614607453548257e-04,6.939962737223577690e-05,1.709242239278960587e-02,5.000000000000000000e-01,7.379543947377881566e-03
9.843750000000000000e-01,1.562500000000000000e-02,9.123091668655947020e-05,9.123091668655952441e-05,1.695125043857832400e-02,5.000000000000000000e-01,1.219617504780695638e-03
1.562500000000000000e-02,4.687500000000000000e-02,-1.843865660213196104e-05,-1.257974843179723119e-04,1.082161108341612478e-02,5.000000000000000000e-01,1.824665864528831477e-02
4.687500000000000000e-02,4.687500000000000000e-02,-3.157196557353179368e-04,3.177737498129588824e-04,1.060876696243019321e-02,5.000000000000000000e-01,3.521326705422914843e-02
7.812500000000000000e-02,4.687500000000000000e-02,-1.202833715523425606e-03,9.520208500917727275e-04,1.028893618002467598e-02,5.000000000000000000e-01,6.253408361104051405e-02
1.093750000000000000e-01,4.687500000000000000e-02,-2.732215283074743845e-03,1.553043096576797386e-03,9.939697320171327760e-03,5.000000000000000000e-01,9.447594700405938239e-02
1.406250000000000000e-01,4.687500000000000000e-02,-4.830534099607725756e-03,2.036177544311477093e-03,9.622255446992172140e-03,5.000000000000000000e-01,1.329145564625268117e-01
1.718750000000000000e-01,4.687500000000000000e-02,-7.371034322125257290e-03,2.381214907630774345e-03,9.378873242039948224e-03,5.000000000000000000e-01,1.775546165066719528e-01
2.031250000000000000e-01,4.687500000000000000e-02,-1.021397932542061557e-02,2.594757337409664931e-03,9.236007300292637182e-03,5.000000000000000000e-01,2.269597831741216598e-01
2.343750000000000000e-01,4.687500000000000000e-02,-1.322559231565427484e-02,2.691741193206440095e-03,9.208917439930814491e-03,5.000000000000000000e-01,2.791948278169990028e-01
2.656250000000000000e-01,4.687500000000000000e-02,-1.628433508455690709e-02,2.686865195651951758e-03,9.305655809449638743e-03,5.000000000000000000e-01,3.321843692910899093e-01
2.968750000000000000e-01,4.687500000000000000e-02,-1.928073947519583567e-02,2.591290372246263327e-03,9.529752548029698719e-03,5.000000000000000000e-01,3.838947777731318567e-01
3.281250000000000000e-01,4.687500000000000000e-02,-2.211474963183686360e-02,2.412186565477699579e-03,9.881580907682102274e-03,5.000000000000000000e-01,4.324168099927920839e-01
3.593750000000000000e-01,4.687500000000000000e-02,-2.469292194010952110e-02,2.153762532701852285e-03,1.035865237458628157e-02,5.000000000000000000e-01,4.760000802229304440e-01
3.906250000000000000e-01,4.687500000000000000e-02,-2.692674490213512253e-02,1.818968575156413182e-03,1.095517551002955087e-02,5.000000000000000000e-01,5.130708853602949926e-01
4.218750000000000000e-01,4.687500000000000000e-02,-2.873262837523181401e-02,1.411376098173536785e-03,1.166121656485983628e-02,5.000000000000000000e-01,5.422509410148252940e-01
4.531250000000000000e-01,4.687500000000000000e-02,-3.003365103895876131e-02,9.369262852067866080e-04,1.246177413922785679e-02,5.000000000000000000e-01,5.623846811499992882e-01
4.843750000000000000e-01,4.687500000000000000e-02,-3.076285910082563607e-02,4.053401360757376108e-04,1.333604391345013032e-02,5.000000000000000000e-01,5.725757709547318886e-01
5.156250000000000000e-01,4.687500000000000000e-02,-3.086771631283363737e-02,-1.689981930132910431e-04,1.425710471775761164e-02,5.000000000000000000e-01,5.722297703582435169e-01
5.468750000000000000e-01,4.687500000000000000e-02,-3.031523644734860148e-02,-7.668827659618590240e-04,1.519319016707234085e-02,5.000000000000000000e-01,5.611406408777416255e-01
5.781250000000000000e-01,4.687500000000000000e-02,-2.909775605612822599e-02,-1.362591490237559985e-03,1.610650090410417623e-02,5.000000000000000000e-01,5.395415066418736139e-01
6.093750000000000000e-01,4.687500000000000000e-02,-2.723865837226839212e-02,-1.924848002578709218e-03,1.695559558584620180e-02,5.000000000000000000e-01,5.081005500812723064e-01
6.406250000000000000e-01,4.687500000000000000e-02,-2.479667066906831099e-02,-2.418820003559600008e-03,1.769867600599032281e-02,5.000000000000000000e-01,4.679348627857716769e-01
6.718750000000000000e-01,4.687500000000000000e-02,-2.186781099349743504e-02,-2.808831471843993045e-03,1.829740407622536605e-02,5.000000000000000000e-01,4.206034666746886197e-01
7.031250000000000000e-01,4.687500000000000000e-02,-1.858420651536058649e-02,-3.061760398148780614e-03,1.872113201750004799e-02,5.000000000000000000e-01,3.680663860316048530e-01
7.343750000000000000e-01,4.687500000000000000e-02,-1.510919657870898186e-02,-3.150874471896476445e-03,1.895102854621658062e-02,5.000000000000000000e-01,3.126063617624109114e-01
7.656250000000000000e-01,4.687500000000000000e-02,-1.162843166793474381e-02,-3.059706611661043574e-03,1.898350836448436940e-02,5.000000000000000000e-01,2.567091125705066590e-01
7.968750000000000000e-01,4.687500000000000000e-02,-8.337055154553522224e-03,-2.785529028207296871e-03,1.883240875350063528e-02,5.000000000000000000e-01,2.028962517224609519e-01
8.281250000000000000e-01,4.687500000000000000e-02,-5.423394834335386154e-03,-2.342149447883590425e-03,1.852952337985221132e-02,5.000000000000000000e-01,1.535012074589277575e-01
8.593750000000000000e-01,4.687500000000000000e-02,-3.049694757563697033e-03,-1.762281189902144230e-03,1.812335956905929829e-02,5.000000000000000000e-01,1.103724135897684172e-01
8.906250000000000000e-01,4.687500000000000000e-02,-1.330030232022888156e-03,-1.100836691938037034e-03,1.767620855342838873e-02,5.000000000000000000e-01,7.448211121624469244e-02
9.218750000000000000e-01,4.687500000000000000e-02,-3.045208821093947703e-04,-4.423873650205131423e-04,1.725960599892070388e-02,5.000000000000000000e-01,4.542899062482003147e-02
9.531250000000000000e-01,4.687500000000000000e-02,9.253824729939907196e-05,8.143918409089776259e-05,1.694793126257715388e-02,5.000000000000000000e-01,2.089572505964422400e-02
9.843750000000000000e-01,4.687500000000000000e-02,7.494915897648647901e-05,2.574109923496055549e-04,1.681004554749997507e-02,5.000000000000000000e-01,7.482015315273475575e-03
1.562500000000000000e-02,7.812500000000000000e-02,-1.811556266087238480e-04,7.379679889288352421e-05,1.121984079551660921e-02,5.000000000000000000e-01,4.248264847318292126e-02
4.687500000000000000e-02,7.812500000000000000e-02,-9.982404192006620949e-04,1.232545258327227269e-03,1.092070736190742242e-02,5.000000000000000000e-01,6.419495967226027111e-02
7.812500000000000000e-02,7.812500000000000000e-02,-2.739680711705590709e-03,2.665803693870540461e-03,1.059113123775771124e-02,5.000000000000000000e-01,9.527764394428037131e-02
1.093750000000000000e-01,7.812500000000000000e-02,-5.375001015872030163e-03,4.003962124515786369e-03,1.027182238375425744e-02,5.000000000000000000e-01,1.254530089785738101e-01
1.406250000000000000e-01,7.812500000000000000e-02,-8.778849902369618291e-03,5.087426219403055547e-03,9.997678361400783725e-03,5.000000000000000000e-01,1.578334365928226179e-01
1.718750000000000000e-01,7.812500000000000000e-02,-1.277689178779683847e-02,5.868508340483948905e-03,9.794452356955312897e-03,5.000000000000000000e-01,1.934706393332480678e-01
2.031250000000000000e-01,7.812500000000000000e-02,-1.717928183290750796e-02,6.352798952962519438e-03,9.679386494240440134e-03,5.000000000000000000e-01,2.320544379163007598e-01
2.343750000000000000e-01,7.812500000000000000e-02,-2.179983332061194434e-02,6.565864055591679946e-03,9.663340975291003637e-03,5.000000000000000000e-01,2.724745249271564584e-01
2.656250000000000000e-01,7.812500000000000000e-02,-2.646417015192296940e-02,6.535821933480368343e-03,9.752913453674696975e-03,5.000000000000000000e-01,3.132272905763087145e-01
2.968750000000000000e-01,7.812500000000000000e-02,-3.101117407989430891e-02,6.285741953028112228e-03,9.951888696740740503e-03,5.000000000000000000e-01,3.526896718922872820e-01
3.281250000000000000e-01,7.812500000000000000e-02,-3.529138369353469751e-02,5.831954754977266772e-03,1.026186516277352925e-02,5.000000000000000000e-01,3.892925112702941837e-01
3.593750000000000000e-01,7.812500000000000000e-02,-3.916491662864866885e-02,5.185699586588911336e-03,1.068215639387642100e-02,5.000000000000000000e-01,4.216242267641266972e-01
3.906250000000000000e-01,7.812500000000000000e-02,-4.250046446685731144e-02,4.356402321503603792e-03,1.120917019670243306e-02,5.000000000000000000e-01,4.484896242510700848e-01
4.218750000000000000e-01,7.812500000000000000e-02,-4.517610440080339906e-02,3.355465758869126576e-03,1.183550117609365702e-02,5.000000000000000000e-01,4.689416915735123981e-01
4.531250000000000000e-01,7.812500000000000000e-02,-4.708209669122663532e-02,2.199851578661385799e-03,1.254897302260386642e-02,5.000000000000000000e-01,4.822976530676729157e-01
4.843750000000000000e-01,7.812500000000000000e-02,-4.812545749985252391e-02,9.149837131138922278e-04,1.333185417933679257e-02,5.000000000000000000e-01,4.881451664395723422e-01
5.156250000000000000e-01,7.812500000000000000e-02,-4.823587325191674990e-02,-4.633688059792165533e-04,1.416044718796815455e-02,5.000000000000000000e-01,4.863431383118880236e-01
5.468750000000000000e-01,7.812500000000000000e-02,-4.737247250782698760e-02,-1.888392762570727506e-03,1.500696894664209011e-02,5.000000000000000000e-01,4.770625671374195131e-01
5.781250000000000000e-01,7.812500000000000000e-02,-4.553090162498829585e-02,-3.300132767687757873e-03,1.583700838197289393e-02,5.000000000000000000e-01,4.607721934667484143e-01
6.093750000000000000e-01,7.812500000000000000e-02,-4.274993421217768846e-02,-4.627371821798958659e-03,1.661234743569862254e-02,5.000000000000000000e-01,4.381601456074722956e-01
6.406250000000000000e-01,7.812500000000000000e-02,-3.911649356068302996e-02,-5.791724539034088029e-03,1.729414492237416751e-02,5.000000000000000000e-01,4.100937563366401362e-01
6.718750000000000000e-01,7.812500000000000000e-02,-3.476784232914787581e-02,-6.713437843475536862e-03,1.784657087999543673e-02,5.000000000000000000e-01,3.775819209394160048e-01
7.031250000000000000e-01,7.812500000000000000e-02,-2.988988369849047977e-02,-7.318717135311483130e-03,1.824086663356072266e-02,5.000000000000000000e-01,3.417321739237788591e-01
7.343750000000000000e-01,7.812500000000000000e-02,-2.471072292842881393e-02,-7.548088441447043523e-03,1.845929071895929113e-02,5.000000000000000000e-01,3.037029846974098612e-01
7.656250000000000000e-01,7.812500000000000000e-02,-1.948894511034171551e-02,-7.365035370971809506e-03,1.849831306328091410e-02,5.000000000000000000e-01,2.646481256658997361e-01
7.968750000000000000e-01,7.812500000000000000e-02,-1.449650002400702450e-02,-6.764021868612444394e-03,1.837043955770138737e-02,5.000000000000000000e-01,2.256440478601310917e-01
8.281250000000000000e-01,7.812500000000000000e-02,-9.996610005072126270e-03,-5.777206946631477207e-03,1.810421444058358392e-02,5.000000000000000000e-01,1.875837122509528276e-01
8.593750000000000000e-01,7.812500000000000000e-02,-6.217630190102243874e-03,-4.479903582895829184e-03,1.774223769048363653e-02,5.000000000000000000e-01,1.510138955586025067e-01
8.906250000000000000e-01,7.812500000000000000e-02,-3.324178544671247022e-03,-2.996330469916157375e-03,1.733736806041486639e-02,5.000000000000000000e-01,1.158938439272262644e-01
9.218750000000000000e-01,7.812500000000000000e-02,-1.387119103037373364e-03,-1.509462378589760279e-03,1.694755042908874590e-02,5.000000000000000000e-01,8.127280697775515761e-02
9.531250000000000000e-01,7.812500000000000000e-02,-3.543229981122904227e-04,-2.813410366737320329e-04,1.662989271044208739e-02,5.000000000000000000e-01,4.493552551014624169e-02
9.843750000000000000e-01,7.812500000000000000e-02,-2.445142400061715163e-05,3.079087273254748247e-04,1.643501101858108049e-02,5.000000000000000000e-01,2.241347799930748508e-02
1.562500000000000000e-02,1.093750000000000000e-01,-3.561072673073772802e-04,6.110596928089847201e-04,1.168530841687238399e-02,5.000000000000000000e-01,7.848204526902829992e-02
4.687500000000000000e-02,1.093750000000000000e-01,-1.735897740273928012e-03,2.892157629969615337e-03,1.126167637474166303e-02,5.000000000000000000e-01,9.992805006381602628e-02
7.812500000000000000e-02,1.093750000000000000e-01,-4.386269595852389930e-03,5.398003470311543359e-03,1.087770229224555366e-02,5.000000000000000000e-01,1.288072190469825018e-01
1.093750000000000000e-01,1.093750000000000000e-01,-8.151405818703091888e-03,7.672218875091925752e-03,1.054695040651293901e-02,5.000000000000000000e-01,1.538989274882332781e-01
1.406250000000000000e-01,1.093750000000000000e-01,-1.283057767069097771e-02,9.502190207312390113e-03,1.028247478216405379e-02,5.000000000000000000e-01,1.787577694808974160e-01
1.718750000000000000e-01,1.093750000000000000e-01,-1.819757654689379764e-02,1.081878511420465705e-02,1.009428598873157897e-02,5.000000000000000000e-01,2.051004867802306841e-01
2.031250000000000000e-01,1.093750000000000000e-01,-2.402002598008168288e-02,1.162736165754036689e-02,9.989353126059141719e-03,5.000000000000000000e-01,2.332641543746754587e-01
2.343750000000000000e-01,1.093750000000000000e-01,-3.007222714308370459e-02,1.196405400172029232e-02,9.972585696959744214e-03,5.000000000000000000e-01,2.626722417127802522e-01
2.656250000000000000e-01,1.093750000000000000e-01,-3.614116284813977120e-02,1.187090452371885110e-02,1.004780285553067212e-02,5.000000000000000000e-01,2.922385291913393579e-01
2.968750000000000000e-01,1.093750000000000000e-01,-4.202771114696689236e-02,1.138421158958807453e-02,1.021823317087080553e-02,5.000000000000000000e-01,3.206806887195016720e-01
3.281250000000000000e-01,1.093750000000000000e-01,-4.754557395266945097e-02,1.053155753776025688e-02,1.048643174847151659e-02,5.000000000000000000e-01,3.467418051711262383e-01
3.593750000000000000e-01,1.093750000000000000e-01,-5.251998854634110092e-02,9.334044332591537318e-03,1.085368080859109609e-02,5.000000000000000000e-01,3.693318469431124407e-01
3.906250000000000000e-01,1.093750000000000000e-01,-5.678758024554678846e-02,7.811197112915317479e-03,1.131901932009070355e-02,5.000000000000000000e-01,3.876061509177649578e-01
4.218750000000000000e-01,1.093750000000000000e-01,-6.019803484141855732e-02,5.986765497275268501e-03,1.187807767813856691e-02,5.000000000000000000e-01,4.009977851200675625e-01
4.531250000000000000e-01,1.093750000000000000e-01,-6.261773640144355224e-02,3.894245690703488499e-03,1.252190419342694497e-02,5.000000000000000000e-01,4.092177928204918103e-01
4.843750000000000000e-01,1.093750000000000000e-01,-6.393515238793950894e-02,1.581366396193618559e-03,1.323597374328975423e-02,5.000000000000000000e-01,4.122337000709631050e-01
5.156250000000000000e-01,1.093750000000000000e-01,-6.406753893301125879e-02,-8.869491919229745237e-04,1.399956576321780347e-02,5.000000000000000000e-01,4.102356218777314933e-01
5.468750000000000000e-01,1.093750000000000000e-01,-6.296841085514585934e-02,-3.427341198582120781e-03,1.478782808322224272e-02,5.000000000000000000e-01,4.036318109657657249e-01
5.781250000000000000e-01,1.093750000000000000e-01,-6.063499720702823781e-02,-5.936168862632677443e-03,1.556828744465910824e-02,5.000000000000000000e-01,3.929942405687728568e-01
6.093750000000000000e-01,1.093750000000000000e-01,-5.711525924408174248e-02,-8.292041102611145270e-03,1.630393352667208751e-02,5.000000000000000000e-01,3.789430172345155112e-01
6.406250000000000000e-01,1.093750000000000000e-01,-5.251359646178489771e-02,-1.036215869201339776e-02,1.695636015651830197e-02,5.000000000000000000e-01,3.620697870879777680e-01
6.718750000000000000e-01,1.093750000000000000e-01,-4.699367364848833217e-02,-1.201157773532794508e-02,1.748942314836288842e-02,5.000000000000000000e-01,3.428838124228104078e-01
7.031250000000000000e-01,1.093750000000000000e-01,-4.077711798356827011e-02,-1.311509153903652955e-02,1.787340131613571192e-02,5.000000000000000000e-01,3.217713241616194653e-01
7.343750000000000000e-01,1.093750000000000000e-01,-3.413695135795742630e-02,-1.357104143339450675e-02,1.808908065582044353e-02,5.000000000000000000e-01,2.989711368691788107e-01
7.656250000000000000e-01,1.093750000000000000e-01,-2.738487294921887819e-02,-1.331593860584999803e-02,1.813104753709319714e-02,5.000000000000000000e-01,2.745657278102246468e-01
7.968750000000000000e-01,1.093750000000000000e-01,-2.085197972147138229e-02,-1.233845694781644450e-02,1.800947436330826990e-02,5.000000000000000000e-01,2.484802825566881368e-01
8.281250000000000000e-01,1.093750000000000000e-01,-1.486325856430332354e-02,-1.069138304353042801e-02,1.774985832296294835e-02,5.000000000000000000e-01,2.204731400858923884e-01
8.593750000000000000e-01,1.093750000000000000e-01,-9.707186753261034737e-03,-8.500779112009049579e-03,1.739053028437916384e-02,5.000000000000000000e-01,1.900925567852863041e-01
8.906250000000000000e-01,1.093750000000000000e-01,-5.602954273168460342e-03,-5.973139066326506492e-03,1.697821596109589520e-02,5.000000000000000000e-01,1.565732498135784523e-01
9.218750000000000000e-01,1.093750000000000000e-01,-2.669081884976666832e-03,-3.403585612005077463e-03,1.656236815111363642e-02,5.000000000000000000e-01,1.186605475538992371e-01
9.531250000000000000e-01,1.093750000000000000e-01,-8.985609911695059161e-04,-1.190534801990658382e-03,1.618922810951065050e-02,5.000000000000000000e-01,7.438289548940950346e-02
9.843750000000000000e-01,1.093750000000000000e-01,-1.473936879818178399e-04,1.360636153430397756e-04,1.589641034741078734e-02,5.000000000000000000e-01,4.640256956343258993e-02
1.562500000000000000e-02,1.406250000000000000e-01,-5.240875816017315225e-04,1.491254541718093577e-03,1.211801332121035038e-02,5.000000000000000000e-01,1.278457939494972162e-01
4.687500000000000000e-02,1.406250000000000000e-01,-2.456799770686604774e-03,5.324465443111929541e-03,1.155779485742648716e-02,5.000000000000000000e-01,1.452427618209979621e-01
7.812500000000000000e-02,1.406250000000000000e-01,-6.010070657019687089e-03,9.169338399080772736e-03,1.109750085739648340e-02,5.000000000000000000e-01,1.662083950519568920e-01
1.093750000000000000e-01,1.406250000000000000e-01,-1.088949724688576329e-02,1.254544675903947540e-02,1.073070132086348903e-02,5.000000000000000000e-01,1.824864707587434964e-01
1.406250000000000000e-01,1.406250000000000000e-01,-1.680464425581297550e-02,1.522328118427994023e-02,1.045275450586881545e-02,5.000000000000000000e-01,1.976655302010464355e-01
1.718750000000000000e-01,1.406250000000000000e-01,-2.347050076133327945e-02,1.713054951896023081e-02,1.025986263451511907e-02,5.000000000000000000e-01,2.136905091239027499e-01
2.031250000000000000e-01,1.406250000000000000e-01,-3.061302259380908886e-02,1.828056851844848951e-02,1.014928239205498996e-02,5.000000000000000000e-01,2.311831072130796083e-01
2.343750000000000000e-01,1.406250000000000000e-01,-3.797330556148222763e-02,1.872333127148733192e-02,1.011986680568233848e-02,5.000000000000000000e-01,2.498420068570310626e-01
2.656250000000000000e-01,1.406250000000000000e-01,-4.530892063851389706e-02,1.851617803603955448e-02,1.017236776495824072e-02,5.000000000000000000e-01,2.688335092627380796e-01
2.968750000000000000e-01,1.406250000000000000e-01,-5.239306411082175763e-02,1.770962984840234247e-02,1.030925719032053586e-02,5.000000000000000000e-01,2.871189590871260910e-01
3.281250000000000000e-01,1.406250000000000000e-01,-5.901291377372662461e-02,1.634385174755342493e-02,1.053404434150111840e-02,5.000000000000000000e-01,3.036964466343813340e-01
3.593750000000000000e-01,1.406250000000000000e-01,-6.496851748743813493e-02,1.445176843018151740e-02,1.085017627521574039e-02,5.000000000000000000e-01,3.177560471799479314e-01
3.906250000000000000e-01,1.406250000000000000e-01,-7.007312773453389099e-02,1.206567496162677666e-02,1.125965262314628998e-02,5.000000000000000000e-01,3.287601984567193880e-01
4.218750000000000000e-01,1.406250000000000000e-01,-7.415541739301945157e-02,9.225031902921137020e-03,1.176150324991166729e-02,5.000000000000000000e-01,3.364657142136754375e-01
4.531250000000000000e-01,1.406250000000000000e-01,-7.706360784358902427e-02,5.983871295652205824e-03,1.235028980352008247e-02,5.000000000000000000e-01,3.409039901879435397e-01
4.843750000000000000e-01,1.406250000000000000e-01,-7.867125863691418197e-02,2.416807571066005231e-03,1.301480671707394565e-02,5.000000000000000000e-01,3.423336065531666361e-01
5.156250000000000000e-01,1.406250000000000000e-01,-7.888430721405070845e-02,-1.376955244587089967e-03,1.373717050053721578e-02,5.000000000000000000e-01,3.411745243091545143e-01
5.468750000000000000e-01,1.406250000000000000e-01,-7.764868036389704908e-02,-5.272090073937066648e-03,1.449453487021225631e-02,5.000000000000000000e-01,3.379668392476288807e-01
5.781250000000000000e-01,1.406250000000000000e-01,-7.495774156456562476e-02,-9.115772434726771359e-03,1.525535361672485275e-02,5.000000000000000000e-01,3.333063776319344917e-01
6.093750000000000000e-01,1.406250000000000000e-01,-7.085986261871562997e-02,-1.273005443931354147e-02,1.598232557547843435e-02,5.000000000000000000e-01,3.277115852348201352e-01
6.406250000000000000e-01,1.406250000000000000e-01,-6.546539188639843854e-02,-1.592027886992503430e-02,1.663551876903493487e-02,5.000000000000000000e-01,3.215128225051802069e-01
6.718750000000000000e-01,1.406250000000000000e-01,-5.895101345259665809e-02,-1.848775880451464931e-02,1.717617128635938809e-02,5.000000000000000000e-01,3.147876108490612057e-01
7.031250000000000000e-01,1.406250000000000000e-01,-5.156005515665825628e-02,-2.024642443070828052e-02,1.757114185646805465e-02,5.000000000000000000e-01,3.073195482984560911e-01
7.343750000000000000e-01,1.406250000000000000e-01,-4.359726604956595808e-02,-2.104266427442589432e-02,1.779738922498916298e-02,5.000000000000000000e-01,2.985866768633049784e-01
7.656250000000000000e-01,1.406250000000000000e-01,-3.541671861290269369e-02,-2.077694161022042990e-02,1.784567758487557929e-02,5.000000000000000000e-01,2.877831479712688600e-01
7.968750000000000000e-01,1.406250000000000000e-01,-2.740196212148046304e-02,-1.942510366261574611e-02,1.772266806635528977e-02,5.000000000000000000e-01,2.738724006560721569e-01
8.281250000000000000e-01,1.406250000000000000e-01,-1.993850342463300562e-02,-1.705691618274663909e-02,1.745073668777490095e-02,5.000000000000000000e-01,2.556600223379821291e-01
8.593750000000000000e-01,1.406250000000000000e-01,-1.338017101197871636e-02,-1.384965019648942003e-02,1.706527909150026140e-02,5.000000000000000000e-01,2.318618753361131324e-01
8.906250000000000000e-01,1.406250000000000000e-01,-8.012813158015929041e-03,-1.009585831590150036e-02,1.660985021261986161e-02,5.000000000000000000e-01,2.011343585099751308e-01
9.218750000000000000e-01,1.406250000000000000e-01,-4.020799060820228442e-03,-6.206752847817576836e-03,1.613005538107101233e-02,5.000000000000000000e-01,1.620391156150407519e-01
9.531250000000000000e-01,1.406250000000000000e-01,-1.463604738852267205e-03,-2.715082781953280944e-03,1.566737426010268025e-02,5.000000000000000000e-01,1.129414590185064543e-01
9.843750000000000000e-01,1.406250000000000000e-01,-2.714151870477574395e-04,-2.827452596865355039e-04,1.525373315746597971e-02,5.000000000000000000e-01,8.175307807715372077e-02
1.562500000000000000e-02,1.718750000000000000e-01,-6.800475863632818524e-04,2.695389709683106844e-03,1.243841563715850952e-02,5.000000000000000000e-01,1.908032308265298349e-01
4.687500000000000000e-02,1.718750000000000000e-01,-3.135486496723621699e-03,8.508481374592129914e-03,1.174257091256934726e-02,5.000000000000000000e-01,2.010803077769131308e-01
7.812500000000000000e-02,1.718750000000000000e-01,-7.553312970672148956e-03,1.395641982788218063e-02,1.119776300244504884e-02,5.000000000000000000e-01,2.089461974082423845e-01
1.093750000000000000e-01,1.718750000000000000e-01,-1.350286745592539292e-02,1.858734640535738419e-02,1.078180914515247668e-02,5.000000000000000000e-01,2.127040023157381610e-01
1.406250000000000000e-01,1.718750000000000000e-01,-2.059957054833562451e-02,2.219323163929948217e-02,1.047543497425714766e-02,5.000000000000000000e-01,2.157934686405538205e-01
1.718750000000000000e-01,1.718750000000000000e-01,-2.849594603296917023e-02,2.472283105409453507e-02,1.026304936126583647e-02,5.000000000000000000e-01,2.201121645868898691e-01
2.031250000000000000e-01,1.718750000000000000e-01,-3.687618842837205729e-02,2.621105121119288173e-02,1.013340684203191400e-02,5.000000000000000000e-01,2.262970904738186295e-01
2.343750000000000000e-01,1.718750000000000000e-01,-4.545174305405708104e-02,2.672868617210110570e-02,1.007998001273023234e-02,5.000000000000000000e-01,2.341043075564042675e-01
2.656250000000000000e-01,1.718750000000000000e-01,-5.395695860014589063e-02,2.635165375854625278e-02,1.010083367441729808e-02,5.000000000000000000e-01,2.427955644083164555e-01
2.968750000000000000e-01,1.718750000000000000e-01,-6.214497237839840260e-02,2.514631137645600631e-02,1.019794411421437626e-02,5.000000000000000000e-01,2.514697596735390728e-01
3.281250000000000000e-01,1.718750000000000000e-01,-6.978446328553911115e-02,2.316651078954534010e-02,1.037602521867773270e-02,5.000000000000000000e-01,2.593078869249836882e-01
3.593750000000000000e-01,1.718750000000000000e-01,-7.665791828101449490e-02,2.045816809737649455e-02,1.064097655667091066e-02,5.000000000000000000e-01,2.657250682437863332e-01
3.906250000000000000e-01,1.718750000000000000e-01,-8.256182917635213059e-02,1.706779643686518258e-02,1.099808362601893165e-02,5.000000000000000000e-01,2.704394615900167498e-01
4.218750000000000000e-01,1.718750000000000000e-01,-8.730894564574784300e-02,1.305231655556401797e-02,1.145010643858902603e-02,5.000000000000000000e-01,2.734756617482975161e-01
4.531250000000000000e-01,1.718750000000000000e-01,-9.073246012004515526e-02,8.488291567876208102e-03,1.199540591321798799e-02,5.000000000000000000e-01,2.751218836327394834e-01
4.843750000000000000e-01,1.718750000000000000e-01,-9.269182933775171884e-02,3.479407309873731174e-03,1.262628107310339101e-02,5.000000000000000000e-01,2.758583250630789463e-01
5.156250000000000000e-01,1.718750000000000000e-01,-9.307984434733648782e-02,-1.838491396673525013e-03,1.332771693027932913e-02,5.000000000000000000e-01,2.762596024814331641e-01
5.468750000000000000e-01,1.718750000000000000e-01,-9.183015549826234469e-02,-7.295869621078449052e-03,1.407834595010323646e-02,5.000000000000000000e-01,2.769284055531919808e-01
5.781250000000000000e-01,1.718750000000000000e-01,-8.892461017440062010e-02,-1.268847701077853440e-02,1.484697815286207048e-02,5.000000000000000000e-01,2.784551452924602377e-01
6.093750000000000000e-01,1.718750000000000000e-01,-8.440173975645626214e-02,-1.777809922705612597e-02,1.559496925529550021e-02,5.000000000000000000e-01,2.812747762025081810e-01
6.406250000000000000e-01,1.718750000000000000e-01,-7.836585223355976848e-02,-2.230259233739612795e-02,1.627931699060001375e-02,5.000000000000000000e-01,2.855094501050977618e-01
6.718750000000000000e-01,1.718750000000000000e-01,-7.099404488733790375e-02,-2.599163111706719390e-02,1.685664925945063591e-02,5.000000000000000000e-01,2.908907918341654408e-01
7.031250000000000000e-01,1.718750000000000000e-01,-6.253949522213302081e-02,-2.858806007929903803e-02,1.728809030000186958e-02,5.000000000000000000e-01,2.967096198733971679e-01
7.343750000000000000e-01,1.718750000000000000e-01,-5.332913584142613683e-02,-2.987417711363432246e-02,1.754435984117633240e-02,5.000000000000000000e-01,3.018028837894847216e-01
7.656250000000000000e-01,1.718750000000000000e-01,-4.375375908561303373e-02,-2.970135296348836579e-02,1.761021539586466247e-02,5.000000000000000000e-01,3.045892008196209866e-01
7.968750000000000000e-01,1.718750000000000000e-01,-3.424897933500210129e-02,-2.802022855138098373e-02,1.748725116724215642e-02,5.000000000000000000e-01,3.031612731502866809e-01
8.281250000000000000e-01,1.718750000000000000e-01,-2.526655649430088052e-02,-2.490767283153007966e-02,1.719422160228228566e-02,5.000000000000000000e-01,2.954328134206317680e-01
8.593750000000000000e-01,1.718750000000000000e-01,-1.723749609492296678e-02,-2.058628635973818247e-02,1.676451519431045381e-02,5.000000000000000000e-01,2.793189917209262241e-01
8.906250000000000000e-01,1.718750000000000000e-01,-1.053095433137006195e-02,-1.543312177016843353e-02,1.624110071620157164e-02,5.000000000000000000e-01,2.529087121029746643e-01
9.218750000000000000e-01,1.718750000000000000e-01,-5.415751076968493977e-03,-9.976706745147912239e-03,1.566997855829497729e-02,5.000000000000000000e-01,2.145782445904829694e-01
9.531250000000000000e-01,1.718750000000000000e-01,-2.033394591695117815e-03,-4.884679691864284024e-03,1.509353266470471293e-02,5.000000000000000000e-01,1.630153959634969840e-01
9.843750000000000000e-01,1.718750000000000000e-01,-3.922860232704338565e-04,-9.464464700047268541e-04,1.454482841110141603e-02,5.000000000000000000e-01,1.299020250698287027e-01
1.562500000000000000e-02,2.031250000000000000e-01,-8.231061784417995205e-04,4.198543474488188217e-03,1.258099307835113499e-02,5.000000000000000000e-01,2.668460618874143320e-01
4.687500000000000000e-02,2.031250000000000000e-01,-3.763288888544601661e-03,1.240094923025019009e-02,1.175660883371256772e-02,5.000000000000000000e-01,2.673773744426780063e-01
7.812500000000000000e-02,2.031250000000000000e-01,-8.990342964269580975e-03,1.970883252189762486e-02,1.112686849678062341e-02,5.000000000000000000e-01,2.574999002373191126e-01
1.093750000000000000e-01,2.031250000000000000e-01,-1.594668558020209681e-02,2.574083081252769370e-02,1.065598193502014998e-02,5.000000000000000000e-01,2.452450532884923318e-01
1.406250000000000000e-01,2.031250000000000000e-01,-2.415625139711043839e-02,3.034601614144774584e-02,1.031202704905274763e-02,5.000000000000000000e-01,2.338263108966001091e-01
1.718750000000000000e-01,2.031250000000000000e-01,-3.320969147612049671e-02,3.351986211558986850e-02,1.006929455881497640e-02,5.000000000000000000e-01,2.249101488801493742e-01
2.031250000000000000e-01,2.031250000000000000e-01,-4.275073563041618258e-02,3.533530669939612123e-02,9.909358379313525089e-03,5.000000000000000000e-01,2.189425226884326170e-01
2.343750000000000000e-01,2.031250000000000000e-01,-5.246422223640412330e-02,3.589347191557083760e-02,9.821301502104994030e-03,5.000000000000000000e-01,2.155533640492801606e-01
2.656250000000000000e-01,2.031250000000000000e-01,-6.206601820967877492e-02,3.529387953443997861e-02,9.801226972852449329e-03,5.000000000000000000e-01,2.139556151364115921e-01
2.968750000000000000e-01,2.031250000000000000e-01,-7.129506705941886235e-02,3.362114822855487989e-02,9.851157479167661421e-03,5.000000000000000000e-01,2.132793777131403723e-01
3.281250000000000000e-01,2.031250000000000000e-01,-7.990779998561761688e-02,3.094389777078593654e-02,9.977447997600776691e-03,5.000000000000000000e-01,2.128105173676215212e-01
3.593750000000000000e-01,2.031250000000000000e-01,-8.767504860535493827e-02,2.732148473134858938e-02,1.018884111685710442e-02,5.000000000000000000e-01,2.121282260728988844e-01
3.906250000000000000e-01,2.031250000000000000e-01,-9.438144562572241270e-02,2.281478771859819787e-02,1.049428850016567716e-02,5.000000000000000000e-01,2.111532714996521842e-01
4.218750000000000000e-01,2.031250000000000000e-01,-9.982715112127701906e-02,1.749814723878133360e-02,1.090066217934531484e-02,5.000000000000000000e-01,2.101273229826257638e-01
4.531250000000000000e-01,2.031250000000000000e-01,-1.038316348163255270e-01,1.147045905400470925e-02,1.141049652740889347e-02,5.000000000000000000e-01,2.095456025656185217e-01
4.843750000000000000e-01,2.031250000000000000e-01,-1.062391869179063475e-01,4.864161143032627935e-03,1.201993514646063424e-02,5.000000000000000000e-01,2.100628113948350417e-01
5.156250000000000000e-01,2.031250000000000000e-01,-1.069258093000924614e-01,-2.148607838061559680e-03,1.271709656896024762e-02,5.000000000000000000e-01,2.123640363273871789e-01
5.468750000000000000e-01,2.031250000000000000e-01,-1.058066913250765573e-01,-9.354560003780459931e-03,1.348217061409872665e-02,5.000000000000000000e-01,2.170787340264511422e-01
5.781250000000000000e-01,2.031250000000000000e-01,-1.028434177513220665e-01,-1.649860552569273192e-02,1.428424217292326680e-02,5.000000000000000000e-01,2.248043763652156635e-01
6.093750000000000000e-01,2.031250000000000000e-01,-9.805365145798998483e-02,-2.328060742341836464e-02,1.508270141810542572e-02,5.000000000000000000e-01,2.359587100324514464e-01
6.406250000000000000e-01,2.031250000000000000e-01,-9.152326440797811657e-02,-2.936635871394223732e-02,1.583027579742992894e-02,5.000000000000000000e-01,2.505461213456041669e-01
6.718750000000000000e-01,2.031250000000000000e-01,-8.341715568413490822e-02,-3.440578081058616455e-02,1.647717654563025935e-02,5.000000000000000000e-01,2.680595900013305610e-01
7.031250000000000000e-01,2.031250000000000000e-01,-7.398695239531270784e-02,-3.805866333980716110e-02,1.697644858611907157e-02,5.000000000000000000e-01,2.874075560747142433e-01
7.343750000000000000e-01,2.031250000000000000e-01,-6.357323917059808094e-02,-4.002764645854769987e-02,1.728989203080428042e-02,5.000000000000000000e-01,3.068809181047821300e-01
7.656250000000000000e-01,2.031250000000000000e-01,-5.259959510187566661e-02,-4.009690444311050234e-02,1.739359425447339902e-02,5.000000000000000000e-01,3.241823060026944869e-01
7.968750000000000000e-01,2.031250000000000000e-01,-4.155586156141509446e-02,-3.817319036283035871e-02,1.728191673303905440e-02,5.000000000000000000e-01,3.365411970446580137e-01
8.281250000000000000e-01,2.031250000000000000e-01,-3.096911207177968986e-02,-3.432388335041731964e-02,1.696885811899036950e-02,5.000000000000000000e-01,3.409284966248200544e-01
8.593750000000000000e-01,2.031250000000000000e-01,-2.136305693317495924e-02,-2.880519137883357644e-02,1.648616087076434922e-02,5.000000000000000000e-01,3.343582657177861517e-01
8.906250000000000000e-01,2.031250000000000000e-01,-1.321002804986157533e-02,-2.207378739793932829e-02,1.587831122375150256e-02,5.000000000000000000e-01,3.142257038592338181e-01
9.218750000000000000e-01,2.031250000000000000e-01,-6.883497269421265385e-03,-1.477777515221889368e-02,1.519546542096211587e-02,5.000000000000000000e-01,2.785975223505768872e-01
9.531250000000000000e-01,2.031250000000000000e-01,-2.621806711427642888e-03,-7.727658328060301243e-03,1.448589436027408750e-02,5.000000000000000000e-01,2.263735083732561493e-01
9.843750000000000000e-01,2.031250000000000000e-01,-5.138253101929380479e-04,-1.852557803468098813e-03,1.378934294677983119e-02,5.000000000000000000e-01,1.920164074511432617e-01
1.562500000000000000e-02,2.343750000000000000e-01,-9.531149428026770972e-04,5.974764595732665051e-03,1.248934909751351664e-02,5.000000000000000000e-01,3.550903239535269096e-01
4.687500000000000000e-02,2.343750000000000000e-01,-4.336283351981560889e-03,1.694807922828740071e-02,1.154646570505083944e-02,5.000000000000000000e-01,3.435582558541867559e-01
7.812500000000000000e-02,2.343750000000000000e-01,-1.030717515322708902e-02,2.635964840083092342e-02,1.083562036182386321e-02,5.000000000000000000e-01,3.117871234594516983e-01
1.093750000000000000e-01,2.343750000000000000e-01,-1.819349966690604267e-02,3.393268206320586289e-02,1.030840193030777181e-02,5.000000000000000000e-01,2.803137537535180246e-01
1.406250000000000000e-01,2.343750000000000000e-01,-2.743468367631095653e-02,3.960491471708282862e-02,9.921472855641806296e-03,5.000000000000000000e-01,2.520830836963851018e-01
1.718750000000000000e-01,2.343750000000000000e-01,-3.756353978003013072e-02,4.344325972268402170e-02,9.640288338351897177e-03,5.000000000000000000e-01,2.283920565659171009e-01
2.031250000000000000e-01,2.343750000000000000e-01,-4.818648629641812675e-02,4.557589976298566381e-02,9.440437097942304748e-03,5.000000000000000000e-01,2.093273115748870428e-01
2.343750000000000000e-01,2.343750000000000000e-01,-5.896525547209323370e-02,4.614513463364433576e-02,9.307639361694085636e-03,5.000000000000000000e-01,1.942338931157667758e-01
2.656250000000000000e-01,2.343750000000000000e-01,-6.960150823318757285e-02,4.528026555073547121e-02,9.236869844167477223e-03,5.000000000000000000e-01,1.821437562476496685e-01
2.968750000000000000e-01,2.343750000000000000e-01,-7.982491524912371794e-02,4.308721807793560593e-02,9.230858707157518078e-03,5.000000000000000000e-01,1.721149893080156090e-01
3.281250000000000000e-01,2.343750000000000000e-01,-8.938478411822174674e-02,3.965042971670200422e-02,9.298139678092638000e-03,5.000000000000000000e-01,1.634590833591369474e-01
3.593750000000000000e-01,2.343750000000000000e-01,-9.804504246275841384e-02,3.504245974970651017e-02,9.450771059641167177e-03,5.000000000000000000e-01,1.558570887779357483e-01
3.906250000000000000e-01,2.343750000000000000e-01,-1.055822461376476479e-01,2.933741339549698554e-02,9.701831725658844816e-03,5.000000000000000000e-01,1.493815929576264856e-01
4.218750000000000000e-01,2.343750000000000000e-01,-1.117862319967554419e-01,2.262521291654493241e-02,1.006279313985381126e-02,5.000000000000000000e-01,1.444490789211116955e-01
4.531250000000000000e-01,2.343750000000000000e-01,-1.164630463761450185e-01,1.502469145067920550e-02,1.054089303945713457e-02,5.000000000000000000e-01,1.417279488451091973e-01
4.843750000000000000e-01,2.343750000000000000e-01,-1.194398219419951779e-01,6.694256413789121882e-03,1.113668224761148531e-02,5.000000000000000000e-01,1.420240144416958783e-01
5.156250000000000000e-01,2.343750000000000000e-01,-1.205713177646112744e-01,-2.160584904015851009e-03,1.184196976048716363e-02,5.000000000000000000e-01,1.461240940337082961e-01
5.468750000000000000e-01,2.343750000000000000e-01,-1.197475740625467133e-01,-1.128544461490663293e-02,1.263929666347941502e-02,5.000000000000000000e-01,1.546764453736016454e-01
5.781250000000000000e-01,2.343750000000000000e-01,-1.169009311168645038e-01,-2.037763743400326094e-02,1.349859671197835460e-02,5.000000000000000000e-01,1.683281310560335031e-01
6.093750000000000000e-01,2.343750000000000000e-01,-1.120169123217339829e-01,-2.907536060357044858e-02,1.437714408508446520e-02,5.000000000000000000e-01,1.875905465813928474e-01
6.406250000000000000e-01,2.343750000000000000e-01,-1.051501582048278288e-01,-3.696874670070816882e-02,1.522255332406180495e-02,5.000000000000000000e-01,2.124780172024342551e-01
6.718750000000000000e-01,2.343750000000000000e-01,-9.644007388828598759e-02,-4.361958586420527917e-02,1.597696829688933368e-02,5.000000000000000000e-01,2.423797078681163564e-01
7.031250000000000000e-01,2.343750000000000000e-01,-8.612433312476419633e-02,-4.859080233853203118e-02,1.658289111454424453e-02,5.000000000000000000e-01,2.759464132092648292e-01
7.343750000000000000e-01,2.343750000000000000e-01,-7.454743432627836119e-02,-5.148611948302329877e-02,1.699009508261903334e-02,5.000000000000000000e-01,3.110141593372607316e-01
7.656250000000000000e-01,2.343750000000000000e-01,-6.216069711506409801e-02,-5.199881269857159483e-02,1.716262667548683341e-02,5.000000000000000000e-01,3.446005489167300873e-01
7.968750000000000000e-01,2.343750000000000000e-01,-4.950978305760004444e-02,-4.996592970529389194e-02,1.708455648510730923e-02,5.000000000000000000e-01,3.730188943196854900e-01
8.281250000000000000e-01,2.343750000000000000e-01,-3.720658854935535165e-02,-4.542108800583388728e-02,1.676306169629238757e-02,5.000000000000000000e-01,3.921495541525553130e-01
8.593750000000000000e-01,2.343750000000000000e-01,-2.588479174980660991e-02,-3.863583866157048463e-02,1.622777506425883420e-02,5.000000000000000000e-01,3.978756601942629589e-01
8.906250000000000000e-01,2.343750000000000000e-01,-1.614264459595749282e-02,-3.013831615236492456e-02,1.552615915701578003e-02,5.000000000000000000e-01,3.866277977875572369e-01
9.218750000000000000e-01,2.343750000000000000e-01,-8.481967154000524117e-03,-2.070045462019057605e-02,1.471576014802396075e-02,5.000000000000000000e-01,3.559093370209784335e-01
9.531250000000000000e-01,2.343750000000000000e-01,-3.256521516272831845e-03,-1.129211505580993494e-02,1.385509181463869671e-02,5.000000000000000000e-01,3.046408386676351943e-01
9.843750000000000000e-01,2.343750000000000000e-01,-6.431104397824829056e-04,-3.009493553443519549e-03,1.299504174195467016e-02,5.000000000000000000e-01,2.694366476032322710e-01
1.562500000000000000e-02,2.656250000000000000e-01,-1.069622160427759726e-03,7.997501698963101549e-03,1.211353564089767861e-02,5.000000000000000000e-01,4.544470448486634395e-01
4.687500000000000000e-02,2.656250000000000000e-01,-4.850796074333014671e-03,2.208968444814110241e-02,1.106384673066086906e-02,5.000000000000000000e-01,4.287824092369487694e-01
7.812500000000000000e-02,2.656250000000000000e-01,-1.149243534556684820e-02,3.383057425345658425e-02,1.027800613157912359e-02,5.000000000000000000e-01,3.714217312585483266e-01
1.093750000000000000e-01,2.656250000000000000e-01,-2.022102887354506814e-02,4.307667425223737911e-02,9.695490216705076811e-03,5.000000000000000000e-01,3.178378325898890133e-01
1.406250000000000000e-01,2.656250000000000000e-01,-3.040086646865634845e-02,4.988194413256751003e-02,9.262374366387399888e-03,5.000000000000000000e-01,2.706678135704986832e-01
1.718750000000000000e-01,2.656250000000000000e-01,-4.151320996558748033e-02,5.440742990784963595e-02,8.936262215862684002e-03,5.000000000000000000e-01,2.307206832783115225e-01
2.031250000000000000e-01,2.656250000000000000e-01,-5.313181769288630868e-02,5.685328382150688087e-02,8.687759369244436869e-03,5.000000000000000000e-01,1.975778471037989981e-01
2.343750000000000000e-01,2.656250000000000000e-01,-6.489947476838973939e-02,5.741417682630164943e-02,8.500144237610840134e-03,5.000000000000000000e-01,1.701577922341187543e-01
2.656250000000000000e-01,2.656250000000000000e-01,-7.650791953086560904e-02,5.625592088164837329e-02,8.368052273855716705e-03,5.000000000000000000e-01,1.471890924644153609e-01
2.968750000000000000e-01,2.656250000000000000e-01,-8.768208972520330491e-02,5.350913995729652400e-02,8.295575989393849312e-03,5.000000000000000000e-01,1.275584110161845919e-01
3.281250000000000000e-01,2.656250000000000000e-01,-9.816875102379277185e-02,4.927503800502859577e-02,8.293984326342802513e-03,5.000000000000000000e-01,1.105243369329745873e-01
3.593750000000000000e-01,2.656250000000000000e-01,-1.077291329751809412e-01,4.363849175730477592e-02,8.379167540668001554e-03,5.000000000000000000e-01,9.580850263586371263e-02
3.906250000000000000e-01,2.656250000000000000e-01,-1.161350420187356458e-01,3.668449410634265495e-02,8.568871611409898878e-03,5.000000000000000000e-01,8.358867863621055605e-02
4.218750000000000000e-01,2.656250000000000000e-01,-1.231679404986642801e-01,2.851501654473566350e-02,8.879785015712007498e-03,5.000000000000000000e-01,7.442354615686308517e-02
4.531250000000000000e-01,2.656250000000000000e-01,-1.286205881219006641e-01,1.926434982511444211e-02,9.324574904043009260e-03,5.000000000000000000e-01,6.913726858668267639e-02
4.843750000000000000e-01,2.656250000000000000e-01,-1.323009641752073973e-01,9.111749658510789884e-03,9.909031728277596651e-03,5.000000000000000000e-01,6.868666909785853258e-02
5.156250000000000000e-01,2.656250000000000000e-01,-1.340382662058949848e-01,-1.709280295433841974e-03,1.062955628440798508e-02,5.000000000000000000e-01,7.399016076864539659e-02
5.468750000000000000e-01,2.656250000000000000e-01,-1.336910216909140692e-01,-1.290773744053411859e-02,1.147253135997271592e-02,5.000000000000000000e-01,8.572890687519502118e-02
5.781250000000000000e-01,2.656250000000000000e-01,-1.311538419309879744e-01,-2.413916731398409177e-02,1.241027631530123784e-02,5.000000000000000000e-01,1.046592073174833493e-01
6.093750000000000000e-01,2.656250000000000000e-01,-1.263691698860319457e-01,-3.498252156367616383e-02,1.339837118340152407e-02,5.000000000000000000e-01,1.315363588515688908e-01
6.406250000000000000e-01,2.656250000000000000e-01,-1.193473657437650881e-01,-4.495014399977546177e-02,1.437893931897826771e-02,5.000000000000000000e-01,1.665495989508630759e-01
6.718750000000000000e-01,2.656250000000000000e-01,-1.101879430637160429e-01,-5.350769556172887270e-02,1.528464118991125498e-02,5.000000000000000000e-01,2.091542036713139874e-01
7.031250000000000000e-01,2.656250000000000000e-01,-9.910013683970977927e-02,-6.010623962853650637e-02,1.604486939733807543e-02,5.000000000000000000e-01,2.578989635828942140e-01
7.343750000000000000e-01,2.656250000000000000e-01,-8.641963448921644031e-02,-6.422808334199800462e-02,1.659375264272250350e-02,5.000000000000000000e-01,3.102780172686006033e-01
7.656250000000000000e-01,2.656250000000000000e-01,-7.261693963144189023e-02,-6.544628090858570224e-02,1.687900987997437846e-02,5.000000000000000000e-01,3.626584214855674837e-01
7.968750000000000000e-01,2.656250000000000000e-01,-5.829181776365773004e-02,-6.349449742052797052e-02,1.687014088869979306e-02,5.000000000000000000e-01,4.103562902911040977e-01
8.281250000000000000e-01,2.656250000000000000e-01,-4.414836816259098962e-02,-5.833916439991124192e-02,1.656410154348803704e-02,5.000000000000000000e-01,4.479402900036928425e-01
8.593750000000000000e-01,2.656250000000000000e-01,-3.094751384184743145e-02,-5.024041338778542642e-02,1.598674285282374735e-02,5.000000000000000000e-01,4.698089288592959267e-01
8.906250000000000000e-01,2.656250000000000000e-01,-1.943888137020399406e-02,-3.978452105164252683e-02,1.518906779003463201e-02,5.000000000000000000e-01,4.709979953272219189e-01
9.218750000000000000e-01,2.656250000000000000e-01,-1.028162973667742786e-02,-2.787217879639650869e-02,1.423869783776384249e-02,5.000000000000000000e-01,4.480401819750161607e-01
9.531250000000000000e-01,2.656250000000000000e-01,-3.970898061407783855e-03,-1.565656819260134031e-02,1.320837147046303658e-02,5.000000000000000000e-01,3.995949852547034942e-01
9.843750000000000000e-01,2.656250000000000000e-01,-7.883727806621220434e-04,-4.440976773888124715e-03,1.216407028948170849e-02,5.000000000000000000e-01,3.639392407672952245e-01
1.562500000000000000e-02,2.968750000000000000e-01,-1.171689747488139375e-03,1.023881360687900130e-02,1.140904886914204108e-02,5.000000000000000000e-01,5.636913643191185930e-01
4.687500000000000000e-02,2.968750000000000000e-01,-5.302111374797372802e-03,2.775996808143969125e-02,1.026542380933883475e-02,5.000000000000000000e-01,5.220616326176480415e-01
7.812500000000000000e-02,2.968750000000000000e-01,-1.253404355279008273e-02,4.203386206938453107e-02,9.411920688322954892e-03,5.000000000000000000e-01,4.358624518741123777e-01
1.093750000000000000e-01,2.968750000000000000e-01,-2.200699432466318023e-02,5.307493073616074281e-02,8.776352393878625313e-03,5.000000000000000000e-01,3.576072256734066923e-01
1.406250000000000000e-01,2.968750000000000000e-01,-3.302066636885486739e-02,6.107719728794711728e-02,8.294895628578102809e-03,5.000000000000000000e-01,2.895797274695289802e-01
1.718750000000000000e-01,2.968750000000000000e-01,-4.501224279598523004e-02,6.631609667653151630e-02,7.918105970973294758e-03,5.000000000000000000e-01,2.319930244794492502e-01
2.031250000000000000e-01,2.968750000000000000e-01,-5.752835482195355066e-02,6.907933680609215643e-02,7.612421629926219985e-03,5.000000000000000000e-01,1.837924655768429227e-01
2.343750000000000000e-01,2.968750000000000000e-01,-7.019748042658416343e-02,6.962490652185043816e-02,7.359432700676619109e-03,5.000000000000000000e-01,1.433411258406511735e-01
2.656250000000000000e-01,2.968750000000000000e-01,-8.270586338121865833e-02,6.816201890320996992e-02,7.154089330147021461e-03,5.000000000000000000e-01,1.089497395915186573e-01
2.968750000000000000e-01,2.968750000000000000e-01,-9.477819881425503246e-02,6.484954756310898349e-02,7.002404242971171228e-03,5.000000000000000000e-01,7.923758725557883409e-02
3.281250000000000000e-01,2.968750000000000000e-01,-1.061632033765244065e-01,5.980629626007497035e-02,6.918883211313064940e-03,5.000000000000000000e-01,5.333283678364986180e-02
3.593750000000000000e-01,2.968750000000000000e-01,-1.166236177761858367e-01,5.312802985330801475e-02,6.923758859111596442e-03,5.000000000000000000e-01,3.093764337848137203e-02
3.906250000000000000e-01,2.968750000000000000e-01,-1.259300137649799201e-01,4.490726104268821794e-02,7.040038261661549397e-03,5.000000000000000000e-01,1.229234257146671894e-02
4.218750000000000000e-01,2.968750000000000000e-01,-1.338578479127875975e-01,3.525298223612639836e-02,7.290371072426743773e-03,5.000000000000000000e-01,-1.925890628854509679e-03
4.531250000000000000e-01,2.968750000000000000e-01,-1.401873925490375594e-01,2.430857639321005320e-02,7.693787549420061204e-03,5.000000000000000000e-01,-1.073950941595136488e-02
4.843750000000000000e-01,2.968750000000000000e-01,-1.447063688811596194e-01,1.226687547584396493e-02,8.262436582828498743e-03,5.000000000000000000e-01,-1.301977047642166596e-02
5.156250000000000000e-01,2.968750000000000000e-01,-1.472151899116965201e-01,-6.182830515425387537e-04,8.998572800195047197e-03,5.000000000000000000e-01,-7.651477108837179131e-03
5.468750000000000000e-01,2.968750000000000000e-01,-1.475355177607966528e-01,-1.402565135030620774e-02,9.894539440695083662e-03,5.000000000000000000e-01,6.115838275748908259e-03
5.781250000000000000e-01,2.968750000000000000e-01,-1.455169156973492584e-01,-2.757703522758548492e-02,1.092786526407206991e-02,5.000000000000000000e-01,2.921496539972878725e-02
6.093750000000000000e-01,2.968750000000000000e-01,-1.410489114357484086e-01,-4.079732995663162831e-02,1.205361154395035057e-02,5.000000000000000000e-01,6.282081201383948876e-02
6.406250000000000000e-01,2.968750000000000000e-01,-1.340846821373094799e-01,-5.312136904752577660e-02,1.320870936341574445e-02,5.000000000000000000e-01,1.074986878056742867e-01
6.718750000000000000e-01,2.968750000000000000e-01,-1.246683072465041564e-01,-6.391226808483294053e-02,1.431535849851842644e-02,5.000000000000000000e-01,1.629820867700979559e-01
7.031250000000000000e-01,2.968750000000000000e-01,-1.129634061289642166e-01,-7.249437444697864885e-02,1.528732004513600265e-02,5.000000000000000000e-01,2.279215665236575816e-01
7.343750000000000000e-01,2.968750000000000000e-01,-9.927985168561509477e-02,-7.820400531739832295e-02,1.603897951409342937e-02,5.000000000000000000e-01,2.996329700812827568e-01
7.656250000000000000e-01,2.968750000000000000e-01,-8.409326253644203164e-02,-8.045964294013302487e-02,1.649637942091150208e-02,5.000000000000000000e-01,3.739100149621465974e-01
7.968750000000000000e-01,2.968750000000000000e-01,-6.804993469211959023e-02,-7.884958510108724949e-02,1.660859984173948534e-02,5.000000000000000000e-01,4.450062429886865178e-01
8.281250000000000000e-01,2.968750000000000000e-01,-5.194877264184361021e-02,-7.322868837069468340e-02,1.635713456808685073e-02,5.000000000000000000e-01,5.059206341658856187e-01
8.593750000000000000e-01,2.968750000000000000e-01,-3.669320645524389024e-02,-6.380730992434527349e-02,1.576062836691420263e-02,5.000000000000000000e-01,5.491035751375690221e-01
8.906250000000000000e-01,2.968750000000000000e-01,-2.321178471251994502e-02,-5.120767872945006238e-02,1.487289227356427754e-02,5.000000000000000000e-01,5.675878513135255155e-01
9.218750000000000000e-01,2.968750000000000000e-01,-1.235652566839784763e-02,-3.646153179623763674e-02,1.377366861282798907e-02,5.000000000000000000e-01,5.563295592647367060e-01
9.531250000000000000e-01,2.968750000000000000e-01,-4.800006072183417988e-03,-2.093446646424428764e-02,1.255382081501035807e-02,5.000000000000000000e-01,5.133104180861634003e-01
9.843750000000000000e-01,2.968750000000000000e-01,-9.581301503120047761e-04,-6.187479704862251968e-03,1.129848324613875500e-02,5.000000000000000000e-01,4.778637338034725235e-01
1.562500000000000000e-02,3.281250000000000000e-01,-1.258023481251292980e-03,1.266852683561843322e-02,1.033691771903181948e-02,5.000000000000000000e-01,6.814880294048764053e-01
4.687500000000000000e-02,3.281250000000000000e-01,-5.684599650430490966e-03,3.388725264918869551e-02,9.113209601492061607e-03,5.000000000000000000e-01,6.223153512599488568e-01
7.812500000000000000e-02,3.281250000000000000e-01,-1.341887593297782025e-02,5.087278596217557208e-02,8.200024084906949728e-03,5.000000000000000000e-01,5.044968116414592085e-01
1.093750000000000000e-01,3.281250000000000000e-01,-2.352814525957040021e-02,6.381822694183537925e-02,7.514136091673447732e-03,5.000000000000000000e-01,3.993604677146876392e-01
1.406250000000000000e-01,3.281250000000000000e-01,-3.525843349513113623e-02,7.307786136202490401e-02,6.982538550893967536e-03,5.000000000000000000e-01,3.087887673637952357e-01
1.718750000000000000e-01,3.281250000000000000e-01,-4.801063447740801932e-02,7.905921001186097530e-02,6.549452442084462665e-03,5.000000000000000000e-01,2.323015798740407645e-01
2.031250000000000000e-01,3.281250000000000000e-01,-6.131003694612006949e-02,8.215173796544307516e-02,6.177801456049899359e-03,5.000000000000000000e-01,1.680914626570773063e-01
2.343750000000000000e-01,3.281250000000000000e-01,-7.477561303631262424e-02,8.268720705732268694e-02,5.848047328554174633e-03,5.000000000000000000e-01,1.138489493202168301e-01
2.656250000000000000e-01,3.281250000000000000e-01,-8.809263721407697978e-02,8.092512550013655770e-02,5.555917836944004179e-03,5.000000000000000000e-01,6.735970025236137637e-02
2.968750000000000000e-01,3.281250000000000000e-01,-1.009901615718119816e-01,7.705630075695375780e-02,5.309738823023387767e-03,5.000000000000000000e-01,2.688266785275339465e-02
3.281250000000000000e-01,3.281250000000000000e-01,-1.132235710325718570e-01,7.121795708925944546e-02,5.127632696877043074e-03,5.000000000000000000e-01,-8.661456131816347437e-03
3.593750000000000000e-01,3.281250000000000000e-01,-1.245617709037227794e-01,6.351498329493589223e-02,5.034620987256118070e-03,5.000000000000000000e-01,-3.964989815705077802e-02
3.906250000000000000e-01,3.281250000000000000e-01,-1.347783610466339321e-01,5.404329373276561821e-02,5.059575062555506965e-03,5.000000000000000000e-01,-6.582022177517266037e-02
4.218750000000000000e-01,3.281250000000000000e-01,-1.436462569838390380e-01,4.291267963106176753e-02,5.231947466934524713e-03,5.000000000000000000e-01,-8.639417882483341193e-02
4.531250000000000000e-01,3.281250000000000000e-01,-1.509354755436861373e-01,3.026764219437175565e-02,5.578260451272138397e-03,5.000000000000000000e-01,-1.002308494835538744e-01
4.843750000000000000e-01,3.281250000000000000e-01,-1.564140879651836347e-01,1.630539842830181635e-02,6.118411623247488156e-03,5.000000000000000000e-01,-1.059881213976742731e-01
5.156250000000000000e-01,3.281250000000000000e-01,-1.598525757127428337e-01,1.290502774095694674e-03,6.861960105981052341e-03,5.000000000000000000e-01,-1.022821466720945649e-01
5.468750000000000000e-01,3.281250000000000000e-01,-1.610320137591913225e-01,-1.443467128039581382e-02,7.810211045367739142e-03,5.000000000000000000e-01,-8.821206618378674147e-02
5.781250000000000000e-01,3.281250000000000000e-01,-1.597514558747964442e-01,-3.046717524533812393e-02,8.949884989142864802e-03,5.000000000000000000e-01,-6.258661848530566729e-02
6.093750000000000000e-01,3.281250000000000000e-01,-1.558398044568372054e-01,-4.628684561843908474e-02,1.023786053403131016e-02,5.000000000000000000e-01,-2.365425078682303894e-02
6.406250000000000000e-01,3.281250000000000000e-01,-1.491809718598210432e-01,-6.125491528117341794e-02,1.160717050786125998e-02,5.000000000000000000e-01,2.976482644704847580e-02
6.718750000000000000e-01,3.281250000000000000e-01,-1.397473288863000374e-01,-7.462873971551159391e-02,1.296934939784147485e-02,5.000000000000000000e-01,9.794157811127368607e-02
7.031250000000000000e-01,3.281250000000000000e-01,-1.276369719800037605e-01,-8.559316084013621206e-02,1.422036041198510535e-02,5.000000000000000000e-01,1.798953134174445800e-01
7.343750000000000000e-01,3.281250000000000000e-01,-1.131119636124509886e-01,-9.331378173514262575e-02,1.525046682575229712e-02,5.000000000000000000e-01,2.730069566920967361e-01
7.656250000000000000e-01,3.281250000000000000e-01,-9.663189535026497912e-02,-9.701652393374776695e-02,1.595761097090404521e-02,5.000000000000000000e-01,3.726616261563933108e-01
7.968750000000000000e-01,3.281250000000000000e-01,-7.887375338101229594e-02,-9.609417392104763200e-02,1.626273504053811145e-02,5.000000000000000000e-01,4.720572300935186316e-01
8.281250000000000000e-01,3.281250000000000000e-01,-6.072613262121686478e-02,-9.023288236080571900e-02,1.612420725885037320e-02,5.000000000000000000e-01,5.623838838114514349e-01
8.593750000000000000e-01,3.281250000000000000e-01,-4.324547764670087779e-02,-7.953933709534995178e-02,1.554755621862790455e-02,5.000000000000000000e-01,6.336027732138962421e-01
8.906250000000000000e-01,3.281250000000000000e-01,-2.756734394919170550e-02,-6.463520699867850161e-02,1.458673263484516411e-02,5.000000000000000000e-01,6.759432710541470879e-01
9.218750000000000000e-01,3.281250000000000000e-01,-1.477901492551769724e-02,-4.667759159480530662e-02,1.333472393032040203e-02,5.000000000000000000e-01,6.819164881591904814e-01
9.531250000000000000e-01,3.281250000000000000e-01,-5.778747100417607266e-03,-2.727519408699113912e-02,1.190454489549127789e-02,5.000000000000000000e-01,6.481928674065788876e-01
9.843750000000000000e-01,3.281250000000000000e-01,-1.160882624615080811e-03,-8.306492479789337122e-03,1.040523112810538310e-02,5.000000000000000000e-01,6.141493528213406439e-01
1.562500000000000000e-02,3.593750000000000000e-01,-1.327239958152390351e-03,1.525379027502211590e-02,8.864439753562738250e-03,5.000000000000000000e-01,8.064062003921562694e-01
4.687500000000000000e-02,3.593750000000000000e-01,-5.992561701987036624e-03,4.039388712279885080e-02,7.575304630098173009e-03,5.000000000000000000e-01,7.284018630837429953e-01
7.812500000000000000e-02,3.593750000000000000e-01,-1.413411998773460299e-02,6.024198605686030550e-02,6.610730510939573194e-03,5.000000000000000000e-01,5.766895508034171058e-01
1.093750000000000000e-01,3.593750000000000000e-01,-2.476194815698182575e-02,7.518612434299044855e-02,5.877380237532698129e-03,5.000000000000000000e-01,4.428364968990577966e-01
1.406250000000000000e-01,3.593750000000000000e-01,-3.707898125906647357e-02,8.575728529851522897e-02,5.293890722129096851e-03,5.000000000000000000e-01,3.282838111310955043e-01
1.718750000000000000e-01,3.593750000000000000e-01,-5.045721493469460667e-02,9.251022073327566653e-02,4.798817940260023847e-03,5.000000000000000000e-01,2.317777071125745048e-01
2.031250000000000000e-01,3.593750000000000000e-01,-6.440607419255917065e-02,9.594898897060499809e-02,4.352070452347903476e-03,5.000000000000000000e-01,1.506582238212426095e-01
2.343750000000000000e-01,3.593750000000000000e-01,-7.853965222440423277e-02,9.648911017419839475e-02,3.933326834068816627e-03,5.000000000000000000e-01,8.183923698947670466e-02
2.656250000000000000e-01,3.593750000000000000e-01,-9.254675094736017349e-02,9.444734528398113227e-02,3.539320695591183057e-03,5.000000000000000000e-01,2.248185425801452197e-02
2.968750000000000000e-01,3.593750000000000000e-01,-1.061655339659292319e-01,9.005038834941320181e-02,3.180861004088173481e-03,5.000000000000000000e-01,-2.960523512616930475e-02
3.281250000000000000e-01,3.593750000000000000e-01,-1.191631798303037504e-01,8.345492482193439532e-02,2.879879635027455219e-03,5.000000000000000000e-01,-7.578616194449860899e-02
3.593750000000000000e-01,3.593750000000000000e-01,-1.313201624978639903e-01,7.477319810097210473e-02,2.666502518207327158e-03,5.000000000000000000e-01,-1.165792145201367536e-01
3.906250000000000000e-01,3.593750000000000000e-01,-1.424185535679057535e-01,6.410006013968232164e-02,2.576013397899430679e-03,5.000000000000000000e-01,-1.517417072869042816e-01
4.218750000000000000e-01,3.593750000000000000e-01,-1.522338632746293718e-01,5.153911886807376053e-02,2.645554147076938784e-03,5.000000000000000000e-01,-1.804109065160354186e-01
4.531250000000000000e-01,3.593750000000000000e-01,-1.605302456590753934e-01,3.722680390165290093e-02,2.910446786123794226e-03,5.000000000000000000e-01,-2.012675398286224437e-01
4.843750000000000000e-01,3.593750000000000000e-01,-1.670592507140810368e-01,2.135385419752381525e-02,3.400108771716162971e-03,5.000000000000000000e-01,-2.127029445746784209e-01
5.156250000000000000e-01,3.593750000000000000e-01,-1.715626254533882400e-01,4.183909491740099573e-03,4.133644950448650893e-03,5.000000000000000000e-01,-2.129832346780038410e-01
5.468750000000000000e-01,3.593750000000000000e-01,-1.737799416437438016e-01,-1.393132376123616331e-02,5.122053658677860194e-03,5.000000000000000000e-01,-2.009295654203943071e-01
5.781250000000000000e-01,3.593750000000000000e-01,-1.734574263800609251e-01,-3.257359591257552589e-02,6.369325766264515715e-03,5.000000000000000000e-01,-1.750127614721517233e-01
6.093750000000000000e-01,3.593750000000000000e-01,-1.703582607974072627e-01,-5.119124195181460474e-02,7.837390219235379485e-03,5.000000000000000000e-01,-1.327853067246147489e-01
6.406250000000000000e-01,3.593750000000000000e-01,-1.642868778873225188e-01,-6.908073445489881781e-02,9.457928519388963257e-03,5.000000000000000000e-01,-7.218763780716652700e-02
6.718750000000000000e-01,3.593750000000000000e-01,-1.551279014374215559e-01,-8.539553996520815593e-02,1.113280776461584090e-02,5.000000000000000000e-01,7.893416330810865134e-03
7.031250000000000000e-01,3.593750000000000000e-01,-1.428919052371855347e-01,-9.917271369697194805e-02,1.273887470468725198e-02,5.000000000000000000e-01,1.071852910536970072e-01
7.343750000000000000e-01,3.593750000000000000e-01,-1.277661495724826957e-01,-1.093849929105625285e-01,1.413804459586113713e-02,5.000000000000000000e-01,2.234826993922602867e-01
7.656250000000000000e-01,3.593750000000000000e-01,-1.101650063571216198e-01,-1.150265242358749218e-01,1.519288102060975185e-02,5.000000000000000000e-01,3.520614494864653388e-01
7.968750000000000000e-01,3.593750000000000000e-01,-9.076987000002245676e-02,-1.152374519452723373e-01,1.578645613989437466e-02,5.000000000000000000e-01,4.852120962494501644e-01
8.281250000000000000e-01,3.593750000000000000e-01,-7.054292855436164467e-02,-1.094641665420372639e-01,1.584334666613167186e-02,5.000000000000000000e-01,6.121757132301385296e-01
8.593750000000000000e-01,3.593750000000000000e-01,-5.069570441898518798e-02,-9.763593202401085747e-02,1.534665072231684510e-02,5.000000000000000000e-01,7.198686546125927510e-01
8.906250000000000000e-01,3.593750000000000000e-01,-3.259649365285949285e-02,-8.031595653365246334e-02,1.434489084661840462e-02,5.000000000000000000e-01,7.947302001992258003e-01
9.218750000000000000e-01,3.593750000000000000e-01,-1.761629326665989023e-02,-5.876537146970495923e-02,1.294389127668689986e-02,5.000000000000000000e-01,8.256216732931555002e-01
9.531250000000000000e-01,3.593750000000000000e-01,-6.940961170078633301e-03,-3.486301413377283082e-02,1.128297409537177068e-02,5.000000000000000000e-01,8.069293673973143566e-01
9.843750000000000000e-01,3.593750000000000000e-01,-1.405061487242195359e-03,-1.087243659164661286e-02,9.501029741660511896e-03,5.000000000000000000e-01,7.763096387839186763e-01
1.562500000000000000e-02,3.906250000000000000e-01,-1.378217310207592193e-03,1.795924754338210083e-02,6.966215883566227556e-03,5.000000000000000000e-01,9.369422353120960834e-01
4.687500000000000000e-02,3.906250000000000000e-01,-6.221520311326245514e-03,4.719705459939216308e-02,5.626794224060908782e-03,5.000000000000000000e-01,8.391462171475451148e-01
7.812500000000000000e-02,3.906250000000000000e-01,-1.466973563799978814e-02,7.002859219268810220e-02,4.619216914673492970e-03,5.000000000000000000e-01,6.518129308899514029e-01
1.093750000000000000e-01,3.906250000000000000e-01,-2.569012707410658902e-02,8.704773781251667897e-02,3.841316553613336598e-03,5.000000000000000000e-01,4.878034057736379547e-01
1.406250000000000000e-01,3.906250000000000000e-01,-3.845207530053938727e-02,9.897465315750644810e-02,3.204338966588751898e-03,5.000000000000000000e-01,3.480989932120691632e-01
1.718750000000000000e-01,3.906250000000000000e-01,-5.230503749985415674e-02,1.065240487492273569e-01,2.641799187591380160e-03,5.000000000000000000e-01,2.306170843751987887e-01
2.031250000000000000e-01,3.906250000000000000e-01,-6.674728649402500436e-02,1.103262692066887263e-01,2.110915351153192995e-03,5.000000000000000000e-01,1.317672460266814394e-01
2.343750000000000000e-01,3.906250000000000000e-01,-8.139220903477878410e-02,1.108903305107134946e-01,1.590677275379611885e-03,5.000000000000000000e-01,4.759829578062291233e-02
2.656250000000000000e-01,3.906250000000000000e-01,-9.593647492998808035e-02,1.085974895656312833e-01,1.078770082370684655e-03,5.000000000000000000e-01,-2.544330264205396652e-02
2.968750000000000000e-01,3.906250000000000000e-01,-1.101322548384731370e-01,1.037148069948171658e-01,5.883753768069002743e-04,5.000000000000000000e-01,-9.008525170706938034e-02
3.281250000000000000e-01,3.906250000000000000e-01,-1.237641261594817910e-01,9.642002336191364542e-02,1.451737720260092707e-04,5.000000000000000000e-01,-1.480544806166017580e-01
3.593750000000000000e-01,3.906250000000000000e-01,-1.366304346784663060e-01,8.683139074753762343e-02,-2.154955641301085217e-04,5.000000000000000000e-01,-2.000758577951284867e-01
3.906250000000000000e-01,3.906250000000000000e-01,-1.485285835741007587e-01,7.503840745879297724e-02,-4.515284263966450745e-04,5.000000000000000000e-01,-2.459741778978885574e-01
4.218750000000000000e-01,3.906250000000000000e-01,-1.592438315646162450e-01,6.113132924620219566e-02,-5.172560168306798711e-04,5.000000000000000000e-01,-2.848256633113803726e-01
4.531250000000000000e-01,3.906250000000000000e-01,-1.685415189749471798e-01,4.522866331830142916e-02,-3.671721606458427933e-04,5.000000000000000000e-01,-3.151246657073203394e-01
4.843750000000000000e-01,3.906250000000000000e-01,-1.761630483391790347e-01,2.750252920011279564e-02,3.968405310400893726e-05,5.000000000000000000e-01,-3.349495187790160200e-01
5.156250000000000000e-01,3.906250000000000000e-01,-1.818263015041275688e-01,8.201862393406885929e-03,7.347005429049358743e-04,5.000000000000000000e-01,-3.421255576684676392e-01
5.468750000000000000e-01,3.906250000000000000e-01,-1.852314213247323038e-01,-1.232684065194266168e-02,1.738415477170896645e-03,5.000000000000000000e-01,-3.349874562996261185e-01
5.781250000000000000e-01,3.906250000000000000e-01,-1.860730764733654063e-01,-3.365893913691882233e-02,3.081792778837894216e-03,5.000000000000000000e-01,-3.116186371157818602e-01
6.093750000000000000e-01,3.906250000000000000e-01,-1.840478613288720755e-01,-5.523027945461831539e-02,4.737125692618230147e-03,5.000000000000000000e-01,-2.688430595860802352e-01
6.406250000000000000e-01,3.906250000000000000e-01,-1.788735425102666865e-01,-7.628739868078524000e-02,6.639019185834503511e-03,5.000000000000000000e-01,-2.034324786717395250e-01
6.718750000000000000e-01,3.906250000000000000e-01,-1.703326466490488467e-01,-9.588874805044055039e-02,8.682405235521762493e-03,5.000000000000000000e-01,-1.130894920289522432e-01
7.031250000000000000e-01,3.906250000000000000e-01,-1.583255056162141960e-01,-1.129226428448102115e-01,1.072521838107084145e-02,5.000000000000000000e-01,3.033005967187696328e-03
7.343750000000000000e-01,3.906250000000000000e-01,-1.429334428633702303e-01,-1.261528821802710976e-01,1.259767208929671659e-02,5.000000000000000000e-01,1.436144728417318994e-01
7.656250000000000000e-01,3.906250000000000000e-01,-1.244881949778788716e-01,-1.343050260670188012e-01,1.411938298121556690e-02,5.000000000000000000e-01,3.042988009964098239e-01
7.968750000000000000e-01,3.906250000000000000e-01,-1.036371517027652733e-01,-1.362051297463412469e-01,1.512397279052890564e-02,5.000000000000000000e-01,4.768362869512801083e-01
8.281250000000000000e-01,3.906250000000000000e-01,-8.138559477683904309e-02,-1.309749871125553966e-01,1.548812653932502351e-02,5.000000000000000000e-01,6.485849697326231400e-01
8.593750000000000000e-01,3.906250000000000000e-01,-5.908905855160312415e-02,-1.182688718141050865e-01,1.515875647125024955e-02,5.000000000000000000e-01,8.029535265021852108e-01
8.906250000000000000e-01,3.906250000000000000e-01,-3.836742090733741978e-02,-9.850386515394961295e-02,1.416914611331744622e-02,5.000000000000000000e-01,9.214666718042043847e-01
9.218750000000000000e-01,3.906250000000000000e-01,-2.092742710646028348e-02,-7.299765703648455895e-02,1.263491936961092833e-02,5.000000000000000000e-01,9.877285294555342432e-01
9.531250000000000000e-01,3.906250000000000000e-01,-8.318897684691411651e-03,-4.391459008534336073e-02,1.072563918092651544e-02,5.000000000000000000e-01,9.923645331965299521e-01
9.843750000000000000e-01,3.906250000000000000e-01,-1.699079964357559994e-03,-1.397657804324636821e-02,8.617614881063521623e-03,5.000000000000000000e-01,9.683578472748057830e-01
1.562500000000000000e-02,4.218750000000000000e-01,-1.410515553138267817e-03,2.074798040672795954e-02,4.625176259159266036e-03,5.000000000000000000e-01,1.071561859311467968e+00
4.687500000000000000e-02,4.218750000000000000e-01,-6.369855624402604062e-03,5.421096480842929610e-02,3.250544732716964536e-03,5.000000000000000000e-01,9.533765108477604278e-01
7.812500000000000000e-02,4.218750000000000000e-01,-1.502174495523204631e-02,8.011478664115395665e-02,2.208265200014323734e-03,5.000000000000000000e-01,7.292687918393254698e-01
1.093750000000000000e-01,4.218750000000000000e-01,-2.630360005301585202e-02,9.926378989794143459e-02,1.388989205589741607e-03,5.000000000000000000e-01,5.340705897694587589e-01
1.406250000000000000e-01,4.218750000000000000e-01,-3.935885739811011835e-02,1.125758066436087779e-01,6.976457979324512254e-04,5.000000000000000000e-01,3.683207079467547551e-01
1.718750000000000000e-01,4.218750000000000000e-01,-5.351916665896225278e-02,1.209361667232919102e-01,6.323436947093703797e-05,5.000000000000000000e-01,2.290860906158144195e-01
2.031250000000000000e-01,4.218750000000000000e-01,-6.827524530774062295e-02,1.251124788755733908e-01,-5.596310561798295558e-04,5.000000000000000000e-01,1.117943370422995741e-01
2.343750000000000000e-01,4.218750000000000000e-01,-8.324332535175060777e-02,1.257171234265926085e-01,-1.192870513392259649e-03,5.000000000000000000e-01,1.155960047498072463e-02
2.656250000000000000e-01,4.218750000000000000e-01,-9.813206804812812933e-02,1.232037052413389872e-01,-1.838246642704479891e-03,5.000000000000000000e-01,-7.596457634422715266e-02
2.968750000000000000e-01,4.218750000000000000e-01,-1.127126719379550335e-01,1.178849751174214228e-01,-2.480657884132939431e-03,5.000000000000000000e-01,-1.541227749666673752e-01
3.281250000000000000e-01,4.218750000000000000e-01,-1.267931910390456829e-01,1.099622456614086918e-01,-3.091054840819465466e-03,5.000000000000000000e-01,-2.250825981314903412e-01
3.593750000000000000e-01,4.218750000000000000e-01,-1.401970372887891281e-01,9.955932321677055108e-02,-3.629059007687054569e-03,5.000000000000000000e-01,-2.898460103798545795e-01
3.906250000000000000e-01,4.218750000000000000e-01,-1.527452289506231464e-01,8.675681554702849296e-02,-4.045571044110903708e-03,5.000000000000000000e-01,-3.483627599376388773e-01
4.218750000000000000e-01,4.218750000000000000e-01,-1.642420034581596466e-01,7.162494365601865254e-02,-4.285724391948141782e-03,5.000000000000000000e-01,-3.996855253377913364e-01
4.531250000000000000e-01,4.218750000000000000e-01,-1.744637540984572688e-01,5.425448695911355701e-02,-4.292521303868474317e-03,5.000000000000000000e-01,-4.421320410327751471e-01
4.843750000000000000e-01,4.218750000000000000e-01,-1.831517067152870770e-01,3.478618754036232052e-02,-4.011399298677897213e-03,5.000000000000000000e-01,-4.734424247918809225e-01
5.156250000000000000e-01,4.218750000000000000e-01,-1.900091479511644699e-01,1.343889845398333824e-02,-3.395794939292295575e-03,5.000000000000000000e-01,-4.909374370118709807e-01
5.468750000000000000e-01,4.218750000000000000e-01,-1.947040271553428792e-01,-9.463877687735980024e-03,-2.413398965436724247e-03,5.000000000000000000e-01,-4.921603243505670022e-01
5.781250000000000000e-01,4.218750000000000000e-01,-1.968847003630002090e-01,-3.349957374483507333e-02,-1.001985139319988213e-03,5.000000000000000000e-01,-4.747743142896977409e-01
6.093750000000000000e-01,4.218750000000000000e-01,-1.961840291171436657e-01,-5.811553123705194557e-02,8.326749320553359507e-04,5.000000000000000000e-01,-4.349654771222344340e-01
6.406250000000000000e-01,4.218750000000000000e-01,-1.922308165661610335e-01,-8.252967826793966566e-02,3.033945192989694235e-03,5.000000000000000000e-01,-3.680434883821364078e-01
6.718750000000000000e-01,4.218750000000000000e-01,-1.846950523496370122e-01,-1.057231285410280275e-01,5.494699950458005293e-03,5.000000000000000000e-01,-2.701707262447770042e-01
7.031250000000000000e-01,4.218750000000000000e-01,-1.733456022399653129e-01,-1.264448534967290705e-01,8.056469993479578248e-03,5.000000000000000000e-01,-1.389111857548939177e-01
7.343750000000000000e-01,4.218750000000000000e-01,-1.581244373472995290e-01,-1.432438991738619327e-01,1.051629421567024623e-02,5.000000000000000000e-01,2.589504400066466872e-02
7.656250000000000000e-01,4.218750000000000000e-01,-1.392359289854673832e-01,-1.545477653207514845e-01,1.264399158703333886e-02,5.000000000000000000e-01,2.209476745227341166e-01
7.968750000000000000e-01,4.218750000000000000e-01,-1.172420989800140589e-01,-1.588072637731754722e-01,1.421096658251561583e-02,5.000000000000000000e-01,4.381202949597020613e-01
8.281250000000000000e-01,4.218750000000000000e-01,-9.314323123041443053e-02,-1.547232777612470578e-01,1.502842042212767897e-02,5.000000000000000000e-01,6.632911692194789488e-01
8.593750000000000000e-01,4.218750000000000000e-01,-6.840917786676598000e-02,-1.415511707542977948e-01,1.498789914811464105e-02,5.000000000000000000e-01,8.761536411763712895e-01
8.906250000000000000e-01,4.218750000000000000e-01,-4.491694586300173930e-02,-1.194354358617868428e-01,1.409168660076514160e-02,5.000000000000000000e-01,1.052174701902684362e+00
9.218750000000000000e-01,4.218750000000000000e-01,-2.476005128902452473e-02,-8.966297470350167997e-02,1.245780461922180518e-02,5.000000000000000000e-01,1.167663252880956293e+00
9.531250000000000000e-01,4.218750000000000000e-01,-9.942665501623565438e-03,-5.467518762749607603e-02,1.028885333576273417e-02,5.000000000000000000e-01,1.207302798726028747e+00
9.843750000000000000e-01,4.218750000000000000e-01,-2.051402857723572202e-03,-1.772706086532749997e-02,7.807933861603512903e-03,5.000000000000000000e-01,1.194684155861583275e+00
1.562500000000000000e-02,4.531250000000000000e-01,-1.424864713771663597e-03,2.358336067363789312e-02,1.833292812247339088e-03,5.000000000000000000e-01,1.208769648323649193e+00
4.687500000000000000e-02,4.531250000000000000e-01,-6.440746004885273407e-03,6.135080590389731248e-02,4.376187117429413548e-04,5.000000000000000000e-01,1.069976022917906056e+00
7.812500000000000000e-02,4.531250000000000000e-01,-1.519621003844549498e-02,9.038229891007561190e-02,-6.313054559480280048e-04,5.000000000000000000e-01,8.085076874183212414e-01
1.093750000000000000e-01,4.531250000000000000e-01,-2.660851893224294024e-02,1.116904416206010303e-01,-1.488013843066722172e-03,5.000000000000000000e-01,5.814870028768074350e-01
1.406250000000000000e-01,4.531250000000000000e-01,-3.979974272186108386e-02,1.263956360556615643e-01,-2.232792032050070000e-03,5.000000000000000000e-01,3.890751960445313351e-01
1.718750000000000000e-01,4.531250000000000000e-01,-5.408624593137794506e-02,1.355631497816081055e-01,-2.940845910268047661e-03,5.000000000000000000e-01,2.275061360513626063e-01
2.031250000000000000e-01,4.531250000000000000e-01,-6.895347585586802941e-02,1.401088043905256431e-01,-3.660438725940993315e-03,5.000000000000000000e-01,9.120304342749374626e-02
2.343750000000000000e-01,4.531250000000000000e-01,-8.402345769869948300e-02,1.407588597984817946e-01,-4.415042980005256731e-03,5.000000000000000000e-01,-2.570317077586237176e-02
2.656250000000000000e-01,4.531250000000000000e-01,-9.902083721764506907e-02,1.380480910847729226e-01,-5.206697040010879740e-03,5.000000000000000000e-01,-1.284156640397049465e-01
2.968750000000000000e-01,4.531250000000000000e-01,-1.137410409829867214e-01,1.323413969291560577e-01,-6.019238970413644946e-03,5.000000000000000000e-01,-2.209678578914138214e-01
3.281250000000000000e-01,4.531250000000000000e-01,-1.280221156769145163e-01,1.238674176446925151e-01,-6.821005514593976582e-03,5.000000000000000000e-01,-3.060435379567580938e-01
3.593750000000000000e-01,4.531250000000000000e-01,-1.417204891441055936e-01,1.127563709504212364e-01,-7.567095691804779506e-03,5.000000000000000000e-01,-3.849966786238898653e-01
3.906250000000000000e-01,4.531250000000000000e-01,-1.546902906387502274e-01,9.907776096985643211e-02,-8.201552205977676729e-03,5.000000000000000000e-01,-4.579712468236838419e-01
4.218750000000000000e-01,4.531250000000000000e-01,-1.667658148189192224e-01,8.287629692089620859e-02,-8.659914772372070274e-03,5.000000000000000000e-01,-5.240531232665808226e-01
4.531250000000000000e-01,4.531250000000000000e-01,-1.777470225260550651e-01,6.420609204166946582e-02,-8.872611152767845982e-03,5.000000000000000000e-01,-5.814183920739346423e-01
4.843750000000000000e-01,4.531250000000000000e-01,-1.873884852948166924e-01,4.316399784339784718e-02,-8.769600833815168611e-03,5.000000000000000000e-01,-6.274703817606439582e-01
5.156250000000000000e-01,4.531250000000000000e-01,-1.953927769189839347e-01,1.992282101099250580e-02,-8.286567830737189000e-03,5.000000000000000000e-01,-6.589798735854826006e-01
5.468750000000000000e-01,4.531250000000000000e-01,-2.014098732516402812e-01,-5.235824707910410880e-03,-7.372753048322959468e-03,5.000000000000000000e-01,-6.724834366667742369e-01
5.781250000000000000e-01,4.531250000000000000e-01,-2.050513353795752614e-01,-3.190549138906831339e-02,-5.940188903664458259e-03,5.000000000000000000e-01,-6.651592620480435425e-01
6.093750000000000000e-01,4.531250000000000000e-01,-2.058926235318370157e-01,-5.956899668641352230e-02,-3.952980557101960085e-03,5.000000000000000000e-01,-6.326059361020994753e-01
6.406250000000000000e-01,4.531250000000000000e-01,-2.034784217903592429e-01,-8.744362711103846608e-02,-1.451848570358430998e-03,5.000000000000000000e-01,-5.684847922876903326e-01
6.718750000000000000e-01,4.531250000000000000e-01,-1.973621514875396887e-01,-1.144612142172728164e-01,1.461413840310054127e-03,5.000000000000000000e-01,-4.670967354548831718e-01
7.031250000000000000e-01,4.531250000000000000e-01,-1.871643271393672314e-01,-1.392540422783284104e-01,4.617566985088334720e-03,5.000000000000000000e-01,-3.239216014734975779e-01
7.343750000000000000e-01,4.531250000000000000e-01,-1.726547949374341862e-01,-1.601654074868613664e-01,7.782124271304573931e-03,5.000000000000000000e-01,-1.366157273963266583e-01
7.656250000000000000e-01,4.531250000000000000e-01,-1.538607892348632933e-01,-1.753087710721551173e-01,1.067045985419906931e-02,5.000000000000000000e-01,9.348606290414451792e-02
7.968750000000000000e-01,4.531250000000000000e-01,-1.311951825782422254e-01,-1.827056946838462315e-01,1.297914140705155005e-02,5.000000000000000000e-01,3.594057204820355622e-01
8.281250000000000000e-01,4.531250000000000000e-01,-1.055851998341788001e-01,-1.805336973442393522e-01,1.443341244713584881e-02,5.000000000000000000e-01,6.464263033176429474e-01
8.593750000000000000e-01,4.531250000000000000e-01,-7.856081922566611475e-02,-1.674991851434666223e-01,1.484422025317683191e-02,5.000000000000000000e-01,9.307941408386497528e-01
8.906250000000000000e-01,4.531250000000000000e-01,-5.224014372545907059e-02,-1.433003289765893140e-01,1.415921690836164509e-02,5.000000000000000000e-01,1.180976445077331682e+00
9.218750000000000000e-01,4.531250000000000000e-01,-2.914613217722928501e-02,-1.090489877109061950e-01,1.248457118574347081e-02,5.000000000000000000e-01,1.363574762610411106e+00
9.531250000000000000e-01,4.531250000000000000e-01,-1.183940876689401969e-02,-6.741328381782778212e-02,1.005583037165520312e-02,5.000000000000000000e-01,1.454229399809318757e+00
9.843750000000000000e-01,4.531250000000000000e-01,-2.470586181369368618e-03,-2.224904990442044123e-02,7.153877891002169073e-03,5.000000000000000000e-01,1.459877297125305562e+00
1.562500000000000000e-02,4.843750000000000000e-01,-1.423728112847498029e-03,2.643195350025705215e-02,-1.408342657298465583e-03,5.000000000000000000e-01,1.347212241744687677e+00
4.687500000000000000e-02,4.843750000000000000e-01,-6.444418820334018964e-03,6.853878507587829461e-02,-2.813004979944890016e-03,5.000000000000000000e-01,1.187956546562163762e+00
7.812500000000000000e-02,4.843750000000000000e-01,-1.521383970217340259e-02,1.007192046534942376e-01,-3.900904632740363753e-03,5.000000000000000000e-01,8.890475154606768404e-01
1.093750000000000000e-01,4.843750000000000000e-01,-2.663320058723036426e-02,1.241852056560368012e-01,-4.789472449145799893e-03,5.000000000000000000e-01,6.299251968719057349e-01
1.406250000000000000e-01,4.843750000000000000e-01,-3.980334898988625164e-02,1.402622442124998314e-01,-5.583231690550999327e-03,5.000000000000000000e-01,4.104939327520575887e-01
1.718750000000000000e-01,4.843750000000000000e-01,-5.402513182730833696e-02,1.502048276717087849e-01,-6.361703234935664475e-03,5.000000000000000000e-01,2.262108054608660268e-01
2.031250000000000000e-01,4.843750000000000000e-01,-6.877972550508529292e-02,1.550889501026919970e-01,-7.176862469320425403e-03,5.000000000000000000e-01,7.049963670353043277e-02
2.343750000000000000e-01,4.843750000000000000e-01,-8.369759048401193002e-02,1.557665609080735036e-01,-8.054960944438086662e-03,5.000000000000000000e-01,-6.351959824340180916e-02
2.656250000000000000e-01,4.843750000000000000e-01,-9.852355191497230713e-02,1.528637309250871490e-01,-8.999678586226082105e-03,5.000000000000000000e-01,-1.819539763458530857e-01
2.968750000000000000e-01,4.843750000000000000e-01,-1.130828542598220771e-01,1.468052631990332535e-01,-9.995120754031139310e-03,5.000000000000000000e-01,-2.895855965469709137e-01
3.281250000000000000e-01,4.843750000000000000e-01,-1.272504958954831233e-01,1.378522677044041744e-01,-1.100817044558519836e-02,5.000000000000000000e-01,-3.896836515330788231e-01
3.593750000000000000e-01,4.843750000000000000e-01,-1.409244015496320945e-01,1.261438000120496672e-01,-1.199028571730129805e-02,5.000000000000000000e-01,-4.840306157753955230e-01
3.906250000000000000e-01,4.843750000000000000e-01,-1.540021000536679341e-01,1.117378319069084885e-01,-1.287913582739297347e-02,5.000000000000000000e-01,-5.730455651862236266e-01
4.218750000000000000e-01,4.843750000000000000e-01,-1.663603521821853115e-01,9.465000229253051067e-02,-1.360060932697706657e-02,5.000000000000000000e-01,-6.559277075302418769e-01
4.531250000000000000e-01,4.843750000000000000e-01,-1.778374036713347150e-01,7.489064586632040998e-02,-1.407177981218640100e-02,5.000000000000000000e-01,-7.307815546432671061e-01
4.843750000000000000e-01,4.843750000000000000e-01,-1.882180788859237897e-01,5.250158200209762566e-02,-1.420542036599616725e-02,5.000000000000000000e-01,-7.947179181193662068e-01
5.156250000000000000e-01,4.843750000000000000e-01,-1.972227284033800654e-01,2.759417799391625237e-02,-1.391662526108173800e-02,5.000000000000000000e-01,-8.439511667012536966e-01
5.468750000000000000e-01,4.843750000000000000e-01,-2.045021247637303086e-01,3.893110021724200537e-04,-1.313201661516331595e-02,5.000000000000000000e-01,-8.739925788531031081e-01
5.781250000000000000e-01,4.843750000000000000e-01,-2.096454184635005991e-01,-2.874587127144584073e-02,-1.174146073137341192e-02,5.000000000000000000e-01,-8.813578915756876686e-01
6.093750000000000000e-01,4.843750000000000000e-01,-2.121842938327326011e-01,-5.934845328254229058e-02,-9.648861126569138746e-03,5.000000000000000000e-01,-8.610007154253316308e-01
6.406250000000000000e-01,4.843750000000000000e-01,-2.115927345790396819e-01,-9.066993151008037599e-02,-6.869410849181543932e-03,5.000000000000000000e-01,-8.049788262880301914e-01
6.718750000000000000e-01,4.843750000000000000e-01,-2.073119215509967583e-01,-1.216319931490933981e-01,-3.489241416016496122e-03,5.000000000000000000e-01,-7.054803240078726390e-01
7.031250000000000000e-01,4.843750000000000000e-01,-1.988046954174602643e-01,-1.507883138282168356e-01,3.210916761298091698e-04,5.000000000000000000e-01,-5.554221064271001040e-01
7.343750000000000000e-01,4.843750000000000000e-01,-1.856406831788558198e-01,-1.763046803775104310e-01,4.301634535570686250e-03,5.000000000000000000e-01,-3.495063040438961544e-01
7.656250000000000000e-01,4.843750000000000000e-01,-1.676190951139612806e-01,-1.959850919489715126e-01,8.112745791830289904e-03,5.000000000000000000e-01,-8.598981344231004798e-02
7.968750000000000000e-01,4.843750000000000000e-01,-1.449298827822255165e-01,-2.073841927953866682e-01,1.136578174433110038e-02,5.000000000000000000e-01,2.307202939414363385e-01
8.281250000000000000e-01,4.843750000000000000e-01,-1.183383656473875056e-01,-2.080566991116003517e-01,1.367825950447258687e-02,5.000000000000000000e-01,5.868151407688064758e-01
8.593750000000000000e-01,4.843750000000000000e-01,-8.935044330153155134e-02,-1.959884863304742764e-01,1.474941052786800204e-02,5.000000000000000000e-01,9.561085086358069862e-01
8.906250000000000000e-01,4.843750000000000000e-01,-6.027777624777454213e-02,-1.702043703435457411e-01,1.443895988265652894e-02,5.000000000000000000e-01,1.299672712663419993e+00
9.218750000000000000e-01,4.843750000000000000e-01,-3.409642879341369393e-02,-1.314203053465404225e-01,1.281690246902161129e-02,5.000000000000000000e-01,1.571819513045360273e+00
9.531250000000000000e-01,4.843750000000000000e-01,-1.403206518322022353e-02,-8.241305320272229729e-02,1.014585914880656442e-02,5.000000000000000000e-01,1.734939073406674526e+00
9.843750000000000000e-01,4.843750000000000000e-01,-2.965266101240491940e-03,-2.768490218703030178e-02,6.776221190613259358e-03,5.000000000000000000e-01,1.768477306426221141e+00
1.562500000000000000e-02,5.156250000000000000e-01,-1.411966671572152448e-03,2.926764828467670262e-02,-5.090426169059126399e-03,5.000000000000000000e-01,1.485821279242882209e+00
4.687500000000000000e-02,5.156250000000000000e-01,-6.400779011783321384e-03,7.571259333915632272e-02,-6.495761117473873580e-03,5.000000000000000000e-01,1.306557250558683103e+00
7.812500000000000000e-02,5.156250000000000000e-01,-1.511525917457928921e-02,1.110292974348515427e-01,-7.595459020904637981e-03,5.000000000000000000e-01,9.704913286896450497e-01
1.093750000000000000e-01,5.156250000000000000e-01,-2.643580417773145827e-02,1.366150187628886181e-01,-8.507363973255709089e-03,5.000000000000000000e-01,6.792473041042053072e-01
1.406250000000000000e-01,5.156250000000000000e-01,-3.943599150319269941e-02,1.540027668337651257e-01,-9.339654011520058530e-03,5.000000000000000000e-01,4.326504593883645500e-01
1.718750000000000000e-01,5.156250000000000000e-01,-5.339771538248990618e-02,1.646478117671627550e-01,-1.017703869738375427e-02,5.000000000000000000e-01,2.254674308076316525e-01
2.031250000000000000e-01,5.156250000000000000e-01,-6.779796991347396273e-02,1.698008142159990186e-01,-1.107692339061891809e-02,5.000000000000000000e-01,5.014623273182694518e-02
2.343750000000000000e-01,5.156250000000000000e-01,-8.227870198609171792e-02,1.704532938463108604e-01,-1.207038705545081247e-02,5.000000000000000000e-01,-1.012153932117796362e-01
2.656250000000000000e-01,5.156250000000000000e-01,-9.661001140506950136e-02,1.673342688367879527e-01,-1.316479016044162439e-02,5.000000000000000000e-01,-2.356589456630868717e-01
2.968750000000000000e-01,5.156250000000000000e-01,-1.106534044194840138e-01,1.609374206465967183e-01,-1.434634532795755688e-02,5.000000000000000000e-01,-3.587593496094558798e-01
3.281250000000000000e-01,5.156250000000000000e-01,-1.243283506430806762e-01,1.515626981160984044e-01,-1.558202876536219153e-02,5.000000000000000000e-01,-4.744287756619884888e-01
3.593750000000000000e-01,5.156250000000000000e-01,-1.375830114556390593e-01,1.393619360670628193e-01,-1.682085854791977308e-02,5.000000000000000000e-01,-5.849507559233098064e-01
3.906250000000000000e-01,5.156250000000000000e-01,-1.503687405341304073e-01,1.243831234344225101e-01,-1.799492754796218688e-02,5.000000000000000000e-01,-6.911083051744510986e-01
4.218750000000000000e-01,5.156250000000000000e-01,-1.626175191388671837e-01,1.066117414982706429e-01,-1.902076517233880493e-02,5.000000000000000000e-01,-7.923184482412319873e-01
4.531250000000000000e-01,5.156250000000000000e-01,-1.742215956512837560e-01,8.601003466214623971e-02,-1.980170045349440716e-02,5.000000000000000000e-01,-8.867295520460751757e-01
4.843750000000000000e-01,5.156250000000000000e-01,-1.850150832847604621e-01,6.255635605433754187e-02,-2.023196207154364865e-02,5.000000000000000000e-01,-9.712738787743837587e-01
5.156250000000000000e-01,5.156250000000000000e-01,-1.947581000000807860e-01,3.628707017445294281e-02,-2.020330304224582027e-02,5.000000000000000000e-01,-1.041696028429007548e+00
5.468750000000000000e-01,5.156250000000000000e-01,-2.031253863386834335e-01,7.343101520588625475e-03,-1.961503840452676409e-02,5.000000000000000000e-01,-1.092599381199383934e+00
5.781250000000000000e-01,5.156250000000000000e-01,-2.097042314408094910e-01,-2.397752298796567566e-02,-1.834406086149709472e-02,5.000000000000000000e-01,-1.119523965928698628e+00
6.093750000000000000e-01,5.156250000000000000e-01,-2.140041390563883206e-01,-5.727801858121162742e-02,-1.621315101627444563e-02,5.000000000000000000e-01,-1.116709404827562313e+00
6.406250000000000000e-01,5.156250000000000000e-01,-2.154507850139084635e-01,-9.188527950758379470e-02,-1.320137662750659260e-02,5.000000000000000000e-01,-1.074920988448030634e+00
6.718750000000000000e-01,5.156250000000000000e-01,-2.133880135551841084e-01,-1.267602296383572025e-01,-9.366411831042024960e-03,5.000000000000000000e-01,-9.840870318425873897e-01
7.031250000000000000e-01,5.156250000000000000e-01,-2.071231327160905078e-01,-1.604321843115831259e-01,-4.866738982013722736e-03,5.000000000000000000e-01,-8.341552704356551828e-01
7.343750000000000000e-01,5.156250000000000000e-01,-1.960074290554453535e-01,-1.909405257933937117e-01,2.365205299851950993e-05,5.000000000000000000e-01,-6.161050406101922228e-01
7.656250000000000000e-01,5.156250000000000000e-01,-1.795659383125951525e-01,-2.158123253408329445e-01,4.915585584481226532e-03,5.000000000000000000e-01,-3.238602164605128841e-01
7.968750000000000000e-01,5.156250000000000000e-01,-1.576868081122108356e-01,-2.321253019356453451e-01,9.329851194660140554e-03,5.000000000000000000e-01,4.255151686693814383e-02
8.281250000000000000e-01,5.156250000000000000e-01,-1.308654396673168130e-01,-2.367284755510737360e-01,1.275596263785433275e-02,5.000000000000000000e-01,4.724543222716537372e-01
8.593750000000000000e-01,5.156250000000000000e-01,-1.004652722473494408e-01,-2.267047996568241908e-01,1.474591849984030131e-02,5.000000000000000000e-01,9.392846570622261915e-01
8.906250000000000000e-01,5.156250000000000000e-01,-6.890150728298896632e-02,-2.001244890353133243e-01,1.502747838522262500e-02,5.000000000000000000e-01,1.397355273985866342e+00
9.218750000000000000e-01,5.156250000000000000e-01,-3.959353460174085820e-02,-1.569895067903817887e-01,1.359635935702255445e-02,5.000000000000000000e-01,1.786362193473523652e+00
9.531250000000000000e-01,5.156250000000000000e-01,-1.653769769530105682e-02,-9.996405227551419248e-02,1.072626029865273410e-02,5.000000000000000000e-01,2.050059620870571475e+00
9.843750000000000000e-01,5.156250000000000000e-01,-3.544115801624204542e-03,-3.419428408989499957e-02,6.847512536750524278e-03,5.000000000000000000e-01,2.124641970398216451e+00
1.562500000000000000e-02,5.468750000000000000e-01,-1.397667956568409559e-03,3.207728291281726485e-02,-9.197742143872301296e-03,5.000000000000000000e-01,1.624002280562750755e+00
4.687500000000000000e-02,5.468750000000000000e-01,-6.342597830076881528e-03,8.283670092473539859e-02,-1.060129564559561879e-02,5.000000000000000000e-01,1.425372317787303222e+00
7.812500000000000000e-02,5.468750000000000000e-01,-1.496712232154392280e-02,1.212441945035354907e-01,-1.170608155933913416e-02,5.000000000000000000e-01,1.052539649080293405e+00
1.093750000000000000e-01,5.468750000000000000e-01,-2.611268769482961299e-02,1.488662320706425346e-01,-1.262787748994742554e-02,5.000000000000000000e-01,7.292432137109952084e-01
1.406250000000000000e-01,5.468750000000000000e-01,-3.881120969738489912e-02,1.674502628540277538e-01,-1.347880400767964906e-02,5.000000000000000000e-01,4.554560394239219878e-01
1.718750000000000000e-01,5.468750000000000000e-01,-5.231879887055142231e-02,1.786696287993638776e-01,-1.435096648145169421e-02,5.000000000000000000e-01,2.253486925594831991e-01
2.031250000000000000e-01,5.468750000000000000e-01,-6.610838297167637156e-02,1.839688358159068948e-01,-1.531029678956038337e-02,5.000000000000000000e-01,3.041614422346095026e-02
2.343750000000000000e-01,5.468750000000000000e-01,-7.983817378748676863e-02,1.844957951348311365e-01,-1.639590412116131990e-02,5.000000000000000000e-01,-1.382722785163377210e-01
2.656250000000000000e-01,5.468750000000000000e-01,-9.331074101074351979e-02,1.810956441905022252e-01,-1.762169450847104676e-02,5.000000000000000000e-01,-2.887096871511367624e-01
2.968750000000000000e-01,5.468750000000000000e-01,-1.064319656299206329e-01,1.743406629264740992e-01,-1.897834189309328956e-02,5.000000000000000000e-01,-4.272899272294952144e-01
3.281250000000000000e-01,5.468750000000000000e-01,-1.191741819961427418e-01,1.645766184260397669e-01,-2.043474872863126554e-02,5.000000000000000000e-01,-5.586079226884494986e-01
3.593750000000000000e-01,5.468750000000000000e-01,-1.315445539861011259e-01,1.519730485596381964e-01,-2.193886327470167055e-02,5.000000000000000000e-01,-6.855084657938945725e-01
3.906250000000000000e-01,5.468750000000000000e-01,-1.435580255490569168e-01,1.365712115832942719e-01,-2.341816410406568141e-02,5.000000000000000000e-01,-8.092259753489758900e-01
4.218750000000000000e-01,5.468750000000000000e-01,-1.552135379393845827e-01,1.183279443444633094e-01,-2.478037226237933890e-02,5.000000000000000000e-01,-9.295160962568305152e-01
4.531250000000000000e-01,5.468750000000000000e-01,-1.664721921123881176e-01,9.715656250137369443e-02,-2.591510185720643719e-02,5.000000000000000000e-01,-1.044729277043337845e+00
4.843750000000000000e-01,5.468750000000000000e-01,-1.772364259502181016e-01,7.296754968641677719e-02,-2.669726715399031378e-02,5.000000000000000000e-01,-1.151815065991017573e+00
5.156250000000000000e-01,5.468750000000000000e-01,-1.873299811603160170e-01,4.571244846779198845e-02,-2.699311101270835886e-02,5.000000000000000000e-01,-1.246276720074307454e+00
5.468750000000000000e-01,5.468750000000000000e-01,-1.964792566011874242e-01,1.543428500672365880e-02,-2.666951726718846602e-02,5.000000000000000000e-01,-1.322122562899070486e+00
5.781250000000000000e-01,5.468750000000000000e-01,-2.042962906947571877e-01,-1.767282727840489842e-02,-2.559912413040306770e-02,5.000000000000000000e-01,-1.373300093460676718e+00
6.093750000000000000e-01,5.468750000000000000e-01,-2.102977125506280687e-01,-5.328138481932270798e-02,-2.351256095974242968e-02,5.000000000000000000e-01,-1.393328662839726784e+00
6.406250000000000000e-01,5.468750000000000000e-01,-2.138923838581833492e-01,-9.084059600439731152e-02,-2.033756969544957965e-02,5.000000000000000000e-01,-1.372446386137448293e+00
6.718750000000000000e-01,5.468750000000000000e-01,-2.143533868648343776e-01,-1.294066815936170123e-01,-1.608885976242313554e-02,5.000000000000000000e-01,-1.298226618958995271e+00
7.031250000000000000e-01,5.468750000000000000e-01,-2.108502871702683246e-01,-1.675537128899829975e-01,-1.089622683226805500e-02,5.000000000000000000e-01,-1.157385059243623893e+00
7.343750000000000000e-01,5.468750000000000000e-01,-2.025142591699686245e-01,-2.032707288759386666e-01,-5.030667994538908644e-03,5.000000000000000000e-01,-9.365155984015260948e-01
7.656250000000000000e-01,5.468750000000000000e-01,-1.885626077274308587e-01,-2.338752644436759565e-01,1.082249508890341730e-03,5.000000000000000000e-01,-6.239225898685591964e-01
7.968750000000000000e-01,5.468750000000000000e-01,-1.685055027966499419e-01,-2.559985979639675668e-01,6.875513687124778714e-03,5.000000000000000000e-01,-2.131389446526066322e-01
8.281250000000000000e-01,5.468750000000000000e-01,-1.424462585105447099e-01,-2.657357922537507688e-01,1.169582948186335611e-02,5.000000000000000000e-01,2.912741574754043050e-01
8.593750000000000000e-01,5.468750000000000000e-01,-1.114517478521602767e-01,-2.590921610324989910e-01,1.491132111637000213e-02,5.000000000000000000e-01,8.657487188650048182e-01
8.906250000000000000e-01,5.468750000000000000e-01,-7.789718800544878641e-02,-2.328554524707105444e-01,1.606342857344071617e-02,5.000000000000000000e-01,1.460113181659142167e+00
9.218750000000000000e-01,5.468750000000000000e-01,-4.558362912570979031e-02,-1.858800749159716659e-01,1.501808058938243831e-02,5.000000000000000000e-01,1.998107889842879459e+00
9.531250000000000000e-01,5.468750000000000000e-01,-1.936556878714415161e-02,-1.203473813949297311e-01,1.202799980603209452e-02,5.000000000000000000e-01,2.398455539552403870e+00
9.843750000000000000e-01,5.468750000000000000e-01,-4.215852879890622136e-03,-4.195425277140982234e-02,7.608791979602017724e-03,5.000000000000000000e-01,2.531706039520324136e+00
1.562500000000000000e-02,5.781250000000000000e-01,-1.393273182907814106e-03,3.486822405229349220e-02,-1.371338580737937671e-02,5.000000000000000000e-01,1.761875947357367966e+00
4.687500000000000000e-02,5.781250000000000000e-01,-6.319637282771551311e-03,8.991705375863137673e-02,-1.512126929663280828e-02,5.000000000000000000e-01,1.544507960497560228e+00
7.812500000000000000e-02,5.781250000000000000e-01,-1.486945609619048925e-02,1.313381849745254848e-01,-1.622453434605708802e-02,5.000000000000000000e-01,1.134983703055254978e+00
1.093750000000000000e-01,5.781250000000000000e-01,-2.580743668417639219e-02,1.608557875609241683e-01,-1.713484635158503758e-02,5.000000000000000000e-01,7.795196497814023129e-01
1.406250000000000000e-01,5.781250000000000000e-01,-3.809859723846648061e-02,1.804503899205915085e-01,-1.797028900369996782e-02,5.000000000000000000e-01,4.784893457888094170e-01
1.718750000000000000e-01,5.781250000000000000e-01,-5.096343570557846508e-02,1.920419293730786237e-01,-1.883484022172789152e-02,5.000000000000000000e-01,2.255277833148796596e-01
2.031250000000000000e-01,5.781250000000000000e-01,-6.387281259197301331e-02,1.972954962297116810e-01,-1.980817488623543010e-02,5.000000000000000000e-01,1.116390985206172637e-02
2.343750000000000000e-01,5.781250000000000000e-01,-7.650987620422528002e-02,1.975359891490890418e-01,-2.094222480221199015e-02,5.000000000000000000e-01,-1.745833502191163067e-01
2.656250000000000000e-01,5.781250000000000000e-01,-8.872078816648049093e-02,1.937389293617562958e-01,-2.226127173458918376e-02,5.000000000000000000e-01,-3.406713880647040948e-01
2.968750000000000000e-01,5.781250000000000000e-01,-1.004668097321030212e-01,1.865646239400196860e-01,-2.376323195351973463e-02,5.000000000000000000e-01,-4.943213408955120514e-01
3.281250000000000000e-01,5.781250000000000000e-01,-1.117829698418884854e-01,1.764110338885017670e-01,-2.542082323276316155e-02,5.000000000000000000e-01,-6.408273824097847626e-01
3.593750000000000000e-01,5.781250000000000000e-01,-1.227441391862661435e-01,1.634701744315122385e-01,-2.718216469081588885e-02,5.000000000000000000e-01,-7.836332554091069991e-01
3.906250000000000000e-01,5.781250000000000000e-01,-1.334372212899943011e-01,1.477806393781041505e-01,-2.897094164184335977e-02,5.000000000000000000e-01,-9.244961090696488526e-01
4.218750000000000000e-01,5.781250000000000000e-01,-1.439374122047358540e-01,1.292742198547225940e-01,-3.068661980321433017e-02,5.000000000000000000e-01,-1.063627361498009627e+00
4.531250000000000000e-01,5.781250000000000000e-01,-1.542864104941216730e-01,1.078179394535037638e-01,-3.220542003171733558e-02,5.000000000000000000e-01,-1.199754020787009656e+00
4.843750000000000000e-01,5.781250000000000000e-01,-1.644707556939035697e-01,8.325475177189857467e-02,-3.338295200399606089e-02,5.000000000000000000e-01,-1.330083001940578047e+00
5.156250000000000000e-01,5.781250000000000000e-01,-1.743990696751296920e-01,5.544711557363422166e-02,-3.405958518280562120e-02,5.000000000000000000e-01,-1.450182213071146586e+00
5.468750000000000000e-01,5.781250000000000000e-01,-1.838780019036884150e-01,2.432782557031160087e-02,-3.406978727071287294e-02,5.000000000000000000e-01,-1.553824568393747718e+00
5.781250000000000000e-01,5.781250000000000000e-01,-1.925886454255635594e-01,-1.003869022654794996e-02,-3.325683067437906759e-02,5.000000000000000000e-01,-1.633320127248355069e+00
6.093750000000000000e-01,5.781250000000000000e-01,-2.000888663548978097e-01,-4.741387908597453904e-02,-3.130899718060312087e-02,5.000000000000000000e-01,-1.681441128138154051e+00
6.406250000000000000e-01,5.781250000000000000e-01,-2.057981826546122495e-01,-8.740411413047577405e-02,-2.805678045117033018e-02,5.000000000000000000e-01,-1.688296849195321192e+00
6.718750000000000000e-01,5.781250000000000000e-01,-2.089619667558325899e-01,-1.292183763596671531e-01,-2.346102868476539552e-02,5.000000000000000000e-01,-1.639397211449274305e+00
7.031250000000000000e-01,5.781250000000000000e-01,-2.086506137956856688e-01,-1.715564707786458309e-01,-1.760518170297833279e-02,5.000000000000000000e-01,-1.518266652541127470e+00
7.343750000000000000e-01,5.781250000000000000e-01,-2.037967557090429316e-01,-2.124578570742182149e-01,-1.073553187718817234e-02,5.000000000000000000e-01,-1.306707282565347850e+00
7.656250000000000000e-01,5.781250000000000000e-01,-1.932986455338391030e-01,-2.491378978631380303e-01,-3.292575628607147947e-03,5.000000000000000000e-01,-9.862565570996468800e-01
7.968750000000000000e-01,5.781250000000000000e-01,-1.762261518814977335e-01,-2.778655631276277793e-01,4.082540065859188716e-03,5.000000000000000000e-01,-5.416946459614391252e-01
8.281250000000000000e-01,5.781250000000000000e-01,-1.521636375780610062e-01,-2.939905856796325434e-01,1.058916149694034102e-02,5.000000000000000000e-01,3.219973881140880678e-02
8.593750000000000000e-01,5.781250000000000000e-01,-1.216942273933720176e-01,-2.923012884496906105e-01,1.537905116633212638e-02,5.000000000000000000e-01,7.197455823226843741e-01
8.906250000000000000e-01,5.781250000000000000e-01,-8.694649502015802667e-02,-2.679486172734444338e-01,1.774546197065310360e-02,5.000000000000000000e-01,1.470894307078678187e+00
9.218750000000000000e-01,5.781250000000000000e-01,-5.196720664114000410e-02,-2.180797573719948090e-01,1.734905976877487363e-02,5.000000000000000000e-01,2.194179666470686740e+00
9.531250000000000000e-01,5.781250000000000000e-01,-2.251534677276445517e-02,-1.438176191458477859e-01,1.436608308150634505e-02,5.000000000000000000e-01,2.776490608221275025e+00
9.843750000000000000e-01,5.781250000000000000e-01,-4.989486024604649489e-03,-5.115959167590510004e-02,9.391255077044212418e-03,5.000000000000000000e-01,2.991605928978861240e+00
1.562500000000000000e-02,6.093750000000000000e-01,-1.417255253728139704e-03,3.767875248892944146e-02,-1.862571274097196694e-02,5.000000000000000000e-01,1.900576990148533874e+00
4.687500000000000000e-02,6.093750000000000000e-01,-6.404384438942398866e-03,9.702001860707343273e-02,-2.005595842864168338e-02,5.000000000000000000e-01,1.664762066706094945e+00
7.812500000000000000e-02,6.093750000000000000e-01,-1.496486996020457080e-02,1.413455244607645378e-01,-2.115001331688169325e-02,5.000000000000000000e-01,1.217647207614155125e+00
1.093750000000000000e-01,6.093750000000000000e-01,-2.572046086010123037e-02,1.725420195625676500e-01,-2.201478906005157818e-02,5.000000000000000000e-01,8.292958891711423863e-01
1.406250000000000000e-01,6.093750000000000000e-01,-3.753065199703103233e-02,1.928655096101679067e-01,-2.277966327355768553e-02,5.000000000000000000e-01,5.007114591174389728e-01
1.718750000000000000e-01,6.093750000000000000e-01,-4.956917901861122855e-02,2.045301751721944339e-01,-2.356875062198069901e-02,5.000000000000000000e-01,2.249465202450638968e-01
2.031250000000000000e-01,6.093750000000000000e-01,-6.131206756141981129e-02,2.094595158597990225e-01,-2.448386261641084458e-02,5.000000000000000000e-01,-8.541814920646206843e-03
2.343750000000000000e-01,6.093750000000000000e-01,-7.248328126674738470e-02,2.091802468365815404e-01,-2.559663936938847209e-02,5.000000000000000000e-01,-2.108563413348174542e-01
2.656250000000000000e-01,6.093750000000000000e-01,-8.299014446576886972e-02,2.048124468355405070e-01,-2.694657851238327698e-02,5.000000000000000000e-01,-3.919424624357272791e-01
2.968750000000000000e-01,6.093750000000000000e-01,-9.286477729720565844e-02,1.971117608632947937e-01,-2.854178798250187402e-02,5.000000000000000000e-01,-5.598436199359668741e-01
3.281250000000000000e-01,6.093750000000000000e-01,-1.022169201040386416e-01,1.865321998818451343e-01,-3.036032497906574965e-02,5.000000000000000000e-01,-7.205435915911726497e-01
3.593750000000000000e-01,6.093750000000000000e-01,-1.111978700334295550e-01,1.732911277119374704e-01,-3.235110676846930655e-02,5.000000000000000000e-01,-8.780913581566502923e-01
3.906250000000000000e-01,6.093750000000000000e-01,-1.199729733089935080e-01,1.574278714769710708e-01,-3.443421795429006671e-02,5.000000000000000000e-01,-1.034806398825089513e+00
4.218750000000000000e-01,6.093750000000000000e-01,-1.286995277703593676e-01,1.388537331319630863e-01,-3.650096051933472696e-02,5.000000000000000000e-01,-1.191445545866863132e+00
4.531250000000000000e-01,6.093750000000000000e-01,-1.375070338960240335e-01,1.173949305913137842e-01,-3.841432442843945028e-02,5.000000000000000000e-01,-1.347269230365045312e+00
4.843750000000000000e-01,6.093750000000000000e-01,-1.464770622088015228e-01,9.283213414664795438e-02,-4.001082813476643241e-02,5.000000000000000000e-01,-1.499980486778892619e+00
5.156250000000000000e-01,6.093750000000000000e-01,-1.556205190449563291e-01,6.494150401626572200e-02,-4.110497001993011768e-02,5.000000000000000000e-01,-1.645533880627057854e+00
5.468750000000000000e-01,6.093750000000000000e-01,-1.648510268767603704e-01,3.354287718804287860e-02,-4.149788794574274520e-02,5.000000000000000000e-01,-1.777834162580896216e+00
5.781250000000000000e-01,6.093750000000000000e-01,-1.739554873980211358e-01,-1.438637801143340892e-03,-4.099243269581351323e-02,5.000000000000000000e-01,-1.888451347981259909e+00
6.093750000000000000e-01,6.093750000000000000e-01,-1.825730659459212646e-01,-3.989613203414476422e-02,-3.926455659231156692e-02,5.000000000000000000e-01,-1.969351781153967806e+00
6.406250000000000000e-01,6.093750000000000000e-01,-1.901783280571683887e-01,-8.160728277134399189e-02,-3.602195747062728048e-02,5.000000000000000000e-01,-2.010244018005538980e+00
6.718750000000000000e-01,6.093750000000000000e-01,-1.960434177974247905e-01,-1.259863338773221375e-01,-3.115994409380086136e-02,5.000000000000000000e-01,-1.995384632018131210e+00
7.031250000000000000e-01,6.093750000000000000e-01,-1.991981021009989195e-01,-1.719451819175636942e-01,-2.469767637815028019e-02,5.000000000000000000e-01,-1.905568035444330288e+00
7.343750000000000000e-01,6.093750000000000000e-01,-1.984264810941265833e-01,-2.176946250288154250e-01,-1.683207204622261255e-02,5.000000000000000000e-01,-1.717821911508021770e+00
7.656250000000000000e-01,6.093750000000000000e-01,-1.923292789621124932e-01,-2.604964422157587944e-01,-7.989557802927652747e-03,5.000000000000000000e-01,-1.406139094345002505e+00
7.968750000000000000e-01,6.093750000000000000e-01,-1.795022752405545097e-01,-2.964065161489063405e-01,1.140735081075257978e-03,5.000000000000000000e-01,-9.444141379058819119e-01
8.281250000000000000e-01,6.093750000000000000e-01,-1.588944675083205915e-01,-3.201199546940245444e-01,9.621221893789621421e-03,5.000000000000000000e-01,-3.135054503974767925e-01
8.593750000000000000e-01,6.093750000000000000e-01,-1.303938783411399405e-01,-3.251419187871681382e-01,1.636594376029781514e-02,5.000000000000000000e-01,4.852553197719378097e-01
8.906250000000000000e-01,6.093750000000000000e-01,-9.560655112017037160e-02,-3.046430465301503965e-01,2.035640762697901729e-02,5.000000000000000000e-01,1.409575774432754391e+00
9.218750000000000000e-01,6.093750000000000000e-01,-5.858886015253106372e-02,-2.533823074619461213e-01,2.095235623466847052e-02,5.000000000000000000e-01,2.357142167350382955e+00
9.531250000000000000e-01,6.093750000000000000e-01,-2.597606610488414555e-02,-1.705797229719189789e-01,1.816632111391179583e-02,5.000000000000000000e-01,3.177109223853731290e+00
9.843750000000000000e-01,6.093750000000000000e-01,-5.875168501184069129e-03,-6.202424620169381952e-02,1.264452874545527600e-02,5.000000000000000000e-01,3.504124714657033568e+00
1.562500000000000000e-02,6.406250000000000000e-01,-1.496802830903202347e-03,4.059281057356078914e-02,-2.393942856068595817e-02,5.000000000000000000e-01,2.042607871506779471e+00
4.687500000000000000e-02,6.406250000000000000e-01,-6.700494480067379494e-03,1.042967813568205226e-01,-2.542596388732686410e-02,5.000000000000000000e-01,1.787800691688587573e+00
7.812500000000000000e-02,6.406250000000000000e-01,-1.545040561658097417e-02,1.513791583687932041e-01,-2.649902366805309897e-02,5.000000000000000000e-01,1.300205282811880636e+00
1.093750000000000000e-01,6.406250000000000000e-01,-2.611844460796942588e-02,1.839320155458241124e-01,-2.726370866697220077e-02,5.000000000000000000e-01,8.770166748805978685e-01
1.406250000000000000e-01,6.406250000000000000e-01,-3.740490782367963257e-02,2.045721679795514669e-01,-2.787221467737212646e-02,5.000000000000000000e-01,5.199709998153093649e-01
1.718750000000000000e-01,6.406250000000000000e-01,-4.842858697126384282e-02,2.158857229719752802e-01,-2.848324339163657223e-02,5.000000000000000000e-01,2.212584610814518626e-01
2.031250000000000000e-01,6.406250000000000000e-01,-5.868887749504551887e-02,2.201071471266084489e-01,-2.923370906147259793e-02,5.000000000000000000e-01,-3.102276644555979068e-02
2.343750000000000000e-01,6.406250000000000000e-01,-6.797842389505770466e-02,2.189933756751118732e-01,-3.022437674847543512e-02,5.000000000000000000e-01,-2.492662172487385419e-01
2.656250000000000000e-01,6.406250000000000000e-01,-7.629287023753428265e-02,2.138206275385082233e-01,-3.151558726881346917e-02,5.000000000000000000e-01,-4.444625517661584535e-01
2.968750000000000000e-01,6.406250000000000000e-01,-8.375683043980046427e-02,2.054421731940300200e-01,-3.312818797291466888e-02,5.000000000000000000e-01,-6.254678301313716382e-01
3.281250000000000000e-01,6.406250000000000000e-01,-9.056962851879751808e-02,1.943667284369399173e-01,-3.504604386445554776e-02,5.000000000000000000e-01,-7.989208093423780799e-01
3.593750000000000000e-01,6.406250000000000000e-01,-9.696775770634956382e-02,1.808356782737856328e-01,-3.721819733375000827e-02,5.000000000000000000e-01,-9.694459746057855210e-01
3.906250000000000000e-01,6.406250000000000000e-01,-1.031992159434005907e-01,1.648898824277378883e-01,-3.956006455557893597e-02,5.000000000000000000e-01,-1.139921779860683770e+00
4.218750000000000000e-01,6.406250000000000000e-01,-1.095050064737141948e-01,1.464240671728757326e-01,-4.195384556421696831e-02,5.000000000000000000e-01,-1.311693275570861239e+00
4.531250000000000000e-01,6.406250000000000000e-01,-1.161036825816214729e-01,1.252307787839731235e-01,-4.424879194109236635e-02,5.000000000000000000e-01,-1.484666450111529423e+00
4.843750000000000000e-01,6.406250000000000000e-01,-1.231754018452708432e-01,1.010380335304154886e-01,-4.626232306106362047e-02,5.000000000000000000e-01,-1.657251193201954242e+00
5.156250000000000000e-01,6.406250000000000000e-01,-1.308424590945436450e-01,7.354611871792578193e-02,-4.778332487943265372e-02,5.000000000000000000e-01,-1.826134099313419412e+00
5.468750000000000000e-01,6.406250000000000000e-01,-1.391435085597914623e-01,4.246981978343471187e-02,-4.857925382145024396e-02,5.000000000000000000e-01,-1.985866126806012710e+00
5.781250000000000000e-01,6.406250000000000000e-01,-1.479994453989224579e-01,7.594816963856583850e-03,-4.840935313287252073e-02,5.000000000000000000e-01,-2.128261755961254664e+00
6.093750000000000000e-01,6.406250000000000000e-01,-1.571730250029754750e-01,-3.113842864719153225e-02,-4.695509872452394151e-02,5.000000000000000000e-01,-2.244642904370120817e+00
6.406250000000000000e-01,6.406250000000000000e-01,-1.662481333724434296e-01,-7.368461567758219366e-02,-4.379145391553618261e-02,5.000000000000000000e-01,-2.324254379450815478e+00
6.718750000000000000e-01,6.406250000000000000e-01,-1.745883264009190916e-01,-1.197037182023517887e-01,-3.873950256035295359e-02,5.000000000000000000e-01,-2.351046509174312682e+00
7.031250000000000000e-01,6.406250000000000000e-01,-1.812609027319083133e-01,-1.684005369579706923e-01,-3.173875509637365255e-02,5.000000000000000000e-01,-2.303980704515967926e+00
7.343750000000000000e-01,6.406250000000000000e-01,-1.849841465379866712e-01,-2.182876471892024051e-01,-2.291240159245898703e-02,5.000000000000000000e-01,-2.155917481366241617e+00
7.656250000000000000e-01,6.406250000000000000e-01,-1.841268432573673619e-01,-2.668579254680051860e-01,-1.263903039603670939e-02,5.000000000000000000e-01,-1.873191025130942045e+00
7.968750000000000000e-01,6.406250000000000000e-01,-1.768237807406458639e-01,-3.101750991349394027e-01,-1.617692475047841777e-03,5.000000000000000000e-01,-1.417193750393827223e+00
8.281250000000000000e-01,6.406250000000000000e-01,-1.613049495664805044e-01,-3.424780106143907599e-01,9.105882914807735679e-03,5.000000000000000000e-01,-7.506644422511548065e-01
8.593750000000000000e-01,6.406250000000000000e-01,-1.365457767152439827e-01,-3.560436248852191232e-01,1.820544967330861227e-02,5.000000000000000000e-01,1.472637993090972763e-01
8.906250000000000000e-01,6.406250000000000000e-01,-1.032853695969831592e-01,-3.417890747713298039e-01,2.429437416660730834e-02,5.000000000000000000e-01,1.253285169474038563e+00
9.218750000000000000e-01,6.406250000000000000e-01,-6.522526854230752125e-02,-2.913140712430816182e-01,2.631894582218498660e-02,5.000000000000000000e-01,2.464141719603490710e+00
9.531250000000000000e-01,6.406250000000000000e-01,-2.972661200337037291e-02,-2.007594097773675035e-01,2.400097687943340136e-02,5.000000000000000000e-01,3.588648390138722277e+00
9.843750000000000000e-01,6.406250000000000000e-01,-6.886327150218919148e-03,-7.478574185309680433e-02,1.797442797986217519e-02,5.000000000000000000e-01,4.065862020159043411e+00
1.562500000000000000e-02,6.718750000000000000e-01,-1.672305656382393549e-03,4.376191906084637984e-02,-2.969352066434383444e-02,5.000000000000000000e-01,2.192218382855996683e+00
4.687500000000000000e-02,6.718750000000000000e-01,-7.355579874246702052e-03,1.120146387365634211e-01,-3.129036722738243181e-02,5.000000000000000000e-01,1.916258807728931757e+00
7.812500000000000000e-02,6.718750000000000000e-01,-1.659246594694352428e-02,1.616480981982607590e-01,-3.231957218242886842e-02,5.000000000000000000e-01,1.381728832627258541e+00
1.093750000000000000e-01,6.718750000000000000e-01,-2.734099342938033084e-02,1.950796421901818400e-01,-3.289576050521055006e-02,5.000000000000000000e-01,9.196047734349369618e-01
1.406250000000000000e-01,6.718750000000000000e-01,-3.807513205933669986e-02,2.154451431808603323e-01,-3.321687502636204437e-02,5.000000000000000000e-01,5.321147657466654968e-01
1.718750000000000000e-01,6.718750000000000000e-01,-4.786285368914498795e-02,2.258241485480589339e-01,-3.350047417208847078e-02,5.000000000000000000e-01,2.098578522609723107e-01
2.031250000000000000e-01,6.718750000000000000e-01,-5.626549195543573134e-02,2.288316503405972147e-01,-3.393770512062731226e-02,5.000000000000000000e-01,-6.102655556220581978e-02
2.343750000000000000e-01,6.718750000000000000e-01,-6.319066227680145142e-02,2.264835891825010272e-01,-3.467043429738309035e-02,5.000000000000000000e-01,-2.945525782137778936e-01
2.656250000000000000e-01,6.718750000000000000e-01,-6.876243746146581959e-02,2.202166355582599877e-01,-3.578544167310784840e-02,5.000000000000000000e-01,-5.028736546503315141e-01
2.968750000000000000e-01,6.718750000000000000e-01,-7.322693701556323709e-02,2.109746249306418409e-01,-3.731736076307751171e-02,5.000000000000000000e-01,-6.956554488040478379e-01
3.281250000000000000e-01,6.718750000000000000e-01,-7.689086444038439883e-02,1.993110022041463258e-01,-3.925422154958138621e-02,5.000000000000000000e-01,-8.801373456466599077e-01
3.593750000000000000e-01,6.718750000000000000e-01,-8.008434262976998896e-02,1.854830118835168462e-01,-4.154232865302756594e-02,5.000000000000000000e-01,-1.061454760116265383e+00
3.906250000000000000e-01,6.718750000000000000e-01,-8.313947316861067249e-02,1.695291375938983991e-01,-4.408939231422832894e-02,5.000000000000000000e-01,-1.242994467971647587e+00
4.218750000000000000e-01,6.718750000000000000e-01,-8.637780169094530502e-02,1.513289310593634585e-01,-4.676597261436452047e-02,5.000000000000000000e-01,-1.426673076493635062e+00
4.531250000000000000e-01,6.718750000000000000e-01,-9.010141440651368849e-02,1.306482037209610314e-01,-4.940591873527280797e-02,5.000000000000000000e-01,-1.613083956620609438e+00
4.843750000000000000e-01,6.718750000000000000e-01,-9.458352269972672421e-02,1.071744361502899867e-01,-5.180690633514579979e-02,5.000000000000000000e-01,-1.801478238480820782e+00
5.156250000000000000e-01,6.718750000000000000e-01,-1.000553515848483926e-01,8.054860223244578177e-02,-5.373262688862898151e-02,5.000000000000000000e-01,-1.989561790500356642e+00
5.468750000000000000e-01,6.718750000000000000e-01,-1.066856957054537758e-01,5.039872985476792633e-02,-5.491789595024709758e-02,5.000000000000000000e-01,-2.173075092107718653e+00
5.781250000000000000e-01,6.718750000000000000e-01,-1.145473760810689773e-01,1.638352410726957170e-02,-5.507822725973592071e-02,5.000000000000000000e-01,-2.345081089590247636e+00
6.093750000000000000e-01,6.718750000000000000e-01,-1.235623170642275032e-01,-2.173861520339299275e-02,-5.390422970475938769e-02,5.000000000000000000e-01,-2.496533021946434783e+00
6.406250000000000000e-01,6.718750000000000000e-01,-1.334777188966526640e-01,-6.409391891948768016e-02,-5.085174507709858127e-02,5.000000000000000000e-01,-2.616553923783955682e+00
6.718750000000000000e-01,6.718750000000000000e-01,-1.438189322544187465e-01,-1.106130085742045299e-01,-4.565834241126320858e-02,5.000000000000000000e-01,-2.690031810319470029e+00
7.031250000000000000e-01,6.718750000000000000e-01,-1.537832370556015404e-01,-1.608543654539459633e-01,-3.817330719578666820e-02,5.000000000000000000e-01,-2.695308596761968989e+00
7.343750000000000000e-01,6.718750000000000000e-01,-1.621390270187709759e-01,-2.137547849239793962e-01,-2.842616101199229098e-02,5.000000000000000000e-01,-2.602436998121065326e+00
7.656250000000000000e-01,6.718750000000000000e-01,-1.671422918371656130e-01,-2.672448261954528670e-01,-1.671357548853522751e-02,5.000000000000000000e-01,-2.371005273714207107e+00
7.968750000000000000e-01,6.718750000000000000e-01,-1.665477509873258821e-01,-3.176858017740529228e-01,-3.697727699272854510e-03,5.000000000000000000e-01,-1.949340694401047180e+00
8.281250000000000000e-01,6.718750000000000000e-01,-1.578464656179031367e-01,-3.591874245188654280e-01,9.515408304297067951e-03,5.000000000000000000e-01,-1.278464036117608948e+00
8.593750000000000000e-01,6.718750000000000000e-01,-1.389089299548975642e-01,-3.830309194949865770e-01,2.138235117399100299e-02,5.000000000000000000e-01,-3.066073165203366813e-01
8.906250000000000000e-01,6.718750000000000000e-01,-1.092073205701602767e-01,-3.777637966645604473e-01,3.011006661084284636e-02,5.000000000000000000e-01,9.770084074357574533e-01
9.218750000000000000e-01,6.718750000000000000e-01,-7.156805263378693271e-02,-3.310387183408999845e-01,3.410930846956002072e-02,5.000000000000000000e-01,2.485884837700227834e+00
9.531250000000000000e-01,6.718750000000000000e-01,-3.373826109856946365e-02,-2.343632107537037546e-01,3.263758391549584359e-02,5.000000000000000000e-01,3.993185638238094803e+00
9.843750000000000000e-01,6.718750000000000000e-01,-8.044208912582874460e-03,-8.971627791589859013e-02,2.619573023813954321e-02,5.000000000000000000e-01,4.668705510976935535e+00
1.562500000000000000e-02,7.031250000000000000e-01,-2.005012407968908682e-03,4.743923712519768077e-02,-3.599141955974578810e-02,5.000000000000000000e-01,2.355704850359180647e+00
4.687500000000000000e-02,7.031250000000000000e-01,-8.580490825711240346e-03,1.205960733078187408e-01,-3.777563866222416467e-02,5.000000000000000000e-01,2.053580511582074219e+00
7.812500000000000000e-02,7.031250000000000000e-01,-1.874345420216621400e-02,1.724665130761572074e-01,-3.871166191934349854e-02,5.000000000000000000e-01,1.459637746037831585e+00
1.093750000000000000e-01,7.031250000000000000e-01,-2.979669796505341264e-02,2.060629985576094003e-01,-3.895375834899615641e-02,5.000000000000000000e-01,9.510032390840388317e-01
1.406250000000000000e-01,7.031250000000000000e-01,-3.991757432496913227e-02,2.253168018033048503e-01,-3.878918186235583154e-02,5.000000000000000000e-01,5.293467109997735953e-01
1.718750000000000000e-01,7.031250000000000000e-01,-4.815819557783772992e-02,2.339808328082912947e-01,-3.853355649585926690e-02,5.000000000000000000e-01,1.821311339124358497e-01
2.031250000000000000e-01,7.031250000000000000e-01,-5.421527713796556180e-02,2.351346859067834361e-01,-3.845878133140064048e-02,5.000000000000000000e-01,-1.075609682294772496e-01
2.343750000000000000e-01,7.031250000000000000e-01,-5.818390253903381326e-02,2.310743493387487912e-01,-3.876124884383337632e-02,5.000000000000000000e-01,-3.559274741333197101e-01
2.656250000000000000e-01,7.031250000000000000e-01,-6.037223107374774939e-02,2.233859791213905488e-01,-3.955777375846539212e-02,5.000000000000000000e-01,-5.764876587171507971e-01
2.968750000000000000e-01,7.031250000000000000e-01,-6.118399824366113626e-02,2.130815480915221050e-01,-4.089439505890893334e-02,5.000000000000000000e-01,-7.797316303504322477e-01
3.281250000000000000e-01,7.031250000000000000e-01,-6.105265746300626850e-02,2.007366656874323696e-01,-4.275805197663959389e-02,5.000000000000000000e-01,-9.734344218952215577e-01
3.593750000000000000e-01,7.031250000000000000e-01,-6.040869980933091105e-02,1.866068689359410004e-01,-4.508620719582488723e-02,5.000000000000000000e-01,-1.163151058721828557e+00
3.906250000000000000e-01,7.031250000000000000e-01,-5.966614251932601115e-02,1.707178537903100146e-01,-4.777318322572542131e-02,5.000000000000000000e-01,-1.352682874791370171e+00
4.218750000000000000e-01,7.031250000000000000e-01,-5.921887306579937116e-02,1.529312739317598702e-01,-5.067334200081008433e-02,5.000000000000000000e-01,-1.544440790956255416e+00
4.531250000000000000e-01,7.031250000000000000e-01,-5.944043020190685478e-02,1.329910307002405145e-01,-5.360198541138615214e-02,5.000000000000000000e-01,-1.739668682809160760e+00
4.843750000000000000e-01,7.031250000000000000e-01,-6.068261342873480096e-02,1.105559006910514785e-01,-5.633529148878026194e-02,5.000000000000000000e-01,-1.938476254487765393e+00
5.156250000000000000e-01,7.031250000000000000e-01,-6.327055348379341526e-02,8.522690663186456572e-02,-5.861190572857274961e-02,5.000000000000000000e-01,-2.139701673240180568e+00
5.468750000000000000e-01,7.031250000000000000e-01,-6.749139342823526344e-02,5.657160952039634594e-02,-6.013663722112830290e-02,5.000000000000000000e-01,-2.340611669048586752e+00
5.781250000000000000e-01,7.031250000000000000e-01,-7.356922235769287888e-02,2.415015374671398984e-02,-6.058726810319878253e-02,5.000000000000000000e-01,-2.536262269907029854e+00
6.093750000000000000e-01,7.031250000000000000e-01,-8.161715415808054597e-02,-1.244237205929122833e-02,-5.962837523827306530e-02,5.000000000000000000e-01,-2.718363811378162964e+00
6.406250000000000000e-01,7.031250000000000000e-01,-9.158790650675775746e-02,-5.350400788248708961e-02,-5.667104849475698702e-02,5.000000000000000000e-01,-2.876627096837308883e+00
6.718750000000000000e-01,7.031250000000000000e-01,-1.032217847904104979e-01,-9.922782796978626974e-02,-5.133367527612840708e-02,5.000000000000000000e-01,-2.997648534125708863e+00
7.031250000000000000e-01,7.031250000000000000e-01,-1.159458917840601178e-01,-1.495511342635317820e-01,-4.337466918897812940e-02,5.000000000000000000e-01,-3.060841146434881921e+00
7.343750000000000000e-01,7.031250000000000000e-01,-1.287222948969269920e-01,-2.039258230383572679e-01,-3.271882786010363309e-02,5.000000000000000000e-01,-3.035757363613033277e+00
7.656250000000000000e-01,7.031250000000000000e-01,-1.398700305003029443e-01,-2.609227876593044337e-01,-1.955124252697761425e-02,5.000000000000000000e-01,-2.877600525080930893e+00
7.968750000000000000e-01,7.031250000000000000e-01,-1.469325856639929762e-01,-3.175398259963511105e-01,-4.446892831407138480e-03,5.000000000000000000e-01,-2.522812553140627578e+00
8.281250000000000000e-01,7.031250000000000000e-01,-1.467460650300635994e-01,-3.682212062999193902e-01,1.149248363221967544e-02,5.000000000000000000e-01,-1.888706095647188832e+00
8.593750000000000000e-01,7.031250000000000000e-01,-1.359591915784179594e-01,-4.037215468285837994e-01,2.655958117407249824e-02,5.000000000000000000e-01,-8.841037534112494711e-01
8.906250000000000000e-01,7.031250000000000000e-01,-1.123561939076314076e-01,-4.103777763864870365e-01,3.854640620906800430e-02,5.000000000000000000e-01,5.545369907682535793e-01
9.218750000000000000e-01,7.031250000000000000e-01,-7.719248498771508205e-02,-3.712277154752631203e-01,4.520690858929601874e-02,5.000000000000000000e-01,2.385316718934386682e+00
9.531250000000000000e-01,7.031250000000000000e-01,-3.797827396824991070e-02,-2.712182161740233077e-01,4.510854322737432864e-02,5.000000000000000000e-01,4.364008644543398319e+00
9.843750000000000000e-01,7.031250000000000000e-01,-9.386555910667044797e-03,-1.071470427391485181e-01,3.841129427001842289e-02,5.000000000000000000e-01,5.297284215008630781e+00
1.562500000000000000e-02,7.343750000000000000e-01,-2.590186438589069107e-03,5.203443597175565899e-02,-4.305439101004550351e-02,5.000000000000000000e-01,2.541313441260552253e+00
4.687500000000000000e-02,7.343750000000000000e-01,-1.067708589716681415e-02,1.306632523375808597e-01,-4.512323898539136180e-02,5.000000000000000000e-01,2.203144931824182251e+00
7.812500000000000000e-02,7.343750000000000000e-01,-2.235289982451733534e-02,1.842381113502006007e-01,-4.585707404552887001e-02,5.000000000000000000e-01,1.527401521050109956e+00
1.093750000000000000e-01,7.343750000000000000e-01,-3.392840714498511490e-02,2.169201513669209713e-01,-4.552083738727064066e-02,5.000000000000000000e-01,9.593142028630239349e-01
1.406250000000000000e-01,7.343750000000000000e-01,-4.324146724614065518e-02,2.338935854550645288e-01,-4.457112972189940237e-02,5.000000000000000000e-01,4.971416765787624037e-01
1.718750000000000000e-01,7.343750000000000000e-01,-4.942816545519364280e-02,2.398313686184531945e-01,-4.348201926533480643e-02,5.000000000000000000e-01,1.222381183832393914e-01
2.031250000000000000e-01,7.343750000000000000e-01,-5.244941491063590672e-02,2.383624811121916043e-01,-4.263938630667581109e-02,5.000000000000000000e-01,-1.872091162715479040e-01
2.343750000000000000e-01,7.343750000000000000e-01,-5.269390192886185681e-02,2.320596665526348246e-01,-4.230536547667204661e-02,5.000000000000000000e-01,-4.504463467188225545e-01
2.656250000000000000e-01,7.343750000000000000e-01,-5.072476003887058105e-02,2.226198485522271620e-01,-4.262444867727738229e-02,5.000000000000000000e-01,-6.826643988586277301e-01
2.968750000000000000e-01,7.343750000000000000e-01,-4.714302355261940081e-02,2.110777093443476915e-01,-4.364519058677954200e-02,5.000000000000000000e-01,-8.952210047274089533e-01
3.281250000000000000e-01,7.343750000000000000e-01,-4.252589222751415599e-02,1.979920323288466566e-01,-4.534264251760894426e-02,5.000000000000000000e-01,-1.096367893094363666e+00
3.593750000000000000e-01,7.343750000000000000e-01,-3.740621335677805914e-02,1.835878657701152661e-01,-4.763498448862214796e-02,5.000000000000000000e-01,-1.291980753427207862e+00
3.906250000000000000e-01,7.343750000000000000e-01,-3.227238849833117401e-02,1.678604748076839570e-01,-5.039435843470309317e-02,5.000000000000000000e-01,-1.486150797745951158e+00
4.218750000000000000e-01,7.343750000000000000e-01,-2.757707534624884854e-02,1.506460703087769137e-01,-5.345230318755486709e-02,5.000000000000000000e-01,-1.681655041915953053e+00
4.531250000000000000e-01,7.343750000000000000e-01,-2.374749497164953954e-02,1.316682110847316456e-01,-5.660112583712090251e-02,5.000000000000000000e-01,-1.880308568528855862e+00
4.843750000000000000e-01,7.343750000000000000e-01,-2.119288086261733595e-02,1.105662894243561040e-01,-5.959212132849013577e-02,5.000000000000000000e-01,-2.083004146926374922e+00
5.156250000000000000e-01,7.343750000000000000e-01,-2.030828817799226055e-02,8.691986526899347920e-02,-6.213778442476944330e-02,5.000000000000000000e-01,-2.289592183074917742e+00
5.468750000000000000e-01,7.343750000000000000e-01,-2.147421927506768663e-02,6.026542192478470672e-02,-6.391503864126485412e-02,5.000000000000000000e-01,-2.498862696693370467e+00
5.781250000000000000e-01,7.343750000000000000e-01,-2.504496579156719610e-02,3.010491678828276785e-02,-6.456803639048439014e-02,5.000000000000000000e-01,-2.708133983218389496e+00
6.093750000000000000e-01,7.343750000000000000e-01,-3.131874048229338348e-02,-4.075428609746155340e-03,-6.371879403549438048e-02,5.000000000000000000e-01,-2.911830366986434271e+00
6.406250000000000000e-01,7.343750000000000000e-01,-4.047398125481589670e-02,-4.274495821083244829e-02,-6.077329014211164948e-02,5.000000000000000000e-01,-3.101297300526123735e+00
6.718750000000000000e-01,7.343750000000000000e-01,-5.251302525260665571e-02,-8.631395535999740465e-02,-5.521819733541578901e-02,5.000000000000000000e-01,-3.264916633160893422e+00
7.031250000000000000e-01,7.343750000000000000e-01,-6.717866047199240465e-02,-1.350752646602852436e-01,-4.672299917584685214e-02,5.000000000000000000e-01,-3.385105960708024941e+00
7.343750000000000000e-01,7.343750000000000000e-01,-8.377584518872906172e-02,-1.890281048120003027e-01,-3.510755727549220995e-02,5.000000000000000000e-01,-3.434188905974806971e+00
7.656250000000000000e-01,7.343750000000000000e-01,-1.009062619776012748e-01,-2.475423534934131919e-01,-2.042118559219474605e-02,5.000000000000000000e-01,-3.367166397147246748e+00
7.968750000000000000e-01,7.343750000000000000e-01,-1.161703850566516150e-01,-3.085935819195019247e-01,-3.103016441198494513e-03,5.000000000000000000e-01,-3.112273591075129797e+00
8.281250000000000000e-01,7.343750000000000000e-01,-1.259840554721865236e-01,-3.675403005951630719e-01,1.582497267865706422e-02,5.000000000000000000e-01,-2.564221675248012478e+00
8.593750000000000000e-01,7.343750000000000000e-01,-1.258090154532621185e-01,-4.153643660039102459e-01,3.457900849374621888e-02,5.000000000000000000e-01,-1.585948335698260436e+00
8.906250000000000000e-01,7.343750000000000000e-01,-1.113720511398554464e-01,-4.367749191953538279e-01,5.056921906044517523e-02,5.000000000000000000e-01,-4.012739221138028611e-02
9.218750000000000000e-01,7.343750000000000000e-01,-8.149078735472237156e-02,-4.098755453714457153e-01,6.078390830791446930e-02,5.000000000000000000e-01,2.115813730519100933e+00
9.531250000000000000e-01,7.343750000000000000e-01,-4.240812864641728408e-02,-3.108672560056109369e-01,6.281464855650309431e-02,5.000000000000000000e-01,4.661367330585848734e+00
9.843750000000000000e-01,7.343750000000000000e-01,-1.098212548087273456e-02,-1.275157241306882905e-01,5.614097031682011019e-02,5.000000000000000000e-01,5.924258590702506488e+00
1.562500000000000000e-02,7.656250000000000000e-01,-3.579469755103045249e-03,5.820409216544777942e-02,-5.132115350552413080e-02,5.000000000000000000e-01,2.757879467318993694e+00
4.687500000000000000e-02,7.656250000000000000e-01,-1.407337368627770841e-02,1.430743995336411500e-01,-5.377031284844842329e-02,5.000000000000000000e-01,2.365565660855325270e+00
7.812500000000000000e-02,7.656250000000000000e-01,-2.794915023845797111e-02,1.973785546336710994e-01,-5.406189132181896118e-02,5.000000000000000000e-01,1.569581822393858683e+00
1.093750000000000000e-01,7.656250000000000000e-01,-4.009836153912848394e-02,2.275044267045887580e-01,-5.273007518898749357e-02,5.000000000000000000e-01,9.211357601017670094e-01
1.406250000000000000e-01,7.656250000000000000e-01,-4.807771185960955929e-02,2.406017205390333369e-01,-5.054296624672810490e-02,5.000000000000000000e-01,4.083547597702346099e-01
1.718750000000000000e-01,7.656250000000000000e-01,-5.132918231966311640e-02,2.425614022035909034e-01,-4.821940067289007259e-02,5.000000000000000000e-01,1.116691483984189048e-03
2.031250000000000000e-01,7.656250000000000000e-01,-5.028640943681218778e-02,2.376109240996451821e-01,-4.629293262650995000e-02,5.000000000000000000e-01,-3.301413391586777157e-01
2.343750000000000000e-01,7.656250000000000000e-01,-4.577363842907184593e-02,2.285429395756668480e-01,-4.509176777410078829e-02,5.000000000000000000e-01,-6.089258735842069115e-01
2.656250000000000000e-01,7.656250000000000000e-01,-3.868766335337064932e-02,2.170814585635026939e-01,-4.477277316379600636e-02,5.000000000000000000e-01,-8.525226707396986736e-01
2.968750000000000000e-01,7.656250000000000000e-01,-2.986050167157858551e-02,2.042072011650289398e-01,-4.536715784930427098e-02,5.000000000000000000e-01,-1.073249563240611604e+00
3.281250000000000000e-01,7.656250000000000000e-01,-2.001950771884096481e-02,1.904044152303225879e-01,-4.681972640484616255e-02,5.000000000000000000e-01,-1.279823796525148882e+00
3.593750000000000000e-01,7.656250000000000000e-01,-9.791460241293115790e-03,1.758277565203553994e-01,-4.901367357708177885e-02,5.000000000000000000e-01,-1.478381669307370805e+00
3.906250000000000000e-01,7.656250000000000000e-01,2.764868784575842849e-04,1.604188120792462424e-01,-5.178700518187219493e-02,5.000000000000000000e-01,-1.673278769221738349e+00
4.218750000000000000e-01,7.656250000000000000e-01,9.692303330995388419e-03,1.439766034325944966e-01,-5.494027648806604214e-02,5.000000000000000000e-01,-1.867708219338129805e+00
4.531250000000000000e-01,7.656250000000000000e-01,1.799907444672582332e-02,1.262013264705842963e-01,-5.823865758104056212e-02,5.000000000000000000e-01,-2.063969641635310825e+00
4.843750000000000000e-01,7.656250000000000000e-01,2.475679993842545487e-02,1.067208344377716112e-01,-6.140702761774112506e-02,5.000000000000000000e-01,-2.263536549243795104e+00
5.156250000000000000e-01,7.656250000000000000e-01,2.952809045881753941e-02,8.510943705056078779e-02,-6.412931790416202815e-02,5.000000000000000000e-01,-2.467077209982999619e+00
5.468750000000000000e-01,7.656250000000000000e-01,3.187257663438967936e-02,6.089729506472067733e-02,-6.604822369807931970e-02,5.000000000000000000e-01,-2.674587865581047108e+00
5.781250000000000000e-01,7.656250000000000000e-01,3.134830105892558172e-02,3.356806574031040435e-02,-6.677196344557012608e-02,5.000000000000000000e-01,-2.885206054451099345e+00
6.093750000000000000e-01,7.656250000000000000e-01,2.752236877945637636e-02,2.561129408421603491e-03,-6.588361186409753822e-02,5.000000000000000000e-01,-3.096361143473977950e+00
6.406250000000000000e-01,7.656250000000000000e-01,2.000464802587373012e-02,-3.270855470289505545e-02,-6.280695435018074368e-02,5.000000000000000000e-01,-3.302371484409433844e+00
6.718750000000000000e-01,7.656250000000000000e-01,8.505198332692543925e-03,-7.281186517696286442e-02,-5.688735176026653295e-02,5.000000000000000000e-01,-3.494611991516811678e+00
7.031250000000000000e-01,7.656250000000000000e-01,-7.090918691811456086e-03,-1.183156025994300531e-01,-4.770500677245520516e-02,5.000000000000000000e-01,-3.660890237178119566e+00
7.343750000000000000e-01,7.656250000000000000e-01,-2.655257710662950119e-02,-1.697289237413008023e-01,-3.499449723697074799e-02,5.000000000000000000e-01,-3.780625813704394655e+00
7.656250000000000000e-01,7.656250000000000000e-01,-4.898760778610164457e-02,-2.272760870957683532e-01,-1.864008786937448522e-02,5.000000000000000000e-01,-3.813694020553950459e+00
7.968750000000000000e-01,7.656250000000000000e-01,-7.241343332354724383e-02,-2.901698997006508240e-01,1.098653952583315829e-03,5.000000000000000000e-01,-3.686600260928884154e+00
8.281250000000000000e-01,7.656250000000000000e-01,-9.325299441147114066e-02,-3.553107513105553394e-01,2.335672353235486789e-02,5.000000000000000000e-01,-3.277796926002875644e+00
8.593750000000000000e-01,7.656250000000000000e-01,-1.060720391974674381e-01,-4.149499105214460304e-01,4.640429137951691818e-02,5.000000000000000000e-01,-2.403011413112485783e+00
8.906250000000000000e-01,7.656250000000000000e-01,-1.043594112619556091e-01,-4.533389669267365307e-01,6.736174603254536930e-02,5.000000000000000000e-01,-8.306404076924656099e-01
9.218750000000000000e-01,7.656250000000000000e-01,-8.352317995541599926e-02,-4.440289927317356833e-01,8.237081941262441864e-02,5.000000000000000000e-01,1.618727992145614802e+00
9.531250000000000000e-01,7.656250000000000000e-01,-4.695391088910805255e-02,-3.523657364199339614e-01,8.768286861173260616e-02,5.000000000000000000e-01,4.824898550360698479e+00
9.843750000000000000e-01,7.656250000000000000e-01,-1.294965407972841626e-02,-1.514475036912894534e-01,8.154763047170797419e-02,5.000000000000000000e-01,6.501123106504509863e+00
1.562500000000000000e-02,7.968750000000000000e-01,-5.217038409639433716e-03,6.700060033019025751e-02,-6.164325877307193224e-02,5.000000000000000000e-01,3.009882637686563722e+00
4.687500000000000000e-02,7.968750000000000000e-01,-1.935047723240131828e-02,1.589052341228352205e-01,-6.448827017299520181e-02,5.000000000000000000e-01,2.531373132325549502e+00
7.812500000000000000e-02,7.968750000000000000e-01,-3.602173655318589851e-02,2.120947559174418684e-01,-6.381171699655893703e-02,5.000000000000000000e-01,1.551125105215346744e+00
1.093750000000000000e-01,7.968750000000000000e-01,-4.827622624598331552e-02,2.371919264142859363e-01,-6.076054616342105308e-02,5.000000000000000000e-01,7.901900589318350265e-01
1.406250000000000000e-01,7.968750000000000000e-01,-5.370666423277817292e-02,2.443240091366121192e-01,-5.665485791249741387e-02,5.000000000000000000e-01,2.118426535255975018e-01
1.718750000000000000e-01,7.968750000000000000e-01,-5.248875511233080937e-02,2.408726749456183425e-01,-5.256467374438074380e-02,5.000000000000000000e-01,-2.346818874289916534e-01
2.031250000000000000e-01,7.968750000000000000e-01,-4.583404384114260488e-02,2.316021672035786239e-01,-4.918547708940655683e-02,5.000000000000000000e-01,-5.908351354625320795e-01
2.343750000000000000e-01,7.968750000000000000e-01,-3.516550036599141310e-02,2.193703819888418449e-01,-4.688338154168221472e-02,5.000000000000000000e-01,-8.859737868785140247e-01
2.656250000000000000e-01,7.968750000000000000e-01,-2.177783152827732216e-02,2.057803722369123955e-01,-4.578853314970238175e-02,5.000000000000000000e-01,-1.140094543895229906e+00
2.968750000000000000e-01,7.968750000000000000e-01,-6.741969183261285921e-03,1.916452634648111164e-01,-4.587818370025129044e-02,5.000000000000000000e-01,-1.366670451566686317e+00
3.281250000000000000e-01,7.968750000000000000e-01,9.083650410634101779e-03,1.772997393839073621e-01,-4.704011853051601189e-02,5.000000000000000000e-01,-1.575036565474887906e+00
3.593750000000000000e-01,7.968750000000000000e-01,2.500703782385627419e-02,1.627809974760005829e-01,-4.910538311254113164e-02,5.000000000000000000e-01,-1.771931663309221916e+00
3.906250000000000000e-01,7.968750000000000000e-01,4.045638149026656999e-02,1.479482803374400635e-01,-5.187096572870557309e-02,5.000000000000000000e-01,-1.962201371020066754e+00
4.218750000000000000e-01,7.968750000000000000e-01,5.493720275372231121e-02,1.325504974584071349e-01,-5.509779929926786335e-02,5.000000000000000000e-01,-2.149457572877270017e+00
4.531250000000000000e-01,7.968750000000000000e-01,6.799483863573450859e-02,1.162630254470290447e-01,-5.851378894003067543e-02,5.000000000000000000e-01,-2.336377699778730221e+00
4.843750000000000000e-01,7.968750000000000000e-01,7.918626404509634953e-02,9.870998456026539025e-02,-6.181008595106264603e-02,5.000000000000000000e-01,-2.524883287071622462e+00
5.156250000000000000e-01,7.968750000000000000e-01,8.806049807289428877e-02,7.947476237987702308e-02,-6.463791955637995801e-02,5.000000000000000000e-01,-2.716321028716993879e+00
5.468750000000000000e-01,7.968750000000000000e-01,9.414615101349738113e-02,5.810183061922921666e-02,-6.660716463232528584e-02,5.000000000000000000e-01,-2.911564484454548740e+00
5.781250000000000000e-01,7.968750000000000000e-01,9.694424695532743996e-02,3.408970981943589690e-02,-6.728895784556418458e-02,5.000000000000000000e-01,-3.110955896513654118e+00
6.093750000000000000e-01,7.968750000000000000e-01,9.592721054162478556e-02,6.882454022467990665e-03,-6.622244572502905546e-02,5.000000000000000000e-01,-3.313973771210330543e+00
6.406250000000000000e-01,7.968750000000000000e-01,9.055124193538927058e-02,-2.413618995712327533e-02,-6.282339242583476202e-02,5.000000000000000000e-01,-3.518247469694685492e+00
6.718750000000000000e-01,7.968750000000000000e-01,8.029317632065907651e-02,-5.962671461482325908e-02,-5.630901730637666303e-02,5.000000000000000000e-01,-3.719016093714672788e+00
7.031250000000000000e-01,7.968750000000000000e-01,6.470992078730211650e-02,-1.003213806037087097e-01,-4.618790860994086145e-02,5.000000000000000000e-01,-3.909937499553294060e+00
7.343750000000000000e-01,7.968750000000000000e-01,4.355278367145731105e-02,-1.471043502063593134e-01,-3.207034643858054646e-02,5.000000000000000000e-01,-4.079707931744275484e+00
7.656250000000000000e-01,7.968750000000000000e-01,1.700863834767062099e-02,-2.009214846274510191e-01,-1.374160295229590045e-02,5.000000000000000000e-01,-4.200797343879014711e+00
7.968750000000000000e-01,7.968750000000000000e-01,-1.379253296338332768e-02,-2.622975053204686380e-01,8.748050839780360105e-03,5.000000000000000000e-01,-4.212995388000195796e+00
8.281250000000000000e-01,7.968750000000000000e-01,-4.590175841780199523e-02,-3.302343591483949403e-01,3.480245348599378397e-02,5.000000000000000000e-01,-3.992370799182433316e+00
8.593750000000000000e-01,7.968750000000000000e-01,-7.364901774991294836e-02,-3.994599985654990748e-01,6.295515397917451905e-02,5.000000000000000000e-01,-3.313061737722319045e+00
8.906250000000000000e-01,7.968750000000000000e-01,-8.853610786936599863e-02,-4.556544166987421818e-01,9.022352559259687321e-02,5.000000000000000000e-01,-1.834882921752535090e+00
9.218750000000000000e-01,7.968750000000000000e-01,-8.168805635702072743e-02,-4.693978257786148856e-01,1.118930419403778576e-01,5.000000000000000000e-01,8.203457102912232735e-01
9.531250000000000000e-01,7.968750000000000000e-01,-5.138279900351473695e-02,-3.938714297928687103e-01,1.224006994155534822e-01,5.000000000000000000e-01,4.759833110454470884e+00
9.843750000000000000e-01,7.968750000000000000e-01,-1.546585418011559715e-02,-1.798630119511334668e-01,1.178503728326091293e-01,5.000000000000000000e-01,6.940294931173404791e+00
1.562500000000000000e-02,8.281250000000000000e-01,-7.887867025223357920e-03,8.010550576505305609e-02,-7.568702250496552042e-02,5.000000000000000000e-01,3.282753864008016276e+00
4.687500000000000000e-02,8.281250000000000000e-01,-2.719003886937293446e-02,1.792359393548838831e-01,-7.861596381852717363e-02,5.000000000000000000e-01,2.661759348600994279e+00
7.812500000000000000e-02,8.281250000000000000e-01,-4.660777702296642344e-02,2.278530481597712543e-01,-7.581957755336121707e-02,5.000000000000000000e-01,1.393752581772966570e+00
1.093750000000000000e-01,8.281250000000000000e-01,-5.725598700319792234e-02,2.443363338449854316e-01,-6.978386559152176261e-02,5.000000000000000000e-01,4.739952846283462806e-01
1.406250000000000000e-01,8.281250000000000000e-01,-5.763712917362699695e-02,2.429911818631365628e-01,-6.274958326928897767e-02,5.000000000000000000e-01,-1.896467860999920818e-01
1.718750000000000000e-01,8.281250000000000000e-01,-4.938340628838463336e-02,2.327338702134042203e-01,-5.622055438762667279e-02,5.000000000000000000e-01,-6.833859764255364455e-01
2.031250000000000000e-01,8.281250000000000000e-01,-3.486150642718043036e-02,2.185643608034003593e-01,-5.099916380101368607e-02,5.000000000000000000e-01,-1.066280741456839820e+00
2.343750000000000000e-01,8.281250000000000000e-01,-1.622207171583094423e-02,2.031002102025194489e-01,-4.740147214834312950e-02,5.000000000000000000e-01,-1.375637510171376254e+00
2.656250000000000000e-01,8.281250000000000000e-01,4.843127116050492155e-03,1.875976763536392755e-01,-4.545459783125042896e-02,5.000000000000000000e-01,-1.635139822149345612e+00
2.968750000000000000e-01,8.281250000000000000e-01,2.707576869833427588e-02,1.725594554207844078e-01,-4.501918596532822336e-02,5.000000000000000000e-01,-1.860428570061637643e+00
3.281250000000000000e-01,8.281250000000000000e-01,4.955601163452899582e-02,1.580796848978439639e-01,-4.589779844462567315e-02,5.000000000000000000e-01,-2.062283993159415907e+00
3.593750000000000000e-01,8.281250000000000000e-01,7.160280966906595879e-02,1.440308665143048561e-01,-4.785362398371317827e-02,5.000000000000000000e-01,-2.248340306764078367e+00
3.906250000000000000e-01,8.281250000000000000e-01,9.268357254961831493e-02,1.301683047521731695e-01,-5.062357740246808957e-02,5.000000000000000000e-01,-2.424055939094683865e+00
4.218750000000000000e-01,8.281250000000000000e-01,1.123481467454137406e-01,1.161850775844228967e-01,-5.392118265175931124e-02,5.000000000000000000e-01,-2.593462128340575656e+00
4.531250000000000000e-01,8.281250000000000000e-01,1.301821677847547210e-01,1.017367883996600775e-01,-5.743400371450019248e-02,5.000000000000000000e-01,-2.759663520521023372e+00
4.843750000000000000e-01,8.281250000000000000e-01,1.457737423132498267e-01,8.645322166977739697e-02,-6.081772198684377850e-02,5.000000000000000000e-01,-2.925106073006924046e+00
5.156250000000000000e-01,8.281250000000000000e-01,1.586900008125934902e-01,6.994103274322346908e-02,-6.369031530823587861e-02,5.000000000000000000e-01,-3.091767711476373748e+00
5.468750000000000000e-01,8.281250000000000000e-01,1.684603043523578425e-01,5.177960377551531213e-02,-6.562814294264089632e-02,5.000000000000000000e-01,-3.261287613937103202e+00
5.781250000000000000e-01,8.281250000000000000e-01,1.745636679942677294e-01,3.151047707940986264e-02,-6.616543113042955282e-02,5.000000000000000000e-01,-3.435016579191144004e+00
6.093750000000000000e-01,8.281250000000000000e-01,1.764198297035428631e-01,8.622561466921575130e-03,-6.479830310758502576e-02,5.000000000000000000e-01,-3.613945260909634971e+00
6.406250000000000000e-01,8.281250000000000000e-01,1.733859462445003219e-01,-1.746644533629883658e-02,-6.092627948577918062e-02,5.000000000000000000e-01,-3.798072466443560113e+00
6.718750000000000000e-01,8.281250000000000000e-01,1.647585135432741432e-01,-4.741096091969131121e-02,-5.365004438083843807e-02,5.000000000000000000e-01,-3.986052984373626096e+00
7.031250000000000000e-01,8.281250000000000000e-01,1.498025394387333953e-01,-8.199790466094294961e-02,-4.239326175983827716e-02,5.000000000000000000e-01,-4.176602857485099740e+00
7.343750000000000000e-01,8.281250000000000000e-01,1.278290646036453759e-01,-1.222972141981922278e-01,-2.663178875761989042e-02,5.000000000000000000e-01,-4.367235822517756105e+00
7.656250000000000000e-01,8.281250000000000000e-01,9.836907109222745027e-02,-1.697244818004134681e-01,-5.954960274079070665e-03,5.000000000000000000e-01,-4.547111419860490500e+00
7.968750000000000000e-01,8.281250000000000000e-01,6.158590390552108607e-02,-2.259101696497458622e-01,1.982554755188071019e-02,5.000000000000000000e-01,-4.681191691775303809e+00
8.281250000000000000e-01,8.281250000000000000e-01,1.910768729240052213e-02,-2.920342527515785158e-01,5.043577423631244450e-02,5.000000000000000000e-01,-4.669592160769470368e+00
8.593750000000000000e-01,8.281250000000000000e-01,-2.442573814016974973e-02,-3.663794201976343645e-01,8.476663314285957929e-02,5.000000000000000000e-01,-4.277603095016284662e+00
8.906250000000000000e-01,8.281250000000000000e-01,-5.961705586553796982e-02,-4.386565872217856876e-01,1.202592440890035558e-01,5.000000000000000000e-01,-3.059137230957006626e+00
9.218750000000000000e-01,8.281250000000000000e-01,-7.301179994274398233e-02,-4.798489626907106453e-01,1.515583584212121526e-01,5.000000000000000000e-01,-3.709727485827623017e-01
9.531250000000000000e-01,8.281250000000000000e-01,-5.490866646503104326e-02,-4.318286837119919008e-01,1.707181802670119652e-01,5.000000000000000000e-01,4.312227204969612870e+00
9.843750000000000000e-01,8.281250000000000000e-01,-1.870125159459570807e-02,-2.140301177258447651e-01,1.700802599783025615e-01,5.000000000000000000e-01,7.081947689080473118e+00
1.562500000000000000e-02,8.593750000000000000e-01,-1.212828773047879005e-02,1.001216605207552041e-01,-9.679947469202315746e-02,5.000000000000000000e-01,3.501951918826681442e+00
4.687500000000000000e-02,8.593750000000000000e-01,-3.796289412524525564e-02,2.043565628380977772e-01,-9.841289910352642167e-02,5.000000000000000000e-01,2.636946973650090342e+00
7.812500000000000000e-02,8.593750000000000000e-01,-5.803087842389476059e-02,2.422181471288003540e-01,-9.096971658167478381e-02,5.000000000000000000e-01,9.219235566233425772e-01
1.093750000000000000e-01,8.593750000000000000e-01,-6.276279783188964956e-02,2.453513642641827475e-01,-7.976227918663478245e-02,5.000000000000000000e-01,-2.150272570383978676e-01
1.406250000000000000e-01,8.593750000000000000e-01,-5.345620373310987911e-02,2.330506995155885719e-01,-6.837462503333568975e-02,5.000000000000000000e-01,-9.818186672824241734e-01
1.718750000000000000e-01,8.593750000000000000e-01,-3.420395264547098496e-02,2.151683785880709188e-01,-5.864994710540749612e-02,5.000000000000000000e-01,-1.522989165584678561e+00
2.031250000000000000e-01,8.593750000000000000e-01,-8.825157510974878869e-03,1.962291574330333188e-01,-5.126647147367777158e-02,5.000000000000000000e-01,-1.923155945013251600e+00
2.343750000000000000e-01,8.593750000000000000e-01,1.984515956995851899e-02,1.781256617806035725e-01,-4.629518090651305040e-02,5.000000000000000000e-01,-2.231387969454031506e+00
2.656250000000000000e-01,8.593750000000000000e-01,4.987765257432173055e-02,1.614745329393104945e-01,-4.351024884495971468e-02,5.000000000000000000e-01,-2.478091430770254178e+00
2.968750000000000000e-01,8.593750000000000000e-01,8.001682498979575953e-02,1.463107848373553788e-01,-4.262436715058119663e-02,5.000000000000000000e-01,-2.682592924459409112e+00
3.281250000000000000e-01,8.593750000000000000e-01,1.094478110766180512e-01,1.324171264582559848e-01,-4.331021506625395978e-02,5.000000000000000000e-01,-2.857641822063461401e+00
3.593750000000000000e-01,8.593750000000000000e-01,1.376169268509403742e-01,1.194775111450335492e-01,-4.523485556389775231e-02,5.000000000000000000e-01,-3.011960737521810927e+00
3.906250000000000000e-01,8.593750000000000000e-01,1.641140887538023452e-01,1.071437353380301216e-01,-4.806570051358072249e-02,5.000000000000000000e-01,-3.151848161475967469e+00
4.218750000000000000e-01,8.593750000000000000e-01,1.885970694224952116e-01,9.506209213407765257e-02,-5.146499489732438148e-02,5.000000000000000000e-01,-3.282088997985471490e+00
4.531250000000000000e-01,8.593750000000000000e-01,2.107419527536529558e-01,8.288086947950656924e-02,-5.508021552147031319e-02,5.000000000000000000e-01,-3.406479838045827435e+00
4.843750000000000000e-01,8.593750000000000000e-01,2.302096379515924940e-01,7.024988086349630290e-02,-5.853350574900166581e-02,5.000000000000000000e-01,-3.528148566997191704e+00
5.156250000000000000e-01,8.593750000000000000e-01,2.466223621459055493e-01,5.681539085584785126e-02,-6.141225690089434364e-02,5.000000000000000000e-01,-3.649779551053835114e+00
5.468750000000000000e-01,8.593750000000000000e-01,2.595460712207527387e-01,4.221123304827936740e-02,-6.326205443237106762e-02,5.000000000000000000e-01,-3.773787046369422082e+00
5.781250000000000000e-01,8.593750000000000000e-01,2.684757408461801997e-01,2.604581453930842477e-02,-6.358291368420651568e-02,5.000000000000000000e-01,-3.902444207175475466e+00
6.093750000000000000e-01,8.593750000000000000e-01,2.728218669327682755e-01,7.884936211159843458e-03,-6.182985346975018726e-02,5.000000000000000000e-01,-4.037944060983048367e+00
6.406250000000000000e-01,8.593750000000000000e-01,2.718972487014988948e-01,-1.277031839022519169e-02,-5.737014828424247259e-02,5.000000000000000000e-01,-4.181679865402978535e+00
6.718750000000000000e-01,8.593750000000000000e-01,2.648900285193666049e-01,-3.647243498240650833e-02,-4.922587156819746568e-02,5.000000000000000000e-01,-4.335310825918332611e+00
7.031250000000000000e-01,8.593750000000000000e-01,2.508613461016199198e-01,-6.395177407594029861e-02,-3.673022409168437419e-02,5.000000000000000000e-01,-4.502797509385840335e+00
7.343750000000000000e-01,8.593750000000000000e-01,2.287784454393465838e-01,-9.628696928583350967e-02,-1.921069866761783776e-02,5.000000000000000000e-01,-4.689653408195436413e+00
7.656250000000000000e-01,8.593750000000000000e-01,1.975901466373976567e-01,-1.350864343994053474e-01,3.977465975964954159e-03,5.000000000000000000e-01,-4.899360063497690376e+00
7.968750000000000000e-01,8.593750000000000000e-01,1.564721768214081266e-01,-1.826470800480580747e-01,3.338536432635431928e-02,5.000000000000000000e-01,-5.122272175561636942e+00
8.281250000000000000e-01,8.593750000000000000e-01,1.054785010824013658e-01,-2.418254500011389752e-01,6.930628190830848134e-02,5.000000000000000000e-01,-5.302502157796448401e+00
8.593750000000000000e-01,8.593750000000000000e-01,4.707884121839768510e-02,-3.146551376514999943e-01,1.113807980572432965e-01,5.000000000000000000e-01,-5.252544391774288002e+00
8.906250000000000000e-01,8.593750000000000000e-01,-1.080957342762936708e-02,-3.973011373965248394e-01,1.576792189979586145e-01,5.000000000000000000e-01,-4.487508060554809219e+00
9.218750000000000000e-01,8.593750000000000000e-01,-5.167435606080429678e-02,-4.669448858055905704e-01,2.032991878928432083e-01,5.000000000000000000e-01,-2.064822609900363037e+00
9.531250000000000000e-01,8.593750000000000000e-01,-5.507815434924971665e-02,-4.594320957863794463e-01,2.376551277954977448e-01,5.000000000000000000e-01,3.226236208997314669e+00
9.843750000000000000e-01,8.593750000000000000e-01,-2.249045277535088525e-02,-2.552218220957913619e-01,2.464082711308283602e-01,5.000000000000000000e-01,6.638193510994431001e+00
1.562500000000000000e-02,8.906250000000000000e-01,-1.829005731720581562e-02,1.305400055684398097e-01,-1.319492417849349453e-01,5.000000000000000000e-01,3.421120096143506206e+00
4.687500000000000000e-02,8.906250000000000000e-01,-4.990273811445843088e-02,2.313855049824322663e-01,-1.273901682748558584e-01,5.000000000000000000e-01,2.110653768603595992e+00
7.812500000000000000e-02,8.906250000000000000e-01,-6.323319788584036427e-02,2.485876490544972894e-01,-1.098135344037225736e-01,5.000000000000000000e-01,-2.662455105297684144e-01
1.093750000000000000e-01,8.906250000000000000e-01,-5.298423105150983775e-02,2.334648149121501537e-01,-8.986770244799011098e-02,5.000000000000000000e-01,-1.661529094426745790e+00
1.406250000000000000e-01,8.906250000000000000e-01,-2.645644814458731481e-02,2.091028718619188653e-01,-7.238343143105942235e-02,5.000000000000000000e-01,-2.513482258889588650e+00
1.718750000000000000e-01,8.906250000000000000e-01,8.981874478102527121e-03,1.844256325314118650e-01,-5.886601993197404514e-02,5.000000000000000000e-01,-3.060311299813880392e+00
2.031250000000000000e-01,8.906250000000000000e-01,4.829302332868045528e-02,1.622819595046183505e-01,-4.923038408276014799e-02,5.000000000000000000e-01,-3.427846229268829870e+00
2.343750000000000000e-01,8.906250000000000000e-01,8.848505188132319010e-02,1.432105140754424411e-01,-4.300920057410348440e-02,5.000000000000000000e-01,-3.683751641294241264e+00
2.656250000000000000e-01,8.906250000000000000e-01,1.279089645959431976e-01,1.269332749254883930e-01,-3.962733950465535671e-02,5.000000000000000000e-01,-3.867036332675534371e+00
2.968750000000000000e-01,8.906250000000000000e-01,1.656804199959928392e-01,1.129414150356538027e-01,-3.853191882637582721e-02,5.000000000000000000e-01,-4.001297351079339037e+00
3.281250000000000000e-01,8.906250000000000000e-01,2.013253518211735038e-01,1.007105783479546046e-01,-3.922880093334400742e-02,5.000000000000000000e-01,-4.101674667773082206e+00
3.593750000000000000e-01,8.906250000000000000e-01,2.345769646439532785e-01,8.976333065823285939e-02,-4.127951076590888335e-02,5.000000000000000000e-01,-4.178599347385199891e+00
3.906250000000000000e-01,8.906250000000000000e-01,2.652586636309103851e-01,7.967905493501176162e-02,-4.428351615569187105e-02,5.000000000000000000e-01,-4.239665390756510277e+00
4.218750000000000000e-01,8.906250000000000000e-01,2.932158432609821563e-01,7.008661223833134724e-02,-4.785755744381930965e-02,5.000000000000000000e-01,-4.290669185642569161e+00
4.531250000000000000e-01,8.906250000000000000e-01,3.182749463920375721e-01,6.065236291303970073e-02,-5.161642516250640467e-02,5.000000000000000000e-01,-4.336235620979802086e+00
4.843750000000000000e-01,8.906250000000000000e-01,3.402175491269155971e-01,5.106809949714567060e-02,-5.515642661817116155e-02,5.000000000000000000e-01,-4.380229060433165955e+00
5.156250000000000000e-01,8.906250000000000000e-01,3.587625749382412632e-01,4.103942221655968586e-02,-5.804191512075641823e-02,5.000000000000000000e-01,-4.426054147424746787e+00
5.468750000000000000e-01,8.906250000000000000e-01,3.735524184339072962e-01,3.027364911705431733e-02,-5.979495429662058659e-02,5.000000000000000000e-01,-4.476897865609309690e+00
5.781250000000000000e-01,8.906250000000000000e-01,3.841401341056154273e-01,1.846601317339787926e-02,-5.988824658765719289e-02,5.000000000000000000e-01,-4.535924965042089418e+00
6.093750000000000000e-01,8.906250000000000000e-01,3.899752005854497661e-01,5.283545010648018660e-03,-5.774192900728510047e-02,5.000000000000000000e-01,-4.606390655083691499e+00
6.406250000000000000e-01,8.906250000000000000e-01,3.903835666386201164e-01,-9.652675011614354761e-03,-5.267199624105808886e-02,5.000000000000000000e-01,-4.690704639504426510e+00
6.718750000000000000e-01,8.906250000000000000e-01,3.845339844774547933e-01,-2.673327601771977730e-02,-4.368952725688150796e-02,5.000000000000000000e-01,-4.793172483432750042e+00
7.031250000000000000e-01,8.906250000000000000e-01,3.714128494719214357e-01,-4.654111561734694535e-02,-3.003580279060758321e-02,5.000000000000000000e-01,-4.922406904292380148e+00
7.343750000000000000e-01,8.906250000000000000e-01,3.497977422923951307e-01,-6.999961990262713873e-02,-1.088393544958095316e-02,5.000000000000000000e-01,-5.090291894557170238e+00
7.656250000000000000e-01,8.906250000000000000e-01,3.182189642986085198e-01,-9.860670698687620805e-02,1.467439977965555656e-02,5.000000000000000000e-01,-5.311673349851401049e+00
7.968750000000000000e-01,8.906250000000000000e-01,2.749888992763898088e-01,-1.347787726223790283e-01,4.764767911924609745e-02,5.000000000000000000e-01,-5.599458970253133216e+00
8.281250000000000000e-01,8.906250000000000000e-01,2.185060145512366103e-01,-1.822171969626580346e-01,8.912771422358332918e-02,5.000000000000000000e-01,-5.943412944041570611e+00
8.593750000000000000e-01,8.906250000000000000e-01,1.483825989503373965e-01,-2.457403152250779710e-01,1.400884307575484822e-01,5.000000000000000000e-01,-6.239628049573570756e+00
8.906250000000000000e-01,8.906250000000000000e-01,6.856244976504703714e-02,-3.285073959916294251e-01,2.005486124642845702e-01,5.000000000000000000e-01,-6.088486376261349697e+00
9.218750000000000000e-01,8.906250000000000000e-01,-6.091345213825902910e-03,-4.202200495984381723e-01,2.671620929636870923e-01,5.000000000000000000e-01,-4.372950086138038372e+00
9.531250000000000000e-01,8.906250000000000000e-01,-4.482536581756399463e-02,-4.640191131013483572e-01,3.289287731621121647e-01,5.000000000000000000e-01,1.074550583558713024e+00
9.843750000000000000e-01,8.906250000000000000e-01,-2.516779865057150109e-02,-3.028800735217137552e-01,3.603056332297003839e-01,5.000000000000000000e-01,5.114041201180623553e+00
1.562500000000000000e-02,9.218750000000000000e-01,-2.425729491146302180e-02,1.730873577971086541e-01,-1.961050100094639537e-01,5.000000000000000000e-01,2.314990738091469158e+00
4.687500000000000000e-02,9.218750000000000000e-01,-5.183111117691253933e-02,2.480246498164655478e-01,-1.695536702139636975e-01,5.000000000000000000e-01,7.091199942082870855e-02
7.812500000000000000e-02,9.218750000000000000e-01,-3.931122408606634727e-02,2.327590769009997285e-01,-1.306273648931360887e-01,5.000000000000000000e-01,-3.109284979665920101e+00
1.093750000000000000e-01,9.218750000000000000e-01,1.597993377203531240e-03,1.981352027680473027e-01,-9.714797028380736665e-02,5.000000000000000000e-01,-4.631567140494188273e+00
1.406250000000000000e-01,9.218750000000000000e-01,5.459725506675111584e-02,1.649054394095516018e-01,-7.224359913709407777e-02,5.000000000000000000e-01,-5.390291179229191876e+00
1.718750000000000000e-01,9.218750000000000000e-01,1.102445912355960317e-01,1.375374061922444158e-01,-5.493630402447202687e-02,5.000000000000000000e-01,-5.771954579737361257e+00
2.031250000000000000e-01,9.218750000000000000e-01,1.642001133623575693e-01,1.159035148664463721e-01,-4.361951133232673528e-02,5.000000000000000000e-01,-5.951566567357988724e+00
2.343750000000000000e-01,9.218750000000000000e-01,2.147309525717186474e-01,9.886609095161058569e-02,-3.683387858079546773e-02,5.000000000000000000e-01,-6.015570063820056212e+00
2.656250000000000000e-01,9.218750000000000000e-01,2.612983243267539835e-01,8.528641357966491865e-02,-3.344602692300448210e-02,5.000000000000000000e-01,-6.010363570870817185e+00
2.968750000000000000e-01,9.218750000000000000e-01,3.038752128547206333e-01,7.423993245346102721e-02,-3.260403626356245255e-02,5.000000000000000000e-01,-5.963065992049087605e+00
3.281250000000000000e-01,9.218750000000000000e-01,3.426243934350147180e-01,6.501794852467263075e-02,-3.365645287418499165e-02,5.000000000000000000e-01,-5.890645420083369110e+00
3.593750000000000000e-01,9.218750000000000000e-01,3.777478626495724967e-01,5.708087844417721046e-02,-3.608188320094397883e-02,5.000000000000000000e-01,-5.804343697536005209e+00
3.906250000000000000e-01,9.218750000000000000e-01,4.094164572561826976e-01,5.001121355550013081e-02,-3.943536481305219554e-02,5.000000000000000000e-01,-5.712012644814829621e+00
4.218750000000000000e-01,9.218750000000000000e-01,4.377372015031837371e-01,4.347652974077009097e-02,-4.330884298602769023e-02,5.000000000000000000e-01,-5.619450765513817281e+00
4.531250000000000000e-01,9.218750000000000000e-01,4.627381663237049025e-01,3.720237745902443827e-02,-4.730198967580082070e-02,5.000000000000000000e-01,-5.531224567088702138e+00
4.843750000000000000e-01,9.218750000000000000e-01,4.843610135321853583e-01,3.095263500780249394e-02,-5.100030105868541552e-02,5.000000000000000000e-01,-5.451211867139544864e+00
5.156250000000000000e-01,9.218750000000000000e-01,5.024562959798608563e-01,2.451457844690162896e-02,-5.395838761841112441e-02,5.000000000000000000e-01,-5.382994028468594649e+00
5.468750000000000000e-01,9.218750000000000000e-01,5.167787787781727982e-01,1.768616659273445496e-02,-5.568706888220185947e-02,5.000000000000000000e-01,-5.330163686442510595e+00
5.781250000000000000e-01,9.218750000000000000e-01,5.269809470549045027e-01,1.026361174927794412e-02,-5.564341531737433677e-02,5.000000000000000000e-01,-5.296557496463618619e+00
6.093750000000000000e-01,9.218750000000000000e-01,5.326025946904867636e-01,2.029232319351340248e-03,-5.322373246988826301e-02,5.000000000000000000e-01,-5.286309106550438841e+00
6.406250000000000000e-01,9.218750000000000000e-01,5.330494676421577704e-01,-7.253601325159028321e-03,-4.769211856408438199e-02,5.000000000000000000e-01,-5.303303112696524657e+00
6.718750000000000000e-01,9.218750000000000000e-01,5.275748681281808850e-01,-1.780816802903285173e-02,-3.811771902834606984e-02,5.000000000000000000e-01,-5.354367981024433121e+00
7.031250000000000000e-01,9.218750000000000000e-01,5.152454337349863245e-01,-3.001565420730609862e-02,-2.365913301709074087e-02,5.000000000000000000e-01,-5.451336475075544641e+00
7.343750000000000000e-01,9.218750000000000000e-01,4.948560974796404333e-01,-4.452063787779571291e-02,-3.353401607039589380e-03,5.000000000000000000e-01,-5.610408651189858098e+00
7.656250000000000000e-01,9.218750000000000000e-01,4.647905782833583466e-01,-6.244139182163890855e-02,2.395500760831360126e-02,5.000000000000000000e-01,-5.854251143757450926e+00
7.968750000000000000e-01,9.218750000000000000e-01,4.228278724864471538e-01,-8.575131696848642404e-02,5.974506940582288705e-02,5.000000000000000000e-01,-6.213036675433997402e+00
8.281250000000000000e-01,9.218750000000000000e-01,3.659802674823006141e-01,-1.179141628872509007e-01,1.060364727453076000e-01,5.000000000000000000e-01,-6.717516333526480921e+00
8.593750000000000000e-01,9.218750000000000000e-01,2.907653952877744530e-01,-1.647050615050597577e-01,1.656673909447877735e-01,5.000000000000000000e-01,-7.357497136917420022e+00
8.906250000000000000e-01,9.218750000000000000e-01,1.952410907153447894e-01,-2.341981959539275460e-01,2.422917684917499093e-01,5.000000000000000000e-01,-7.915330013017147337e+00
9.218750000000000000e-01,9.218750000000000000e-01,8.612330721310418324e-02,-3.307576711550265225e-01,3.385081650613895876e-01,5.000000000000000000e-01,-7.411488307096171013e+00
9.531250000000000000e-01,9.218750000000000000e-01,-4.897589744944867013e-03,-4.237265739829728650e-01,4.474339125414641405e-01,5.000000000000000000e-01,-2.822637911870855110e+00
9.843750000000000000e-01,9.218750000000000000e-01,-1.983994868987067409e-02,-3.478878208621559165e-01,5.336663632036137139e-01,5.000000000000000000e-01,1.739622323251854397e+00
1.562500000000000000e-02,9.531250000000000000e-01,-1.310239440920886109e-02,2.104470471177805058e-01,-3.208312858937207301e-01,5.000000000000000000e-01,-1.877236916123387722e+00
4.687500000000000000e-02,9.531250000000000000e-01,5.336981025630849196e-03,2.197994013264034929e-01,-2.226230684771638435e-01,5.000000000000000000e-01,-6.517802600509996935e+00
7.812500000000000000e-02,9.531250000000000000e-01,8.120766629486139698e-02,1.725937530309850643e-01,-1.442923776879030673e-01,5.000000000000000000e-01,-9.681379511887854505e+00
1.093750000000000000e-01,9.531250000000000000e-01,1.686350777379287957e-01,1.299638977317247035e-01,-9.378425731378607633e-02,5.000000000000000000e-01,-1.049002823380843807e+01
1.406250000000000000e-01,9.531250000000000000e-01,2.498389539814342974e-01,9.887360651282109392e-02,-6.276018987310670594e-02,5.000000000000000000e-01,-1.049046915847326211e+01
1.718750000000000000e-01,9.531250000000000000e-01,3.207271111685823239e-01,7.703374573298193972e-02,-4.398962711248638469e-02,5.000000000000000000e-01,-1.019001427935249637e+01
2.031250000000000000e-01,9.531250000000000000e-01,3.815946185479209274e-01,6.158414581960874185e-02,-3.298489997325211587e-02,5.000000000000000000e-01,-9.778107003287232146e+00
2.343750000000000000e-01,9.531250000000000000e-01,4.338410795832952083e-01,5.040815975371289170e-02,-2.709371194778061390e-02,5.000000000000000000e-01,-9.333516916428825638e+00
2.656250000000000000e-01,9.531250000000000000e-01,4.789305292772196854e-01,4.208752332860278556e-02,-2.471127284330932802e-02,5.000000000000000000e-01,-8.891251287503378009e+00
2.968750000000000000e-01,9.531250000000000000e-01,5.181035794440684850e-01,3.568888400970771785e-02,-2.481202419746580609e-02,5.000000000000000000e-01,-8.467271741539564189e+00
3.281250000000000000e-01,9.531250000000000000e-01,5.523316365671002703e-01,3.059175926510012550e-02,-2.669071857720256916e-02,5.000000000000000000e-01,-8.068819072040174234e+00
3.593750000000000000e-01,9.531250000000000000e-01,5.823417107707811180e-01,2.637352428551099914e-02,-2.981828248603449541e-02,5.000000000000000000e-01,-7.699122373638633832e+00
3.906250000000000000e-01,9.531250000000000000e-01,6.086551052284301377e-01,2.273657864990704172e-02,-3.375813989673331905e-02,5.000000000000000000e-01,-7.359686496581352877e+00
4.218750000000000000e-01,9.531250000000000000e-01,6.316226800091200300e-01,1.946284561867223095e-02,-3.811477789075622125e-02,5.000000000000000000e-01,-7.051460749579824494e+00
4.531250000000000000e-01,9.531250000000000000e-01,6.514525871021138448e-01,1.638518966760748111e-02,-4.250009575729755962e-02,5.000000000000000000e-01,-6.775468510070319361e+00
4.843750000000000000e-01,9.531250000000000000e-01,6.682304918110143488e-01,1.336907088183848097e-02,-4.650997999987424580e-02,5.000000000000000000e-01,-6.533174542211470204e+00
5.156250000000000000e-01,9.531250000000000000e-01,6.819332333024603621e-01,1.030011863374414791e-02,-4.970699874586022304e-02,5.000000000000000000e-01,-6.326730488471760339e+00
5.468750000000000000e-01,9.531250000000000000e-01,6.924366821389404958e-01,7.074694771099792820e-03,-5.160674839217588294e-02,5.000000000000000000e-01,-6.159168695463158372e+00
5.781250000000000000e-01,9.531250000000000000e-01,6.995180433612084858e-01,3.591554071912903424e-03,-5.166608251376945959e-02,5.000000000000000000e-01,-6.034545122518869320e+00
6.093750000000000000e-01,9.531250000000000000e-01,7.028523066704152056e-01,-2.546209480726109760e-04,-4.927204901397636005e-02,5.000000000000000000e-01,-5.957886735274620982e+00
6.406250000000000000e-01,9.531250000000000000e-01,7.020026108337686921e-01,-4.566925172759554383e-03,-4.367449174513859944e-02,5.000000000000000000e-01,-5.935353390578820054e+00
6.718750000000000000e-01,9.531250000000000000e-01,6.964199304093348086e-01,-9.437564243021332941e-03,-3.402283594884095153e-02,5.000000000000000000e-01,-5.976307455487043008e+00
7.031250000000000000e-01,9.531250000000000000e-01,6.854089093153801215e-01,-1.504580250616860751e-02,-1.942492630913128515e-02,5.000000000000000000e-01,-6.094573205483558631e+00
7.343750000000000000e-01,9.531250000000000000e-01,6.680225453774284450e-01,-2.171478938563567440e-02,1.162228392197766844e-03,5.000000000000000000e-01,-6.309250838483292156e+00
7.656250000000000000e-01,9.531250000000000000e-01,6.428789816927584777e-01,-3.003815743284675432e-02,2.904929698419087686e-02,5.000000000000000000e-01,-6.648410320244469318e+00
7.968750000000000000e-01,9.531250000000000000e-01,6.078309204254026543e-01,-4.114378429301159684e-02,6.604318333478113867e-02,5.000000000000000000e-01,-7.155111507775380630e+00
8.281250000000000000e-01,9.531250000000000000e-01,5.593970408600683619e-01,-5.724021099324484718e-02,1.149101057440948120e-01,5.000000000000000000e-01,-7.894886652987326947e+00
8.593750000000000000e-01,9.531250000000000000e-01,4.919421369409994749e-01,-8.270923728547083242e-02,1.803201183540958374e-01,5.000000000000000000e-01,-8.952606342871137102e+00
8.906250000000000000e-01,9.531250000000000000e-01,3.972179659286519948e-01,-1.259455445887392999e-01,2.706617681889298410e-01,5.000000000000000000e-01,-1.035128309967905125e+01
9.218750000000000000e-01,9.531250000000000000e-01,2.675982959506394421e-01,-2.002728690399616096e-01,4.004884561306661372e-01,5.000000000000000000e-01,-1.158905545952305971e+01
9.531250000000000000e-01,9.531250000000000000e-01,1.144593539672350557e-01,-3.100515371565843448e-01,5.867079827022446681e-01,5.000000000000000000e-01,-9.636955626049088508e+00
9.843750000000000000e-01,9.531250000000000000e-01,1.778331238782149964e-02,-3.499444571642050805e-01,8.001368621460939190e-01,5.000000000000000000e-01,-4.251301777492862755e+00
1.562500000000000000e-02,9.843750000000000000e-01,1.117747207634946921e-01,1.117747207634946921e-01,-5.830338705615478734e-01,5.000000000000000000e-01,-4.560736646240664882e+00
4.687500000000000000e-02,9.843750000000000000e-01,3.176782572681668415e-01,9.412881574117745731e-02,-2.530072383322624630e-01,5.000000000000000000e-01,-1.075719767113064229e+01
7.812500000000000000e-02,9.843750000000000000e-01,4.759394918122458185e-01,6.413241880290153352e-02,-1.229326554471047578e-01,5.000000000000000000e-01,-1.344255625470442617e+01
1.093750000000000000e-01,9.843750000000000000e-01,5.835046114720670030e-01,4.343270085691963711e-02,-6.604480928112342608e-02,5.000000000000000000e-01,-1.381579797004123833e+01
1.406250000000000000e-01,9.843750000000000000e-01,6.573214254725872063e-01,3.038411314360050380e-02,-3.828465095080603453e-02,5.000000000000000000e-01,-1.338035455125597473e+01
1.718750000000000000e-01,9.843750000000000000e-01,7.098310230019146960e-01,2.212548438572698589e-02,-2.391159871427315717e-02,5.000000000000000000e-01,-1.266947566574985906e+01
2.031250000000000000e-01,9.843750000000000000e-01,7.487062150885406275e-01,1.674970770089907052e-02,-1.665305565934132800e-02,5.000000000000000000e-01,-1.189160740638226876e+01
2.343750000000000000e-01,9.843750000000000000e-01,7.785791373575143837e-01,1.312321456807463184e-02,-1.367067489618579296e-02,5.000000000000000000e-01,-1.113033473797146300e+01
2.656250000000000000e-01,9.843750000000000000e-01,8.022822540517099421e-01,1.057990212612094569e-02,-1.350597393007911540e-02,5.000000000000000000e-01,-1.041767820251912369e+01
2.968750000000000000e-01,9.843750000000000000e-01,8.215839326374407836e-01,8.721776459609895810e-03,-1.530896126296394863e-02,5.000000000000000000e-01,-9.763777470345397447e+00
3.281250000000000000e-01,9.843750000000000000e-01,8.376102257133288820e-01,7.304516616278164398e-03,-1.851683998712422285e-02,5.000000000000000000e-01,-9.169693867118082764e+00
3.593750000000000000e-01,9.843750000000000000e-01,8.510878303867940309e-01,6.173088057186958480e-03,-2.270585684567271931e-02,5.000000000000000000e-01,-8.633143834665704119e+00
3.906250000000000000e-01,9.843750000000000000e-01,8.624861846256784981e-01,5.225266181697499172e-03,-2.751561244919705981e-02,5.000000000000000000e-01,-8.151113412630984101e+00
4.218750000000000000e-01,9.843750000000000000e-01,8.721021093696231796e-01,4.390658562247204931e-03,-3.260609836862976563e-02,5.000000000000000000e-01,-7.721051509892927989e+00
4.531250000000000000e-01,9.843750000000000000e-01,8.801111734662661057e-01,3.618405534395799199e-03,-3.763063129870725110e-02,5.000000000000000000e-01,-7.341408942474796362e+00
4.843750000000000000e-01,9.843750000000000000e-01,8.865993513865388920e-01,2.869772385876932005e-03,-4.221708031364351799e-02,5.000000000000000000e-01,-7.011882768948056288e+00
5.156250000000000000e-01,9.843750000000000000e-01,8.915825753986071911e-01,2.113451626191387069e-03,-4.595366128806835371e-02,5.000000000000000000e-01,-6.733539614722881872e+00
5.468750000000000000e-01,9.843750000000000000e-01,8.950182576827889758e-01,1.322230657990463524e-03,-4.837707716074896025e-02,5.000000000000000000e-01,-6.508902232984103087e+00
5.781250000000000000e-01,9.843750000000000000e-01,8.968107014931614440e-01,4.702131523818863304e-04,-4.896093753849180275e-02,5.000000000000000000e-01,-6.342022802671383630e+00
6.093750000000000000e-01,9.843750000000000000e-01,8.968120364004781297e-01,-4.688782450650928312e-04,-4.710145869353334069e-02,5.000000000000000000e-01,-6.238507512152567713e+00
6.406250000000000000e-01,9.843750000000000000e-01,8.948261112583852928e-01,-1.517046897027749149e-03,-4.208397267220702342e-02,5.000000000000000000e-01,-6.205951683245020334e+00
6.718750000000000000e-01,9.843750000000000000e-01,8.906152067627119973e-01,-2.693857598645672553e-03,-3.310385662760487180e-02,5.000000000000000000e-01,-6.254653136619177545e+00
7.031250000000000000e-01,9.843750000000000000e-01,8.838790339350943714e-01,-4.042315228971992726e-03,-1.927409128985395695e-02,5.000000000000000000e-01,-6.398259046219794577e+00
7.343750000000000000e-01,9.843750000000000000e-01,8.741919199581680289e-01,-5.644798747954338572e-03,4.375346148613335623e-04,5.000000000000000000e-01,-6.655301228023343896e+00
7.656250000000000000e-01,9.843750000000000000e-01,8.608872283912617496e-01,-7.659892818951837511e-03,2.732827812635639508e-02,5.000000000000000000e-01,-7.052459872949626174e+00
7.968750000000000000e-01,9.843750000000000000e-01,8.428202881620103781e-01,-1.040704741029945847e-02,6.320624479782153970e-02,5.000000000000000000e-01,-7.630189649670803043e+00
8.281250000000000000e-01,9.843750000000000000e-01,8.178452303015493197e-01,-1.456801045016159479e-02,1.109383282382943453e-01,5.000000000000000000e-01,-8.450697491237187720e+00
8.593750000000000000e-01,9.843750000000000000e-01,7.815979581217260552e-01,-2.167926172966180842e-02,1.757896745402980077e-01,5.000000000000000000e-01,-9.600474809800978448e+00
8.906250000000000000e-01,9.843750000000000000e-01,7.246326526907946874e-01,-3.528604370126953160e-02,2.690138982501815712e-01,5.000000000000000000e-01,-1.113861503869917158e+01
9.218750000000000000e-01,9.843750000000000000e-01,6.263332808654504813e-01,-6.301332812407466066e-02,4.180715965893331831e-01,5.000000000000000000e-01,-1.276421328177357850e+01
9.531250000000000000e-01,9.843750000000000000e-01,4.477405487588796973e-01,-1.155794039824961511e-01,6.944960326234607129e-01,5.000000000000000000e-01,-1.231407414155850155e+01
9.843750000000000000e-01,9.843750000000000000e-01,1.660805723881917939e-01,-1.660805723881917662e-01,1.259567356163243224e+00,5.000000000000000000e-01,-6.361549708994109764e+00
