x_m,y_m,pressure_Pa,permeability_m2,velocity_x_m_s,velocity_y_m_s
8.333333333333333868e-04,6.250000000000000130e-04,9.916666666666640140e+01,1.000000000000000036e-10,1.000000000000318126e-04,0.000000000000000000e+00
2.500000000000000052e-03,6.250000000000000130e-04,9.749999999999920419e+01,1.000000000000000036e-10,1.000000000000309452e-04,0.000000000000000000e+00
4.166666666666666609e-03,6.250000000000000130e-04,9.583333333333203541e+01,1.000000000000000036e-10,1.000000000000309452e-04,1.136868377216160005e-18
5.833333333333333599e-03,6.250000000000000130e-04,9.416666666666483820e+01,1.000000000000000036e-10,1.000000000000296713e-04,5.684341886080800026e-19
7.500000000000000590e-03,6.250000000000000130e-04,9.249999999999771205e+01,1.000000000000000036e-10,1.000000000000288175e-04,1.136868377216160005e-18
9.166666666666666713e-03,6.250000000000000130e-04,9.083333333333054327e+01,1.000000000000000036e-10,1.000000000000271234e-04,-5.684341886080800026e-19
1.083333333333333370e-02,6.250000000000000130e-04,8.916666666666347396e+01,1.000000000000000036e-10,1.000000000000245620e-04,5.684341886080800026e-19
1.250000000000000069e-02,6.250000000000000130e-04,8.749999999999639044e+01,1.000000000000000036e-10,1.000000000000245620e-04,5.684341886080800026e-19
1.416666666666666768e-02,6.250000000000000130e-04,8.583333333332932114e+01,1.000000000000000036e-10,1.000000000000232745e-04,-5.684341886080800026e-19
1.583333333333333467e-02,6.250000000000000130e-04,8.416666666666228025e+01,1.000000000000000036e-10,1.000000000000224207e-04,0.000000000000000000e+00
1.750000000000000167e-02,6.250000000000000130e-04,8.249999999999523936e+01,1.000000000000000036e-10,1.000000000000220005e-04,1.136868377216160005e-18
1.916666666666666866e-02,6.250000000000000130e-04,8.083333333332821269e+01,1.000000000000000036e-10,1.000000000000211603e-04,1.136868377216160005e-18
2.083333333333333565e-02,6.250000000000000130e-04,7.916666666666120022e+01,1.000000000000000036e-10,1.000000000000194527e-04,5.684341886080800026e-19
2.250000000000000264e-02,6.250000000000000130e-04,7.749999999999423039e+01,1.000000000000000036e-10,1.000000000000177451e-04,0.000000000000000000e+00
2.416666666666666963e-02,6.250000000000000130e-04,7.583333333332727477e+01,1.000000000000000036e-10,1.000000000000185853e-04,1.705302565824240104e-18
2.583333333333333662e-02,6.250000000000000130e-04,7.416666666666027652e+01,1.000000000000000036e-10,1.000000000000177451e-04,0.000000000000000000e+00
2.750000000000000014e-02,6.250000000000000130e-04,7.249999999999334932e+01,1.000000000000000036e-10,1.000000000000156173e-04,5.684341886080800026e-19
2.916666666666666713e-02,6.250000000000000130e-04,7.083333333332642212e+01,1.000000000000000036e-10,1.000000000000143298e-04,5.684341886080800026e-19
3.083333333333333412e-02,6.250000000000000130e-04,6.916666666665953755e+01,1.000000000000000036e-10,1.000000000000126222e-04,0.000000000000000000e+00
3.250000000000000111e-02,6.250000000000000130e-04,6.749999999999266720e+01,1.000000000000000036e-10,1.000000000000104944e-04,0.000000000000000000e+00
3.416666666666667157e-02,6.250000000000000130e-04,6.583333333332585369e+01,1.000000000000000036e-10,1.000000000000062254e-04,-5.684341886080800026e-19
3.583333333333333509e-02,6.250000000000000130e-04,6.416666666665912544e+01,1.000000000000000036e-10,1.000000000000038808e-04,5.684341886080800026e-19
3.750000000000000555e-02,6.250000000000000130e-04,6.249999999999239009e+01,1.000000000000000036e-10,1.000000000000032438e-04,2.842170943040400013e-19
3.916666666666666907e-02,6.250000000000000130e-04,6.083333333332568316e+01,1.000000000000000036e-10,1.000000000000017531e-04,-2.842170943040400013e-19
4.083333333333333259e-02,6.250000000000000130e-04,5.916666666665899754e+01,1.000000000000000036e-10,1.000000000000006824e-04,5.684341886080800026e-19
4.250000000000000305e-02,6.250000000000000130e-04,5.749999999999232614e+01,1.000000000000000036e-10,9.999999999999982861e-05,8.526512829121200521e-19
4.416666666666666657e-02,6.250000000000000130e-04,5.583333333332566895e+01,1.000000000000000036e-10,9.999999999999940848e-05,1.136868377216160005e-18
4.583333333333333703e-02,6.250000000000000130e-04,5.416666666665901175e+01,1.000000000000000036e-10,9.999999999999877151e-05,5.684341886080800026e-19
4.750000000000000056e-02,6.250000000000000130e-04,5.249999999999237588e+01,1.000000000000000036e-10,9.999999999999768731e-05,0.000000000000000000e+00
4.916666666666667102e-02,6.250000000000000130e-04,5.083333333332575421e+01,1.000000000000000036e-10,9.999999999999619653e-05,0.000000000000000000e+00
5.083333333333333454e-02,6.250000000000000130e-04,4.916666666665916807e+01,1.000000000000000036e-10,9.999999999999513943e-05,5.684341886080800026e-19
5.250000000000000500e-02,6.250000000000000130e-04,4.749999999999258193e+01,1.000000000000000036e-10,9.999999999999450247e-05,5.684341886080800026e-19
5.416666666666666852e-02,6.250000000000000130e-04,4.583333333332601711e+01,1.000000000000000036e-10,9.999999999999343182e-05,8.526512829121200521e-19
5.583333333333333898e-02,6.250000000000000130e-04,4.416666666665946650e+01,1.000000000000000036e-10,9.999999999999237472e-05,2.842170943040400013e-19
5.750000000000000250e-02,6.250000000000000130e-04,4.249999999999293721e+01,1.000000000000000036e-10,9.999999999999131762e-05,8.526512829121200521e-19
5.916666666666667296e-02,6.250000000000000130e-04,4.083333333332642212e+01,1.000000000000000036e-10,9.999999999999045026e-05,8.526512829121200521e-19
6.083333333333333648e-02,6.250000000000000130e-04,3.916666666665992125e+01,1.000000000000000036e-10,9.999999999998981329e-05,8.526512829121200521e-19
6.250000000000000000e-02,6.250000000000000130e-04,3.749999999999342748e+01,1.000000000000000036e-10,9.999999999998874264e-05,5.684341886080800026e-19
6.416666666666667740e-02,6.250000000000000130e-04,3.583333333332696213e+01,1.000000000000000036e-10,9.999999999998746870e-05,5.684341886080800026e-19
6.583333333333334092e-02,6.250000000000000130e-04,3.416666666666051100e+01,1.000000000000000036e-10,9.999999999998661490e-05,8.526512829121200521e-19
6.750000000000000444e-02,6.250000000000000130e-04,3.249999999999407407e+01,1.000000000000000036e-10,9.999999999998661490e-05,1.136868377216160005e-18
6.916666666666666796e-02,6.250000000000000130e-04,3.083333333332762294e+01,1.000000000000000036e-10,9.999999999998650648e-05,7.105427357601000273e-19
7.083333333333333148e-02,6.250000000000000130e-04,2.916666666666118957e+01,1.000000000000000036e-10,9.999999999998523254e-05,4.263256414560600260e-19
7.250000000000000888e-02,6.250000000000000130e-04,2.749999999999478106e+01,1.000000000000000036e-10,9.999999999998405347e-05,1.421085471520200007e-19
7.416666666666667240e-02,6.250000000000000130e-04,2.583333333332838677e+01,1.000000000000000036e-10,9.999999999998341650e-05,1.421085471520200007e-19
7.583333333333333592e-02,6.250000000000000130e-04,2.416666666666199959e+01,1.000000000000000036e-10,9.999999999998288795e-05,1.421085471520200007e-19
7.749999999999999944e-02,6.250000000000000130e-04,2.249999999999562306e+01,1.000000000000000036e-10,9.999999999998245427e-05,2.842170943040400013e-19
7.916666666666667684e-02,6.250000000000000130e-04,2.083333333332925008e+01,1.000000000000000036e-10,9.999999999998225098e-05,2.842170943040400013e-19
8.083333333333334036e-02,6.250000000000000130e-04,1.916666666666288066e+01,1.000000000000000036e-10,9.999999999998181730e-05,0.000000000000000000e+00
8.250000000000000389e-02,6.250000000000000130e-04,1.749999999999652189e+01,1.000000000000000036e-10,9.999999999998128875e-05,0.000000000000000000e+00
8.416666666666666741e-02,6.250000000000000130e-04,1.583333333333017023e+01,1.000000000000000036e-10,9.999999999998107191e-05,1.421085471520200007e-19
8.583333333333334481e-02,6.250000000000000130e-04,1.416666666666381857e+01,1.000000000000000036e-10,9.999999999998101770e-05,2.842170943040400013e-19
8.750000000000000833e-02,6.250000000000000130e-04,1.249999999999746869e+01,1.000000000000000036e-10,9.999999999998065178e-05,1.421085471520200007e-19
8.916666666666667185e-02,6.250000000000000130e-04,1.083333333333112947e+01,1.000000000000000036e-10,9.999999999998012323e-05,7.105427357601000033e-20
9.083333333333333537e-02,6.250000000000000130e-04,9.166666666664797347e+00,1.000000000000000036e-10,9.999999999997982508e-05,7.105427357601000033e-20
9.250000000000001277e-02,6.250000000000000130e-04,7.499999999998467892e+00,1.000000000000000036e-10,9.999999999997977087e-05,3.552713678800500016e-20
9.416666666666667629e-02,6.250000000000000130e-04,5.833333333332137549e+00,1.000000000000000036e-10,9.999999999997966245e-05,3.552713678800500016e-20
9.583333333333333981e-02,6.250000000000000130e-04,4.166666666665811647e+00,1.000000000000000036e-10,9.999999999997951337e-05,3.552713678800500016e-20
9.750000000000000333e-02,6.250000000000000130e-04,2.499999999999486189e+00,1.000000000000000036e-10,9.999999999997945916e-05,0.000000000000000000e+00
9.916666666666666685e-02,6.250000000000000130e-04,8.333333333331620629e-01,1.000000000000000036e-10,9.999999999997941850e-05,4.440892098500625020e-21
8.333333333333333868e-04,1.874999999999999931e-03,9.916666666666640140e+01,1.000000000000000036e-10,1.000000000000318126e-04,1.136868377216160005e-18
2.500000000000000052e-03,1.874999999999999931e-03,9.749999999999920419e+01,1.000000000000000036e-10,1.000000000000318126e-04,1.136868377216160005e-18
4.166666666666666609e-03,1.874999999999999931e-03,9.583333333333200699e+01,1.000000000000000036e-10,1.000000000000313789e-04,2.273736754432320010e-18
5.833333333333333599e-03,1.874999999999999931e-03,9.416666666666482399e+01,1.000000000000000036e-10,1.000000000000296713e-04,2.273736754432320010e-18
7.500000000000000590e-03,1.874999999999999931e-03,9.249999999999768363e+01,1.000000000000000036e-10,1.000000000000279637e-04,1.705302565824239912e-18
9.166666666666666713e-03,1.874999999999999931e-03,9.083333333333055748e+01,1.000000000000000036e-10,1.000000000000266897e-04,-5.684341886080800026e-19
1.083333333333333370e-02,1.874999999999999931e-03,8.916666666666345975e+01,1.000000000000000036e-10,1.000000000000254158e-04,1.136868377216160005e-18
1.250000000000000069e-02,1.874999999999999931e-03,8.749999999999637623e+01,1.000000000000000036e-10,1.000000000000237082e-04,0.000000000000000000e+00
1.416666666666666768e-02,1.874999999999999931e-03,8.583333333332933535e+01,1.000000000000000036e-10,1.000000000000228544e-04,5.684341886080800026e-19
1.583333333333333467e-02,1.874999999999999931e-03,8.416666666666228025e+01,1.000000000000000036e-10,1.000000000000237082e-04,1.136868377216160005e-18
1.750000000000000167e-02,1.874999999999999931e-03,8.249999999999521094e+01,1.000000000000000036e-10,1.000000000000228679e-04,1.705302565824239912e-18
1.916666666666666866e-02,1.874999999999999931e-03,8.083333333332818427e+01,1.000000000000000036e-10,1.000000000000207266e-04,1.705302565824239912e-18
2.083333333333333565e-02,1.874999999999999931e-03,7.916666666666118601e+01,1.000000000000000036e-10,1.000000000000185853e-04,5.684341886080800026e-19
2.250000000000000264e-02,1.874999999999999931e-03,7.749999999999423039e+01,1.000000000000000036e-10,1.000000000000185853e-04,1.136868377216160005e-18
2.416666666666666963e-02,1.874999999999999931e-03,7.583333333332723214e+01,1.000000000000000036e-10,1.000000000000185853e-04,2.273736754432320010e-18
2.583333333333333662e-02,1.874999999999999931e-03,7.416666666666027652e+01,1.000000000000000036e-10,1.000000000000168777e-04,5.684341886080800026e-19
2.750000000000000014e-02,1.874999999999999931e-03,7.249999999999333511e+01,1.000000000000000036e-10,1.000000000000160374e-04,1.136868377216160005e-18
2.916666666666666713e-02,1.874999999999999931e-03,7.083333333332640791e+01,1.000000000000000036e-10,1.000000000000139097e-04,5.684341886080800026e-19
3.083333333333333412e-02,1.874999999999999931e-03,6.916666666665953755e+01,1.000000000000000036e-10,1.000000000000122021e-04,5.684341886080800026e-19
3.250000000000000111e-02,1.874999999999999931e-03,6.749999999999266720e+01,1.000000000000000036e-10,1.000000000000100743e-04,-0.000000000000000000e+00
3.416666666666667157e-02,1.874999999999999931e-03,6.583333333332586790e+01,1.000000000000000036e-10,1.000000000000066591e-04,0.000000000000000000e+00
3.583333333333333509e-02,1.874999999999999931e-03,6.416666666665911123e+01,1.000000000000000036e-10,1.000000000000045178e-04,5.684341886080800026e-19
3.750000000000000555e-02,1.874999999999999931e-03,6.249999999999238298e+01,1.000000000000000036e-10,1.000000000000025933e-04,0.000000000000000000e+00
3.916666666666666907e-02,1.874999999999999931e-03,6.083333333332569026e+01,1.000000000000000036e-10,1.000000000000019699e-04,0.000000000000000000e+00
4.083333333333333259e-02,1.874999999999999931e-03,5.916666666665898333e+01,1.000000000000000036e-10,1.000000000000015362e-04,2.842170943040400013e-19
4.250000000000000305e-02,1.874999999999999931e-03,5.749999999999230482e+01,1.000000000000000036e-10,1.000000000000002623e-04,5.684341886080800989e-19
4.416666666666666657e-02,1.874999999999999931e-03,5.583333333332564052e+01,1.000000000000000036e-10,9.999999999999920519e-05,1.136868377216160005e-18
4.583333333333333703e-02,1.874999999999999931e-03,5.416666666665899754e+01,1.000000000000000036e-10,9.999999999999790415e-05,5.684341886080800026e-19
4.750000000000000056e-02,1.874999999999999931e-03,5.249999999999237588e+01,1.000000000000000036e-10,9.999999999999726718e-05,5.684341886080800026e-19
4.916666666666667102e-02,1.874999999999999931e-03,5.083333333332575421e+01,1.000000000000000036e-10,9.999999999999663021e-05,5.684341886080800026e-19
5.083333333333333454e-02,1.874999999999999931e-03,4.916666666665915386e+01,1.000000000000000036e-10,9.999999999999557312e-05,1.705302565824239912e-18
5.250000000000000500e-02,1.874999999999999931e-03,4.749999999999256772e+01,1.000000000000000036e-10,9.999999999999471931e-05,1.421085471520200055e-18
5.416666666666666852e-02,1.874999999999999931e-03,4.583333333332599580e+01,1.000000000000000036e-10,9.999999999999322853e-05,1.136868377216160005e-18
5.583333333333333898e-02,1.874999999999999931e-03,4.416666666665945939e+01,1.000000000000000036e-10,9.999999999999237472e-05,8.526512829121199558e-19
5.750000000000000250e-02,1.874999999999999931e-03,4.249999999999291589e+01,1.000000000000000036e-10,9.999999999999172420e-05,8.526512829121200521e-19
5.916666666666667296e-02,1.874999999999999931e-03,4.083333333332640080e+01,1.000000000000000036e-10,9.999999999999045026e-05,1.136868377216160005e-18
6.083333333333333648e-02,1.874999999999999931e-03,3.916666666665989993e+01,1.000000000000000036e-10,9.999999999998959645e-05,1.136868377216160005e-18
6.250000000000000000e-02,1.874999999999999931e-03,3.749999999999341327e+01,1.000000000000000036e-10,9.999999999998852580e-05,8.526512829121199558e-19
6.416666666666667740e-02,1.874999999999999931e-03,3.583333333332694792e+01,1.000000000000000036e-10,9.999999999998768554e-05,1.136868377216160005e-18
6.583333333333334092e-02,1.874999999999999931e-03,3.416666666666048968e+01,1.000000000000000036e-10,9.999999999998703502e-05,1.989519660128279961e-18
6.750000000000000444e-02,1.874999999999999931e-03,3.249999999999404565e+01,1.000000000000000036e-10,9.999999999998650648e-05,2.273736754432320010e-18
6.916666666666666796e-02,1.874999999999999931e-03,3.083333333332760517e+01,1.000000000000000036e-10,9.999999999998597793e-05,1.421085471520200055e-18
7.083333333333333148e-02,1.874999999999999931e-03,2.916666666666117891e+01,1.000000000000000036e-10,9.999999999998479886e-05,7.105427357601000273e-19
7.250000000000000888e-02,1.874999999999999931e-03,2.749999999999477751e+01,1.000000000000000036e-10,9.999999999998383663e-05,2.842170943040400013e-19
7.416666666666667240e-02,1.874999999999999931e-03,2.583333333332838322e+01,1.000000000000000036e-10,9.999999999998341650e-05,2.842170943040400013e-19
7.583333333333333592e-02,1.874999999999999931e-03,2.416666666666199603e+01,1.000000000000000036e-10,9.999999999998299637e-05,4.263256414560599779e-19
7.749999999999999944e-02,1.874999999999999931e-03,2.249999999999561595e+01,1.000000000000000036e-10,9.999999999998256269e-05,5.684341886080800026e-19
7.916666666666667684e-02,1.874999999999999931e-03,2.083333333332924298e+01,1.000000000000000036e-10,9.999999999998204769e-05,2.842170943040400013e-19
8.083333333333334036e-02,1.874999999999999931e-03,1.916666666666288066e+01,1.000000000000000036e-10,9.999999999998161401e-05,1.421085471520200007e-19
8.250000000000000389e-02,1.874999999999999931e-03,1.749999999999652189e+01,1.000000000000000036e-10,9.999999999998139717e-05,1.421085471520200007e-19
8.416666666666666741e-02,1.874999999999999931e-03,1.583333333333016668e+01,1.000000000000000036e-10,9.999999999998128875e-05,4.973799150320699902e-19
8.583333333333334481e-02,1.874999999999999931e-03,1.416666666666381147e+01,1.000000000000000036e-10,9.999999999998101770e-05,4.973799150320699902e-19
8.750000000000000833e-02,1.874999999999999931e-03,1.249999999999746514e+01,1.000000000000000036e-10,9.999999999998048915e-05,2.131628207280299889e-19
8.916666666666667185e-02,1.874999999999999931e-03,1.083333333333112769e+01,1.000000000000000036e-10,9.999999999998006902e-05,2.131628207280299889e-19
9.083333333333333537e-02,1.874999999999999931e-03,9.166666666664795571e+00,1.000000000000000036e-10,9.999999999997979797e-05,2.131628207280299889e-19
9.250000000000001277e-02,1.874999999999999931e-03,7.499999999998467004e+00,1.000000000000000036e-10,9.999999999997974376e-05,1.421085471520200007e-19
9.416666666666667629e-02,1.874999999999999931e-03,5.833333333332136661e+00,1.000000000000000036e-10,9.999999999997966245e-05,1.065814103640149945e-19
9.583333333333333981e-02,1.874999999999999931e-03,4.166666666665810759e+00,1.000000000000000036e-10,9.999999999997948627e-05,7.105427357601000033e-20
9.750000000000000333e-02,1.874999999999999931e-03,2.499999999999486189e+00,1.000000000000000036e-10,9.999999999997943206e-05,3.552713678800500016e-20
9.916666666666666685e-02,1.874999999999999931e-03,8.333333333331619519e-01,1.000000000000000036e-10,9.999999999997941850e-05,2.220446049250312585e-20
8.333333333333333868e-04,3.125000000000000173e-03,9.916666666666637298e+01,1.000000000000000036e-10,1.000000000000335202e-04,5.684341886080800026e-19
2.500000000000000052e-03,3.125000000000000173e-03,9.749999999999917577e+01,1.000000000000000036e-10,1.000000000000318126e-04,1.136868377216160005e-18
4.166666666666666609e-03,3.125000000000000173e-03,9.583333333333197857e+01,1.000000000000000036e-10,1.000000000000318126e-04,1.136868377216160005e-18
5.833333333333333599e-03,3.125000000000000173e-03,9.416666666666478136e+01,1.000000000000000036e-10,1.000000000000292647e-04,1.705302565824240104e-18
7.500000000000000590e-03,3.125000000000000173e-03,9.249999999999766942e+01,1.000000000000000036e-10,1.000000000000267033e-04,1.705302565824239912e-18
9.166666666666666713e-03,3.125000000000000173e-03,9.083333333333055748e+01,1.000000000000000036e-10,1.000000000000267033e-04,1.705302565824240104e-18
1.083333333333333370e-02,3.125000000000000173e-03,8.916666666666344554e+01,1.000000000000000036e-10,1.000000000000249957e-04,0.000000000000000000e+00
1.250000000000000069e-02,3.125000000000000173e-03,8.749999999999639044e+01,1.000000000000000036e-10,1.000000000000241418e-04,-5.684341886080800026e-19
1.416666666666666768e-02,3.125000000000000173e-03,8.583333333332930692e+01,1.000000000000000036e-10,1.000000000000241418e-04,5.684341886080800026e-19
1.583333333333333467e-02,3.125000000000000173e-03,8.416666666666225183e+01,1.000000000000000036e-10,1.000000000000232880e-04,5.684341886080800026e-19
1.750000000000000167e-02,3.125000000000000173e-03,8.249999999999519673e+01,1.000000000000000036e-10,1.000000000000224342e-04,5.684341886080800026e-19
1.916666666666666866e-02,3.125000000000000173e-03,8.083333333332817006e+01,1.000000000000000036e-10,1.000000000000203065e-04,5.684341886080800026e-19
2.083333333333333565e-02,3.125000000000000173e-03,7.916666666666118601e+01,1.000000000000000036e-10,1.000000000000190325e-04,-0.000000000000000000e+00
2.250000000000000264e-02,3.125000000000000173e-03,7.749999999999420197e+01,1.000000000000000036e-10,1.000000000000190325e-04,5.684341886080800026e-19
2.416666666666666963e-02,3.125000000000000173e-03,7.583333333332721793e+01,1.000000000000000036e-10,1.000000000000181787e-04,0.000000000000000000e+00
2.583333333333333662e-02,3.125000000000000173e-03,7.416666666666026231e+01,1.000000000000000036e-10,1.000000000000168777e-04,1.136868377216160005e-18
2.750000000000000014e-02,3.125000000000000173e-03,7.249999999999332090e+01,1.000000000000000036e-10,1.000000000000156038e-04,5.684341886080800026e-19
2.916666666666666713e-02,3.125000000000000173e-03,7.083333333332640791e+01,1.000000000000000036e-10,1.000000000000138961e-04,-0.000000000000000000e+00
3.083333333333333412e-02,3.125000000000000173e-03,6.916666666665952334e+01,1.000000000000000036e-10,1.000000000000121885e-04,5.684341886080800026e-19
3.250000000000000111e-02,3.125000000000000173e-03,6.749999999999266720e+01,1.000000000000000036e-10,1.000000000000100608e-04,-0.000000000000000000e+00
3.416666666666667157e-02,3.125000000000000173e-03,6.583333333332585369e+01,1.000000000000000036e-10,1.000000000000066591e-04,5.684341886080800026e-19
3.583333333333333509e-02,3.125000000000000173e-03,6.416666666665911123e+01,1.000000000000000036e-10,1.000000000000038944e-04,-0.000000000000000000e+00
3.750000000000000555e-02,3.125000000000000173e-03,6.249999999999239009e+01,1.000000000000000036e-10,1.000000000000028237e-04,2.842170943040400013e-19
3.916666666666666907e-02,3.125000000000000173e-03,6.083333333332568316e+01,1.000000000000000036e-10,1.000000000000019699e-04,8.526512829121199558e-19
4.083333333333333259e-02,3.125000000000000173e-03,5.916666666665899044e+01,1.000000000000000036e-10,1.000000000000011025e-04,0.000000000000000000e+00
4.250000000000000305e-02,3.125000000000000173e-03,5.749999999999231193e+01,1.000000000000000036e-10,1.000000000000004656e-04,0.000000000000000000e+00
4.416666666666666657e-02,3.125000000000000173e-03,5.583333333332564052e+01,1.000000000000000036e-10,9.999999999999939493e-05,-0.000000000000000000e+00
4.583333333333333703e-02,3.125000000000000173e-03,5.416666666665899754e+01,1.000000000000000036e-10,9.999999999999833783e-05,-0.000000000000000000e+00
4.750000000000000056e-02,3.125000000000000173e-03,5.249999999999236167e+01,1.000000000000000036e-10,9.999999999999768731e-05,8.526512829121199558e-19
4.916666666666667102e-02,3.125000000000000173e-03,5.083333333332574000e+01,1.000000000000000036e-10,9.999999999999706389e-05,1.136868377216160005e-18
5.083333333333333454e-02,3.125000000000000173e-03,4.916666666665912544e+01,1.000000000000000036e-10,9.999999999999578996e-05,1.705302565824239912e-18
5.250000000000000500e-02,3.125000000000000173e-03,4.749999999999254641e+01,1.000000000000000036e-10,9.999999999999408234e-05,1.989519660128279961e-18
5.416666666666666852e-02,3.125000000000000173e-03,4.583333333332598869e+01,1.000000000000000036e-10,9.999999999999301169e-05,1.421085471520200055e-18
5.583333333333333898e-02,3.125000000000000173e-03,4.416666666665944518e+01,1.000000000000000036e-10,9.999999999999215788e-05,1.421085471520200055e-18
5.750000000000000250e-02,3.125000000000000173e-03,4.249999999999291589e+01,1.000000000000000036e-10,9.999999999999153446e-05,8.526512829121200521e-19
5.916666666666667296e-02,3.125000000000000173e-03,4.083333333332639370e+01,1.000000000000000036e-10,9.999999999999066710e-05,5.684341886080800026e-19
6.083333333333333648e-02,3.125000000000000173e-03,3.916666666665989283e+01,1.000000000000000036e-10,9.999999999998959645e-05,2.842170943040400013e-19
6.250000000000000000e-02,3.125000000000000173e-03,3.749999999999340616e+01,1.000000000000000036e-10,9.999999999998874264e-05,5.684341886080800026e-19
6.416666666666667740e-02,3.125000000000000173e-03,3.583333333332693371e+01,1.000000000000000036e-10,9.999999999998832251e-05,1.136868377216160005e-18
6.583333333333334092e-02,3.125000000000000173e-03,3.416666666666046126e+01,1.000000000000000036e-10,9.999999999998746870e-05,1.705302565824239912e-18
6.750000000000000444e-02,3.125000000000000173e-03,3.249999999999401723e+01,1.000000000000000036e-10,9.999999999998619477e-05,2.273736754432320010e-18
6.916666666666666796e-02,3.125000000000000173e-03,3.083333333332758741e+01,1.000000000000000036e-10,9.999999999998534096e-05,1.421085471520200055e-18
7.083333333333333148e-02,3.125000000000000173e-03,2.916666666666117180e+01,1.000000000000000036e-10,9.999999999998437873e-05,9.947598300641399805e-19
7.250000000000000888e-02,3.125000000000000173e-03,2.749999999999477396e+01,1.000000000000000036e-10,9.999999999998372821e-05,5.684341886080800026e-19
7.416666666666667240e-02,3.125000000000000173e-03,2.583333333332837967e+01,1.000000000000000036e-10,9.999999999998351137e-05,5.684341886080800026e-19
7.583333333333333592e-02,3.125000000000000173e-03,2.416666666666198893e+01,1.000000000000000036e-10,9.999999999998310479e-05,2.842170943040400013e-19
7.749999999999999944e-02,3.125000000000000173e-03,2.249999999999560885e+01,1.000000000000000036e-10,9.999999999998234585e-05,2.842170943040400013e-19
7.916666666666667684e-02,3.125000000000000173e-03,2.083333333332924298e+01,1.000000000000000036e-10,9.999999999998192572e-05,2.842170943040400013e-19
8.083333333333334036e-02,3.125000000000000173e-03,1.916666666666287711e+01,1.000000000000000036e-10,9.999999999998170888e-05,2.842170943040400013e-19
8.250000000000000389e-02,3.125000000000000173e-03,1.749999999999651834e+01,1.000000000000000036e-10,9.999999999998155980e-05,4.263256414560599779e-19
8.416666666666666741e-02,3.125000000000000173e-03,1.583333333333015780e+01,1.000000000000000036e-10,9.999999999998134296e-05,4.973799150320699902e-19
8.583333333333334481e-02,3.125000000000000173e-03,1.416666666666380614e+01,1.000000000000000036e-10,9.999999999998080086e-05,3.552713678800500137e-19
8.750000000000000833e-02,3.125000000000000173e-03,1.249999999999746336e+01,1.000000000000000036e-10,9.999999999998043494e-05,2.131628207280299889e-19
8.916666666666667185e-02,3.125000000000000173e-03,1.083333333333112414e+01,1.000000000000000036e-10,9.999999999998012323e-05,2.131628207280299889e-19
9.083333333333333537e-02,3.125000000000000173e-03,9.166666666664792018e+00,1.000000000000000036e-10,9.999999999997977087e-05,2.842170943040400013e-19
9.250000000000001277e-02,3.125000000000000173e-03,7.499999999998464340e+00,1.000000000000000036e-10,9.999999999997968955e-05,2.131628207280300130e-19
9.416666666666667629e-02,3.125000000000000173e-03,5.833333333332134885e+00,1.000000000000000036e-10,9.999999999997960824e-05,7.105427357601000033e-20
9.583333333333333981e-02,3.125000000000000173e-03,4.166666666665809871e+00,1.000000000000000036e-10,9.999999999997947271e-05,3.552713678800500016e-20
9.750000000000000333e-02,3.125000000000000173e-03,2.499999999999485301e+00,1.000000000000000036e-10,9.999999999997941850e-05,3.552713678800500016e-20
9.916666666666666685e-02,3.125000000000000173e-03,8.333333333331615078e-01,1.000000000000000036e-10,9.999999999997939140e-05,2.220446049250312585e-20
8.333333333333333868e-04,4.375000000000000416e-03,9.916666666666638719e+01,1.000000000000000036e-10,1.000000000000330865e-04,0.000000000000000000e+00
2.500000000000000052e-03,4.375000000000000416e-03,9.749999999999917577e+01,1.000000000000000036e-10,1.000000000000322463e-04,-5.684341886080800026e-19
4.166666666666666609e-03,4.375000000000000416e-03,9.583333333333197857e+01,1.000000000000000036e-10,1.000000000000318126e-04,1.136868377216160005e-18
5.833333333333333599e-03,4.375000000000000416e-03,9.416666666666478136e+01,1.000000000000000036e-10,1.000000000000301050e-04,-0.000000000000000000e+00
7.500000000000000590e-03,4.375000000000000416e-03,9.249999999999764100e+01,1.000000000000000036e-10,1.000000000000279637e-04,1.136868377216160005e-18
9.166666666666666713e-03,4.375000000000000416e-03,9.083333333333051485e+01,1.000000000000000036e-10,1.000000000000254158e-04,1.705302565824240104e-18
1.083333333333333370e-02,4.375000000000000416e-03,8.916666666666345975e+01,1.000000000000000036e-10,1.000000000000237082e-04,0.000000000000000000e+00
1.250000000000000069e-02,4.375000000000000416e-03,8.749999999999639044e+01,1.000000000000000036e-10,1.000000000000241418e-04,1.136868377216160005e-18
1.416666666666666768e-02,4.375000000000000416e-03,8.583333333332932114e+01,1.000000000000000036e-10,1.000000000000237082e-04,-5.684341886080800026e-19
1.583333333333333467e-02,4.375000000000000416e-03,8.416666666666226604e+01,1.000000000000000036e-10,1.000000000000237082e-04,0.000000000000000000e+00
1.750000000000000167e-02,4.375000000000000416e-03,8.249999999999519673e+01,1.000000000000000036e-10,1.000000000000228679e-04,-0.000000000000000000e+00
1.916666666666666866e-02,4.375000000000000416e-03,8.083333333332817006e+01,1.000000000000000036e-10,1.000000000000203065e-04,-0.000000000000000000e+00
2.083333333333333565e-02,4.375000000000000416e-03,7.916666666666118601e+01,1.000000000000000036e-10,1.000000000000185989e-04,-5.684341886080800026e-19
2.250000000000000264e-02,4.375000000000000416e-03,7.749999999999421618e+01,1.000000000000000036e-10,1.000000000000185989e-04,-5.684341886080800026e-19
2.416666666666666963e-02,4.375000000000000416e-03,7.583333333332723214e+01,1.000000000000000036e-10,1.000000000000190325e-04,0.000000000000000000e+00
2.583333333333333662e-02,4.375000000000000416e-03,7.416666666666024810e+01,1.000000000000000036e-10,1.000000000000173249e-04,5.684341886080800026e-19
2.750000000000000014e-02,4.375000000000000416e-03,7.249999999999332090e+01,1.000000000000000036e-10,1.000000000000151836e-04,1.136868377216160005e-18
2.916666666666666713e-02,4.375000000000000416e-03,7.083333333332640791e+01,1.000000000000000036e-10,1.000000000000138961e-04,1.136868377216160005e-18
3.083333333333333412e-02,4.375000000000000416e-03,6.916666666665952334e+01,1.000000000000000036e-10,1.000000000000121885e-04,5.684341886080800026e-19
3.250000000000000111e-02,4.375000000000000416e-03,6.749999999999266720e+01,1.000000000000000036e-10,1.000000000000100608e-04,-0.000000000000000000e+00
3.416666666666667157e-02,4.375000000000000416e-03,6.583333333332585369e+01,1.000000000000000036e-10,1.000000000000066591e-04,-5.684341886080800026e-19
3.583333333333333509e-02,4.375000000000000416e-03,6.416666666665911123e+01,1.000000000000000036e-10,1.000000000000043145e-04,-5.684341886080800026e-19
3.750000000000000555e-02,4.375000000000000416e-03,6.249999999999237588e+01,1.000000000000000036e-10,1.000000000000032438e-04,8.526512829121199558e-19
3.916666666666666907e-02,4.375000000000000416e-03,6.083333333332566895e+01,1.000000000000000036e-10,1.000000000000017531e-04,8.526512829121199558e-19
4.083333333333333259e-02,4.375000000000000416e-03,5.916666666665898333e+01,1.000000000000000036e-10,1.000000000000008993e-04,8.526512829121199558e-19
4.250000000000000305e-02,4.375000000000000416e-03,5.749999999999230482e+01,1.000000000000000036e-10,1.000000000000002623e-04,1.421085471520200055e-18
4.416666666666666657e-02,4.375000000000000416e-03,5.583333333332564052e+01,1.000000000000000036e-10,9.999999999999920519e-05,5.684341886080800026e-19
4.583333333333333703e-02,4.375000000000000416e-03,5.416666666665899754e+01,1.000000000000000036e-10,9.999999999999855467e-05,5.684341886080800026e-19
4.750000000000000056e-02,4.375000000000000416e-03,5.249999999999235456e+01,1.000000000000000036e-10,9.999999999999812099e-05,8.526512829121199558e-19
4.916666666666667102e-02,4.375000000000000416e-03,5.083333333332572579e+01,1.000000000000000036e-10,9.999999999999728073e-05,5.684341886080800026e-19
5.083333333333333454e-02,4.375000000000000416e-03,4.916666666665911123e+01,1.000000000000000036e-10,9.999999999999622364e-05,5.684341886080800026e-19
5.250000000000000500e-02,4.375000000000000416e-03,4.749999999999251798e+01,1.000000000000000036e-10,9.999999999999451602e-05,1.705302565824239912e-18
5.416666666666666852e-02,4.375000000000000416e-03,4.583333333332596027e+01,1.000000000000000036e-10,9.999999999999280840e-05,1.989519660128279961e-18
5.583333333333333898e-02,4.375000000000000416e-03,4.416666666665942387e+01,1.000000000000000036e-10,9.999999999999194104e-05,1.705302565824240104e-18
5.750000000000000250e-02,4.375000000000000416e-03,4.249999999999289457e+01,1.000000000000000036e-10,9.999999999999110078e-05,1.705302565824240104e-18
5.916666666666667296e-02,4.375000000000000416e-03,4.083333333332638659e+01,1.000000000000000036e-10,9.999999999999001658e-05,1.421085471520200055e-18
6.083333333333333648e-02,4.375000000000000416e-03,3.916666666665989283e+01,1.000000000000000036e-10,9.999999999998959645e-05,8.526512829121200521e-19
6.250000000000000000e-02,4.375000000000000416e-03,3.749999999999339906e+01,1.000000000000000036e-10,9.999999999998917632e-05,5.684341886080800026e-19
6.416666666666667740e-02,4.375000000000000416e-03,3.583333333332691950e+01,1.000000000000000036e-10,9.999999999998853935e-05,1.136868377216160005e-18
6.583333333333334092e-02,4.375000000000000416e-03,3.416666666666044705e+01,1.000000000000000036e-10,9.999999999998790239e-05,8.526512829121199558e-19
6.750000000000000444e-02,4.375000000000000416e-03,3.249999999999398881e+01,1.000000000000000036e-10,9.999999999998630319e-05,1.136868377216160005e-18
6.916666666666666796e-02,4.375000000000000416e-03,3.083333333332756965e+01,1.000000000000000036e-10,9.999999999998501570e-05,1.278976924368180030e-18
7.083333333333333148e-02,4.375000000000000416e-03,2.916666666666115404e+01,1.000000000000000036e-10,9.999999999998416189e-05,1.136868377216160005e-18
7.250000000000000888e-02,4.375000000000000416e-03,2.749999999999476330e+01,1.000000000000000036e-10,9.999999999998351137e-05,8.526512829121200521e-19
7.416666666666667240e-02,4.375000000000000416e-03,2.583333333332836901e+01,1.000000000000000036e-10,9.999999999998319966e-05,7.105427357601000273e-19
7.583333333333333592e-02,4.375000000000000416e-03,2.416666666666198893e+01,1.000000000000000036e-10,9.999999999998277953e-05,5.684341886080800026e-19
7.749999999999999944e-02,4.375000000000000416e-03,2.249999999999560885e+01,1.000000000000000036e-10,9.999999999998256269e-05,2.842170943040400013e-19
7.916666666666667684e-02,4.375000000000000416e-03,2.083333333332923587e+01,1.000000000000000036e-10,9.999999999998204769e-05,4.263256414560599779e-19
8.083333333333334036e-02,4.375000000000000416e-03,1.916666666666287355e+01,1.000000000000000036e-10,9.999999999998172243e-05,4.263256414560599779e-19
8.250000000000000389e-02,4.375000000000000416e-03,1.749999999999651124e+01,1.000000000000000036e-10,9.999999999998155980e-05,4.263256414560599779e-19
8.416666666666666741e-02,4.375000000000000416e-03,1.583333333333015425e+01,1.000000000000000036e-10,9.999999999998123454e-05,3.552713678800500137e-19
8.583333333333334481e-02,4.375000000000000416e-03,1.416666666666380259e+01,1.000000000000000036e-10,9.999999999998080086e-05,4.973799150320699902e-19
8.750000000000000833e-02,4.375000000000000416e-03,1.249999999999745981e+01,1.000000000000000036e-10,9.999999999998039429e-05,2.842170943040400013e-19
8.916666666666667185e-02,4.375000000000000416e-03,1.083333333333112236e+01,1.000000000000000036e-10,9.999999999998012323e-05,1.421085471520200007e-19
9.083333333333333537e-02,4.375000000000000416e-03,9.166666666664788465e+00,1.000000000000000036e-10,9.999999999997979797e-05,1.421085471520200007e-19
9.250000000000001277e-02,4.375000000000000416e-03,7.499999999998461675e+00,1.000000000000000036e-10,9.999999999997958113e-05,1.776356839400250068e-19
9.416666666666667629e-02,4.375000000000000416e-03,5.833333333332134885e+00,1.000000000000000036e-10,9.999999999997952692e-05,3.552713678800500016e-20
9.583333333333333981e-02,4.375000000000000416e-03,4.166666666665809871e+00,1.000000000000000036e-10,9.999999999997947271e-05,3.552713678800500016e-20
9.750000000000000333e-02,4.375000000000000416e-03,2.499999999999485301e+00,1.000000000000000036e-10,9.999999999997943206e-05,3.552713678800500016e-20
9.916666666666666685e-02,4.375000000000000416e-03,8.333333333331613968e-01,1.000000000000000036e-10,9.999999999997939140e-05,8.881784197001250041e-21
8.333333333333333868e-04,5.624999999999999792e-03,9.916666666666637298e+01,1.000000000000000036e-10,1.000000000000330865e-04,1.136868377216160005e-18
2.500000000000000052e-03,5.624999999999999792e-03,9.749999999999918998e+01,1.000000000000000036e-10,1.000000000000326664e-04,1.136868377216160198e-18
4.166666666666666609e-03,5.624999999999999792e-03,9.583333333333195014e+01,1.000000000000000036e-10,1.000000000000322327e-04,2.273736754432320010e-18
5.833333333333333599e-03,5.624999999999999792e-03,9.416666666666478136e+01,1.000000000000000036e-10,1.000000000000292376e-04,5.684341886080800026e-19
7.500000000000000590e-03,5.624999999999999792e-03,9.249999999999764100e+01,1.000000000000000036e-10,1.000000000000279637e-04,1.136868377216160005e-18
9.166666666666666713e-03,5.624999999999999792e-03,9.083333333333051485e+01,1.000000000000000036e-10,1.000000000000258495e-04,5.684341886080800026e-19
1.083333333333333370e-02,5.624999999999999792e-03,8.916666666666344554e+01,1.000000000000000036e-10,1.000000000000245620e-04,1.705302565824239912e-18
1.250000000000000069e-02,5.624999999999999792e-03,8.749999999999636202e+01,1.000000000000000036e-10,1.000000000000237082e-04,1.705302565824239912e-18
1.416666666666666768e-02,5.624999999999999792e-03,8.583333333332932114e+01,1.000000000000000036e-10,1.000000000000232745e-04,5.684341886080800026e-19
1.583333333333333467e-02,5.624999999999999792e-03,8.416666666666225183e+01,1.000000000000000036e-10,1.000000000000237082e-04,5.684341886080800026e-19
1.750000000000000167e-02,5.624999999999999792e-03,8.249999999999519673e+01,1.000000000000000036e-10,1.000000000000224342e-04,-0.000000000000000000e+00
1.916666666666666866e-02,5.624999999999999792e-03,8.083333333332817006e+01,1.000000000000000036e-10,1.000000000000198728e-04,-0.000000000000000000e+00
2.083333333333333565e-02,5.624999999999999792e-03,7.916666666666120022e+01,1.000000000000000036e-10,1.000000000000185989e-04,-1.136868377216160005e-18
2.250000000000000264e-02,5.624999999999999792e-03,7.749999999999421618e+01,1.000000000000000036e-10,1.000000000000194527e-04,1.136868377216160005e-18
2.416666666666666963e-02,5.624999999999999792e-03,7.583333333332721793e+01,1.000000000000000036e-10,1.000000000000190190e-04,5.684341886080800026e-19
2.583333333333333662e-02,5.624999999999999792e-03,7.416666666666024810e+01,1.000000000000000036e-10,1.000000000000177451e-04,-0.000000000000000000e+00
2.750000000000000014e-02,5.624999999999999792e-03,7.249999999999329248e+01,1.000000000000000036e-10,1.000000000000160374e-04,1.136868377216160005e-18
2.916666666666666713e-02,5.624999999999999792e-03,7.083333333332637949e+01,1.000000000000000036e-10,1.000000000000134760e-04,1.136868377216160005e-18
3.083333333333333412e-02,5.624999999999999792e-03,6.916666666665950913e+01,1.000000000000000036e-10,1.000000000000113483e-04,0.000000000000000000e+00
3.250000000000000111e-02,5.624999999999999792e-03,6.749999999999266720e+01,1.000000000000000036e-10,1.000000000000092205e-04,-0.000000000000000000e+00
3.416666666666667157e-02,5.624999999999999792e-03,6.583333333332586790e+01,1.000000000000000036e-10,1.000000000000062390e-04,-5.684341886080800026e-19
3.583333333333333509e-02,5.624999999999999792e-03,6.416666666665912544e+01,1.000000000000000036e-10,1.000000000000049515e-04,-1.136868377216160005e-18
3.750000000000000555e-02,5.624999999999999792e-03,6.249999999999236877e+01,1.000000000000000036e-10,1.000000000000038944e-04,2.842170943040400013e-19
3.916666666666666907e-02,5.624999999999999792e-03,6.083333333332566184e+01,1.000000000000000036e-10,1.000000000000019699e-04,1.989519660128279961e-18
4.083333333333333259e-02,5.624999999999999792e-03,5.916666666665896912e+01,1.000000000000000036e-10,1.000000000000015362e-04,1.136868377216160005e-18
4.250000000000000305e-02,5.624999999999999792e-03,5.749999999999227640e+01,1.000000000000000036e-10,1.000000000000002623e-04,1.705302565824239912e-18
4.416666666666666657e-02,5.624999999999999792e-03,5.583333333332562631e+01,1.000000000000000036e-10,9.999999999999877151e-05,1.136868377216160005e-18
4.583333333333333703e-02,5.624999999999999792e-03,5.416666666665898333e+01,1.000000000000000036e-10,9.999999999999855467e-05,1.421085471520200055e-18
4.750000000000000056e-02,5.624999999999999792e-03,5.249999999999234035e+01,1.000000000000000036e-10,9.999999999999771442e-05,1.136868377216160005e-18
4.916666666666667102e-02,5.624999999999999792e-03,5.083333333332572579e+01,1.000000000000000036e-10,9.999999999999686061e-05,5.684341886080800026e-19
5.083333333333333454e-02,5.624999999999999792e-03,4.916666666665911123e+01,1.000000000000000036e-10,9.999999999999664377e-05,-0.000000000000000000e+00
5.250000000000000500e-02,5.624999999999999792e-03,4.749999999999250377e+01,1.000000000000000036e-10,9.999999999999513943e-05,2.842170943040400013e-19
5.416666666666666852e-02,5.624999999999999792e-03,4.583333333332593895e+01,1.000000000000000036e-10,9.999999999999301169e-05,8.526512829121200521e-19
5.583333333333333898e-02,5.624999999999999792e-03,4.416666666665940255e+01,1.000000000000000036e-10,9.999999999999194104e-05,1.421085471520200055e-18
5.750000000000000250e-02,5.624999999999999792e-03,4.249999999999287326e+01,1.000000000000000036e-10,9.999999999999131762e-05,1.421085471520200055e-18
5.916666666666667296e-02,5.624999999999999792e-03,4.083333333332635817e+01,1.000000000000000036e-10,9.999999999999001658e-05,1.989519660128279961e-18
6.083333333333333648e-02,5.624999999999999792e-03,3.916666666665987151e+01,1.000000000000000036e-10,9.999999999998895948e-05,1.705302565824240104e-18
6.250000000000000000e-02,5.624999999999999792e-03,3.749999999999339195e+01,1.000000000000000036e-10,9.999999999998895948e-05,1.136868377216160005e-18
6.416666666666667740e-02,5.624999999999999792e-03,3.583333333332690529e+01,1.000000000000000036e-10,9.999999999998852580e-05,8.526512829121199558e-19
6.583333333333334092e-02,5.624999999999999792e-03,3.416666666666043994e+01,1.000000000000000036e-10,9.999999999998746870e-05,5.684341886080800026e-19
6.750000000000000444e-02,5.624999999999999792e-03,3.249999999999398881e+01,1.000000000000000036e-10,9.999999999998650648e-05,2.842170943040400013e-19
6.916666666666666796e-02,5.624999999999999792e-03,3.083333333332755544e+01,1.000000000000000036e-10,9.999999999998534096e-05,5.684341886080800026e-19
7.083333333333333148e-02,5.624999999999999792e-03,2.916666666666114338e+01,1.000000000000000036e-10,9.999999999998405347e-05,4.263256414560600260e-19
7.250000000000000888e-02,5.624999999999999792e-03,2.749999999999475264e+01,1.000000000000000036e-10,9.999999999998341650e-05,9.947598300641399805e-19
7.416666666666667240e-02,5.624999999999999792e-03,2.583333333332836190e+01,1.000000000000000036e-10,9.999999999998332163e-05,5.684341886080800026e-19
7.583333333333333592e-02,5.624999999999999792e-03,2.416666666666197472e+01,1.000000000000000036e-10,9.999999999998277953e-05,8.526512829121199558e-19
7.749999999999999944e-02,5.624999999999999792e-03,2.249999999999560174e+01,1.000000000000000036e-10,9.999999999998225098e-05,7.105427357601000273e-19
7.916666666666667684e-02,5.624999999999999792e-03,2.083333333332923232e+01,1.000000000000000036e-10,9.999999999998203414e-05,4.263256414560599779e-19
8.083333333333334036e-02,5.624999999999999792e-03,1.916666666666286645e+01,1.000000000000000036e-10,9.999999999998170888e-05,4.263256414560599779e-19
8.250000000000000389e-02,5.624999999999999792e-03,1.749999999999650768e+01,1.000000000000000036e-10,9.999999999998149204e-05,2.842170943040400013e-19
8.416666666666666741e-02,5.624999999999999792e-03,1.583333333333014892e+01,1.000000000000000036e-10,9.999999999998139717e-05,3.552713678800500137e-19
8.583333333333334481e-02,5.624999999999999792e-03,1.416666666666379371e+01,1.000000000000000036e-10,9.999999999998076020e-05,3.552713678800500137e-19
8.750000000000000833e-02,5.624999999999999792e-03,1.249999999999745626e+01,1.000000000000000036e-10,9.999999999998017744e-05,2.842170943040400013e-19
8.916666666666667185e-02,5.624999999999999792e-03,1.083333333333112058e+01,1.000000000000000036e-10,9.999999999998001481e-05,7.105427357601000033e-20
9.083333333333333537e-02,5.624999999999999792e-03,9.166666666664788465e+00,1.000000000000000036e-10,9.999999999997979797e-05,-0.000000000000000000e+00
9.250000000000001277e-02,5.624999999999999792e-03,7.499999999998459899e+00,1.000000000000000036e-10,9.999999999997960824e-05,7.105427357601000033e-20
9.416666666666667629e-02,5.624999999999999792e-03,5.833333333332133996e+00,1.000000000000000036e-10,9.999999999997949982e-05,3.552713678800500016e-20
9.583333333333333981e-02,5.624999999999999792e-03,4.166666666665808982e+00,1.000000000000000036e-10,9.999999999997947271e-05,7.105427357601000033e-20
9.750000000000000333e-02,5.624999999999999792e-03,2.499999999999484412e+00,1.000000000000000036e-10,9.999999999997940495e-05,5.329070518200749723e-20
9.916666666666666685e-02,5.624999999999999792e-03,8.333333333331612858e-01,1.000000000000000036e-10,9.999999999997935074e-05,1.776356839400250008e-20
8.333333333333333868e-04,6.875000000000000035e-03,9.916666666666635876e+01,1.000000000000000036e-10,1.000000000000347941e-04,0.000000000000000000e+00
2.500000000000000052e-03,6.875000000000000035e-03,9.749999999999914735e+01,1.000000000000000036e-10,1.000000000000330865e-04,2.273736754432320010e-18
4.166666666666666609e-03,6.875000000000000035e-03,9.583333333333192172e+01,1.000000000000000036e-10,1.000000000000313789e-04,2.273736754432320010e-18
5.833333333333333599e-03,6.875000000000000035e-03,9.416666666666476715e+01,1.000000000000000036e-10,1.000000000000292511e-04,1.705302565824239912e-18
7.500000000000000590e-03,6.875000000000000035e-03,9.249999999999761258e+01,1.000000000000000036e-10,1.000000000000279772e-04,1.705302565824239912e-18
9.166666666666666713e-03,6.875000000000000035e-03,9.083333333333050064e+01,1.000000000000000036e-10,1.000000000000258495e-04,5.684341886080800026e-19
1.083333333333333370e-02,6.875000000000000035e-03,8.916666666666341712e+01,1.000000000000000036e-10,1.000000000000245620e-04,2.273736754432320010e-18
1.250000000000000069e-02,6.875000000000000035e-03,8.749999999999634781e+01,1.000000000000000036e-10,1.000000000000232745e-04,1.136868377216160005e-18
1.416666666666666768e-02,6.875000000000000035e-03,8.583333333332930692e+01,1.000000000000000036e-10,1.000000000000228544e-04,1.136868377216160005e-18
1.583333333333333467e-02,6.875000000000000035e-03,8.416666666666225183e+01,1.000000000000000036e-10,1.000000000000232880e-04,5.684341886080800026e-19
1.750000000000000167e-02,6.875000000000000035e-03,8.249999999999519673e+01,1.000000000000000036e-10,1.000000000000224342e-04,-1.136868377216160005e-18
1.916666666666666866e-02,6.875000000000000035e-03,8.083333333332817006e+01,1.000000000000000036e-10,1.000000000000194527e-04,-0.000000000000000000e+00
2.083333333333333565e-02,6.875000000000000035e-03,7.916666666666121444e+01,1.000000000000000036e-10,1.000000000000194527e-04,1.136868377216160198e-18
2.250000000000000264e-02,6.875000000000000035e-03,7.749999999999418776e+01,1.000000000000000036e-10,1.000000000000198728e-04,1.705302565824239912e-18
2.416666666666666963e-02,6.875000000000000035e-03,7.583333333332721793e+01,1.000000000000000036e-10,1.000000000000181652e-04,5.684341886080800026e-19
2.583333333333333662e-02,6.875000000000000035e-03,7.416666666666024810e+01,1.000000000000000036e-10,1.000000000000177451e-04,5.684341886080800026e-19
2.750000000000000014e-02,6.875000000000000035e-03,7.249999999999329248e+01,1.000000000000000036e-10,1.000000000000160374e-04,-0.000000000000000000e+00
2.916666666666666713e-02,6.875000000000000035e-03,7.083333333332637949e+01,1.000000000000000036e-10,1.000000000000130423e-04,-5.684341886080800026e-19
3.083333333333333412e-02,6.875000000000000035e-03,6.916666666665952334e+01,1.000000000000000036e-10,1.000000000000113347e-04,5.684341886080800026e-19
3.250000000000000111e-02,6.875000000000000035e-03,6.749999999999266720e+01,1.000000000000000036e-10,1.000000000000096406e-04,5.684341886080800026e-19
3.416666666666667157e-02,6.875000000000000035e-03,6.583333333332586790e+01,1.000000000000000036e-10,1.000000000000058053e-04,-5.684341886080800026e-19
3.583333333333333509e-02,6.875000000000000035e-03,6.416666666665913965e+01,1.000000000000000036e-10,1.000000000000049515e-04,0.000000000000000000e+00
3.750000000000000555e-02,6.875000000000000035e-03,6.249999999999236877e+01,1.000000000000000036e-10,1.000000000000055884e-04,2.842170943040400013e-19
3.916666666666666907e-02,6.875000000000000035e-03,6.083333333332561921e+01,1.000000000000000036e-10,1.000000000000024036e-04,1.421085471520200055e-18
4.083333333333333259e-02,6.875000000000000035e-03,5.916666666665895491e+01,1.000000000000000036e-10,1.000000000000006960e-04,1.421085471520200055e-18
4.250000000000000305e-02,6.875000000000000035e-03,5.749999999999226219e+01,1.000000000000000036e-10,1.000000000000002623e-04,1.136868377216160005e-18
4.416666666666666657e-02,6.875000000000000035e-03,5.583333333332561210e+01,1.000000000000000036e-10,9.999999999999898835e-05,1.136868377216160005e-18
4.583333333333333703e-02,6.875000000000000035e-03,5.416666666665896201e+01,1.000000000000000036e-10,9.999999999999855467e-05,1.421085471520200055e-18
4.750000000000000056e-02,6.875000000000000035e-03,5.249999999999232614e+01,1.000000000000000036e-10,9.999999999999749757e-05,1.136868377216160005e-18
4.916666666666667102e-02,6.875000000000000035e-03,5.083333333332571158e+01,1.000000000000000036e-10,9.999999999999642693e-05,1.136868377216160005e-18
5.083333333333333454e-02,6.875000000000000035e-03,4.916666666665911123e+01,1.000000000000000036e-10,9.999999999999599324e-05,8.526512829121200521e-19
5.250000000000000500e-02,6.875000000000000035e-03,4.749999999999251088e+01,1.000000000000000036e-10,9.999999999999513943e-05,2.842170943040400013e-19
5.416666666666666852e-02,6.875000000000000035e-03,4.583333333332593895e+01,1.000000000000000036e-10,9.999999999999364866e-05,-0.000000000000000000e+00
5.583333333333333898e-02,6.875000000000000035e-03,4.416666666665938834e+01,1.000000000000000036e-10,9.999999999999237472e-05,8.526512829121199558e-19
5.750000000000000250e-02,6.875000000000000035e-03,4.249999999999285905e+01,1.000000000000000036e-10,9.999999999999153446e-05,1.421085471520200055e-18
5.916666666666667296e-02,6.875000000000000035e-03,4.083333333332633686e+01,1.000000000000000036e-10,9.999999999999023342e-05,1.421085471520200055e-18
6.083333333333333648e-02,6.875000000000000035e-03,3.916666666665985019e+01,1.000000000000000036e-10,9.999999999998895948e-05,1.705302565824240104e-18
6.250000000000000000e-02,6.875000000000000035e-03,3.749999999999337064e+01,1.000000000000000036e-10,9.999999999998853935e-05,1.421085471520200055e-18
6.416666666666667740e-02,6.875000000000000035e-03,3.583333333332689818e+01,1.000000000000000036e-10,9.999999999998811923e-05,8.526512829121199558e-19
6.583333333333334092e-02,6.875000000000000035e-03,3.416666666666043284e+01,1.000000000000000036e-10,9.999999999998746870e-05,5.684341886080800026e-19
6.750000000000000444e-02,6.875000000000000035e-03,3.249999999999398170e+01,1.000000000000000036e-10,9.999999999998628963e-05,0.000000000000000000e+00
6.916666666666666796e-02,6.875000000000000035e-03,3.083333333332755544e+01,1.000000000000000036e-10,9.999999999998512412e-05,1.421085471520200007e-19
7.083333333333333148e-02,6.875000000000000035e-03,2.916666666666114338e+01,1.000000000000000036e-10,9.999999999998448715e-05,2.842170943040400013e-19
7.250000000000000888e-02,6.875000000000000035e-03,2.749999999999473843e+01,1.000000000000000036e-10,9.999999999998363334e-05,7.105427357601000273e-19
7.416666666666667240e-02,6.875000000000000035e-03,2.583333333332835480e+01,1.000000000000000036e-10,9.999999999998310479e-05,8.526512829121199558e-19
7.583333333333333592e-02,6.875000000000000035e-03,2.416666666666196761e+01,1.000000000000000036e-10,9.999999999998288795e-05,8.526512829121199558e-19
7.749999999999999944e-02,6.875000000000000035e-03,2.249999999999559108e+01,1.000000000000000036e-10,9.999999999998223743e-05,8.526512829121200521e-19
7.916666666666667684e-02,6.875000000000000035e-03,2.083333333332922521e+01,1.000000000000000036e-10,9.999999999998183085e-05,5.684341886080800026e-19
8.083333333333334036e-02,6.875000000000000035e-03,1.916666666666286289e+01,1.000000000000000036e-10,9.999999999998161401e-05,4.263256414560599779e-19
8.250000000000000389e-02,6.875000000000000035e-03,1.749999999999650413e+01,1.000000000000000036e-10,9.999999999998149204e-05,4.263256414560599779e-19
8.416666666666666741e-02,6.875000000000000035e-03,1.583333333333014536e+01,1.000000000000000036e-10,9.999999999998128875e-05,1.421085471520200007e-19
8.583333333333334481e-02,6.875000000000000035e-03,1.416666666666379371e+01,1.000000000000000036e-10,9.999999999998074665e-05,-0.000000000000000000e+00
8.750000000000000833e-02,6.875000000000000035e-03,1.249999999999745270e+01,1.000000000000000036e-10,9.999999999998017744e-05,1.421085471520200007e-19
8.916666666666667185e-02,6.875000000000000035e-03,1.083333333333112058e+01,1.000000000000000036e-10,9.999999999997990639e-05,-0.000000000000000000e+00
9.083333333333333537e-02,6.875000000000000035e-03,9.166666666664788465e+00,1.000000000000000036e-10,9.999999999997979797e-05,-0.000000000000000000e+00
9.250000000000001277e-02,6.875000000000000035e-03,7.499999999998459899e+00,1.000000000000000036e-10,9.999999999997960824e-05,3.552713678800500016e-20
9.416666666666667629e-02,6.875000000000000035e-03,5.833333333332133996e+00,1.000000000000000036e-10,9.999999999997952692e-05,7.105427357601000033e-20
9.583333333333333981e-02,6.875000000000000035e-03,4.166666666665808094e+00,1.000000000000000036e-10,9.999999999997947271e-05,1.065814103640149945e-19
9.750000000000000333e-02,6.875000000000000035e-03,2.499999999999483968e+00,1.000000000000000036e-10,9.999999999997939140e-05,1.776356839400250008e-20
9.916666666666666685e-02,6.875000000000000035e-03,8.333333333331609527e-01,1.000000000000000036e-10,9.999999999997933719e-05,1.332267629550187581e-20
8.333333333333333868e-04,8.125000000000000278e-03,9.916666666666637298e+01,1.000000000000000036e-10,1.000000000000347941e-04,-5.684341886080800026e-19
2.500000000000000052e-03,8.125000000000000278e-03,9.749999999999913314e+01,1.000000000000000036e-10,1.000000000000343740e-04,5.684341886080800026e-19
4.166666666666666609e-03,8.125000000000000278e-03,9.583333333333189330e+01,1.000000000000000036e-10,1.000000000000318126e-04,0.000000000000000000e+00
5.833333333333333599e-03,8.125000000000000278e-03,9.416666666666473873e+01,1.000000000000000036e-10,1.000000000000288310e-04,1.705302565824239912e-18
7.500000000000000590e-03,8.125000000000000278e-03,9.249999999999759837e+01,1.000000000000000036e-10,1.000000000000271234e-04,5.684341886080800026e-19
9.166666666666666713e-03,8.125000000000000278e-03,9.083333333333050064e+01,1.000000000000000036e-10,1.000000000000262696e-04,-0.000000000000000000e+00
1.083333333333333370e-02,8.125000000000000278e-03,8.916666666666338870e+01,1.000000000000000036e-10,1.000000000000249957e-04,5.684341886080800026e-19
1.250000000000000069e-02,8.125000000000000278e-03,8.749999999999633360e+01,1.000000000000000036e-10,1.000000000000228544e-04,1.136868377216160005e-18
1.416666666666666768e-02,8.125000000000000278e-03,8.583333333332929271e+01,1.000000000000000036e-10,1.000000000000228544e-04,2.273736754432320010e-18
1.583333333333333467e-02,8.125000000000000278e-03,8.416666666666223762e+01,1.000000000000000036e-10,1.000000000000220005e-04,1.705302565824239912e-18
1.750000000000000167e-02,8.125000000000000278e-03,8.249999999999522515e+01,1.000000000000000036e-10,1.000000000000220005e-04,0.000000000000000000e+00
1.916666666666666866e-02,8.125000000000000278e-03,8.083333333332817006e+01,1.000000000000000036e-10,1.000000000000215804e-04,-0.000000000000000000e+00
2.083333333333333565e-02,8.125000000000000278e-03,7.916666666666117180e+01,1.000000000000000036e-10,1.000000000000198728e-04,2.273736754432320010e-18
2.250000000000000264e-02,8.125000000000000278e-03,7.749999999999417355e+01,1.000000000000000036e-10,1.000000000000190190e-04,1.705302565824239912e-18
2.416666666666666963e-02,8.125000000000000278e-03,7.583333333332720372e+01,1.000000000000000036e-10,1.000000000000181652e-04,1.136868377216160005e-18
2.583333333333333662e-02,8.125000000000000278e-03,7.416666666666023389e+01,1.000000000000000036e-10,1.000000000000173114e-04,5.684341886080800026e-19
2.750000000000000014e-02,8.125000000000000278e-03,7.249999999999329248e+01,1.000000000000000036e-10,1.000000000000151701e-04,-0.000000000000000000e+00
2.916666666666666713e-02,8.125000000000000278e-03,7.083333333332639370e+01,1.000000000000000036e-10,1.000000000000138961e-04,-5.684341886080800026e-19
3.083333333333333412e-02,8.125000000000000278e-03,6.916666666665949492e+01,1.000000000000000036e-10,1.000000000000121885e-04,1.705302565824239912e-18
3.250000000000000111e-02,8.125000000000000278e-03,6.749999999999265299e+01,1.000000000000000036e-10,1.000000000000083667e-04,-5.684341886080800026e-19
3.416666666666667157e-02,8.125000000000000278e-03,6.583333333332588211e+01,1.000000000000000036e-10,1.000000000000058053e-04,-5.684341886080800026e-19
3.583333333333333509e-02,8.125000000000000278e-03,6.416666666665912544e+01,1.000000000000000036e-10,1.000000000000055884e-04,5.684341886080800026e-19
3.750000000000000555e-02,8.125000000000000278e-03,6.249999999999236167e+01,1.000000000000000036e-10,1.000000000000049515e-04,5.684341886080800026e-19
3.916666666666666907e-02,8.125000000000000278e-03,6.083333333332562631e+01,1.000000000000000036e-10,1.000000000000028102e-04,-5.684341886080800026e-19
4.083333333333333259e-02,8.125000000000000278e-03,5.916666666665893359e+01,1.000000000000000036e-10,1.000000000000013194e-04,1.421085471520200055e-18
4.250000000000000305e-02,8.125000000000000278e-03,5.749999999999224798e+01,1.000000000000000036e-10,1.000000000000000454e-04,5.684341886080800026e-19
4.416666666666666657e-02,8.125000000000000278e-03,5.583333333332559789e+01,1.000000000000000036e-10,9.999999999999898835e-05,1.421085471520200055e-18
4.583333333333333703e-02,8.125000000000000278e-03,5.416666666665894780e+01,1.000000000000000036e-10,9.999999999999855467e-05,1.421085471520200055e-18
4.750000000000000056e-02,8.125000000000000278e-03,5.249999999999231193e+01,1.000000000000000036e-10,9.999999999999749757e-05,1.136868377216160005e-18
4.916666666666667102e-02,8.125000000000000278e-03,5.083333333332569737e+01,1.000000000000000036e-10,9.999999999999664377e-05,1.705302565824239912e-18
5.083333333333333454e-02,8.125000000000000278e-03,4.916666666665908991e+01,1.000000000000000036e-10,9.999999999999600680e-05,1.421085471520200055e-18
5.250000000000000500e-02,8.125000000000000278e-03,4.749999999999249667e+01,1.000000000000000036e-10,9.999999999999451602e-05,5.684341886080800026e-19
5.416666666666666852e-02,8.125000000000000278e-03,4.583333333332593895e+01,1.000000000000000036e-10,9.999999999999344537e-05,2.842170943040400013e-19
5.583333333333333898e-02,8.125000000000000278e-03,4.416666666665938124e+01,1.000000000000000036e-10,9.999999999999301169e-05,2.842170943040400013e-19
5.750000000000000250e-02,8.125000000000000278e-03,4.249999999999283773e+01,1.000000000000000036e-10,9.999999999999172420e-05,8.526512829121200521e-19
5.916666666666667296e-02,8.125000000000000278e-03,4.083333333332632265e+01,1.000000000000000036e-10,9.999999999999023342e-05,5.684341886080800026e-19
6.083333333333333648e-02,8.125000000000000278e-03,3.916666666665982888e+01,1.000000000000000036e-10,9.999999999998895948e-05,1.136868377216160005e-18
6.250000000000000000e-02,8.125000000000000278e-03,3.749999999999335643e+01,1.000000000000000036e-10,9.999999999998832251e-05,8.526512829121199558e-19
6.416666666666667740e-02,8.125000000000000278e-03,3.583333333332688397e+01,1.000000000000000036e-10,9.999999999998790239e-05,8.526512829121199558e-19
6.583333333333334092e-02,8.125000000000000278e-03,3.416666666666042573e+01,1.000000000000000036e-10,9.999999999998683174e-05,2.842170943040400013e-19
6.750000000000000444e-02,8.125000000000000278e-03,3.249999999999398881e+01,1.000000000000000036e-10,9.999999999998619477e-05,2.842170943040400013e-19
6.916666666666666796e-02,8.125000000000000278e-03,3.083333333332755188e+01,1.000000000000000036e-10,9.999999999998554425e-05,4.263256414560599779e-19
7.083333333333333148e-02,8.125000000000000278e-03,2.916666666666113628e+01,1.000000000000000036e-10,9.999999999998448715e-05,5.684341886080800026e-19
7.250000000000000888e-02,8.125000000000000278e-03,2.749999999999473488e+01,1.000000000000000036e-10,9.999999999998383663e-05,1.421085471520200007e-19
7.416666666666667240e-02,8.125000000000000278e-03,2.583333333332834059e+01,1.000000000000000036e-10,9.999999999998341650e-05,7.105427357601000273e-19
7.583333333333333592e-02,8.125000000000000278e-03,2.416666666666195340e+01,1.000000000000000036e-10,9.999999999998277953e-05,8.526512829121199558e-19
7.749999999999999944e-02,8.125000000000000278e-03,2.249999999999558042e+01,1.000000000000000036e-10,9.999999999998204769e-05,7.105427357601000273e-19
7.916666666666667684e-02,8.125000000000000278e-03,2.083333333332921811e+01,1.000000000000000036e-10,9.999999999998172243e-05,4.263256414560599779e-19
8.083333333333334036e-02,8.125000000000000278e-03,1.916666666666285579e+01,1.000000000000000036e-10,9.999999999998161401e-05,7.105427357601000273e-19
8.250000000000000389e-02,8.125000000000000278e-03,1.749999999999649702e+01,1.000000000000000036e-10,9.999999999998128875e-05,5.684341886080800026e-19
8.416666666666666741e-02,8.125000000000000278e-03,1.583333333333014536e+01,1.000000000000000036e-10,9.999999999998107191e-05,2.842170943040400013e-19
8.583333333333334481e-02,8.125000000000000278e-03,1.416666666666379371e+01,1.000000000000000036e-10,9.999999999998074665e-05,-0.000000000000000000e+00
8.750000000000000833e-02,8.125000000000000278e-03,1.249999999999745270e+01,1.000000000000000036e-10,9.999999999998017744e-05,1.421085471520200007e-19
8.916666666666667185e-02,8.125000000000000278e-03,1.083333333333112058e+01,1.000000000000000036e-10,9.999999999997990639e-05,2.131628207280300130e-19
9.083333333333333537e-02,8.125000000000000278e-03,9.166666666664788465e+00,1.000000000000000036e-10,9.999999999997982508e-05,7.105427357601000033e-20
9.250000000000001277e-02,8.125000000000000278e-03,7.499999999998459010e+00,1.000000000000000036e-10,9.999999999997966245e-05,1.065814103640149945e-19
9.416666666666667629e-02,8.125000000000000278e-03,5.833333333332132220e+00,1.000000000000000036e-10,9.999999999997955403e-05,1.421085471520200007e-19
9.583333333333333981e-02,8.125000000000000278e-03,4.166666666665806318e+00,1.000000000000000036e-10,9.999999999997941850e-05,1.065814103640149945e-19
9.750000000000000333e-02,8.125000000000000278e-03,2.499999999999483968e+00,1.000000000000000036e-10,9.999999999997933719e-05,3.552713678800500016e-20
9.916666666666666685e-02,8.125000000000000278e-03,8.333333333331609527e-01,1.000000000000000036e-10,9.999999999997933719e-05,8.881784197001250041e-21
8.333333333333333868e-04,9.374999999999999653e-03,9.916666666666637298e+01,1.000000000000000036e-10,1.000000000000347941e-04,-0.000000000000000000e+00
2.500000000000000052e-03,9.374999999999999653e-03,9.749999999999913314e+01,1.000000000000000036e-10,1.000000000000335202e-04,-5.684341886080800026e-19
4.166666666666666609e-03,9.374999999999999653e-03,9.583333333333192172e+01,1.000000000000000036e-10,1.000000000000322463e-04,-1.136868377216160005e-18
5.833333333333333599e-03,9.374999999999999653e-03,9.416666666666472452e+01,1.000000000000000036e-10,1.000000000000296713e-04,-1.136868377216160198e-18
7.500000000000000590e-03,9.374999999999999653e-03,9.249999999999759837e+01,1.000000000000000036e-10,1.000000000000266897e-04,-0.000000000000000000e+00
9.166666666666666713e-03,9.374999999999999653e-03,9.083333333333050064e+01,1.000000000000000036e-10,1.000000000000258359e-04,-0.000000000000000000e+00
1.083333333333333370e-02,9.374999999999999653e-03,8.916666666666340291e+01,1.000000000000000036e-10,1.000000000000254158e-04,0.000000000000000000e+00
1.250000000000000069e-02,9.374999999999999653e-03,8.749999999999631939e+01,1.000000000000000036e-10,1.000000000000245620e-04,1.136868377216160005e-18
1.416666666666666768e-02,9.374999999999999653e-03,8.583333333332925008e+01,1.000000000000000036e-10,1.000000000000232745e-04,2.842170943040400109e-18
1.583333333333333467e-02,9.374999999999999653e-03,8.416666666666220920e+01,1.000000000000000036e-10,1.000000000000215669e-04,2.842170943040400109e-18
1.750000000000000167e-02,9.374999999999999653e-03,8.249999999999519673e+01,1.000000000000000036e-10,1.000000000000211603e-04,3.410605131648479823e-18
1.916666666666666866e-02,9.374999999999999653e-03,8.083333333332817006e+01,1.000000000000000036e-10,1.000000000000211603e-04,1.705302565824240104e-18
2.083333333333333565e-02,9.374999999999999653e-03,7.916666666666115759e+01,1.000000000000000036e-10,1.000000000000207266e-04,1.705302565824239912e-18
2.250000000000000264e-02,9.374999999999999653e-03,7.749999999999414513e+01,1.000000000000000036e-10,1.000000000000190190e-04,1.705302565824239912e-18
2.416666666666666963e-02,9.374999999999999653e-03,7.583333333332718951e+01,1.000000000000000036e-10,1.000000000000173114e-04,1.705302565824239912e-18
2.583333333333333662e-02,9.374999999999999653e-03,7.416666666666023389e+01,1.000000000000000036e-10,1.000000000000168777e-04,1.136868377216160005e-18
2.750000000000000014e-02,9.374999999999999653e-03,7.249999999999329248e+01,1.000000000000000036e-10,1.000000000000151701e-04,-0.000000000000000000e+00
2.916666666666666713e-02,9.374999999999999653e-03,7.083333333332639370e+01,1.000000000000000036e-10,1.000000000000143298e-04,-0.000000000000000000e+00
3.083333333333333412e-02,9.374999999999999653e-03,6.916666666665948071e+01,1.000000000000000036e-10,1.000000000000113483e-04,5.684341886080800026e-19
3.250000000000000111e-02,9.374999999999999653e-03,6.749999999999268141e+01,1.000000000000000036e-10,1.000000000000079466e-04,0.000000000000000000e+00
3.416666666666667157e-02,9.374999999999999653e-03,6.583333333332588211e+01,1.000000000000000036e-10,1.000000000000066591e-04,5.684341886080800026e-19
3.583333333333333509e-02,9.374999999999999653e-03,6.416666666665912544e+01,1.000000000000000036e-10,1.000000000000058053e-04,1.136868377216160005e-18
3.750000000000000555e-02,9.374999999999999653e-03,6.249999999999235456e+01,1.000000000000000036e-10,1.000000000000047346e-04,8.526512829121199558e-19
3.916666666666666907e-02,9.374999999999999653e-03,6.083333333332563342e+01,1.000000000000000036e-10,1.000000000000030270e-04,0.000000000000000000e+00
4.083333333333333259e-02,9.374999999999999653e-03,5.916666666665891938e+01,1.000000000000000036e-10,1.000000000000015362e-04,8.526512829121199558e-19
4.250000000000000305e-02,9.374999999999999653e-03,5.749999999999224798e+01,1.000000000000000036e-10,1.000000000000002487e-04,2.842170943040400013e-19
4.416666666666666657e-02,9.374999999999999653e-03,5.583333333332557658e+01,1.000000000000000036e-10,9.999999999999961177e-05,8.526512829121200521e-19
4.583333333333333703e-02,9.374999999999999653e-03,5.416666666665892649e+01,1.000000000000000036e-10,9.999999999999833783e-05,1.421085471520200055e-18
4.750000000000000056e-02,9.374999999999999653e-03,5.249999999999229772e+01,1.000000000000000036e-10,9.999999999999770086e-05,1.136868377216160005e-18
4.916666666666667102e-02,9.374999999999999653e-03,5.083333333332566895e+01,1.000000000000000036e-10,9.999999999999663021e-05,2.273736754432320010e-18
5.083333333333333454e-02,9.374999999999999653e-03,4.916666666665907570e+01,1.000000000000000036e-10,9.999999999999513943e-05,1.136868377216160005e-18
5.250000000000000500e-02,9.374999999999999653e-03,4.749999999999249667e+01,1.000000000000000036e-10,9.999999999999428563e-05,5.684341886080800026e-19
5.416666666666666852e-02,9.374999999999999653e-03,4.583333333332593185e+01,1.000000000000000036e-10,9.999999999999343182e-05,8.526512829121199558e-19
5.583333333333333898e-02,9.374999999999999653e-03,4.416666666665938124e+01,1.000000000000000036e-10,9.999999999999279485e-05,2.842170943040400013e-19
5.750000000000000250e-02,9.374999999999999653e-03,4.249999999999283773e+01,1.000000000000000036e-10,9.999999999999172420e-05,-0.000000000000000000e+00
5.916666666666667296e-02,9.374999999999999653e-03,4.083333333332632265e+01,1.000000000000000036e-10,9.999999999999045026e-05,-0.000000000000000000e+00
6.083333333333333648e-02,9.374999999999999653e-03,3.916666666665982177e+01,1.000000000000000036e-10,9.999999999998917632e-05,2.842170943040400013e-19
6.250000000000000000e-02,9.374999999999999653e-03,3.749999999999334932e+01,1.000000000000000036e-10,9.999999999998832251e-05,8.526512829121199558e-19
6.416666666666667740e-02,9.374999999999999653e-03,3.583333333332687687e+01,1.000000000000000036e-10,9.999999999998768554e-05,8.526512829121199558e-19
6.583333333333334092e-02,9.374999999999999653e-03,3.416666666666042573e+01,1.000000000000000036e-10,9.999999999998703502e-05,8.526512829121200521e-19
6.750000000000000444e-02,9.374999999999999653e-03,3.249999999999397460e+01,1.000000000000000036e-10,9.999999999998641161e-05,8.526512829121199558e-19
6.916666666666666796e-02,9.374999999999999653e-03,3.083333333332754478e+01,1.000000000000000036e-10,9.999999999998534096e-05,5.684341886080800026e-19
7.083333333333333148e-02,9.374999999999999653e-03,2.916666666666112917e+01,1.000000000000000036e-10,9.999999999998427031e-05,7.105427357601000273e-19
7.250000000000000888e-02,9.374999999999999653e-03,2.749999999999473488e+01,1.000000000000000036e-10,9.999999999998372821e-05,5.684341886080800026e-19
7.416666666666667240e-02,9.374999999999999653e-03,2.583333333332833703e+01,1.000000000000000036e-10,9.999999999998363334e-05,7.105427357601000273e-19
7.583333333333333592e-02,9.374999999999999653e-03,2.416666666666194629e+01,1.000000000000000036e-10,9.999999999998288795e-05,5.684341886080800026e-19
7.749999999999999944e-02,9.374999999999999653e-03,2.249999999999557332e+01,1.000000000000000036e-10,9.999999999998192572e-05,8.526512829121199558e-19
7.916666666666667684e-02,9.374999999999999653e-03,2.083333333332921455e+01,1.000000000000000036e-10,9.999999999998181730e-05,7.105427357601000273e-19
8.083333333333334036e-02,9.374999999999999653e-03,1.916666666666284513e+01,1.000000000000000036e-10,9.999999999998172243e-05,5.684341886080800026e-19
8.250000000000000389e-02,9.374999999999999653e-03,1.749999999999648992e+01,1.000000000000000036e-10,9.999999999998118033e-05,5.684341886080800026e-19
8.416666666666666741e-02,9.374999999999999653e-03,1.583333333333013826e+01,1.000000000000000036e-10,9.999999999998085507e-05,5.684341886080800026e-19
8.583333333333334481e-02,9.374999999999999653e-03,1.416666666666379371e+01,1.000000000000000036e-10,9.999999999998065178e-05,2.131628207280300130e-19
8.750000000000000833e-02,9.374999999999999653e-03,1.249999999999744915e+01,1.000000000000000036e-10,9.999999999998032652e-05,1.421085471520200007e-19
8.916666666666667185e-02,9.374999999999999653e-03,1.083333333333111526e+01,1.000000000000000036e-10,9.999999999997985218e-05,4.263256414560600260e-19
9.083333333333333537e-02,9.374999999999999653e-03,9.166666666664786689e+00,1.000000000000000036e-10,9.999999999997971666e-05,2.842170943040400013e-19
9.250000000000001277e-02,9.374999999999999653e-03,7.499999999998457234e+00,1.000000000000000036e-10,9.999999999997966245e-05,2.842170943040400013e-19
9.416666666666667629e-02,9.374999999999999653e-03,5.833333333332130444e+00,1.000000000000000036e-10,9.999999999997952692e-05,2.131628207280299889e-19
9.583333333333333981e-02,9.374999999999999653e-03,4.166666666665805430e+00,1.000000000000000036e-10,9.999999999997940495e-05,1.065814103640149945e-19
9.750000000000000333e-02,9.374999999999999653e-03,2.499999999999483080e+00,1.000000000000000036e-10,9.999999999997932364e-05,7.105427357601000033e-20
9.916666666666666685e-02,9.374999999999999653e-03,8.333333333331607307e-01,1.000000000000000036e-10,9.999999999997929653e-05,1.776356839400250008e-20
8.333333333333333868e-04,1.062500000000000076e-02,9.916666666666637298e+01,1.000000000000000036e-10,1.000000000000343604e-04,-0.000000000000000000e+00
2.500000000000000052e-03,1.062500000000000076e-02,9.749999999999914735e+01,1.000000000000000036e-10,1.000000000000335066e-04,-5.684341886080800026e-19
4.166666666666666609e-03,1.062500000000000076e-02,9.583333333333192172e+01,1.000000000000000036e-10,1.000000000000313789e-04,-1.705302565824240104e-18
5.833333333333333599e-03,1.062500000000000076e-02,9.416666666666476715e+01,1.000000000000000036e-10,1.000000000000296713e-04,-1.136868377216160198e-18
7.500000000000000590e-03,1.062500000000000076e-02,9.249999999999759837e+01,1.000000000000000036e-10,1.000000000000279637e-04,5.684341886080800026e-19
9.166666666666666713e-03,1.062500000000000076e-02,9.083333333333050064e+01,1.000000000000000036e-10,1.000000000000262696e-04,5.684341886080800026e-19
1.083333333333333370e-02,1.062500000000000076e-02,8.916666666666338870e+01,1.000000000000000036e-10,1.000000000000258495e-04,1.705302565824239912e-18
1.250000000000000069e-02,1.062500000000000076e-02,8.749999999999630518e+01,1.000000000000000036e-10,1.000000000000249821e-04,1.705302565824239912e-18
1.416666666666666768e-02,1.062500000000000076e-02,8.583333333332922166e+01,1.000000000000000036e-10,1.000000000000241418e-04,2.273736754432320010e-18
1.583333333333333467e-02,1.062500000000000076e-02,8.416666666666216656e+01,1.000000000000000036e-10,1.000000000000224342e-04,3.410605131648480208e-18
1.750000000000000167e-02,1.062500000000000076e-02,8.249999999999513989e+01,1.000000000000000036e-10,1.000000000000211603e-04,4.547473508864640021e-18
1.916666666666666866e-02,1.062500000000000076e-02,8.083333333332812742e+01,1.000000000000000036e-10,1.000000000000202929e-04,3.979039320256559922e-18
2.083333333333333565e-02,1.062500000000000076e-02,7.916666666666112917e+01,1.000000000000000036e-10,1.000000000000198728e-04,2.842170943040400109e-18
2.250000000000000264e-02,1.062500000000000076e-02,7.749999999999413092e+01,1.000000000000000036e-10,1.000000000000190190e-04,1.705302565824239912e-18
2.416666666666666963e-02,1.062500000000000076e-02,7.583333333332716109e+01,1.000000000000000036e-10,1.000000000000177451e-04,2.273736754432320010e-18
2.583333333333333662e-02,1.062500000000000076e-02,7.416666666666020546e+01,1.000000000000000036e-10,1.000000000000160374e-04,1.136868377216160005e-18
2.750000000000000014e-02,1.062500000000000076e-02,7.249999999999329248e+01,1.000000000000000036e-10,1.000000000000143298e-04,5.684341886080800026e-19
2.916666666666666713e-02,1.062500000000000076e-02,7.083333333332639370e+01,1.000000000000000036e-10,1.000000000000143298e-04,-0.000000000000000000e+00
3.083333333333333412e-02,1.062500000000000076e-02,6.916666666665948071e+01,1.000000000000000036e-10,1.000000000000121885e-04,-1.136868377216160005e-18
3.250000000000000111e-02,1.062500000000000076e-02,6.749999999999265299e+01,1.000000000000000036e-10,1.000000000000083667e-04,5.684341886080800026e-19
3.416666666666667157e-02,1.062500000000000076e-02,6.583333333332586790e+01,1.000000000000000036e-10,1.000000000000066591e-04,5.684341886080800026e-19
3.583333333333333509e-02,1.062500000000000076e-02,6.416666666665909702e+01,1.000000000000000036e-10,1.000000000000058053e-04,1.705302565824239912e-18
3.750000000000000555e-02,1.062500000000000076e-02,6.249999999999234035e+01,1.000000000000000036e-10,1.000000000000040977e-04,2.842170943040400013e-19
3.916666666666666907e-02,1.062500000000000076e-02,6.083333333332562631e+01,1.000000000000000036e-10,1.000000000000028102e-04,8.526512829121199558e-19
4.083333333333333259e-02,1.062500000000000076e-02,5.916666666665891228e+01,1.000000000000000036e-10,1.000000000000015362e-04,2.842170943040400013e-19
4.250000000000000305e-02,1.062500000000000076e-02,5.749999999999224087e+01,1.000000000000000036e-10,1.000000000000000454e-04,8.526512829121199558e-19
4.416666666666666657e-02,1.062500000000000076e-02,5.583333333332557658e+01,1.000000000000000036e-10,9.999999999999984216e-05,2.842170943040400013e-19
4.583333333333333703e-02,1.062500000000000076e-02,5.416666666665891228e+01,1.000000000000000036e-10,9.999999999999877151e-05,8.526512829121199558e-19
4.750000000000000056e-02,1.062500000000000076e-02,5.249999999999228351e+01,1.000000000000000036e-10,9.999999999999812099e-05,1.136868377216160005e-18
4.916666666666667102e-02,1.062500000000000076e-02,5.083333333332564052e+01,1.000000000000000036e-10,9.999999999999663021e-05,1.705302565824239912e-18
5.083333333333333454e-02,1.062500000000000076e-02,4.916666666665906149e+01,1.000000000000000036e-10,9.999999999999470575e-05,5.684341886080800026e-19
5.250000000000000500e-02,1.062500000000000076e-02,4.749999999999248246e+01,1.000000000000000036e-10,9.999999999999428563e-05,8.526512829121199558e-19
5.416666666666666852e-02,1.062500000000000076e-02,4.583333333332591764e+01,1.000000000000000036e-10,9.999999999999321498e-05,5.684341886080800026e-19
5.583333333333333898e-02,1.062500000000000076e-02,4.416666666665937413e+01,1.000000000000000036e-10,9.999999999999237472e-05,2.842170943040400013e-19
5.750000000000000250e-02,1.062500000000000076e-02,4.249999999999283773e+01,1.000000000000000036e-10,9.999999999999152091e-05,-0.000000000000000000e+00
5.916666666666667296e-02,1.062500000000000076e-02,4.083333333332632265e+01,1.000000000000000036e-10,9.999999999999045026e-05,2.842170943040400013e-19
6.083333333333333648e-02,1.062500000000000076e-02,3.916666666665982177e+01,1.000000000000000036e-10,9.999999999998959645e-05,-0.000000000000000000e+00
6.250000000000000000e-02,1.062500000000000076e-02,3.749999999999333511e+01,1.000000000000000036e-10,9.999999999998874264e-05,8.526512829121199558e-19
6.416666666666667740e-02,1.062500000000000076e-02,3.583333333332686266e+01,1.000000000000000036e-10,9.999999999998790239e-05,8.526512829121199558e-19
6.583333333333334092e-02,1.062500000000000076e-02,3.416666666666040442e+01,1.000000000000000036e-10,9.999999999998683174e-05,1.136868377216160005e-18
6.750000000000000444e-02,1.062500000000000076e-02,3.249999999999396749e+01,1.000000000000000036e-10,9.999999999998597793e-05,5.684341886080800026e-19
6.916666666666666796e-02,1.062500000000000076e-02,3.083333333332753767e+01,1.000000000000000036e-10,9.999999999998544938e-05,8.526512829121199558e-19
7.083333333333333148e-02,1.062500000000000076e-02,2.916666666666111851e+01,1.000000000000000036e-10,9.999999999998448715e-05,8.526512829121200521e-19
7.250000000000000888e-02,1.062500000000000076e-02,2.749999999999472067e+01,1.000000000000000036e-10,9.999999999998385018e-05,1.136868377216160005e-18
7.416666666666667240e-02,1.062500000000000076e-02,2.583333333332832282e+01,1.000000000000000036e-10,9.999999999998343005e-05,9.947598300641399805e-19
7.583333333333333592e-02,1.062500000000000076e-02,2.416666666666193919e+01,1.000000000000000036e-10,9.999999999998288795e-05,7.105427357601000273e-19
7.749999999999999944e-02,1.062500000000000076e-02,2.249999999999555911e+01,1.000000000000000036e-10,9.999999999998212901e-05,8.526512829121199558e-19
7.916666666666667684e-02,1.062500000000000076e-02,2.083333333332920034e+01,1.000000000000000036e-10,9.999999999998149204e-05,9.947598300641399805e-19
8.083333333333334036e-02,1.062500000000000076e-02,1.916666666666284158e+01,1.000000000000000036e-10,9.999999999998149204e-05,8.526512829121200521e-19
8.250000000000000389e-02,1.062500000000000076e-02,1.749999999999648281e+01,1.000000000000000036e-10,9.999999999998128875e-05,7.105427357601000273e-19
8.416666666666666741e-02,1.062500000000000076e-02,1.583333333333013115e+01,1.000000000000000036e-10,9.999999999998080086e-05,5.684341886080800026e-19
8.583333333333334481e-02,1.062500000000000076e-02,1.416666666666378838e+01,1.000000000000000036e-10,9.999999999998043494e-05,2.842170943040400013e-19
8.750000000000000833e-02,1.062500000000000076e-02,1.249999999999744915e+01,1.000000000000000036e-10,9.999999999998032652e-05,1.421085471520200007e-19
8.916666666666667185e-02,1.062500000000000076e-02,1.083333333333110993e+01,1.000000000000000036e-10,9.999999999998001481e-05,2.842170943040400013e-19
9.083333333333333537e-02,1.062500000000000076e-02,9.166666666664781360e+00,1.000000000000000036e-10,9.999999999997971666e-05,3.552713678800500137e-19
9.250000000000001277e-02,1.062500000000000076e-02,7.499999999998451905e+00,1.000000000000000036e-10,9.999999999997960824e-05,3.197442310920450075e-19
9.416666666666667629e-02,1.062500000000000076e-02,5.833333333332126891e+00,1.000000000000000036e-10,9.999999999997941850e-05,2.131628207280299889e-19
9.583333333333333981e-02,1.062500000000000076e-02,4.166666666665803653e+00,1.000000000000000036e-10,9.999999999997931008e-05,1.065814103640149945e-19
9.750000000000000333e-02,1.062500000000000076e-02,2.499999999999482192e+00,1.000000000000000036e-10,9.999999999997925587e-05,7.105427357601000033e-20
9.916666666666666685e-02,1.062500000000000076e-02,8.333333333331605086e-01,1.000000000000000036e-10,9.999999999997925587e-05,2.664535259100374862e-20
8.333333333333333868e-04,1.187500000000000014e-02,9.916666666666637298e+01,1.000000000000000036e-10,1.000000000000343604e-04,-0.000000000000000000e+00
2.500000000000000052e-03,1.187500000000000014e-02,9.749999999999914735e+01,1.000000000000000036e-10,1.000000000000322327e-04,-5.684341886080800026e-19
4.166666666666666609e-03,1.187500000000000014e-02,9.583333333333196435e+01,1.000000000000000036e-10,1.000000000000318126e-04,-1.136868377216160198e-18
5.833333333333333599e-03,1.187500000000000014e-02,9.416666666666475294e+01,1.000000000000000036e-10,1.000000000000313789e-04,1.705302565824239912e-18
7.500000000000000590e-03,1.187500000000000014e-02,9.249999999999758415e+01,1.000000000000000036e-10,1.000000000000279637e-04,1.705302565824239912e-18
9.166666666666666713e-03,1.187500000000000014e-02,9.083333333333048643e+01,1.000000000000000036e-10,1.000000000000266897e-04,3.410605131648480208e-18
1.083333333333333370e-02,1.187500000000000014e-02,8.916666666666336027e+01,1.000000000000000036e-10,1.000000000000262560e-04,2.273736754432320010e-18
1.250000000000000069e-02,1.187500000000000014e-02,8.749999999999627676e+01,1.000000000000000036e-10,1.000000000000249821e-04,2.273736754432320010e-18
1.416666666666666768e-02,1.187500000000000014e-02,8.583333333332919324e+01,1.000000000000000036e-10,1.000000000000245620e-04,2.273736754432320010e-18
1.583333333333333467e-02,1.187500000000000014e-02,8.416666666666212393e+01,1.000000000000000036e-10,1.000000000000232745e-04,2.273736754432320010e-18
1.750000000000000167e-02,1.187500000000000014e-02,8.249999999999508304e+01,1.000000000000000036e-10,1.000000000000215669e-04,3.410605131648479823e-18
1.916666666666666866e-02,1.187500000000000014e-02,8.083333333332807058e+01,1.000000000000000036e-10,1.000000000000198863e-04,3.979039320256559922e-18
2.083333333333333565e-02,1.187500000000000014e-02,7.916666666666108654e+01,1.000000000000000036e-10,1.000000000000190325e-04,3.410605131648480208e-18
2.250000000000000264e-02,1.187500000000000014e-02,7.749999999999410250e+01,1.000000000000000036e-10,1.000000000000185989e-04,2.273736754432320010e-18
2.416666666666666963e-02,1.187500000000000014e-02,7.583333333332713266e+01,1.000000000000000036e-10,1.000000000000168912e-04,1.705302565824239912e-18
2.583333333333333662e-02,1.187500000000000014e-02,7.416666666666020546e+01,1.000000000000000036e-10,1.000000000000156173e-04,1.136868377216160005e-18
2.750000000000000014e-02,1.187500000000000014e-02,7.249999999999327827e+01,1.000000000000000036e-10,1.000000000000143298e-04,5.684341886080800026e-19
2.916666666666666713e-02,1.187500000000000014e-02,7.083333333332639370e+01,1.000000000000000036e-10,1.000000000000130559e-04,-5.684341886080800026e-19
3.083333333333333412e-02,1.187500000000000014e-02,6.916666666665950913e+01,1.000000000000000036e-10,1.000000000000117819e-04,-1.705302565824239912e-18
3.250000000000000111e-02,1.187500000000000014e-02,6.749999999999266720e+01,1.000000000000000036e-10,1.000000000000092205e-04,-1.136868377216160005e-18
3.416666666666667157e-02,1.187500000000000014e-02,6.583333333332586790e+01,1.000000000000000036e-10,1.000000000000075129e-04,-0.000000000000000000e+00
3.583333333333333509e-02,1.187500000000000014e-02,6.416666666665908281e+01,1.000000000000000036e-10,1.000000000000055884e-04,0.000000000000000000e+00
3.750000000000000555e-02,1.187500000000000014e-02,6.249999999999234745e+01,1.000000000000000036e-10,1.000000000000040977e-04,2.842170943040400013e-19
3.916666666666666907e-02,1.187500000000000014e-02,6.083333333332561210e+01,1.000000000000000036e-10,1.000000000000030270e-04,8.526512829121199558e-19
4.083333333333333259e-02,1.187500000000000014e-02,5.916666666665891228e+01,1.000000000000000036e-10,1.000000000000015362e-04,8.526512829121200521e-19
4.250000000000000305e-02,1.187500000000000014e-02,5.749999999999222666e+01,1.000000000000000036e-10,1.000000000000002623e-04,8.526512829121199558e-19
4.416666666666666657e-02,1.187500000000000014e-02,5.583333333332556947e+01,1.000000000000000036e-10,9.999999999999962532e-05,1.421085471520200055e-18
4.583333333333333703e-02,1.187500000000000014e-02,5.416666666665890517e+01,1.000000000000000036e-10,9.999999999999898835e-05,8.526512829121199558e-19
4.750000000000000056e-02,1.187500000000000014e-02,5.249999999999226930e+01,1.000000000000000036e-10,9.999999999999833783e-05,1.136868377216160005e-18
4.916666666666667102e-02,1.187500000000000014e-02,5.083333333332562631e+01,1.000000000000000036e-10,9.999999999999621008e-05,2.842170943040400013e-19
5.083333333333333454e-02,1.187500000000000014e-02,4.916666666665906149e+01,1.000000000000000036e-10,9.999999999999450247e-05,1.136868377216160005e-18
5.250000000000000500e-02,1.187500000000000014e-02,4.749999999999247535e+01,1.000000000000000036e-10,9.999999999999429918e-05,8.526512829121199558e-19
5.416666666666666852e-02,1.187500000000000014e-02,4.583333333332591764e+01,1.000000000000000036e-10,9.999999999999301169e-05,5.684341886080800026e-19
5.583333333333333898e-02,1.187500000000000014e-02,4.416666666665937413e+01,1.000000000000000036e-10,9.999999999999237472e-05,2.842170943040400013e-19
5.750000000000000250e-02,1.187500000000000014e-02,4.249999999999283773e+01,1.000000000000000036e-10,9.999999999999173775e-05,2.842170943040400013e-19
5.916666666666667296e-02,1.187500000000000014e-02,4.083333333332631554e+01,1.000000000000000036e-10,9.999999999999045026e-05,8.526512829121199558e-19
6.083333333333333648e-02,1.187500000000000014e-02,3.916666666665982177e+01,1.000000000000000036e-10,9.999999999998959645e-05,-2.842170943040400013e-19
6.250000000000000000e-02,1.187500000000000014e-02,3.749999999999332800e+01,1.000000000000000036e-10,9.999999999998895948e-05,2.842170943040400013e-19
6.416666666666667740e-02,1.187500000000000014e-02,3.583333333332685555e+01,1.000000000000000036e-10,9.999999999998790239e-05,0.000000000000000000e+00
6.583333333333334092e-02,1.187500000000000014e-02,3.416666666666039731e+01,1.000000000000000036e-10,9.999999999998683174e-05,2.842170943040400013e-19
6.750000000000000444e-02,1.187500000000000014e-02,3.249999999999396039e+01,1.000000000000000036e-10,9.999999999998619477e-05,8.526512829121199558e-19
6.916666666666666796e-02,1.187500000000000014e-02,3.083333333332752346e+01,1.000000000000000036e-10,9.999999999998554425e-05,8.526512829121199558e-19
7.083333333333333148e-02,1.187500000000000014e-02,2.916666666666110785e+01,1.000000000000000036e-10,9.999999999998448715e-05,9.947598300641399805e-19
7.250000000000000888e-02,1.187500000000000014e-02,2.749999999999470646e+01,1.000000000000000036e-10,9.999999999998383663e-05,8.526512829121199558e-19
7.416666666666667240e-02,1.187500000000000014e-02,2.583333333332831216e+01,1.000000000000000036e-10,9.999999999998330808e-05,9.947598300641399805e-19
7.583333333333333592e-02,1.187500000000000014e-02,2.416666666666192853e+01,1.000000000000000036e-10,9.999999999998277953e-05,9.947598300641399805e-19
7.749999999999999944e-02,1.187500000000000014e-02,2.249999999999555200e+01,1.000000000000000036e-10,9.999999999998214256e-05,5.684341886080800026e-19
7.916666666666667684e-02,1.187500000000000014e-02,2.083333333332918968e+01,1.000000000000000036e-10,9.999999999998183085e-05,8.526512829121200521e-19
8.083333333333334036e-02,1.187500000000000014e-02,1.916666666666282381e+01,1.000000000000000036e-10,9.999999999998150559e-05,1.136868377216160005e-18
8.250000000000000389e-02,1.187500000000000014e-02,1.749999999999647216e+01,1.000000000000000036e-10,9.999999999998096349e-05,7.105427357601000273e-19
8.416666666666666741e-02,1.187500000000000014e-02,1.583333333333012405e+01,1.000000000000000036e-10,9.999999999998055692e-05,4.973799150320699902e-19
8.583333333333334481e-02,1.187500000000000014e-02,1.416666666666378660e+01,1.000000000000000036e-10,9.999999999998034008e-05,7.105427357601000033e-20
8.750000000000000833e-02,1.187500000000000014e-02,1.249999999999744560e+01,1.000000000000000036e-10,9.999999999998034008e-05,2.842170943040400013e-19
8.916666666666667185e-02,1.187500000000000014e-02,1.083333333333110815e+01,1.000000000000000036e-10,9.999999999998001481e-05,1.421085471520200007e-19
9.083333333333333537e-02,1.187500000000000014e-02,9.166666666664777807e+00,1.000000000000000036e-10,9.999999999997974376e-05,2.131628207280299889e-19
9.250000000000001277e-02,1.187500000000000014e-02,7.499999999998449240e+00,1.000000000000000036e-10,9.999999999997955403e-05,2.131628207280300130e-19
9.416666666666667629e-02,1.187500000000000014e-02,5.833333333332125115e+00,1.000000000000000036e-10,9.999999999997936429e-05,1.776356839400250068e-19
9.583333333333333981e-02,1.187500000000000014e-02,4.166666666665802765e+00,1.000000000000000036e-10,9.999999999997928298e-05,7.105427357601000033e-20
9.750000000000000333e-02,1.187500000000000014e-02,2.499999999999481304e+00,1.000000000000000036e-10,9.999999999997925587e-05,5.329070518200749723e-20
9.916666666666666685e-02,1.187500000000000014e-02,8.333333333331600645e-01,1.000000000000000036e-10,9.999999999997922877e-05,2.664535259100374862e-20
8.333333333333333868e-04,1.312499999999999951e-02,9.916666666666637298e+01,1.000000000000000036e-10,1.000000000000339539e-04,5.684341886080800026e-19
2.500000000000000052e-03,1.312499999999999951e-02,9.749999999999916156e+01,1.000000000000000036e-10,1.000000000000326664e-04,0.000000000000000000e+00
4.166666666666666609e-03,1.312499999999999951e-02,9.583333333333195014e+01,1.000000000000000036e-10,1.000000000000330865e-04,2.273736754432320010e-18
5.833333333333333599e-03,1.312499999999999951e-02,9.416666666666472452e+01,1.000000000000000036e-10,1.000000000000317990e-04,2.273736754432320010e-18
7.500000000000000590e-03,1.312499999999999951e-02,9.249999999999755573e+01,1.000000000000000036e-10,1.000000000000292376e-04,2.273736754432320010e-18
9.166666666666666713e-03,1.312499999999999951e-02,9.083333333333041537e+01,1.000000000000000036e-10,1.000000000000266897e-04,3.979039320256559922e-18
1.083333333333333370e-02,1.312499999999999951e-02,8.916666666666333185e+01,1.000000000000000036e-10,1.000000000000249821e-04,2.273736754432320010e-18
1.250000000000000069e-02,1.312499999999999951e-02,8.749999999999624833e+01,1.000000000000000036e-10,1.000000000000249821e-04,2.842170943040400109e-18
1.416666666666666768e-02,1.312499999999999951e-02,8.583333333332916482e+01,1.000000000000000036e-10,1.000000000000241418e-04,2.842170943040400109e-18
1.583333333333333467e-02,1.312499999999999951e-02,8.416666666666210972e+01,1.000000000000000036e-10,1.000000000000232880e-04,3.979039320256559922e-18
1.750000000000000167e-02,1.312499999999999951e-02,8.249999999999505462e+01,1.000000000000000036e-10,1.000000000000224342e-04,2.842170943040400109e-18
1.916666666666666866e-02,1.312499999999999951e-02,8.083333333332802795e+01,1.000000000000000036e-10,1.000000000000203065e-04,3.410605131648480208e-18
2.083333333333333565e-02,1.312499999999999951e-02,7.916666666666104391e+01,1.000000000000000036e-10,1.000000000000185989e-04,3.410605131648480208e-18
2.250000000000000264e-02,1.312499999999999951e-02,7.749999999999407407e+01,1.000000000000000036e-10,1.000000000000177451e-04,1.705302565824239912e-18
2.416666666666666963e-02,1.312499999999999951e-02,7.583333333332711845e+01,1.000000000000000036e-10,1.000000000000168777e-04,1.705302565824239912e-18
2.583333333333333662e-02,1.312499999999999951e-02,7.416666666666017704e+01,1.000000000000000036e-10,1.000000000000151701e-04,2.273736754432320010e-18
2.750000000000000014e-02,1.312499999999999951e-02,7.249999999999327827e+01,1.000000000000000036e-10,1.000000000000130559e-04,-0.000000000000000000e+00
2.916666666666666713e-02,1.312499999999999951e-02,7.083333333332640791e+01,1.000000000000000036e-10,1.000000000000126222e-04,5.684341886080800026e-19
3.083333333333333412e-02,1.312499999999999951e-02,6.916666666665952334e+01,1.000000000000000036e-10,1.000000000000117819e-04,-5.684341886080800026e-19
3.250000000000000111e-02,1.312499999999999951e-02,6.749999999999268141e+01,1.000000000000000036e-10,1.000000000000096406e-04,-5.684341886080800026e-19
3.416666666666667157e-02,1.312499999999999951e-02,6.583333333332586790e+01,1.000000000000000036e-10,1.000000000000074993e-04,-5.684341886080800026e-19
3.583333333333333509e-02,1.312499999999999951e-02,6.416666666665909702e+01,1.000000000000000036e-10,1.000000000000060086e-04,-5.684341886080800026e-19
3.750000000000000555e-02,1.312499999999999951e-02,6.249999999999233324e+01,1.000000000000000036e-10,1.000000000000047346e-04,8.526512829121199558e-19
3.916666666666666907e-02,1.312499999999999951e-02,6.083333333332560500e+01,1.000000000000000036e-10,1.000000000000032438e-04,5.684341886080800026e-19
4.083333333333333259e-02,1.312499999999999951e-02,5.916666666665889096e+01,1.000000000000000036e-10,1.000000000000015362e-04,1.136868377216160005e-18
4.250000000000000305e-02,1.312499999999999951e-02,5.749999999999221956e+01,1.000000000000000036e-10,1.000000000000004656e-04,1.136868377216160005e-18
4.416666666666666657e-02,1.312499999999999951e-02,5.583333333332554105e+01,1.000000000000000036e-10,9.999999999999982861e-05,1.421085471520200055e-18
4.583333333333333703e-02,1.312499999999999951e-02,5.416666666665889096e+01,1.000000000000000036e-10,9.999999999999855467e-05,8.526512829121199558e-19
4.750000000000000056e-02,1.312499999999999951e-02,5.249999999999225508e+01,1.000000000000000036e-10,9.999999999999768731e-05,5.684341886080800026e-19
4.916666666666667102e-02,1.312499999999999951e-02,5.083333333332563342e+01,1.000000000000000036e-10,9.999999999999663021e-05,-5.684341886080800026e-19
5.083333333333333454e-02,1.312499999999999951e-02,4.916666666665903307e+01,1.000000000000000036e-10,9.999999999999513943e-05,8.526512829121199558e-19
5.250000000000000500e-02,1.312499999999999951e-02,4.749999999999246114e+01,1.000000000000000036e-10,9.999999999999386550e-05,5.684341886080800026e-19
5.416666666666666852e-02,1.312499999999999951e-02,4.583333333332590342e+01,1.000000000000000036e-10,9.999999999999280840e-05,8.526512829121199558e-19
5.583333333333333898e-02,1.312499999999999951e-02,4.416666666665936702e+01,1.000000000000000036e-10,9.999999999999215788e-05,5.684341886080800026e-19
5.750000000000000250e-02,1.312499999999999951e-02,4.249999999999283062e+01,1.000000000000000036e-10,9.999999999999194104e-05,2.842170943040400013e-19
5.916666666666667296e-02,1.312499999999999951e-02,4.083333333332630133e+01,1.000000000000000036e-10,9.999999999999003013e-05,5.684341886080800026e-19
6.083333333333333648e-02,1.312499999999999951e-02,3.916666666665982888e+01,1.000000000000000036e-10,9.999999999998917632e-05,0.000000000000000000e+00
6.250000000000000000e-02,1.312499999999999951e-02,3.749999999999332800e+01,1.000000000000000036e-10,9.999999999998895948e-05,-2.842170943040400013e-19
6.416666666666667740e-02,1.312499999999999951e-02,3.583333333332686266e+01,1.000000000000000036e-10,9.999999999998790239e-05,-2.842170943040400013e-19
6.583333333333334092e-02,1.312499999999999951e-02,3.416666666666039731e+01,1.000000000000000036e-10,9.999999999998746870e-05,-2.842170943040400013e-19
6.750000000000000444e-02,1.312499999999999951e-02,3.249999999999394618e+01,1.000000000000000036e-10,9.999999999998641161e-05,5.684341886080800026e-19
6.916666666666666796e-02,1.312499999999999951e-02,3.083333333332751636e+01,1.000000000000000036e-10,9.999999999998555780e-05,2.842170943040400013e-19
7.083333333333333148e-02,1.312499999999999951e-02,2.916666666666109364e+01,1.000000000000000036e-10,9.999999999998448715e-05,8.526512829121199558e-19
7.250000000000000888e-02,1.312499999999999951e-02,2.749999999999469935e+01,1.000000000000000036e-10,9.999999999998383663e-05,7.105427357601000273e-19
7.416666666666667240e-02,1.312499999999999951e-02,2.583333333332829795e+01,1.000000000000000036e-10,9.999999999998352492e-05,1.278976924368180030e-18
7.583333333333333592e-02,1.312499999999999951e-02,2.416666666666191432e+01,1.000000000000000036e-10,9.999999999998256269e-05,7.105427357601000273e-19
7.749999999999999944e-02,1.312499999999999951e-02,2.249999999999554490e+01,1.000000000000000036e-10,9.999999999998203414e-05,4.263256414560599779e-19
7.916666666666667684e-02,1.312499999999999951e-02,2.083333333332917903e+01,1.000000000000000036e-10,9.999999999998192572e-05,5.684341886080800026e-19
8.083333333333334036e-02,1.312499999999999951e-02,1.916666666666281316e+01,1.000000000000000036e-10,9.999999999998139717e-05,4.263256414560600260e-19
8.250000000000000389e-02,1.312499999999999951e-02,1.749999999999646505e+01,1.000000000000000036e-10,9.999999999998080086e-05,5.684341886080800026e-19
8.416666666666666741e-02,1.312499999999999951e-02,1.583333333333011872e+01,1.000000000000000036e-10,9.999999999998032652e-05,4.263256414560600260e-19
8.583333333333334481e-02,1.312499999999999951e-02,1.416666666666378660e+01,1.000000000000000036e-10,9.999999999998028587e-05,1.421085471520200007e-19
8.750000000000000833e-02,1.312499999999999951e-02,1.249999999999744205e+01,1.000000000000000036e-10,9.999999999998038073e-05,2.842170943040400013e-19
8.916666666666667185e-02,1.312499999999999951e-02,1.083333333333110637e+01,1.000000000000000036e-10,9.999999999997996060e-05,1.421085471520200007e-19
9.083333333333333537e-02,1.312499999999999951e-02,9.166666666664776031e+00,1.000000000000000036e-10,9.999999999997977087e-05,1.421085471520200007e-19
9.250000000000001277e-02,1.312499999999999951e-02,7.499999999998446576e+00,1.000000000000000036e-10,9.999999999997958113e-05,1.421085471520200007e-19
9.416666666666667629e-02,1.312499999999999951e-02,5.833333333332122450e+00,1.000000000000000036e-10,9.999999999997931008e-05,1.421085471520200007e-19
9.583333333333333981e-02,1.312499999999999951e-02,4.166666666665801877e+00,1.000000000000000036e-10,9.999999999997922877e-05,1.065814103640149945e-19
9.750000000000000333e-02,1.312499999999999951e-02,2.499999999999480860e+00,1.000000000000000036e-10,9.999999999997924232e-05,3.552713678800500016e-20
9.916666666666666685e-02,1.312499999999999951e-02,8.333333333331598425e-01,1.000000000000000036e-10,9.999999999997920166e-05,8.881784197001250041e-21
8.333333333333333868e-04,1.437500000000000062e-02,9.916666666666635876e+01,1.000000000000000036e-10,1.000000000000347941e-04,5.684341886080800026e-19
2.500000000000000052e-03,1.437500000000000062e-02,9.749999999999914735e+01,1.000000000000000036e-10,1.000000000000335202e-04,1.705302565824239912e-18
4.166666666666666609e-03,1.437500000000000062e-02,9.583333333333190751e+01,1.000000000000000036e-10,1.000000000000335202e-04,2.273736754432320010e-18
5.833333333333333599e-03,1.437500000000000062e-02,9.416666666666469609e+01,1.000000000000000036e-10,1.000000000000313789e-04,1.705302565824239912e-18
7.500000000000000590e-03,1.437500000000000062e-02,9.249999999999752731e+01,1.000000000000000036e-10,1.000000000000292376e-04,1.705302565824239912e-18
9.166666666666666713e-03,1.437500000000000062e-02,9.083333333333038695e+01,1.000000000000000036e-10,1.000000000000266897e-04,2.273736754432320010e-18
1.083333333333333370e-02,1.437500000000000062e-02,8.916666666666330343e+01,1.000000000000000036e-10,1.000000000000254158e-04,2.842170943040400109e-18
1.250000000000000069e-02,1.437500000000000062e-02,8.749999999999620570e+01,1.000000000000000036e-10,1.000000000000254158e-04,3.410605131648480208e-18
1.416666666666666768e-02,1.437500000000000062e-02,8.583333333332912218e+01,1.000000000000000036e-10,1.000000000000254158e-04,3.410605131648480208e-18
1.583333333333333467e-02,1.437500000000000062e-02,8.416666666666202445e+01,1.000000000000000036e-10,1.000000000000232745e-04,4.547473508864640021e-18
1.750000000000000167e-02,1.437500000000000062e-02,8.249999999999501199e+01,1.000000000000000036e-10,1.000000000000211603e-04,2.842170943040400109e-18
1.916666666666666866e-02,1.437500000000000062e-02,8.083333333332798532e+01,1.000000000000000036e-10,1.000000000000203065e-04,2.842170943040400109e-18
2.083333333333333565e-02,1.437500000000000062e-02,7.916666666666100127e+01,1.000000000000000036e-10,1.000000000000177451e-04,2.842170943040400109e-18
2.250000000000000264e-02,1.437500000000000062e-02,7.749999999999405986e+01,1.000000000000000036e-10,1.000000000000173114e-04,2.273736754432320010e-18
2.416666666666666963e-02,1.437500000000000062e-02,7.583333333332709003e+01,1.000000000000000036e-10,1.000000000000173114e-04,2.273736754432320010e-18
2.583333333333333662e-02,1.437500000000000062e-02,7.416666666666014862e+01,1.000000000000000036e-10,1.000000000000143298e-04,2.273736754432320010e-18
2.750000000000000014e-02,1.437500000000000062e-02,7.249999999999327827e+01,1.000000000000000036e-10,1.000000000000130559e-04,1.705302565824240104e-18
2.916666666666666713e-02,1.437500000000000062e-02,7.083333333332637949e+01,1.000000000000000036e-10,1.000000000000126222e-04,1.705302565824239912e-18
3.083333333333333412e-02,1.437500000000000062e-02,6.916666666665952334e+01,1.000000000000000036e-10,1.000000000000109146e-04,1.136868377216160005e-18
3.250000000000000111e-02,1.437500000000000062e-02,6.749999999999268141e+01,1.000000000000000036e-10,1.000000000000092205e-04,-5.684341886080800026e-19
3.416666666666667157e-02,1.437500000000000062e-02,6.583333333332588211e+01,1.000000000000000036e-10,1.000000000000075129e-04,-1.136868377216160005e-18
3.583333333333333509e-02,1.437500000000000062e-02,6.416666666665909702e+01,1.000000000000000036e-10,1.000000000000066591e-04,-0.000000000000000000e+00
3.750000000000000555e-02,1.437500000000000062e-02,6.249999999999232614e+01,1.000000000000000036e-10,1.000000000000049515e-04,0.000000000000000000e+00
3.916666666666666907e-02,1.437500000000000062e-02,6.083333333332559789e+01,1.000000000000000036e-10,1.000000000000032438e-04,2.842170943040400013e-19
4.083333333333333259e-02,1.437500000000000062e-02,5.916666666665888386e+01,1.000000000000000036e-10,1.000000000000019699e-04,2.842170943040400013e-19
4.250000000000000305e-02,1.437500000000000062e-02,5.749999999999219824e+01,1.000000000000000036e-10,1.000000000000004791e-04,8.526512829121200521e-19
4.416666666666666657e-02,1.437500000000000062e-02,5.583333333332553394e+01,1.000000000000000036e-10,9.999999999999942203e-05,5.684341886080800026e-19
4.583333333333333703e-02,1.437500000000000062e-02,5.416666666665888386e+01,1.000000000000000036e-10,9.999999999999833783e-05,8.526512829121199558e-19
4.750000000000000056e-02,1.437500000000000062e-02,5.249999999999225508e+01,1.000000000000000036e-10,9.999999999999728073e-05,5.684341886080800026e-19
4.916666666666667102e-02,1.437500000000000062e-02,5.083333333332564052e+01,1.000000000000000036e-10,9.999999999999642693e-05,0.000000000000000000e+00
5.083333333333333454e-02,1.437500000000000062e-02,4.916666666665904017e+01,1.000000000000000036e-10,9.999999999999535628e-05,-2.842170943040400013e-19
5.250000000000000500e-02,1.437500000000000062e-02,4.749999999999246114e+01,1.000000000000000036e-10,9.999999999999428563e-05,-0.000000000000000000e+00
5.416666666666666852e-02,1.437500000000000062e-02,4.583333333332589632e+01,1.000000000000000036e-10,9.999999999999301169e-05,8.526512829121199558e-19
5.583333333333333898e-02,1.437500000000000062e-02,4.416666666665935992e+01,1.000000000000000036e-10,9.999999999999194104e-05,5.684341886080800026e-19
5.750000000000000250e-02,1.437500000000000062e-02,4.249999999999283062e+01,1.000000000000000036e-10,9.999999999999173775e-05,2.842170943040400013e-19
5.916666666666667296e-02,1.437500000000000062e-02,4.083333333332630133e+01,1.000000000000000036e-10,9.999999999999024697e-05,-1.421085471520200055e-18
6.083333333333333648e-02,1.437500000000000062e-02,3.916666666665982177e+01,1.000000000000000036e-10,9.999999999998895948e-05,2.842170943040400013e-19
6.250000000000000000e-02,1.437500000000000062e-02,3.749999999999333511e+01,1.000000000000000036e-10,9.999999999998874264e-05,0.000000000000000000e+00
6.416666666666667740e-02,1.437500000000000062e-02,3.583333333332686266e+01,1.000000000000000036e-10,9.999999999998790239e-05,2.842170943040400013e-19
6.583333333333334092e-02,1.437500000000000062e-02,3.416666666666040442e+01,1.000000000000000036e-10,9.999999999998746870e-05,-2.842170943040400013e-19
6.750000000000000444e-02,1.437500000000000062e-02,3.249999999999394618e+01,1.000000000000000036e-10,9.999999999998662845e-05,-2.842170943040400013e-19
6.916666666666666796e-02,1.437500000000000062e-02,3.083333333332751636e+01,1.000000000000000036e-10,9.999999999998577464e-05,-0.000000000000000000e+00
7.083333333333333148e-02,1.437500000000000062e-02,2.916666666666108654e+01,1.000000000000000036e-10,9.999999999998481241e-05,2.842170943040400013e-19
7.250000000000000888e-02,1.437500000000000062e-02,2.749999999999468869e+01,1.000000000000000036e-10,9.999999999998416189e-05,1.136868377216160005e-18
7.416666666666667240e-02,1.437500000000000062e-02,2.583333333332828019e+01,1.000000000000000036e-10,9.999999999998332163e-05,9.947598300641399805e-19
7.583333333333333592e-02,1.437500000000000062e-02,2.416666666666191077e+01,1.000000000000000036e-10,9.999999999998214256e-05,4.263256414560599779e-19
7.749999999999999944e-02,1.437500000000000062e-02,2.249999999999554134e+01,1.000000000000000036e-10,9.999999999998203414e-05,2.842170943040400013e-19
7.916666666666667684e-02,1.437500000000000062e-02,2.083333333332917547e+01,1.000000000000000036e-10,9.999999999998183085e-05,2.842170943040400013e-19
8.083333333333334036e-02,1.437500000000000062e-02,1.916666666666281316e+01,1.000000000000000036e-10,9.999999999998150559e-05,-0.000000000000000000e+00
8.250000000000000389e-02,1.437500000000000062e-02,1.749999999999645794e+01,1.000000000000000036e-10,9.999999999998096349e-05,4.263256414560599779e-19
8.416666666666666741e-02,1.437500000000000062e-02,1.583333333333011339e+01,1.000000000000000036e-10,9.999999999998023166e-05,3.552713678800500137e-19
8.583333333333334481e-02,1.437500000000000062e-02,1.416666666666378305e+01,1.000000000000000036e-10,9.999999999998023166e-05,4.973799150320699902e-19
8.750000000000000833e-02,1.437500000000000062e-02,1.249999999999743849e+01,1.000000000000000036e-10,9.999999999998032652e-05,4.263256414560599779e-19
8.916666666666667185e-02,1.437500000000000062e-02,1.083333333333110460e+01,1.000000000000000036e-10,9.999999999997990639e-05,2.131628207280299889e-19
9.083333333333333537e-02,1.437500000000000062e-02,9.166666666664774255e+00,1.000000000000000036e-10,9.999999999997974376e-05,7.105427357601000033e-20
9.250000000000001277e-02,1.437500000000000062e-02,7.499999999998445688e+00,1.000000000000000036e-10,9.999999999997955403e-05,3.552713678800500016e-20
9.416666666666667629e-02,1.437500000000000062e-02,5.833333333332121562e+00,1.000000000000000036e-10,9.999999999997933719e-05,0.000000000000000000e+00
9.583333333333333981e-02,1.437500000000000062e-02,4.166666666665800101e+00,1.000000000000000036e-10,9.999999999997920166e-05,3.552713678800500016e-20
9.750000000000000333e-02,1.437500000000000062e-02,2.499999999999480416e+00,1.000000000000000036e-10,9.999999999997918811e-05,1.776356839400250008e-20
9.916666666666666685e-02,1.437500000000000062e-02,8.333333333331598425e-01,1.000000000000000036e-10,9.999999999997918811e-05,-4.440892098500625020e-21
8.333333333333333868e-04,1.562500000000000000e-02,9.916666666666635876e+01,1.000000000000000036e-10,1.000000000000356615e-04,-0.000000000000000000e+00
2.500000000000000052e-03,1.562500000000000000e-02,9.749999999999911893e+01,1.000000000000000036e-10,1.000000000000339403e-04,1.136868377216160005e-18
4.166666666666666609e-03,1.562500000000000000e-02,9.583333333333189330e+01,1.000000000000000036e-10,1.000000000000330865e-04,5.684341886080800026e-19
5.833333333333333599e-03,1.562500000000000000e-02,9.416666666666468188e+01,1.000000000000000036e-10,1.000000000000313789e-04,1.136868377216160005e-18
7.500000000000000590e-03,1.562500000000000000e-02,9.249999999999751310e+01,1.000000000000000036e-10,1.000000000000296713e-04,1.136868377216160005e-18
9.166666666666666713e-03,1.562500000000000000e-02,9.083333333333035853e+01,1.000000000000000036e-10,1.000000000000275435e-04,2.273736754432320010e-18
1.083333333333333370e-02,1.562500000000000000e-02,8.916666666666326080e+01,1.000000000000000036e-10,1.000000000000258359e-04,3.410605131648480208e-18
1.250000000000000069e-02,1.562500000000000000e-02,8.749999999999616307e+01,1.000000000000000036e-10,1.000000000000254158e-04,2.842170943040400109e-18
1.416666666666666768e-02,1.562500000000000000e-02,8.583333333332907955e+01,1.000000000000000036e-10,1.000000000000249821e-04,2.842170943040400109e-18
1.583333333333333467e-02,1.562500000000000000e-02,8.416666666666199603e+01,1.000000000000000036e-10,1.000000000000228544e-04,2.273736754432320010e-18
1.750000000000000167e-02,1.562500000000000000e-02,8.249999999999498357e+01,1.000000000000000036e-10,1.000000000000211603e-04,2.842170943040400109e-18
1.916666666666666866e-02,1.562500000000000000e-02,8.083333333332795689e+01,1.000000000000000036e-10,1.000000000000203065e-04,2.273736754432320010e-18
2.083333333333333565e-02,1.562500000000000000e-02,7.916666666666097285e+01,1.000000000000000036e-10,1.000000000000181787e-04,3.410605131648479823e-18
2.250000000000000264e-02,1.562500000000000000e-02,7.749999999999401723e+01,1.000000000000000036e-10,1.000000000000173114e-04,3.979039320256559922e-18
2.416666666666666963e-02,1.562500000000000000e-02,7.583333333332706161e+01,1.000000000000000036e-10,1.000000000000168777e-04,3.410605131648479823e-18
2.583333333333333662e-02,1.562500000000000000e-02,7.416666666666012020e+01,1.000000000000000036e-10,1.000000000000147635e-04,2.842170943040400109e-18
2.750000000000000014e-02,1.562500000000000000e-02,7.249999999999323563e+01,1.000000000000000036e-10,1.000000000000126222e-04,2.842170943040400109e-18
2.916666666666666713e-02,1.562500000000000000e-02,7.083333333332636528e+01,1.000000000000000036e-10,1.000000000000122021e-04,1.705302565824239912e-18
3.083333333333333412e-02,1.562500000000000000e-02,6.916666666665949492e+01,1.000000000000000036e-10,1.000000000000100743e-04,1.136868377216160005e-18
3.250000000000000111e-02,1.562500000000000000e-02,6.749999999999269562e+01,1.000000000000000036e-10,1.000000000000079466e-04,-5.684341886080800026e-19
3.416666666666667157e-02,1.562500000000000000e-02,6.583333333332589632e+01,1.000000000000000036e-10,1.000000000000079466e-04,-5.684341886080800026e-19
3.583333333333333509e-02,1.562500000000000000e-02,6.416666666665909702e+01,1.000000000000000036e-10,1.000000000000068759e-04,-0.000000000000000000e+00
3.750000000000000555e-02,1.562500000000000000e-02,6.249999999999233324e+01,1.000000000000000036e-10,1.000000000000049515e-04,0.000000000000000000e+00
3.916666666666666907e-02,1.562500000000000000e-02,6.083333333332559789e+01,1.000000000000000036e-10,1.000000000000034607e-04,2.842170943040400013e-19
4.083333333333333259e-02,1.562500000000000000e-02,5.916666666665888386e+01,1.000000000000000036e-10,1.000000000000019699e-04,-8.526512829121200521e-19
4.250000000000000305e-02,1.562500000000000000e-02,5.749999999999219824e+01,1.000000000000000036e-10,1.000000000000006824e-04,-2.842170943040400013e-19
4.416666666666666657e-02,1.562500000000000000e-02,5.583333333332552684e+01,1.000000000000000036e-10,9.999999999999982861e-05,0.000000000000000000e+00
4.583333333333333703e-02,1.562500000000000000e-02,5.416666666665886964e+01,1.000000000000000036e-10,9.999999999999855467e-05,8.526512829121199558e-19
4.750000000000000056e-02,1.562500000000000000e-02,5.249999999999224087e+01,1.000000000000000036e-10,9.999999999999706389e-05,5.684341886080800026e-19
4.916666666666667102e-02,1.562500000000000000e-02,5.083333333332563342e+01,1.000000000000000036e-10,9.999999999999600680e-05,5.684341886080800026e-19
5.083333333333333454e-02,1.562500000000000000e-02,4.916666666665904017e+01,1.000000000000000036e-10,9.999999999999513943e-05,-0.000000000000000000e+00
5.250000000000000500e-02,1.562500000000000000e-02,4.749999999999246114e+01,1.000000000000000036e-10,9.999999999999470575e-05,2.842170943040400013e-19
5.416666666666666852e-02,1.562500000000000000e-02,4.583333333332588211e+01,1.000000000000000036e-10,9.999999999999321498e-05,8.526512829121199558e-19
5.583333333333333898e-02,1.562500000000000000e-02,4.416666666665935281e+01,1.000000000000000036e-10,9.999999999999173775e-05,2.842170943040400013e-19
5.750000000000000250e-02,1.562500000000000000e-02,4.249999999999282352e+01,1.000000000000000036e-10,9.999999999999045026e-05,0.000000000000000000e+00
5.916666666666667296e-02,1.562500000000000000e-02,4.083333333332633686e+01,1.000000000000000036e-10,9.999999999999001658e-05,-8.526512829121200521e-19
6.083333333333333648e-02,1.562500000000000000e-02,3.916666666665982177e+01,1.000000000000000036e-10,9.999999999999023342e-05,-0.000000000000000000e+00
6.250000000000000000e-02,1.562500000000000000e-02,3.749999999999332800e+01,1.000000000000000036e-10,9.999999999998895948e-05,8.526512829121199558e-19
6.416666666666667740e-02,1.562500000000000000e-02,3.583333333332685555e+01,1.000000000000000036e-10,9.999999999998768554e-05,2.842170943040400013e-19
6.583333333333334092e-02,1.562500000000000000e-02,3.416666666666040442e+01,1.000000000000000036e-10,9.999999999998703502e-05,-0.000000000000000000e+00
6.750000000000000444e-02,1.562500000000000000e-02,3.249999999999395328e+01,1.000000000000000036e-10,9.999999999998661490e-05,-5.684341886080800026e-19
6.916666666666666796e-02,1.562500000000000000e-02,3.083333333332751636e+01,1.000000000000000036e-10,9.999999999998597793e-05,-1.421085471520200007e-19
7.083333333333333148e-02,1.562500000000000000e-02,2.916666666666108654e+01,1.000000000000000036e-10,9.999999999998534096e-05,-0.000000000000000000e+00
7.250000000000000888e-02,1.562500000000000000e-02,2.749999999999467093e+01,1.000000000000000036e-10,9.999999999998437873e-05,7.105427357601000273e-19
7.416666666666667240e-02,1.562500000000000000e-02,2.583333333332827308e+01,1.000000000000000036e-10,9.999999999998299637e-05,4.263256414560599779e-19
7.583333333333333592e-02,1.562500000000000000e-02,2.416666666666190366e+01,1.000000000000000036e-10,9.999999999998203414e-05,2.842170943040400013e-19
7.749999999999999944e-02,1.562500000000000000e-02,2.249999999999553779e+01,1.000000000000000036e-10,9.999999999998192572e-05,5.684341886080800026e-19
7.916666666666667684e-02,1.562500000000000000e-02,2.083333333332917192e+01,1.000000000000000036e-10,9.999999999998170888e-05,5.684341886080800026e-19
8.083333333333334036e-02,1.562500000000000000e-02,1.916666666666281316e+01,1.000000000000000036e-10,9.999999999998149204e-05,2.842170943040400013e-19
8.250000000000000389e-02,1.562500000000000000e-02,1.749999999999645439e+01,1.000000000000000036e-10,9.999999999998107191e-05,1.421085471520200007e-19
8.416666666666666741e-02,1.562500000000000000e-02,1.583333333333010984e+01,1.000000000000000036e-10,9.999999999998038073e-05,1.421085471520200007e-19
8.583333333333334481e-02,1.562500000000000000e-02,1.416666666666377417e+01,1.000000000000000036e-10,9.999999999998032652e-05,5.684341886080800026e-19
8.750000000000000833e-02,1.562500000000000000e-02,1.249999999999743139e+01,1.000000000000000036e-10,9.999999999998017744e-05,3.552713678800500137e-19
8.916666666666667185e-02,1.562500000000000000e-02,1.083333333333110104e+01,1.000000000000000036e-10,9.999999999997968955e-05,7.105427357601000033e-20
9.083333333333333537e-02,1.562500000000000000e-02,9.166666666664774255e+00,1.000000000000000036e-10,9.999999999997963534e-05,-0.000000000000000000e+00
9.250000000000001277e-02,1.562500000000000000e-02,7.499999999998445688e+00,1.000000000000000036e-10,9.999999999997952692e-05,-3.552713678800500016e-20
9.416666666666667629e-02,1.562500000000000000e-02,5.833333333332122450e+00,1.000000000000000036e-10,9.999999999997931008e-05,-7.105427357601000033e-20
9.583333333333333981e-02,1.562500000000000000e-02,4.166666666665800989e+00,1.000000000000000036e-10,9.999999999997922877e-05,0.000000000000000000e+00
9.750000000000000333e-02,1.562500000000000000e-02,2.499999999999480416e+00,1.000000000000000036e-10,9.999999999997921522e-05,1.776356839400250008e-20
9.916666666666666685e-02,1.562500000000000000e-02,8.333333333331599535e-01,1.000000000000000036e-10,9.999999999997920166e-05,0.000000000000000000e+00
8.333333333333333868e-04,1.687500000000000111e-02,9.916666666666635876e+01,1.000000000000000036e-10,1.000000000000356615e-04,5.684341886080800026e-19
2.500000000000000052e-03,1.687500000000000111e-02,9.749999999999911893e+01,1.000000000000000036e-10,1.000000000000339403e-04,5.684341886080800026e-19
4.166666666666666609e-03,1.687500000000000111e-02,9.583333333333189330e+01,1.000000000000000036e-10,1.000000000000335066e-04,1.705302565824240104e-18
5.833333333333333599e-03,1.687500000000000111e-02,9.416666666666466767e+01,1.000000000000000036e-10,1.000000000000317990e-04,1.705302565824239912e-18
7.500000000000000590e-03,1.687500000000000111e-02,9.249999999999749889e+01,1.000000000000000036e-10,1.000000000000300914e-04,2.273736754432320010e-18
9.166666666666666713e-03,1.687500000000000111e-02,9.083333333333033011e+01,1.000000000000000036e-10,1.000000000000283973e-04,2.842170943040400109e-18
1.083333333333333370e-02,1.687500000000000111e-02,8.916666666666321817e+01,1.000000000000000036e-10,1.000000000000258495e-04,2.842170943040400109e-18
1.250000000000000069e-02,1.687500000000000111e-02,8.749999999999613465e+01,1.000000000000000036e-10,1.000000000000249821e-04,2.842170943040400109e-18
1.416666666666666768e-02,1.687500000000000111e-02,8.583333333332905113e+01,1.000000000000000036e-10,1.000000000000249821e-04,3.410605131648479823e-18
1.583333333333333467e-02,1.687500000000000111e-02,8.416666666666196761e+01,1.000000000000000036e-10,1.000000000000232745e-04,3.410605131648479823e-18
1.750000000000000167e-02,1.687500000000000111e-02,8.249999999999494094e+01,1.000000000000000036e-10,1.000000000000211603e-04,3.410605131648480208e-18
1.916666666666666866e-02,1.687500000000000111e-02,8.083333333332792847e+01,1.000000000000000036e-10,1.000000000000207266e-04,3.410605131648479823e-18
2.083333333333333565e-02,1.687500000000000111e-02,7.916666666666091601e+01,1.000000000000000036e-10,1.000000000000190190e-04,3.410605131648479823e-18
2.250000000000000264e-02,1.687500000000000111e-02,7.749999999999396039e+01,1.000000000000000036e-10,1.000000000000173114e-04,4.547473508864640021e-18
2.416666666666666963e-02,1.687500000000000111e-02,7.583333333332700477e+01,1.000000000000000036e-10,1.000000000000164711e-04,3.979039320256559922e-18
2.583333333333333662e-02,1.687500000000000111e-02,7.416666666666007757e+01,1.000000000000000036e-10,1.000000000000139097e-04,2.273736754432320010e-18
2.750000000000000014e-02,1.687500000000000111e-02,7.249999999999320721e+01,1.000000000000000036e-10,1.000000000000122021e-04,2.273736754432320010e-18
2.916666666666666713e-02,1.687500000000000111e-02,7.083333333332633686e+01,1.000000000000000036e-10,1.000000000000113483e-04,1.705302565824239912e-18
3.083333333333333412e-02,1.687500000000000111e-02,6.916666666665949492e+01,1.000000000000000036e-10,1.000000000000092205e-04,-5.684341886080800026e-19
3.250000000000000111e-02,1.687500000000000111e-02,6.749999999999269562e+01,1.000000000000000036e-10,1.000000000000079466e-04,-5.684341886080800026e-19
3.416666666666667157e-02,1.687500000000000111e-02,6.583333333332589632e+01,1.000000000000000036e-10,1.000000000000079466e-04,5.684341886080800026e-19
3.583333333333333509e-02,1.687500000000000111e-02,6.416666666665909702e+01,1.000000000000000036e-10,1.000000000000070928e-04,5.684341886080800026e-19
3.750000000000000555e-02,1.687500000000000111e-02,6.249999999999232614e+01,1.000000000000000036e-10,1.000000000000051683e-04,5.684341886080800026e-19
3.916666666666666907e-02,1.687500000000000111e-02,6.083333333332559079e+01,1.000000000000000036e-10,1.000000000000026069e-04,5.684341886080800026e-19
4.083333333333333259e-02,1.687500000000000111e-02,5.916666666665890517e+01,1.000000000000000036e-10,1.000000000000015362e-04,-8.526512829121200521e-19
4.250000000000000305e-02,1.687500000000000111e-02,5.749999999999220535e+01,1.000000000000000036e-10,1.000000000000011025e-04,-8.526512829121199558e-19
4.416666666666666657e-02,1.687500000000000111e-02,5.583333333332553394e+01,1.000000000000000036e-10,1.000000000000002487e-04,-5.684341886080800026e-19
4.583333333333333703e-02,1.687500000000000111e-02,5.416666666665886254e+01,1.000000000000000036e-10,9.999999999999875796e-05,-5.684341886080800989e-19
4.750000000000000056e-02,1.687500000000000111e-02,5.249999999999224087e+01,1.000000000000000036e-10,9.999999999999706389e-05,2.842170943040400013e-19
4.916666666666667102e-02,1.687500000000000111e-02,5.083333333332562631e+01,1.000000000000000036e-10,9.999999999999600680e-05,5.684341886080800026e-19
5.083333333333333454e-02,1.687500000000000111e-02,4.916666666665904017e+01,1.000000000000000036e-10,9.999999999999513943e-05,5.684341886080800026e-19
5.250000000000000500e-02,1.687500000000000111e-02,4.749999999999245404e+01,1.000000000000000036e-10,9.999999999999492259e-05,0.000000000000000000e+00
5.416666666666666852e-02,1.687500000000000111e-02,4.583333333332587500e+01,1.000000000000000036e-10,9.999999999999301169e-05,0.000000000000000000e+00
5.583333333333333898e-02,1.687500000000000111e-02,4.416666666665935281e+01,1.000000000000000036e-10,9.999999999999131762e-05,-0.000000000000000000e+00
5.750000000000000250e-02,1.687500000000000111e-02,4.249999999999283062e+01,1.000000000000000036e-10,9.999999999999088394e-05,-2.842170943040400013e-19
5.916666666666667296e-02,1.687500000000000111e-02,4.083333333332632265e+01,1.000000000000000036e-10,9.999999999999023342e-05,5.684341886080800026e-19
6.083333333333333648e-02,1.687500000000000111e-02,3.916666666665982177e+01,1.000000000000000036e-10,9.999999999999023342e-05,-0.000000000000000000e+00
6.250000000000000000e-02,1.687500000000000111e-02,3.749999999999331379e+01,1.000000000000000036e-10,9.999999999998895948e-05,0.000000000000000000e+00
6.416666666666667740e-02,1.687500000000000111e-02,3.583333333332685555e+01,1.000000000000000036e-10,9.999999999998725186e-05,-2.842170943040400013e-19
6.583333333333334092e-02,1.687500000000000111e-02,3.416666666666040442e+01,1.000000000000000036e-10,9.999999999998681818e-05,-0.000000000000000000e+00
6.750000000000000444e-02,1.687500000000000111e-02,3.249999999999396039e+01,1.000000000000000036e-10,9.999999999998650648e-05,-2.842170943040400013e-19
6.916666666666666796e-02,1.687500000000000111e-02,3.083333333332751991e+01,1.000000000000000036e-10,9.999999999998619477e-05,-5.684341886080800026e-19
7.083333333333333148e-02,1.687500000000000111e-02,2.916666666666108654e+01,1.000000000000000036e-10,9.999999999998543583e-05,-0.000000000000000000e+00
7.250000000000000888e-02,1.687500000000000111e-02,2.749999999999467093e+01,1.000000000000000036e-10,9.999999999998448715e-05,-2.842170943040400013e-19
7.416666666666667240e-02,1.687500000000000111e-02,2.583333333332826953e+01,1.000000000000000036e-10,9.999999999998299637e-05,-1.421085471520200007e-19
7.583333333333333592e-02,1.687500000000000111e-02,2.416666666666190366e+01,1.000000000000000036e-10,9.999999999998223743e-05,2.842170943040400013e-19
7.749999999999999944e-02,1.687500000000000111e-02,2.249999999999552713e+01,1.000000000000000036e-10,9.999999999998223743e-05,5.684341886080800026e-19
7.916666666666667684e-02,1.687500000000000111e-02,2.083333333332916126e+01,1.000000000000000036e-10,9.999999999998161401e-05,5.684341886080800026e-19
8.083333333333334036e-02,1.687500000000000111e-02,1.916666666666280605e+01,1.000000000000000036e-10,9.999999999998118033e-05,4.263256414560599779e-19
8.250000000000000389e-02,1.687500000000000111e-02,1.749999999999645439e+01,1.000000000000000036e-10,9.999999999998085507e-05,-0.000000000000000000e+00
8.416666666666666741e-02,1.687500000000000111e-02,1.583333333333010984e+01,1.000000000000000036e-10,9.999999999998054336e-05,7.105427357601000033e-20
8.583333333333334481e-02,1.687500000000000111e-02,1.416666666666376884e+01,1.000000000000000036e-10,9.999999999998038073e-05,2.131628207280300130e-19
8.750000000000000833e-02,1.687500000000000111e-02,1.249999999999742961e+01,1.000000000000000036e-10,9.999999999997996060e-05,1.421085471520200007e-19
8.916666666666667185e-02,1.687500000000000111e-02,1.083333333333110282e+01,1.000000000000000036e-10,9.999999999997963534e-05,-1.421085471520200007e-19
9.083333333333333537e-02,1.687500000000000111e-02,9.166666666664774255e+00,1.000000000000000036e-10,9.999999999997966245e-05,7.105427357601000033e-20
9.250000000000001277e-02,1.687500000000000111e-02,7.499999999998446576e+00,1.000000000000000036e-10,9.999999999997949982e-05,0.000000000000000000e+00
9.416666666666667629e-02,1.687500000000000111e-02,5.833333333332123338e+00,1.000000000000000036e-10,9.999999999997936429e-05,0.000000000000000000e+00
9.583333333333333981e-02,1.687500000000000111e-02,4.166666666665800101e+00,1.000000000000000036e-10,9.999999999997926943e-05,7.105427357601000033e-20
9.750000000000000333e-02,1.687500000000000111e-02,2.499999999999479972e+00,1.000000000000000036e-10,9.999999999997917456e-05,3.552713678800500016e-20
9.916666666666666685e-02,1.687500000000000111e-02,8.333333333331598425e-01,1.000000000000000036e-10,9.999999999997917456e-05,1.332267629550187431e-20
8.333333333333333868e-04,1.812499999999999875e-02,9.916666666666634455e+01,1.000000000000000036e-10,1.000000000000365017e-04,5.684341886080800026e-19
2.500000000000000052e-03,1.812499999999999875e-02,9.749999999999910472e+01,1.000000000000000036e-10,1.000000000000347941e-04,1.136868377216160005e-18
4.166666666666666609e-03,1.812499999999999875e-02,9.583333333333185067e+01,1.000000000000000036e-10,1.000000000000339539e-04,2.273736754432320010e-18
5.833333333333333599e-03,1.812499999999999875e-02,9.416666666666463925e+01,1.000000000000000036e-10,1.000000000000318126e-04,2.273736754432320010e-18
7.500000000000000590e-03,1.812499999999999875e-02,9.249999999999745626e+01,1.000000000000000036e-10,1.000000000000305251e-04,2.842170943040400109e-18
9.166666666666666713e-03,1.812499999999999875e-02,9.083333333333028747e+01,1.000000000000000036e-10,1.000000000000279637e-04,4.547473508864640021e-18
1.083333333333333370e-02,1.812499999999999875e-02,8.916666666666318974e+01,1.000000000000000036e-10,1.000000000000258359e-04,2.842170943040400109e-18
1.250000000000000069e-02,1.812499999999999875e-02,8.749999999999609201e+01,1.000000000000000036e-10,1.000000000000258359e-04,3.410605131648480208e-18
1.416666666666666768e-02,1.812499999999999875e-02,8.583333333332899429e+01,1.000000000000000036e-10,1.000000000000254158e-04,3.979039320256559922e-18
1.583333333333333467e-02,1.812499999999999875e-02,8.416666666666191077e+01,1.000000000000000036e-10,1.000000000000228544e-04,2.842170943040400109e-18
1.750000000000000167e-02,1.812499999999999875e-02,8.249999999999489830e+01,1.000000000000000036e-10,1.000000000000211603e-04,3.410605131648480208e-18
1.916666666666666866e-02,1.812499999999999875e-02,8.083333333332787163e+01,1.000000000000000036e-10,1.000000000000203065e-04,3.979039320256559922e-18
2.083333333333333565e-02,1.812499999999999875e-02,7.916666666666088759e+01,1.000000000000000036e-10,1.000000000000190325e-04,2.842170943040400109e-18
2.250000000000000264e-02,1.812499999999999875e-02,7.749999999999390354e+01,1.000000000000000036e-10,1.000000000000177451e-04,3.979039320256559922e-18
2.416666666666666963e-02,1.812499999999999875e-02,7.583333333332696213e+01,1.000000000000000036e-10,1.000000000000151701e-04,2.842170943040400109e-18
2.583333333333333662e-02,1.812499999999999875e-02,7.416666666666006336e+01,1.000000000000000036e-10,1.000000000000134760e-04,2.842170943040400109e-18
2.750000000000000014e-02,1.812499999999999875e-02,7.249999999999317879e+01,1.000000000000000036e-10,1.000000000000121885e-04,1.705302565824239912e-18
2.916666666666666713e-02,1.812499999999999875e-02,7.083333333332632265e+01,1.000000000000000036e-10,1.000000000000100608e-04,5.684341886080800026e-19
3.083333333333333412e-02,1.812499999999999875e-02,6.916666666665950913e+01,1.000000000000000036e-10,1.000000000000083667e-04,-5.684341886080800026e-19
3.250000000000000111e-02,1.812499999999999875e-02,6.749999999999270983e+01,1.000000000000000036e-10,1.000000000000088004e-04,0.000000000000000000e+00
3.416666666666667157e-02,1.812499999999999875e-02,6.583333333332588211e+01,1.000000000000000036e-10,1.000000000000088004e-04,5.684341886080800026e-19
3.583333333333333509e-02,1.812499999999999875e-02,6.416666666665908281e+01,1.000000000000000036e-10,1.000000000000068759e-04,5.684341886080800026e-19
3.750000000000000555e-02,1.812499999999999875e-02,6.249999999999231903e+01,1.000000000000000036e-10,1.000000000000049515e-04,0.000000000000000000e+00
3.916666666666666907e-02,1.812499999999999875e-02,6.083333333332558368e+01,1.000000000000000036e-10,1.000000000000023900e-04,-1.136868377216160005e-18
4.083333333333333259e-02,1.812499999999999875e-02,5.916666666665890517e+01,1.000000000000000036e-10,1.000000000000008993e-04,-2.842170943040400013e-19
4.250000000000000305e-02,1.812499999999999875e-02,5.749999999999221956e+01,1.000000000000000036e-10,1.000000000000008993e-04,-8.526512829121199558e-19
4.416666666666666657e-02,1.812499999999999875e-02,5.583333333332554105e+01,1.000000000000000036e-10,1.000000000000000454e-04,-8.526512829121199558e-19
4.583333333333333703e-02,1.812499999999999875e-02,5.416666666665888386e+01,1.000000000000000036e-10,9.999999999999920519e-05,-1.136868377216160005e-18
4.750000000000000056e-02,1.812499999999999875e-02,5.249999999999223377e+01,1.000000000000000036e-10,9.999999999999793126e-05,5.684341886080800026e-19
4.916666666666667102e-02,1.812499999999999875e-02,5.083333333332561921e+01,1.000000000000000036e-10,9.999999999999622364e-05,5.684341886080800026e-19
5.083333333333333454e-02,1.812499999999999875e-02,4.916666666665902596e+01,1.000000000000000036e-10,9.999999999999471931e-05,1.421085471520200055e-18
5.250000000000000500e-02,1.812499999999999875e-02,4.749999999999246114e+01,1.000000000000000036e-10,9.999999999999428563e-05,2.842170943040400013e-19
5.416666666666666852e-02,1.812499999999999875e-02,4.583333333332588211e+01,1.000000000000000036e-10,9.999999999999321498e-05,-5.684341886080800026e-19
5.583333333333333898e-02,1.812499999999999875e-02,4.416666666665935281e+01,1.000000000000000036e-10,9.999999999999153446e-05,-0.000000000000000000e+00
5.750000000000000250e-02,1.812499999999999875e-02,4.249999999999283062e+01,1.000000000000000036e-10,9.999999999999088394e-05,-0.000000000000000000e+00
5.916666666666667296e-02,1.812499999999999875e-02,4.083333333332632265e+01,1.000000000000000036e-10,9.999999999999023342e-05,-2.842170943040400013e-19
6.083333333333333648e-02,1.812499999999999875e-02,3.916666666665982177e+01,1.000000000000000036e-10,9.999999999998981329e-05,-5.684341886080800026e-19
6.250000000000000000e-02,1.812499999999999875e-02,3.749999999999332800e+01,1.000000000000000036e-10,9.999999999998874264e-05,-8.526512829121199558e-19
6.416666666666667740e-02,1.812499999999999875e-02,3.583333333332686266e+01,1.000000000000000036e-10,9.999999999998768554e-05,-2.842170943040400013e-19
6.583333333333334092e-02,1.812499999999999875e-02,3.416666666666040442e+01,1.000000000000000036e-10,9.999999999998703502e-05,-0.000000000000000000e+00
6.750000000000000444e-02,1.812499999999999875e-02,3.249999999999396039e+01,1.000000000000000036e-10,9.999999999998619477e-05,-0.000000000000000000e+00
6.916666666666666796e-02,1.812499999999999875e-02,3.083333333332753057e+01,1.000000000000000036e-10,9.999999999998619477e-05,0.000000000000000000e+00
7.083333333333333148e-02,1.812499999999999875e-02,2.916666666666108654e+01,1.000000000000000036e-10,9.999999999998554425e-05,-2.842170943040400013e-19
7.250000000000000888e-02,1.812499999999999875e-02,2.749999999999467803e+01,1.000000000000000036e-10,9.999999999998427031e-05,-4.263256414560599779e-19
7.416666666666667240e-02,1.812499999999999875e-02,2.583333333332827664e+01,1.000000000000000036e-10,9.999999999998341650e-05,-5.684341886080800026e-19
7.583333333333333592e-02,1.812499999999999875e-02,2.416666666666189656e+01,1.000000000000000036e-10,9.999999999998256269e-05,5.684341886080800026e-19
7.749999999999999944e-02,1.812499999999999875e-02,2.249999999999552358e+01,1.000000000000000036e-10,9.999999999998214256e-05,4.263256414560599779e-19
7.916666666666667684e-02,1.812499999999999875e-02,2.083333333332915771e+01,1.000000000000000036e-10,9.999999999998161401e-05,4.263256414560599779e-19
8.083333333333334036e-02,1.812499999999999875e-02,1.916666666666280250e+01,1.000000000000000036e-10,9.999999999998107191e-05,4.263256414560599779e-19
8.250000000000000389e-02,1.812499999999999875e-02,1.749999999999645439e+01,1.000000000000000036e-10,9.999999999998080086e-05,1.421085471520200007e-19
8.416666666666666741e-02,1.812499999999999875e-02,1.583333333333010806e+01,1.000000000000000036e-10,9.999999999998052981e-05,1.421085471520200007e-19
8.583333333333334481e-02,1.812499999999999875e-02,1.416666666666376884e+01,1.000000000000000036e-10,9.999999999998038073e-05,1.421085471520200007e-19
8.750000000000000833e-02,1.812499999999999875e-02,1.249999999999742784e+01,1.000000000000000036e-10,9.999999999997990639e-05,0.000000000000000000e+00
8.916666666666667185e-02,1.812499999999999875e-02,1.083333333333110460e+01,1.000000000000000036e-10,9.999999999997963534e-05,2.131628207280299889e-19
9.083333333333333537e-02,1.812499999999999875e-02,9.166666666664772478e+00,1.000000000000000036e-10,9.999999999997974376e-05,1.421085471520200007e-19
9.250000000000001277e-02,1.812499999999999875e-02,7.499999999998445688e+00,1.000000000000000036e-10,9.999999999997947271e-05,7.105427357601000033e-20
9.416666666666667629e-02,1.812499999999999875e-02,5.833333333332122450e+00,1.000000000000000036e-10,9.999999999997936429e-05,7.105427357601000033e-20
9.583333333333333981e-02,1.812499999999999875e-02,4.166666666665799212e+00,1.000000000000000036e-10,9.999999999997925587e-05,3.552713678800500016e-20
9.750000000000000333e-02,1.812499999999999875e-02,2.499999999999479527e+00,1.000000000000000036e-10,9.999999999997916101e-05,1.776356839400250008e-20
9.916666666666666685e-02,1.812499999999999875e-02,8.333333333331596204e-01,1.000000000000000036e-10,9.999999999997914745e-05,8.881784197001250041e-21
8.333333333333333868e-04,1.937499999999999986e-02,9.916666666666634455e+01,1.000000000000000036e-10,1.000000000000369354e-04,-0.000000000000000000e+00
2.500000000000000052e-03,1.937499999999999986e-02,9.749999999999909051e+01,1.000000000000000036e-10,1.000000000000352278e-04,5.684341886080800026e-19
4.166666666666666609e-03,1.937499999999999986e-02,9.583333333333183646e+01,1.000000000000000036e-10,1.000000000000343604e-04,1.136868377216160005e-18
5.833333333333333599e-03,1.937499999999999986e-02,9.416666666666461083e+01,1.000000000000000036e-10,1.000000000000322327e-04,1.705302565824239912e-18
7.500000000000000590e-03,1.937499999999999986e-02,9.249999999999742784e+01,1.000000000000000036e-10,1.000000000000318126e-04,1.705302565824239912e-18
9.166666666666666713e-03,1.937499999999999986e-02,9.083333333333021642e+01,1.000000000000000036e-10,1.000000000000283973e-04,2.273736754432320010e-18
1.083333333333333370e-02,1.937499999999999986e-02,8.916666666666314711e+01,1.000000000000000036e-10,1.000000000000249821e-04,3.979039320256559922e-18
1.250000000000000069e-02,1.937499999999999986e-02,8.749999999999604938e+01,1.000000000000000036e-10,1.000000000000258359e-04,3.410605131648480208e-18
1.416666666666666768e-02,1.937499999999999986e-02,8.583333333332895165e+01,1.000000000000000036e-10,1.000000000000245620e-04,3.410605131648480208e-18
1.583333333333333467e-02,1.937499999999999986e-02,8.416666666666189656e+01,1.000000000000000036e-10,1.000000000000228544e-04,2.273736754432320010e-18
1.750000000000000167e-02,1.937499999999999986e-02,8.249999999999485567e+01,1.000000000000000036e-10,1.000000000000220005e-04,3.410605131648480208e-18
1.916666666666666866e-02,1.937499999999999986e-02,8.083333333332782900e+01,1.000000000000000036e-10,1.000000000000203065e-04,3.410605131648480208e-18
2.083333333333333565e-02,1.937499999999999986e-02,7.916666666666084495e+01,1.000000000000000036e-10,1.000000000000190325e-04,3.979039320256559922e-18
2.250000000000000264e-02,1.937499999999999986e-02,7.749999999999386091e+01,1.000000000000000036e-10,1.000000000000173249e-04,2.842170943040400109e-18
2.416666666666666963e-02,1.937499999999999986e-02,7.583333333332693371e+01,1.000000000000000036e-10,1.000000000000156173e-04,2.842170943040400109e-18
2.583333333333333662e-02,1.937499999999999986e-02,7.416666666666000651e+01,1.000000000000000036e-10,1.000000000000130559e-04,2.842170943040400109e-18
2.750000000000000014e-02,1.937499999999999986e-02,7.249999999999316458e+01,1.000000000000000036e-10,1.000000000000104944e-04,1.705302565824239912e-18
2.916666666666666713e-02,1.937499999999999986e-02,7.083333333332632265e+01,1.000000000000000036e-10,1.000000000000096406e-04,1.136868377216160005e-18
3.083333333333333412e-02,1.937499999999999986e-02,6.916666666665950913e+01,1.000000000000000036e-10,1.000000000000087868e-04,1.705302565824240104e-18
3.250000000000000111e-02,1.937499999999999986e-02,6.749999999999269562e+01,1.000000000000000036e-10,1.000000000000087868e-04,1.705302565824239912e-18
3.416666666666667157e-02,1.937499999999999986e-02,6.583333333332588211e+01,1.000000000000000036e-10,1.000000000000083667e-04,5.684341886080800026e-19
3.583333333333333509e-02,1.937499999999999986e-02,6.416666666665908281e+01,1.000000000000000036e-10,1.000000000000066591e-04,-0.000000000000000000e+00
3.750000000000000555e-02,1.937499999999999986e-02,6.249999999999232614e+01,1.000000000000000036e-10,1.000000000000038944e-04,-8.526512829121199558e-19
3.916666666666666907e-02,1.937499999999999986e-02,6.083333333332561921e+01,1.000000000000000036e-10,1.000000000000024036e-04,-1.705302565824240104e-18
4.083333333333333259e-02,1.937499999999999986e-02,5.916666666665891228e+01,1.000000000000000036e-10,1.000000000000017531e-04,-8.526512829121199558e-19
4.250000000000000305e-02,1.937499999999999986e-02,5.749999999999222666e+01,1.000000000000000036e-10,1.000000000000006824e-04,-8.526512829121199558e-19
4.416666666666666657e-02,1.937499999999999986e-02,5.583333333332555526e+01,1.000000000000000036e-10,1.000000000000000454e-04,-8.526512829121199558e-19
4.583333333333333703e-02,1.937499999999999986e-02,5.416666666665889096e+01,1.000000000000000036e-10,9.999999999999984216e-05,0.000000000000000000e+00
4.750000000000000056e-02,1.937499999999999986e-02,5.249999999999222666e+01,1.000000000000000036e-10,9.999999999999835138e-05,-5.684341886080800989e-19
4.916666666666667102e-02,1.937499999999999986e-02,5.083333333332561210e+01,1.000000000000000036e-10,9.999999999999664377e-05,2.842170943040400013e-19
5.083333333333333454e-02,1.937499999999999986e-02,4.916666666665900465e+01,1.000000000000000036e-10,9.999999999999493615e-05,2.842170943040400495e-19
5.250000000000000500e-02,1.937499999999999986e-02,4.749999999999244693e+01,1.000000000000000036e-10,9.999999999999344537e-05,2.842170943040400013e-19
5.416666666666666852e-02,1.937499999999999986e-02,4.583333333332588921e+01,1.000000000000000036e-10,9.999999999999280840e-05,-5.684341886080800026e-19
5.583333333333333898e-02,1.937499999999999986e-02,4.416666666665935281e+01,1.000000000000000036e-10,9.999999999999173775e-05,-0.000000000000000000e+00
5.750000000000000250e-02,1.937499999999999986e-02,4.249999999999283062e+01,1.000000000000000036e-10,9.999999999999066710e-05,-2.842170943040400013e-19
5.916666666666667296e-02,1.937499999999999986e-02,4.083333333332632975e+01,1.000000000000000036e-10,9.999999999998981329e-05,-5.684341886080800026e-19
6.083333333333333648e-02,1.937499999999999986e-02,3.916666666665983598e+01,1.000000000000000036e-10,9.999999999998981329e-05,-2.842170943040400013e-19
6.250000000000000000e-02,1.937499999999999986e-02,3.749999999999333511e+01,1.000000000000000036e-10,9.999999999998917632e-05,-8.526512829121199558e-19
6.416666666666667740e-02,1.937499999999999986e-02,3.583333333332686266e+01,1.000000000000000036e-10,9.999999999998790239e-05,-2.842170943040400013e-19
6.583333333333334092e-02,1.937499999999999986e-02,3.416666666666040442e+01,1.000000000000000036e-10,9.999999999998703502e-05,-0.000000000000000000e+00
6.750000000000000444e-02,1.937499999999999986e-02,3.249999999999396039e+01,1.000000000000000036e-10,9.999999999998650648e-05,5.684341886080800026e-19
6.916666666666666796e-02,1.937499999999999986e-02,3.083333333332751991e+01,1.000000000000000036e-10,9.999999999998597793e-05,5.684341886080800026e-19
7.083333333333333148e-02,1.937499999999999986e-02,2.916666666666109364e+01,1.000000000000000036e-10,9.999999999998512412e-05,-2.842170943040400013e-19
7.250000000000000888e-02,1.937499999999999986e-02,2.749999999999468159e+01,1.000000000000000036e-10,9.999999999998427031e-05,-2.842170943040400013e-19
7.416666666666667240e-02,1.937499999999999986e-02,2.583333333332828374e+01,1.000000000000000036e-10,9.999999999998372821e-05,-5.684341886080800026e-19
7.583333333333333592e-02,1.937499999999999986e-02,2.416666666666188945e+01,1.000000000000000036e-10,9.999999999998299637e-05,0.000000000000000000e+00
7.749999999999999944e-02,1.937499999999999986e-02,2.249999999999551648e+01,1.000000000000000036e-10,9.999999999998214256e-05,0.000000000000000000e+00
7.916666666666667684e-02,1.937499999999999986e-02,2.083333333332915061e+01,1.000000000000000036e-10,9.999999999998161401e-05,2.842170943040400013e-19
8.083333333333334036e-02,1.937499999999999986e-02,1.916666666666279539e+01,1.000000000000000036e-10,9.999999999998096349e-05,4.263256414560599779e-19
8.250000000000000389e-02,1.937499999999999986e-02,1.749999999999645084e+01,1.000000000000000036e-10,9.999999999998065178e-05,4.263256414560599779e-19
8.416666666666666741e-02,1.937499999999999986e-02,1.583333333333010629e+01,1.000000000000000036e-10,9.999999999998054336e-05,1.421085471520200007e-19
8.583333333333334481e-02,1.937499999999999986e-02,1.416666666666376528e+01,1.000000000000000036e-10,9.999999999998027231e-05,1.421085471520200007e-19
8.750000000000000833e-02,1.937499999999999986e-02,1.249999999999742961e+01,1.000000000000000036e-10,9.999999999998001481e-05,-7.105427357601000033e-20
8.916666666666667185e-02,1.937499999999999986e-02,1.083333333333109749e+01,1.000000000000000036e-10,9.999999999997974376e-05,2.842170943040400013e-19
9.083333333333333537e-02,1.937499999999999986e-02,9.166666666664770702e+00,1.000000000000000036e-10,9.999999999997955403e-05,7.105427357601000033e-20
9.250000000000001277e-02,1.937499999999999986e-02,7.499999999998444800e+00,1.000000000000000036e-10,9.999999999997944561e-05,1.065814103640149945e-19
9.416666666666667629e-02,1.937499999999999986e-02,5.833333333332121562e+00,1.000000000000000036e-10,9.999999999997933719e-05,3.552713678800500016e-20
9.583333333333333981e-02,1.937499999999999986e-02,4.166666666665799212e+00,1.000000000000000036e-10,9.999999999997924232e-05,-0.000000000000000000e+00
9.750000000000000333e-02,1.937499999999999986e-02,2.499999999999479527e+00,1.000000000000000036e-10,9.999999999997916101e-05,-0.000000000000000000e+00
9.916666666666666685e-02,1.937499999999999986e-02,8.333333333331596204e-01,1.000000000000000036e-10,9.999999999997914745e-05,-0.000000000000000000e+00
8.333333333333333868e-04,2.062500000000000097e-02,9.916666666666634455e+01,1.000000000000000036e-10,1.000000000000369354e-04,-0.000000000000000000e+00
2.500000000000000052e-03,2.062500000000000097e-02,9.749999999999909051e+01,1.000000000000000036e-10,1.000000000000356479e-04,1.136868377216160005e-18
4.166666666666666609e-03,2.062500000000000097e-02,9.583333333333182225e+01,1.000000000000000036e-10,1.000000000000347941e-04,1.136868377216160005e-18
5.833333333333333599e-03,2.062500000000000097e-02,9.416666666666459662e+01,1.000000000000000036e-10,1.000000000000322327e-04,1.136868377216160005e-18
7.500000000000000590e-03,2.062500000000000097e-02,9.249999999999741362e+01,1.000000000000000036e-10,1.000000000000309588e-04,1.705302565824239912e-18
9.166666666666666713e-03,2.062500000000000097e-02,9.083333333333023063e+01,1.000000000000000036e-10,1.000000000000296713e-04,0.000000000000000000e+00
1.083333333333333370e-02,2.062500000000000097e-02,8.916666666666309027e+01,1.000000000000000036e-10,1.000000000000266897e-04,2.842170943040400109e-18
1.250000000000000069e-02,2.062500000000000097e-02,8.749999999999600675e+01,1.000000000000000036e-10,1.000000000000254158e-04,3.410605131648480208e-18
1.416666666666666768e-02,2.062500000000000097e-02,8.583333333332890902e+01,1.000000000000000036e-10,1.000000000000245620e-04,2.842170943040400109e-18
1.583333333333333467e-02,2.062500000000000097e-02,8.416666666666185392e+01,1.000000000000000036e-10,1.000000000000228544e-04,2.842170943040400109e-18
1.750000000000000167e-02,2.062500000000000097e-02,8.249999999999481304e+01,1.000000000000000036e-10,1.000000000000220005e-04,3.410605131648480208e-18
1.916666666666666866e-02,2.062500000000000097e-02,8.083333333332778636e+01,1.000000000000000036e-10,1.000000000000207266e-04,2.842170943040400109e-18
2.083333333333333565e-02,2.062500000000000097e-02,7.916666666666078811e+01,1.000000000000000036e-10,1.000000000000185853e-04,3.979039320256559922e-18
2.250000000000000264e-02,2.062500000000000097e-02,7.749999999999383249e+01,1.000000000000000036e-10,1.000000000000168777e-04,3.410605131648479823e-18
2.416666666666666963e-02,2.062500000000000097e-02,7.583333333332689108e+01,1.000000000000000036e-10,1.000000000000151701e-04,2.842170943040400109e-18
2.583333333333333662e-02,2.062500000000000097e-02,7.416666666665999230e+01,1.000000000000000036e-10,1.000000000000126222e-04,2.273736754432320010e-18
2.750000000000000014e-02,2.062500000000000097e-02,7.249999999999313616e+01,1.000000000000000036e-10,1.000000000000109146e-04,2.842170943040400109e-18
2.916666666666666713e-02,2.062500000000000097e-02,7.083333333332629422e+01,1.000000000000000036e-10,1.000000000000100743e-04,2.273736754432320010e-18
3.083333333333333412e-02,2.062500000000000097e-02,6.916666666665946650e+01,1.000000000000000036e-10,1.000000000000088004e-04,2.273736754432320010e-18
3.250000000000000111e-02,2.062500000000000097e-02,6.749999999999266720e+01,1.000000000000000036e-10,1.000000000000079466e-04,2.273736754432320010e-18
3.416666666666667157e-02,2.062500000000000097e-02,6.583333333332586790e+01,1.000000000000000036e-10,1.000000000000075129e-04,1.705302565824239912e-18
3.583333333333333509e-02,2.062500000000000097e-02,6.416666666665908281e+01,1.000000000000000036e-10,1.000000000000058053e-04,5.684341886080800026e-19
3.750000000000000555e-02,2.062500000000000097e-02,6.249999999999234035e+01,1.000000000000000036e-10,1.000000000000036775e-04,0.000000000000000000e+00
3.916666666666666907e-02,2.062500000000000097e-02,6.083333333332562631e+01,1.000000000000000036e-10,1.000000000000023900e-04,0.000000000000000000e+00
4.083333333333333259e-02,2.062500000000000097e-02,5.916666666665892649e+01,1.000000000000000036e-10,1.000000000000015362e-04,-5.684341886080800026e-19
4.250000000000000305e-02,2.062500000000000097e-02,5.749999999999224087e+01,1.000000000000000036e-10,1.000000000000008993e-04,-2.842170943040400013e-19
4.416666666666666657e-02,2.062500000000000097e-02,5.583333333332556236e+01,1.000000000000000036e-10,1.000000000000006824e-04,0.000000000000000000e+00
4.583333333333333703e-02,2.062500000000000097e-02,5.416666666665888386e+01,1.000000000000000036e-10,9.999999999999939493e-05,2.842170943040400013e-19
4.750000000000000056e-02,2.062500000000000097e-02,5.249999999999224798e+01,1.000000000000000036e-10,9.999999999999812099e-05,-5.684341886080800989e-19
4.916666666666667102e-02,2.062500000000000097e-02,5.083333333332561210e+01,1.000000000000000036e-10,9.999999999999684705e-05,2.842170943040400013e-19
5.083333333333333454e-02,2.062500000000000097e-02,4.916666666665901886e+01,1.000000000000000036e-10,9.999999999999471931e-05,-8.526512829121199558e-19
5.250000000000000500e-02,2.062500000000000097e-02,4.749999999999245404e+01,1.000000000000000036e-10,9.999999999999364866e-05,-2.842170943040400013e-19
5.416666666666666852e-02,2.062500000000000097e-02,4.583333333332589632e+01,1.000000000000000036e-10,9.999999999999301169e-05,0.000000000000000000e+00
5.583333333333333898e-02,2.062500000000000097e-02,4.416666666665935281e+01,1.000000000000000036e-10,9.999999999999172420e-05,2.842170943040400013e-19
5.750000000000000250e-02,2.062500000000000097e-02,4.249999999999283773e+01,1.000000000000000036e-10,9.999999999999045026e-05,0.000000000000000000e+00
5.916666666666667296e-02,2.062500000000000097e-02,4.083333333332633686e+01,1.000000000000000036e-10,9.999999999999023342e-05,-2.842170943040400013e-19
6.083333333333333648e-02,2.062500000000000097e-02,3.916666666665982888e+01,1.000000000000000036e-10,9.999999999998961000e-05,0.000000000000000000e+00
6.250000000000000000e-02,2.062500000000000097e-02,3.749999999999334932e+01,1.000000000000000036e-10,9.999999999998875619e-05,-5.684341886080800026e-19
6.416666666666667740e-02,2.062500000000000097e-02,3.583333333332686976e+01,1.000000000000000036e-10,9.999999999998833607e-05,-5.684341886080800026e-19
6.583333333333334092e-02,2.062500000000000097e-02,3.416666666666040442e+01,1.000000000000000036e-10,9.999999999998768554e-05,5.684341886080800026e-19
6.750000000000000444e-02,2.062500000000000097e-02,3.249999999999394618e+01,1.000000000000000036e-10,9.999999999998662845e-05,8.526512829121199558e-19
6.916666666666666796e-02,2.062500000000000097e-02,3.083333333332751636e+01,1.000000000000000036e-10,9.999999999998555780e-05,2.842170943040400013e-19
7.083333333333333148e-02,2.062500000000000097e-02,2.916666666666109364e+01,1.000000000000000036e-10,9.999999999998492083e-05,-0.000000000000000000e+00
7.250000000000000888e-02,2.062500000000000097e-02,2.749999999999468514e+01,1.000000000000000036e-10,9.999999999998405347e-05,-2.842170943040400013e-19
7.416666666666667240e-02,2.062500000000000097e-02,2.583333333332829085e+01,1.000000000000000036e-10,9.999999999998361979e-05,-2.842170943040400013e-19
7.583333333333333592e-02,2.062500000000000097e-02,2.416666666666189656e+01,1.000000000000000036e-10,9.999999999998299637e-05,-5.684341886080800026e-19
7.749999999999999944e-02,2.062500000000000097e-02,2.249999999999552358e+01,1.000000000000000036e-10,9.999999999998235940e-05,-5.684341886080800026e-19
7.916666666666667684e-02,2.062500000000000097e-02,2.083333333332915061e+01,1.000000000000000036e-10,9.999999999998192572e-05,-2.842170943040400013e-19
8.083333333333334036e-02,2.062500000000000097e-02,1.916666666666279184e+01,1.000000000000000036e-10,9.999999999998118033e-05,0.000000000000000000e+00
8.250000000000000389e-02,2.062500000000000097e-02,1.749999999999644373e+01,1.000000000000000036e-10,9.999999999998059757e-05,1.421085471520200007e-19
8.416666666666666741e-02,2.062500000000000097e-02,1.583333333333010451e+01,1.000000000000000036e-10,9.999999999998032652e-05,7.105427357601000033e-20
8.583333333333334481e-02,2.062500000000000097e-02,1.416666666666376528e+01,1.000000000000000036e-10,9.999999999998021810e-05,-0.000000000000000000e+00
8.750000000000000833e-02,2.062500000000000097e-02,1.249999999999742961e+01,1.000000000000000036e-10,9.999999999998001481e-05,-0.000000000000000000e+00
8.916666666666667185e-02,2.062500000000000097e-02,1.083333333333109749e+01,1.000000000000000036e-10,9.999999999997974376e-05,-7.105427357601000033e-20
9.083333333333333537e-02,2.062500000000000097e-02,9.166666666664770702e+00,1.000000000000000036e-10,9.999999999997960824e-05,-0.000000000000000000e+00
9.250000000000001277e-02,2.062500000000000097e-02,7.499999999998443023e+00,1.000000000000000036e-10,9.999999999997944561e-05,3.552713678800500016e-20
9.416666666666667629e-02,2.062500000000000097e-02,5.833333333332121562e+00,1.000000000000000036e-10,9.999999999997928298e-05,3.552713678800500016e-20
9.583333333333333981e-02,2.062500000000000097e-02,4.166666666665799212e+00,1.000000000000000036e-10,9.999999999997924232e-05,-0.000000000000000000e+00
9.750000000000000333e-02,2.062500000000000097e-02,2.499999999999479527e+00,1.000000000000000036e-10,9.999999999997916101e-05,-0.000000000000000000e+00
9.916666666666666685e-02,2.062500000000000097e-02,8.333333333331596204e-01,1.000000000000000036e-10,9.999999999997914745e-05,-8.881784197001250041e-21
8.333333333333333868e-04,2.187500000000000208e-02,9.916666666666634455e+01,1.000000000000000036e-10,1.000000000000377757e-04,-0.000000000000000000e+00
2.500000000000000052e-03,2.187500000000000208e-02,9.749999999999906208e+01,1.000000000000000036e-10,1.000000000000360681e-04,1.136868377216160005e-18
4.166666666666666609e-03,2.187500000000000208e-02,9.583333333333180803e+01,1.000000000000000036e-10,1.000000000000343604e-04,0.000000000000000000e+00
5.833333333333333599e-03,2.187500000000000208e-02,9.416666666666458241e+01,1.000000000000000036e-10,1.000000000000326528e-04,1.705302565824239912e-18
7.500000000000000590e-03,2.187500000000000208e-02,9.249999999999738520e+01,1.000000000000000036e-10,1.000000000000309452e-04,2.273736754432320010e-18
9.166666666666666713e-03,2.187500000000000208e-02,9.083333333333021642e+01,1.000000000000000036e-10,1.000000000000292376e-04,1.136868377216160005e-18
1.083333333333333370e-02,2.187500000000000208e-02,8.916666666666307606e+01,1.000000000000000036e-10,1.000000000000275571e-04,1.705302565824239912e-18
1.250000000000000069e-02,2.187500000000000208e-02,8.749999999999596412e+01,1.000000000000000036e-10,1.000000000000258495e-04,3.410605131648480208e-18
1.416666666666666768e-02,2.187500000000000208e-02,8.583333333332888060e+01,1.000000000000000036e-10,1.000000000000241418e-04,3.410605131648479823e-18
1.583333333333333467e-02,2.187500000000000208e-02,8.416666666666182550e+01,1.000000000000000036e-10,1.000000000000232880e-04,3.979039320256559922e-18
1.750000000000000167e-02,2.187500000000000208e-02,8.249999999999477041e+01,1.000000000000000036e-10,1.000000000000220005e-04,3.410605131648480208e-18
1.916666666666666866e-02,2.187500000000000208e-02,8.083333333332775794e+01,1.000000000000000036e-10,1.000000000000207266e-04,2.842170943040400109e-18
2.083333333333333565e-02,2.187500000000000208e-02,7.916666666666074548e+01,1.000000000000000036e-10,1.000000000000194527e-04,2.842170943040400109e-18
2.250000000000000264e-02,2.187500000000000208e-02,7.749999999999377565e+01,1.000000000000000036e-10,1.000000000000164576e-04,3.410605131648479823e-18
2.416666666666666963e-02,2.187500000000000208e-02,7.583333333332686266e+01,1.000000000000000036e-10,1.000000000000147499e-04,2.273736754432320010e-18
2.583333333333333662e-02,2.187500000000000208e-02,7.416666666665994967e+01,1.000000000000000036e-10,1.000000000000130423e-04,2.842170943040400109e-18
2.750000000000000014e-02,2.187500000000000208e-02,7.249999999999309352e+01,1.000000000000000036e-10,1.000000000000104809e-04,2.842170943040400109e-18
2.916666666666666713e-02,2.187500000000000208e-02,7.083333333332626580e+01,1.000000000000000036e-10,1.000000000000092070e-04,2.842170943040400109e-18
3.083333333333333412e-02,2.187500000000000208e-02,6.916666666665945229e+01,1.000000000000000036e-10,1.000000000000087868e-04,1.705302565824239912e-18
3.250000000000000111e-02,2.187500000000000208e-02,6.749999999999263878e+01,1.000000000000000036e-10,1.000000000000083667e-04,2.273736754432320010e-18
3.416666666666667157e-02,2.187500000000000208e-02,6.583333333332583948e+01,1.000000000000000036e-10,1.000000000000070928e-04,1.705302565824239912e-18
3.583333333333333509e-02,2.187500000000000208e-02,6.416666666665906860e+01,1.000000000000000036e-10,1.000000000000053851e-04,5.684341886080800026e-19
3.750000000000000555e-02,2.187500000000000208e-02,6.249999999999232614e+01,1.000000000000000036e-10,1.000000000000034607e-04,2.842170943040400013e-19
3.916666666666666907e-02,2.187500000000000208e-02,6.083333333332561921e+01,1.000000000000000036e-10,1.000000000000019699e-04,0.000000000000000000e+00
4.083333333333333259e-02,2.187500000000000208e-02,5.916666666665892649e+01,1.000000000000000036e-10,1.000000000000015362e-04,-0.000000000000000000e+00
4.250000000000000305e-02,2.187500000000000208e-02,5.749999999999223377e+01,1.000000000000000036e-10,1.000000000000011025e-04,-2.842170943040400013e-19
4.416666666666666657e-02,2.187500000000000208e-02,5.583333333332555526e+01,1.000000000000000036e-10,1.000000000000004656e-04,5.684341886080800026e-19
4.583333333333333703e-02,2.187500000000000208e-02,5.416666666665888386e+01,1.000000000000000036e-10,9.999999999999939493e-05,5.684341886080800026e-19
4.750000000000000056e-02,2.187500000000000208e-02,5.249999999999224087e+01,1.000000000000000036e-10,9.999999999999833783e-05,5.684341886080800026e-19
4.916666666666667102e-02,2.187500000000000208e-02,5.083333333332560500e+01,1.000000000000000036e-10,9.999999999999641337e-05,-1.136868377216160005e-18
5.083333333333333454e-02,2.187500000000000208e-02,4.916666666665902596e+01,1.000000000000000036e-10,9.999999999999450247e-05,-8.526512829121199558e-19
5.250000000000000500e-02,2.187500000000000208e-02,4.749999999999245404e+01,1.000000000000000036e-10,9.999999999999408234e-05,-0.000000000000000000e+00
5.416666666666666852e-02,2.187500000000000208e-02,4.583333333332588921e+01,1.000000000000000036e-10,9.999999999999321498e-05,2.842170943040400013e-19
5.583333333333333898e-02,2.187500000000000208e-02,4.416666666665934571e+01,1.000000000000000036e-10,9.999999999999172420e-05,2.842170943040400013e-19
5.750000000000000250e-02,2.187500000000000208e-02,4.249999999999283062e+01,1.000000000000000036e-10,9.999999999999023342e-05,5.684341886080800026e-19
5.916666666666667296e-02,2.187500000000000208e-02,4.083333333332633686e+01,1.000000000000000036e-10,9.999999999998981329e-05,2.842170943040400013e-19
6.083333333333333648e-02,2.187500000000000208e-02,3.916666666665983598e+01,1.000000000000000036e-10,9.999999999998959645e-05,-2.842170943040400013e-19
6.250000000000000000e-02,2.187500000000000208e-02,3.749999999999334932e+01,1.000000000000000036e-10,9.999999999998874264e-05,-2.842170943040400013e-19
6.416666666666667740e-02,2.187500000000000208e-02,3.583333333332687687e+01,1.000000000000000036e-10,9.999999999998874264e-05,-2.842170943040400013e-19
6.583333333333334092e-02,2.187500000000000208e-02,3.416666666666039021e+01,1.000000000000000036e-10,9.999999999998809212e-05,0.000000000000000000e+00
6.750000000000000444e-02,2.187500000000000208e-02,3.249999999999393907e+01,1.000000000000000036e-10,9.999999999998628963e-05,-2.842170943040400013e-19
6.916666666666666796e-02,2.187500000000000208e-02,3.083333333332751280e+01,1.000000000000000036e-10,9.999999999998532741e-05,1.421085471520200007e-19
7.083333333333333148e-02,2.187500000000000208e-02,2.916666666666109364e+01,1.000000000000000036e-10,9.999999999998470399e-05,-0.000000000000000000e+00
7.250000000000000888e-02,2.187500000000000208e-02,2.749999999999468869e+01,1.000000000000000036e-10,9.999999999998405347e-05,-1.421085471520200007e-19
7.416666666666667240e-02,2.187500000000000208e-02,2.583333333332829085e+01,1.000000000000000036e-10,9.999999999998353847e-05,-2.842170943040400013e-19
7.583333333333333592e-02,2.187500000000000208e-02,2.416666666666190366e+01,1.000000000000000036e-10,9.999999999998277953e-05,-5.684341886080800026e-19
7.749999999999999944e-02,2.187500000000000208e-02,2.249999999999553069e+01,1.000000000000000036e-10,9.999999999998235940e-05,-5.684341886080800026e-19
7.916666666666667684e-02,2.187500000000000208e-02,2.083333333332915771e+01,1.000000000000000036e-10,9.999999999998204769e-05,-4.263256414560599779e-19
8.083333333333334036e-02,2.187500000000000208e-02,1.916666666666279539e+01,1.000000000000000036e-10,9.999999999998128875e-05,-4.263256414560599779e-19
8.250000000000000389e-02,2.187500000000000208e-02,1.749999999999644729e+01,1.000000000000000036e-10,9.999999999998070599e-05,-1.421085471520200007e-19
8.416666666666666741e-02,2.187500000000000208e-02,1.583333333333010451e+01,1.000000000000000036e-10,9.999999999998043494e-05,-0.000000000000000000e+00
8.583333333333334481e-02,2.187500000000000208e-02,1.416666666666376528e+01,1.000000000000000036e-10,9.999999999998021810e-05,-0.000000000000000000e+00
8.750000000000000833e-02,2.187500000000000208e-02,1.249999999999742961e+01,1.000000000000000036e-10,9.999999999997996060e-05,-0.000000000000000000e+00
8.916666666666667185e-02,2.187500000000000208e-02,1.083333333333109927e+01,1.000000000000000036e-10,9.999999999997974376e-05,-7.105427357601000033e-20
9.083333333333333537e-02,2.187500000000000208e-02,9.166666666664770702e+00,1.000000000000000036e-10,9.999999999997963534e-05,-0.000000000000000000e+00
9.250000000000001277e-02,2.187500000000000208e-02,7.499999999998443911e+00,1.000000000000000036e-10,9.999999999997947271e-05,-1.065814103640149945e-19
9.416666666666667629e-02,2.187500000000000208e-02,5.833333333332120674e+00,1.000000000000000036e-10,9.999999999997931008e-05,3.552713678800500016e-20
9.583333333333333981e-02,2.187500000000000208e-02,4.166666666665799212e+00,1.000000000000000036e-10,9.999999999997920166e-05,-0.000000000000000000e+00
9.750000000000000333e-02,2.187500000000000208e-02,2.499999999999479527e+00,1.000000000000000036e-10,9.999999999997916101e-05,-0.000000000000000000e+00
9.916666666666666685e-02,2.187500000000000208e-02,8.333333333331598425e-01,1.000000000000000036e-10,9.999999999997916101e-05,-8.881784197001250041e-21
8.333333333333333868e-04,2.312499999999999972e-02,9.916666666666634455e+01,1.000000000000000036e-10,1.000000000000377757e-04,1.136868377216160005e-18
2.500000000000000052e-03,2.312499999999999972e-02,9.749999999999906208e+01,1.000000000000000036e-10,1.000000000000356479e-04,1.136868377216160005e-18
4.166666666666666609e-03,2.312499999999999972e-02,9.583333333333182225e+01,1.000000000000000036e-10,1.000000000000352278e-04,0.000000000000000000e+00
5.833333333333333599e-03,2.312499999999999972e-02,9.416666666666455399e+01,1.000000000000000036e-10,1.000000000000339403e-04,1.136868377216160005e-18
7.500000000000000590e-03,2.312499999999999972e-02,9.249999999999735678e+01,1.000000000000000036e-10,1.000000000000305386e-04,1.136868377216160005e-18
9.166666666666666713e-03,2.312499999999999972e-02,9.083333333333020221e+01,1.000000000000000036e-10,1.000000000000292511e-04,1.136868377216160005e-18
1.083333333333333370e-02,2.312499999999999972e-02,8.916666666666304764e+01,1.000000000000000036e-10,1.000000000000283973e-04,2.842170943040400109e-18
1.250000000000000069e-02,2.312499999999999972e-02,8.749999999999592148e+01,1.000000000000000036e-10,1.000000000000266897e-04,2.273736754432320010e-18
1.416666666666666768e-02,2.312499999999999972e-02,8.583333333332882376e+01,1.000000000000000036e-10,1.000000000000249821e-04,3.410605131648479823e-18
1.583333333333333467e-02,2.312499999999999972e-02,8.416666666666175445e+01,1.000000000000000036e-10,1.000000000000228679e-04,4.547473508864640021e-18
1.750000000000000167e-02,2.312499999999999972e-02,8.249999999999472777e+01,1.000000000000000036e-10,1.000000000000211603e-04,3.979039320256559922e-18
1.916666666666666866e-02,2.312499999999999972e-02,8.083333333332771531e+01,1.000000000000000036e-10,1.000000000000202929e-04,2.842170943040400109e-18
2.083333333333333565e-02,2.312499999999999972e-02,7.916666666666071706e+01,1.000000000000000036e-10,1.000000000000190190e-04,1.705302565824239912e-18
2.250000000000000264e-02,2.312499999999999972e-02,7.749999999999374722e+01,1.000000000000000036e-10,1.000000000000164576e-04,1.705302565824239912e-18
2.416666666666666963e-02,2.312499999999999972e-02,7.583333333332683424e+01,1.000000000000000036e-10,1.000000000000147499e-04,2.842170943040400109e-18
2.583333333333333662e-02,2.312499999999999972e-02,7.416666666665992125e+01,1.000000000000000036e-10,1.000000000000130423e-04,2.273736754432320010e-18
2.750000000000000014e-02,2.312499999999999972e-02,7.249999999999306510e+01,1.000000000000000036e-10,1.000000000000109146e-04,1.705302565824239912e-18
2.916666666666666713e-02,2.312499999999999972e-02,7.083333333332622317e+01,1.000000000000000036e-10,1.000000000000092205e-04,2.842170943040400109e-18
3.083333333333333412e-02,2.312499999999999972e-02,6.916666666665942387e+01,1.000000000000000036e-10,1.000000000000083667e-04,2.273736754432320010e-18
3.250000000000000111e-02,2.312499999999999972e-02,6.749999999999261036e+01,1.000000000000000036e-10,1.000000000000079330e-04,1.705302565824239912e-18
3.416666666666667157e-02,2.312499999999999972e-02,6.583333333332582527e+01,1.000000000000000036e-10,1.000000000000062254e-04,1.136868377216160005e-18
3.583333333333333509e-02,2.312499999999999972e-02,6.416666666665906860e+01,1.000000000000000036e-10,1.000000000000047346e-04,1.136868377216160005e-18
3.750000000000000555e-02,2.312499999999999972e-02,6.249999999999233324e+01,1.000000000000000036e-10,1.000000000000032438e-04,0.000000000000000000e+00
3.916666666666666907e-02,2.312499999999999972e-02,6.083333333332562631e+01,1.000000000000000036e-10,1.000000000000021867e-04,-2.842170943040400013e-19
4.083333333333333259e-02,2.312499999999999972e-02,5.916666666665892649e+01,1.000000000000000036e-10,1.000000000000013194e-04,-5.684341886080800026e-19
4.250000000000000305e-02,2.312499999999999972e-02,5.749999999999224798e+01,1.000000000000000036e-10,1.000000000000013194e-04,-2.842170943040400013e-19
4.416666666666666657e-02,2.312499999999999972e-02,5.583333333332554815e+01,1.000000000000000036e-10,1.000000000000013194e-04,2.842170943040400013e-19
4.583333333333333703e-02,2.312499999999999972e-02,5.416666666665886964e+01,1.000000000000000036e-10,9.999999999999939493e-05,2.842170943040400013e-19
4.750000000000000056e-02,2.312499999999999972e-02,5.249999999999223377e+01,1.000000000000000036e-10,9.999999999999684705e-05,2.842170943040400013e-19
4.916666666666667102e-02,2.312499999999999972e-02,5.083333333332564052e+01,1.000000000000000036e-10,9.999999999999578996e-05,-1.989519660128279961e-18
5.083333333333333454e-02,2.312499999999999972e-02,4.916666666665904017e+01,1.000000000000000036e-10,9.999999999999557312e-05,-5.684341886080800026e-19
5.250000000000000500e-02,2.312499999999999972e-02,4.749999999999245404e+01,1.000000000000000036e-10,9.999999999999450247e-05,-0.000000000000000000e+00
5.416666666666666852e-02,2.312499999999999972e-02,4.583333333332588921e+01,1.000000000000000036e-10,9.999999999999321498e-05,-0.000000000000000000e+00
5.583333333333333898e-02,2.312499999999999972e-02,4.416666666665934571e+01,1.000000000000000036e-10,9.999999999999194104e-05,-2.842170943040400013e-19
5.750000000000000250e-02,2.312499999999999972e-02,4.249999999999282352e+01,1.000000000000000036e-10,9.999999999999045026e-05,-2.842170943040400013e-19
5.916666666666667296e-02,2.312499999999999972e-02,4.083333333332632975e+01,1.000000000000000036e-10,9.999999999998959645e-05,2.842170943040400013e-19
6.083333333333333648e-02,2.312499999999999972e-02,3.916666666665983598e+01,1.000000000000000036e-10,9.999999999998917632e-05,-2.842170943040400013e-19
6.250000000000000000e-02,2.312499999999999972e-02,3.749999999999335643e+01,1.000000000000000036e-10,9.999999999998875619e-05,-5.684341886080800026e-19
6.416666666666667740e-02,2.312499999999999972e-02,3.583333333332687687e+01,1.000000000000000036e-10,9.999999999998853935e-05,-0.000000000000000000e+00
6.583333333333334092e-02,2.312499999999999972e-02,3.416666666666040442e+01,1.000000000000000036e-10,9.999999999998768554e-05,-1.136868377216160005e-18
6.750000000000000444e-02,2.312499999999999972e-02,3.249999999999395328e+01,1.000000000000000036e-10,9.999999999998670976e-05,-1.136868377216160005e-18
6.916666666666666796e-02,2.312499999999999972e-02,3.083333333332751280e+01,1.000000000000000036e-10,9.999999999998576109e-05,-4.263256414560600260e-19
7.083333333333333148e-02,2.312499999999999972e-02,2.916666666666109364e+01,1.000000000000000036e-10,9.999999999998470399e-05,1.421085471520200007e-19
7.250000000000000888e-02,2.312499999999999972e-02,2.749999999999468869e+01,1.000000000000000036e-10,9.999999999998383663e-05,-0.000000000000000000e+00
7.416666666666667240e-02,2.312499999999999972e-02,2.583333333332829795e+01,1.000000000000000036e-10,9.999999999998332163e-05,-2.842170943040400013e-19
7.583333333333333592e-02,2.312499999999999972e-02,2.416666666666191077e+01,1.000000000000000036e-10,9.999999999998277953e-05,-5.684341886080800026e-19
7.749999999999999944e-02,2.312499999999999972e-02,2.249999999999553779e+01,1.000000000000000036e-10,9.999999999998245427e-05,-5.684341886080800026e-19
7.916666666666667684e-02,2.312499999999999972e-02,2.083333333332916126e+01,1.000000000000000036e-10,9.999999999998202059e-05,-4.263256414560599779e-19
8.083333333333334036e-02,2.312499999999999972e-02,1.916666666666280250e+01,1.000000000000000036e-10,9.999999999998139717e-05,-4.263256414560599779e-19
8.250000000000000389e-02,2.312499999999999972e-02,1.749999999999644729e+01,1.000000000000000036e-10,9.999999999998090928e-05,-1.421085471520200007e-19
8.416666666666666741e-02,2.312499999999999972e-02,1.583333333333010451e+01,1.000000000000000036e-10,9.999999999998043494e-05,-7.105427357601000033e-20
8.583333333333334481e-02,2.312499999999999972e-02,1.416666666666376528e+01,1.000000000000000036e-10,9.999999999998021810e-05,-1.421085471520200007e-19
8.750000000000000833e-02,2.312499999999999972e-02,1.249999999999742961e+01,1.000000000000000036e-10,9.999999999997996060e-05,-2.131628207280300130e-19
8.916666666666667185e-02,2.312499999999999972e-02,1.083333333333109927e+01,1.000000000000000036e-10,9.999999999997974376e-05,-2.131628207280300130e-19
9.083333333333333537e-02,2.312499999999999972e-02,9.166666666664770702e+00,1.000000000000000036e-10,9.999999999997958113e-05,-1.421085471520200007e-19
9.250000000000001277e-02,2.312499999999999972e-02,7.499999999998445688e+00,1.000000000000000036e-10,9.999999999997948627e-05,-7.105427357601000033e-20
9.416666666666667629e-02,2.312499999999999972e-02,5.833333333332120674e+00,1.000000000000000036e-10,9.999999999997936429e-05,-3.552713678800500016e-20
9.583333333333333981e-02,2.312499999999999972e-02,4.166666666665799212e+00,1.000000000000000036e-10,9.999999999997920166e-05,-7.105427357601000033e-20
9.750000000000000333e-02,2.312499999999999972e-02,2.499999999999479527e+00,1.000000000000000036e-10,9.999999999997916101e-05,-3.552713678800500016e-20
9.916666666666666685e-02,2.312499999999999972e-02,8.333333333331598425e-01,1.000000000000000036e-10,9.999999999997916101e-05,-4.440892098500625020e-21
8.333333333333333868e-04,2.437500000000000083e-02,9.916666666666631613e+01,1.000000000000000036e-10,1.000000000000394833e-04,1.136868377216160005e-18
2.500000000000000052e-03,2.437500000000000083e-02,9.749999999999903366e+01,1.000000000000000036e-10,1.000000000000352143e-04,0.000000000000000000e+00
4.166666666666666609e-03,2.437500000000000083e-02,9.583333333333180803e+01,1.000000000000000036e-10,1.000000000000343604e-04,1.705302565824239912e-18
5.833333333333333599e-03,2.437500000000000083e-02,9.416666666666455399e+01,1.000000000000000036e-10,1.000000000000335202e-04,1.136868377216160005e-18
7.500000000000000590e-03,2.437500000000000083e-02,9.249999999999735678e+01,1.000000000000000036e-10,1.000000000000309452e-04,1.136868377216160005e-18
9.166666666666666713e-03,2.437500000000000083e-02,9.083333333333018800e+01,1.000000000000000036e-10,1.000000000000305251e-04,1.705302565824239912e-18
1.083333333333333370e-02,2.437500000000000083e-02,8.916666666666300500e+01,1.000000000000000036e-10,1.000000000000283973e-04,2.273736754432320010e-18
1.250000000000000069e-02,2.437500000000000083e-02,8.749999999999590727e+01,1.000000000000000036e-10,1.000000000000262696e-04,2.273736754432320010e-18
1.416666666666666768e-02,2.437500000000000083e-02,8.583333333332879533e+01,1.000000000000000036e-10,1.000000000000258495e-04,2.842170943040400109e-18
1.583333333333333467e-02,2.437500000000000083e-02,8.416666666666171182e+01,1.000000000000000036e-10,1.000000000000237082e-04,2.842170943040400109e-18
1.750000000000000167e-02,2.437500000000000083e-02,8.249999999999467093e+01,1.000000000000000036e-10,1.000000000000207266e-04,3.979039320256559922e-18
1.916666666666666866e-02,2.437500000000000083e-02,8.083333333332768689e+01,1.000000000000000036e-10,1.000000000000190325e-04,3.410605131648479823e-18
2.083333333333333565e-02,2.437500000000000083e-02,7.916666666666070284e+01,1.000000000000000036e-10,1.000000000000185989e-04,3.410605131648480208e-18
2.250000000000000264e-02,2.437500000000000083e-02,7.749999999999373301e+01,1.000000000000000036e-10,1.000000000000173114e-04,2.273736754432320010e-18
2.416666666666666963e-02,2.437500000000000083e-02,7.583333333332679160e+01,1.000000000000000036e-10,1.000000000000151701e-04,2.273736754432320010e-18
2.583333333333333662e-02,2.437500000000000083e-02,7.416666666665989283e+01,1.000000000000000036e-10,1.000000000000121885e-04,1.136868377216160005e-18
2.750000000000000014e-02,2.437500000000000083e-02,7.249999999999305089e+01,1.000000000000000036e-10,1.000000000000109146e-04,1.136868377216160005e-18
2.916666666666666713e-02,2.437500000000000083e-02,7.083333333332619475e+01,1.000000000000000036e-10,1.000000000000096406e-04,1.136868377216160005e-18
3.083333333333333412e-02,2.437500000000000083e-02,6.916666666665939545e+01,1.000000000000000036e-10,1.000000000000079466e-04,2.842170943040400109e-18
3.250000000000000111e-02,2.437500000000000083e-02,6.749999999999259614e+01,1.000000000000000036e-10,1.000000000000075129e-04,1.136868377216160005e-18
3.416666666666667157e-02,2.437500000000000083e-02,6.583333333332581105e+01,1.000000000000000036e-10,1.000000000000066591e-04,1.705302565824239912e-18
3.583333333333333509e-02,2.437500000000000083e-02,6.416666666665904017e+01,1.000000000000000036e-10,1.000000000000045178e-04,1.705302565824239912e-18
3.750000000000000555e-02,2.437500000000000083e-02,6.249999999999232614e+01,1.000000000000000036e-10,1.000000000000023900e-04,5.684341886080800026e-19
3.916666666666666907e-02,2.437500000000000083e-02,6.083333333332562631e+01,1.000000000000000036e-10,1.000000000000015362e-04,-0.000000000000000000e+00
4.083333333333333259e-02,2.437500000000000083e-02,5.916666666665894070e+01,1.000000000000000036e-10,1.000000000000015362e-04,0.000000000000000000e+00
4.250000000000000305e-02,2.437500000000000083e-02,5.749999999999224087e+01,1.000000000000000036e-10,1.000000000000017531e-04,5.684341886080800026e-19
4.416666666666666657e-02,2.437500000000000083e-02,5.583333333332554815e+01,1.000000000000000036e-10,1.000000000000008857e-04,2.842170943040400013e-19
4.583333333333333703e-02,2.437500000000000083e-02,5.416666666665887675e+01,1.000000000000000036e-10,9.999999999999939493e-05,-2.842170943040400013e-19
4.750000000000000056e-02,2.437500000000000083e-02,5.249999999999223377e+01,1.000000000000000036e-10,9.999999999999663021e-05,-8.526512829121200521e-19
4.916666666666667102e-02,2.437500000000000083e-02,5.083333333332565473e+01,1.000000000000000036e-10,9.999999999999578996e-05,2.842170943040400495e-19
5.083333333333333454e-02,2.437500000000000083e-02,4.916666666665904017e+01,1.000000000000000036e-10,9.999999999999600680e-05,5.684341886080800026e-19
5.250000000000000500e-02,2.437500000000000083e-02,4.749999999999245404e+01,1.000000000000000036e-10,9.999999999999450247e-05,-0.000000000000000000e+00
5.416666666666666852e-02,2.437500000000000083e-02,4.583333333332588921e+01,1.000000000000000036e-10,9.999999999999301169e-05,-0.000000000000000000e+00
5.583333333333333898e-02,2.437500000000000083e-02,4.416666666665935281e+01,1.000000000000000036e-10,9.999999999999152091e-05,-5.684341886080800026e-19
5.750000000000000250e-02,2.437500000000000083e-02,4.249999999999283773e+01,1.000000000000000036e-10,9.999999999999066710e-05,-1.136868377216160005e-18
5.916666666666667296e-02,2.437500000000000083e-02,4.083333333332632975e+01,1.000000000000000036e-10,9.999999999998979974e-05,-2.842170943040400013e-19
6.083333333333333648e-02,2.437500000000000083e-02,3.916666666665984309e+01,1.000000000000000036e-10,9.999999999998895948e-05,-5.684341886080800026e-19
6.250000000000000000e-02,2.437500000000000083e-02,3.749999999999336353e+01,1.000000000000000036e-10,9.999999999998895948e-05,-5.684341886080800026e-19
6.416666666666667740e-02,2.437500000000000083e-02,3.583333333332687687e+01,1.000000000000000036e-10,9.999999999998830896e-05,-5.684341886080800026e-19
6.583333333333334092e-02,2.437500000000000083e-02,3.416666666666041863e+01,1.000000000000000036e-10,9.999999999998725186e-05,-1.136868377216160005e-18
6.750000000000000444e-02,2.437500000000000083e-02,3.249999999999396749e+01,1.000000000000000036e-10,9.999999999998681818e-05,-1.136868377216160005e-18
6.916666666666666796e-02,2.437500000000000083e-02,3.083333333332752346e+01,1.000000000000000036e-10,9.999999999998630319e-05,-8.526512829121200521e-19
7.083333333333333148e-02,2.437500000000000083e-02,2.916666666666109009e+01,1.000000000000000036e-10,9.999999999998501570e-05,-5.684341886080800026e-19
7.250000000000000888e-02,2.437500000000000083e-02,2.749999999999468869e+01,1.000000000000000036e-10,9.999999999998372821e-05,1.421085471520200007e-19
7.416666666666667240e-02,2.437500000000000083e-02,2.583333333332829795e+01,1.000000000000000036e-10,9.999999999998310479e-05,2.842170943040400013e-19
7.583333333333333592e-02,2.437500000000000083e-02,2.416666666666191787e+01,1.000000000000000036e-10,9.999999999998256269e-05,-5.684341886080800026e-19
7.749999999999999944e-02,2.437500000000000083e-02,2.249999999999554490e+01,1.000000000000000036e-10,9.999999999998245427e-05,-2.842170943040400013e-19
7.916666666666667684e-02,2.437500000000000083e-02,2.083333333332916837e+01,1.000000000000000036e-10,9.999999999998214256e-05,-7.105427357601000273e-19
8.083333333333334036e-02,2.437500000000000083e-02,1.916666666666280605e+01,1.000000000000000036e-10,9.999999999998150559e-05,-4.263256414560599779e-19
8.250000000000000389e-02,2.437500000000000083e-02,1.749999999999645084e+01,1.000000000000000036e-10,9.999999999998096349e-05,-4.263256414560599779e-19
8.416666666666666741e-02,2.437500000000000083e-02,1.583333333333010629e+01,1.000000000000000036e-10,9.999999999998044850e-05,-2.131628207280299889e-19
8.583333333333334481e-02,2.437500000000000083e-02,1.416666666666376884e+01,1.000000000000000036e-10,9.999999999998012323e-05,-2.842170943040400013e-19
8.750000000000000833e-02,2.437500000000000083e-02,1.249999999999743494e+01,1.000000000000000036e-10,9.999999999997990639e-05,-2.131628207280300130e-19
8.916666666666667185e-02,2.437500000000000083e-02,1.083333333333110460e+01,1.000000000000000036e-10,9.999999999997979797e-05,-2.131628207280300130e-19
9.083333333333333537e-02,2.437500000000000083e-02,9.166666666664774255e+00,1.000000000000000036e-10,9.999999999997974376e-05,-2.131628207280299889e-19
9.250000000000001277e-02,2.437500000000000083e-02,7.499999999998445688e+00,1.000000000000000036e-10,9.999999999997955403e-05,-0.000000000000000000e+00
9.416666666666667629e-02,2.437500000000000083e-02,5.833333333332121562e+00,1.000000000000000036e-10,9.999999999997931008e-05,-1.421085471520200007e-19
9.583333333333333981e-02,2.437500000000000083e-02,4.166666666665800989e+00,1.000000000000000036e-10,9.999999999997921522e-05,-7.105427357601000033e-20
9.750000000000000333e-02,2.437500000000000083e-02,2.499999999999480416e+00,1.000000000000000036e-10,9.999999999997921522e-05,-3.552713678800500016e-20
9.916666666666666685e-02,2.437500000000000083e-02,8.333333333331599535e-01,1.000000000000000036e-10,9.999999999997920166e-05,-4.440892098500625020e-21
8.333333333333333868e-04,2.562500000000000194e-02,9.916666666666631613e+01,1.000000000000000036e-10,1.000000000000386430e-04,-0.000000000000000000e+00
2.500000000000000052e-03,2.562500000000000194e-02,9.749999999999906208e+01,1.000000000000000036e-10,1.000000000000360681e-04,0.000000000000000000e+00
4.166666666666666609e-03,2.562500000000000194e-02,9.583333333333177961e+01,1.000000000000000036e-10,1.000000000000360681e-04,2.842170943040400109e-18
5.833333333333333599e-03,2.562500000000000194e-02,9.416666666666452556e+01,1.000000000000000036e-10,1.000000000000335202e-04,2.273736754432320010e-18
7.500000000000000590e-03,2.562500000000000194e-02,9.249999999999732836e+01,1.000000000000000036e-10,1.000000000000309452e-04,1.705302565824239912e-18
9.166666666666666713e-03,2.562500000000000194e-02,9.083333333333015958e+01,1.000000000000000036e-10,1.000000000000300914e-04,2.273736754432320010e-18
1.083333333333333370e-02,2.562500000000000194e-02,8.916666666666299079e+01,1.000000000000000036e-10,1.000000000000288175e-04,1.705302565824239912e-18
1.250000000000000069e-02,2.562500000000000194e-02,8.749999999999586464e+01,1.000000000000000036e-10,1.000000000000271234e-04,2.273736754432320010e-18
1.416666666666666768e-02,2.562500000000000194e-02,8.583333333332875270e+01,1.000000000000000036e-10,1.000000000000254158e-04,2.273736754432320010e-18
1.583333333333333467e-02,2.562500000000000194e-02,8.416666666666168339e+01,1.000000000000000036e-10,1.000000000000237082e-04,5.684341886080800026e-19
1.750000000000000167e-02,2.562500000000000194e-02,8.249999999999462830e+01,1.000000000000000036e-10,1.000000000000215804e-04,1.705302565824240104e-18
1.916666666666666866e-02,2.562500000000000194e-02,8.083333333332763004e+01,1.000000000000000036e-10,1.000000000000198728e-04,2.842170943040400109e-18
2.083333333333333565e-02,2.562500000000000194e-02,7.916666666666063179e+01,1.000000000000000036e-10,1.000000000000181652e-04,3.979039320256559922e-18
2.250000000000000264e-02,2.562500000000000194e-02,7.749999999999369038e+01,1.000000000000000036e-10,1.000000000000156038e-04,3.979039320256559922e-18
2.416666666666666963e-02,2.562500000000000194e-02,7.583333333332677739e+01,1.000000000000000036e-10,1.000000000000138961e-04,5.684341886080800026e-19
2.583333333333333662e-02,2.562500000000000194e-02,7.416666666665989283e+01,1.000000000000000036e-10,1.000000000000121885e-04,-5.684341886080800026e-19
2.750000000000000014e-02,2.562500000000000194e-02,7.249999999999303668e+01,1.000000000000000036e-10,1.000000000000109146e-04,1.136868377216160005e-18
2.916666666666666713e-02,2.562500000000000194e-02,7.083333333332619475e+01,1.000000000000000036e-10,1.000000000000104944e-04,5.684341886080800026e-19
3.083333333333333412e-02,2.562500000000000194e-02,6.916666666665935281e+01,1.000000000000000036e-10,1.000000000000083667e-04,5.684341886080800989e-19
3.250000000000000111e-02,2.562500000000000194e-02,6.749999999999258193e+01,1.000000000000000036e-10,1.000000000000070928e-04,5.684341886080800026e-19
3.416666666666667157e-02,2.562500000000000194e-02,6.583333333332578263e+01,1.000000000000000036e-10,1.000000000000066591e-04,1.136868377216160005e-18
3.583333333333333509e-02,2.562500000000000194e-02,6.416666666665902596e+01,1.000000000000000036e-10,1.000000000000038944e-04,1.136868377216160005e-18
3.750000000000000555e-02,2.562500000000000194e-02,6.249999999999231903e+01,1.000000000000000036e-10,1.000000000000019699e-04,8.526512829121199558e-19
3.916666666666666907e-02,2.562500000000000194e-02,6.083333333332562631e+01,1.000000000000000036e-10,1.000000000000017531e-04,2.842170943040400013e-19
4.083333333333333259e-02,2.562500000000000194e-02,5.916666666665892649e+01,1.000000000000000036e-10,1.000000000000017531e-04,1.136868377216160005e-18
4.250000000000000305e-02,2.562500000000000194e-02,5.749999999999223377e+01,1.000000000000000036e-10,1.000000000000015362e-04,5.684341886080800026e-19
4.416666666666666657e-02,2.562500000000000194e-02,5.583333333332554105e+01,1.000000000000000036e-10,1.000000000000006960e-04,2.842170943040400013e-19
4.583333333333333703e-02,2.562500000000000194e-02,5.416666666665887675e+01,1.000000000000000036e-10,9.999999999999855467e-05,2.842170943040400013e-19
4.750000000000000056e-02,2.562500000000000194e-02,5.249999999999225508e+01,1.000000000000000036e-10,9.999999999999726718e-05,-5.684341886080800989e-19
4.916666666666667102e-02,2.562500000000000194e-02,5.083333333332563342e+01,1.000000000000000036e-10,9.999999999999684705e-05,5.684341886080800989e-19
5.083333333333333454e-02,2.562500000000000194e-02,4.916666666665902596e+01,1.000000000000000036e-10,9.999999999999535628e-05,-5.684341886080800026e-19
5.250000000000000500e-02,2.562500000000000194e-02,4.749999999999245404e+01,1.000000000000000036e-10,9.999999999999408234e-05,-2.842170943040400013e-19
5.416666666666666852e-02,2.562500000000000194e-02,4.583333333332588921e+01,1.000000000000000036e-10,9.999999999999280840e-05,-2.842170943040400013e-19
5.583333333333333898e-02,2.562500000000000194e-02,4.416666666665935992e+01,1.000000000000000036e-10,9.999999999999110078e-05,-5.684341886080800026e-19
5.750000000000000250e-02,2.562500000000000194e-02,4.249999999999285194e+01,1.000000000000000036e-10,9.999999999999066710e-05,-5.684341886080800026e-19
5.916666666666667296e-02,2.562500000000000194e-02,4.083333333332633686e+01,1.000000000000000036e-10,9.999999999999001658e-05,-8.526512829121199558e-19
6.083333333333333648e-02,2.562500000000000194e-02,3.916666666665985019e+01,1.000000000000000036e-10,9.999999999998895948e-05,-5.684341886080800026e-19
6.250000000000000000e-02,2.562500000000000194e-02,3.749999999999337064e+01,1.000000000000000036e-10,9.999999999998875619e-05,-5.684341886080800026e-19
6.416666666666667740e-02,2.562500000000000194e-02,3.583333333332689108e+01,1.000000000000000036e-10,9.999999999998811923e-05,-1.136868377216160005e-18
6.583333333333334092e-02,2.562500000000000194e-02,3.416666666666043284e+01,1.000000000000000036e-10,9.999999999998725186e-05,-8.526512829121199558e-19
6.750000000000000444e-02,2.562500000000000194e-02,3.249999999999398170e+01,1.000000000000000036e-10,9.999999999998692660e-05,-5.684341886080800026e-19
6.916666666666666796e-02,2.562500000000000194e-02,3.083333333332753412e+01,1.000000000000000036e-10,9.999999999998619477e-05,-8.526512829121200521e-19
7.083333333333333148e-02,2.562500000000000194e-02,2.916666666666110785e+01,1.000000000000000036e-10,9.999999999998543583e-05,-1.421085471520200055e-18
7.250000000000000888e-02,2.562500000000000194e-02,2.749999999999468514e+01,1.000000000000000036e-10,9.999999999998448715e-05,-9.947598300641399805e-19
7.416666666666667240e-02,2.562500000000000194e-02,2.583333333332829085e+01,1.000000000000000036e-10,9.999999999998277953e-05,-2.842170943040400013e-19
7.583333333333333592e-02,2.562500000000000194e-02,2.416666666666192498e+01,1.000000000000000036e-10,9.999999999998234585e-05,-4.263256414560599779e-19
7.749999999999999944e-02,2.562500000000000194e-02,2.249999999999554490e+01,1.000000000000000036e-10,9.999999999998234585e-05,-1.421085471520200007e-19
7.916666666666667684e-02,2.562500000000000194e-02,2.083333333332917903e+01,1.000000000000000036e-10,9.999999999998192572e-05,-5.684341886080800026e-19
8.083333333333334036e-02,2.562500000000000194e-02,1.916666666666281316e+01,1.000000000000000036e-10,9.999999999998161401e-05,-5.684341886080800026e-19
8.250000000000000389e-02,2.562500000000000194e-02,1.749999999999645794e+01,1.000000000000000036e-10,9.999999999998107191e-05,-5.684341886080800026e-19
8.416666666666666741e-02,2.562500000000000194e-02,1.583333333333010984e+01,1.000000000000000036e-10,9.999999999998055692e-05,-4.263256414560599779e-19
8.583333333333334481e-02,2.562500000000000194e-02,1.416666666666377239e+01,1.000000000000000036e-10,9.999999999998023166e-05,-1.421085471520200007e-19
8.750000000000000833e-02,2.562500000000000194e-02,1.249999999999743494e+01,1.000000000000000036e-10,9.999999999998001481e-05,-7.105427357601000033e-20
8.916666666666667185e-02,2.562500000000000194e-02,1.083333333333110460e+01,1.000000000000000036e-10,9.999999999997974376e-05,-0.000000000000000000e+00
9.083333333333333537e-02,2.562500000000000194e-02,9.166666666664776031e+00,1.000000000000000036e-10,9.999999999997974376e-05,-1.421085471520200007e-19
9.250000000000001277e-02,2.562500000000000194e-02,7.499999999998445688e+00,1.000000000000000036e-10,9.999999999997952692e-05,-1.421085471520200007e-19
9.416666666666667629e-02,2.562500000000000194e-02,5.833333333332124226e+00,1.000000000000000036e-10,9.999999999997931008e-05,-1.065814103640150065e-19
9.583333333333333981e-02,2.562500000000000194e-02,4.166666666665800989e+00,1.000000000000000036e-10,9.999999999997928298e-05,-0.000000000000000000e+00
9.750000000000000333e-02,2.562500000000000194e-02,2.499999999999480416e+00,1.000000000000000036e-10,9.999999999997921522e-05,-1.776356839400250008e-20
9.916666666666666685e-02,2.562500000000000194e-02,8.333333333331599535e-01,1.000000000000000036e-10,9.999999999997920166e-05,-4.440892098500625020e-21
8.333333333333333868e-04,2.687499999999999958e-02,9.916666666666631613e+01,1.000000000000000036e-10,1.000000000000394833e-04,-0.000000000000000000e+00
2.500000000000000052e-03,2.687499999999999958e-02,9.749999999999903366e+01,1.000000000000000036e-10,1.000000000000373556e-04,2.273736754432320010e-18
4.166666666666666609e-03,2.687499999999999958e-02,9.583333333333173698e+01,1.000000000000000036e-10,1.000000000000360816e-04,1.705302565824240104e-18
5.833333333333333599e-03,2.687499999999999958e-02,9.416666666666449714e+01,1.000000000000000036e-10,1.000000000000326664e-04,1.705302565824239912e-18
7.500000000000000590e-03,2.687499999999999958e-02,9.249999999999731415e+01,1.000000000000000036e-10,1.000000000000309588e-04,2.273736754432320010e-18
9.166666666666666713e-03,2.687499999999999958e-02,9.083333333333013115e+01,1.000000000000000036e-10,1.000000000000305251e-04,3.410605131648479823e-18
1.083333333333333370e-02,2.687499999999999958e-02,8.916666666666296237e+01,1.000000000000000036e-10,1.000000000000283973e-04,2.273736754432320010e-18
1.250000000000000069e-02,2.687499999999999958e-02,8.749999999999585043e+01,1.000000000000000036e-10,1.000000000000267033e-04,1.705302565824239912e-18
1.416666666666666768e-02,2.687499999999999958e-02,8.583333333332873849e+01,1.000000000000000036e-10,1.000000000000245620e-04,1.136868377216160005e-18
1.583333333333333467e-02,2.687499999999999958e-02,8.416666666666169760e+01,1.000000000000000036e-10,1.000000000000232745e-04,1.136868377216160198e-18
1.750000000000000167e-02,2.687499999999999958e-02,8.249999999999462830e+01,1.000000000000000036e-10,1.000000000000224342e-04,-0.000000000000000000e+00
1.916666666666666866e-02,2.687499999999999958e-02,8.083333333332761583e+01,1.000000000000000036e-10,1.000000000000207266e-04,5.684341886080800026e-19
2.083333333333333565e-02,2.687499999999999958e-02,7.916666666666060337e+01,1.000000000000000036e-10,1.000000000000194527e-04,1.136868377216160005e-18
2.250000000000000264e-02,2.687499999999999958e-02,7.749999999999363354e+01,1.000000000000000036e-10,1.000000000000147499e-04,1.705302565824239912e-18
2.416666666666666963e-02,2.687499999999999958e-02,7.583333333332677739e+01,1.000000000000000036e-10,1.000000000000117684e-04,1.705302565824240104e-18
2.583333333333333662e-02,2.687499999999999958e-02,7.416666666665990704e+01,1.000000000000000036e-10,1.000000000000126222e-04,1.136868377216160198e-18
2.750000000000000014e-02,2.687499999999999958e-02,7.249999999999302247e+01,1.000000000000000036e-10,1.000000000000117819e-04,1.136868377216160005e-18
2.916666666666666713e-02,2.687499999999999958e-02,7.083333333332618054e+01,1.000000000000000036e-10,1.000000000000092205e-04,5.684341886080800026e-19
3.083333333333333412e-02,2.687499999999999958e-02,6.916666666665938124e+01,1.000000000000000036e-10,1.000000000000079466e-04,-5.684341886080800026e-19
3.250000000000000111e-02,2.687499999999999958e-02,6.749999999999258193e+01,1.000000000000000036e-10,1.000000000000079466e-04,-5.684341886080800026e-19
3.416666666666667157e-02,2.687499999999999958e-02,6.583333333332578263e+01,1.000000000000000036e-10,1.000000000000070928e-04,5.684341886080800026e-19
3.583333333333333509e-02,2.687499999999999958e-02,6.416666666665901175e+01,1.000000000000000036e-10,1.000000000000043145e-04,1.136868377216160005e-18
3.750000000000000555e-02,2.687499999999999958e-02,6.249999999999230482e+01,1.000000000000000036e-10,1.000000000000017531e-04,8.526512829121199558e-19
3.916666666666666907e-02,2.687499999999999958e-02,6.083333333332561921e+01,1.000000000000000036e-10,1.000000000000017531e-04,1.136868377216160005e-18
4.083333333333333259e-02,2.687499999999999958e-02,5.916666666665891228e+01,1.000000000000000036e-10,1.000000000000017531e-04,5.684341886080800026e-19
4.250000000000000305e-02,2.687499999999999958e-02,5.749999999999222666e+01,1.000000000000000036e-10,1.000000000000011161e-04,8.526512829121199558e-19
4.416666666666666657e-02,2.687499999999999958e-02,5.583333333332554105e+01,1.000000000000000036e-10,1.000000000000006824e-04,2.842170943040400013e-19
4.583333333333333703e-02,2.687499999999999958e-02,5.416666666665886964e+01,1.000000000000000036e-10,9.999999999999875796e-05,0.000000000000000000e+00
4.750000000000000056e-02,2.687499999999999958e-02,5.249999999999224798e+01,1.000000000000000036e-10,9.999999999999684705e-05,2.842170943040400013e-19
4.916666666666667102e-02,2.687499999999999958e-02,5.083333333332564052e+01,1.000000000000000036e-10,9.999999999999578996e-05,-2.842170943040400013e-19
5.083333333333333454e-02,2.687499999999999958e-02,4.916666666665905439e+01,1.000000000000000036e-10,9.999999999999535628e-05,-1.705302565824239912e-18
5.250000000000000500e-02,2.687499999999999958e-02,4.749999999999246114e+01,1.000000000000000036e-10,9.999999999999471931e-05,-1.136868377216160005e-18
5.416666666666666852e-02,2.687499999999999958e-02,4.583333333332589632e+01,1.000000000000000036e-10,9.999999999999280840e-05,-8.526512829121199558e-19
5.583333333333333898e-02,2.687499999999999958e-02,4.416666666665936702e+01,1.000000000000000036e-10,9.999999999999131762e-05,0.000000000000000000e+00
5.750000000000000250e-02,2.687499999999999958e-02,4.249999999999285194e+01,1.000000000000000036e-10,9.999999999999045026e-05,-2.842170943040400013e-19
5.916666666666667296e-02,2.687499999999999958e-02,4.083333333332635107e+01,1.000000000000000036e-10,9.999999999998981329e-05,-1.136868377216160005e-18
6.083333333333333648e-02,2.687499999999999958e-02,3.916666666665985730e+01,1.000000000000000036e-10,9.999999999998917632e-05,-5.684341886080800026e-19
6.250000000000000000e-02,2.687499999999999958e-02,3.749999999999337774e+01,1.000000000000000036e-10,9.999999999998853935e-05,-5.684341886080800026e-19
6.416666666666667740e-02,2.687499999999999958e-02,3.583333333332690529e+01,1.000000000000000036e-10,9.999999999998811923e-05,-8.526512829121199558e-19
6.583333333333334092e-02,2.687499999999999958e-02,3.416666666666043994e+01,1.000000000000000036e-10,9.999999999998768554e-05,-8.526512829121199558e-19
6.750000000000000444e-02,2.687499999999999958e-02,3.249999999999398170e+01,1.000000000000000036e-10,9.999999999998683174e-05,-5.684341886080800026e-19
6.916666666666666796e-02,2.687499999999999958e-02,3.083333333332754478e+01,1.000000000000000036e-10,9.999999999998565267e-05,-9.947598300641399805e-19
7.083333333333333148e-02,2.687499999999999958e-02,2.916666666666112562e+01,1.000000000000000036e-10,9.999999999998492083e-05,-1.136868377216160005e-18
7.250000000000000888e-02,2.687499999999999958e-02,2.749999999999471356e+01,1.000000000000000036e-10,9.999999999998459557e-05,-1.421085471520200055e-18
7.416666666666667240e-02,2.687499999999999958e-02,2.583333333332830506e+01,1.000000000000000036e-10,9.999999999998352492e-05,-7.105427357601000273e-19
7.583333333333333592e-02,2.687499999999999958e-02,2.416666666666192853e+01,1.000000000000000036e-10,9.999999999998267111e-05,2.842170943040400495e-19
7.749999999999999944e-02,2.687499999999999958e-02,2.249999999999554845e+01,1.000000000000000036e-10,9.999999999998234585e-05,-2.842170943040400013e-19
7.916666666666667684e-02,2.687499999999999958e-02,2.083333333332918258e+01,1.000000000000000036e-10,9.999999999998183085e-05,-2.842170943040400013e-19
8.083333333333334036e-02,2.687499999999999958e-02,1.916666666666282026e+01,1.000000000000000036e-10,9.999999999998150559e-05,-4.263256414560599779e-19
8.250000000000000389e-02,2.687499999999999958e-02,1.749999999999646505e+01,1.000000000000000036e-10,9.999999999998107191e-05,-4.263256414560599779e-19
8.416666666666666741e-02,2.687499999999999958e-02,1.583333333333011694e+01,1.000000000000000036e-10,9.999999999998076020e-05,-4.263256414560599779e-19
8.583333333333334481e-02,2.687499999999999958e-02,1.416666666666377239e+01,1.000000000000000036e-10,9.999999999998038073e-05,-1.421085471520200007e-19
8.750000000000000833e-02,2.687499999999999958e-02,1.249999999999743672e+01,1.000000000000000036e-10,9.999999999998001481e-05,-7.105427357601000033e-20
8.916666666666667185e-02,2.687499999999999958e-02,1.083333333333110460e+01,1.000000000000000036e-10,9.999999999997974376e-05,-0.000000000000000000e+00
9.083333333333333537e-02,2.687499999999999958e-02,9.166666666664777807e+00,1.000000000000000036e-10,9.999999999997963534e-05,0.000000000000000000e+00
9.250000000000001277e-02,2.687499999999999958e-02,7.499999999998449240e+00,1.000000000000000036e-10,9.999999999997958113e-05,-1.065814103640149945e-19
9.416666666666667629e-02,2.687499999999999958e-02,5.833333333332124226e+00,1.000000000000000036e-10,9.999999999997941850e-05,-0.000000000000000000e+00
9.583333333333333981e-02,2.687499999999999958e-02,4.166666666665800989e+00,1.000000000000000036e-10,9.999999999997926943e-05,-3.552713678800500016e-20
9.750000000000000333e-02,2.687499999999999958e-02,2.499999999999480860e+00,1.000000000000000036e-10,9.999999999997920166e-05,-1.776356839400250008e-20
9.916666666666666685e-02,2.687499999999999958e-02,8.333333333331600645e-01,1.000000000000000036e-10,9.999999999997920166e-05,-8.881784197001250041e-21
8.333333333333333868e-04,2.812500000000000069e-02,9.916666666666631613e+01,1.000000000000000036e-10,1.000000000000403507e-04,-0.000000000000000000e+00
2.500000000000000052e-03,2.812500000000000069e-02,9.749999999999900524e+01,1.000000000000000036e-10,1.000000000000373420e-04,1.136868377216160005e-18
4.166666666666666609e-03,2.812500000000000069e-02,9.583333333333173698e+01,1.000000000000000036e-10,1.000000000000356479e-04,1.705302565824240104e-18
5.833333333333333599e-03,2.812500000000000069e-02,9.416666666666448293e+01,1.000000000000000036e-10,1.000000000000339539e-04,1.136868377216160005e-18
7.500000000000000590e-03,2.812500000000000069e-02,9.249999999999727152e+01,1.000000000000000036e-10,1.000000000000322463e-04,2.842170943040400109e-18
9.166666666666666713e-03,2.812500000000000069e-02,9.083333333333007431e+01,1.000000000000000036e-10,1.000000000000301050e-04,3.410605131648479823e-18
1.083333333333333370e-02,2.812500000000000069e-02,8.916666666666293395e+01,1.000000000000000036e-10,1.000000000000275571e-04,2.842170943040400109e-18
1.250000000000000069e-02,2.812500000000000069e-02,8.749999999999582201e+01,1.000000000000000036e-10,1.000000000000262696e-04,2.273736754432320010e-18
1.416666666666666768e-02,2.812500000000000069e-02,8.583333333332872428e+01,1.000000000000000036e-10,1.000000000000249821e-04,1.136868377216160005e-18
1.583333333333333467e-02,2.812500000000000069e-02,8.416666666666165497e+01,1.000000000000000036e-10,1.000000000000228679e-04,1.705302565824240104e-18
1.750000000000000167e-02,2.812500000000000069e-02,8.249999999999462830e+01,1.000000000000000036e-10,1.000000000000211603e-04,-0.000000000000000000e+00
1.916666666666666866e-02,2.812500000000000069e-02,8.083333333332761583e+01,1.000000000000000036e-10,1.000000000000207266e-04,-0.000000000000000000e+00
2.083333333333333565e-02,2.812500000000000069e-02,7.916666666666060337e+01,1.000000000000000036e-10,1.000000000000190190e-04,-0.000000000000000000e+00
2.250000000000000264e-02,2.812500000000000069e-02,7.749999999999364775e+01,1.000000000000000036e-10,1.000000000000160374e-04,-1.136868377216160005e-18
2.416666666666666963e-02,2.812500000000000069e-02,7.583333333332673476e+01,1.000000000000000036e-10,1.000000000000134760e-04,1.705302565824240104e-18
2.583333333333333662e-02,2.812500000000000069e-02,7.416666666665986440e+01,1.000000000000000036e-10,1.000000000000117684e-04,2.842170943040400109e-18
2.750000000000000014e-02,2.812500000000000069e-02,7.249999999999300826e+01,1.000000000000000036e-10,1.000000000000104809e-04,1.705302565824239912e-18
2.916666666666666713e-02,2.812500000000000069e-02,7.083333333332618054e+01,1.000000000000000036e-10,1.000000000000092070e-04,1.136868377216160005e-18
3.083333333333333412e-02,2.812500000000000069e-02,6.916666666665936702e+01,1.000000000000000036e-10,1.000000000000074993e-04,1.136868377216160005e-18
3.250000000000000111e-02,2.812500000000000069e-02,6.749999999999259614e+01,1.000000000000000036e-10,1.000000000000079330e-04,5.684341886080800026e-19
3.416666666666667157e-02,2.812500000000000069e-02,6.583333333332576842e+01,1.000000000000000036e-10,1.000000000000079330e-04,5.684341886080800026e-19
3.583333333333333509e-02,2.812500000000000069e-02,6.416666666665899754e+01,1.000000000000000036e-10,1.000000000000040977e-04,5.684341886080800026e-19
3.750000000000000555e-02,2.812500000000000069e-02,6.249999999999229772e+01,1.000000000000000036e-10,1.000000000000019699e-04,5.684341886080800026e-19
3.916666666666666907e-02,2.812500000000000069e-02,6.083333333332559789e+01,1.000000000000000036e-10,1.000000000000015362e-04,8.526512829121200521e-19
4.083333333333333259e-02,2.812500000000000069e-02,5.916666666665891228e+01,1.000000000000000036e-10,1.000000000000015362e-04,2.842170943040400013e-19
4.250000000000000305e-02,2.812500000000000069e-02,5.749999999999221245e+01,1.000000000000000036e-10,1.000000000000013194e-04,5.684341886080800026e-19
4.416666666666666657e-02,2.812500000000000069e-02,5.583333333332553394e+01,1.000000000000000036e-10,1.000000000000000454e-04,0.000000000000000000e+00
4.583333333333333703e-02,2.812500000000000069e-02,5.416666666665887675e+01,1.000000000000000036e-10,9.999999999999855467e-05,0.000000000000000000e+00
4.750000000000000056e-02,2.812500000000000069e-02,5.249999999999224798e+01,1.000000000000000036e-10,9.999999999999706389e-05,2.842170943040400013e-19
4.916666666666667102e-02,2.812500000000000069e-02,5.083333333332564052e+01,1.000000000000000036e-10,9.999999999999535628e-05,-0.000000000000000000e+00
5.083333333333333454e-02,2.812500000000000069e-02,4.916666666665906860e+01,1.000000000000000036e-10,9.999999999999471931e-05,-2.842170943040400013e-19
5.250000000000000500e-02,2.812500000000000069e-02,4.749999999999248246e+01,1.000000000000000036e-10,9.999999999999471931e-05,-5.684341886080800989e-19
5.416666666666666852e-02,2.812500000000000069e-02,4.583333333332591053e+01,1.000000000000000036e-10,9.999999999999364866e-05,-1.136868377216160005e-18
5.583333333333333898e-02,2.812500000000000069e-02,4.416666666665935992e+01,1.000000000000000036e-10,9.999999999999152091e-05,-8.526512829121199558e-19
5.750000000000000250e-02,2.812500000000000069e-02,4.249999999999285905e+01,1.000000000000000036e-10,9.999999999998981329e-05,-1.136868377216160005e-18
5.916666666666667296e-02,2.812500000000000069e-02,4.083333333332636528e+01,1.000000000000000036e-10,9.999999999998981329e-05,-1.136868377216160005e-18
6.083333333333333648e-02,2.812500000000000069e-02,3.916666666665986440e+01,1.000000000000000036e-10,9.999999999998939316e-05,-8.526512829121199558e-19
6.250000000000000000e-02,2.812500000000000069e-02,3.749999999999338485e+01,1.000000000000000036e-10,9.999999999998853935e-05,-5.684341886080800026e-19
6.416666666666667740e-02,2.812500000000000069e-02,3.583333333332691240e+01,1.000000000000000036e-10,9.999999999998790239e-05,-5.684341886080800026e-19
6.583333333333334092e-02,2.812500000000000069e-02,3.416666666666045415e+01,1.000000000000000036e-10,9.999999999998746870e-05,-2.842170943040400013e-19
6.750000000000000444e-02,2.812500000000000069e-02,3.249999999999399591e+01,1.000000000000000036e-10,9.999999999998683174e-05,-8.526512829121199558e-19
6.916666666666666796e-02,2.812500000000000069e-02,3.083333333332755899e+01,1.000000000000000036e-10,9.999999999998576109e-05,-5.684341886080800026e-19
7.083333333333333148e-02,2.812500000000000069e-02,2.916666666666113628e+01,1.000000000000000036e-10,9.999999999998512412e-05,-8.526512829121200521e-19
7.250000000000000888e-02,2.812500000000000069e-02,2.749999999999472067e+01,1.000000000000000036e-10,9.999999999998481241e-05,-8.526512829121199558e-19
7.416666666666667240e-02,2.812500000000000069e-02,2.583333333332830861e+01,1.000000000000000036e-10,9.999999999998405347e-05,-8.526512829121200521e-19
7.583333333333333592e-02,2.812500000000000069e-02,2.416666666666191787e+01,1.000000000000000036e-10,9.999999999998267111e-05,0.000000000000000000e+00
7.749999999999999944e-02,2.812500000000000069e-02,2.249999999999555200e+01,1.000000000000000036e-10,9.999999999998192572e-05,-4.263256414560599779e-19
7.916666666666667684e-02,2.812500000000000069e-02,2.083333333332918613e+01,1.000000000000000036e-10,9.999999999998183085e-05,-1.421085471520200007e-19
8.083333333333334036e-02,2.812500000000000069e-02,1.916666666666282381e+01,1.000000000000000036e-10,9.999999999998150559e-05,-2.842170943040400013e-19
8.250000000000000389e-02,2.812500000000000069e-02,1.749999999999646860e+01,1.000000000000000036e-10,9.999999999998107191e-05,-2.842170943040400013e-19
8.416666666666666741e-02,2.812500000000000069e-02,1.583333333333012050e+01,1.000000000000000036e-10,9.999999999998076020e-05,-2.842170943040400013e-19
8.583333333333334481e-02,2.812500000000000069e-02,1.416666666666377594e+01,1.000000000000000036e-10,9.999999999998048915e-05,-2.842170943040400013e-19
8.750000000000000833e-02,2.812500000000000069e-02,1.249999999999743672e+01,1.000000000000000036e-10,9.999999999998012323e-05,-7.105427357601000033e-20
8.916666666666667185e-02,2.812500000000000069e-02,1.083333333333110460e+01,1.000000000000000036e-10,9.999999999997979797e-05,1.421085471520200007e-19
9.083333333333333537e-02,2.812500000000000069e-02,9.166666666664776031e+00,1.000000000000000036e-10,9.999999999997966245e-05,1.421085471520200007e-19
9.250000000000001277e-02,2.812500000000000069e-02,7.499999999998448352e+00,1.000000000000000036e-10,9.999999999997952692e-05,3.552713678800500016e-20
9.416666666666667629e-02,2.812500000000000069e-02,5.833333333332124226e+00,1.000000000000000036e-10,9.999999999997936429e-05,-0.000000000000000000e+00
9.583333333333333981e-02,2.812500000000000069e-02,4.166666666665801877e+00,1.000000000000000036e-10,9.999999999997928298e-05,-3.552713678800500016e-20
9.750000000000000333e-02,2.812500000000000069e-02,2.499999999999480860e+00,1.000000000000000036e-10,9.999999999997922877e-05,-0.000000000000000000e+00
9.916666666666666685e-02,2.812500000000000069e-02,8.333333333331601755e-01,1.000000000000000036e-10,9.999999999997921522e-05,0.000000000000000000e+00
8.333333333333333868e-04,2.937500000000000180e-02,9.916666666666631613e+01,1.000000000000000036e-10,1.000000000000403507e-04,1.136868377216160005e-18
2.500000000000000052e-03,2.937500000000000180e-02,9.749999999999900524e+01,1.000000000000000036e-10,1.000000000000386295e-04,1.136868377216160005e-18
4.166666666666666609e-03,2.937500000000000180e-02,9.583333333333169435e+01,1.000000000000000036e-10,1.000000000000360681e-04,1.136868377216160198e-18
5.833333333333333599e-03,2.937500000000000180e-02,9.416666666666446872e+01,1.000000000000000036e-10,1.000000000000335066e-04,1.136868377216160005e-18
7.500000000000000590e-03,2.937500000000000180e-02,9.249999999999724309e+01,1.000000000000000036e-10,1.000000000000326528e-04,1.136868377216160005e-18
9.166666666666666713e-03,2.937500000000000180e-02,9.083333333333004589e+01,1.000000000000000036e-10,1.000000000000305386e-04,1.705302565824239912e-18
1.083333333333333370e-02,2.937500000000000180e-02,8.916666666666289132e+01,1.000000000000000036e-10,1.000000000000275435e-04,2.273736754432320010e-18
1.250000000000000069e-02,2.937500000000000180e-02,8.749999999999579359e+01,1.000000000000000036e-10,1.000000000000254158e-04,2.273736754432320010e-18
1.416666666666666768e-02,2.937500000000000180e-02,8.583333333332871007e+01,1.000000000000000036e-10,1.000000000000241418e-04,2.273736754432320010e-18
1.583333333333333467e-02,2.937500000000000180e-02,8.416666666666165497e+01,1.000000000000000036e-10,1.000000000000224342e-04,5.684341886080800026e-19
1.750000000000000167e-02,2.937500000000000180e-02,8.249999999999462830e+01,1.000000000000000036e-10,1.000000000000211603e-04,-0.000000000000000000e+00
1.916666666666666866e-02,2.937500000000000180e-02,8.083333333332761583e+01,1.000000000000000036e-10,1.000000000000207266e-04,-0.000000000000000000e+00
2.083333333333333565e-02,2.937500000000000180e-02,7.916666666666060337e+01,1.000000000000000036e-10,1.000000000000185853e-04,-0.000000000000000000e+00
2.250000000000000264e-02,2.937500000000000180e-02,7.749999999999366196e+01,1.000000000000000036e-10,1.000000000000160374e-04,0.000000000000000000e+00
2.416666666666666963e-02,2.937500000000000180e-02,7.583333333332673476e+01,1.000000000000000036e-10,1.000000000000147635e-04,-5.684341886080800026e-19
2.583333333333333662e-02,2.937500000000000180e-02,7.416666666665983598e+01,1.000000000000000036e-10,1.000000000000126222e-04,5.684341886080800026e-19
2.750000000000000014e-02,2.937500000000000180e-02,7.249999999999297984e+01,1.000000000000000036e-10,1.000000000000104809e-04,1.705302565824239912e-18
2.916666666666666713e-02,2.937500000000000180e-02,7.083333333332615211e+01,1.000000000000000036e-10,1.000000000000088004e-04,1.705302565824239912e-18
3.083333333333333412e-02,2.937500000000000180e-02,6.916666666665935281e+01,1.000000000000000036e-10,1.000000000000075129e-04,1.705302565824239912e-18
3.250000000000000111e-02,2.937500000000000180e-02,6.749999999999256772e+01,1.000000000000000036e-10,1.000000000000075129e-04,2.273736754432320010e-18
3.416666666666667157e-02,2.937500000000000180e-02,6.583333333332576842e+01,1.000000000000000036e-10,1.000000000000070928e-04,5.684341886080800026e-19
3.583333333333333509e-02,2.937500000000000180e-02,6.416666666665899754e+01,1.000000000000000036e-10,1.000000000000043145e-04,-0.000000000000000000e+00
3.750000000000000555e-02,2.937500000000000180e-02,6.249999999999229061e+01,1.000000000000000036e-10,1.000000000000019699e-04,-2.842170943040400013e-19
3.916666666666666907e-02,2.937500000000000180e-02,6.083333333332559789e+01,1.000000000000000036e-10,1.000000000000015362e-04,-2.842170943040400013e-19
4.083333333333333259e-02,2.937500000000000180e-02,5.916666666665890517e+01,1.000000000000000036e-10,1.000000000000015362e-04,5.684341886080800026e-19
4.250000000000000305e-02,2.937500000000000180e-02,5.749999999999221245e+01,1.000000000000000036e-10,1.000000000000008857e-04,-0.000000000000000000e+00
4.416666666666666657e-02,2.937500000000000180e-02,5.583333333332554105e+01,1.000000000000000036e-10,1.000000000000002487e-04,-2.842170943040400013e-19
4.583333333333333703e-02,2.937500000000000180e-02,5.416666666665886964e+01,1.000000000000000036e-10,9.999999999999897480e-05,2.842170943040400013e-19
4.750000000000000056e-02,2.937500000000000180e-02,5.249999999999224087e+01,1.000000000000000036e-10,9.999999999999684705e-05,-2.842170943040400013e-19
4.916666666666667102e-02,2.937500000000000180e-02,5.083333333332564052e+01,1.000000000000000036e-10,9.999999999999535628e-05,-5.684341886080800026e-19
5.083333333333333454e-02,2.937500000000000180e-02,4.916666666665906149e+01,1.000000000000000036e-10,9.999999999999492259e-05,2.842170943040400013e-19
5.250000000000000500e-02,2.937500000000000180e-02,4.749999999999247535e+01,1.000000000000000036e-10,9.999999999999408234e-05,-2.842170943040400013e-19
5.416666666666666852e-02,2.937500000000000180e-02,4.583333333332592474e+01,1.000000000000000036e-10,9.999999999999259156e-05,-1.136868377216160005e-18
5.583333333333333898e-02,2.937500000000000180e-02,4.416666666665938834e+01,1.000000000000000036e-10,9.999999999999130407e-05,-1.421085471520200055e-18
5.750000000000000250e-02,2.937500000000000180e-02,4.249999999999288036e+01,1.000000000000000036e-10,9.999999999999023342e-05,-1.705302565824240104e-18
5.916666666666667296e-02,2.937500000000000180e-02,4.083333333332637949e+01,1.000000000000000036e-10,9.999999999999003013e-05,-1.136868377216160005e-18
6.083333333333333648e-02,2.937500000000000180e-02,3.916666666665987862e+01,1.000000000000000036e-10,9.999999999998959645e-05,-1.136868377216160005e-18
6.250000000000000000e-02,2.937500000000000180e-02,3.749999999999339195e+01,1.000000000000000036e-10,9.999999999998874264e-05,-5.684341886080800026e-19
6.416666666666667740e-02,2.937500000000000180e-02,3.583333333332691950e+01,1.000000000000000036e-10,9.999999999998832251e-05,-1.136868377216160005e-18
6.583333333333334092e-02,2.937500000000000180e-02,3.416666666666044705e+01,1.000000000000000036e-10,9.999999999998746870e-05,0.000000000000000000e+00
6.750000000000000444e-02,2.937500000000000180e-02,3.249999999999400302e+01,1.000000000000000036e-10,9.999999999998661490e-05,-2.842170943040400013e-19
6.916666666666666796e-02,2.937500000000000180e-02,3.083333333332755899e+01,1.000000000000000036e-10,9.999999999998565267e-05,-4.263256414560600260e-19
7.083333333333333148e-02,2.937500000000000180e-02,2.916666666666114693e+01,1.000000000000000036e-10,9.999999999998470399e-05,-7.105427357601000273e-19
7.250000000000000888e-02,2.937500000000000180e-02,2.749999999999473488e+01,1.000000000000000036e-10,9.999999999998459557e-05,-9.947598300641399805e-19
7.416666666666667240e-02,2.937500000000000180e-02,2.583333333332832638e+01,1.000000000000000036e-10,9.999999999998416189e-05,-1.136868377216160005e-18
7.583333333333333592e-02,2.937500000000000180e-02,2.416666666666192853e+01,1.000000000000000036e-10,9.999999999998299637e-05,-8.526512829121200521e-19
7.749999999999999944e-02,2.937500000000000180e-02,2.249999999999555911e+01,1.000000000000000036e-10,9.999999999998225098e-05,-4.263256414560599779e-19
7.916666666666667684e-02,2.937500000000000180e-02,2.083333333332918613e+01,1.000000000000000036e-10,9.999999999998192572e-05,-1.421085471520200007e-19
8.083333333333334036e-02,2.937500000000000180e-02,1.916666666666282737e+01,1.000000000000000036e-10,9.999999999998139717e-05,-1.421085471520200007e-19
8.250000000000000389e-02,2.937500000000000180e-02,1.749999999999647216e+01,1.000000000000000036e-10,9.999999999998107191e-05,-2.842170943040400013e-19
8.416666666666666741e-02,2.937500000000000180e-02,1.583333333333012405e+01,1.000000000000000036e-10,9.999999999998076020e-05,-2.842170943040400013e-19
8.583333333333334481e-02,2.937500000000000180e-02,1.416666666666377949e+01,1.000000000000000036e-10,9.999999999998054336e-05,-3.552713678800500137e-19
8.750000000000000833e-02,2.937500000000000180e-02,1.249999999999743849e+01,1.000000000000000036e-10,9.999999999998034008e-05,-3.552713678800500137e-19
8.916666666666667185e-02,2.937500000000000180e-02,1.083333333333110104e+01,1.000000000000000036e-10,9.999999999997990639e-05,1.421085471520200007e-19
9.083333333333333537e-02,2.937500000000000180e-02,9.166666666664774255e+00,1.000000000000000036e-10,9.999999999997955403e-05,7.105427357601000033e-20
9.250000000000001277e-02,2.937500000000000180e-02,7.499999999998448352e+00,1.000000000000000036e-10,9.999999999997947271e-05,-0.000000000000000000e+00
9.416666666666667629e-02,2.937500000000000180e-02,5.833333333332124226e+00,1.000000000000000036e-10,9.999999999997936429e-05,-0.000000000000000000e+00
9.583333333333333981e-02,2.937500000000000180e-02,4.166666666665801877e+00,1.000000000000000036e-10,9.999999999997928298e-05,3.552713678800500016e-20
9.750000000000000333e-02,2.937500000000000180e-02,2.499999999999480860e+00,1.000000000000000036e-10,9.999999999997922877e-05,-0.000000000000000000e+00
9.916666666666666685e-02,2.937500000000000180e-02,8.333333333331600645e-01,1.000000000000000036e-10,9.999999999997920166e-05,4.440892098500625020e-21
8.333333333333333868e-04,3.062499999999999944e-02,9.916666666666628771e+01,1.000000000000000036e-10,1.000000000000420583e-04,1.705302565824239912e-18
2.500000000000000052e-03,3.062499999999999944e-02,9.749999999999897682e+01,1.000000000000000036e-10,1.000000000000373420e-04,1.136868377216160005e-18
4.166666666666666609e-03,3.062499999999999944e-02,9.583333333333170856e+01,1.000000000000000036e-10,1.000000000000356479e-04,-5.684341886080800026e-19
5.833333333333333599e-03,3.062499999999999944e-02,9.416666666666445451e+01,1.000000000000000036e-10,1.000000000000339539e-04,1.136868377216160005e-18
7.500000000000000590e-03,3.062499999999999944e-02,9.249999999999724309e+01,1.000000000000000036e-10,1.000000000000326664e-04,-0.000000000000000000e+00
9.166666666666666713e-03,3.062499999999999944e-02,9.083333333333003168e+01,1.000000000000000036e-10,1.000000000000309588e-04,5.684341886080800026e-19
1.083333333333333370e-02,3.062499999999999944e-02,8.916666666666287711e+01,1.000000000000000036e-10,1.000000000000279772e-04,5.684341886080800026e-19
1.250000000000000069e-02,3.062499999999999944e-02,8.749999999999576517e+01,1.000000000000000036e-10,1.000000000000262696e-04,1.136868377216160005e-18
1.416666666666666768e-02,3.062499999999999944e-02,8.583333333332866744e+01,1.000000000000000036e-10,1.000000000000237082e-04,2.273736754432320010e-18
1.583333333333333467e-02,3.062499999999999944e-02,8.416666666666164076e+01,1.000000000000000036e-10,1.000000000000211603e-04,0.000000000000000000e+00
1.750000000000000167e-02,3.062499999999999944e-02,8.249999999999462830e+01,1.000000000000000036e-10,1.000000000000207266e-04,-0.000000000000000000e+00
1.916666666666666866e-02,3.062499999999999944e-02,8.083333333332761583e+01,1.000000000000000036e-10,1.000000000000207266e-04,1.705302565824240104e-18
2.083333333333333565e-02,3.062499999999999944e-02,7.916666666666060337e+01,1.000000000000000036e-10,1.000000000000190190e-04,-0.000000000000000000e+00
2.250000000000000264e-02,3.062499999999999944e-02,7.749999999999364775e+01,1.000000000000000036e-10,1.000000000000156038e-04,5.684341886080800026e-19
2.416666666666666963e-02,3.062499999999999944e-02,7.583333333332674897e+01,1.000000000000000036e-10,1.000000000000138961e-04,-5.684341886080800026e-19
2.583333333333333662e-02,3.062499999999999944e-02,7.416666666665985019e+01,1.000000000000000036e-10,1.000000000000134760e-04,-5.684341886080800026e-19
2.750000000000000014e-02,3.062499999999999944e-02,7.249999999999296563e+01,1.000000000000000036e-10,1.000000000000113483e-04,0.000000000000000000e+00
2.916666666666666713e-02,3.062499999999999944e-02,7.083333333332613790e+01,1.000000000000000036e-10,1.000000000000092070e-04,0.000000000000000000e+00
3.083333333333333412e-02,3.062499999999999944e-02,6.916666666665932439e+01,1.000000000000000036e-10,1.000000000000079330e-04,1.136868377216160005e-18
3.250000000000000111e-02,3.062499999999999944e-02,6.749999999999253930e+01,1.000000000000000036e-10,1.000000000000070792e-04,1.705302565824239912e-18
3.416666666666667157e-02,3.062499999999999944e-02,6.583333333332575421e+01,1.000000000000000036e-10,1.000000000000062254e-04,-5.684341886080800026e-19
3.583333333333333509e-02,3.062499999999999944e-02,6.416666666665899754e+01,1.000000000000000036e-10,1.000000000000034607e-04,-5.684341886080800026e-19
3.750000000000000555e-02,3.062499999999999944e-02,6.249999999999230482e+01,1.000000000000000036e-10,1.000000000000017531e-04,-5.684341886080800026e-19
3.916666666666666907e-02,3.062499999999999944e-02,6.083333333332560500e+01,1.000000000000000036e-10,1.000000000000021867e-04,-2.842170943040400013e-19
4.083333333333333259e-02,3.062499999999999944e-02,5.916666666665889807e+01,1.000000000000000036e-10,1.000000000000017531e-04,5.684341886080800026e-19
4.250000000000000305e-02,3.062499999999999944e-02,5.749999999999221245e+01,1.000000000000000036e-10,1.000000000000006824e-04,-0.000000000000000000e+00
4.416666666666666657e-02,3.062499999999999944e-02,5.583333333332554105e+01,1.000000000000000036e-10,1.000000000000002487e-04,-2.842170943040400013e-19
4.583333333333333703e-02,3.062499999999999944e-02,5.416666666665886964e+01,1.000000000000000036e-10,9.999999999999855467e-05,-8.526512829121200521e-19
4.750000000000000056e-02,3.062499999999999944e-02,5.249999999999225508e+01,1.000000000000000036e-10,9.999999999999642693e-05,-1.136868377216160005e-18
4.916666666666667102e-02,3.062499999999999944e-02,5.083333333332565473e+01,1.000000000000000036e-10,9.999999999999578996e-05,-8.526512829121199558e-19
5.083333333333333454e-02,3.062499999999999944e-02,4.916666666665906149e+01,1.000000000000000036e-10,9.999999999999493615e-05,-0.000000000000000000e+00
5.250000000000000500e-02,3.062499999999999944e-02,4.749999999999248956e+01,1.000000000000000036e-10,9.999999999999364866e-05,-8.526512829121199558e-19
5.416666666666666852e-02,3.062499999999999944e-02,4.583333333332593895e+01,1.000000000000000036e-10,9.999999999999279485e-05,-8.526512829121199558e-19
5.583333333333333898e-02,3.062499999999999944e-02,4.416666666665939545e+01,1.000000000000000036e-10,9.999999999999108723e-05,-5.684341886080800026e-19
5.750000000000000250e-02,3.062499999999999944e-02,4.249999999999290168e+01,1.000000000000000036e-10,9.999999999999001658e-05,-8.526512829121200521e-19
5.916666666666667296e-02,3.062499999999999944e-02,4.083333333332639370e+01,1.000000000000000036e-10,9.999999999999023342e-05,-8.526512829121199558e-19
6.083333333333333648e-02,3.062499999999999944e-02,3.916666666665989283e+01,1.000000000000000036e-10,9.999999999998981329e-05,-1.421085471520200055e-18
6.250000000000000000e-02,3.062499999999999944e-02,3.749999999999339906e+01,1.000000000000000036e-10,9.999999999998852580e-05,-1.136868377216160005e-18
6.416666666666667740e-02,3.062499999999999944e-02,3.583333333332694082e+01,1.000000000000000036e-10,9.999999999998830896e-05,-1.136868377216160005e-18
6.583333333333334092e-02,3.062499999999999944e-02,3.416666666666045415e+01,1.000000000000000036e-10,9.999999999998809212e-05,-8.526512829121199558e-19
6.750000000000000444e-02,3.062499999999999944e-02,3.249999999999400302e+01,1.000000000000000036e-10,9.999999999998650648e-05,-5.684341886080800026e-19
6.916666666666666796e-02,3.062499999999999944e-02,3.083333333332756965e+01,1.000000000000000036e-10,9.999999999998543583e-05,-1.136868377216160005e-18
7.083333333333333148e-02,3.062499999999999944e-02,2.916666666666115404e+01,1.000000000000000036e-10,9.999999999998470399e-05,-7.105427357601000273e-19
7.250000000000000888e-02,3.062499999999999944e-02,2.749999999999474554e+01,1.000000000000000036e-10,9.999999999998448715e-05,-7.105427357601000273e-19
7.416666666666667240e-02,3.062499999999999944e-02,2.583333333332833703e+01,1.000000000000000036e-10,9.999999999998416189e-05,-8.526512829121200521e-19
7.583333333333333592e-02,3.062499999999999944e-02,2.416666666666193919e+01,1.000000000000000036e-10,9.999999999998321321e-05,-1.136868377216160005e-18
7.749999999999999944e-02,3.062499999999999944e-02,2.249999999999556266e+01,1.000000000000000036e-10,9.999999999998245427e-05,-4.263256414560599779e-19
7.916666666666667684e-02,3.062499999999999944e-02,2.083333333332918968e+01,1.000000000000000036e-10,9.999999999998204769e-05,-7.105427357601000273e-19
8.083333333333334036e-02,3.062499999999999944e-02,1.916666666666282737e+01,1.000000000000000036e-10,9.999999999998139717e-05,-2.842170943040400013e-19
8.250000000000000389e-02,3.062499999999999944e-02,1.749999999999647571e+01,1.000000000000000036e-10,9.999999999998096349e-05,-2.842170943040400013e-19
8.416666666666666741e-02,3.062499999999999944e-02,1.583333333333012760e+01,1.000000000000000036e-10,9.999999999998070599e-05,-4.263256414560599779e-19
8.583333333333334481e-02,3.062499999999999944e-02,1.416666666666378482e+01,1.000000000000000036e-10,9.999999999998043494e-05,-2.842170943040400013e-19
8.750000000000000833e-02,3.062499999999999944e-02,1.249999999999744560e+01,1.000000000000000036e-10,9.999999999998048915e-05,-2.842170943040400013e-19
8.916666666666667185e-02,3.062499999999999944e-02,1.083333333333110104e+01,1.000000000000000036e-10,9.999999999998012323e-05,-2.131628207280300130e-19
9.083333333333333537e-02,3.062499999999999944e-02,9.166666666664774255e+00,1.000000000000000036e-10,9.999999999997955403e-05,-7.105427357601000033e-20
9.250000000000001277e-02,3.062499999999999944e-02,7.499999999998448352e+00,1.000000000000000036e-10,9.999999999997947271e-05,-7.105427357601000033e-20
9.416666666666667629e-02,3.062499999999999944e-02,5.833333333332124226e+00,1.000000000000000036e-10,9.999999999997939140e-05,-0.000000000000000000e+00
9.583333333333333981e-02,3.062499999999999944e-02,4.166666666665800989e+00,1.000000000000000036e-10,9.999999999997926943e-05,0.000000000000000000e+00
9.750000000000000333e-02,3.062499999999999944e-02,2.499999999999480860e+00,1.000000000000000036e-10,9.999999999997920166e-05,-1.776356839400250008e-20
9.916666666666666685e-02,3.062499999999999944e-02,8.333333333331600645e-01,1.000000000000000036e-10,9.999999999997920166e-05,-4.440892098500625020e-21
8.333333333333333868e-04,3.187500000000000056e-02,9.916666666666627350e+01,1.000000000000000036e-10,1.000000000000424784e-04,-5.684341886080800026e-19
2.500000000000000052e-03,3.187500000000000056e-02,9.749999999999897682e+01,1.000000000000000036e-10,1.000000000000369354e-04,-1.136868377216160005e-18
4.166666666666666609e-03,3.187500000000000056e-02,9.583333333333170856e+01,1.000000000000000036e-10,1.000000000000360681e-04,5.684341886080800026e-19
5.833333333333333599e-03,3.187500000000000056e-02,9.416666666666444030e+01,1.000000000000000036e-10,1.000000000000339403e-04,0.000000000000000000e+00
7.500000000000000590e-03,3.187500000000000056e-02,9.249999999999724309e+01,1.000000000000000036e-10,1.000000000000322463e-04,-5.684341886080800026e-19
9.166666666666666713e-03,3.187500000000000056e-02,9.083333333333003168e+01,1.000000000000000036e-10,1.000000000000309588e-04,-1.136868377216160005e-18
1.083333333333333370e-02,3.187500000000000056e-02,8.916666666666287711e+01,1.000000000000000036e-10,1.000000000000279772e-04,-5.684341886080800026e-19
1.250000000000000069e-02,3.187500000000000056e-02,8.749999999999576517e+01,1.000000000000000036e-10,1.000000000000267033e-04,-0.000000000000000000e+00
1.416666666666666768e-02,3.187500000000000056e-02,8.583333333332865323e+01,1.000000000000000036e-10,1.000000000000232880e-04,-5.684341886080800026e-19
1.583333333333333467e-02,3.187500000000000056e-02,8.416666666666165497e+01,1.000000000000000036e-10,1.000000000000207266e-04,5.684341886080800026e-19
1.750000000000000167e-02,3.187500000000000056e-02,8.249999999999462830e+01,1.000000000000000036e-10,1.000000000000224342e-04,-0.000000000000000000e+00
1.916666666666666866e-02,3.187500000000000056e-02,8.083333333332757320e+01,1.000000000000000036e-10,1.000000000000207266e-04,2.273736754432320010e-18
2.083333333333333565e-02,3.187500000000000056e-02,7.916666666666060337e+01,1.000000000000000036e-10,1.000000000000177451e-04,5.684341886080800026e-19
2.250000000000000264e-02,3.187500000000000056e-02,7.749999999999364775e+01,1.000000000000000036e-10,1.000000000000156038e-04,5.684341886080800026e-19
2.416666666666666963e-02,3.187500000000000056e-02,7.583333333332674897e+01,1.000000000000000036e-10,1.000000000000138961e-04,5.684341886080800026e-19
2.583333333333333662e-02,3.187500000000000056e-02,7.416666666665985019e+01,1.000000000000000036e-10,1.000000000000130559e-04,-0.000000000000000000e+00
2.750000000000000014e-02,3.187500000000000056e-02,7.249999999999297984e+01,1.000000000000000036e-10,1.000000000000109146e-04,-5.684341886080800026e-19
2.916666666666666713e-02,3.187500000000000056e-02,7.083333333332615211e+01,1.000000000000000036e-10,1.000000000000096406e-04,-5.684341886080800026e-19
3.083333333333333412e-02,3.187500000000000056e-02,6.916666666665932439e+01,1.000000000000000036e-10,1.000000000000088004e-04,5.684341886080800026e-19
3.250000000000000111e-02,3.187500000000000056e-02,6.749999999999252509e+01,1.000000000000000036e-10,1.000000000000062390e-04,5.684341886080800026e-19
3.416666666666667157e-02,3.187500000000000056e-02,6.583333333332578263e+01,1.000000000000000036e-10,1.000000000000053851e-04,-1.705302565824239912e-18
3.583333333333333509e-02,3.187500000000000056e-02,6.416666666665901175e+01,1.000000000000000036e-10,1.000000000000043145e-04,-5.684341886080800026e-19
3.750000000000000555e-02,3.187500000000000056e-02,6.249999999999230482e+01,1.000000000000000036e-10,1.000000000000021867e-04,-0.000000000000000000e+00
3.916666666666666907e-02,3.187500000000000056e-02,6.083333333332560500e+01,1.000000000000000036e-10,1.000000000000023900e-04,2.842170943040400013e-19
4.083333333333333259e-02,3.187500000000000056e-02,5.916666666665889096e+01,1.000000000000000036e-10,1.000000000000017531e-04,-5.684341886080800989e-19
4.250000000000000305e-02,3.187500000000000056e-02,5.749999999999221245e+01,1.000000000000000036e-10,1.000000000000002623e-04,-8.526512829121200521e-19
4.416666666666666657e-02,3.187500000000000056e-02,5.583333333332554815e+01,1.000000000000000036e-10,9.999999999999962532e-05,-1.136868377216160005e-18
4.583333333333333703e-02,3.187500000000000056e-02,5.416666666665889096e+01,1.000000000000000036e-10,9.999999999999833783e-05,-1.989519660128279961e-18
4.750000000000000056e-02,3.187500000000000056e-02,5.249999999999226930e+01,1.000000000000000036e-10,9.999999999999684705e-05,-1.705302565824239912e-18
4.916666666666667102e-02,3.187500000000000056e-02,5.083333333332566184e+01,1.000000000000000036e-10,9.999999999999621008e-05,-1.136868377216160005e-18
5.083333333333333454e-02,3.187500000000000056e-02,4.916666666665906149e+01,1.000000000000000036e-10,9.999999999999492259e-05,-8.526512829121200521e-19
5.250000000000000500e-02,3.187500000000000056e-02,4.749999999999249667e+01,1.000000000000000036e-10,9.999999999999343182e-05,-8.526512829121199558e-19
5.416666666666666852e-02,3.187500000000000056e-02,4.583333333332594606e+01,1.000000000000000036e-10,9.999999999999279485e-05,-5.684341886080800026e-19
5.583333333333333898e-02,3.187500000000000056e-02,4.416666666665940255e+01,1.000000000000000036e-10,9.999999999999130407e-05,-1.136868377216160005e-18
5.750000000000000250e-02,3.187500000000000056e-02,4.249999999999290168e+01,1.000000000000000036e-10,9.999999999999003013e-05,-2.842170943040400013e-19
5.916666666666667296e-02,3.187500000000000056e-02,4.083333333332640080e+01,1.000000000000000036e-10,9.999999999998959645e-05,-5.684341886080800026e-19
6.083333333333333648e-02,3.187500000000000056e-02,3.916666666665991414e+01,1.000000000000000036e-10,9.999999999998937961e-05,-1.136868377216160005e-18
6.250000000000000000e-02,3.187500000000000056e-02,3.749999999999342037e+01,1.000000000000000036e-10,9.999999999998895948e-05,-1.421085471520200055e-18
6.416666666666667740e-02,3.187500000000000056e-02,3.583333333332694792e+01,1.000000000000000036e-10,9.999999999998853935e-05,-2.842170943040400013e-19
6.583333333333334092e-02,3.187500000000000056e-02,3.416666666666046837e+01,1.000000000000000036e-10,9.999999999998790239e-05,-8.526512829121199558e-19
6.750000000000000444e-02,3.187500000000000056e-02,3.249999999999401723e+01,1.000000000000000036e-10,9.999999999998641161e-05,-5.684341886080800026e-19
6.916666666666666796e-02,3.187500000000000056e-02,3.083333333332758741e+01,1.000000000000000036e-10,9.999999999998555780e-05,-9.947598300641399805e-19
7.083333333333333148e-02,3.187500000000000056e-02,2.916666666666116470e+01,1.000000000000000036e-10,9.999999999998502925e-05,-7.105427357601000273e-19
7.250000000000000888e-02,3.187500000000000056e-02,2.749999999999475264e+01,1.000000000000000036e-10,9.999999999998448715e-05,-4.263256414560599779e-19
7.416666666666667240e-02,3.187500000000000056e-02,2.583333333332834769e+01,1.000000000000000036e-10,9.999999999998383663e-05,-9.947598300641399805e-19
7.583333333333333592e-02,3.187500000000000056e-02,2.416666666666195695e+01,1.000000000000000036e-10,9.999999999998332163e-05,-8.526512829121200521e-19
7.749999999999999944e-02,3.187500000000000056e-02,2.249999999999556977e+01,1.000000000000000036e-10,9.999999999998256269e-05,-5.684341886080800026e-19
7.916666666666667684e-02,3.187500000000000056e-02,2.083333333332920390e+01,1.000000000000000036e-10,9.999999999998203414e-05,-5.684341886080800026e-19
8.083333333333334036e-02,3.187500000000000056e-02,1.916666666666283447e+01,1.000000000000000036e-10,9.999999999998172243e-05,-4.263256414560599779e-19
8.250000000000000389e-02,3.187500000000000056e-02,1.749999999999647926e+01,1.000000000000000036e-10,9.999999999998096349e-05,-2.842170943040400013e-19
8.416666666666666741e-02,3.187500000000000056e-02,1.583333333333013471e+01,1.000000000000000036e-10,9.999999999998076020e-05,-7.105427357600998829e-20
8.583333333333334481e-02,3.187500000000000056e-02,1.416666666666378660e+01,1.000000000000000036e-10,9.999999999998065178e-05,0.000000000000000000e+00
8.750000000000000833e-02,3.187500000000000056e-02,1.249999999999744560e+01,1.000000000000000036e-10,9.999999999998038073e-05,-0.000000000000000000e+00
8.916666666666667185e-02,3.187500000000000056e-02,1.083333333333110637e+01,1.000000000000000036e-10,9.999999999998006902e-05,-3.552713678800500137e-19
9.083333333333333537e-02,3.187500000000000056e-02,9.166666666664776031e+00,1.000000000000000036e-10,9.999999999997966245e-05,-1.421085471520200007e-19
9.250000000000001277e-02,3.187500000000000056e-02,7.499999999998450129e+00,1.000000000000000036e-10,9.999999999997952692e-05,-1.065814103640149945e-19
9.416666666666667629e-02,3.187500000000000056e-02,5.833333333332124226e+00,1.000000000000000036e-10,9.999999999997941850e-05,-3.552713678800500016e-20
9.583333333333333981e-02,3.187500000000000056e-02,4.166666666665801877e+00,1.000000000000000036e-10,9.999999999997926943e-05,-7.105427357601000033e-20
9.750000000000000333e-02,3.187500000000000056e-02,2.499999999999481304e+00,1.000000000000000036e-10,9.999999999997922877e-05,-3.552713678800500016e-20
9.916666666666666685e-02,3.187500000000000056e-02,8.333333333331601755e-01,1.000000000000000036e-10,9.999999999997922877e-05,-1.332267629550187431e-20
8.333333333333333868e-04,3.312500000000000167e-02,9.916666666666630192e+01,1.000000000000000036e-10,1.000000000000407708e-04,-1.705302565824239912e-18
2.500000000000000052e-03,3.312500000000000167e-02,9.749999999999900524e+01,1.000000000000000036e-10,1.000000000000382094e-04,-1.136868377216160005e-18
4.166666666666666609e-03,3.312500000000000167e-02,9.583333333333169435e+01,1.000000000000000036e-10,1.000000000000365017e-04,-5.684341886080800026e-19
5.833333333333333599e-03,3.312500000000000167e-02,9.416666666666445451e+01,1.000000000000000036e-10,1.000000000000330865e-04,-1.136868377216160005e-18
7.500000000000000590e-03,3.312500000000000167e-02,9.249999999999725731e+01,1.000000000000000036e-10,1.000000000000318126e-04,1.136868377216160198e-18
9.166666666666666713e-03,3.312500000000000167e-02,9.083333333333006010e+01,1.000000000000000036e-10,1.000000000000309452e-04,-5.684341886080800026e-19
1.083333333333333370e-02,3.312500000000000167e-02,8.916666666666289132e+01,1.000000000000000036e-10,1.000000000000288175e-04,-1.136868377216160005e-18
1.250000000000000069e-02,3.312500000000000167e-02,8.749999999999576517e+01,1.000000000000000036e-10,1.000000000000262560e-04,-5.684341886080800026e-19
1.416666666666666768e-02,3.312500000000000167e-02,8.583333333332868165e+01,1.000000000000000036e-10,1.000000000000241418e-04,-1.705302565824239912e-18
1.583333333333333467e-02,3.312500000000000167e-02,8.416666666666162655e+01,1.000000000000000036e-10,1.000000000000215804e-04,5.684341886080800026e-19
1.750000000000000167e-02,3.312500000000000167e-02,8.249999999999462830e+01,1.000000000000000036e-10,1.000000000000220005e-04,1.136868377216160005e-18
1.916666666666666866e-02,3.312500000000000167e-02,8.083333333332755899e+01,1.000000000000000036e-10,1.000000000000211603e-04,1.705302565824239912e-18
2.083333333333333565e-02,3.312500000000000167e-02,7.916666666666058916e+01,1.000000000000000036e-10,1.000000000000177451e-04,1.136868377216160005e-18
2.250000000000000264e-02,3.312500000000000167e-02,7.749999999999363354e+01,1.000000000000000036e-10,1.000000000000156038e-04,5.684341886080800026e-19
2.416666666666666963e-02,3.312500000000000167e-02,7.583333333332673476e+01,1.000000000000000036e-10,1.000000000000134760e-04,1.136868377216160005e-18
2.583333333333333662e-02,3.312500000000000167e-02,7.416666666665985019e+01,1.000000000000000036e-10,1.000000000000126222e-04,5.684341886080800026e-19
2.750000000000000014e-02,3.312500000000000167e-02,7.249999999999297984e+01,1.000000000000000036e-10,1.000000000000109146e-04,-0.000000000000000000e+00
2.916666666666666713e-02,3.312500000000000167e-02,7.083333333332615211e+01,1.000000000000000036e-10,1.000000000000100743e-04,-0.000000000000000000e+00
3.083333333333333412e-02,3.312500000000000167e-02,6.916666666665931018e+01,1.000000000000000036e-10,1.000000000000087868e-04,0.000000000000000000e+00
3.250000000000000111e-02,3.312500000000000167e-02,6.749999999999252509e+01,1.000000000000000036e-10,1.000000000000053716e-04,-1.136868377216160005e-18
3.416666666666667157e-02,3.312500000000000167e-02,6.583333333332579684e+01,1.000000000000000036e-10,1.000000000000053716e-04,-5.684341886080800026e-19
3.583333333333333509e-02,3.312500000000000167e-02,6.416666666665901175e+01,1.000000000000000036e-10,1.000000000000047346e-04,-1.136868377216160005e-18
3.750000000000000555e-02,3.312500000000000167e-02,6.249999999999230482e+01,1.000000000000000036e-10,1.000000000000024036e-04,2.842170943040400013e-19
3.916666666666666907e-02,3.312500000000000167e-02,6.083333333332559789e+01,1.000000000000000036e-10,1.000000000000017531e-04,2.842170943040400013e-19
4.083333333333333259e-02,3.312500000000000167e-02,5.916666666665891228e+01,1.000000000000000036e-10,1.000000000000008993e-04,-1.421085471520200055e-18
4.250000000000000305e-02,3.312500000000000167e-02,5.749999999999223377e+01,1.000000000000000036e-10,1.000000000000002623e-04,-1.136868377216160005e-18
4.416666666666666657e-02,3.312500000000000167e-02,5.583333333332556947e+01,1.000000000000000036e-10,9.999999999999942203e-05,-1.989519660128279961e-18
4.583333333333333703e-02,3.312500000000000167e-02,5.416666666665891938e+01,1.000000000000000036e-10,9.999999999999812099e-05,-2.842170943040400109e-18
4.750000000000000056e-02,3.312500000000000167e-02,5.249999999999229772e+01,1.000000000000000036e-10,9.999999999999706389e-05,-1.989519660128279961e-18
4.916666666666667102e-02,3.312500000000000167e-02,5.083333333332568316e+01,1.000000000000000036e-10,9.999999999999642693e-05,-1.136868377216160005e-18
5.083333333333333454e-02,3.312500000000000167e-02,4.916666666665908281e+01,1.000000000000000036e-10,9.999999999999513943e-05,-1.421085471520200055e-18
5.250000000000000500e-02,3.312500000000000167e-02,4.749999999999251088e+01,1.000000000000000036e-10,9.999999999999386550e-05,-1.136868377216160005e-18
5.416666666666666852e-02,3.312500000000000167e-02,4.583333333332595316e+01,1.000000000000000036e-10,9.999999999999259156e-05,-8.526512829121199558e-19
5.583333333333333898e-02,3.312500000000000167e-02,4.416666666665942387e+01,1.000000000000000036e-10,9.999999999999131762e-05,-1.421085471520200055e-18
5.750000000000000250e-02,3.312500000000000167e-02,4.249999999999290878e+01,1.000000000000000036e-10,9.999999999999045026e-05,-8.526512829121199558e-19
5.916666666666667296e-02,3.312500000000000167e-02,4.083333333332640791e+01,1.000000000000000036e-10,9.999999999998959645e-05,-5.684341886080800026e-19
6.083333333333333648e-02,3.312500000000000167e-02,3.916666666665992125e+01,1.000000000000000036e-10,9.999999999998916277e-05,-8.526512829121199558e-19
6.250000000000000000e-02,3.312500000000000167e-02,3.749999999999343459e+01,1.000000000000000036e-10,9.999999999998916277e-05,-8.526512829121199558e-19
6.416666666666667740e-02,3.312500000000000167e-02,3.583333333332694792e+01,1.000000000000000036e-10,9.999999999998874264e-05,-2.842170943040400013e-19
6.583333333333334092e-02,3.312500000000000167e-02,3.416666666666047547e+01,1.000000000000000036e-10,9.999999999998790239e-05,-2.842170943040400013e-19
6.750000000000000444e-02,3.312500000000000167e-02,3.249999999999401723e+01,1.000000000000000036e-10,9.999999999998641161e-05,-5.684341886080800026e-19
6.916666666666666796e-02,3.312500000000000167e-02,3.083333333332759452e+01,1.000000000000000036e-10,9.999999999998534096e-05,-5.684341886080800026e-19
7.083333333333333148e-02,3.312500000000000167e-02,2.916666666666117180e+01,1.000000000000000036e-10,9.999999999998512412e-05,-4.263256414560599779e-19
7.250000000000000888e-02,3.312500000000000167e-02,2.749999999999475619e+01,1.000000000000000036e-10,9.999999999998427031e-05,-1.421085471520200007e-19
7.416666666666667240e-02,3.312500000000000167e-02,2.583333333332836190e+01,1.000000000000000036e-10,9.999999999998383663e-05,-2.842170943040400013e-19
7.583333333333333592e-02,3.312500000000000167e-02,2.416666666666196051e+01,1.000000000000000036e-10,9.999999999998352492e-05,-2.842170943040400013e-19
7.749999999999999944e-02,3.312500000000000167e-02,2.249999999999557687e+01,1.000000000000000036e-10,9.999999999998267111e-05,-4.263256414560599779e-19
7.916666666666667684e-02,3.312500000000000167e-02,2.083333333332920390e+01,1.000000000000000036e-10,9.999999999998214256e-05,-1.421085471520200007e-19
8.083333333333334036e-02,3.312500000000000167e-02,1.916666666666283803e+01,1.000000000000000036e-10,9.999999999998161401e-05,-1.421085471520200007e-19
8.250000000000000389e-02,3.312500000000000167e-02,1.749999999999648281e+01,1.000000000000000036e-10,9.999999999998123454e-05,-2.842170943040400013e-19
8.416666666666666741e-02,3.312500000000000167e-02,1.583333333333012938e+01,1.000000000000000036e-10,9.999999999998090928e-05,7.105427357601001236e-20
8.583333333333334481e-02,3.312500000000000167e-02,1.416666666666378482e+01,1.000000000000000036e-10,9.999999999998048915e-05,0.000000000000000000e+00
8.750000000000000833e-02,3.312500000000000167e-02,1.249999999999744560e+01,1.000000000000000036e-10,9.999999999998021810e-05,-0.000000000000000000e+00
8.916666666666667185e-02,3.312500000000000167e-02,1.083333333333110993e+01,1.000000000000000036e-10,9.999999999998001481e-05,-2.131628207280299889e-19
9.083333333333333537e-02,3.312500000000000167e-02,9.166666666664777807e+00,1.000000000000000036e-10,9.999999999997974376e-05,-1.421085471520200007e-19
9.250000000000001277e-02,3.312500000000000167e-02,7.499999999998451017e+00,1.000000000000000036e-10,9.999999999997955403e-05,-7.105427357601000033e-20
9.416666666666667629e-02,3.312500000000000167e-02,5.833333333332125115e+00,1.000000000000000036e-10,9.999999999997941850e-05,-1.421085471520200007e-19
9.583333333333333981e-02,3.312500000000000167e-02,4.166666666665802765e+00,1.000000000000000036e-10,9.999999999997928298e-05,-1.065814103640149945e-19
9.750000000000000333e-02,3.312500000000000167e-02,2.499999999999481748e+00,1.000000000000000036e-10,9.999999999997925587e-05,-3.552713678800500016e-20
9.916666666666666685e-02,3.312500000000000167e-02,8.333333333331603976e-01,1.000000000000000036e-10,9.999999999997925587e-05,-1.332267629550187431e-20
8.333333333333333868e-04,3.437500000000000278e-02,9.916666666666631613e+01,1.000000000000000036e-10,1.000000000000403507e-04,-5.684341886080800026e-19
2.500000000000000052e-03,3.437500000000000278e-02,9.749999999999900524e+01,1.000000000000000036e-10,1.000000000000377757e-04,5.684341886080800026e-19
4.166666666666666609e-03,3.437500000000000278e-02,9.583333333333172277e+01,1.000000000000000036e-10,1.000000000000360681e-04,-5.684341886080800026e-19
5.833333333333333599e-03,3.437500000000000278e-02,9.416666666666446872e+01,1.000000000000000036e-10,1.000000000000352278e-04,0.000000000000000000e+00
7.500000000000000590e-03,3.437500000000000278e-02,9.249999999999721467e+01,1.000000000000000036e-10,1.000000000000326528e-04,1.705302565824240104e-18
9.166666666666666713e-03,3.437500000000000278e-02,9.083333333333004589e+01,1.000000000000000036e-10,1.000000000000292376e-04,5.684341886080800026e-19
1.083333333333333370e-02,3.437500000000000278e-02,8.916666666666290553e+01,1.000000000000000036e-10,1.000000000000279637e-04,-5.684341886080800026e-19
1.250000000000000069e-02,3.437500000000000278e-02,8.749999999999577938e+01,1.000000000000000036e-10,1.000000000000262560e-04,-5.684341886080800026e-19
1.416666666666666768e-02,3.437500000000000278e-02,8.583333333332869586e+01,1.000000000000000036e-10,1.000000000000241418e-04,0.000000000000000000e+00
1.583333333333333467e-02,3.437500000000000278e-02,8.416666666666164076e+01,1.000000000000000036e-10,1.000000000000228544e-04,5.684341886080800026e-19
1.750000000000000167e-02,3.437500000000000278e-02,8.249999999999459988e+01,1.000000000000000036e-10,1.000000000000232745e-04,1.705302565824239912e-18
1.916666666666666866e-02,3.437500000000000278e-02,8.083333333332753057e+01,1.000000000000000036e-10,1.000000000000207266e-04,5.684341886080800026e-19
2.083333333333333565e-02,3.437500000000000278e-02,7.916666666666057495e+01,1.000000000000000036e-10,1.000000000000168777e-04,5.684341886080800026e-19
2.250000000000000264e-02,3.437500000000000278e-02,7.749999999999363354e+01,1.000000000000000036e-10,1.000000000000156038e-04,-0.000000000000000000e+00
2.416666666666666963e-02,3.437500000000000278e-02,7.583333333332672055e+01,1.000000000000000036e-10,1.000000000000138961e-04,1.136868377216160005e-18
2.583333333333333662e-02,3.437500000000000278e-02,7.416666666665983598e+01,1.000000000000000036e-10,1.000000000000121885e-04,5.684341886080800026e-19
2.750000000000000014e-02,3.437500000000000278e-02,7.249999999999297984e+01,1.000000000000000036e-10,1.000000000000104809e-04,-0.000000000000000000e+00
2.916666666666666713e-02,3.437500000000000278e-02,7.083333333332615211e+01,1.000000000000000036e-10,1.000000000000096406e-04,-1.136868377216160005e-18
3.083333333333333412e-02,3.437500000000000278e-02,6.916666666665932439e+01,1.000000000000000036e-10,1.000000000000079330e-04,-2.273736754432320010e-18
3.250000000000000111e-02,3.437500000000000278e-02,6.749999999999255351e+01,1.000000000000000036e-10,1.000000000000058053e-04,-1.705302565824239912e-18
3.416666666666667157e-02,3.437500000000000278e-02,6.583333333332579684e+01,1.000000000000000036e-10,1.000000000000053851e-04,-5.684341886080800026e-19
3.583333333333333509e-02,3.437500000000000278e-02,6.416666666665904017e+01,1.000000000000000036e-10,1.000000000000049515e-04,-1.136868377216160005e-18
3.750000000000000555e-02,3.437500000000000278e-02,6.249999999999229772e+01,1.000000000000000036e-10,1.000000000000032438e-04,-2.842170943040400013e-19
3.916666666666666907e-02,3.437500000000000278e-02,6.083333333332559789e+01,1.000000000000000036e-10,1.000000000000011025e-04,-0.000000000000000000e+00
4.083333333333333259e-02,3.437500000000000278e-02,5.916666666665892649e+01,1.000000000000000036e-10,1.000000000000006824e-04,-5.684341886080800026e-19
4.250000000000000305e-02,3.437500000000000278e-02,5.749999999999224087e+01,1.000000000000000036e-10,9.999999999999982861e-05,-5.684341886080800026e-19
4.416666666666666657e-02,3.437500000000000278e-02,5.583333333332559789e+01,1.000000000000000036e-10,9.999999999999833783e-05,-1.136868377216160005e-18
4.583333333333333703e-02,3.437500000000000278e-02,5.416666666665896201e+01,1.000000000000000036e-10,9.999999999999833783e-05,-2.557953848736360060e-18
4.750000000000000056e-02,3.437500000000000278e-02,5.249999999999231903e+01,1.000000000000000036e-10,9.999999999999812099e-05,-1.136868377216160005e-18
4.916666666666667102e-02,3.437500000000000278e-02,5.083333333332569026e+01,1.000000000000000036e-10,9.999999999999663021e-05,-5.684341886080800026e-19
5.083333333333333454e-02,3.437500000000000278e-02,4.916666666665909702e+01,1.000000000000000036e-10,9.999999999999493615e-05,-5.684341886080800026e-19
5.250000000000000500e-02,3.437500000000000278e-02,4.749999999999252509e+01,1.000000000000000036e-10,9.999999999999386550e-05,-8.526512829121199558e-19
5.416666666666666852e-02,3.437500000000000278e-02,4.583333333332596737e+01,1.000000000000000036e-10,9.999999999999259156e-05,-1.136868377216160005e-18
5.583333333333333898e-02,3.437500000000000278e-02,4.416666666665943808e+01,1.000000000000000036e-10,9.999999999999131762e-05,-1.136868377216160005e-18
5.750000000000000250e-02,3.437500000000000278e-02,4.249999999999292299e+01,1.000000000000000036e-10,9.999999999999066710e-05,-1.421085471520200055e-18
5.916666666666667296e-02,3.437500000000000278e-02,4.083333333332641502e+01,1.000000000000000036e-10,9.999999999998961000e-05,-5.684341886080800026e-19
6.083333333333333648e-02,3.437500000000000278e-02,3.916666666665993546e+01,1.000000000000000036e-10,9.999999999998917632e-05,-2.842170943040400013e-19
6.250000000000000000e-02,3.437500000000000278e-02,3.749999999999344169e+01,1.000000000000000036e-10,9.999999999998937961e-05,0.000000000000000000e+00
6.416666666666667740e-02,3.437500000000000278e-02,3.583333333332695503e+01,1.000000000000000036e-10,9.999999999998895948e-05,0.000000000000000000e+00
6.583333333333334092e-02,3.437500000000000278e-02,3.416666666666047547e+01,1.000000000000000036e-10,9.999999999998768554e-05,-0.000000000000000000e+00
6.750000000000000444e-02,3.437500000000000278e-02,3.249999999999403144e+01,1.000000000000000036e-10,9.999999999998619477e-05,-5.684341886080800026e-19
6.916666666666666796e-02,3.437500000000000278e-02,3.083333333332760162e+01,1.000000000000000036e-10,9.999999999998565267e-05,-2.842170943040400013e-19
7.083333333333333148e-02,3.437500000000000278e-02,2.916666666666117536e+01,1.000000000000000036e-10,9.999999999998532741e-05,-2.842170943040400013e-19
7.250000000000000888e-02,3.437500000000000278e-02,2.749999999999475619e+01,1.000000000000000036e-10,9.999999999998459557e-05,-1.421085471520200007e-19
7.416666666666667240e-02,3.437500000000000278e-02,2.583333333332835480e+01,1.000000000000000036e-10,9.999999999998372821e-05,4.263256414560599779e-19
7.583333333333333592e-02,3.437500000000000278e-02,2.416666666666196406e+01,1.000000000000000036e-10,9.999999999998321321e-05,-1.421085471520200007e-19
7.749999999999999944e-02,3.437500000000000278e-02,2.249999999999558042e+01,1.000000000000000036e-10,9.999999999998267111e-05,-2.842170943040400013e-19
7.916666666666667684e-02,3.437500000000000278e-02,2.083333333332920745e+01,1.000000000000000036e-10,9.999999999998225098e-05,-2.842170943040400013e-19
8.083333333333334036e-02,3.437500000000000278e-02,1.916666666666283803e+01,1.000000000000000036e-10,9.999999999998161401e-05,-0.000000000000000000e+00
8.250000000000000389e-02,3.437500000000000278e-02,1.749999999999648637e+01,1.000000000000000036e-10,9.999999999998112612e-05,0.000000000000000000e+00
8.416666666666666741e-02,3.437500000000000278e-02,1.583333333333013293e+01,1.000000000000000036e-10,9.999999999998096349e-05,-7.105427357601000033e-20
8.583333333333334481e-02,3.437500000000000278e-02,1.416666666666378660e+01,1.000000000000000036e-10,9.999999999998058402e-05,-7.105427357601000033e-20
8.750000000000000833e-02,3.437500000000000278e-02,1.249999999999744560e+01,1.000000000000000036e-10,9.999999999998021810e-05,-7.105427357601000033e-20
8.916666666666667185e-02,3.437500000000000278e-02,1.083333333333111170e+01,1.000000000000000036e-10,9.999999999997996060e-05,-1.421085471520200007e-19
9.083333333333333537e-02,3.437500000000000278e-02,9.166666666664779584e+00,1.000000000000000036e-10,9.999999999997977087e-05,-1.421085471520200007e-19
9.250000000000001277e-02,3.437500000000000278e-02,7.499999999998451905e+00,1.000000000000000036e-10,9.999999999997952692e-05,-7.105427357601000033e-20
9.416666666666667629e-02,3.437500000000000278e-02,5.833333333332127779e+00,1.000000000000000036e-10,9.999999999997939140e-05,-3.552713678800500618e-20
9.583333333333333981e-02,3.437500000000000278e-02,4.166666666665804541e+00,1.000000000000000036e-10,9.999999999997933719e-05,-1.065814103640149945e-19
9.750000000000000333e-02,3.437500000000000278e-02,2.499999999999482192e+00,1.000000000000000036e-10,9.999999999997929653e-05,-1.776356839400250008e-20
9.916666666666666685e-02,3.437500000000000278e-02,8.333333333331605086e-01,1.000000000000000036e-10,9.999999999997925587e-05,-1.332267629550187431e-20
8.333333333333333868e-04,3.562500000000000389e-02,9.916666666666631613e+01,1.000000000000000036e-10,1.000000000000407708e-04,-0.000000000000000000e+00
2.500000000000000052e-03,3.562500000000000389e-02,9.749999999999899103e+01,1.000000000000000036e-10,1.000000000000382094e-04,0.000000000000000000e+00
4.166666666666666609e-03,3.562500000000000389e-02,9.583333333333170856e+01,1.000000000000000036e-10,1.000000000000360681e-04,1.136868377216160005e-18
5.833333333333333599e-03,3.562500000000000389e-02,9.416666666666445451e+01,1.000000000000000036e-10,1.000000000000347941e-04,5.684341886080800026e-19
7.500000000000000590e-03,3.562500000000000389e-02,9.249999999999721467e+01,1.000000000000000036e-10,1.000000000000322327e-04,-0.000000000000000000e+00
9.166666666666666713e-03,3.562500000000000389e-02,9.083333333333004589e+01,1.000000000000000036e-10,1.000000000000292376e-04,1.136868377216160005e-18
1.083333333333333370e-02,3.562500000000000389e-02,8.916666666666290553e+01,1.000000000000000036e-10,1.000000000000279637e-04,-0.000000000000000000e+00
1.250000000000000069e-02,3.562500000000000389e-02,8.749999999999577938e+01,1.000000000000000036e-10,1.000000000000266897e-04,-0.000000000000000000e+00
1.416666666666666768e-02,3.562500000000000389e-02,8.583333333332868165e+01,1.000000000000000036e-10,1.000000000000249821e-04,5.684341886080800026e-19
1.583333333333333467e-02,3.562500000000000389e-02,8.416666666666161234e+01,1.000000000000000036e-10,1.000000000000228679e-04,5.684341886080800026e-19
1.750000000000000167e-02,3.562500000000000389e-02,8.249999999999458566e+01,1.000000000000000036e-10,1.000000000000220005e-04,0.000000000000000000e+00
1.916666666666666866e-02,3.562500000000000389e-02,8.083333333332754478e+01,1.000000000000000036e-10,1.000000000000202929e-04,-1.705302565824239912e-18
2.083333333333333565e-02,3.562500000000000389e-02,7.916666666666057495e+01,1.000000000000000036e-10,1.000000000000173114e-04,-5.684341886080800026e-19
2.250000000000000264e-02,3.562500000000000389e-02,7.749999999999363354e+01,1.000000000000000036e-10,1.000000000000160374e-04,-5.684341886080800026e-19
2.416666666666666963e-02,3.562500000000000389e-02,7.583333333332670634e+01,1.000000000000000036e-10,1.000000000000139097e-04,5.684341886080800026e-19
2.583333333333333662e-02,3.562500000000000389e-02,7.416666666665983598e+01,1.000000000000000036e-10,1.000000000000117684e-04,5.684341886080800026e-19
2.750000000000000014e-02,3.562500000000000389e-02,7.249999999999297984e+01,1.000000000000000036e-10,1.000000000000096406e-04,5.684341886080800026e-19
2.916666666666666713e-02,3.562500000000000389e-02,7.083333333332618054e+01,1.000000000000000036e-10,1.000000000000083667e-04,-1.136868377216160005e-18
3.083333333333333412e-02,3.562500000000000389e-02,6.916666666665936702e+01,1.000000000000000036e-10,1.000000000000083667e-04,-2.273736754432320010e-18
3.250000000000000111e-02,3.562500000000000389e-02,6.749999999999256772e+01,1.000000000000000036e-10,1.000000000000066591e-04,-2.273736754432320010e-18
3.416666666666667157e-02,3.562500000000000389e-02,6.583333333332581105e+01,1.000000000000000036e-10,1.000000000000058053e-04,-5.684341886080800026e-19
3.583333333333333509e-02,3.562500000000000389e-02,6.416666666665904017e+01,1.000000000000000036e-10,1.000000000000049515e-04,-1.136868377216160005e-18
3.750000000000000555e-02,3.562500000000000389e-02,6.249999999999231193e+01,1.000000000000000036e-10,1.000000000000032438e-04,-1.421085471520200055e-18
3.916666666666666907e-02,3.562500000000000389e-02,6.083333333332559789e+01,1.000000000000000036e-10,1.000000000000015362e-04,-8.526512829121200521e-19
4.083333333333333259e-02,3.562500000000000389e-02,5.916666666665892649e+01,1.000000000000000036e-10,1.000000000000004656e-04,-5.684341886080800026e-19
4.250000000000000305e-02,3.562500000000000389e-02,5.749999999999224798e+01,1.000000000000000036e-10,9.999999999999982861e-05,-5.684341886080800026e-19
4.416666666666666657e-02,3.562500000000000389e-02,5.583333333332559789e+01,1.000000000000000036e-10,9.999999999999793126e-05,-0.000000000000000000e+00
4.583333333333333703e-02,3.562500000000000389e-02,5.416666666665898333e+01,1.000000000000000036e-10,9.999999999999813454e-05,-5.684341886080800989e-19
4.750000000000000056e-02,3.562500000000000389e-02,5.249999999999232614e+01,1.000000000000000036e-10,9.999999999999855467e-05,-8.526512829121199558e-19
4.916666666666667102e-02,3.562500000000000389e-02,5.083333333332569737e+01,1.000000000000000036e-10,9.999999999999684705e-05,-8.526512829121199558e-19
5.083333333333333454e-02,3.562500000000000389e-02,4.916666666665909702e+01,1.000000000000000036e-10,9.999999999999492259e-05,-0.000000000000000000e+00
5.250000000000000500e-02,3.562500000000000389e-02,4.749999999999253220e+01,1.000000000000000036e-10,9.999999999999343182e-05,-2.842170943040400013e-19
5.416666666666666852e-02,3.562500000000000389e-02,4.583333333332598158e+01,1.000000000000000036e-10,9.999999999999237472e-05,-5.684341886080800026e-19
5.583333333333333898e-02,3.562500000000000389e-02,4.416666666665945229e+01,1.000000000000000036e-10,9.999999999999110078e-05,-5.684341886080800026e-19
5.750000000000000250e-02,3.562500000000000389e-02,4.249999999999294431e+01,1.000000000000000036e-10,9.999999999999088394e-05,-1.136868377216160005e-18
5.916666666666667296e-02,3.562500000000000389e-02,4.083333333332642212e+01,1.000000000000000036e-10,9.999999999999045026e-05,-5.684341886080800026e-19
6.083333333333333648e-02,3.562500000000000389e-02,3.916666666665992835e+01,1.000000000000000036e-10,9.999999999998959645e-05,2.842170943040400013e-19
6.250000000000000000e-02,3.562500000000000389e-02,3.749999999999343459e+01,1.000000000000000036e-10,9.999999999998937961e-05,2.842170943040400013e-19
6.416666666666667740e-02,3.562500000000000389e-02,3.583333333332694792e+01,1.000000000000000036e-10,9.999999999998874264e-05,2.842170943040400013e-19
6.583333333333334092e-02,3.562500000000000389e-02,3.416666666666047547e+01,1.000000000000000036e-10,9.999999999998746870e-05,-5.684341886080800026e-19
6.750000000000000444e-02,3.562500000000000389e-02,3.249999999999403144e+01,1.000000000000000036e-10,9.999999999998619477e-05,-5.684341886080800026e-19
6.916666666666666796e-02,3.562500000000000389e-02,3.083333333332760162e+01,1.000000000000000036e-10,9.999999999998555780e-05,-1.421085471520200007e-19
7.083333333333333148e-02,3.562500000000000389e-02,2.916666666666117891e+01,1.000000000000000036e-10,9.999999999998523254e-05,1.421085471520200007e-19
7.250000000000000888e-02,3.562500000000000389e-02,2.749999999999475975e+01,1.000000000000000036e-10,9.999999999998481241e-05,7.105427357601000273e-19
7.416666666666667240e-02,3.562500000000000389e-02,2.583333333332835124e+01,1.000000000000000036e-10,9.999999999998385018e-05,5.684341886080800026e-19
7.583333333333333592e-02,3.562500000000000389e-02,2.416666666666196406e+01,1.000000000000000036e-10,9.999999999998299637e-05,2.842170943040400013e-19
7.749999999999999944e-02,3.562500000000000389e-02,2.249999999999558398e+01,1.000000000000000036e-10,9.999999999998256269e-05,0.000000000000000000e+00
7.916666666666667684e-02,3.562500000000000389e-02,2.083333333332921100e+01,1.000000000000000036e-10,9.999999999998235940e-05,0.000000000000000000e+00
8.083333333333334036e-02,3.562500000000000389e-02,1.916666666666283803e+01,1.000000000000000036e-10,9.999999999998183085e-05,-1.421085471520200007e-19
8.250000000000000389e-02,3.562500000000000389e-02,1.749999999999648281e+01,1.000000000000000036e-10,9.999999999998118033e-05,4.263256414560599779e-19
8.416666666666666741e-02,3.562500000000000389e-02,1.583333333333013115e+01,1.000000000000000036e-10,9.999999999998085507e-05,2.842170943040400013e-19
8.583333333333334481e-02,3.562500000000000389e-02,1.416666666666378660e+01,1.000000000000000036e-10,9.999999999998048915e-05,1.421085471520200007e-19
8.750000000000000833e-02,3.562500000000000389e-02,1.249999999999744738e+01,1.000000000000000036e-10,9.999999999998016389e-05,-1.421085471520200007e-19
8.916666666666667185e-02,3.562500000000000389e-02,1.083333333333111348e+01,1.000000000000000036e-10,9.999999999997996060e-05,-1.421085471520200007e-19
9.083333333333333537e-02,3.562500000000000389e-02,9.166666666664781360e+00,1.000000000000000036e-10,9.999999999997979797e-05,-1.421085471520200007e-19
9.250000000000001277e-02,3.562500000000000389e-02,7.499999999998452793e+00,1.000000000000000036e-10,9.999999999997963534e-05,-3.552713678800500016e-20
9.416666666666667629e-02,3.562500000000000389e-02,5.833333333332126003e+00,1.000000000000000036e-10,9.999999999997939140e-05,0.000000000000000000e+00
9.583333333333333981e-02,3.562500000000000389e-02,4.166666666665805430e+00,1.000000000000000036e-10,9.999999999997928298e-05,0.000000000000000000e+00
9.750000000000000333e-02,3.562500000000000389e-02,2.499999999999482192e+00,1.000000000000000036e-10,9.999999999997931008e-05,-0.000000000000000000e+00
9.916666666666666685e-02,3.562500000000000389e-02,8.333333333331607307e-01,1.000000000000000036e-10,9.999999999997925587e-05,-1.776356839400250008e-20
8.333333333333333868e-04,3.687499999999999806e-02,9.916666666666631613e+01,1.000000000000000036e-10,1.000000000000403507e-04,-0.000000000000000000e+00
2.500000000000000052e-03,3.687499999999999806e-02,9.749999999999900524e+01,1.000000000000000036e-10,1.000000000000386295e-04,-5.684341886080800026e-19
4.166666666666666609e-03,3.687499999999999806e-02,9.583333333333169435e+01,1.000000000000000036e-10,1.000000000000365017e-04,0.000000000000000000e+00
5.833333333333333599e-03,3.687499999999999806e-02,9.416666666666445451e+01,1.000000000000000036e-10,1.000000000000343740e-04,-0.000000000000000000e+00
7.500000000000000590e-03,3.687499999999999806e-02,9.249999999999721467e+01,1.000000000000000036e-10,1.000000000000330865e-04,-0.000000000000000000e+00
9.166666666666666713e-03,3.687499999999999806e-02,9.083333333333001747e+01,1.000000000000000036e-10,1.000000000000292647e-04,1.705302565824239912e-18
1.083333333333333370e-02,3.687499999999999806e-02,8.916666666666290553e+01,1.000000000000000036e-10,1.000000000000271234e-04,5.684341886080800026e-19
1.250000000000000069e-02,3.687499999999999806e-02,8.749999999999577938e+01,1.000000000000000036e-10,1.000000000000266897e-04,5.684341886080800026e-19
1.416666666666666768e-02,3.687499999999999806e-02,8.583333333332868165e+01,1.000000000000000036e-10,1.000000000000245620e-04,-0.000000000000000000e+00
1.583333333333333467e-02,3.687499999999999806e-02,8.416666666666162655e+01,1.000000000000000036e-10,1.000000000000224342e-04,0.000000000000000000e+00
1.750000000000000167e-02,3.687499999999999806e-02,8.249999999999459988e+01,1.000000000000000036e-10,1.000000000000215804e-04,-5.684341886080800026e-19
1.916666666666666866e-02,3.687499999999999806e-02,8.083333333332757320e+01,1.000000000000000036e-10,1.000000000000203065e-04,-1.705302565824239912e-18
2.083333333333333565e-02,3.687499999999999806e-02,7.916666666666058916e+01,1.000000000000000036e-10,1.000000000000177451e-04,-1.705302565824239912e-18
2.250000000000000264e-02,3.687499999999999806e-02,7.749999999999364775e+01,1.000000000000000036e-10,1.000000000000164576e-04,-1.136868377216160005e-18
2.416666666666666963e-02,3.687499999999999806e-02,7.583333333332670634e+01,1.000000000000000036e-10,1.000000000000147635e-04,-5.684341886080800026e-19
2.583333333333333662e-02,3.687499999999999806e-02,7.416666666665982177e+01,1.000000000000000036e-10,1.000000000000121885e-04,1.136868377216160005e-18
2.750000000000000014e-02,3.687499999999999806e-02,7.249999999999296563e+01,1.000000000000000036e-10,1.000000000000092070e-04,5.684341886080800026e-19
2.916666666666666713e-02,3.687499999999999806e-02,7.083333333332618054e+01,1.000000000000000036e-10,1.000000000000075129e-04,-0.000000000000000000e+00
3.083333333333333412e-02,3.687499999999999806e-02,6.916666666665938124e+01,1.000000000000000036e-10,1.000000000000070928e-04,-5.684341886080800026e-19
3.250000000000000111e-02,3.687499999999999806e-02,6.749999999999261036e+01,1.000000000000000036e-10,1.000000000000070928e-04,-1.136868377216160198e-18
3.416666666666667157e-02,3.687499999999999806e-02,6.583333333332581105e+01,1.000000000000000036e-10,1.000000000000062390e-04,-1.136868377216160005e-18
3.583333333333333509e-02,3.687499999999999806e-02,6.416666666665906860e+01,1.000000000000000036e-10,1.000000000000043145e-04,-1.136868377216160005e-18
3.750000000000000555e-02,3.687499999999999806e-02,6.249999999999233324e+01,1.000000000000000036e-10,1.000000000000034607e-04,-1.136868377216160005e-18
3.916666666666666907e-02,3.687499999999999806e-02,6.083333333332561921e+01,1.000000000000000036e-10,1.000000000000017531e-04,-1.421085471520200055e-18
4.083333333333333259e-02,3.687499999999999806e-02,5.916666666665894070e+01,1.000000000000000036e-10,1.000000000000008993e-04,-2.842170943040400013e-19
4.250000000000000305e-02,3.687499999999999806e-02,5.749999999999225508e+01,1.000000000000000036e-10,1.000000000000002623e-04,0.000000000000000000e+00
4.416666666666666657e-02,3.687499999999999806e-02,5.583333333332559789e+01,1.000000000000000036e-10,9.999999999999833783e-05,-5.684341886080800026e-19
4.583333333333333703e-02,3.687499999999999806e-02,5.416666666665897623e+01,1.000000000000000036e-10,9.999999999999768731e-05,8.526512829121199558e-19
4.750000000000000056e-02,3.687499999999999806e-02,5.249999999999234035e+01,1.000000000000000036e-10,9.999999999999790415e-05,-8.526512829121199558e-19
4.916666666666667102e-02,3.687499999999999806e-02,5.083333333332571158e+01,1.000000000000000036e-10,9.999999999999728073e-05,-1.136868377216160005e-18
5.083333333333333454e-02,3.687499999999999806e-02,4.916666666665909702e+01,1.000000000000000036e-10,9.999999999999535628e-05,-1.136868377216160005e-18
5.250000000000000500e-02,3.687499999999999806e-02,4.749999999999253220e+01,1.000000000000000036e-10,9.999999999999343182e-05,-8.526512829121200521e-19
5.416666666666666852e-02,3.687499999999999806e-02,4.583333333332598158e+01,1.000000000000000036e-10,9.999999999999237472e-05,-2.842170943040400013e-19
5.583333333333333898e-02,3.687499999999999806e-02,4.416666666665945229e+01,1.000000000000000036e-10,9.999999999999088394e-05,-5.684341886080800026e-19
5.750000000000000250e-02,3.687499999999999806e-02,4.249999999999295142e+01,1.000000000000000036e-10,9.999999999999066710e-05,-2.842170943040400013e-19
5.916666666666667296e-02,3.687499999999999806e-02,4.083333333332642923e+01,1.000000000000000036e-10,9.999999999999066710e-05,-5.684341886080800026e-19
6.083333333333333648e-02,3.687499999999999806e-02,3.916666666665992835e+01,1.000000000000000036e-10,9.999999999998981329e-05,2.842170943040400013e-19
6.250000000000000000e-02,3.687499999999999806e-02,3.749999999999343459e+01,1.000000000000000036e-10,9.999999999998937961e-05,-0.000000000000000000e+00
6.416666666666667740e-02,3.687499999999999806e-02,3.583333333332694792e+01,1.000000000000000036e-10,9.999999999998830896e-05,-0.000000000000000000e+00
6.583333333333334092e-02,3.687499999999999806e-02,3.416666666666048968e+01,1.000000000000000036e-10,9.999999999998703502e-05,-5.684341886080800026e-19
6.750000000000000444e-02,3.687499999999999806e-02,3.249999999999404565e+01,1.000000000000000036e-10,9.999999999998650648e-05,-5.684341886080800026e-19
6.916666666666666796e-02,3.687499999999999806e-02,3.083333333332760517e+01,1.000000000000000036e-10,9.999999999998619477e-05,-1.421085471520200007e-19
7.083333333333333148e-02,3.687499999999999806e-02,2.916666666666117180e+01,1.000000000000000036e-10,9.999999999998597793e-05,4.263256414560599779e-19
7.250000000000000888e-02,3.687499999999999806e-02,2.749999999999473843e+01,1.000000000000000036e-10,9.999999999998492083e-05,9.947598300641399805e-19
7.416666666666667240e-02,3.687499999999999806e-02,2.583333333332834059e+01,1.000000000000000036e-10,9.999999999998343005e-05,7.105427357601000273e-19
7.583333333333333592e-02,3.687499999999999806e-02,2.416666666666195695e+01,1.000000000000000036e-10,9.999999999998277953e-05,4.263256414560599779e-19
7.749999999999999944e-02,3.687499999999999806e-02,2.249999999999558042e+01,1.000000000000000036e-10,9.999999999998245427e-05,1.421085471520200007e-19
7.916666666666667684e-02,3.687499999999999806e-02,2.083333333332920745e+01,1.000000000000000036e-10,9.999999999998214256e-05,1.421085471520200007e-19
8.083333333333334036e-02,3.687499999999999806e-02,1.916666666666284158e+01,1.000000000000000036e-10,9.999999999998192572e-05,-1.421085471520200007e-19
8.250000000000000389e-02,3.687499999999999806e-02,1.749999999999647571e+01,1.000000000000000036e-10,9.999999999998145138e-05,1.421085471520200007e-19
8.416666666666666741e-02,3.687499999999999806e-02,1.583333333333012583e+01,1.000000000000000036e-10,9.999999999998076020e-05,1.421085471520200247e-19
8.583333333333334481e-02,3.687499999999999806e-02,1.416666666666378305e+01,1.000000000000000036e-10,9.999999999998027231e-05,-1.421085471520200007e-19
8.750000000000000833e-02,3.687499999999999806e-02,1.249999999999744915e+01,1.000000000000000036e-10,9.999999999998000126e-05,-2.131628207280299889e-19
8.916666666666667185e-02,3.687499999999999806e-02,1.083333333333111526e+01,1.000000000000000036e-10,9.999999999997996060e-05,-7.105427357601000033e-20
9.083333333333333537e-02,3.687499999999999806e-02,9.166666666664783136e+00,1.000000000000000036e-10,9.999999999997985218e-05,0.000000000000000000e+00
9.250000000000001277e-02,3.687499999999999806e-02,7.499999999998452793e+00,1.000000000000000036e-10,9.999999999997963534e-05,-3.552713678800500016e-20
9.416666666666667629e-02,3.687499999999999806e-02,5.833333333332127779e+00,1.000000000000000036e-10,9.999999999997941850e-05,-3.552713678800500016e-20
9.583333333333333981e-02,3.687499999999999806e-02,4.166666666665804541e+00,1.000000000000000036e-10,9.999999999997933719e-05,3.552713678800500016e-20
9.750000000000000333e-02,3.687499999999999806e-02,2.499999999999482192e+00,1.000000000000000036e-10,9.999999999997928298e-05,-3.552713678800500016e-20
9.916666666666666685e-02,3.687499999999999806e-02,8.333333333331609527e-01,1.000000000000000036e-10,9.999999999997928298e-05,-4.440892098500625020e-21
8.333333333333333868e-04,3.812499999999999917e-02,9.916666666666631613e+01,1.000000000000000036e-10,1.000000000000403507e-04,-0.000000000000000000e+00
2.500000000000000052e-03,3.812499999999999917e-02,9.749999999999900524e+01,1.000000000000000036e-10,1.000000000000382094e-04,-5.684341886080800026e-19
4.166666666666666609e-03,3.812499999999999917e-02,9.583333333333170856e+01,1.000000000000000036e-10,1.000000000000365017e-04,0.000000000000000000e+00
5.833333333333333599e-03,3.812499999999999917e-02,9.416666666666445451e+01,1.000000000000000036e-10,1.000000000000347941e-04,5.684341886080800026e-19
7.500000000000000590e-03,3.812499999999999917e-02,9.249999999999721467e+01,1.000000000000000036e-10,1.000000000000335202e-04,-0.000000000000000000e+00
9.166666666666666713e-03,3.812499999999999917e-02,9.083333333333000326e+01,1.000000000000000036e-10,1.000000000000296848e-04,0.000000000000000000e+00
1.083333333333333370e-02,3.812499999999999917e-02,8.916666666666289132e+01,1.000000000000000036e-10,1.000000000000271234e-04,5.684341886080800026e-19
1.250000000000000069e-02,3.812499999999999917e-02,8.749999999999576517e+01,1.000000000000000036e-10,1.000000000000262560e-04,5.684341886080800026e-19
1.416666666666666768e-02,3.812499999999999917e-02,8.583333333332868165e+01,1.000000000000000036e-10,1.000000000000245620e-04,1.136868377216160005e-18
1.583333333333333467e-02,3.812499999999999917e-02,8.416666666666161234e+01,1.000000000000000036e-10,1.000000000000224342e-04,1.136868377216160005e-18
1.750000000000000167e-02,3.812499999999999917e-02,8.249999999999459988e+01,1.000000000000000036e-10,1.000000000000207266e-04,1.136868377216160005e-18
1.916666666666666866e-02,3.812499999999999917e-02,8.083333333332758741e+01,1.000000000000000036e-10,1.000000000000194527e-04,-5.684341886080800026e-19
2.083333333333333565e-02,3.812499999999999917e-02,7.916666666666061758e+01,1.000000000000000036e-10,1.000000000000177451e-04,-1.705302565824239912e-18
2.250000000000000264e-02,3.812499999999999917e-02,7.749999999999366196e+01,1.000000000000000036e-10,1.000000000000168777e-04,-1.705302565824239912e-18
2.416666666666666963e-02,3.812499999999999917e-02,7.583333333332672055e+01,1.000000000000000036e-10,1.000000000000156038e-04,-1.136868377216160005e-18
2.583333333333333662e-02,3.812499999999999917e-02,7.416666666665980756e+01,1.000000000000000036e-10,1.000000000000126222e-04,-5.684341886080800026e-19
2.750000000000000014e-02,3.812499999999999917e-02,7.249999999999296563e+01,1.000000000000000036e-10,1.000000000000087868e-04,-1.136868377216160005e-18
2.916666666666666713e-02,3.812499999999999917e-02,7.083333333332618054e+01,1.000000000000000036e-10,1.000000000000075129e-04,-0.000000000000000000e+00
3.083333333333333412e-02,3.812499999999999917e-02,6.916666666665938124e+01,1.000000000000000036e-10,1.000000000000075129e-04,-0.000000000000000000e+00
3.250000000000000111e-02,3.812499999999999917e-02,6.749999999999259614e+01,1.000000000000000036e-10,1.000000000000062254e-04,5.684341886080800026e-19
3.416666666666667157e-02,3.812499999999999917e-02,6.583333333332583948e+01,1.000000000000000036e-10,1.000000000000058053e-04,-1.705302565824239912e-18
3.583333333333333509e-02,3.812499999999999917e-02,6.416666666665906860e+01,1.000000000000000036e-10,1.000000000000049515e-04,-0.000000000000000000e+00
3.750000000000000555e-02,3.812499999999999917e-02,6.249999999999234035e+01,1.000000000000000036e-10,1.000000000000030270e-04,-5.684341886080800026e-19
3.916666666666666907e-02,3.812499999999999917e-02,6.083333333332563342e+01,1.000000000000000036e-10,1.000000000000021867e-04,-8.526512829121199558e-19
4.083333333333333259e-02,3.812499999999999917e-02,5.916666666665893359e+01,1.000000000000000036e-10,1.000000000000015362e-04,-2.842170943040400013e-19
4.250000000000000305e-02,3.812499999999999917e-02,5.749999999999224798e+01,1.000000000000000036e-10,9.999999999999961177e-05,-5.684341886080800989e-19
4.416666666666666657e-02,3.812499999999999917e-02,5.583333333332561210e+01,1.000000000000000036e-10,9.999999999999855467e-05,-8.526512829121199558e-19
4.583333333333333703e-02,3.812499999999999917e-02,5.416666666665896201e+01,1.000000000000000036e-10,9.999999999999793126e-05,-2.842170943040400495e-19
4.750000000000000056e-02,3.812499999999999917e-02,5.249999999999234745e+01,1.000000000000000036e-10,9.999999999999706389e-05,-8.526512829121199558e-19
4.916666666666667102e-02,3.812499999999999917e-02,5.083333333332572579e+01,1.000000000000000036e-10,9.999999999999663021e-05,-1.989519660128279961e-18
5.083333333333333454e-02,3.812499999999999917e-02,4.916666666665912544e+01,1.000000000000000036e-10,9.999999999999513943e-05,-2.842170943040400109e-18
5.250000000000000500e-02,3.812499999999999917e-02,4.749999999999255351e+01,1.000000000000000036e-10,9.999999999999408234e-05,-1.989519660128279961e-18
5.416666666666666852e-02,3.812499999999999917e-02,4.583333333332598869e+01,1.000000000000000036e-10,9.999999999999259156e-05,-1.421085471520200055e-18
5.583333333333333898e-02,3.812499999999999917e-02,4.416666666665946650e+01,1.000000000000000036e-10,9.999999999999110078e-05,-1.136868377216160005e-18
5.750000000000000250e-02,3.812499999999999917e-02,4.249999999999295142e+01,1.000000000000000036e-10,9.999999999999088394e-05,5.684341886080800026e-19
5.916666666666667296e-02,3.812499999999999917e-02,4.083333333332643633e+01,1.000000000000000036e-10,9.999999999999088394e-05,2.842170943040400013e-19
6.083333333333333648e-02,3.812499999999999917e-02,3.916666666665992125e+01,1.000000000000000036e-10,9.999999999999001658e-05,8.526512829121199558e-19
6.250000000000000000e-02,3.812499999999999917e-02,3.749999999999343459e+01,1.000000000000000036e-10,9.999999999998916277e-05,2.842170943040400013e-19
6.416666666666667740e-02,3.812499999999999917e-02,3.583333333332694792e+01,1.000000000000000036e-10,9.999999999998830896e-05,-0.000000000000000000e+00
6.583333333333334092e-02,3.812499999999999917e-02,3.416666666666048968e+01,1.000000000000000036e-10,9.999999999998703502e-05,2.842170943040400013e-19
6.750000000000000444e-02,3.812499999999999917e-02,3.249999999999404565e+01,1.000000000000000036e-10,9.999999999998650648e-05,2.842170943040400013e-19
6.916666666666666796e-02,3.812499999999999917e-02,3.083333333332760517e+01,1.000000000000000036e-10,9.999999999998630319e-05,2.842170943040400013e-19
7.083333333333333148e-02,3.812499999999999917e-02,2.916666666666116825e+01,1.000000000000000036e-10,9.999999999998608635e-05,2.842170943040400013e-19
7.250000000000000888e-02,3.812499999999999917e-02,2.749999999999473488e+01,1.000000000000000036e-10,9.999999999998501570e-05,-1.421085471520200007e-19
7.416666666666667240e-02,3.812499999999999917e-02,2.583333333332833348e+01,1.000000000000000036e-10,9.999999999998341650e-05,5.684341886080800026e-19
7.583333333333333592e-02,3.812499999999999917e-02,2.416666666666195340e+01,1.000000000000000036e-10,9.999999999998256269e-05,1.421085471520200007e-19
7.749999999999999944e-02,3.812499999999999917e-02,2.249999999999558042e+01,1.000000000000000036e-10,9.999999999998235940e-05,-0.000000000000000000e+00
7.916666666666667684e-02,3.812499999999999917e-02,2.083333333332920745e+01,1.000000000000000036e-10,9.999999999998214256e-05,-0.000000000000000000e+00
8.083333333333334036e-02,3.812499999999999917e-02,1.916666666666284158e+01,1.000000000000000036e-10,9.999999999998183085e-05,-1.421085471520200007e-19
8.250000000000000389e-02,3.812499999999999917e-02,1.749999999999647926e+01,1.000000000000000036e-10,9.999999999998139717e-05,-4.263256414560599779e-19
8.416666666666666741e-02,3.812499999999999917e-02,1.583333333333012760e+01,1.000000000000000036e-10,9.999999999998065178e-05,-2.131628207280299889e-19
8.583333333333334481e-02,3.812499999999999917e-02,1.416666666666379015e+01,1.000000000000000036e-10,9.999999999998023166e-05,-3.552713678800500137e-19
8.750000000000000833e-02,3.812499999999999917e-02,1.249999999999745270e+01,1.000000000000000036e-10,9.999999999998023166e-05,-2.131628207280299889e-19
8.916666666666667185e-02,3.812499999999999917e-02,1.083333333333111526e+01,1.000000000000000036e-10,9.999999999998012323e-05,-0.000000000000000000e+00
9.083333333333333537e-02,3.812499999999999917e-02,9.166666666664781360e+00,1.000000000000000036e-10,9.999999999997982508e-05,7.105427357601000033e-20
9.250000000000001277e-02,3.812499999999999917e-02,7.499999999998453681e+00,1.000000000000000036e-10,9.999999999997960824e-05,0.000000000000000000e+00
9.416666666666667629e-02,3.812499999999999917e-02,5.833333333332126891e+00,1.000000000000000036e-10,9.999999999997944561e-05,3.552713678800500016e-20
9.583333333333333981e-02,3.812499999999999917e-02,4.166666666665804541e+00,1.000000000000000036e-10,9.999999999997928298e-05,-0.000000000000000000e+00
9.750000000000000333e-02,3.812499999999999917e-02,2.499999999999483080e+00,1.000000000000000036e-10,9.999999999997928298e-05,-3.552713678800500016e-20
9.916666666666666685e-02,3.812499999999999917e-02,8.333333333331608417e-01,1.000000000000000036e-10,9.999999999997931008e-05,8.881784197001250041e-21
8.333333333333333868e-04,3.937500000000000028e-02,9.916666666666631613e+01,1.000000000000000036e-10,1.000000000000399170e-04,-0.000000000000000000e+00
2.500000000000000052e-03,3.937500000000000028e-02,9.749999999999901945e+01,1.000000000000000036e-10,1.000000000000386430e-04,0.000000000000000000e+00
4.166666666666666609e-03,3.937500000000000028e-02,9.583333333333169435e+01,1.000000000000000036e-10,1.000000000000373556e-04,1.136868377216160005e-18
5.833333333333333599e-03,3.937500000000000028e-02,9.416666666666444030e+01,1.000000000000000036e-10,1.000000000000343604e-04,1.136868377216160005e-18
7.500000000000000590e-03,3.937500000000000028e-02,9.249999999999721467e+01,1.000000000000000036e-10,1.000000000000326528e-04,1.136868377216160005e-18
9.166666666666666713e-03,3.937500000000000028e-02,9.083333333333001747e+01,1.000000000000000036e-10,1.000000000000296713e-04,-5.684341886080800026e-19
1.083333333333333370e-02,3.937500000000000028e-02,8.916666666666289132e+01,1.000000000000000036e-10,1.000000000000275435e-04,-0.000000000000000000e+00
1.250000000000000069e-02,3.937500000000000028e-02,8.749999999999576517e+01,1.000000000000000036e-10,1.000000000000271234e-04,-0.000000000000000000e+00
1.416666666666666768e-02,3.937500000000000028e-02,8.583333333332865323e+01,1.000000000000000036e-10,1.000000000000249957e-04,1.136868377216160005e-18
1.583333333333333467e-02,3.937500000000000028e-02,8.416666666666159813e+01,1.000000000000000036e-10,1.000000000000224342e-04,-5.684341886080800026e-19
1.750000000000000167e-02,3.937500000000000028e-02,8.249999999999457145e+01,1.000000000000000036e-10,1.000000000000203065e-04,1.136868377216160005e-18
1.916666666666666866e-02,3.937500000000000028e-02,8.083333333332758741e+01,1.000000000000000036e-10,1.000000000000181787e-04,-0.000000000000000000e+00
2.083333333333333565e-02,3.937500000000000028e-02,7.916666666666063179e+01,1.000000000000000036e-10,1.000000000000168777e-04,0.000000000000000000e+00
2.250000000000000264e-02,3.937500000000000028e-02,7.749999999999369038e+01,1.000000000000000036e-10,1.000000000000168777e-04,-1.136868377216160005e-18
2.416666666666666963e-02,3.937500000000000028e-02,7.583333333332673476e+01,1.000000000000000036e-10,1.000000000000156038e-04,-2.273736754432320010e-18
2.583333333333333662e-02,3.937500000000000028e-02,7.416666666665983598e+01,1.000000000000000036e-10,1.000000000000121885e-04,-3.410605131648479823e-18
2.750000000000000014e-02,3.937500000000000028e-02,7.249999999999299405e+01,1.000000000000000036e-10,1.000000000000096406e-04,-2.273736754432320010e-18
2.916666666666666713e-02,3.937500000000000028e-02,7.083333333332618054e+01,1.000000000000000036e-10,1.000000000000083667e-04,-5.684341886080800026e-19
3.083333333333333412e-02,3.937500000000000028e-02,6.916666666665938124e+01,1.000000000000000036e-10,1.000000000000075129e-04,-0.000000000000000000e+00
3.250000000000000111e-02,3.937500000000000028e-02,6.749999999999259614e+01,1.000000000000000036e-10,1.000000000000058053e-04,-1.136868377216160005e-18
3.416666666666667157e-02,3.937500000000000028e-02,6.583333333332585369e+01,1.000000000000000036e-10,1.000000000000058053e-04,0.000000000000000000e+00
3.583333333333333509e-02,3.937500000000000028e-02,6.416666666665906860e+01,1.000000000000000036e-10,1.000000000000051683e-04,-0.000000000000000000e+00
3.750000000000000555e-02,3.937500000000000028e-02,6.249999999999234745e+01,1.000000000000000036e-10,1.000000000000028237e-04,-2.842170943040400013e-19
3.916666666666666907e-02,3.937500000000000028e-02,6.083333333332564052e+01,1.000000000000000036e-10,1.000000000000019699e-04,0.000000000000000000e+00
4.083333333333333259e-02,3.937500000000000028e-02,5.916666666665894780e+01,1.000000000000000036e-10,1.000000000000011025e-04,-8.526512829121199558e-19
4.250000000000000305e-02,3.937500000000000028e-02,5.749999999999226930e+01,1.000000000000000036e-10,9.999999999999982861e-05,-1.421085471520200055e-18
4.416666666666666657e-02,3.937500000000000028e-02,5.583333333332561921e+01,1.000000000000000036e-10,9.999999999999855467e-05,-8.526512829121199558e-19
4.583333333333333703e-02,3.937500000000000028e-02,5.416666666665898333e+01,1.000000000000000036e-10,9.999999999999768731e-05,-1.421085471520200055e-18
4.750000000000000056e-02,3.937500000000000028e-02,5.249999999999236167e+01,1.000000000000000036e-10,9.999999999999663021e-05,-1.989519660128279961e-18
4.916666666666667102e-02,3.937500000000000028e-02,5.083333333332576132e+01,1.000000000000000036e-10,9.999999999999578996e-05,-1.705302565824240104e-18
5.083333333333333454e-02,3.937500000000000028e-02,4.916666666665916807e+01,1.000000000000000036e-10,9.999999999999535628e-05,-1.705302565824240104e-18
5.250000000000000500e-02,3.937500000000000028e-02,4.749999999999258193e+01,1.000000000000000036e-10,9.999999999999450247e-05,-1.705302565824239912e-18
5.416666666666666852e-02,3.937500000000000028e-02,4.583333333332601711e+01,1.000000000000000036e-10,9.999999999999301169e-05,-1.705302565824239912e-18
5.583333333333333898e-02,3.937500000000000028e-02,4.416666666665948071e+01,1.000000000000000036e-10,9.999999999999237472e-05,-8.526512829121199558e-19
5.750000000000000250e-02,3.937500000000000028e-02,4.249999999999293721e+01,1.000000000000000036e-10,9.999999999999172420e-05,5.684341886080800026e-19
5.916666666666667296e-02,3.937500000000000028e-02,4.083333333332642212e+01,1.000000000000000036e-10,9.999999999999088394e-05,1.136868377216160005e-18
6.083333333333333648e-02,3.937500000000000028e-02,3.916666666665990704e+01,1.000000000000000036e-10,9.999999999998982684e-05,2.842170943040400013e-19
6.250000000000000000e-02,3.937500000000000028e-02,3.749999999999342748e+01,1.000000000000000036e-10,9.999999999998875619e-05,2.842170943040400013e-19
6.416666666666667740e-02,3.937500000000000028e-02,3.583333333332694792e+01,1.000000000000000036e-10,9.999999999998833607e-05,-0.000000000000000000e+00
6.583333333333334092e-02,3.937500000000000028e-02,3.416666666666048258e+01,1.000000000000000036e-10,9.999999999998725186e-05,5.684341886080800026e-19
6.750000000000000444e-02,3.937500000000000028e-02,3.249999999999403855e+01,1.000000000000000036e-10,9.999999999998650648e-05,5.684341886080800026e-19
6.916666666666666796e-02,3.937500000000000028e-02,3.083333333332759807e+01,1.000000000000000036e-10,9.999999999998619477e-05,0.000000000000000000e+00
7.083333333333333148e-02,3.937500000000000028e-02,2.916666666666116470e+01,1.000000000000000036e-10,9.999999999998565267e-05,-1.421085471520200007e-19
7.250000000000000888e-02,3.937500000000000028e-02,2.749999999999474198e+01,1.000000000000000036e-10,9.999999999998512412e-05,-5.684341886080800026e-19
7.416666666666667240e-02,3.937500000000000028e-02,2.583333333332832638e+01,1.000000000000000036e-10,9.999999999998363334e-05,-1.421085471520200247e-19
7.583333333333333592e-02,3.937500000000000028e-02,2.416666666666195340e+01,1.000000000000000036e-10,9.999999999998235940e-05,-1.421085471520200007e-19
7.749999999999999944e-02,3.937500000000000028e-02,2.249999999999558042e+01,1.000000000000000036e-10,9.999999999998235940e-05,-0.000000000000000000e+00
7.916666666666667684e-02,3.937500000000000028e-02,2.083333333332920745e+01,1.000000000000000036e-10,9.999999999998204769e-05,1.421085471520200007e-19
8.083333333333334036e-02,3.937500000000000028e-02,1.916666666666284513e+01,1.000000000000000036e-10,9.999999999998161401e-05,0.000000000000000000e+00
8.250000000000000389e-02,3.937500000000000028e-02,1.749999999999648637e+01,1.000000000000000036e-10,9.999999999998139717e-05,-4.263256414560599779e-19
8.416666666666666741e-02,3.937500000000000028e-02,1.583333333333013115e+01,1.000000000000000036e-10,9.999999999998080086e-05,-4.263256414560599779e-19
8.583333333333334481e-02,3.937500000000000028e-02,1.416666666666379193e+01,1.000000000000000036e-10,9.999999999998028587e-05,-2.131628207280299889e-19
8.750000000000000833e-02,3.937500000000000028e-02,1.249999999999745448e+01,1.000000000000000036e-10,9.999999999998028587e-05,-1.421085471520200007e-19
8.916666666666667185e-02,3.937500000000000028e-02,1.083333333333111526e+01,1.000000000000000036e-10,9.999999999998016389e-05,-7.105427357601000033e-20
9.083333333333333537e-02,3.937500000000000028e-02,9.166666666664781360e+00,1.000000000000000036e-10,9.999999999997985218e-05,-0.000000000000000000e+00
9.250000000000001277e-02,3.937500000000000028e-02,7.499999999998452793e+00,1.000000000000000036e-10,9.999999999997960824e-05,3.552713678800500016e-20
9.416666666666667629e-02,3.937500000000000028e-02,5.833333333332126891e+00,1.000000000000000036e-10,9.999999999997941850e-05,-3.552713678800500016e-20
9.583333333333333981e-02,3.937500000000000028e-02,4.166666666665804541e+00,1.000000000000000036e-10,9.999999999997928298e-05,-0.000000000000000000e+00
9.750000000000000333e-02,3.937500000000000028e-02,2.499999999999483080e+00,1.000000000000000036e-10,9.999999999997928298e-05,1.776356839400250008e-20
9.916666666666666685e-02,3.937500000000000028e-02,8.333333333331607307e-01,1.000000000000000036e-10,9.999999999997929653e-05,8.881784197001250041e-21
8.333333333333333868e-04,4.062500000000000139e-02,9.916666666666631613e+01,1.000000000000000036e-10,1.000000000000403507e-04,5.684341886080800026e-19
2.500000000000000052e-03,4.062500000000000139e-02,9.749999999999900524e+01,1.000000000000000036e-10,1.000000000000390496e-04,1.705302565824239912e-18
4.166666666666666609e-03,4.062500000000000139e-02,9.583333333333168014e+01,1.000000000000000036e-10,1.000000000000373556e-04,5.684341886080800026e-19
5.833333333333333599e-03,4.062500000000000139e-02,9.416666666666442609e+01,1.000000000000000036e-10,1.000000000000347941e-04,0.000000000000000000e+00
7.500000000000000590e-03,4.062500000000000139e-02,9.249999999999718625e+01,1.000000000000000036e-10,1.000000000000322327e-04,0.000000000000000000e+00
9.166666666666666713e-03,4.062500000000000139e-02,9.083333333333001747e+01,1.000000000000000036e-10,1.000000000000288175e-04,-1.136868377216160005e-18
1.083333333333333370e-02,4.062500000000000139e-02,8.916666666666289132e+01,1.000000000000000036e-10,1.000000000000275435e-04,-5.684341886080800026e-19
1.250000000000000069e-02,4.062500000000000139e-02,8.749999999999576517e+01,1.000000000000000036e-10,1.000000000000271234e-04,-0.000000000000000000e+00
1.416666666666666768e-02,4.062500000000000139e-02,8.583333333332865323e+01,1.000000000000000036e-10,1.000000000000241418e-04,-1.136868377216160005e-18
1.583333333333333467e-02,4.062500000000000139e-02,8.416666666666162655e+01,1.000000000000000036e-10,1.000000000000224342e-04,-1.136868377216160005e-18
1.750000000000000167e-02,4.062500000000000139e-02,8.249999999999457145e+01,1.000000000000000036e-10,1.000000000000211603e-04,5.684341886080800026e-19
1.916666666666666866e-02,4.062500000000000139e-02,8.083333333332758741e+01,1.000000000000000036e-10,1.000000000000185989e-04,-5.684341886080800026e-19
2.083333333333333565e-02,4.062500000000000139e-02,7.916666666666061758e+01,1.000000000000000036e-10,1.000000000000168912e-04,5.684341886080800026e-19
2.250000000000000264e-02,4.062500000000000139e-02,7.749999999999369038e+01,1.000000000000000036e-10,1.000000000000151836e-04,1.136868377216160005e-18
2.416666666666666963e-02,4.062500000000000139e-02,7.583333333332677739e+01,1.000000000000000036e-10,1.000000000000138961e-04,-1.705302565824240104e-18
2.583333333333333662e-02,4.062500000000000139e-02,7.416666666665989283e+01,1.000000000000000036e-10,1.000000000000126222e-04,-2.273736754432320010e-18
2.750000000000000014e-02,4.062500000000000139e-02,7.249999999999302247e+01,1.000000000000000036e-10,1.000000000000109146e-04,-1.705302565824239912e-18
2.916666666666666713e-02,4.062500000000000139e-02,7.083333333332619475e+01,1.000000000000000036e-10,1.000000000000092070e-04,-1.136868377216160005e-18
3.083333333333333412e-02,4.062500000000000139e-02,6.916666666665938124e+01,1.000000000000000036e-10,1.000000000000070928e-04,-5.684341886080800026e-19
3.250000000000000111e-02,4.062500000000000139e-02,6.749999999999262457e+01,1.000000000000000036e-10,1.000000000000062254e-04,-5.684341886080800026e-19
3.416666666666667157e-02,4.062500000000000139e-02,6.583333333332583948e+01,1.000000000000000036e-10,1.000000000000066591e-04,1.136868377216160005e-18
3.583333333333333509e-02,4.062500000000000139e-02,6.416666666665906860e+01,1.000000000000000036e-10,1.000000000000047346e-04,-0.000000000000000000e+00
3.750000000000000555e-02,4.062500000000000139e-02,6.249999999999234745e+01,1.000000000000000036e-10,1.000000000000030270e-04,-0.000000000000000000e+00
3.916666666666666907e-02,4.062500000000000139e-02,6.083333333332563342e+01,1.000000000000000036e-10,1.000000000000017531e-04,2.842170943040400013e-19
4.083333333333333259e-02,4.062500000000000139e-02,5.916666666665895491e+01,1.000000000000000036e-10,1.000000000000004656e-04,-2.842170943040400013e-19
4.250000000000000305e-02,4.062500000000000139e-02,5.749999999999228351e+01,1.000000000000000036e-10,9.999999999999961177e-05,-5.684341886080800026e-19
4.416666666666666657e-02,4.062500000000000139e-02,5.583333333332563342e+01,1.000000000000000036e-10,9.999999999999855467e-05,-8.526512829121199558e-19
4.583333333333333703e-02,4.062500000000000139e-02,5.416666666665899754e+01,1.000000000000000036e-10,9.999999999999706389e-05,-1.136868377216160005e-18
4.750000000000000056e-02,4.062500000000000139e-02,5.249999999999239719e+01,1.000000000000000036e-10,9.999999999999684705e-05,-1.421085471520200055e-18
4.916666666666667102e-02,4.062500000000000139e-02,5.083333333332576842e+01,1.000000000000000036e-10,9.999999999999684705e-05,-2.842170943040400013e-19
5.083333333333333454e-02,4.062500000000000139e-02,4.916666666665916807e+01,1.000000000000000036e-10,9.999999999999513943e-05,-2.842170943040400013e-19
5.250000000000000500e-02,4.062500000000000139e-02,4.749999999999259614e+01,1.000000000000000036e-10,9.999999999999408234e-05,-5.684341886080800026e-19
5.416666666666666852e-02,4.062500000000000139e-02,4.583333333332603132e+01,1.000000000000000036e-10,9.999999999999321498e-05,-1.136868377216160005e-18
5.583333333333333898e-02,4.062500000000000139e-02,4.416666666665948782e+01,1.000000000000000036e-10,9.999999999999279485e-05,-5.684341886080800026e-19
5.750000000000000250e-02,4.062500000000000139e-02,4.249999999999293721e+01,1.000000000000000036e-10,9.999999999999237472e-05,-2.842170943040400013e-19
5.916666666666667296e-02,4.062500000000000139e-02,4.083333333332640791e+01,1.000000000000000036e-10,9.999999999999066710e-05,2.842170943040400013e-19
6.083333333333333648e-02,4.062500000000000139e-02,3.916666666665991414e+01,1.000000000000000036e-10,9.999999999998937961e-05,-5.684341886080800026e-19
6.250000000000000000e-02,4.062500000000000139e-02,3.749999999999342748e+01,1.000000000000000036e-10,9.999999999998895948e-05,2.842170943040400013e-19
6.416666666666667740e-02,4.062500000000000139e-02,3.583333333332694792e+01,1.000000000000000036e-10,9.999999999998853935e-05,5.684341886080800026e-19
6.583333333333334092e-02,4.062500000000000139e-02,3.416666666666047547e+01,1.000000000000000036e-10,9.999999999998746870e-05,1.136868377216160005e-18
6.750000000000000444e-02,4.062500000000000139e-02,3.249999999999403144e+01,1.000000000000000036e-10,9.999999999998608635e-05,8.526512829121199558e-19
6.916666666666666796e-02,4.062500000000000139e-02,3.083333333332760517e+01,1.000000000000000036e-10,9.999999999998576109e-05,1.421085471520200247e-19
7.083333333333333148e-02,4.062500000000000139e-02,2.916666666666117180e+01,1.000000000000000036e-10,9.999999999998565267e-05,-2.842170943040400013e-19
7.250000000000000888e-02,4.062500000000000139e-02,2.749999999999474909e+01,1.000000000000000036e-10,9.999999999998502925e-05,-5.684341886080800026e-19
7.416666666666667240e-02,4.062500000000000139e-02,2.583333333332833703e+01,1.000000000000000036e-10,9.999999999998374176e-05,-7.105427357601000273e-19
7.583333333333333592e-02,4.062500000000000139e-02,2.416666666666195695e+01,1.000000000000000036e-10,9.999999999998267111e-05,-2.842170943040400013e-19
7.749999999999999944e-02,4.062500000000000139e-02,2.249999999999558042e+01,1.000000000000000036e-10,9.999999999998256269e-05,-0.000000000000000000e+00
7.916666666666667684e-02,4.062500000000000139e-02,2.083333333332920390e+01,1.000000000000000036e-10,9.999999999998214256e-05,2.842170943040400013e-19
8.083333333333334036e-02,4.062500000000000139e-02,1.916666666666284158e+01,1.000000000000000036e-10,9.999999999998139717e-05,1.421085471520200007e-19
8.250000000000000389e-02,4.062500000000000139e-02,1.749999999999648992e+01,1.000000000000000036e-10,9.999999999998107191e-05,-1.421085471520200007e-19
8.416666666666666741e-02,4.062500000000000139e-02,1.583333333333013826e+01,1.000000000000000036e-10,9.999999999998080086e-05,-3.552713678800500137e-19
8.583333333333334481e-02,4.062500000000000139e-02,1.416666666666379548e+01,1.000000000000000036e-10,9.999999999998043494e-05,-2.131628207280299889e-19
8.750000000000000833e-02,4.062500000000000139e-02,1.249999999999745626e+01,1.000000000000000036e-10,9.999999999998032652e-05,-1.421085471520200007e-19
8.916666666666667185e-02,4.062500000000000139e-02,1.083333333333111703e+01,1.000000000000000036e-10,9.999999999998021810e-05,-2.131628207280299889e-19
9.083333333333333537e-02,4.062500000000000139e-02,9.166666666664781360e+00,1.000000000000000036e-10,9.999999999997990639e-05,-1.421085471520200007e-19
9.250000000000001277e-02,4.062500000000000139e-02,7.499999999998452793e+00,1.000000000000000036e-10,9.999999999997958113e-05,-7.105427357601000033e-20
9.416666666666667629e-02,4.062500000000000139e-02,5.833333333332127779e+00,1.000000000000000036e-10,9.999999999997941850e-05,-3.552713678800500016e-20
9.583333333333333981e-02,4.062500000000000139e-02,4.166666666665804541e+00,1.000000000000000036e-10,9.999999999997932364e-05,-0.000000000000000000e+00
9.750000000000000333e-02,4.062500000000000139e-02,2.499999999999482636e+00,1.000000000000000036e-10,9.999999999997928298e-05,3.552713678800500016e-20
9.916666666666666685e-02,4.062500000000000139e-02,8.333333333331606196e-01,1.000000000000000036e-10,9.999999999997926943e-05,8.881784197001250041e-21
8.333333333333333868e-04,4.187500000000000250e-02,9.916666666666630192e+01,1.000000000000000036e-10,1.000000000000416246e-04,5.684341886080800026e-19
2.500000000000000052e-03,4.187500000000000250e-02,9.749999999999897682e+01,1.000000000000000036e-10,1.000000000000386430e-04,1.136868377216160005e-18
4.166666666666666609e-03,4.187500000000000250e-02,9.583333333333168014e+01,1.000000000000000036e-10,1.000000000000360816e-04,-5.684341886080800026e-19
5.833333333333333599e-03,4.187500000000000250e-02,9.416666666666444030e+01,1.000000000000000036e-10,1.000000000000339403e-04,-2.842170943040400109e-18
7.500000000000000590e-03,4.187500000000000250e-02,9.249999999999721467e+01,1.000000000000000036e-10,1.000000000000317990e-04,-3.410605131648479823e-18
9.166666666666666713e-03,4.187500000000000250e-02,9.083333333333004589e+01,1.000000000000000036e-10,1.000000000000292376e-04,-2.273736754432320010e-18
1.083333333333333370e-02,4.187500000000000250e-02,8.916666666666290553e+01,1.000000000000000036e-10,1.000000000000283973e-04,-5.684341886080800026e-19
1.250000000000000069e-02,4.187500000000000250e-02,8.749999999999576517e+01,1.000000000000000036e-10,1.000000000000266897e-04,-5.684341886080800026e-19
1.416666666666666768e-02,4.187500000000000250e-02,8.583333333332868165e+01,1.000000000000000036e-10,1.000000000000241418e-04,-1.705302565824239912e-18
1.583333333333333467e-02,4.187500000000000250e-02,8.416666666666162655e+01,1.000000000000000036e-10,1.000000000000237082e-04,-5.684341886080800026e-19
1.750000000000000167e-02,4.187500000000000250e-02,8.249999999999455724e+01,1.000000000000000036e-10,1.000000000000207266e-04,-1.136868377216160198e-18
1.916666666666666866e-02,4.187500000000000250e-02,8.083333333332760162e+01,1.000000000000000036e-10,1.000000000000181787e-04,-1.136868377216160005e-18
2.083333333333333565e-02,4.187500000000000250e-02,7.916666666666061758e+01,1.000000000000000036e-10,1.000000000000181787e-04,-5.684341886080800026e-19
2.250000000000000264e-02,4.187500000000000250e-02,7.749999999999366196e+01,1.000000000000000036e-10,1.000000000000151836e-04,0.000000000000000000e+00
2.416666666666666963e-02,4.187500000000000250e-02,7.583333333332677739e+01,1.000000000000000036e-10,1.000000000000130559e-04,-5.684341886080800026e-19
2.583333333333333662e-02,4.187500000000000250e-02,7.416666666665989283e+01,1.000000000000000036e-10,1.000000000000121885e-04,-0.000000000000000000e+00
2.750000000000000014e-02,4.187500000000000250e-02,7.249999999999303668e+01,1.000000000000000036e-10,1.000000000000104809e-04,-5.684341886080800026e-19
2.916666666666666713e-02,4.187500000000000250e-02,7.083333333332620896e+01,1.000000000000000036e-10,1.000000000000092070e-04,-5.684341886080800026e-19
3.083333333333333412e-02,4.187500000000000250e-02,6.916666666665939545e+01,1.000000000000000036e-10,1.000000000000079330e-04,-5.684341886080800026e-19
3.250000000000000111e-02,4.187500000000000250e-02,6.749999999999261036e+01,1.000000000000000036e-10,1.000000000000070792e-04,0.000000000000000000e+00
3.416666666666667157e-02,4.187500000000000250e-02,6.583333333332582527e+01,1.000000000000000036e-10,1.000000000000062254e-04,0.000000000000000000e+00
3.583333333333333509e-02,4.187500000000000250e-02,6.416666666665906860e+01,1.000000000000000036e-10,1.000000000000043145e-04,-0.000000000000000000e+00
3.750000000000000555e-02,4.187500000000000250e-02,6.249999999999234745e+01,1.000000000000000036e-10,1.000000000000030270e-04,-8.526512829121200521e-19
3.916666666666666907e-02,4.187500000000000250e-02,6.083333333332563342e+01,1.000000000000000036e-10,1.000000000000017531e-04,-8.526512829121200521e-19
4.083333333333333259e-02,4.187500000000000250e-02,5.916666666665895491e+01,1.000000000000000036e-10,1.000000000000004656e-04,-5.684341886080800026e-19
4.250000000000000305e-02,4.187500000000000250e-02,5.749999999999228351e+01,1.000000000000000036e-10,9.999999999999939493e-05,-2.842170943040400013e-19
4.416666666666666657e-02,4.187500000000000250e-02,5.583333333332564052e+01,1.000000000000000036e-10,9.999999999999812099e-05,-5.684341886080800026e-19
4.583333333333333703e-02,4.187500000000000250e-02,5.416666666665901175e+01,1.000000000000000036e-10,9.999999999999728073e-05,-1.136868377216160005e-18
4.750000000000000056e-02,4.187500000000000250e-02,5.249999999999239719e+01,1.000000000000000036e-10,9.999999999999728073e-05,2.842170943040400013e-19
4.916666666666667102e-02,4.187500000000000250e-02,5.083333333332576842e+01,1.000000000000000036e-10,9.999999999999663021e-05,2.842170943040400013e-19
5.083333333333333454e-02,4.187500000000000250e-02,4.916666666665917518e+01,1.000000000000000036e-10,9.999999999999513943e-05,-5.684341886080800026e-19
5.250000000000000500e-02,4.187500000000000250e-02,4.749999999999259614e+01,1.000000000000000036e-10,9.999999999999386550e-05,2.842170943040400013e-19
5.416666666666666852e-02,4.187500000000000250e-02,4.583333333332604553e+01,1.000000000000000036e-10,9.999999999999301169e-05,-5.684341886080800026e-19
5.583333333333333898e-02,4.187500000000000250e-02,4.416666666665949492e+01,1.000000000000000036e-10,9.999999999999301169e-05,-2.842170943040400013e-19
5.750000000000000250e-02,4.187500000000000250e-02,4.249999999999294431e+01,1.000000000000000036e-10,9.999999999999237472e-05,-5.684341886080800026e-19
5.916666666666667296e-02,4.187500000000000250e-02,4.083333333332641502e+01,1.000000000000000036e-10,9.999999999999066710e-05,-8.526512829121199558e-19
6.083333333333333648e-02,4.187500000000000250e-02,3.916666666665992125e+01,1.000000000000000036e-10,9.999999999998981329e-05,-2.842170943040400013e-19
6.250000000000000000e-02,4.187500000000000250e-02,3.749999999999342037e+01,1.000000000000000036e-10,9.999999999998959645e-05,2.842170943040400013e-19
6.416666666666667740e-02,4.187500000000000250e-02,3.583333333332693371e+01,1.000000000000000036e-10,9.999999999998895948e-05,5.684341886080800026e-19
6.583333333333334092e-02,4.187500000000000250e-02,3.416666666666045415e+01,1.000000000000000036e-10,9.999999999998746870e-05,5.684341886080800989e-19
6.750000000000000444e-02,4.187500000000000250e-02,3.249999999999401723e+01,1.000000000000000036e-10,9.999999999998576109e-05,8.526512829121199558e-19
6.916666666666666796e-02,4.187500000000000250e-02,3.083333333332759452e+01,1.000000000000000036e-10,9.999999999998534096e-05,7.105427357601000273e-19
7.083333333333333148e-02,4.187500000000000250e-02,2.916666666666117180e+01,1.000000000000000036e-10,9.999999999998512412e-05,-0.000000000000000000e+00
7.250000000000000888e-02,4.187500000000000250e-02,2.749999999999475619e+01,1.000000000000000036e-10,9.999999999998481241e-05,-4.263256414560599779e-19
7.416666666666667240e-02,4.187500000000000250e-02,2.583333333332834414e+01,1.000000000000000036e-10,9.999999999998385018e-05,-2.842170943040400013e-19
7.583333333333333592e-02,4.187500000000000250e-02,2.416666666666196051e+01,1.000000000000000036e-10,9.999999999998288795e-05,-1.421085471520200007e-19
7.749999999999999944e-02,4.187500000000000250e-02,2.249999999999558042e+01,1.000000000000000036e-10,9.999999999998277953e-05,-0.000000000000000000e+00
7.916666666666667684e-02,4.187500000000000250e-02,2.083333333332920034e+01,1.000000000000000036e-10,9.999999999998212901e-05,-2.842170943040400495e-19
8.083333333333334036e-02,4.187500000000000250e-02,1.916666666666284158e+01,1.000000000000000036e-10,9.999999999998128875e-05,-2.842170943040400013e-19
8.250000000000000389e-02,4.187500000000000250e-02,1.749999999999648992e+01,1.000000000000000036e-10,9.999999999998101770e-05,-2.842170943040400013e-19
8.416666666666666741e-02,4.187500000000000250e-02,1.583333333333014004e+01,1.000000000000000036e-10,9.999999999998076020e-05,-1.421085471520200007e-19
8.583333333333334481e-02,4.187500000000000250e-02,1.416666666666379726e+01,1.000000000000000036e-10,9.999999999998043494e-05,-2.842170943040400013e-19
8.750000000000000833e-02,4.187500000000000250e-02,1.249999999999745803e+01,1.000000000000000036e-10,9.999999999998028587e-05,-2.131628207280299889e-19
8.916666666666667185e-02,4.187500000000000250e-02,1.083333333333112058e+01,1.000000000000000036e-10,9.999999999998017744e-05,-3.552713678800500137e-19
9.083333333333333537e-02,4.187500000000000250e-02,9.166666666664784913e+00,1.000000000000000036e-10,9.999999999997996060e-05,-2.842170943040400013e-19
9.250000000000001277e-02,4.187500000000000250e-02,7.499999999998454570e+00,1.000000000000000036e-10,9.999999999997968955e-05,-1.421085471520200007e-19
9.416666666666667629e-02,4.187500000000000250e-02,5.833333333332127779e+00,1.000000000000000036e-10,9.999999999997947271e-05,-1.065814103640150065e-19
9.583333333333333981e-02,4.187500000000000250e-02,4.166666666665804541e+00,1.000000000000000036e-10,9.999999999997933719e-05,-7.105427357601000033e-20
9.750000000000000333e-02,4.187500000000000250e-02,2.499999999999482192e+00,1.000000000000000036e-10,9.999999999997929653e-05,1.776356839400250008e-20
9.916666666666666685e-02,4.187500000000000250e-02,8.333333333331605086e-01,1.000000000000000036e-10,9.999999999997925587e-05,4.440892098500625020e-21
8.333333333333333868e-04,4.312500000000000361e-02,9.916666666666630192e+01,1.000000000000000036e-10,1.000000000000416246e-04,-0.000000000000000000e+00
2.500000000000000052e-03,4.312500000000000361e-02,9.749999999999897682e+01,1.000000000000000036e-10,1.000000000000382094e-04,-0.000000000000000000e+00
4.166666666666666609e-03,4.312500000000000361e-02,9.583333333333169435e+01,1.000000000000000036e-10,1.000000000000343604e-04,-1.136868377216160005e-18
5.833333333333333599e-03,4.312500000000000361e-02,9.416666666666449714e+01,1.000000000000000036e-10,1.000000000000326528e-04,-1.705302565824239912e-18
7.500000000000000590e-03,4.312500000000000361e-02,9.249999999999727152e+01,1.000000000000000036e-10,1.000000000000326528e-04,-2.842170943040400109e-18
9.166666666666666713e-03,4.312500000000000361e-02,9.083333333333007431e+01,1.000000000000000036e-10,1.000000000000309452e-04,-2.273736754432320010e-18
1.083333333333333370e-02,4.312500000000000361e-02,8.916666666666290553e+01,1.000000000000000036e-10,1.000000000000288175e-04,-1.136868377216160005e-18
1.250000000000000069e-02,4.312500000000000361e-02,8.749999999999577938e+01,1.000000000000000036e-10,1.000000000000262560e-04,-1.705302565824239912e-18
1.416666666666666768e-02,4.312500000000000361e-02,8.583333333332869586e+01,1.000000000000000036e-10,1.000000000000241418e-04,-1.136868377216160005e-18
1.583333333333333467e-02,4.312500000000000361e-02,8.416666666666164076e+01,1.000000000000000036e-10,1.000000000000228544e-04,-1.136868377216160005e-18
1.750000000000000167e-02,4.312500000000000361e-02,8.249999999999459988e+01,1.000000000000000036e-10,1.000000000000207266e-04,-1.705302565824240104e-18
1.916666666666666866e-02,4.312500000000000361e-02,8.083333333332761583e+01,1.000000000000000036e-10,1.000000000000190325e-04,-1.136868377216160005e-18
2.083333333333333565e-02,4.312500000000000361e-02,7.916666666666063179e+01,1.000000000000000036e-10,1.000000000000177451e-04,-2.273736754432320010e-18
2.250000000000000264e-02,4.312500000000000361e-02,7.749999999999369038e+01,1.000000000000000036e-10,1.000000000000151701e-04,-1.705302565824239912e-18
2.416666666666666963e-02,4.312500000000000361e-02,7.583333333332679160e+01,1.000000000000000036e-10,1.000000000000138961e-04,-1.136868377216160005e-18
2.583333333333333662e-02,4.312500000000000361e-02,7.416666666665989283e+01,1.000000000000000036e-10,1.000000000000126222e-04,-5.684341886080800026e-19
2.750000000000000014e-02,4.312500000000000361e-02,7.249999999999303668e+01,1.000000000000000036e-10,1.000000000000104809e-04,-0.000000000000000000e+00
2.916666666666666713e-02,4.312500000000000361e-02,7.083333333332620896e+01,1.000000000000000036e-10,1.000000000000092070e-04,-5.684341886080800026e-19
3.083333333333333412e-02,4.312500000000000361e-02,6.916666666665939545e+01,1.000000000000000036e-10,1.000000000000074993e-04,-5.684341886080800026e-19
3.250000000000000111e-02,4.312500000000000361e-02,6.749999999999262457e+01,1.000000000000000036e-10,1.000000000000066591e-04,-1.136868377216160005e-18
3.416666666666667157e-02,4.312500000000000361e-02,6.583333333332583948e+01,1.000000000000000036e-10,1.000000000000066591e-04,-5.684341886080800026e-19
3.583333333333333509e-02,4.312500000000000361e-02,6.416666666665906860e+01,1.000000000000000036e-10,1.000000000000040977e-04,-5.684341886080800026e-19
3.750000000000000555e-02,4.312500000000000361e-02,6.249999999999236877e+01,1.000000000000000036e-10,1.000000000000023900e-04,-1.136868377216160005e-18
3.916666666666666907e-02,4.312500000000000361e-02,6.083333333332565473e+01,1.000000000000000036e-10,1.000000000000019699e-04,-1.989519660128279961e-18
4.083333333333333259e-02,4.312500000000000361e-02,5.916666666665896912e+01,1.000000000000000036e-10,1.000000000000008993e-04,-1.705302565824239912e-18
4.250000000000000305e-02,4.312500000000000361e-02,5.749999999999229061e+01,1.000000000000000036e-10,9.999999999999961177e-05,-5.684341886080800026e-19
4.416666666666666657e-02,4.312500000000000361e-02,5.583333333332564763e+01,1.000000000000000036e-10,9.999999999999790415e-05,0.000000000000000000e+00
4.583333333333333703e-02,4.312500000000000361e-02,5.416666666665902596e+01,1.000000000000000036e-10,9.999999999999768731e-05,-5.684341886080800026e-19
4.750000000000000056e-02,4.312500000000000361e-02,5.249999999999239009e+01,1.000000000000000036e-10,9.999999999999790415e-05,0.000000000000000000e+00
4.916666666666667102e-02,4.312500000000000361e-02,5.083333333332576132e+01,1.000000000000000036e-10,9.999999999999619653e-05,-5.684341886080800989e-19
5.083333333333333454e-02,4.312500000000000361e-02,4.916666666665918228e+01,1.000000000000000036e-10,9.999999999999513943e-05,-8.526512829121199558e-19
5.250000000000000500e-02,4.312500000000000361e-02,4.749999999999258904e+01,1.000000000000000036e-10,9.999999999999408234e-05,0.000000000000000000e+00
5.416666666666666852e-02,4.312500000000000361e-02,4.583333333332604553e+01,1.000000000000000036e-10,9.999999999999279485e-05,-2.842170943040400013e-19
5.583333333333333898e-02,4.312500000000000361e-02,4.416666666665949492e+01,1.000000000000000036e-10,9.999999999999279485e-05,-5.684341886080800026e-19
5.750000000000000250e-02,4.312500000000000361e-02,4.249999999999295142e+01,1.000000000000000036e-10,9.999999999999194104e-05,-8.526512829121199558e-19
5.916666666666667296e-02,4.312500000000000361e-02,4.083333333332642923e+01,1.000000000000000036e-10,9.999999999999088394e-05,-1.136868377216160005e-18
6.083333333333333648e-02,4.312500000000000361e-02,3.916666666665992125e+01,1.000000000000000036e-10,9.999999999999023342e-05,-2.842170943040400013e-19
6.250000000000000000e-02,4.312500000000000361e-02,3.749999999999342037e+01,1.000000000000000036e-10,9.999999999998959645e-05,-0.000000000000000000e+00
6.416666666666667740e-02,4.312500000000000361e-02,3.583333333332693371e+01,1.000000000000000036e-10,9.999999999998874264e-05,5.684341886080800026e-19
6.583333333333334092e-02,4.312500000000000361e-02,3.416666666666046126e+01,1.000000000000000036e-10,9.999999999998768554e-05,2.842170943040400013e-19
6.750000000000000444e-02,4.312500000000000361e-02,3.249999999999401012e+01,1.000000000000000036e-10,9.999999999998619477e-05,5.684341886080800026e-19
6.916666666666666796e-02,4.312500000000000361e-02,3.083333333332758741e+01,1.000000000000000036e-10,9.999999999998512412e-05,2.842170943040400013e-19
7.083333333333333148e-02,4.312500000000000361e-02,2.916666666666117180e+01,1.000000000000000036e-10,9.999999999998481241e-05,-1.421085471520200007e-19
7.250000000000000888e-02,4.312500000000000361e-02,2.749999999999475975e+01,1.000000000000000036e-10,9.999999999998481241e-05,-1.421085471520200007e-19
7.416666666666667240e-02,4.312500000000000361e-02,2.583333333332834414e+01,1.000000000000000036e-10,9.999999999998394505e-05,-1.421085471520200007e-19
7.583333333333333592e-02,4.312500000000000361e-02,2.416666666666196051e+01,1.000000000000000036e-10,9.999999999998288795e-05,-0.000000000000000000e+00
7.749999999999999944e-02,4.312500000000000361e-02,2.249999999999558042e+01,1.000000000000000036e-10,9.999999999998245427e-05,-2.842170943040400013e-19
7.916666666666667684e-02,4.312500000000000361e-02,2.083333333332921100e+01,1.000000000000000036e-10,9.999999999998193927e-05,-5.684341886080800026e-19
8.083333333333334036e-02,4.312500000000000361e-02,1.916666666666284868e+01,1.000000000000000036e-10,9.999999999998139717e-05,-4.263256414560599779e-19
8.250000000000000389e-02,4.312500000000000361e-02,1.749999999999649702e+01,1.000000000000000036e-10,9.999999999998118033e-05,-2.842170943040400013e-19
8.416666666666666741e-02,4.312500000000000361e-02,1.583333333333014181e+01,1.000000000000000036e-10,9.999999999998080086e-05,-1.421085471520200007e-19
8.583333333333334481e-02,4.312500000000000361e-02,1.416666666666380259e+01,1.000000000000000036e-10,9.999999999998038073e-05,-1.421085471520200247e-19
8.750000000000000833e-02,4.312500000000000361e-02,1.249999999999746159e+01,1.000000000000000036e-10,9.999999999998027231e-05,-2.131628207280299889e-19
8.916666666666667185e-02,4.312500000000000361e-02,1.083333333333112591e+01,1.000000000000000036e-10,9.999999999998017744e-05,-2.131628207280300130e-19
9.083333333333333537e-02,4.312500000000000361e-02,9.166666666664788465e+00,1.000000000000000036e-10,9.999999999998006902e-05,-1.421085471520200007e-19
9.250000000000001277e-02,4.312500000000000361e-02,7.499999999998456346e+00,1.000000000000000036e-10,9.999999999997971666e-05,-1.776356839400250068e-19
9.416666666666667629e-02,4.312500000000000361e-02,5.833333333332130444e+00,1.000000000000000036e-10,9.999999999997947271e-05,-1.421085471520200007e-19
9.583333333333333981e-02,4.312500000000000361e-02,4.166666666665806318e+00,1.000000000000000036e-10,9.999999999997941850e-05,-3.552713678800500016e-20
9.750000000000000333e-02,4.312500000000000361e-02,2.499999999999482192e+00,1.000000000000000036e-10,9.999999999997933719e-05,-0.000000000000000000e+00
9.916666666666666685e-02,4.312500000000000361e-02,8.333333333331605086e-01,1.000000000000000036e-10,9.999999999997925587e-05,8.881784197001250041e-21
8.333333333333333868e-04,4.437499999999999778e-02,9.916666666666630192e+01,1.000000000000000036e-10,1.000000000000416246e-04,-5.684341886080800026e-19
2.500000000000000052e-03,4.437499999999999778e-02,9.749999999999897682e+01,1.000000000000000036e-10,1.000000000000377757e-04,-5.684341886080800026e-19
4.166666666666666609e-03,4.437499999999999778e-02,9.583333333333170856e+01,1.000000000000000036e-10,1.000000000000347941e-04,-1.136868377216160005e-18
5.833333333333333599e-03,4.437499999999999778e-02,9.416666666666448293e+01,1.000000000000000036e-10,1.000000000000326528e-04,0.000000000000000000e+00
7.500000000000000590e-03,4.437499999999999778e-02,9.249999999999728573e+01,1.000000000000000036e-10,1.000000000000313789e-04,-1.705302565824239912e-18
9.166666666666666713e-03,4.437499999999999778e-02,9.083333333333010273e+01,1.000000000000000036e-10,1.000000000000305251e-04,-2.273736754432320010e-18
1.083333333333333370e-02,4.437499999999999778e-02,8.916666666666293395e+01,1.000000000000000036e-10,1.000000000000288175e-04,-2.273736754432320010e-18
1.250000000000000069e-02,4.437499999999999778e-02,8.749999999999580780e+01,1.000000000000000036e-10,1.000000000000266897e-04,-2.842170943040400109e-18
1.416666666666666768e-02,4.437499999999999778e-02,8.583333333332871007e+01,1.000000000000000036e-10,1.000000000000245620e-04,-1.705302565824239912e-18
1.583333333333333467e-02,4.437499999999999778e-02,8.416666666666165497e+01,1.000000000000000036e-10,1.000000000000232880e-04,-2.273736754432320010e-18
1.750000000000000167e-02,4.437499999999999778e-02,8.249999999999459988e+01,1.000000000000000036e-10,1.000000000000207266e-04,-1.705302565824240104e-18
1.916666666666666866e-02,4.437499999999999778e-02,8.083333333332763004e+01,1.000000000000000036e-10,1.000000000000177451e-04,-1.705302565824239912e-18
2.083333333333333565e-02,4.437499999999999778e-02,7.916666666666067442e+01,1.000000000000000036e-10,1.000000000000177451e-04,-2.273736754432320010e-18
2.250000000000000264e-02,4.437499999999999778e-02,7.749999999999370459e+01,1.000000000000000036e-10,1.000000000000160374e-04,-1.705302565824239912e-18
2.416666666666666963e-02,4.437499999999999778e-02,7.583333333332680581e+01,1.000000000000000036e-10,1.000000000000138961e-04,-1.705302565824239912e-18
2.583333333333333662e-02,4.437499999999999778e-02,7.416666666665990704e+01,1.000000000000000036e-10,1.000000000000130559e-04,-1.136868377216160005e-18
2.750000000000000014e-02,4.437499999999999778e-02,7.249999999999303668e+01,1.000000000000000036e-10,1.000000000000104944e-04,-1.136868377216160005e-18
2.916666666666666713e-02,4.437499999999999778e-02,7.083333333332622317e+01,1.000000000000000036e-10,1.000000000000087868e-04,-1.136868377216160005e-18
3.083333333333333412e-02,4.437499999999999778e-02,6.916666666665940966e+01,1.000000000000000036e-10,1.000000000000074993e-04,-1.705302565824239912e-18
3.250000000000000111e-02,4.437499999999999778e-02,6.749999999999263878e+01,1.000000000000000036e-10,1.000000000000070928e-04,-2.273736754432320010e-18
3.416666666666667157e-02,4.437499999999999778e-02,6.583333333332583948e+01,1.000000000000000036e-10,1.000000000000066591e-04,-5.684341886080800026e-19
3.583333333333333509e-02,4.437499999999999778e-02,6.416666666665908281e+01,1.000000000000000036e-10,1.000000000000038944e-04,-1.705302565824239912e-18
3.750000000000000555e-02,4.437499999999999778e-02,6.249999999999237588e+01,1.000000000000000036e-10,1.000000000000019699e-04,-1.136868377216160005e-18
3.916666666666666907e-02,4.437499999999999778e-02,6.083333333332568316e+01,1.000000000000000036e-10,1.000000000000013194e-04,-1.989519660128279961e-18
4.083333333333333259e-02,4.437499999999999778e-02,5.916666666665899754e+01,1.000000000000000036e-10,1.000000000000015362e-04,-1.705302565824239912e-18
4.250000000000000305e-02,4.437499999999999778e-02,5.749999999999229772e+01,1.000000000000000036e-10,1.000000000000006960e-04,0.000000000000000000e+00
4.416666666666666657e-02,4.437499999999999778e-02,5.583333333332564052e+01,1.000000000000000036e-10,9.999999999999813454e-05,-2.842170943040400013e-19
4.583333333333333703e-02,4.437499999999999778e-02,5.416666666665902596e+01,1.000000000000000036e-10,9.999999999999728073e-05,-0.000000000000000000e+00
4.750000000000000056e-02,4.437499999999999778e-02,5.249999999999239719e+01,1.000000000000000036e-10,9.999999999999728073e-05,-2.842170943040400013e-19
4.916666666666667102e-02,4.437499999999999778e-02,5.083333333332578263e+01,1.000000000000000036e-10,9.999999999999600680e-05,-8.526512829121200521e-19
5.083333333333333454e-02,4.437499999999999778e-02,4.916666666665919649e+01,1.000000000000000036e-10,9.999999999999557312e-05,-2.842170943040400013e-19
5.250000000000000500e-02,4.437499999999999778e-02,4.749999999999259614e+01,1.000000000000000036e-10,9.999999999999428563e-05,-8.526512829121199558e-19
5.416666666666666852e-02,4.437499999999999778e-02,4.583333333332605264e+01,1.000000000000000036e-10,9.999999999999257801e-05,-5.684341886080800026e-19
5.583333333333333898e-02,4.437499999999999778e-02,4.416666666665950913e+01,1.000000000000000036e-10,9.999999999999257801e-05,-8.526512829121199558e-19
5.750000000000000250e-02,4.437499999999999778e-02,4.249999999999296563e+01,1.000000000000000036e-10,9.999999999999194104e-05,-1.136868377216160005e-18
5.916666666666667296e-02,4.437499999999999778e-02,4.083333333332644344e+01,1.000000000000000036e-10,9.999999999999110078e-05,-8.526512829121199558e-19
6.083333333333333648e-02,4.437499999999999778e-02,3.916666666665992835e+01,1.000000000000000036e-10,9.999999999999066710e-05,-5.684341886080800026e-19
6.250000000000000000e-02,4.437499999999999778e-02,3.749999999999342037e+01,1.000000000000000036e-10,9.999999999999023342e-05,-0.000000000000000000e+00
6.416666666666667740e-02,4.437499999999999778e-02,3.583333333332691950e+01,1.000000000000000036e-10,9.999999999998917632e-05,8.526512829121199558e-19
6.583333333333334092e-02,4.437499999999999778e-02,3.416666666666044705e+01,1.000000000000000036e-10,9.999999999998746870e-05,5.684341886080800026e-19
6.750000000000000444e-02,4.437499999999999778e-02,3.249999999999400302e+01,1.000000000000000036e-10,9.999999999998576109e-05,5.684341886080800026e-19
6.916666666666666796e-02,4.437499999999999778e-02,3.083333333332758741e+01,1.000000000000000036e-10,9.999999999998481241e-05,4.263256414560600260e-19
7.083333333333333148e-02,4.437499999999999778e-02,2.916666666666117536e+01,1.000000000000000036e-10,9.999999999998481241e-05,1.421085471520200007e-19
7.250000000000000888e-02,4.437499999999999778e-02,2.749999999999475975e+01,1.000000000000000036e-10,9.999999999998481241e-05,-0.000000000000000000e+00
7.416666666666667240e-02,4.437499999999999778e-02,2.583333333332834769e+01,1.000000000000000036e-10,9.999999999998395860e-05,-4.263256414560599779e-19
7.583333333333333592e-02,4.437499999999999778e-02,2.416666666666196051e+01,1.000000000000000036e-10,9.999999999998277953e-05,-2.842170943040400013e-19
7.749999999999999944e-02,4.437499999999999778e-02,2.249999999999558753e+01,1.000000000000000036e-10,9.999999999998235940e-05,-5.684341886080800026e-19
7.916666666666667684e-02,4.437499999999999778e-02,2.083333333332921455e+01,1.000000000000000036e-10,9.999999999998204769e-05,-5.684341886080800026e-19
8.083333333333334036e-02,4.437499999999999778e-02,1.916666666666285224e+01,1.000000000000000036e-10,9.999999999998150559e-05,-2.842170943040400013e-19
8.250000000000000389e-02,4.437499999999999778e-02,1.749999999999649702e+01,1.000000000000000036e-10,9.999999999998123454e-05,-0.000000000000000000e+00
8.416666666666666741e-02,4.437499999999999778e-02,1.583333333333014359e+01,1.000000000000000036e-10,9.999999999998085507e-05,-1.421085471520200007e-19
8.583333333333334481e-02,4.437499999999999778e-02,1.416666666666380081e+01,1.000000000000000036e-10,9.999999999998039429e-05,7.105427357601000033e-20
8.750000000000000833e-02,4.437499999999999778e-02,1.249999999999746336e+01,1.000000000000000036e-10,9.999999999998023166e-05,0.000000000000000000e+00
8.916666666666667185e-02,4.437499999999999778e-02,1.083333333333112591e+01,1.000000000000000036e-10,9.999999999998023166e-05,-0.000000000000000000e+00
9.083333333333333537e-02,4.437499999999999778e-02,9.166666666664788465e+00,1.000000000000000036e-10,9.999999999997998771e-05,-7.105427357601000033e-20
9.250000000000001277e-02,4.437499999999999778e-02,7.499999999998459010e+00,1.000000000000000036e-10,9.999999999997968955e-05,-1.065814103640150065e-19
9.416666666666667629e-02,4.437499999999999778e-02,5.833333333332131332e+00,1.000000000000000036e-10,9.999999999997958113e-05,0.000000000000000000e+00
9.583333333333333981e-02,4.437499999999999778e-02,4.166666666665805430e+00,1.000000000000000036e-10,9.999999999997944561e-05,0.000000000000000000e+00
9.750000000000000333e-02,4.437499999999999778e-02,2.499999999999482192e+00,1.000000000000000036e-10,9.999999999997932364e-05,-3.552713678800500016e-20
9.916666666666666685e-02,4.437499999999999778e-02,8.333333333331602866e-01,1.000000000000000036e-10,9.999999999997925587e-05,-8.881784197001250041e-21
8.333333333333333868e-04,4.562499999999999889e-02,9.916666666666631613e+01,1.000000000000000036e-10,1.000000000000407708e-04,-5.684341886080800026e-19
2.500000000000000052e-03,4.562499999999999889e-02,9.749999999999899103e+01,1.000000000000000036e-10,1.000000000000377757e-04,-1.136868377216160005e-18
4.166666666666666609e-03,4.562499999999999889e-02,9.583333333333172277e+01,1.000000000000000036e-10,1.000000000000347941e-04,-1.136868377216160005e-18
5.833333333333333599e-03,4.562499999999999889e-02,9.416666666666449714e+01,1.000000000000000036e-10,1.000000000000322327e-04,-2.842170943040400109e-18
7.500000000000000590e-03,4.562499999999999889e-02,9.249999999999731415e+01,1.000000000000000036e-10,1.000000000000309588e-04,-3.410605131648479823e-18
9.166666666666666713e-03,4.562499999999999889e-02,9.083333333333013115e+01,1.000000000000000036e-10,1.000000000000305251e-04,-3.410605131648479823e-18
1.083333333333333370e-02,4.562499999999999889e-02,8.916666666666296237e+01,1.000000000000000036e-10,1.000000000000283973e-04,-2.842170943040400109e-18
1.250000000000000069e-02,4.562499999999999889e-02,8.749999999999585043e+01,1.000000000000000036e-10,1.000000000000267033e-04,-2.842170943040400109e-18
1.416666666666666768e-02,4.562499999999999889e-02,8.583333333332873849e+01,1.000000000000000036e-10,1.000000000000245620e-04,-2.273736754432320010e-18
1.583333333333333467e-02,4.562499999999999889e-02,8.416666666666169760e+01,1.000000000000000036e-10,1.000000000000228544e-04,-1.705302565824240104e-18
1.750000000000000167e-02,4.562499999999999889e-02,8.249999999999464251e+01,1.000000000000000036e-10,1.000000000000211603e-04,-3.410605131648480208e-18
1.916666666666666866e-02,4.562499999999999889e-02,8.083333333332765847e+01,1.000000000000000036e-10,1.000000000000185989e-04,-2.273736754432320010e-18
2.083333333333333565e-02,4.562499999999999889e-02,7.916666666666068863e+01,1.000000000000000036e-10,1.000000000000177451e-04,-1.705302565824239912e-18
2.250000000000000264e-02,4.562499999999999889e-02,7.749999999999373301e+01,1.000000000000000036e-10,1.000000000000156038e-04,-2.273736754432320010e-18
2.416666666666666963e-02,4.562499999999999889e-02,7.583333333332683424e+01,1.000000000000000036e-10,1.000000000000143298e-04,-2.273736754432320010e-18
2.583333333333333662e-02,4.562499999999999889e-02,7.416666666665992125e+01,1.000000000000000036e-10,1.000000000000130423e-04,-2.273736754432320010e-18
2.750000000000000014e-02,4.562499999999999889e-02,7.249999999999306510e+01,1.000000000000000036e-10,1.000000000000104809e-04,-2.273736754432320010e-18
2.916666666666666713e-02,4.562499999999999889e-02,7.083333333332623738e+01,1.000000000000000036e-10,1.000000000000088004e-04,-1.705302565824239912e-18
3.083333333333333412e-02,4.562499999999999889e-02,6.916666666665943808e+01,1.000000000000000036e-10,1.000000000000066591e-04,-2.273736754432320010e-18
3.250000000000000111e-02,4.562499999999999889e-02,6.749999999999268141e+01,1.000000000000000036e-10,1.000000000000075129e-04,-2.842170943040400109e-18
3.416666666666667157e-02,4.562499999999999889e-02,6.583333333332585369e+01,1.000000000000000036e-10,1.000000000000070928e-04,-2.842170943040400109e-18
3.583333333333333509e-02,4.562499999999999889e-02,6.416666666665911123e+01,1.000000000000000036e-10,1.000000000000036775e-04,-2.273736754432320010e-18
3.750000000000000555e-02,4.562499999999999889e-02,6.249999999999239719e+01,1.000000000000000036e-10,1.000000000000021732e-04,-1.421085471520200055e-18
3.916666666666666907e-02,4.562499999999999889e-02,6.083333333332570447e+01,1.000000000000000036e-10,1.000000000000015362e-04,-1.136868377216160005e-18
4.083333333333333259e-02,4.562499999999999889e-02,5.916666666665901175e+01,1.000000000000000036e-10,1.000000000000023900e-04,-1.136868377216160005e-18
4.250000000000000305e-02,4.562499999999999889e-02,5.749999999999229061e+01,1.000000000000000036e-10,1.000000000000006824e-04,-5.684341886080800989e-19
4.416666666666666657e-02,4.562499999999999889e-02,5.583333333332565473e+01,1.000000000000000036e-10,9.999999999999790415e-05,-8.526512829121199558e-19
4.583333333333333703e-02,4.562499999999999889e-02,5.416666666665902596e+01,1.000000000000000036e-10,9.999999999999770086e-05,-0.000000000000000000e+00
4.750000000000000056e-02,4.562499999999999889e-02,5.249999999999239719e+01,1.000000000000000036e-10,9.999999999999728073e-05,-0.000000000000000000e+00
4.916666666666667102e-02,4.562499999999999889e-02,5.083333333332578263e+01,1.000000000000000036e-10,9.999999999999622364e-05,-0.000000000000000000e+00
5.083333333333333454e-02,4.562499999999999889e-02,4.916666666665918939e+01,1.000000000000000036e-10,9.999999999999513943e-05,1.136868377216160005e-18
5.250000000000000500e-02,4.562499999999999889e-02,4.749999999999261036e+01,1.000000000000000036e-10,9.999999999999386550e-05,-5.684341886080800026e-19
5.416666666666666852e-02,4.562499999999999889e-02,4.583333333332605974e+01,1.000000000000000036e-10,9.999999999999279485e-05,-2.842170943040400013e-19
5.583333333333333898e-02,4.562499999999999889e-02,4.416666666665951624e+01,1.000000000000000036e-10,9.999999999999237472e-05,-5.684341886080800026e-19
5.750000000000000250e-02,4.562499999999999889e-02,4.249999999999297984e+01,1.000000000000000036e-10,9.999999999999194104e-05,-1.136868377216160005e-18
5.916666666666667296e-02,4.562499999999999889e-02,4.083333333332645054e+01,1.000000000000000036e-10,9.999999999999131762e-05,-8.526512829121199558e-19
6.083333333333333648e-02,4.562499999999999889e-02,3.916666666665993546e+01,1.000000000000000036e-10,9.999999999999088394e-05,-2.842170943040400013e-19
6.250000000000000000e-02,4.562499999999999889e-02,3.749999999999342037e+01,1.000000000000000036e-10,9.999999999999066710e-05,-0.000000000000000000e+00
6.416666666666667740e-02,4.562499999999999889e-02,3.583333333332691240e+01,1.000000000000000036e-10,9.999999999998917632e-05,2.842170943040400013e-19
6.583333333333334092e-02,4.562499999999999889e-02,3.416666666666044705e+01,1.000000000000000036e-10,9.999999999998746870e-05,8.526512829121200521e-19
6.750000000000000444e-02,4.562499999999999889e-02,3.249999999999399591e+01,1.000000000000000036e-10,9.999999999998608635e-05,8.526512829121199558e-19
6.916666666666666796e-02,4.562499999999999889e-02,3.083333333332757675e+01,1.000000000000000036e-10,9.999999999998481241e-05,4.263256414560600260e-19
7.083333333333333148e-02,4.562499999999999889e-02,2.916666666666116825e+01,1.000000000000000036e-10,9.999999999998448715e-05,1.421085471520200007e-19
7.250000000000000888e-02,4.562499999999999889e-02,2.749999999999475975e+01,1.000000000000000036e-10,9.999999999998437873e-05,-4.263256414560600260e-19
7.416666666666667240e-02,4.562499999999999889e-02,2.583333333332835480e+01,1.000000000000000036e-10,9.999999999998374176e-05,-5.684341886080800026e-19
7.583333333333333592e-02,4.562499999999999889e-02,2.416666666666196761e+01,1.000000000000000036e-10,9.999999999998277953e-05,-4.263256414560599779e-19
7.749999999999999944e-02,4.562499999999999889e-02,2.249999999999559464e+01,1.000000000000000036e-10,9.999999999998225098e-05,-2.842170943040400013e-19
7.916666666666667684e-02,4.562499999999999889e-02,2.083333333332922521e+01,1.000000000000000036e-10,9.999999999998214256e-05,-4.263256414560600260e-19
8.083333333333334036e-02,4.562499999999999889e-02,1.916666666666285579e+01,1.000000000000000036e-10,9.999999999998181730e-05,-2.842170943040400013e-19
8.250000000000000389e-02,4.562499999999999889e-02,1.749999999999649702e+01,1.000000000000000036e-10,9.999999999998128875e-05,-1.421085471520200007e-19
8.416666666666666741e-02,4.562499999999999889e-02,1.583333333333014536e+01,1.000000000000000036e-10,9.999999999998085507e-05,-6.394884621840900150e-19
8.583333333333334481e-02,4.562499999999999889e-02,1.416666666666380081e+01,1.000000000000000036e-10,9.999999999998048915e-05,-1.421085471520200007e-19
8.750000000000000833e-02,4.562499999999999889e-02,1.249999999999746159e+01,1.000000000000000036e-10,9.999999999998021810e-05,1.421085471520200007e-19
8.916666666666667185e-02,4.562499999999999889e-02,1.083333333333112591e+01,1.000000000000000036e-10,9.999999999998010968e-05,7.105427357601000033e-20
9.083333333333333537e-02,4.562499999999999889e-02,9.166666666664790242e+00,1.000000000000000036e-10,9.999999999997998771e-05,0.000000000000000000e+00
9.250000000000001277e-02,4.562499999999999889e-02,7.499999999998459010e+00,1.000000000000000036e-10,9.999999999997977087e-05,-0.000000000000000000e+00
9.416666666666667629e-02,4.562499999999999889e-02,5.833333333332130444e+00,1.000000000000000036e-10,9.999999999997955403e-05,-7.105427357601001236e-20
9.583333333333333981e-02,4.562499999999999889e-02,4.166666666665806318e+00,1.000000000000000036e-10,9.999999999997939140e-05,-1.065814103640149945e-19
9.750000000000000333e-02,4.562499999999999889e-02,2.499999999999483080e+00,1.000000000000000036e-10,9.999999999997933719e-05,-5.329070518200749723e-20
9.916666666666666685e-02,4.562499999999999889e-02,8.333333333331607307e-01,1.000000000000000036e-10,9.999999999997929653e-05,-2.220446049250312585e-20
8.333333333333333868e-04,4.687500000000000000e-02,9.916666666666631613e+01,1.000000000000000036e-10,1.000000000000403507e-04,-0.000000000000000000e+00
2.500000000000000052e-03,4.687500000000000000e-02,9.749999999999900524e+01,1.000000000000000036e-10,1.000000000000373420e-04,-5.684341886080800026e-19
4.166666666666666609e-03,4.687500000000000000e-02,9.583333333333173698e+01,1.000000000000000036e-10,1.000000000000335202e-04,-1.136868377216160005e-18
5.833333333333333599e-03,4.687500000000000000e-02,9.416666666666455399e+01,1.000000000000000036e-10,1.000000000000309588e-04,-1.705302565824239912e-18
7.500000000000000590e-03,4.687500000000000000e-02,9.249999999999737099e+01,1.000000000000000036e-10,1.000000000000309588e-04,-3.410605131648479823e-18
9.166666666666666713e-03,4.687500000000000000e-02,9.083333333333018800e+01,1.000000000000000036e-10,1.000000000000309588e-04,-3.979039320256559922e-18
1.083333333333333370e-02,4.687500000000000000e-02,8.916666666666300500e+01,1.000000000000000036e-10,1.000000000000292511e-04,-2.842170943040400109e-18
1.250000000000000069e-02,4.687500000000000000e-02,8.749999999999587885e+01,1.000000000000000036e-10,1.000000000000271234e-04,-1.705302565824239912e-18
1.416666666666666768e-02,4.687500000000000000e-02,8.583333333332876691e+01,1.000000000000000036e-10,1.000000000000254158e-04,-3.410605131648479823e-18
1.583333333333333467e-02,4.687500000000000000e-02,8.416666666666169760e+01,1.000000000000000036e-10,1.000000000000224342e-04,-2.273736754432320010e-18
1.750000000000000167e-02,4.687500000000000000e-02,8.249999999999468514e+01,1.000000000000000036e-10,1.000000000000202929e-04,-3.979039320256559922e-18
1.916666666666666866e-02,4.687500000000000000e-02,8.083333333332768689e+01,1.000000000000000036e-10,1.000000000000190190e-04,-2.273736754432320010e-18
2.083333333333333565e-02,4.687500000000000000e-02,7.916666666666071706e+01,1.000000000000000036e-10,1.000000000000177451e-04,-1.136868377216160005e-18
2.250000000000000264e-02,4.687500000000000000e-02,7.749999999999376143e+01,1.000000000000000036e-10,1.000000000000156038e-04,-2.273736754432320010e-18
2.416666666666666963e-02,4.687500000000000000e-02,7.583333333332686266e+01,1.000000000000000036e-10,1.000000000000138961e-04,-2.273736754432320010e-18
2.583333333333333662e-02,4.687500000000000000e-02,7.416666666665996388e+01,1.000000000000000036e-10,1.000000000000130559e-04,-2.273736754432320010e-18
2.750000000000000014e-02,4.687500000000000000e-02,7.249999999999309352e+01,1.000000000000000036e-10,1.000000000000109146e-04,-1.705302565824239912e-18
2.916666666666666713e-02,4.687500000000000000e-02,7.083333333332626580e+01,1.000000000000000036e-10,1.000000000000088004e-04,-1.136868377216160005e-18
3.083333333333333412e-02,4.687500000000000000e-02,6.916666666665946650e+01,1.000000000000000036e-10,1.000000000000066591e-04,-2.273736754432320010e-18
3.250000000000000111e-02,4.687500000000000000e-02,6.749999999999270983e+01,1.000000000000000036e-10,1.000000000000066591e-04,-2.842170943040400109e-18
3.416666666666667157e-02,4.687500000000000000e-02,6.583333333332591053e+01,1.000000000000000036e-10,1.000000000000070928e-04,-3.410605131648479823e-18
3.583333333333333509e-02,4.687500000000000000e-02,6.416666666665913965e+01,1.000000000000000036e-10,1.000000000000049515e-04,-1.705302565824239912e-18
3.750000000000000555e-02,4.687500000000000000e-02,6.249999999999241140e+01,1.000000000000000036e-10,1.000000000000028102e-04,-5.684341886080800026e-19
3.916666666666666907e-02,4.687500000000000000e-02,6.083333333332571158e+01,1.000000000000000036e-10,1.000000000000015362e-04,-8.526512829121199558e-19
4.083333333333333259e-02,4.687500000000000000e-02,5.916666666665902596e+01,1.000000000000000036e-10,1.000000000000019699e-04,-1.136868377216160005e-18
4.250000000000000305e-02,4.687500000000000000e-02,5.749999999999231193e+01,1.000000000000000036e-10,1.000000000000008993e-04,-1.989519660128279961e-18
4.416666666666666657e-02,4.687500000000000000e-02,5.583333333332566184e+01,1.000000000000000036e-10,9.999999999999855467e-05,-5.684341886080800026e-19
4.583333333333333703e-02,4.687500000000000000e-02,5.416666666665902596e+01,1.000000000000000036e-10,9.999999999999790415e-05,-0.000000000000000000e+00
4.750000000000000056e-02,4.687500000000000000e-02,5.249999999999239719e+01,1.000000000000000036e-10,9.999999999999728073e-05,-5.684341886080800026e-19
4.916666666666667102e-02,4.687500000000000000e-02,5.083333333332578263e+01,1.000000000000000036e-10,9.999999999999686061e-05,-8.526512829121200521e-19
5.083333333333333454e-02,4.687500000000000000e-02,4.916666666665916807e+01,1.000000000000000036e-10,9.999999999999515299e-05,2.842170943040400495e-19
5.250000000000000500e-02,4.687500000000000000e-02,4.749999999999261036e+01,1.000000000000000036e-10,9.999999999999322853e-05,-2.842170943040400013e-19
5.416666666666666852e-02,4.687500000000000000e-02,4.583333333332605974e+01,1.000000000000000036e-10,9.999999999999259156e-05,-0.000000000000000000e+00
5.583333333333333898e-02,4.687500000000000000e-02,4.416666666665952334e+01,1.000000000000000036e-10,9.999999999999194104e-05,-5.684341886080800026e-19
5.750000000000000250e-02,4.687500000000000000e-02,4.249999999999299405e+01,1.000000000000000036e-10,9.999999999999173775e-05,-8.526512829121199558e-19
5.916666666666667296e-02,4.687500000000000000e-02,4.083333333332646475e+01,1.000000000000000036e-10,9.999999999999173775e-05,-8.526512829121199558e-19
6.083333333333333648e-02,4.687500000000000000e-02,3.916666666665993546e+01,1.000000000000000036e-10,9.999999999999131762e-05,-2.842170943040400013e-19
6.250000000000000000e-02,4.687500000000000000e-02,3.749999999999342037e+01,1.000000000000000036e-10,9.999999999999066710e-05,-0.000000000000000000e+00
6.416666666666667740e-02,4.687500000000000000e-02,3.583333333332691240e+01,1.000000000000000036e-10,9.999999999998979974e-05,-8.526512829121200521e-19
6.583333333333334092e-02,4.687500000000000000e-02,3.416666666666042573e+01,1.000000000000000036e-10,9.999999999998788883e-05,2.842170943040400495e-19
6.750000000000000444e-02,4.687500000000000000e-02,3.249999999999398170e+01,1.000000000000000036e-10,9.999999999998543583e-05,-5.684341886080800026e-19
6.916666666666666796e-02,4.687500000000000000e-02,3.083333333332757675e+01,1.000000000000000036e-10,9.999999999998427031e-05,-4.263256414560600260e-19
7.083333333333333148e-02,4.687500000000000000e-02,2.916666666666117180e+01,1.000000000000000036e-10,9.999999999998416189e-05,-1.421085471520200007e-19
7.250000000000000888e-02,4.687500000000000000e-02,2.749999999999477041e+01,1.000000000000000036e-10,9.999999999998427031e-05,-7.105427357601000273e-19
7.416666666666667240e-02,4.687500000000000000e-02,2.583333333332836190e+01,1.000000000000000036e-10,9.999999999998394505e-05,-8.526512829121199558e-19
7.583333333333333592e-02,4.687500000000000000e-02,2.416666666666197116e+01,1.000000000000000036e-10,9.999999999998299637e-05,-5.684341886080800026e-19
7.749999999999999944e-02,4.687500000000000000e-02,2.249999999999559464e+01,1.000000000000000036e-10,9.999999999998234585e-05,-2.842170943040400013e-19
7.916666666666667684e-02,4.687500000000000000e-02,2.083333333332922521e+01,1.000000000000000036e-10,9.999999999998203414e-05,-0.000000000000000000e+00
8.083333333333334036e-02,4.687500000000000000e-02,1.916666666666285934e+01,1.000000000000000036e-10,9.999999999998170888e-05,-4.263256414560599779e-19
8.250000000000000389e-02,4.687500000000000000e-02,1.749999999999650058e+01,1.000000000000000036e-10,9.999999999998096349e-05,-2.842170943040400013e-19
8.416666666666666741e-02,4.687500000000000000e-02,1.583333333333015958e+01,1.000000000000000036e-10,9.999999999998085507e-05,-6.394884621840900150e-19
8.583333333333334481e-02,4.687500000000000000e-02,1.416666666666380436e+01,1.000000000000000036e-10,9.999999999998096349e-05,-2.842170943040400013e-19
8.750000000000000833e-02,4.687500000000000000e-02,1.249999999999745981e+01,1.000000000000000036e-10,9.999999999998038073e-05,0.000000000000000000e+00
8.916666666666667185e-02,4.687500000000000000e-02,1.083333333333112414e+01,1.000000000000000036e-10,9.999999999998010968e-05,7.105427357601000033e-20
9.083333333333333537e-02,4.687500000000000000e-02,9.166666666664788465e+00,1.000000000000000036e-10,9.999999999997993350e-05,7.105427357601000033e-20
9.250000000000001277e-02,4.687500000000000000e-02,7.499999999998459010e+00,1.000000000000000036e-10,9.999999999997963534e-05,-3.552713678800500016e-20
9.416666666666667629e-02,4.687500000000000000e-02,5.833333333332133108e+00,1.000000000000000036e-10,9.999999999997949982e-05,-1.065814103640150065e-19
9.583333333333333981e-02,4.687500000000000000e-02,4.166666666665808094e+00,1.000000000000000036e-10,9.999999999997947271e-05,-7.105427357601000033e-20
9.750000000000000333e-02,4.687500000000000000e-02,2.499999999999483524e+00,1.000000000000000036e-10,9.999999999997939140e-05,-1.776356839400250008e-20
9.916666666666666685e-02,4.687500000000000000e-02,8.333333333331608417e-01,1.000000000000000036e-10,9.999999999997931008e-05,-4.440892098500625020e-21
8.333333333333333868e-04,4.812500000000000111e-02,9.916666666666631613e+01,1.000000000000000036e-10,1.000000000000403507e-04,-5.684341886080800026e-19
2.500000000000000052e-03,4.812500000000000111e-02,9.749999999999900524e+01,1.000000000000000036e-10,1.000000000000369354e-04,-5.684341886080800026e-19
4.166666666666666609e-03,4.812500000000000111e-02,9.583333333333175119e+01,1.000000000000000036e-10,1.000000000000339539e-04,-1.136868377216160005e-18
5.833333333333333599e-03,4.812500000000000111e-02,9.416666666666453978e+01,1.000000000000000036e-10,1.000000000000305386e-04,-1.136868377216160198e-18
7.500000000000000590e-03,4.812500000000000111e-02,9.249999999999739941e+01,1.000000000000000036e-10,1.000000000000292376e-04,-1.705302565824239912e-18
9.166666666666666713e-03,4.812500000000000111e-02,9.083333333333023063e+01,1.000000000000000036e-10,1.000000000000309452e-04,-2.842170943040400109e-18
1.083333333333333370e-02,4.812500000000000111e-02,8.916666666666303342e+01,1.000000000000000036e-10,1.000000000000301050e-04,-2.842170943040400109e-18
1.250000000000000069e-02,4.812500000000000111e-02,8.749999999999589306e+01,1.000000000000000036e-10,1.000000000000262696e-04,-2.273736754432320010e-18
1.416666666666666768e-02,4.812500000000000111e-02,8.583333333332882376e+01,1.000000000000000036e-10,1.000000000000241418e-04,-2.273736754432320010e-18
1.583333333333333467e-02,4.812500000000000111e-02,8.416666666666175445e+01,1.000000000000000036e-10,1.000000000000224342e-04,-3.410605131648479823e-18
1.750000000000000167e-02,4.812500000000000111e-02,8.249999999999474198e+01,1.000000000000000036e-10,1.000000000000211603e-04,-2.273736754432320010e-18
1.916666666666666866e-02,4.812500000000000111e-02,8.083333333332771531e+01,1.000000000000000036e-10,1.000000000000207266e-04,-2.273736754432320010e-18
2.083333333333333565e-02,4.812500000000000111e-02,7.916666666666071706e+01,1.000000000000000036e-10,1.000000000000177451e-04,-5.684341886080800026e-19
2.250000000000000264e-02,4.812500000000000111e-02,7.749999999999378986e+01,1.000000000000000036e-10,1.000000000000147635e-04,-1.136868377216160005e-18
2.416666666666666963e-02,4.812500000000000111e-02,7.583333333332689108e+01,1.000000000000000036e-10,1.000000000000143298e-04,-5.684341886080800026e-19
2.583333333333333662e-02,4.812500000000000111e-02,7.416666666665997809e+01,1.000000000000000036e-10,1.000000000000134760e-04,-5.684341886080800026e-19
2.750000000000000014e-02,4.812500000000000111e-02,7.249999999999310774e+01,1.000000000000000036e-10,1.000000000000113483e-04,-1.705302565824239912e-18
2.916666666666666713e-02,4.812500000000000111e-02,7.083333333332626580e+01,1.000000000000000036e-10,1.000000000000083667e-04,-1.136868377216160005e-18
3.083333333333333412e-02,4.812500000000000111e-02,6.916666666665949492e+01,1.000000000000000036e-10,1.000000000000053851e-04,-1.136868377216160005e-18
3.250000000000000111e-02,4.812500000000000111e-02,6.749999999999275246e+01,1.000000000000000036e-10,1.000000000000066591e-04,-5.684341886080800989e-19
3.416666666666667157e-02,4.812500000000000111e-02,6.583333333332593895e+01,1.000000000000000036e-10,1.000000000000079330e-04,-1.705302565824239912e-18
3.583333333333333509e-02,4.812500000000000111e-02,6.416666666665915386e+01,1.000000000000000036e-10,1.000000000000058053e-04,-1.705302565824239912e-18
3.750000000000000555e-02,4.812500000000000111e-02,6.249999999999241140e+01,1.000000000000000036e-10,1.000000000000028237e-04,-8.526512829121200521e-19
3.916666666666666907e-02,4.812500000000000111e-02,6.083333333332572579e+01,1.000000000000000036e-10,1.000000000000011161e-04,-2.842170943040400013e-19
4.083333333333333259e-02,4.812500000000000111e-02,5.916666666665904017e+01,1.000000000000000036e-10,1.000000000000015362e-04,0.000000000000000000e+00
4.250000000000000305e-02,4.812500000000000111e-02,5.749999999999234035e+01,1.000000000000000036e-10,1.000000000000011025e-04,-1.705302565824239912e-18
4.416666666666666657e-02,4.812500000000000111e-02,5.583333333332566895e+01,1.000000000000000036e-10,9.999999999999939493e-05,-8.526512829121199558e-19
4.583333333333333703e-02,4.812500000000000111e-02,5.416666666665902596e+01,1.000000000000000036e-10,9.999999999999771442e-05,-2.842170943040400013e-19
4.750000000000000056e-02,4.812500000000000111e-02,5.249999999999241140e+01,1.000000000000000036e-10,9.999999999999664377e-05,-5.684341886080800026e-19
4.916666666666667102e-02,4.812500000000000111e-02,5.083333333332580395e+01,1.000000000000000036e-10,9.999999999999684705e-05,-1.136868377216160005e-18
5.083333333333333454e-02,4.812500000000000111e-02,4.916666666665918228e+01,1.000000000000000036e-10,9.999999999999557312e-05,-1.421085471520200055e-18
5.250000000000000500e-02,4.812500000000000111e-02,4.749999999999261746e+01,1.000000000000000036e-10,9.999999999999364866e-05,-8.526512829121199558e-19
5.416666666666666852e-02,4.812500000000000111e-02,4.583333333332605974e+01,1.000000000000000036e-10,9.999999999999259156e-05,-5.684341886080800026e-19
5.583333333333333898e-02,4.812500000000000111e-02,4.416666666665953045e+01,1.000000000000000036e-10,9.999999999999173775e-05,-2.842170943040400013e-19
5.750000000000000250e-02,4.812500000000000111e-02,4.249999999999300115e+01,1.000000000000000036e-10,9.999999999999173775e-05,-5.684341886080800026e-19
5.916666666666667296e-02,4.812500000000000111e-02,4.083333333332647186e+01,1.000000000000000036e-10,9.999999999999173775e-05,-5.684341886080800026e-19
6.083333333333333648e-02,4.812500000000000111e-02,3.916666666665994256e+01,1.000000000000000036e-10,9.999999999999153446e-05,-5.684341886080800026e-19
6.250000000000000000e-02,4.812500000000000111e-02,3.749999999999342037e+01,1.000000000000000036e-10,9.999999999999023342e-05,-2.842170943040400013e-19
6.416666666666667740e-02,4.812500000000000111e-02,3.583333333332693371e+01,1.000000000000000036e-10,9.999999999998937961e-05,-5.684341886080800989e-19
6.583333333333334092e-02,4.812500000000000111e-02,3.416666666666043994e+01,1.000000000000000036e-10,9.999999999998768554e-05,-5.684341886080800026e-19
6.750000000000000444e-02,4.812500000000000111e-02,3.249999999999401012e+01,1.000000000000000036e-10,9.999999999998555780e-05,-1.989519660128279961e-18
6.916666666666666796e-02,4.812500000000000111e-02,3.083333333332758741e+01,1.000000000000000036e-10,9.999999999998512412e-05,-9.947598300641399805e-19
7.083333333333333148e-02,4.812500000000000111e-02,2.916666666666117180e+01,1.000000000000000036e-10,9.999999999998427031e-05,-2.842170943040400013e-19
7.250000000000000888e-02,4.812500000000000111e-02,2.749999999999477751e+01,1.000000000000000036e-10,9.999999999998383663e-05,-1.421085471520200007e-19
7.416666666666667240e-02,4.812500000000000111e-02,2.583333333332837611e+01,1.000000000000000036e-10,9.999999999998383663e-05,-7.105427357601000273e-19
7.583333333333333592e-02,4.812500000000000111e-02,2.416666666666198182e+01,1.000000000000000036e-10,9.999999999998319966e-05,-5.684341886080800026e-19
7.749999999999999944e-02,4.812500000000000111e-02,2.249999999999560174e+01,1.000000000000000036e-10,9.999999999998267111e-05,-5.684341886080800026e-19
7.916666666666667684e-02,4.812500000000000111e-02,2.083333333332922521e+01,1.000000000000000036e-10,9.999999999998202059e-05,-1.421085471520200007e-19
8.083333333333334036e-02,4.812500000000000111e-02,1.916666666666286645e+01,1.000000000000000036e-10,9.999999999998161401e-05,-1.421085471520200007e-19
8.250000000000000389e-02,4.812500000000000111e-02,1.749999999999650413e+01,1.000000000000000036e-10,9.999999999998112612e-05,-1.421085471520200007e-19
8.416666666666666741e-02,4.812500000000000111e-02,1.583333333333016135e+01,1.000000000000000036e-10,9.999999999998085507e-05,-7.105427357601000033e-20
8.583333333333334481e-02,4.812500000000000111e-02,1.416666666666380792e+01,1.000000000000000036e-10,9.999999999998096349e-05,-2.842170943040400013e-19
8.750000000000000833e-02,4.812500000000000111e-02,1.249999999999746159e+01,1.000000000000000036e-10,9.999999999998048915e-05,-1.421085471520200007e-19
8.916666666666667185e-02,4.812500000000000111e-02,1.083333333333112414e+01,1.000000000000000036e-10,9.999999999998017744e-05,-0.000000000000000000e+00
9.083333333333333537e-02,4.812500000000000111e-02,9.166666666664788465e+00,1.000000000000000036e-10,9.999999999997990639e-05,-1.421085471520200007e-19
9.250000000000001277e-02,4.812500000000000111e-02,7.499999999998459899e+00,1.000000000000000036e-10,9.999999999997963534e-05,-1.421085471520200007e-19
9.416666666666667629e-02,4.812500000000000111e-02,5.833333333332133108e+00,1.000000000000000036e-10,9.999999999997952692e-05,-7.105427357601000033e-20
9.583333333333333981e-02,4.812500000000000111e-02,4.166666666665808094e+00,1.000000000000000036e-10,9.999999999997947271e-05,-0.000000000000000000e+00
9.750000000000000333e-02,4.812500000000000111e-02,2.499999999999483524e+00,1.000000000000000036e-10,9.999999999997939140e-05,-1.776356839400250008e-20
9.916666666666666685e-02,4.812500000000000111e-02,8.333333333331608417e-01,1.000000000000000036e-10,9.999999999997931008e-05,-8.881784197001250041e-21
8.333333333333333868e-04,4.937500000000000222e-02,9.916666666666633034e+01,1.000000000000000036e-10,1.000000000000394833e-04,-5.684341886080800026e-19
2.500000000000000052e-03,4.937500000000000222e-02,9.749999999999901945e+01,1.000000000000000036e-10,1.000000000000369354e-04,-5.684341886080800026e-19
4.166666666666666609e-03,4.937500000000000222e-02,9.583333333333176540e+01,1.000000000000000036e-10,1.000000000000330865e-04,-5.684341886080800026e-19
5.833333333333333599e-03,4.937500000000000222e-02,9.416666666666458241e+01,1.000000000000000036e-10,1.000000000000305251e-04,-1.705302565824240104e-18
7.500000000000000590e-03,4.937500000000000222e-02,9.249999999999741362e+01,1.000000000000000036e-10,1.000000000000296713e-04,-5.684341886080800026e-19
9.166666666666666713e-03,4.937500000000000222e-02,9.083333333333025905e+01,1.000000000000000036e-10,1.000000000000301050e-04,-1.136868377216160005e-18
1.083333333333333370e-02,4.937500000000000222e-02,8.916666666666307606e+01,1.000000000000000036e-10,1.000000000000296713e-04,-1.705302565824240104e-18
1.250000000000000069e-02,4.937500000000000222e-02,8.749999999999593570e+01,1.000000000000000036e-10,1.000000000000275571e-04,-1.705302565824240104e-18
1.416666666666666768e-02,4.937500000000000222e-02,8.583333333332882376e+01,1.000000000000000036e-10,1.000000000000245620e-04,0.000000000000000000e+00
1.583333333333333467e-02,4.937500000000000222e-02,8.416666666666178287e+01,1.000000000000000036e-10,1.000000000000224207e-04,-1.136868377216160005e-18
1.750000000000000167e-02,4.937500000000000222e-02,8.249999999999474198e+01,1.000000000000000036e-10,1.000000000000211467e-04,0.000000000000000000e+00
1.916666666666666866e-02,4.937500000000000222e-02,8.083333333332774373e+01,1.000000000000000036e-10,1.000000000000202929e-04,-1.136868377216160005e-18
2.083333333333333565e-02,4.937500000000000222e-02,7.916666666666073127e+01,1.000000000000000036e-10,1.000000000000185853e-04,-5.684341886080800026e-19
2.250000000000000264e-02,4.937500000000000222e-02,7.749999999999378986e+01,1.000000000000000036e-10,1.000000000000156038e-04,0.000000000000000000e+00
2.416666666666666963e-02,4.937500000000000222e-02,7.583333333332687687e+01,1.000000000000000036e-10,1.000000000000143298e-04,5.684341886080800026e-19
2.583333333333333662e-02,4.937500000000000222e-02,7.416666666665997809e+01,1.000000000000000036e-10,1.000000000000121885e-04,0.000000000000000000e+00
2.750000000000000014e-02,4.937500000000000222e-02,7.249999999999313616e+01,1.000000000000000036e-10,1.000000000000104944e-04,-1.136868377216160005e-18
2.916666666666666713e-02,4.937500000000000222e-02,7.083333333332629422e+01,1.000000000000000036e-10,1.000000000000092205e-04,-1.136868377216160005e-18
3.083333333333333412e-02,4.937500000000000222e-02,6.916666666665949492e+01,1.000000000000000036e-10,1.000000000000070928e-04,0.000000000000000000e+00
3.250000000000000111e-02,4.937500000000000222e-02,6.749999999999272404e+01,1.000000000000000036e-10,1.000000000000062254e-04,1.136868377216160005e-18
3.416666666666667157e-02,4.937500000000000222e-02,6.583333333332595316e+01,1.000000000000000036e-10,1.000000000000062254e-04,-5.684341886080800026e-19
3.583333333333333509e-02,4.937500000000000222e-02,6.416666666665918228e+01,1.000000000000000036e-10,1.000000000000055884e-04,-1.136868377216160005e-18
3.750000000000000555e-02,4.937500000000000222e-02,6.249999999999243272e+01,1.000000000000000036e-10,1.000000000000038808e-04,-8.526512829121200521e-19
3.916666666666666907e-02,4.937500000000000222e-02,6.083333333332571868e+01,1.000000000000000036e-10,1.000000000000021732e-04,2.842170943040400013e-19
4.083333333333333259e-02,4.937500000000000222e-02,5.916666666665902596e+01,1.000000000000000036e-10,1.000000000000008857e-04,5.684341886080800026e-19
4.250000000000000305e-02,4.937500000000000222e-02,5.749999999999235456e+01,1.000000000000000036e-10,1.000000000000002487e-04,-5.684341886080800026e-19
4.416666666666666657e-02,4.937500000000000222e-02,5.583333333332568316e+01,1.000000000000000036e-10,9.999999999999961177e-05,-5.684341886080800026e-19
4.583333333333333703e-02,4.937500000000000222e-02,5.416666666665903307e+01,1.000000000000000036e-10,9.999999999999812099e-05,-2.842170943040400013e-19
4.750000000000000056e-02,4.937500000000000222e-02,5.249999999999241140e+01,1.000000000000000036e-10,9.999999999999663021e-05,0.000000000000000000e+00
4.916666666666667102e-02,4.937500000000000222e-02,5.083333333332581105e+01,1.000000000000000036e-10,9.999999999999621008e-05,-2.842170943040400013e-19
5.083333333333333454e-02,4.937500000000000222e-02,4.916666666665920360e+01,1.000000000000000036e-10,9.999999999999535628e-05,-8.526512829121200521e-19
5.250000000000000500e-02,4.937500000000000222e-02,4.749999999999263167e+01,1.000000000000000036e-10,9.999999999999386550e-05,-5.684341886080800026e-19
5.416666666666666852e-02,4.937500000000000222e-02,4.583333333332607396e+01,1.000000000000000036e-10,9.999999999999301169e-05,-5.684341886080800026e-19
5.583333333333333898e-02,4.937500000000000222e-02,4.416666666665953045e+01,1.000000000000000036e-10,9.999999999999194104e-05,0.000000000000000000e+00
5.750000000000000250e-02,4.937500000000000222e-02,4.249999999999300826e+01,1.000000000000000036e-10,9.999999999999153446e-05,-2.842170943040400013e-19
5.916666666666667296e-02,4.937500000000000222e-02,4.083333333332647896e+01,1.000000000000000036e-10,9.999999999999173775e-05,-2.842170943040400013e-19
6.083333333333333648e-02,4.937500000000000222e-02,3.916666666665994967e+01,1.000000000000000036e-10,9.999999999999153446e-05,-2.842170943040400013e-19
6.250000000000000000e-02,4.937500000000000222e-02,3.749999999999342748e+01,1.000000000000000036e-10,9.999999999999066710e-05,-2.842170943040400013e-19
6.416666666666667740e-02,4.937500000000000222e-02,3.583333333332692661e+01,1.000000000000000036e-10,9.999999999998959645e-05,2.842170943040400013e-19
6.583333333333334092e-02,4.937500000000000222e-02,3.416666666666043994e+01,1.000000000000000036e-10,9.999999999998681818e-05,0.000000000000000000e+00
6.750000000000000444e-02,4.937500000000000222e-02,3.249999999999403144e+01,1.000000000000000036e-10,9.999999999998513767e-05,-8.526512829121200521e-19
6.916666666666666796e-02,4.937500000000000222e-02,3.083333333332760162e+01,1.000000000000000036e-10,9.999999999998555780e-05,-5.684341886080800026e-19
7.083333333333333148e-02,4.937500000000000222e-02,2.916666666666117891e+01,1.000000000000000036e-10,9.999999999998481241e-05,-2.842170943040400013e-19
7.250000000000000888e-02,4.937500000000000222e-02,2.749999999999477396e+01,1.000000000000000036e-10,9.999999999998394505e-05,1.421085471520200007e-19
7.416666666666667240e-02,4.937500000000000222e-02,2.583333333332837967e+01,1.000000000000000036e-10,9.999999999998361979e-05,-1.421085471520200007e-19
7.583333333333333592e-02,4.937500000000000222e-02,2.416666666666198537e+01,1.000000000000000036e-10,9.999999999998309124e-05,-1.421085471520200007e-19
7.749999999999999944e-02,4.937500000000000222e-02,2.249999999999560885e+01,1.000000000000000036e-10,9.999999999998267111e-05,-2.842170943040400013e-19
7.916666666666667684e-02,4.937500000000000222e-02,2.083333333332922876e+01,1.000000000000000036e-10,9.999999999998234585e-05,-1.421085471520200007e-19
8.083333333333334036e-02,4.937500000000000222e-02,1.916666666666286289e+01,1.000000000000000036e-10,9.999999999998170888e-05,1.421085471520200007e-19
8.250000000000000389e-02,4.937500000000000222e-02,1.749999999999650413e+01,1.000000000000000036e-10,9.999999999998101770e-05,0.000000000000000000e+00
8.416666666666666741e-02,4.937500000000000222e-02,1.583333333333016135e+01,1.000000000000000036e-10,9.999999999998076020e-05,0.000000000000000000e+00
8.583333333333334481e-02,4.937500000000000222e-02,1.416666666666381147e+01,1.000000000000000036e-10,9.999999999998092283e-05,-1.421085471520200007e-19
8.750000000000000833e-02,4.937500000000000222e-02,1.249999999999746336e+01,1.000000000000000036e-10,9.999999999998059757e-05,-7.105427357601000033e-20
8.916666666666667185e-02,4.937500000000000222e-02,1.083333333333112414e+01,1.000000000000000036e-10,9.999999999998012323e-05,0.000000000000000000e+00
9.083333333333333537e-02,4.937500000000000222e-02,9.166666666664792018e+00,1.000000000000000036e-10,9.999999999997982508e-05,-1.421085471520200007e-19
9.250000000000001277e-02,4.937500000000000222e-02,7.499999999998462563e+00,1.000000000000000036e-10,9.999999999997968955e-05,-1.065814103640150065e-19
9.416666666666667629e-02,4.937500000000000222e-02,5.833333333332134885e+00,1.000000000000000036e-10,9.999999999997960824e-05,-7.105427357601000033e-20
9.583333333333333981e-02,4.937500000000000222e-02,4.166666666665808094e+00,1.000000000000000036e-10,9.999999999997949982e-05,0.000000000000000000e+00
9.750000000000000333e-02,4.937500000000000222e-02,2.499999999999483968e+00,1.000000000000000036e-10,9.999999999997937785e-05,-1.776356839400250008e-20
9.916666666666666685e-02,4.937500000000000222e-02,8.333333333331610637e-01,1.000000000000000036e-10,9.999999999997933719e-05,-8.881784197001250041e-21
